n_id,n_val,n_test,pos_rate_val,pos_rate_test,overlap,class_balance_gap
1800,901,899,0.5049944506104328,0.5050055617352615,0,1.1111124828655505e-05
