n_id,n_val,n_test,pos_rate_val,pos_rate_test,overlap,class_balance_gap
1000,501,499,0.5029940119760479,0.503006012024048,0,1.2000048000171404e-05
