n_id,n_val,n_test,pos_rate_val,pos_rate_test,overlap,class_balance_gap
1000,501,499,0.4870259481037924,0.48697394789579157,0,5.200020800083527e-05
