n_id,n_val,n_test,pos_rate_val,pos_rate_test,overlap,class_balance_gap
1000,501,499,0.48902195608782434,0.48897795591182364,0,4.4000176000702496e-05
