family,model,dim,cfg,kernel,split,regularization,c_selected,c_cv_score,fit_seconds,accuracy,balanced_accuracy,f1_macro,f1_pos,roc_auc,pr_auc,feature_policy,n_input_features,n_retained_features,n_removed_features,removed_features,id_split_hash_salt
classical_ext,svc,4,linear__svc__d4,linear,id_val,fixed_c1,1.0,,0.006001710891723633,0.8565737051792829,0.8453024453024454,0.8508910891089109,0.88,0.8669884169884169,0.8421922527903857,port_protocol_service_ablation,88,74,14,src_port|dst_port|proto_icmp|proto_tcp|proto_udp|service|service_dce_rpc|service_dns|service_ftp|service_gssapi|service_http|service_smb|service_smb_gssapi|service_ssl,ksf-v4-idsplit::
classical_ext,svc,4,linear__svc__d4,linear,id_test,fixed_c1,1.0,,0.006001710891723633,0.8995983935742972,0.8920536298234141,0.8966582001095672,0.9140893470790378,0.9100719424460432,0.8849038013093434,port_protocol_service_ablation,88,74,14,src_port|dst_port|proto_icmp|proto_tcp|proto_udp|service|service_dce_rpc|service_dns|service_ftp|service_gssapi|service_http|service_smb|service_smb_gssapi|service_ssl,ksf-v4-idsplit::
classical_ext,svc,4,linear__svc__d4,linear,ood_test,fixed_c1,1.0,,0.006001710891723633,0.636,0.636482939632546,0.6358543417366946,0.6431372549019608,0.5968407912425582,0.5343769950398221,port_protocol_service_ablation,88,74,14,src_port|dst_port|proto_icmp|proto_tcp|proto_udp|service|service_dce_rpc|service_dns|service_ftp|service_gssapi|service_http|service_smb|service_smb_gssapi|service_ssl,ksf-v4-idsplit::
classical_ext,svc,4,linear__svc__d4,linear,id_val,train_cv,1.0,0.8230613277414175,0.0050580501556396484,0.8565737051792829,0.8453024453024454,0.8508910891089109,0.88,0.8669884169884169,0.8421922527903857,port_protocol_service_ablation,88,74,14,src_port|dst_port|proto_icmp|proto_tcp|proto_udp|service|service_dce_rpc|service_dns|service_ftp|service_gssapi|service_http|service_smb|service_smb_gssapi|service_ssl,ksf-v4-idsplit::
classical_ext,svc,4,linear__svc__d4,linear,id_test,train_cv,1.0,0.8230613277414175,0.0050580501556396484,0.8995983935742972,0.8920536298234141,0.8966582001095672,0.9140893470790378,0.9100719424460432,0.8849038013093434,port_protocol_service_ablation,88,74,14,src_port|dst_port|proto_icmp|proto_tcp|proto_udp|service|service_dce_rpc|service_dns|service_ftp|service_gssapi|service_http|service_smb|service_smb_gssapi|service_ssl,ksf-v4-idsplit::
classical_ext,svc,4,linear__svc__d4,linear,ood_test,train_cv,1.0,0.8230613277414175,0.0050580501556396484,0.636,0.636482939632546,0.6358543417366946,0.6431372549019608,0.5968407912425582,0.5343769950398221,port_protocol_service_ablation,88,74,14,src_port|dst_port|proto_icmp|proto_tcp|proto_udp|service|service_dce_rpc|service_dns|service_ftp|service_gssapi|service_http|service_smb|service_smb_gssapi|service_ssl,ksf-v4-idsplit::
classical_ext,svc,4,rbf_gscale__svc__d4,rbf_gscale,id_val,fixed_c1,1.0,,0.005051136016845703,0.8565737051792829,0.8453024453024454,0.8508910891089109,0.88,0.9304375804375804,0.9479002891936914,port_protocol_service_ablation,88,74,14,src_port|dst_port|proto_icmp|proto_tcp|proto_udp|service|service_dce_rpc|service_dns|service_ftp|service_gssapi|service_http|service_smb|service_smb_gssapi|service_ssl,ksf-v4-idsplit::
classical_ext,svc,4,rbf_gscale__svc__d4,rbf_gscale,id_test,fixed_c1,1.0,,0.005051136016845703,0.8995983935742972,0.8920536298234141,0.8966582001095672,0.9140893470790378,0.9529103989535644,0.9620216002955326,port_protocol_service_ablation,88,74,14,src_port|dst_port|proto_icmp|proto_tcp|proto_udp|service|service_dce_rpc|service_dns|service_ftp|service_gssapi|service_http|service_smb|service_smb_gssapi|service_ssl,ksf-v4-idsplit::
classical_ext,svc,4,rbf_gscale__svc__d4,rbf_gscale,ood_test,fixed_c1,1.0,,0.005051136016845703,0.756,0.7577299788745919,0.7537303791744719,0.7773722627737226,0.822466551437168,0.7982435422792566,port_protocol_service_ablation,88,74,14,src_port|dst_port|proto_icmp|proto_tcp|proto_udp|service|service_dce_rpc|service_dns|service_ftp|service_gssapi|service_http|service_smb|service_smb_gssapi|service_ssl,ksf-v4-idsplit::
classical_ext,svc,4,rbf_gscale__svc__d4,rbf_gscale,id_val,train_cv,100.0,0.8790519268013235,0.005593538284301758,0.8286852589641435,0.8314993564993565,0.8277996713307912,0.8401486988847584,0.9595238095238096,0.9714517096315678,port_protocol_service_ablation,88,74,14,src_port|dst_port|proto_icmp|proto_tcp|proto_udp|service|service_dce_rpc|service_dns|service_ftp|service_gssapi|service_http|service_smb|service_smb_gssapi|service_ssl,ksf-v4-idsplit::
classical_ext,svc,4,rbf_gscale__svc__d4,rbf_gscale,id_test,train_cv,100.0,0.8790519268013235,0.005593538284301758,0.8594377510040161,0.8646173969914976,0.8589919909392444,0.8669201520912547,0.9640941792020928,0.976434666542392,port_protocol_service_ablation,88,74,14,src_port|dst_port|proto_icmp|proto_tcp|proto_udp|service|service_dce_rpc|service_dns|service_ftp|service_gssapi|service_http|service_smb|service_smb_gssapi|service_ssl,ksf-v4-idsplit::
classical_ext,svc,4,rbf_gscale__svc__d4,rbf_gscale,ood_test,train_cv,100.0,0.8790519268013235,0.005593538284301758,0.918,0.918587158312528,0.9179602927817063,0.9197651663405088,0.9644549004545165,0.9598179602728404,port_protocol_service_ablation,88,74,14,src_port|dst_port|proto_icmp|proto_tcp|proto_udp|service|service_dce_rpc|service_dns|service_ftp|service_gssapi|service_http|service_smb|service_smb_gssapi|service_ssl,ksf-v4-idsplit::
classical_ext,svc,4,poly2__svc__d4,poly2,id_val,fixed_c1,1.0,,0.006861448287963867,0.8565737051792829,0.8453024453024454,0.8508910891089109,0.88,0.8684041184041185,0.8625449814876499,port_protocol_service_ablation,88,74,14,src_port|dst_port|proto_icmp|proto_tcp|proto_udp|service|service_dce_rpc|service_dns|service_ftp|service_gssapi|service_http|service_smb|service_smb_gssapi|service_ssl,ksf-v4-idsplit::
classical_ext,svc,4,poly2__svc__d4,poly2,id_test,fixed_c1,1.0,,0.006861448287963867,0.8995983935742972,0.8920536298234141,0.8966582001095672,0.9140893470790378,0.9187704381948987,0.9138956578572812,port_protocol_service_ablation,88,74,14,src_port|dst_port|proto_icmp|proto_tcp|proto_udp|service|service_dce_rpc|service_dns|service_ftp|service_gssapi|service_http|service_smb|service_smb_gssapi|service_ssl,ksf-v4-idsplit::
classical_ext,svc,4,poly2__svc__d4,poly2,ood_test,fixed_c1,1.0,,0.006861448287963867,0.652,0.652230971128609,0.6519944319109106,0.6533864541832669,0.6277447026438768,0.5995574925196265,port_protocol_service_ablation,88,74,14,src_port|dst_port|proto_icmp|proto_tcp|proto_udp|service|service_dce_rpc|service_dns|service_ftp|service_gssapi|service_http|service_smb|service_smb_gssapi|service_ssl,ksf-v4-idsplit::
classical_ext,svc,4,poly2__svc__d4,poly2,id_val,train_cv,100.0,0.8455054208902283,0.011795282363891602,0.8565737051792829,0.8453024453024454,0.8508910891089109,0.88,0.938030888030888,0.9313209620489439,port_protocol_service_ablation,88,74,14,src_port|dst_port|proto_icmp|proto_tcp|proto_udp|service|service_dce_rpc|service_dns|service_ftp|service_gssapi|service_http|service_smb|service_smb_gssapi|service_ssl,ksf-v4-idsplit::
classical_ext,svc,4,poly2__svc__d4,poly2,id_test,train_cv,100.0,0.8455054208902283,0.011795282363891602,0.8995983935742972,0.8920536298234141,0.8966582001095672,0.9140893470790378,0.9470241988227599,0.9390602203119678,port_protocol_service_ablation,88,74,14,src_port|dst_port|proto_icmp|proto_tcp|proto_udp|service|service_dce_rpc|service_dns|service_ftp|service_gssapi|service_http|service_smb|service_smb_gssapi|service_ssl,ksf-v4-idsplit::
classical_ext,svc,4,poly2__svc__d4,poly2,ood_test,train_cv,100.0,0.8455054208902283,0.011795282363891602,0.778,0.781175981051149,0.7700444580714395,0.8128161888701517,0.8950771397477755,0.852616515458072,port_protocol_service_ablation,88,74,14,src_port|dst_port|proto_icmp|proto_tcp|proto_udp|service|service_dce_rpc|service_dns|service_ftp|service_gssapi|service_http|service_smb|service_smb_gssapi|service_ssl,ksf-v4-idsplit::
classical_ext,svc,4,poly3__svc__d4,poly3,id_val,fixed_c1,1.0,,0.005782127380371094,0.8565737051792829,0.8453024453024454,0.8508910891089109,0.88,0.8754182754182754,0.8480888587467065,port_protocol_service_ablation,88,74,14,src_port|dst_port|proto_icmp|proto_tcp|proto_udp|service|service_dce_rpc|service_dns|service_ftp|service_gssapi|service_http|service_smb|service_smb_gssapi|service_ssl,ksf-v4-idsplit::
classical_ext,svc,4,poly3__svc__d4,poly3,id_test,fixed_c1,1.0,,0.005782127380371094,0.8995983935742972,0.8920536298234141,0.8966582001095672,0.9140893470790378,0.9183126226291694,0.8912452787124088,port_protocol_service_ablation,88,74,14,src_port|dst_port|proto_icmp|proto_tcp|proto_udp|service|service_dce_rpc|service_dns|service_ftp|service_gssapi|service_http|service_smb|service_smb_gssapi|service_ssl,ksf-v4-idsplit::
classical_ext,svc,4,poly3__svc__d4,poly3,ood_test,fixed_c1,1.0,,0.005782127380371094,0.652,0.652230971128609,0.6519944319109106,0.6533864541832669,0.6848953332053006,0.6290152700010744,port_protocol_service_ablation,88,74,14,src_port|dst_port|proto_icmp|proto_tcp|proto_udp|service|service_dce_rpc|service_dns|service_ftp|service_gssapi|service_http|service_smb|service_smb_gssapi|service_ssl,ksf-v4-idsplit::
classical_ext,svc,4,poly3__svc__d4,poly3,id_val,train_cv,100.0,0.8445250287333655,0.009510517120361328,0.8565737051792829,0.8453024453024454,0.8508910891089109,0.88,0.93989703989704,0.9334730010645281,port_protocol_service_ablation,88,74,14,src_port|dst_port|proto_icmp|proto_tcp|proto_udp|service|service_dce_rpc|service_dns|service_ftp|service_gssapi|service_http|service_smb|service_smb_gssapi|service_ssl,ksf-v4-idsplit::
classical_ext,svc,4,poly3__svc__d4,poly3,id_test,train_cv,100.0,0.8445250287333655,0.009510517120361328,0.8995983935742972,0.8920536298234141,0.8966582001095672,0.9140893470790378,0.9493132766514061,0.9409339678768966,port_protocol_service_ablation,88,74,14,src_port|dst_port|proto_icmp|proto_tcp|proto_udp|service|service_dce_rpc|service_dns|service_ftp|service_gssapi|service_http|service_smb|service_smb_gssapi|service_ssl,ksf-v4-idsplit::
classical_ext,svc,4,poly3__svc__d4,poly3,ood_test,train_cv,100.0,0.8445250287333655,0.009510517120361328,0.778,0.781175981051149,0.7700444580714395,0.8128161888701517,0.9255009282376289,0.8740069014841811,port_protocol_service_ablation,88,74,14,src_port|dst_port|proto_icmp|proto_tcp|proto_udp|service|service_dce_rpc|service_dns|service_ftp|service_gssapi|service_http|service_smb|service_smb_gssapi|service_ssl,ksf-v4-idsplit::
classical_ext,svc,4,laplacian_med__svc__d4,laplacian_med,id_val,fixed_c1,1.0,,0.005038738250732422,0.8286852589641435,0.8314993564993565,0.8277996713307912,0.8401486988847584,0.9655083655083655,0.9742768516790448,port_protocol_service_ablation,88,74,14,src_port|dst_port|proto_icmp|proto_tcp|proto_udp|service|service_dce_rpc|service_dns|service_ftp|service_gssapi|service_http|service_smb|service_smb_gssapi|service_ssl,ksf-v4-idsplit::
classical_ext,svc,4,laplacian_med__svc__d4,laplacian_med,id_test,fixed_c1,1.0,,0.005038738250732422,0.8594377510040161,0.8646173969914976,0.8589919909392444,0.8669201520912547,0.9792674950948332,0.9838344712354652,port_protocol_service_ablation,88,74,14,src_port|dst_port|proto_icmp|proto_tcp|proto_udp|service|service_dce_rpc|service_dns|service_ftp|service_gssapi|service_http|service_smb|service_smb_gssapi|service_ssl,ksf-v4-idsplit::
classical_ext,svc,4,laplacian_med__svc__d4,laplacian_med,ood_test,fixed_c1,1.0,,0.005038738250732422,0.916,0.9165546379873247,0.9159663865546218,0.9176470588235294,0.9772261698994942,0.9698429129664766,port_protocol_service_ablation,88,74,14,src_port|dst_port|proto_icmp|proto_tcp|proto_udp|service|service_dce_rpc|service_dns|service_ftp|service_gssapi|service_http|service_smb|service_smb_gssapi|service_ssl,ksf-v4-idsplit::
classical_ext,svc,4,laplacian_med__svc__d4,laplacian_med,id_val,train_cv,100.0,0.9710362212691857,0.003000020980834961,0.9681274900398407,0.9704954954954954,0.9678576002048918,0.9708029197080292,0.9987773487773488,0.9990142385944295,port_protocol_service_ablation,88,74,14,src_port|dst_port|proto_icmp|proto_tcp|proto_udp|service|service_dce_rpc|service_dns|service_ftp|service_gssapi|service_http|service_smb|service_smb_gssapi|service_ssl,ksf-v4-idsplit::
classical_ext,svc,4,laplacian_med__svc__d4,laplacian_med,id_test,train_cv,100.0,0.9710362212691857,0.003000020980834961,0.9759036144578314,0.9784172661870504,0.9756962519521082,0.9779411764705882,0.9997383911052975,0.9997987623886904,port_protocol_service_ablation,88,74,14,src_port|dst_port|proto_icmp|proto_tcp|proto_udp|service|service_dce_rpc|service_dns|service_ftp|service_gssapi|service_http|service_smb|service_smb_gssapi|service_ssl,ksf-v4-idsplit::
classical_ext,svc,4,laplacian_med__svc__d4,laplacian_med,ood_test,train_cv,100.0,0.9710362212691857,0.003000020980834961,0.932,0.9323666858715831,0.9319956477214542,0.9325396825396826,0.9850041610652327,0.9824694104349064,port_protocol_service_ablation,88,74,14,src_port|dst_port|proto_icmp|proto_tcp|proto_udp|service|service_dce_rpc|service_dns|service_ftp|service_gssapi|service_http|service_smb|service_smb_gssapi|service_ssl,ksf-v4-idsplit::
classical_ext,svc,4,matern15_med__svc__d4,matern15_med,id_val,fixed_c1,1.0,,0.004172325134277344,0.8565737051792829,0.8453024453024454,0.8508910891089109,0.88,0.9545045045045045,0.9670106020284501,port_protocol_service_ablation,88,74,14,src_port|dst_port|proto_icmp|proto_tcp|proto_udp|service|service_dce_rpc|service_dns|service_ftp|service_gssapi|service_http|service_smb|service_smb_gssapi|service_ssl,ksf-v4-idsplit::
classical_ext,svc,4,matern15_med__svc__d4,matern15_med,id_test,fixed_c1,1.0,,0.004172325134277344,0.9036144578313253,0.8965990843688685,0.9009283819628646,0.9172413793103448,0.9738391105297579,0.9803781246731997,port_protocol_service_ablation,88,74,14,src_port|dst_port|proto_icmp|proto_tcp|proto_udp|service|service_dce_rpc|service_dns|service_ftp|service_gssapi|service_http|service_smb|service_smb_gssapi|service_ssl,ksf-v4-idsplit::
classical_ext,svc,4,matern15_med__svc__d4,matern15_med,ood_test,fixed_c1,1.0,,0.004172325134277344,0.754,0.755761474937584,0.7516145057128664,0.7759562841530054,0.8446002176557199,0.8193504435949447,port_protocol_service_ablation,88,74,14,src_port|dst_port|proto_icmp|proto_tcp|proto_udp|service|service_dce_rpc|service_dns|service_ftp|service_gssapi|service_http|service_smb|service_smb_gssapi|service_ssl,ksf-v4-idsplit::
classical_ext,svc,4,matern15_med__svc__d4,matern15_med,id_val,train_cv,100.0,0.8810321248211255,0.004601001739501953,0.8326693227091634,0.835070785070785,0.8317049808429119,0.8444444444444444,0.9596525096525096,0.972082452464539,port_protocol_service_ablation,88,74,14,src_port|dst_port|proto_icmp|proto_tcp|proto_udp|service|service_dce_rpc|service_dns|service_ftp|service_gssapi|service_http|service_smb|service_smb_gssapi|service_ssl,ksf-v4-idsplit::
classical_ext,svc,4,matern15_med__svc__d4,matern15_med,id_test,train_cv,100.0,0.8810321248211255,0.004601001739501953,0.8594377510040161,0.8646173969914976,0.8589919909392444,0.8669201520912547,0.9608894702419882,0.9753878692180105,port_protocol_service_ablation,88,74,14,src_port|dst_port|proto_icmp|proto_tcp|proto_udp|service|service_dce_rpc|service_dns|service_ftp|service_gssapi|service_http|service_smb|service_smb_gssapi|service_ssl,ksf-v4-idsplit::
classical_ext,svc,4,matern15_med__svc__d4,matern15_med,ood_test,train_cv,100.0,0.8810321248211255,0.004601001739501953,0.916,0.9165546379873247,0.9159663865546218,0.9176470588235294,0.9639907816400999,0.9634618284726943,port_protocol_service_ablation,88,74,14,src_port|dst_port|proto_icmp|proto_tcp|proto_udp|service|service_dce_rpc|service_dns|service_ftp|service_gssapi|service_http|service_smb|service_smb_gssapi|service_ssl,ksf-v4-idsplit::
classical_ext,svc,4,matern25_med__svc__d4,matern25_med,id_val,fixed_c1,1.0,,0.0050089359283447266,0.8565737051792829,0.8453024453024454,0.8508910891089109,0.88,0.9047619047619049,0.9181271197592598,port_protocol_service_ablation,88,74,14,src_port|dst_port|proto_icmp|proto_tcp|proto_udp|service|service_dce_rpc|service_dns|service_ftp|service_gssapi|service_http|service_smb|service_smb_gssapi|service_ssl,ksf-v4-idsplit::
classical_ext,svc,4,matern25_med__svc__d4,matern25_med,id_test,fixed_c1,1.0,,0.0050089359283447266,0.8995983935742972,0.8920536298234141,0.8966582001095672,0.9140893470790378,0.9421844342707653,0.9480457144977391,port_protocol_service_ablation,88,74,14,src_port|dst_port|proto_icmp|proto_tcp|proto_udp|service|service_dce_rpc|service_dns|service_ftp|service_gssapi|service_http|service_smb|service_smb_gssapi|service_ssl,ksf-v4-idsplit::
classical_ext,svc,4,matern25_med__svc__d4,matern25_med,ood_test,fixed_c1,1.0,,0.0050089359283447266,0.656,0.6561039626144293,0.6559944959119346,0.6546184738955824,0.8052301389155624,0.777595029932399,port_protocol_service_ablation,88,74,14,src_port|dst_port|proto_icmp|proto_tcp|proto_udp|service|service_dce_rpc|service_dns|service_ftp|service_gssapi|service_http|service_smb|service_smb_gssapi|service_ssl,ksf-v4-idsplit::
classical_ext,svc,4,matern25_med__svc__d4,matern25_med,id_val,train_cv,100.0,0.8800420258112245,0.009154319763183594,0.8286852589641435,0.8314993564993565,0.8277996713307912,0.8401486988847584,0.9633204633204634,0.9736849304734542,port_protocol_service_ablation,88,74,14,src_port|dst_port|proto_icmp|proto_tcp|proto_udp|service|service_dce_rpc|service_dns|service_ftp|service_gssapi|service_http|service_smb|service_smb_gssapi|service_ssl,ksf-v4-idsplit::
classical_ext,svc,4,matern25_med__svc__d4,matern25_med,id_test,train_cv,100.0,0.8800420258112245,0.009154319763183594,0.8594377510040161,0.8646173969914976,0.8589919909392444,0.8669201520912547,0.9652714192282537,0.977098350388244,port_protocol_service_ablation,88,74,14,src_port|dst_port|proto_icmp|proto_tcp|proto_udp|service|service_dce_rpc|service_dns|service_ftp|service_gssapi|service_http|service_smb|service_smb_gssapi|service_ssl,ksf-v4-idsplit::
classical_ext,svc,4,matern25_med__svc__d4,matern25_med,ood_test,train_cv,100.0,0.8800420258112245,0.009154319763183594,0.918,0.918587158312528,0.9179602927817063,0.9197651663405088,0.9660713142564497,0.9598613522404215,port_protocol_service_ablation,88,74,14,src_port|dst_port|proto_icmp|proto_tcp|proto_udp|service|service_dce_rpc|service_dns|service_ftp|service_gssapi|service_http|service_smb|service_smb_gssapi|service_ssl,ksf-v4-idsplit::
classical_ext,svc,4,rbf_gscale_x0.1__svc__d4,rbf_gscale_x0.1,id_val,fixed_c1,1.0,,0.006032228469848633,0.8565737051792829,0.8453024453024454,0.8508910891089109,0.88,0.9061776061776061,0.9232087236917114,port_protocol_service_ablation,88,74,14,src_port|dst_port|proto_icmp|proto_tcp|proto_udp|service|service_dce_rpc|service_dns|service_ftp|service_gssapi|service_http|service_smb|service_smb_gssapi|service_ssl,ksf-v4-idsplit::
classical_ext,svc,4,rbf_gscale_x0.1__svc__d4,rbf_gscale_x0.1,id_test,fixed_c1,1.0,,0.006032228469848633,0.8995983935742972,0.8920536298234141,0.8966582001095672,0.9140893470790378,0.9393067364290386,0.9476979206024096,port_protocol_service_ablation,88,74,14,src_port|dst_port|proto_icmp|proto_tcp|proto_udp|service|service_dce_rpc|service_dns|service_ftp|service_gssapi|service_http|service_smb|service_smb_gssapi|service_ssl,ksf-v4-idsplit::
classical_ext,svc,4,rbf_gscale_x0.1__svc__d4,rbf_gscale_x0.1,ood_test,fixed_c1,1.0,,0.006032228469848633,0.652,0.652230971128609,0.6519944319109106,0.6533864541832669,0.6948978938608283,0.7240823111920938,port_protocol_service_ablation,88,74,14,src_port|dst_port|proto_icmp|proto_tcp|proto_udp|service|service_dce_rpc|service_dns|service_ftp|service_gssapi|service_http|service_smb|service_smb_gssapi|service_ssl,ksf-v4-idsplit::
classical_ext,svc,4,rbf_gscale_x0.1__svc__d4,rbf_gscale_x0.1,id_val,train_cv,100.0,0.8474662052039538,0.006056785583496094,0.8565737051792829,0.8453024453024454,0.8508910891089109,0.88,0.9337837837837837,0.928046300191008,port_protocol_service_ablation,88,74,14,src_port|dst_port|proto_icmp|proto_tcp|proto_udp|service|service_dce_rpc|service_dns|service_ftp|service_gssapi|service_http|service_smb|service_smb_gssapi|service_ssl,ksf-v4-idsplit::
classical_ext,svc,4,rbf_gscale_x0.1__svc__d4,rbf_gscale_x0.1,id_test,train_cv,100.0,0.8474662052039538,0.006056785583496094,0.8995983935742972,0.8920536298234141,0.8966582001095672,0.9140893470790378,0.9540222367560497,0.9413026308916023,port_protocol_service_ablation,88,74,14,src_port|dst_port|proto_icmp|proto_tcp|proto_udp|service|service_dce_rpc|service_dns|service_ftp|service_gssapi|service_http|service_smb|service_smb_gssapi|service_ssl,ksf-v4-idsplit::
classical_ext,svc,4,rbf_gscale_x0.1__svc__d4,rbf_gscale_x0.1,ood_test,train_cv,100.0,0.8474662052039538,0.006056785583496094,0.776,0.7792714935023366,0.7674264070702372,0.8120805369127517,0.8752480635042571,0.8458272165937998,port_protocol_service_ablation,88,74,14,src_port|dst_port|proto_icmp|proto_tcp|proto_udp|service|service_dce_rpc|service_dns|service_ftp|service_gssapi|service_http|service_smb|service_smb_gssapi|service_ssl,ksf-v4-idsplit::
classical_ext,svc,4,rbf_gscale_x0.3__svc__d4,rbf_gscale_x0.3,id_val,fixed_c1,1.0,,0.006899833679199219,0.8565737051792829,0.8453024453024454,0.8508910891089109,0.88,0.875096525096525,0.868791738454979,port_protocol_service_ablation,88,74,14,src_port|dst_port|proto_icmp|proto_tcp|proto_udp|service|service_dce_rpc|service_dns|service_ftp|service_gssapi|service_http|service_smb|service_smb_gssapi|service_ssl,ksf-v4-idsplit::
classical_ext,svc,4,rbf_gscale_x0.3__svc__d4,rbf_gscale_x0.3,id_test,fixed_c1,1.0,,0.006899833679199219,0.8995983935742972,0.8920536298234141,0.8966582001095672,0.9140893470790378,0.9187704381948987,0.9136590360777517,port_protocol_service_ablation,88,74,14,src_port|dst_port|proto_icmp|proto_tcp|proto_udp|service|service_dce_rpc|service_dns|service_ftp|service_gssapi|service_http|service_smb|service_smb_gssapi|service_ssl,ksf-v4-idsplit::
classical_ext,svc,4,rbf_gscale_x0.3__svc__d4,rbf_gscale_x0.3,ood_test,fixed_c1,1.0,,0.006899833679199219,0.656,0.6561039626144293,0.6559944959119346,0.6546184738955824,0.6840631201587607,0.6275404634943338,port_protocol_service_ablation,88,74,14,src_port|dst_port|proto_icmp|proto_tcp|proto_udp|service|service_dce_rpc|service_dns|service_ftp|service_gssapi|service_http|service_smb|service_smb_gssapi|service_ssl,ksf-v4-idsplit::
classical_ext,svc,4,rbf_gscale_x0.3__svc__d4,rbf_gscale_x0.3,id_val,train_cv,10.0,0.8484763062140548,0.005652427673339844,0.8565737051792829,0.8453024453024454,0.8508910891089109,0.88,0.9293436293436292,0.9250555567639214,port_protocol_service_ablation,88,74,14,src_port|dst_port|proto_icmp|proto_tcp|proto_udp|service|service_dce_rpc|service_dns|service_ftp|service_gssapi|service_http|service_smb|service_smb_gssapi|service_ssl,ksf-v4-idsplit::
classical_ext,svc,4,rbf_gscale_x0.3__svc__d4,rbf_gscale_x0.3,id_test,train_cv,10.0,0.8484763062140548,0.005652427673339844,0.8995983935742972,0.8920536298234141,0.8966582001095672,0.9140893470790378,0.953302812295618,0.9608156226594976,port_protocol_service_ablation,88,74,14,src_port|dst_port|proto_icmp|proto_tcp|proto_udp|service|service_dce_rpc|service_dns|service_ftp|service_gssapi|service_http|service_smb|service_smb_gssapi|service_ssl,ksf-v4-idsplit::
classical_ext,svc,4,rbf_gscale_x0.3__svc__d4,rbf_gscale_x0.3,ood_test,train_cv,10.0,0.8484763062140548,0.005652427673339844,0.776,0.7792074771141412,0.767792871241147,0.8114478114478114,0.8642212406376032,0.8371568453187023,port_protocol_service_ablation,88,74,14,src_port|dst_port|proto_icmp|proto_tcp|proto_udp|service|service_dce_rpc|service_dns|service_ftp|service_gssapi|service_http|service_smb|service_smb_gssapi|service_ssl,ksf-v4-idsplit::
classical_ext,svc,4,rbf_gscale_x3__svc__d4,rbf_gscale_x3,id_val,fixed_c1,1.0,,0.005010128021240234,0.8565737051792829,0.8453024453024454,0.8508910891089109,0.88,0.9540540540540541,0.9626087438126402,port_protocol_service_ablation,88,74,14,src_port|dst_port|proto_icmp|proto_tcp|proto_udp|service|service_dce_rpc|service_dns|service_ftp|service_gssapi|service_http|service_smb|service_smb_gssapi|service_ssl,ksf-v4-idsplit::
classical_ext,svc,4,rbf_gscale_x3__svc__d4,rbf_gscale_x3,id_test,fixed_c1,1.0,,0.005010128021240234,0.9036144578313253,0.8965990843688685,0.9009283819628646,0.9172413793103448,0.9648790058862001,0.9772414340358385,port_protocol_service_ablation,88,74,14,src_port|dst_port|proto_icmp|proto_tcp|proto_udp|service|service_dce_rpc|service_dns|service_ftp|service_gssapi|service_http|service_smb|service_smb_gssapi|service_ssl,ksf-v4-idsplit::
classical_ext,svc,4,rbf_gscale_x3__svc__d4,rbf_gscale_x3,ood_test,fixed_c1,1.0,,0.005010128021240234,0.778,0.7811119646629536,0.7703945490424833,0.8121827411167513,0.9377760706740925,0.9129296499076873,port_protocol_service_ablation,88,74,14,src_port|dst_port|proto_icmp|proto_tcp|proto_udp|service|service_dce_rpc|service_dns|service_ftp|service_gssapi|service_http|service_smb|service_smb_gssapi|service_ssl,ksf-v4-idsplit::
classical_ext,svc,4,rbf_gscale_x3__svc__d4,rbf_gscale_x3,id_val,train_cv,100.0,0.8810624339744899,0.00499725341796875,0.8326693227091634,0.835070785070785,0.8317049808429119,0.8444444444444444,0.9464607464607465,0.9661897319225858,port_protocol_service_ablation,88,74,14,src_port|dst_port|proto_icmp|proto_tcp|proto_udp|service|service_dce_rpc|service_dns|service_ftp|service_gssapi|service_http|service_smb|service_smb_gssapi|service_ssl,ksf-v4-idsplit::
classical_ext,svc,4,rbf_gscale_x3__svc__d4,rbf_gscale_x3,id_test,train_cv,100.0,0.8810624339744899,0.00499725341796875,0.8594377510040161,0.8646173969914976,0.8589919909392444,0.8669201520912547,0.9471550032701113,0.9685516272626961,port_protocol_service_ablation,88,74,14,src_port|dst_port|proto_icmp|proto_tcp|proto_udp|service|service_dce_rpc|service_dns|service_ftp|service_gssapi|service_http|service_smb|service_smb_gssapi|service_ssl,ksf-v4-idsplit::
classical_ext,svc,4,rbf_gscale_x3__svc__d4,rbf_gscale_x3,ood_test,train_cv,100.0,0.8810624339744899,0.00499725341796875,0.916,0.9165546379873247,0.9159663865546218,0.9176470588235294,0.9593816016900326,0.9608175275741445,port_protocol_service_ablation,88,74,14,src_port|dst_port|proto_icmp|proto_tcp|proto_udp|service|service_dce_rpc|service_dns|service_ftp|service_gssapi|service_http|service_smb|service_smb_gssapi|service_ssl,ksf-v4-idsplit::
classical_ext,svc,4,rbf_gscale_x10__svc__d4,rbf_gscale_x10,id_val,fixed_c1,1.0,,0.0069844722747802734,0.8286852589641435,0.8314993564993565,0.8277996713307912,0.8401486988847584,0.943050193050193,0.964608556609458,port_protocol_service_ablation,88,74,14,src_port|dst_port|proto_icmp|proto_tcp|proto_udp|service|service_dce_rpc|service_dns|service_ftp|service_gssapi|service_http|service_smb|service_smb_gssapi|service_ssl,ksf-v4-idsplit::
classical_ext,svc,4,rbf_gscale_x10__svc__d4,rbf_gscale_x10,id_test,fixed_c1,1.0,,0.0069844722747802734,0.8594377510040161,0.8646173969914976,0.8589919909392444,0.8669201520912547,0.9524525833878351,0.9719457724242817,port_protocol_service_ablation,88,74,14,src_port|dst_port|proto_icmp|proto_tcp|proto_udp|service|service_dce_rpc|service_dns|service_ftp|service_gssapi|service_http|service_smb|service_smb_gssapi|service_ssl,ksf-v4-idsplit::
classical_ext,svc,4,rbf_gscale_x10__svc__d4,rbf_gscale_x10,ood_test,fixed_c1,1.0,,0.0069844722747802734,0.916,0.9165546379873247,0.9159663865546218,0.9176470588235294,0.9476666026502785,0.9289012674909408,port_protocol_service_ablation,88,74,14,src_port|dst_port|proto_icmp|proto_tcp|proto_udp|service|service_dce_rpc|service_dns|service_ftp|service_gssapi|service_http|service_smb|service_smb_gssapi|service_ssl,ksf-v4-idsplit::
classical_ext,svc,4,rbf_gscale_x10__svc__d4,rbf_gscale_x10,id_val,train_cv,100.0,0.8810624339744899,0.0059969425201416016,0.8326693227091634,0.835070785070785,0.8317049808429119,0.8444444444444444,0.9543114543114544,0.9708365381890034,port_protocol_service_ablation,88,74,14,src_port|dst_port|proto_icmp|proto_tcp|proto_udp|service|service_dce_rpc|service_dns|service_ftp|service_gssapi|service_http|service_smb|service_smb_gssapi|service_ssl,ksf-v4-idsplit::
classical_ext,svc,4,rbf_gscale_x10__svc__d4,rbf_gscale_x10,id_test,train_cv,100.0,0.8810624339744899,0.0059969425201416016,0.8594377510040161,0.8646173969914976,0.8589919909392444,0.8669201520912547,0.9413342053629823,0.9670636529503452,port_protocol_service_ablation,88,74,14,src_port|dst_port|proto_icmp|proto_tcp|proto_udp|service|service_dce_rpc|service_dns|service_ftp|service_gssapi|service_http|service_smb|service_smb_gssapi|service_ssl,ksf-v4-idsplit::
classical_ext,svc,4,rbf_gscale_x10__svc__d4,rbf_gscale_x10,ood_test,train_cv,100.0,0.8810624339744899,0.0059969425201416016,0.914,0.9145221176621214,0.9139721269691381,0.9155206286836935,0.9580372575379297,0.9596640248058836,port_protocol_service_ablation,88,74,14,src_port|dst_port|proto_icmp|proto_tcp|proto_udp|service|service_dce_rpc|service_dns|service_ftp|service_gssapi|service_http|service_smb|service_smb_gssapi|service_ssl,ksf-v4-idsplit::
classical_ext,svc,4,laplacian_med_x0.1__svc__d4,laplacian_med_x0.1,id_val,fixed_c1,1.0,,0.006002902984619141,0.9402390438247012,0.9454954954954955,0.9399952187425293,0.9438202247191011,0.9951093951093951,0.9963223560661314,port_protocol_service_ablation,88,74,14,src_port|dst_port|proto_icmp|proto_tcp|proto_udp|service|service_dce_rpc|service_dns|service_ftp|service_gssapi|service_http|service_smb|service_smb_gssapi|service_ssl,ksf-v4-idsplit::
classical_ext,svc,4,laplacian_med_x0.1__svc__d4,laplacian_med_x0.1,id_test,fixed_c1,1.0,,0.006002902984619141,0.9437751004016064,0.9496402877697842,0.9435703185703186,0.946969696969697,0.9977109221713539,0.9981957434758751,port_protocol_service_ablation,88,74,14,src_port|dst_port|proto_icmp|proto_tcp|proto_udp|service|service_dce_rpc|service_dns|service_ftp|service_gssapi|service_http|service_smb|service_smb_gssapi|service_ssl,ksf-v4-idsplit::
classical_ext,svc,4,laplacian_med_x0.1__svc__d4,laplacian_med_x0.1,ood_test,fixed_c1,1.0,,0.006002902984619141,0.912,0.9124895973369183,0.9119774662313552,0.9133858267716536,0.982299468663978,0.9805913541666293,port_protocol_service_ablation,88,74,14,src_port|dst_port|proto_icmp|proto_tcp|proto_udp|service|service_dce_rpc|service_dns|service_ftp|service_gssapi|service_http|service_smb|service_smb_gssapi|service_ssl,ksf-v4-idsplit::
classical_ext,svc,4,laplacian_med_x0.1__svc__d4,laplacian_med_x0.1,id_val,train_cv,100.0,0.9749566133083896,0.004006385803222656,0.9721115537848606,0.9740669240669241,0.9718542250700841,0.9745454545454545,0.9990990990990991,0.9992864916476296,port_protocol_service_ablation,88,74,14,src_port|dst_port|proto_icmp|proto_tcp|proto_udp|service|service_dce_rpc|service_dns|service_ftp|service_gssapi|service_http|service_smb|service_smb_gssapi|service_ssl,ksf-v4-idsplit::
classical_ext,svc,4,laplacian_med_x0.1__svc__d4,laplacian_med_x0.1,id_test,train_cv,100.0,0.9749566133083896,0.004006385803222656,0.9879518072289156,0.9873119686069327,0.9877743408454853,0.989247311827957,0.999672988881622,0.9997501998401278,port_protocol_service_ablation,88,74,14,src_port|dst_port|proto_icmp|proto_tcp|proto_udp|service|service_dce_rpc|service_dns|service_ftp|service_gssapi|service_http|service_smb|service_smb_gssapi|service_ssl,ksf-v4-idsplit::
classical_ext,svc,4,laplacian_med_x0.1__svc__d4,laplacian_med_x0.1,ood_test,train_cv,100.0,0.9749566133083896,0.004006385803222656,0.96,0.959861724601498,0.9599769467213115,0.9590163934426229,0.9816112924908779,0.9840668583611838,port_protocol_service_ablation,88,74,14,src_port|dst_port|proto_icmp|proto_tcp|proto_udp|service|service_dce_rpc|service_dns|service_ftp|service_gssapi|service_http|service_smb|service_smb_gssapi|service_ssl,ksf-v4-idsplit::
classical_ext,svc,4,laplacian_med_x0.3__svc__d4,laplacian_med_x0.3,id_val,fixed_c1,1.0,,0.00400090217590332,0.896414342629482,0.9071428571428571,0.8963995427990856,0.8976377952755905,0.9707850707850708,0.9777656670458683,port_protocol_service_ablation,88,74,14,src_port|dst_port|proto_icmp|proto_tcp|proto_udp|service|service_dce_rpc|service_dns|service_ftp|service_gssapi|service_http|service_smb|service_smb_gssapi|service_ssl,ksf-v4-idsplit::
classical_ext,svc,4,laplacian_med_x0.3__svc__d4,laplacian_med_x0.3,id_test,fixed_c1,1.0,,0.00400090217590332,0.8995983935742972,0.9100719424460432,0.8995724772122288,0.9011857707509882,0.9812295618051015,0.9851853258563523,port_protocol_service_ablation,88,74,14,src_port|dst_port|proto_icmp|proto_tcp|proto_udp|service|service_dce_rpc|service_dns|service_ftp|service_gssapi|service_http|service_smb|service_smb_gssapi|service_ssl,ksf-v4-idsplit::
classical_ext,svc,4,laplacian_med_x0.3__svc__d4,laplacian_med_x0.3,ood_test,fixed_c1,1.0,,0.00400090217590332,0.916,0.9165546379873247,0.9159663865546218,0.9176470588235294,0.9822514563728314,0.9832703071340285,port_protocol_service_ablation,88,74,14,src_port|dst_port|proto_icmp|proto_tcp|proto_udp|service|service_dce_rpc|service_dns|service_ftp|service_gssapi|service_http|service_smb|service_smb_gssapi|service_ssl,ksf-v4-idsplit::
classical_ext,svc,4,laplacian_med_x0.3__svc__d4,laplacian_med_x0.3,id_val,train_cv,100.0,0.972016025131925,0.0045795440673828125,0.9721115537848606,0.9740669240669241,0.9718542250700841,0.9745454545454545,0.999034749034749,0.9992327859548265,port_protocol_service_ablation,88,74,14,src_port|dst_port|proto_icmp|proto_tcp|proto_udp|service|service_dce_rpc|service_dns|service_ftp|service_gssapi|service_http|service_smb|service_smb_gssapi|service_ssl,ksf-v4-idsplit::
classical_ext,svc,4,laplacian_med_x0.3__svc__d4,laplacian_med_x0.3,id_test,train_cv,100.0,0.972016025131925,0.0045795440673828125,0.9879518072289156,0.9873119686069327,0.9877743408454853,0.989247311827957,0.9996729888816219,0.9997501998401278,port_protocol_service_ablation,88,74,14,src_port|dst_port|proto_icmp|proto_tcp|proto_udp|service|service_dce_rpc|service_dns|service_ftp|service_gssapi|service_http|service_smb|service_smb_gssapi|service_ssl,ksf-v4-idsplit::
classical_ext,svc,4,laplacian_med_x0.3__svc__d4,laplacian_med_x0.3,ood_test,train_cv,100.0,0.972016025131925,0.0045795440673828125,0.954,0.9540202291786697,0.9539909822325175,0.9533468559837728,0.9841239357275462,0.9829242138819674,port_protocol_service_ablation,88,74,14,src_port|dst_port|proto_icmp|proto_tcp|proto_udp|service|service_dce_rpc|service_dns|service_ftp|service_gssapi|service_http|service_smb|service_smb_gssapi|service_ssl,ksf-v4-idsplit::
classical_ext,svc,4,laplacian_med_x3__svc__d4,laplacian_med_x3,id_val,fixed_c1,1.0,,0.004901409149169922,0.8247011952191236,0.826994851994852,0.8236909323116219,0.837037037037037,0.9623552123552123,0.9724949125919451,port_protocol_service_ablation,88,74,14,src_port|dst_port|proto_icmp|proto_tcp|proto_udp|service|service_dce_rpc|service_dns|service_ftp|service_gssapi|service_http|service_smb|service_smb_gssapi|service_ssl,ksf-v4-idsplit::
classical_ext,svc,4,laplacian_med_x3__svc__d4,laplacian_med_x3,id_test,fixed_c1,1.0,,0.004901409149169922,0.8594377510040161,0.8646173969914976,0.8589919909392444,0.8669201520912547,0.9760627861347286,0.9817517166576962,port_protocol_service_ablation,88,74,14,src_port|dst_port|proto_icmp|proto_tcp|proto_udp|service|service_dce_rpc|service_dns|service_ftp|service_gssapi|service_http|service_smb|service_smb_gssapi|service_ssl,ksf-v4-idsplit::
classical_ext,svc,4,laplacian_med_x3__svc__d4,laplacian_med_x3,ood_test,fixed_c1,1.0,,0.004901409149169922,0.914,0.9145861340503169,0.9139583558442286,0.9158512720156555,0.958421355867102,0.9347359586794479,port_protocol_service_ablation,88,74,14,src_port|dst_port|proto_icmp|proto_tcp|proto_udp|service|service_dce_rpc|service_dns|service_ftp|service_gssapi|service_http|service_smb|service_smb_gssapi|service_ssl,ksf-v4-idsplit::
classical_ext,svc,4,laplacian_med_x3__svc__d4,laplacian_med_x3,id_val,train_cv,100.0,0.955884093811542,0.004004716873168945,0.9601593625498008,0.9633526383526383,0.9598785166240409,0.9632352941176471,0.9984555984555984,0.9987362218173721,port_protocol_service_ablation,88,74,14,src_port|dst_port|proto_icmp|proto_tcp|proto_udp|service|service_dce_rpc|service_dns|service_ftp|service_gssapi|service_http|service_smb|service_smb_gssapi|service_ssl,ksf-v4-idsplit::
classical_ext,svc,4,laplacian_med_x3__svc__d4,laplacian_med_x3,id_test,train_cv,100.0,0.955884093811542,0.004004716873168945,0.963855421686747,0.9676258992805755,0.96362072044285,0.966542750929368,0.9988227599738391,0.9990669443701526,port_protocol_service_ablation,88,74,14,src_port|dst_port|proto_icmp|proto_tcp|proto_udp|service|service_dce_rpc|service_dns|service_ftp|service_gssapi|service_http|service_smb|service_smb_gssapi|service_ssl,ksf-v4-idsplit::
classical_ext,svc,4,laplacian_med_x3__svc__d4,laplacian_med_x3,ood_test,train_cv,100.0,0.955884093811542,0.004004716873168945,0.916,0.9166186543755201,0.9159515881147541,0.91796875,0.9743134242366047,0.9763272464689479,port_protocol_service_ablation,88,74,14,src_port|dst_port|proto_icmp|proto_tcp|proto_udp|service|service_dce_rpc|service_dns|service_ftp|service_gssapi|service_http|service_smb|service_smb_gssapi|service_ssl,ksf-v4-idsplit::
classical_ext,svc,4,laplacian_med_x10__svc__d4,laplacian_med_x10,id_val,fixed_c1,1.0,,0.006509542465209961,0.8565737051792829,0.8453024453024454,0.8508910891089109,0.88,0.9604247104247103,0.9709855089463764,port_protocol_service_ablation,88,74,14,src_port|dst_port|proto_icmp|proto_tcp|proto_udp|service|service_dce_rpc|service_dns|service_ftp|service_gssapi|service_http|service_smb|service_smb_gssapi|service_ssl,ksf-v4-idsplit::
classical_ext,svc,4,laplacian_med_x10__svc__d4,laplacian_med_x10,id_test,fixed_c1,1.0,,0.006509542465209961,0.9036144578313253,0.8965990843688685,0.9009283819628646,0.9172413793103448,0.9785480706344015,0.9836062716189086,port_protocol_service_ablation,88,74,14,src_port|dst_port|proto_icmp|proto_tcp|proto_udp|service|service_dce_rpc|service_dns|service_ftp|service_gssapi|service_http|service_smb|service_smb_gssapi|service_ssl,ksf-v4-idsplit::
classical_ext,svc,4,laplacian_med_x10__svc__d4,laplacian_med_x10,ood_test,fixed_c1,1.0,,0.006509542465209961,0.654,0.6541354586774214,0.653998615994464,0.6533066132264529,0.8564432494718649,0.8558764481820864,port_protocol_service_ablation,88,74,14,src_port|dst_port|proto_icmp|proto_tcp|proto_udp|service|service_dce_rpc|service_dns|service_ftp|service_gssapi|service_http|service_smb|service_smb_gssapi|service_ssl,ksf-v4-idsplit::
classical_ext,svc,4,laplacian_med_x10__svc__d4,laplacian_med_x10,id_val,train_cv,100.0,0.9325808331133233,0.006501436233520508,0.9362549800796812,0.9419240669240669,0.9360265069453294,0.9398496240601504,0.9953667953667953,0.996478753790399,port_protocol_service_ablation,88,74,14,src_port|dst_port|proto_icmp|proto_tcp|proto_udp|service|service_dce_rpc|service_dns|service_ftp|service_gssapi|service_http|service_smb|service_smb_gssapi|service_ssl,ksf-v4-idsplit::
classical_ext,svc,4,laplacian_med_x10__svc__d4,laplacian_med_x10,id_test,train_cv,100.0,0.9325808331133233,0.006501436233520508,0.9437751004016064,0.9496402877697842,0.9435703185703186,0.946969696969697,0.9984303466317854,0.9987657527198665,port_protocol_service_ablation,88,74,14,src_port|dst_port|proto_icmp|proto_tcp|proto_udp|service|service_dce_rpc|service_dns|service_ftp|service_gssapi|service_http|service_smb|service_smb_gssapi|service_ssl,ksf-v4-idsplit::
classical_ext,svc,4,laplacian_med_x10__svc__d4,laplacian_med_x10,ood_test,train_cv,100.0,0.9325808331133233,0.006501436233520508,0.908,0.9084885730747071,0.9079764419691441,0.9094488188976378,0.967271621535113,0.960307911628459,port_protocol_service_ablation,88,74,14,src_port|dst_port|proto_icmp|proto_tcp|proto_udp|service|service_dce_rpc|service_dns|service_ftp|service_gssapi|service_http|service_smb|service_smb_gssapi|service_ssl,ksf-v4-idsplit::
classical_ext,svc,4,matern15_med_x0.1__svc__d4,matern15_med_x0.1,id_val,fixed_c1,1.0,,0.005133390426635742,0.8326693227091634,0.835070785070785,0.8317049808429119,0.8444444444444444,0.9622908622908624,0.9737434541701636,port_protocol_service_ablation,88,74,14,src_port|dst_port|proto_icmp|proto_tcp|proto_udp|service|service_dce_rpc|service_dns|service_ftp|service_gssapi|service_http|service_smb|service_smb_gssapi|service_ssl,ksf-v4-idsplit::
classical_ext,svc,4,matern15_med_x0.1__svc__d4,matern15_med_x0.1,id_test,fixed_c1,1.0,,0.005133390426635742,0.8554216867469879,0.8600719424460432,0.8548951048951049,0.8636363636363636,0.9517985611510791,0.9719174321358505,port_protocol_service_ablation,88,74,14,src_port|dst_port|proto_icmp|proto_tcp|proto_udp|service|service_dce_rpc|service_dns|service_ftp|service_gssapi|service_http|service_smb|service_smb_gssapi|service_ssl,ksf-v4-idsplit::
classical_ext,svc,4,matern15_med_x0.1__svc__d4,matern15_med_x0.1,ood_test,fixed_c1,1.0,,0.005133390426635742,0.916,0.9165546379873247,0.9159663865546218,0.9176470588235294,0.9475065616797901,0.9260819865849665,port_protocol_service_ablation,88,74,14,src_port|dst_port|proto_icmp|proto_tcp|proto_udp|service|service_dce_rpc|service_dns|service_ftp|service_gssapi|service_http|service_smb|service_smb_gssapi|service_ssl,ksf-v4-idsplit::
classical_ext,svc,4,matern15_med_x0.1__svc__d4,matern15_med_x0.1,id_val,train_cv,100.0,0.9346410511399281,0.004280567169189453,0.9482071713147411,0.9526383526383526,0.9479394355186113,0.9516728624535316,0.9785070785070785,0.9880435599293155,port_protocol_service_ablation,88,74,14,src_port|dst_port|proto_icmp|proto_tcp|proto_udp|service|service_dce_rpc|service_dns|service_ftp|service_gssapi|service_http|service_smb|service_smb_gssapi|service_ssl,ksf-v4-idsplit::
classical_ext,svc,4,matern15_med_x0.1__svc__d4,matern15_med_x0.1,id_test,train_cv,100.0,0.9346410511399281,0.004280567169189453,0.9437751004016064,0.9496402877697842,0.9435703185703186,0.946969696969697,0.9941137998691955,0.9964703915697661,port_protocol_service_ablation,88,74,14,src_port|dst_port|proto_icmp|proto_tcp|proto_udp|service|service_dce_rpc|service_dns|service_ftp|service_gssapi|service_http|service_smb|service_smb_gssapi|service_ssl,ksf-v4-idsplit::
classical_ext,svc,4,matern15_med_x0.1__svc__d4,matern15_med_x0.1,ood_test,train_cv,100.0,0.9346410511399281,0.004280567169189453,0.906,0.9064560527495038,0.9059815723881881,0.9072978303747534,0.9494110492286024,0.9417603618245536,port_protocol_service_ablation,88,74,14,src_port|dst_port|proto_icmp|proto_tcp|proto_udp|service|service_dce_rpc|service_dns|service_ftp|service_gssapi|service_http|service_smb|service_smb_gssapi|service_ssl,ksf-v4-idsplit::
classical_ext,svc,4,matern15_med_x0.3__svc__d4,matern15_med_x0.3,id_val,fixed_c1,1.0,,0.005002021789550781,0.8286852589641435,0.8314993564993565,0.8277996713307912,0.8401486988847584,0.9487773487773488,0.966828315524964,port_protocol_service_ablation,88,74,14,src_port|dst_port|proto_icmp|proto_tcp|proto_udp|service|service_dce_rpc|service_dns|service_ftp|service_gssapi|service_http|service_smb|service_smb_gssapi|service_ssl,ksf-v4-idsplit::
classical_ext,svc,4,matern15_med_x0.3__svc__d4,matern15_med_x0.3,id_test,fixed_c1,1.0,,0.005002021789550781,0.8594377510040161,0.8646173969914976,0.8589919909392444,0.8669201520912547,0.9538260300850229,0.9725793131698895,port_protocol_service_ablation,88,74,14,src_port|dst_port|proto_icmp|proto_tcp|proto_udp|service|service_dce_rpc|service_dns|service_ftp|service_gssapi|service_http|service_smb|service_smb_gssapi|service_ssl,ksf-v4-idsplit::
classical_ext,svc,4,matern15_med_x0.3__svc__d4,matern15_med_x0.3,ood_test,fixed_c1,1.0,,0.005002021789550781,0.916,0.9165546379873247,0.9159663865546218,0.9176470588235294,0.9566449010946801,0.9460694828508565,port_protocol_service_ablation,88,74,14,src_port|dst_port|proto_icmp|proto_tcp|proto_udp|service|service_dce_rpc|service_dns|service_ftp|service_gssapi|service_http|service_smb|service_smb_gssapi|service_ssl,ksf-v4-idsplit::
classical_ext,svc,4,matern15_med_x0.3__svc__d4,matern15_med_x0.3,id_val,train_cv,100.0,0.8830826480006945,0.005861043930053711,0.8446215139442231,0.8457850707850708,0.843418590143481,0.8571428571428571,0.9496138996138996,0.9690753395184006,port_protocol_service_ablation,88,74,14,src_port|dst_port|proto_icmp|proto_tcp|proto_udp|service|service_dce_rpc|service_dns|service_ftp|service_gssapi|service_http|service_smb|service_smb_gssapi|service_ssl,ksf-v4-idsplit::
classical_ext,svc,4,matern15_med_x0.3__svc__d4,matern15_med_x0.3,id_test,train_cv,100.0,0.8830826480006945,0.005861043930053711,0.8755020080321285,0.8790058862001309,0.874847998443504,0.8838951310861424,0.9357750163505558,0.9658463986083436,port_protocol_service_ablation,88,74,14,src_port|dst_port|proto_icmp|proto_tcp|proto_udp|service|service_dce_rpc|service_dns|service_ftp|service_gssapi|service_http|service_smb|service_smb_gssapi|service_ssl,ksf-v4-idsplit::
classical_ext,svc,4,matern15_med_x0.3__svc__d4,matern15_med_x0.3,ood_test,train_cv,100.0,0.8830826480006945,0.005861043930053711,0.908,0.9084245566865117,0.9079867500920132,0.9090909090909091,0.9600857819601817,0.9624006167503281,port_protocol_service_ablation,88,74,14,src_port|dst_port|proto_icmp|proto_tcp|proto_udp|service|service_dce_rpc|service_dns|service_ftp|service_gssapi|service_http|service_smb|service_smb_gssapi|service_ssl,ksf-v4-idsplit::
classical_ext,svc,4,matern15_med_x3__svc__d4,matern15_med_x3,id_val,fixed_c1,1.0,,0.006575107574462891,0.8565737051792829,0.8453024453024454,0.8508910891089109,0.88,0.9053410553410552,0.9221384054304378,port_protocol_service_ablation,88,74,14,src_port|dst_port|proto_icmp|proto_tcp|proto_udp|service|service_dce_rpc|service_dns|service_ftp|service_gssapi|service_http|service_smb|service_smb_gssapi|service_ssl,ksf-v4-idsplit::
classical_ext,svc,4,matern15_med_x3__svc__d4,matern15_med_x3,id_test,fixed_c1,1.0,,0.006575107574462891,0.8995983935742972,0.8920536298234141,0.8966582001095672,0.9140893470790378,0.9386527141922826,0.9471417739250898,port_protocol_service_ablation,88,74,14,src_port|dst_port|proto_icmp|proto_tcp|proto_udp|service|service_dce_rpc|service_dns|service_ftp|service_gssapi|service_http|service_smb|service_smb_gssapi|service_ssl,ksf-v4-idsplit::
classical_ext,svc,4,matern15_med_x3__svc__d4,matern15_med_x3,ood_test,fixed_c1,1.0,,0.006575107574462891,0.656,0.6561039626144293,0.6559944959119346,0.6546184738955824,0.6828788169771461,0.6823262830814265,port_protocol_service_ablation,88,74,14,src_port|dst_port|proto_icmp|proto_tcp|proto_udp|service|service_dce_rpc|service_dns|service_ftp|service_gssapi|service_http|service_smb|service_smb_gssapi|service_ssl,ksf-v4-idsplit::
classical_ext,svc,4,matern15_med_x3__svc__d4,matern15_med_x3,id_val,train_cv,100.0,0.856787137297163,0.0049974918365478516,0.8247011952191236,0.826994851994852,0.8236909323116219,0.837037037037037,0.9524453024453025,0.9516857881056578,port_protocol_service_ablation,88,74,14,src_port|dst_port|proto_icmp|proto_tcp|proto_udp|service|service_dce_rpc|service_dns|service_ftp|service_gssapi|service_http|service_smb|service_smb_gssapi|service_ssl,ksf-v4-idsplit::
classical_ext,svc,4,matern15_med_x3__svc__d4,matern15_med_x3,id_test,train_cv,100.0,0.856787137297163,0.0049974918365478516,0.8554216867469879,0.8600719424460432,0.8548951048951049,0.8636363636363636,0.965075212557227,0.976880412585433,port_protocol_service_ablation,88,74,14,src_port|dst_port|proto_icmp|proto_tcp|proto_udp|service|service_dce_rpc|service_dns|service_ftp|service_gssapi|service_http|service_smb|service_smb_gssapi|service_ssl,ksf-v4-idsplit::
classical_ext,svc,4,matern15_med_x3__svc__d4,matern15_med_x3,ood_test,train_cv,100.0,0.856787137297163,0.0049974918365478516,0.918,0.918587158312528,0.9179602927817063,0.9197651663405088,0.9619582613148966,0.9537418069357171,port_protocol_service_ablation,88,74,14,src_port|dst_port|proto_icmp|proto_tcp|proto_udp|service|service_dce_rpc|service_dns|service_ftp|service_gssapi|service_http|service_smb|service_smb_gssapi|service_ssl,ksf-v4-idsplit::
classical_ext,svc,4,matern15_med_x10__svc__d4,matern15_med_x10,id_val,fixed_c1,1.0,,0.00676417350769043,0.8247011952191236,0.8092664092664092,0.8151693667157585,0.8571428571428571,0.9061132561132561,0.9275780530264065,port_protocol_service_ablation,88,74,14,src_port|dst_port|proto_icmp|proto_tcp|proto_udp|service|service_dce_rpc|service_dns|service_ftp|service_gssapi|service_http|service_smb|service_smb_gssapi|service_ssl,ksf-v4-idsplit::
classical_ext,svc,4,matern15_med_x10__svc__d4,matern15_med_x10,id_test,fixed_c1,1.0,,0.00676417350769043,0.8514056224899599,0.8375081752779594,0.8440720995176441,0.8778877887788779,0.9378678875081753,0.9494048899106957,port_protocol_service_ablation,88,74,14,src_port|dst_port|proto_icmp|proto_tcp|proto_udp|service|service_dce_rpc|service_dns|service_ftp|service_gssapi|service_http|service_smb|service_smb_gssapi|service_ssl,ksf-v4-idsplit::
classical_ext,svc,4,matern15_med_x10__svc__d4,matern15_med_x10,ood_test,fixed_c1,1.0,,0.00676417350769043,0.748,0.7517124383842264,0.7351828499369484,0.7934426229508197,0.7560495486844632,0.748791248608575,port_protocol_service_ablation,88,74,14,src_port|dst_port|proto_icmp|proto_tcp|proto_udp|service|service_dce_rpc|service_dns|service_ftp|service_gssapi|service_http|service_smb|service_smb_gssapi|service_ssl,ksf-v4-idsplit::
classical_ext,svc,4,matern15_med_x10__svc__d4,matern15_med_x10,id_val,train_cv,100.0,0.8270023100749452,0.006998777389526367,0.8565737051792829,0.8453024453024454,0.8508910891089109,0.88,0.8915057915057915,0.9122754746120154,port_protocol_service_ablation,88,74,14,src_port|dst_port|proto_icmp|proto_tcp|proto_udp|service|service_dce_rpc|service_dns|service_ftp|service_gssapi|service_http|service_smb|service_smb_gssapi|service_ssl,ksf-v4-idsplit::
classical_ext,svc,4,matern15_med_x10__svc__d4,matern15_med_x10,id_test,train_cv,100.0,0.8270023100749452,0.006998777389526367,0.8995983935742972,0.8920536298234141,0.8966582001095672,0.9140893470790378,0.9287115761935906,0.9383193129121827,port_protocol_service_ablation,88,74,14,src_port|dst_port|proto_icmp|proto_tcp|proto_udp|service|service_dce_rpc|service_dns|service_ftp|service_gssapi|service_http|service_smb|service_smb_gssapi|service_ssl,ksf-v4-idsplit::
classical_ext,svc,4,matern15_med_x10__svc__d4,matern15_med_x10,ood_test,train_cv,100.0,0.8270023100749452,0.006998777389526367,0.656,0.6561039626144293,0.6559944959119346,0.6546184738955824,0.7574579092247615,0.7275722275681,port_protocol_service_ablation,88,74,14,src_port|dst_port|proto_icmp|proto_tcp|proto_udp|service|service_dce_rpc|service_dns|service_ftp|service_gssapi|service_http|service_smb|service_smb_gssapi|service_ssl,ksf-v4-idsplit::
classical_ext,svc,4,matern25_med_x0.1__svc__d4,matern25_med_x0.1,id_val,fixed_c1,1.0,,0.005007266998291016,0.8326693227091634,0.835070785070785,0.8317049808429119,0.8444444444444444,0.9489060489060489,0.9671269358069667,port_protocol_service_ablation,88,74,14,src_port|dst_port|proto_icmp|proto_tcp|proto_udp|service|service_dce_rpc|service_dns|service_ftp|service_gssapi|service_http|service_smb|service_smb_gssapi|service_ssl,ksf-v4-idsplit::
classical_ext,svc,4,matern25_med_x0.1__svc__d4,matern25_med_x0.1,id_test,fixed_c1,1.0,,0.005007266998291016,0.8554216867469879,0.8600719424460432,0.8548951048951049,0.8636363636363636,0.9496402877697842,0.9706607648393447,port_protocol_service_ablation,88,74,14,src_port|dst_port|proto_icmp|proto_tcp|proto_udp|service|service_dce_rpc|service_dns|service_ftp|service_gssapi|service_http|service_smb|service_smb_gssapi|service_ssl,ksf-v4-idsplit::
classical_ext,svc,4,matern25_med_x0.1__svc__d4,matern25_med_x0.1,ood_test,fixed_c1,1.0,,0.005007266998291016,0.916,0.9165546379873247,0.9159663865546218,0.9176470588235294,0.9421611932654759,0.9181172683037421,port_protocol_service_ablation,88,74,14,src_port|dst_port|proto_icmp|proto_tcp|proto_udp|service|service_dce_rpc|service_dns|service_ftp|service_gssapi|service_http|service_smb|service_smb_gssapi|service_ssl,ksf-v4-idsplit::
classical_ext,svc,4,matern25_med_x0.1__svc__d4,matern25_med_x0.1,id_val,train_cv,100.0,0.9336109361236243,0.007505178451538086,0.9123505976095617,0.9214285714285715,0.9122823738721566,0.9147286821705426,0.9668597168597168,0.9820514507075335,port_protocol_service_ablation,88,74,14,src_port|dst_port|proto_icmp|proto_tcp|proto_udp|service|service_dce_rpc|service_dns|service_ftp|service_gssapi|service_http|service_smb|service_smb_gssapi|service_ssl,ksf-v4-idsplit::
classical_ext,svc,4,matern25_med_x0.1__svc__d4,matern25_med_x0.1,id_test,train_cv,100.0,0.9336109361236243,0.007505178451538086,0.9317269076305221,0.9388489208633093,0.9315679712886173,0.9348659003831418,0.9614126880313931,0.981337193831977,port_protocol_service_ablation,88,74,14,src_port|dst_port|proto_icmp|proto_tcp|proto_udp|service|service_dce_rpc|service_dns|service_ftp|service_gssapi|service_http|service_smb|service_smb_gssapi|service_ssl,ksf-v4-idsplit::
classical_ext,svc,4,matern25_med_x0.1__svc__d4,matern25_med_x0.1,ood_test,train_cv,100.0,0.9336109361236243,0.007505178451538086,0.902,0.9023910120990974,0.901990199019902,0.902970297029703,0.9415850457717174,0.9440477893618934,port_protocol_service_ablation,88,74,14,src_port|dst_port|proto_icmp|proto_tcp|proto_udp|service|service_dce_rpc|service_dns|service_ftp|service_gssapi|service_http|service_smb|service_smb_gssapi|service_ssl,ksf-v4-idsplit::
classical_ext,svc,4,matern25_med_x0.3__svc__d4,matern25_med_x0.3,id_val,fixed_c1,1.0,,0.005000114440917969,0.8286852589641435,0.8314993564993565,0.8277996713307912,0.8401486988847584,0.9484555984555985,0.9666910676433551,port_protocol_service_ablation,88,74,14,src_port|dst_port|proto_icmp|proto_tcp|proto_udp|service|service_dce_rpc|service_dns|service_ftp|service_gssapi|service_http|service_smb|service_smb_gssapi|service_ssl,ksf-v4-idsplit::
classical_ext,svc,4,matern25_med_x0.3__svc__d4,matern25_med_x0.3,id_test,fixed_c1,1.0,,0.005000114440917969,0.8594377510040161,0.8646173969914976,0.8589919909392444,0.8669201520912547,0.9531720078482668,0.9722930127889089,port_protocol_service_ablation,88,74,14,src_port|dst_port|proto_icmp|proto_tcp|proto_udp|service|service_dce_rpc|service_dns|service_ftp|service_gssapi|service_http|service_smb|service_smb_gssapi|service_ssl,ksf-v4-idsplit::
classical_ext,svc,4,matern25_med_x0.3__svc__d4,matern25_med_x0.3,ood_test,fixed_c1,1.0,,0.005000114440917969,0.916,0.9165546379873247,0.9159663865546218,0.9176470588235294,0.9520677293387108,0.9422282748800139,port_protocol_service_ablation,88,74,14,src_port|dst_port|proto_icmp|proto_tcp|proto_udp|service|service_dce_rpc|service_dns|service_ftp|service_gssapi|service_http|service_smb|service_smb_gssapi|service_ssl,ksf-v4-idsplit::
classical_ext,svc,4,matern25_med_x0.3__svc__d4,matern25_med_x0.3,id_val,train_cv,100.0,0.8810624339744899,0.007322072982788086,0.8326693227091634,0.835070785070785,0.8317049808429119,0.8444444444444444,0.9556628056628056,0.9712090965380746,port_protocol_service_ablation,88,74,14,src_port|dst_port|proto_icmp|proto_tcp|proto_udp|service|service_dce_rpc|service_dns|service_ftp|service_gssapi|service_http|service_smb|service_smb_gssapi|service_ssl,ksf-v4-idsplit::
classical_ext,svc,4,matern25_med_x0.3__svc__d4,matern25_med_x0.3,id_test,train_cv,100.0,0.8810624339744899,0.007322072982788086,0.8594377510040161,0.8646173969914976,0.8589919909392444,0.8669201520912547,0.9455853499018966,0.9685289005336364,port_protocol_service_ablation,88,74,14,src_port|dst_port|proto_icmp|proto_tcp|proto_udp|service|service_dce_rpc|service_dns|service_ftp|service_gssapi|service_http|service_smb|service_smb_gssapi|service_ssl,ksf-v4-idsplit::
classical_ext,svc,4,matern25_med_x0.3__svc__d4,matern25_med_x0.3,ood_test,train_cv,100.0,0.8810624339744899,0.007322072982788086,0.914,0.9145221176621214,0.9139721269691381,0.9155206286836935,0.963350617758146,0.9628635364322623,port_protocol_service_ablation,88,74,14,src_port|dst_port|proto_icmp|proto_tcp|proto_udp|service|service_dce_rpc|service_dns|service_ftp|service_gssapi|service_http|service_smb|service_smb_gssapi|service_ssl,ksf-v4-idsplit::
classical_ext,svc,4,matern25_med_x3__svc__d4,matern25_med_x3,id_val,fixed_c1,1.0,,0.005898952484130859,0.8565737051792829,0.8453024453024454,0.8508910891089109,0.88,0.9061776061776061,0.9232087236917114,port_protocol_service_ablation,88,74,14,src_port|dst_port|proto_icmp|proto_tcp|proto_udp|service|service_dce_rpc|service_dns|service_ftp|service_gssapi|service_http|service_smb|service_smb_gssapi|service_ssl,ksf-v4-idsplit::
classical_ext,svc,4,matern25_med_x3__svc__d4,matern25_med_x3,id_test,fixed_c1,1.0,,0.005898952484130859,0.8995983935742972,0.8920536298234141,0.8966582001095672,0.9140893470790378,0.9393067364290386,0.9476977727620488,port_protocol_service_ablation,88,74,14,src_port|dst_port|proto_icmp|proto_tcp|proto_udp|service|service_dce_rpc|service_dns|service_ftp|service_gssapi|service_http|service_smb|service_smb_gssapi|service_ssl,ksf-v4-idsplit::
classical_ext,svc,4,matern25_med_x3__svc__d4,matern25_med_x3,ood_test,fixed_c1,1.0,,0.005898952484130859,0.65,0.6502624671916011,0.6499873995463836,0.6520874751491054,0.6949299020549261,0.7240994619317318,port_protocol_service_ablation,88,74,14,src_port|dst_port|proto_icmp|proto_tcp|proto_udp|service|service_dce_rpc|service_dns|service_ftp|service_gssapi|service_http|service_smb|service_smb_gssapi|service_ssl,ksf-v4-idsplit::
classical_ext,svc,4,matern25_med_x3__svc__d4,matern25_med_x3,id_val,train_cv,100.0,0.8484763062140548,0.006304264068603516,0.8565737051792829,0.8453024453024454,0.8508910891089109,0.88,0.9353925353925355,0.9292207233008873,port_protocol_service_ablation,88,74,14,src_port|dst_port|proto_icmp|proto_tcp|proto_udp|service|service_dce_rpc|service_dns|service_ftp|service_gssapi|service_http|service_smb|service_smb_gssapi|service_ssl,ksf-v4-idsplit::
classical_ext,svc,4,matern25_med_x3__svc__d4,matern25_med_x3,id_test,train_cv,100.0,0.8484763062140548,0.006304264068603516,0.8995983935742972,0.8920536298234141,0.8966582001095672,0.9140893470790378,0.9539568345323741,0.9412269146130386,port_protocol_service_ablation,88,74,14,src_port|dst_port|proto_icmp|proto_tcp|proto_udp|service|service_dce_rpc|service_dns|service_ftp|service_gssapi|service_http|service_smb|service_smb_gssapi|service_ssl,ksf-v4-idsplit::
classical_ext,svc,4,matern25_med_x3__svc__d4,matern25_med_x3,ood_test,train_cv,100.0,0.8484763062140548,0.006304264068603516,0.774,0.7772389731771333,0.7655358439672165,0.8100840336134454,0.8965975289674156,0.8639830938424645,port_protocol_service_ablation,88,74,14,src_port|dst_port|proto_icmp|proto_tcp|proto_udp|service|service_dce_rpc|service_dns|service_ftp|service_gssapi|service_http|service_smb|service_smb_gssapi|service_ssl,ksf-v4-idsplit::
classical_ext,svc,4,matern25_med_x10__svc__d4,matern25_med_x10,id_val,fixed_c1,1.0,,0.00700688362121582,0.8446215139442231,0.827123552123552,0.8345250773365789,0.8753993610223643,0.9083655083655084,0.9286883400634187,port_protocol_service_ablation,88,74,14,src_port|dst_port|proto_icmp|proto_tcp|proto_udp|service|service_dce_rpc|service_dns|service_ftp|service_gssapi|service_http|service_smb|service_smb_gssapi|service_ssl,ksf-v4-idsplit::
classical_ext,svc,4,matern25_med_x10__svc__d4,matern25_med_x10,id_test,fixed_c1,1.0,,0.00700688362121582,0.8594377510040161,0.8456507521255723,0.8525006346788525,0.8844884488448845,0.9386527141922825,0.9498249482420758,port_protocol_service_ablation,88,74,14,src_port|dst_port|proto_icmp|proto_tcp|proto_udp|service|service_dce_rpc|service_dns|service_ftp|service_gssapi|service_http|service_smb|service_smb_gssapi|service_ssl,ksf-v4-idsplit::
classical_ext,svc,4,matern25_med_x10__svc__d4,matern25_med_x10,ood_test,fixed_c1,1.0,,0.00700688362121582,0.686,0.6907528327251776,0.6580280634804466,0.7558320373250389,0.745262787273542,0.7184388881365511,port_protocol_service_ablation,88,74,14,src_port|dst_port|proto_icmp|proto_tcp|proto_udp|service|service_dce_rpc|service_dns|service_ftp|service_gssapi|service_http|service_smb|service_smb_gssapi|service_ssl,ksf-v4-idsplit::
classical_ext,svc,4,matern25_med_x10__svc__d4,matern25_med_x10,id_val,train_cv,10.0,0.8250318189081813,0.005150794982910156,0.8565737051792829,0.8453024453024454,0.8508910891089109,0.88,0.9025740025740024,0.9213101660713311,port_protocol_service_ablation,88,74,14,src_port|dst_port|proto_icmp|proto_tcp|proto_udp|service|service_dce_rpc|service_dns|service_ftp|service_gssapi|service_http|service_smb|service_smb_gssapi|service_ssl,ksf-v4-idsplit::
classical_ext,svc,4,matern25_med_x10__svc__d4,matern25_med_x10,id_test,train_cv,10.0,0.8250318189081813,0.005150794982910156,0.8995983935742972,0.8920536298234141,0.8966582001095672,0.9140893470790378,0.9344669718770438,0.9445084865608568,port_protocol_service_ablation,88,74,14,src_port|dst_port|proto_icmp|proto_tcp|proto_udp|service|service_dce_rpc|service_dns|service_ftp|service_gssapi|service_http|service_smb|service_smb_gssapi|service_ssl,ksf-v4-idsplit::
classical_ext,svc,4,matern25_med_x10__svc__d4,matern25_med_x10,ood_test,train_cv,10.0,0.8250318189081813,0.005150794982910156,0.648,0.6482939632545932,0.6479774705581157,0.6507936507936508,0.7411337302349401,0.7407854086444442,port_protocol_service_ablation,88,74,14,src_port|dst_port|proto_icmp|proto_tcp|proto_udp|service|service_dce_rpc|service_dns|service_ftp|service_gssapi|service_http|service_smb|service_smb_gssapi|service_ssl,ksf-v4-idsplit::
quantum,svc,4,zz_r1_full__as0.5__svc__d4,zz_r1_full__as0.5,id_val,fixed_c1,1.0,,0.004000186920166016,0.8326693227091634,0.835070785070785,0.8317049808429119,0.8444444444444444,0.9510939510939511,0.9679485926616879,port_protocol_service_ablation,88,74,14,src_port|dst_port|proto_icmp|proto_tcp|proto_udp|service|service_dce_rpc|service_dns|service_ftp|service_gssapi|service_http|service_smb|service_smb_gssapi|service_ssl,ksf-v4-idsplit::
quantum,svc,4,zz_r1_full__as0.5__svc__d4,zz_r1_full__as0.5,id_test,fixed_c1,1.0,,0.004000186920166016,0.8594377510040161,0.8646173969914976,0.8589919909392444,0.8669201520912547,0.95297580117724,0.9715770756432469,port_protocol_service_ablation,88,74,14,src_port|dst_port|proto_icmp|proto_tcp|proto_udp|service|service_dce_rpc|service_dns|service_ftp|service_gssapi|service_http|service_smb|service_smb_gssapi|service_ssl,ksf-v4-idsplit::
quantum,svc,4,zz_r1_full__as0.5__svc__d4,zz_r1_full__as0.5,ood_test,fixed_c1,1.0,,0.004000186920166016,0.916,0.9165546379873247,0.9159663865546218,0.9176470588235294,0.9332469112092696,0.9056260661406262,port_protocol_service_ablation,88,74,14,src_port|dst_port|proto_icmp|proto_tcp|proto_udp|service|service_dce_rpc|service_dns|service_ftp|service_gssapi|service_http|service_smb|service_smb_gssapi|service_ssl,ksf-v4-idsplit::
quantum,svc,4,zz_r1_full__as0.5__svc__d4,zz_r1_full__as0.5,id_val,train_cv,10.0,0.8810721408275283,0.0040073394775390625,0.8326693227091634,0.835070785070785,0.8317049808429119,0.8444444444444444,0.9494851994851995,0.9676759482532424,port_protocol_service_ablation,88,74,14,src_port|dst_port|proto_icmp|proto_tcp|proto_udp|service|service_dce_rpc|service_dns|service_ftp|service_gssapi|service_http|service_smb|service_smb_gssapi|service_ssl,ksf-v4-idsplit::
quantum,svc,4,zz_r1_full__as0.5__svc__d4,zz_r1_full__as0.5,id_test,train_cv,10.0,0.8810721408275283,0.0040073394775390625,0.8594377510040161,0.8646173969914976,0.8589919909392444,0.8669201520912547,0.9391759319816874,0.9659250764906755,port_protocol_service_ablation,88,74,14,src_port|dst_port|proto_icmp|proto_tcp|proto_udp|service|service_dce_rpc|service_dns|service_ftp|service_gssapi|service_http|service_smb|service_smb_gssapi|service_ssl,ksf-v4-idsplit::
quantum,svc,4,zz_r1_full__as0.5__svc__d4,zz_r1_full__as0.5,ood_test,train_cv,10.0,0.8810721408275283,0.0040073394775390625,0.916,0.9165546379873247,0.9159663865546218,0.9176470588235294,0.9501632417898982,0.9412683435620828,port_protocol_service_ablation,88,74,14,src_port|dst_port|proto_icmp|proto_tcp|proto_udp|service|service_dce_rpc|service_dns|service_ftp|service_gssapi|service_http|service_smb|service_smb_gssapi|service_ssl,ksf-v4-idsplit::
quantum,svc,4,zz_r2_full__as0.5__svc__d4,zz_r2_full__as0.5,id_val,fixed_c1,1.0,,0.008611202239990234,0.8286852589641435,0.8314993564993565,0.8277996713307912,0.8401486988847584,0.9456241956241958,0.9659032026950483,port_protocol_service_ablation,88,74,14,src_port|dst_port|proto_icmp|proto_tcp|proto_udp|service|service_dce_rpc|service_dns|service_ftp|service_gssapi|service_http|service_smb|service_smb_gssapi|service_ssl,ksf-v4-idsplit::
quantum,svc,4,zz_r2_full__as0.5__svc__d4,zz_r2_full__as0.5,id_test,fixed_c1,1.0,,0.008611202239990234,0.8554216867469879,0.8600719424460432,0.8548951048951049,0.8636363636363636,0.9548724656638325,0.9720551733871965,port_protocol_service_ablation,88,74,14,src_port|dst_port|proto_icmp|proto_tcp|proto_udp|service|service_dce_rpc|service_dns|service_ftp|service_gssapi|service_http|service_smb|service_smb_gssapi|service_ssl,ksf-v4-idsplit::
quantum,svc,4,zz_r2_full__as0.5__svc__d4,zz_r2_full__as0.5,ood_test,fixed_c1,1.0,,0.008611202239990234,0.916,0.9165546379873247,0.9159663865546218,0.9176470588235294,0.9321586326099484,0.8945510797732985,port_protocol_service_ablation,88,74,14,src_port|dst_port|proto_icmp|proto_tcp|proto_udp|service|service_dce_rpc|service_dns|service_ftp|service_gssapi|service_http|service_smb|service_smb_gssapi|service_ssl,ksf-v4-idsplit::
quantum,svc,4,zz_r2_full__as0.5__svc__d4,zz_r2_full__as0.5,id_val,train_cv,100.0,0.9175481413687588,0.00599980354309082,0.8924302788844621,0.9035714285714286,0.892423448735654,0.8932806324110671,0.9167310167310166,0.9511261692205519,port_protocol_service_ablation,88,74,14,src_port|dst_port|proto_icmp|proto_tcp|proto_udp|service|service_dce_rpc|service_dns|service_ftp|service_gssapi|service_http|service_smb|service_smb_gssapi|service_ssl,ksf-v4-idsplit::
quantum,svc,4,zz_r2_full__as0.5__svc__d4,zz_r2_full__as0.5,id_test,train_cv,100.0,0.9175481413687588,0.00599980354309082,0.8875502008032129,0.8973839110529758,0.8875048405834516,0.889763779527559,0.899672988881622,0.9168376548288595,port_protocol_service_ablation,88,74,14,src_port|dst_port|proto_icmp|proto_tcp|proto_udp|service|service_dce_rpc|service_dns|service_ftp|service_gssapi|service_http|service_smb|service_smb_gssapi|service_ssl,ksf-v4-idsplit::
quantum,svc,4,zz_r2_full__as0.5__svc__d4,zz_r2_full__as0.5,ood_test,train_cv,100.0,0.9175481413687588,0.00599980354309082,0.898,0.8983899878368862,0.897989798979898,0.899009900990099,0.9228442481275207,0.9154834600521784,port_protocol_service_ablation,88,74,14,src_port|dst_port|proto_icmp|proto_tcp|proto_udp|service|service_dce_rpc|service_dns|service_ftp|service_gssapi|service_http|service_smb|service_smb_gssapi|service_ssl,ksf-v4-idsplit::
quantum,svc,4,pauli_xz_r1_full__as0.5__svc__d4,pauli_xz_r1_full__as0.5,id_val,fixed_c1,1.0,,0.0074462890625,0.8565737051792829,0.8453024453024454,0.8508910891089109,0.88,0.9297940797940798,0.9475359639904922,port_protocol_service_ablation,88,74,14,src_port|dst_port|proto_icmp|proto_tcp|proto_udp|service|service_dce_rpc|service_dns|service_ftp|service_gssapi|service_http|service_smb|service_smb_gssapi|service_ssl,ksf-v4-idsplit::
quantum,svc,4,pauli_xz_r1_full__as0.5__svc__d4,pauli_xz_r1_full__as0.5,id_test,fixed_c1,1.0,,0.0074462890625,0.8995983935742972,0.8920536298234141,0.8966582001095672,0.9140893470790378,0.9510137344669719,0.9609792912893651,port_protocol_service_ablation,88,74,14,src_port|dst_port|proto_icmp|proto_tcp|proto_udp|service|service_dce_rpc|service_dns|service_ftp|service_gssapi|service_http|service_smb|service_smb_gssapi|service_ssl,ksf-v4-idsplit::
quantum,svc,4,pauli_xz_r1_full__as0.5__svc__d4,pauli_xz_r1_full__as0.5,ood_test,fixed_c1,1.0,,0.0074462890625,0.754,0.755761474937584,0.7516145057128664,0.7759562841530054,0.7986204468343897,0.7756464480907688,port_protocol_service_ablation,88,74,14,src_port|dst_port|proto_icmp|proto_tcp|proto_udp|service|service_dce_rpc|service_dns|service_ftp|service_gssapi|service_http|service_smb|service_smb_gssapi|service_ssl,ksf-v4-idsplit::
quantum,svc,4,pauli_xz_r1_full__as0.5__svc__d4,pauli_xz_r1_full__as0.5,id_val,train_cv,100.0,0.8780715346444607,0.0072400569915771484,0.8247011952191236,0.826994851994852,0.8236909323116219,0.837037037037037,0.9627413127413128,0.9733290689965308,port_protocol_service_ablation,88,74,14,src_port|dst_port|proto_icmp|proto_tcp|proto_udp|service|service_dce_rpc|service_dns|service_ftp|service_gssapi|service_http|service_smb|service_smb_gssapi|service_ssl,ksf-v4-idsplit::
quantum,svc,4,pauli_xz_r1_full__as0.5__svc__d4,pauli_xz_r1_full__as0.5,id_test,train_cv,100.0,0.8780715346444607,0.0072400569915771484,0.8594377510040161,0.8646173969914976,0.8589919909392444,0.8669201520912547,0.9640287769784174,0.9765698656430641,port_protocol_service_ablation,88,74,14,src_port|dst_port|proto_icmp|proto_tcp|proto_udp|service|service_dce_rpc|service_dns|service_ftp|service_gssapi|service_http|service_smb|service_smb_gssapi|service_ssl,ksf-v4-idsplit::
quantum,svc,4,pauli_xz_r1_full__as0.5__svc__d4,pauli_xz_r1_full__as0.5,ood_test,train_cv,100.0,0.8780715346444607,0.0072400569915771484,0.918,0.918587158312528,0.9179602927817063,0.9197651663405088,0.9605018884834517,0.9542817835784789,port_protocol_service_ablation,88,74,14,src_port|dst_port|proto_icmp|proto_tcp|proto_udp|service|service_dce_rpc|service_dns|service_ftp|service_gssapi|service_http|service_smb|service_smb_gssapi|service_ssl,ksf-v4-idsplit::
quantum,svc,4,zmap_r2__as0.5__svc__d4,zmap_r2__as0.5,id_val,fixed_c1,1.0,,0.00687098503112793,0.8565737051792829,0.8453024453024454,0.8508910891089109,0.88,0.9504504504504506,0.9658600207612356,port_protocol_service_ablation,88,74,14,src_port|dst_port|proto_icmp|proto_tcp|proto_udp|service|service_dce_rpc|service_dns|service_ftp|service_gssapi|service_http|service_smb|service_smb_gssapi|service_ssl,ksf-v4-idsplit::
quantum,svc,4,zmap_r2__as0.5__svc__d4,zmap_r2__as0.5,id_test,fixed_c1,1.0,,0.00687098503112793,0.9036144578313253,0.8965990843688685,0.9009283819628646,0.9172413793103448,0.9656638325703075,0.9766292972078457,port_protocol_service_ablation,88,74,14,src_port|dst_port|proto_icmp|proto_tcp|proto_udp|service|service_dce_rpc|service_dns|service_ftp|service_gssapi|service_http|service_smb|service_smb_gssapi|service_ssl,ksf-v4-idsplit::
quantum,svc,4,zmap_r2__as0.5__svc__d4,zmap_r2__as0.5,ood_test,fixed_c1,1.0,,0.00687098503112793,0.776,0.7791434607259458,0.7681505034446211,0.8108108108108109,0.8410313040138275,0.8190215946036828,port_protocol_service_ablation,88,74,14,src_port|dst_port|proto_icmp|proto_tcp|proto_udp|service|service_dce_rpc|service_dns|service_ftp|service_gssapi|service_http|service_smb|service_smb_gssapi|service_ssl,ksf-v4-idsplit::
quantum,svc,4,zmap_r2__as0.5__svc__d4,zmap_r2__as0.5,id_val,train_cv,100.0,0.8800420258112245,0.0056629180908203125,0.8286852589641435,0.8314993564993565,0.8277996713307912,0.8401486988847584,0.9607464607464608,0.9724701684387491,port_protocol_service_ablation,88,74,14,src_port|dst_port|proto_icmp|proto_tcp|proto_udp|service|service_dce_rpc|service_dns|service_ftp|service_gssapi|service_http|service_smb|service_smb_gssapi|service_ssl,ksf-v4-idsplit::
quantum,svc,4,zmap_r2__as0.5__svc__d4,zmap_r2__as0.5,id_test,train_cv,100.0,0.8800420258112245,0.0056629180908203125,0.8594377510040161,0.8646173969914976,0.8589919909392444,0.8669201520912547,0.9654676258992805,0.9770478985951722,port_protocol_service_ablation,88,74,14,src_port|dst_port|proto_icmp|proto_tcp|proto_udp|service|service_dce_rpc|service_dns|service_ftp|service_gssapi|service_http|service_smb|service_smb_gssapi|service_ssl,ksf-v4-idsplit::
quantum,svc,4,zmap_r2__as0.5__svc__d4,zmap_r2__as0.5,ood_test,train_cv,100.0,0.8800420258112245,0.0056629180908203125,0.916,0.9165546379873247,0.9159663865546218,0.9176470588235294,0.9553485692337238,0.9579489287152244,port_protocol_service_ablation,88,74,14,src_port|dst_port|proto_icmp|proto_tcp|proto_udp|service|service_dce_rpc|service_dns|service_ftp|service_gssapi|service_http|service_smb|service_smb_gssapi|service_ssl,ksf-v4-idsplit::
quantum,svc,4,zz_r1_full__svc__d4,zz_r1_full,id_val,fixed_c1,1.0,,0.00531005859375,0.8326693227091634,0.835070785070785,0.8317049808429119,0.8444444444444444,0.9550193050193051,0.9690554295843008,port_protocol_service_ablation,88,74,14,src_port|dst_port|proto_icmp|proto_tcp|proto_udp|service|service_dce_rpc|service_dns|service_ftp|service_gssapi|service_http|service_smb|service_smb_gssapi|service_ssl,ksf-v4-idsplit::
quantum,svc,4,zz_r1_full__svc__d4,zz_r1_full,id_test,fixed_c1,1.0,,0.00531005859375,0.8554216867469879,0.8600719424460432,0.8548951048951049,0.8636363636363636,0.9744277305428385,0.980776832713878,port_protocol_service_ablation,88,74,14,src_port|dst_port|proto_icmp|proto_tcp|proto_udp|service|service_dce_rpc|service_dns|service_ftp|service_gssapi|service_http|service_smb|service_smb_gssapi|service_ssl,ksf-v4-idsplit::
quantum,svc,4,zz_r1_full__svc__d4,zz_r1_full,ood_test,fixed_c1,1.0,,0.00531005859375,0.916,0.9165546379873247,0.9159663865546218,0.9176470588235294,0.9379841239357276,0.9080515009148422,port_protocol_service_ablation,88,74,14,src_port|dst_port|proto_icmp|proto_tcp|proto_udp|service|service_dce_rpc|service_dns|service_ftp|service_gssapi|service_http|service_smb|service_smb_gssapi|service_ssl,ksf-v4-idsplit::
quantum,svc,4,zz_r1_full__svc__d4,zz_r1_full,id_val,train_cv,100.0,0.9255701320432163,0.005253314971923828,0.9043824701195219,0.9124195624195623,0.9042593769866497,0.9076923076923077,0.967953667953668,0.978101958820373,port_protocol_service_ablation,88,74,14,src_port|dst_port|proto_icmp|proto_tcp|proto_udp|service|service_dce_rpc|service_dns|service_ftp|service_gssapi|service_http|service_smb|service_smb_gssapi|service_ssl,ksf-v4-idsplit::
quantum,svc,4,zz_r1_full__svc__d4,zz_r1_full,id_test,train_cv,100.0,0.9255701320432163,0.005253314971923828,0.9196787148594378,0.926160889470242,0.91945917971277,0.9236641221374046,0.9436232831916286,0.9501849676442086,port_protocol_service_ablation,88,74,14,src_port|dst_port|proto_icmp|proto_tcp|proto_udp|service|service_dce_rpc|service_dns|service_ftp|service_gssapi|service_http|service_smb|service_smb_gssapi|service_ssl,ksf-v4-idsplit::
quantum,svc,4,zz_r1_full__svc__d4,zz_r1_full,ood_test,train_cv,100.0,0.9255701320432163,0.005253314971923828,0.894,0.8943889635746751,0.8939893989398939,0.8950495049504951,0.9156584085525894,0.9195148628274388,port_protocol_service_ablation,88,74,14,src_port|dst_port|proto_icmp|proto_tcp|proto_udp|service|service_dce_rpc|service_dns|service_ftp|service_gssapi|service_http|service_smb|service_smb_gssapi|service_ssl,ksf-v4-idsplit::
quantum,svc,4,zz_r2_full__svc__d4,zz_r2_full,id_val,fixed_c1,1.0,,0.008813142776489258,0.8326693227091634,0.835070785070785,0.8317049808429119,0.8444444444444444,0.9606821106821107,0.9725013808580214,port_protocol_service_ablation,88,74,14,src_port|dst_port|proto_icmp|proto_tcp|proto_udp|service|service_dce_rpc|service_dns|service_ftp|service_gssapi|service_http|service_smb|service_smb_gssapi|service_ssl,ksf-v4-idsplit::
quantum,svc,4,zz_r2_full__svc__d4,zz_r2_full,id_test,fixed_c1,1.0,,0.008813142776489258,0.8554216867469879,0.8600719424460432,0.8548951048951049,0.8636363636363636,0.9552648790058862,0.9727514801011451,port_protocol_service_ablation,88,74,14,src_port|dst_port|proto_icmp|proto_tcp|proto_udp|service|service_dce_rpc|service_dns|service_ftp|service_gssapi|service_http|service_smb|service_smb_gssapi|service_ssl,ksf-v4-idsplit::
quantum,svc,4,zz_r2_full__svc__d4,zz_r2_full,ood_test,fixed_c1,1.0,,0.008813142776489258,0.912,0.9125536137251136,0.9119647859143658,0.9137254901960784,0.928781768132642,0.9035279485261567,port_protocol_service_ablation,88,74,14,src_port|dst_port|proto_icmp|proto_tcp|proto_udp|service|service_dce_rpc|service_dns|service_ftp|service_gssapi|service_http|service_smb|service_smb_gssapi|service_ssl,ksf-v4-idsplit::
quantum,svc,4,zz_r2_full__svc__d4,zz_r2_full,id_val,train_cv,100.0,0.9326408391139234,0.00785684585571289,0.9203187250996016,0.9276383526383527,0.9201653944020356,0.9236641221374046,0.9752895752895753,0.9729158806438672,port_protocol_service_ablation,88,74,14,src_port|dst_port|proto_icmp|proto_tcp|proto_udp|service|service_dce_rpc|service_dns|service_ftp|service_gssapi|service_http|service_smb|service_smb_gssapi|service_ssl,ksf-v4-idsplit::
quantum,svc,4,zz_r2_full__svc__d4,zz_r2_full,id_test,train_cv,100.0,0.9326408391139234,0.00785684585571289,0.9357429718875502,0.9424460431654677,0.9355673437702161,0.9389312977099237,0.9961412688031394,0.9974574811302778,port_protocol_service_ablation,88,74,14,src_port|dst_port|proto_icmp|proto_tcp|proto_udp|service|service_dce_rpc|service_dns|service_ftp|service_gssapi|service_http|service_smb|service_smb_gssapi|service_ssl,ksf-v4-idsplit::
quantum,svc,4,zz_r2_full__svc__d4,zz_r2_full,ood_test,train_cv,100.0,0.9326408391139234,0.00785684585571289,0.908,0.9084885730747071,0.9079764419691441,0.9094488188976378,0.9435055374175789,0.9333934205710199,port_protocol_service_ablation,88,74,14,src_port|dst_port|proto_icmp|proto_tcp|proto_udp|service|service_dce_rpc|service_dns|service_ftp|service_gssapi|service_http|service_smb|service_smb_gssapi|service_ssl,ksf-v4-idsplit::
quantum,svc,4,pauli_xz_r1_full__svc__d4,pauli_xz_r1_full,id_val,fixed_c1,1.0,,0.007018327713012695,0.8247011952191236,0.826994851994852,0.8236909323116219,0.837037037037037,0.9513513513513513,0.9481592203846286,port_protocol_service_ablation,88,74,14,src_port|dst_port|proto_icmp|proto_tcp|proto_udp|service|service_dce_rpc|service_dns|service_ftp|service_gssapi|service_http|service_smb|service_smb_gssapi|service_ssl,ksf-v4-idsplit::
quantum,svc,4,pauli_xz_r1_full__svc__d4,pauli_xz_r1_full,id_test,fixed_c1,1.0,,0.007018327713012695,0.8594377510040161,0.8646173969914976,0.8589919909392444,0.8669201520912547,0.9626553302812296,0.9753836627079966,port_protocol_service_ablation,88,74,14,src_port|dst_port|proto_icmp|proto_tcp|proto_udp|service|service_dce_rpc|service_dns|service_ftp|service_gssapi|service_http|service_smb|service_smb_gssapi|service_ssl,ksf-v4-idsplit::
quantum,svc,4,pauli_xz_r1_full__svc__d4,pauli_xz_r1_full,ood_test,fixed_c1,1.0,,0.007018327713012695,0.902,0.9027751104282696,0.901886580887506,0.9052224371373307,0.9244926701235516,0.8996968734742433,port_protocol_service_ablation,88,74,14,src_port|dst_port|proto_icmp|proto_tcp|proto_udp|service|service_dce_rpc|service_dns|service_ftp|service_gssapi|service_http|service_smb|service_smb_gssapi|service_ssl,ksf-v4-idsplit::
quantum,svc,4,pauli_xz_r1_full__svc__d4,pauli_xz_r1_full,id_val,train_cv,100.0,0.882072534984591,0.0070018768310546875,0.8326693227091634,0.835070785070785,0.8317049808429119,0.8444444444444444,0.9557271557271557,0.970351391853524,port_protocol_service_ablation,88,74,14,src_port|dst_port|proto_icmp|proto_tcp|proto_udp|service|service_dce_rpc|service_dns|service_ftp|service_gssapi|service_http|service_smb|service_smb_gssapi|service_ssl,ksf-v4-idsplit::
quantum,svc,4,pauli_xz_r1_full__svc__d4,pauli_xz_r1_full,id_test,train_cv,100.0,0.882072534984591,0.0070018768310546875,0.8594377510040161,0.8646173969914976,0.8589919909392444,0.8669201520912547,0.9485938521909746,0.9696152218177891,port_protocol_service_ablation,88,74,14,src_port|dst_port|proto_icmp|proto_tcp|proto_udp|service|service_dce_rpc|service_dns|service_ftp|service_gssapi|service_http|service_smb|service_smb_gssapi|service_ssl,ksf-v4-idsplit::
quantum,svc,4,pauli_xz_r1_full__svc__d4,pauli_xz_r1_full,ood_test,train_cv,100.0,0.882072534984591,0.0070018768310546875,0.914,0.9145221176621214,0.9139721269691381,0.9155206286836935,0.9554766020101145,0.9585451229406518,port_protocol_service_ablation,88,74,14,src_port|dst_port|proto_icmp|proto_tcp|proto_udp|service|service_dce_rpc|service_dns|service_ftp|service_gssapi|service_http|service_smb|service_smb_gssapi|service_ssl,ksf-v4-idsplit::
quantum,svc,4,zmap_r2__svc__d4,zmap_r2,id_val,fixed_c1,1.0,,0.004996776580810547,0.8286852589641435,0.8314993564993565,0.8277996713307912,0.8401486988847584,0.949034749034749,0.9667121759800776,port_protocol_service_ablation,88,74,14,src_port|dst_port|proto_icmp|proto_tcp|proto_udp|service|service_dce_rpc|service_dns|service_ftp|service_gssapi|service_http|service_smb|service_smb_gssapi|service_ssl,ksf-v4-idsplit::
quantum,svc,4,zmap_r2__svc__d4,zmap_r2,id_test,fixed_c1,1.0,,0.004996776580810547,0.8594377510040161,0.8646173969914976,0.8589919909392444,0.8669201520912547,0.9616088947024198,0.9751446376357903,port_protocol_service_ablation,88,74,14,src_port|dst_port|proto_icmp|proto_tcp|proto_udp|service|service_dce_rpc|service_dns|service_ftp|service_gssapi|service_http|service_smb|service_smb_gssapi|service_ssl,ksf-v4-idsplit::
quantum,svc,4,zmap_r2__svc__d4,zmap_r2,ood_test,fixed_c1,1.0,,0.004996776580810547,0.9,0.9008066064912618,0.8998702318204392,0.9034749034749034,0.9529959669675436,0.9520953179512006,port_protocol_service_ablation,88,74,14,src_port|dst_port|proto_icmp|proto_tcp|proto_udp|service|service_dce_rpc|service_dns|service_ftp|service_gssapi|service_http|service_smb|service_smb_gssapi|service_ssl,ksf-v4-idsplit::
quantum,svc,4,zmap_r2__svc__d4,zmap_r2,id_val,train_cv,100.0,0.8820525329843909,0.009177446365356445,0.8326693227091634,0.835070785070785,0.8317049808429119,0.8444444444444444,0.9462676962676962,0.9668767001552381,port_protocol_service_ablation,88,74,14,src_port|dst_port|proto_icmp|proto_tcp|proto_udp|service|service_dce_rpc|service_dns|service_ftp|service_gssapi|service_http|service_smb|service_smb_gssapi|service_ssl,ksf-v4-idsplit::
quantum,svc,4,zmap_r2__svc__d4,zmap_r2,id_test,train_cv,100.0,0.8820525329843909,0.009177446365356445,0.8594377510040161,0.8646173969914976,0.8589919909392444,0.8669201520912547,0.9340745585349901,0.9642416642704065,port_protocol_service_ablation,88,74,14,src_port|dst_port|proto_icmp|proto_tcp|proto_udp|service|service_dce_rpc|service_dns|service_ftp|service_gssapi|service_http|service_smb|service_smb_gssapi|service_ssl,ksf-v4-idsplit::
quantum,svc,4,zmap_r2__svc__d4,zmap_r2,ood_test,train_cv,100.0,0.8820525329843909,0.009177446365356445,0.912,0.9125536137251136,0.9119647859143658,0.9137254901960784,0.9605819089686961,0.9548020580497909,port_protocol_service_ablation,88,74,14,src_port|dst_port|proto_icmp|proto_tcp|proto_udp|service|service_dce_rpc|service_dns|service_ftp|service_gssapi|service_http|service_smb|service_smb_gssapi|service_ssl,ksf-v4-idsplit::
quantum,svc,4,zz_r1_full__as2__svc__d4,zz_r1_full__as2,id_val,fixed_c1,1.0,,0.004258632659912109,0.8326693227091634,0.835070785070785,0.8317049808429119,0.8444444444444444,0.9680823680823681,0.9755605850843136,port_protocol_service_ablation,88,74,14,src_port|dst_port|proto_icmp|proto_tcp|proto_udp|service|service_dce_rpc|service_dns|service_ftp|service_gssapi|service_http|service_smb|service_smb_gssapi|service_ssl,ksf-v4-idsplit::
quantum,svc,4,zz_r1_full__as2__svc__d4,zz_r1_full__as2,id_test,fixed_c1,1.0,,0.004258632659912109,0.8594377510040161,0.8646173969914976,0.8589919909392444,0.8669201520912547,0.9777632439502942,0.9825689240293167,port_protocol_service_ablation,88,74,14,src_port|dst_port|proto_icmp|proto_tcp|proto_udp|service|service_dce_rpc|service_dns|service_ftp|service_gssapi|service_http|service_smb|service_smb_gssapi|service_ssl,ksf-v4-idsplit::
quantum,svc,4,zz_r1_full__as2__svc__d4,zz_r1_full__as2,ood_test,fixed_c1,1.0,,0.004258632659912109,0.914,0.9145221176621214,0.9139721269691381,0.9155206286836935,0.9662153511298892,0.9587903703539915,port_protocol_service_ablation,88,74,14,src_port|dst_port|proto_icmp|proto_tcp|proto_udp|service|service_dce_rpc|service_dns|service_ftp|service_gssapi|service_http|service_smb|service_smb_gssapi|service_ssl,ksf-v4-idsplit::
quantum,svc,4,zz_r1_full__as2__svc__d4,zz_r1_full__as2,id_val,train_cv,100.0,0.9499029074576125,0.007002592086791992,0.9601593625498008,0.9633526383526383,0.9598785166240409,0.9632352941176471,0.9767696267696268,0.9852589743745296,port_protocol_service_ablation,88,74,14,src_port|dst_port|proto_icmp|proto_tcp|proto_udp|service|service_dce_rpc|service_dns|service_ftp|service_gssapi|service_http|service_smb|service_smb_gssapi|service_ssl,ksf-v4-idsplit::
quantum,svc,4,zz_r1_full__as2__svc__d4,zz_r1_full__as2,id_test,train_cv,100.0,0.9499029074576125,0.007002592086791992,0.963855421686747,0.9676258992805755,0.96362072044285,0.966542750929368,0.9947024198822759,0.996864936420086,port_protocol_service_ablation,88,74,14,src_port|dst_port|proto_icmp|proto_tcp|proto_udp|service|service_dce_rpc|service_dns|service_ftp|service_gssapi|service_http|service_smb|service_smb_gssapi|service_ssl,ksf-v4-idsplit::
quantum,svc,4,zz_r1_full__as2__svc__d4,zz_r1_full__as2,ood_test,train_cv,100.0,0.9499029074576125,0.007002592086791992,0.912,0.9126816465015044,0.9119309538678324,0.914396887159533,0.9618942449267012,0.9622210272490583,port_protocol_service_ablation,88,74,14,src_port|dst_port|proto_icmp|proto_tcp|proto_udp|service|service_dce_rpc|service_dns|service_ftp|service_gssapi|service_http|service_smb|service_smb_gssapi|service_ssl,ksf-v4-idsplit::
quantum,svc,4,zz_r2_full__as2__svc__d4,zz_r2_full__as2,id_val,fixed_c1,1.0,,0.004499673843383789,0.8406374501992032,0.8412805662805662,0.839288001024459,0.8540145985401459,0.9624839124839125,0.9727446136919218,port_protocol_service_ablation,88,74,14,src_port|dst_port|proto_icmp|proto_tcp|proto_udp|service|service_dce_rpc|service_dns|service_ftp|service_gssapi|service_http|service_smb|service_smb_gssapi|service_ssl,ksf-v4-idsplit::
quantum,svc,4,zz_r2_full__as2__svc__d4,zz_r2_full__as2,id_test,fixed_c1,1.0,,0.004499673843383789,0.8795180722891566,0.8816546762589927,0.8786549707602339,0.8888888888888888,0.9774362328319163,0.9825997804372123,port_protocol_service_ablation,88,74,14,src_port|dst_port|proto_icmp|proto_tcp|proto_udp|service|service_dce_rpc|service_dns|service_ftp|service_gssapi|service_http|service_smb|service_smb_gssapi|service_ssl,ksf-v4-idsplit::
quantum,svc,4,zz_r2_full__as2__svc__d4,zz_r2_full__as2,ood_test,fixed_c1,1.0,,0.004499673843383789,0.908,0.9086806222392932,0.9079278154072793,0.9105058365758755,0.9606459253568913,0.9516112060905231,port_protocol_service_ablation,88,74,14,src_port|dst_port|proto_icmp|proto_tcp|proto_udp|service|service_dce_rpc|service_dns|service_ftp|service_gssapi|service_http|service_smb|service_smb_gssapi|service_ssl,ksf-v4-idsplit::
quantum,svc,4,zz_r2_full__as2__svc__d4,zz_r2_full__as2,id_val,train_cv,100.0,0.9519031074776144,0.0035130977630615234,0.9561752988047809,0.9588481338481338,0.9558360126045715,0.9597069597069597,0.9846203346203346,0.984294983643432,port_protocol_service_ablation,88,74,14,src_port|dst_port|proto_icmp|proto_tcp|proto_udp|service|service_dce_rpc|service_dns|service_ftp|service_gssapi|service_http|service_smb|service_smb_gssapi|service_ssl,ksf-v4-idsplit::
quantum,svc,4,zz_r2_full__as2__svc__d4,zz_r2_full__as2,id_test,train_cv,100.0,0.9519031074776144,0.0035130977630615234,0.9558232931726908,0.9585349901896665,0.9554757221581026,0.959409594095941,0.9963374754741661,0.9972983209024446,port_protocol_service_ablation,88,74,14,src_port|dst_port|proto_icmp|proto_tcp|proto_udp|service|service_dce_rpc|service_dns|service_ftp|service_gssapi|service_http|service_smb|service_smb_gssapi|service_ssl,ksf-v4-idsplit::
quantum,svc,4,zz_r2_full__as2__svc__d4,zz_r2_full__as2,ood_test,train_cv,100.0,0.9519031074776144,0.0035130977630615234,0.906,0.90664810191409,0.9059364130151982,0.9083820662768031,0.9513955572626593,0.9468017891373818,port_protocol_service_ablation,88,74,14,src_port|dst_port|proto_icmp|proto_tcp|proto_udp|service|service_dce_rpc|service_dns|service_ftp|service_gssapi|service_http|service_smb|service_smb_gssapi|service_ssl,ksf-v4-idsplit::
quantum,svc,4,pauli_xz_r1_full__as2__svc__d4,pauli_xz_r1_full__as2,id_val,fixed_c1,1.0,,0.005963563919067383,0.8645418326693227,0.8533783783783784,0.8591749174917491,0.8866666666666667,0.8563706563706563,0.8298137497750837,port_protocol_service_ablation,88,74,14,src_port|dst_port|proto_icmp|proto_tcp|proto_udp|service|service_dce_rpc|service_dns|service_ftp|service_gssapi|service_http|service_smb|service_smb_gssapi|service_ssl,ksf-v4-idsplit::
quantum,svc,4,pauli_xz_r1_full__as2__svc__d4,pauli_xz_r1_full__as2,id_test,fixed_c1,1.0,,0.005963563919067383,0.8995983935742972,0.8920536298234141,0.8966582001095672,0.9140893470790378,0.8898626553302812,0.8387932364504534,port_protocol_service_ablation,88,74,14,src_port|dst_port|proto_icmp|proto_tcp|proto_udp|service|service_dce_rpc|service_dns|service_ftp|service_gssapi|service_http|service_smb|service_smb_gssapi|service_ssl,ksf-v4-idsplit::
quantum,svc,4,pauli_xz_r1_full__as2__svc__d4,pauli_xz_r1_full__as2,ood_test,fixed_c1,1.0,,0.005963563919067383,0.776,0.7790794443377504,0.7684993799090534,0.8101694915254237,0.9143940848857308,0.8671366151942815,port_protocol_service_ablation,88,74,14,src_port|dst_port|proto_icmp|proto_tcp|proto_udp|service|service_dce_rpc|service_dns|service_ftp|service_gssapi|service_http|service_smb|service_smb_gssapi|service_ssl,ksf-v4-idsplit::
quantum,svc,4,pauli_xz_r1_full__as2__svc__d4,pauli_xz_r1_full__as2,id_val,train_cv,10.0,0.8800917486706655,0.0060367584228515625,0.8326693227091634,0.835070785070785,0.8317049808429119,0.8444444444444444,0.8846846846846848,0.8690793879795891,port_protocol_service_ablation,88,74,14,src_port|dst_port|proto_icmp|proto_tcp|proto_udp|service|service_dce_rpc|service_dns|service_ftp|service_gssapi|service_http|service_smb|service_smb_gssapi|service_ssl,ksf-v4-idsplit::
quantum,svc,4,pauli_xz_r1_full__as2__svc__d4,pauli_xz_r1_full__as2,id_test,train_cv,10.0,0.8800917486706655,0.0060367584228515625,0.8554216867469879,0.8600719424460432,0.8548951048951049,0.8636363636363636,0.9040549378678875,0.8667176474352332,port_protocol_service_ablation,88,74,14,src_port|dst_port|proto_icmp|proto_tcp|proto_udp|service|service_dce_rpc|service_dns|service_ftp|service_gssapi|service_http|service_smb|service_smb_gssapi|service_ssl,ksf-v4-idsplit::
quantum,svc,4,pauli_xz_r1_full__as2__svc__d4,pauli_xz_r1_full__as2,ood_test,train_cv,10.0,0.8800917486706655,0.0060367584228515625,0.916,0.9165546379873247,0.9159663865546218,0.9176470588235294,0.9306222392932589,0.9048222937115411,port_protocol_service_ablation,88,74,14,src_port|dst_port|proto_icmp|proto_tcp|proto_udp|service|service_dce_rpc|service_dns|service_ftp|service_gssapi|service_http|service_smb|service_smb_gssapi|service_ssl,ksf-v4-idsplit::
quantum,svc,4,zmap_r2__as2__svc__d4,zmap_r2__as2,id_val,fixed_c1,1.0,,0.0060999393463134766,0.848605577689243,0.8493564993564994,0.847323600973236,0.8613138686131386,0.8448519948519949,0.770735966038763,port_protocol_service_ablation,88,74,14,src_port|dst_port|proto_icmp|proto_tcp|proto_udp|service|service_dce_rpc|service_dns|service_ftp|service_gssapi|service_http|service_smb|service_smb_gssapi|service_ssl,ksf-v4-idsplit::
quantum,svc,4,zmap_r2__as2__svc__d4,zmap_r2__as2,id_test,fixed_c1,1.0,,0.0060999393463134766,0.8875502008032129,0.8888489208633094,0.8865825091098387,0.8970588235294118,0.8818181818181818,0.8188128731881713,port_protocol_service_ablation,88,74,14,src_port|dst_port|proto_icmp|proto_tcp|proto_udp|service|service_dce_rpc|service_dns|service_ftp|service_gssapi|service_http|service_smb|service_smb_gssapi|service_ssl,ksf-v4-idsplit::
quantum,svc,4,zmap_r2__as2__svc__d4,zmap_r2__as2,ood_test,fixed_c1,1.0,,0.0060999393463134766,0.92,0.9206196786377312,0.919953893442623,0.921875,0.929181870558863,0.9008582759318519,port_protocol_service_ablation,88,74,14,src_port|dst_port|proto_icmp|proto_tcp|proto_udp|service|service_dce_rpc|service_dns|service_ftp|service_gssapi|service_http|service_smb|service_smb_gssapi|service_ssl,ksf-v4-idsplit::
quantum,svc,4,zmap_r2__as2__svc__d4,zmap_r2__as2,id_val,train_cv,100.0,0.8830820356945658,0.013342857360839844,0.852589641434263,0.8529279279279279,0.8512294753704446,0.8654545454545455,0.9687902187902189,0.9780225630840738,port_protocol_service_ablation,88,74,14,src_port|dst_port|proto_icmp|proto_tcp|proto_udp|service|service_dce_rpc|service_dns|service_ftp|service_gssapi|service_http|service_smb|service_smb_gssapi|service_ssl,ksf-v4-idsplit::
quantum,svc,4,zmap_r2__as2__svc__d4,zmap_r2__as2,id_test,train_cv,100.0,0.8830820356945658,0.013342857360839844,0.8835341365461847,0.8852517985611511,0.8826178129622706,0.8929889298892989,0.9754087638979726,0.9831477585705553,port_protocol_service_ablation,88,74,14,src_port|dst_port|proto_icmp|proto_tcp|proto_udp|service|service_dce_rpc|service_dns|service_ftp|service_gssapi|service_http|service_smb|service_smb_gssapi|service_ssl,ksf-v4-idsplit::
quantum,svc,4,zmap_r2__as2__svc__d4,zmap_r2__as2,ood_test,train_cv,100.0,0.8830820356945658,0.013342857360839844,0.912,0.9124895973369183,0.9119774662313552,0.9133858267716536,0.9494750656167978,0.9325479068332059,port_protocol_service_ablation,88,74,14,src_port|dst_port|proto_icmp|proto_tcp|proto_udp|service|service_dce_rpc|service_dns|service_ftp|service_gssapi|service_http|service_smb|service_smb_gssapi|service_ssl,ksf-v4-idsplit::
classical_ext,svc,6,linear__svc__d6,linear,id_val,fixed_c1,1.0,,0.009000778198242188,0.8247011952191236,0.826994851994852,0.8236909323116219,0.837037037037037,0.9095881595881596,0.945903693750679,port_protocol_service_ablation,88,74,14,src_port|dst_port|proto_icmp|proto_tcp|proto_udp|service|service_dce_rpc|service_dns|service_ftp|service_gssapi|service_http|service_smb|service_smb_gssapi|service_ssl,ksf-v4-idsplit::
classical_ext,svc,6,linear__svc__d6,linear,id_test,fixed_c1,1.0,,0.009000778198242188,0.8554216867469879,0.8600719424460432,0.8548951048951049,0.8636363636363636,0.9227599738391106,0.9485493688611664,port_protocol_service_ablation,88,74,14,src_port|dst_port|proto_icmp|proto_tcp|proto_udp|service|service_dce_rpc|service_dns|service_ftp|service_gssapi|service_http|service_smb|service_smb_gssapi|service_ssl,ksf-v4-idsplit::
classical_ext,svc,6,linear__svc__d6,linear,ood_test,fixed_c1,1.0,,0.009000778198242188,0.776,0.7738941168939248,0.771256780602575,0.7383177570093458,0.8683823058703027,0.866571513192537,port_protocol_service_ablation,88,74,14,src_port|dst_port|proto_icmp|proto_tcp|proto_udp|service|service_dce_rpc|service_dns|service_ftp|service_gssapi|service_http|service_smb|service_smb_gssapi|service_ssl,ksf-v4-idsplit::
classical_ext,svc,6,linear__svc__d6,linear,id_val,train_cv,100.0,0.8747611795993524,0.011083841323852539,0.8286852589641435,0.8314993564993565,0.8277996713307912,0.8401486988847584,0.911904761904762,0.9231859923421499,port_protocol_service_ablation,88,74,14,src_port|dst_port|proto_icmp|proto_tcp|proto_udp|service|service_dce_rpc|service_dns|service_ftp|service_gssapi|service_http|service_smb|service_smb_gssapi|service_ssl,ksf-v4-idsplit::
classical_ext,svc,6,linear__svc__d6,linear,id_test,train_cv,100.0,0.8747611795993524,0.011083841323852539,0.8554216867469879,0.8600719424460432,0.8548951048951049,0.8636363636363636,0.9449313276651407,0.9509022506905178,port_protocol_service_ablation,88,74,14,src_port|dst_port|proto_icmp|proto_tcp|proto_udp|service|service_dce_rpc|service_dns|service_ftp|service_gssapi|service_http|service_smb|service_smb_gssapi|service_ssl,ksf-v4-idsplit::
classical_ext,svc,6,linear__svc__d6,linear,ood_test,train_cv,100.0,0.8747611795993524,0.011083841323852539,0.892,0.891204148261955,0.8915558126084442,0.8846153846153846,0.9502112540810448,0.9378080245170568,port_protocol_service_ablation,88,74,14,src_port|dst_port|proto_icmp|proto_tcp|proto_udp|service|service_dce_rpc|service_dns|service_ftp|service_gssapi|service_http|service_smb|service_smb_gssapi|service_ssl,ksf-v4-idsplit::
classical_ext,svc,6,rbf_gscale__svc__d6,rbf_gscale,id_val,fixed_c1,1.0,,0.006563663482666016,0.8247011952191236,0.826994851994852,0.8236909323116219,0.837037037037037,0.9432432432432434,0.9547100805285373,port_protocol_service_ablation,88,74,14,src_port|dst_port|proto_icmp|proto_tcp|proto_udp|service|service_dce_rpc|service_dns|service_ftp|service_gssapi|service_http|service_smb|service_smb_gssapi|service_ssl,ksf-v4-idsplit::
classical_ext,svc,6,rbf_gscale__svc__d6,rbf_gscale,id_test,fixed_c1,1.0,,0.006563663482666016,0.8554216867469879,0.8600719424460432,0.8548951048951049,0.8636363636363636,0.9621975147155003,0.9709300780429604,port_protocol_service_ablation,88,74,14,src_port|dst_port|proto_icmp|proto_tcp|proto_udp|service|service_dce_rpc|service_dns|service_ftp|service_gssapi|service_http|service_smb|service_smb_gssapi|service_ssl,ksf-v4-idsplit::
classical_ext,svc,6,rbf_gscale__svc__d6,rbf_gscale,ood_test,fixed_c1,1.0,,0.006563663482666016,0.916,0.9165546379873247,0.9159663865546218,0.9176470588235294,0.9325267268420716,0.8906138503609557,port_protocol_service_ablation,88,74,14,src_port|dst_port|proto_icmp|proto_tcp|proto_udp|service|service_dce_rpc|service_dns|service_ftp|service_gssapi|service_http|service_smb|service_smb_gssapi|service_ssl,ksf-v4-idsplit::
classical_ext,svc,6,rbf_gscale__svc__d6,rbf_gscale,id_val,train_cv,100.0,0.8790519268013235,0.005007505416870117,0.8286852589641435,0.8314993564993565,0.8277996713307912,0.8401486988847584,0.9619047619047619,0.9729283397600483,port_protocol_service_ablation,88,74,14,src_port|dst_port|proto_icmp|proto_tcp|proto_udp|service|service_dce_rpc|service_dns|service_ftp|service_gssapi|service_http|service_smb|service_smb_gssapi|service_ssl,ksf-v4-idsplit::
classical_ext,svc,6,rbf_gscale__svc__d6,rbf_gscale,id_test,train_cv,100.0,0.8790519268013235,0.005007505416870117,0.8594377510040161,0.8646173969914976,0.8589919909392444,0.8669201520912547,0.9663178548070634,0.9778145465395918,port_protocol_service_ablation,88,74,14,src_port|dst_port|proto_icmp|proto_tcp|proto_udp|service|service_dce_rpc|service_dns|service_ftp|service_gssapi|service_http|service_smb|service_smb_gssapi|service_ssl,ksf-v4-idsplit::
classical_ext,svc,6,rbf_gscale__svc__d6,rbf_gscale,ood_test,train_cv,100.0,0.8790519268013235,0.005007505416870117,0.916,0.9165546379873247,0.9159663865546218,0.9176470588235294,0.9646309455220535,0.9675774298563662,port_protocol_service_ablation,88,74,14,src_port|dst_port|proto_icmp|proto_tcp|proto_udp|service|service_dce_rpc|service_dns|service_ftp|service_gssapi|service_http|service_smb|service_smb_gssapi|service_ssl,ksf-v4-idsplit::
classical_ext,svc,6,poly2__svc__d6,poly2,id_val,fixed_c1,1.0,,0.0049970149993896484,0.8247011952191236,0.826994851994852,0.8236909323116219,0.837037037037037,0.9086229086229086,0.9450447944366303,port_protocol_service_ablation,88,74,14,src_port|dst_port|proto_icmp|proto_tcp|proto_udp|service|service_dce_rpc|service_dns|service_ftp|service_gssapi|service_http|service_smb|service_smb_gssapi|service_ssl,ksf-v4-idsplit::
classical_ext,svc,6,poly2__svc__d6,poly2,id_test,fixed_c1,1.0,,0.0049970149993896484,0.8554216867469879,0.8600719424460432,0.8548951048951049,0.8636363636363636,0.9257030739045128,0.9544449131518558,port_protocol_service_ablation,88,74,14,src_port|dst_port|proto_icmp|proto_tcp|proto_udp|service|service_dce_rpc|service_dns|service_ftp|service_gssapi|service_http|service_smb|service_smb_gssapi|service_ssl,ksf-v4-idsplit::
classical_ext,svc,6,poly2__svc__d6,poly2,ood_test,fixed_c1,1.0,,0.0049970149993896484,0.796,0.7935791562640035,0.7903615646426281,0.7559808612440191,0.8779687600025607,0.8733384885605935,port_protocol_service_ablation,88,74,14,src_port|dst_port|proto_icmp|proto_tcp|proto_udp|service|service_dce_rpc|service_dns|service_ftp|service_gssapi|service_http|service_smb|service_smb_gssapi|service_ssl,ksf-v4-idsplit::
classical_ext,svc,6,poly2__svc__d6,poly2,id_val,train_cv,100.0,0.8740208354568949,0.0066835880279541016,0.8286852589641435,0.8314993564993565,0.8277996713307912,0.8401486988847584,0.9188545688545688,0.9278784229307555,port_protocol_service_ablation,88,74,14,src_port|dst_port|proto_icmp|proto_tcp|proto_udp|service|service_dce_rpc|service_dns|service_ftp|service_gssapi|service_http|service_smb|service_smb_gssapi|service_ssl,ksf-v4-idsplit::
classical_ext,svc,6,poly2__svc__d6,poly2,id_test,train_cv,100.0,0.8740208354568949,0.0066835880279541016,0.8554216867469879,0.8600719424460432,0.8548951048951049,0.8636363636363636,0.9469587965990843,0.9479489873436502,port_protocol_service_ablation,88,74,14,src_port|dst_port|proto_icmp|proto_tcp|proto_udp|service|service_dce_rpc|service_dns|service_ftp|service_gssapi|service_http|service_smb|service_smb_gssapi|service_ssl,ksf-v4-idsplit::
classical_ext,svc,6,poly2__svc__d6,poly2,ood_test,train_cv,100.0,0.8740208354568949,0.0066835880279541016,0.914,0.9145861340503169,0.9139583558442286,0.9158512720156555,0.9584693681582485,0.956712853856555,port_protocol_service_ablation,88,74,14,src_port|dst_port|proto_icmp|proto_tcp|proto_udp|service|service_dce_rpc|service_dns|service_ftp|service_gssapi|service_http|service_smb|service_smb_gssapi|service_ssl,ksf-v4-idsplit::
classical_ext,svc,6,poly3__svc__d6,poly3,id_val,fixed_c1,1.0,,0.005000114440917969,0.8247011952191236,0.826994851994852,0.8236909323116219,0.837037037037037,0.9424066924066924,0.9599120267590142,port_protocol_service_ablation,88,74,14,src_port|dst_port|proto_icmp|proto_tcp|proto_udp|service|service_dce_rpc|service_dns|service_ftp|service_gssapi|service_http|service_smb|service_smb_gssapi|service_ssl,ksf-v4-idsplit::
classical_ext,svc,6,poly3__svc__d6,poly3,id_test,fixed_c1,1.0,,0.005000114440917969,0.8554216867469879,0.8600719424460432,0.8548951048951049,0.8636363636363636,0.9540876389797254,0.9671045088282226,port_protocol_service_ablation,88,74,14,src_port|dst_port|proto_icmp|proto_tcp|proto_udp|service|service_dce_rpc|service_dns|service_ftp|service_gssapi|service_http|service_smb|service_smb_gssapi|service_ssl,ksf-v4-idsplit::
classical_ext,svc,6,poly3__svc__d6,poly3,ood_test,fixed_c1,1.0,,0.005000114440917969,0.794,0.7916106523269957,0.7884480301019968,0.7541766109785203,0.932894821074195,0.921759101935027,port_protocol_service_ablation,88,74,14,src_port|dst_port|proto_icmp|proto_tcp|proto_udp|service|service_dce_rpc|service_dns|service_ftp|service_gssapi|service_http|service_smb|service_smb_gssapi|service_ssl,ksf-v4-idsplit::
classical_ext,svc,6,poly3__svc__d6,poly3,id_val,train_cv,100.0,0.8760810414774971,0.006007194519042969,0.8286852589641435,0.8314993564993565,0.8277996713307912,0.8401486988847584,0.9185971685971687,0.9277155460532447,port_protocol_service_ablation,88,74,14,src_port|dst_port|proto_icmp|proto_tcp|proto_udp|service|service_dce_rpc|service_dns|service_ftp|service_gssapi|service_http|service_smb|service_smb_gssapi|service_ssl,ksf-v4-idsplit::
classical_ext,svc,6,poly3__svc__d6,poly3,id_test,train_cv,100.0,0.8760810414774971,0.006007194519042969,0.8554216867469879,0.8600719424460432,0.8548951048951049,0.8636363636363636,0.9317200784826685,0.9442246762250787,port_protocol_service_ablation,88,74,14,src_port|dst_port|proto_icmp|proto_tcp|proto_udp|service|service_dce_rpc|service_dns|service_ftp|service_gssapi|service_http|service_smb|service_smb_gssapi|service_ssl,ksf-v4-idsplit::
classical_ext,svc,6,poly3__svc__d6,poly3,ood_test,train_cv,100.0,0.8760810414774971,0.006007194519042969,0.912,0.912617630113309,0.9119492827868853,0.9140625,0.9580532616349785,0.9554849873538671,port_protocol_service_ablation,88,74,14,src_port|dst_port|proto_icmp|proto_tcp|proto_udp|service|service_dce_rpc|service_dns|service_ftp|service_gssapi|service_http|service_smb|service_smb_gssapi|service_ssl,ksf-v4-idsplit::
classical_ext,svc,6,laplacian_med__svc__d6,laplacian_med,id_val,fixed_c1,1.0,,0.003957033157348633,0.8247011952191236,0.826994851994852,0.8236909323116219,0.837037037037037,0.968983268983269,0.9762985910691983,port_protocol_service_ablation,88,74,14,src_port|dst_port|proto_icmp|proto_tcp|proto_udp|service|service_dce_rpc|service_dns|service_ftp|service_gssapi|service_http|service_smb|service_smb_gssapi|service_ssl,ksf-v4-idsplit::
classical_ext,svc,6,laplacian_med__svc__d6,laplacian_med,id_test,fixed_c1,1.0,,0.003957033157348633,0.8594377510040161,0.8646173969914976,0.8589919909392444,0.8669201520912547,0.9803139306736429,0.9844897345297994,port_protocol_service_ablation,88,74,14,src_port|dst_port|proto_icmp|proto_tcp|proto_udp|service|service_dce_rpc|service_dns|service_ftp|service_gssapi|service_http|service_smb|service_smb_gssapi|service_ssl,ksf-v4-idsplit::
classical_ext,svc,6,laplacian_med__svc__d6,laplacian_med,ood_test,fixed_c1,1.0,,0.003957033157348633,0.916,0.9165546379873247,0.9159663865546218,0.9176470588235294,0.972312912105499,0.9584568137308647,port_protocol_service_ablation,88,74,14,src_port|dst_port|proto_icmp|proto_tcp|proto_udp|service|service_dce_rpc|service_dns|service_ftp|service_gssapi|service_http|service_smb|service_smb_gssapi|service_ssl,ksf-v4-idsplit::
classical_ext,svc,6,laplacian_med__svc__d6,laplacian_med,id_val,train_cv,100.0,0.9669558132283816,0.004056453704833984,0.9681274900398407,0.9704954954954954,0.9678576002048918,0.9708029197080292,0.9985842985842986,0.9988454966384117,port_protocol_service_ablation,88,74,14,src_port|dst_port|proto_icmp|proto_tcp|proto_udp|service|service_dce_rpc|service_dns|service_ftp|service_gssapi|service_http|service_smb|service_smb_gssapi|service_ssl,ksf-v4-idsplit::
classical_ext,svc,6,laplacian_med__svc__d6,laplacian_med,id_test,train_cv,100.0,0.9669558132283816,0.004056453704833984,0.9759036144578314,0.9784172661870504,0.9756962519521082,0.9779411764705882,0.9998037933289732,0.9998480089168101,port_protocol_service_ablation,88,74,14,src_port|dst_port|proto_icmp|proto_tcp|proto_udp|service|service_dce_rpc|service_dns|service_ftp|service_gssapi|service_http|service_smb|service_smb_gssapi|service_ssl,ksf-v4-idsplit::
classical_ext,svc,6,laplacian_med__svc__d6,laplacian_med,ood_test,train_cv,100.0,0.9669558132283816,0.004056453704833984,0.934,0.934335189808591,0.933997623914461,0.9343936381709742,0.9813392228410474,0.9763077334670371,port_protocol_service_ablation,88,74,14,src_port|dst_port|proto_icmp|proto_tcp|proto_udp|service|service_dce_rpc|service_dns|service_ftp|service_gssapi|service_http|service_smb|service_smb_gssapi|service_ssl,ksf-v4-idsplit::
classical_ext,svc,6,matern15_med__svc__d6,matern15_med,id_val,fixed_c1,1.0,,0.00800633430480957,0.8247011952191236,0.826994851994852,0.8236909323116219,0.837037037037037,0.9574002574002575,0.9692581137508327,port_protocol_service_ablation,88,74,14,src_port|dst_port|proto_icmp|proto_tcp|proto_udp|service|service_dce_rpc|service_dns|service_ftp|service_gssapi|service_http|service_smb|service_smb_gssapi|service_ssl,ksf-v4-idsplit::
classical_ext,svc,6,matern15_med__svc__d6,matern15_med,id_test,fixed_c1,1.0,,0.00800633430480957,0.8554216867469879,0.8600719424460432,0.8548951048951049,0.8636363636363636,0.9671026814911706,0.9760487512873576,port_protocol_service_ablation,88,74,14,src_port|dst_port|proto_icmp|proto_tcp|proto_udp|service|service_dce_rpc|service_dns|service_ftp|service_gssapi|service_http|service_smb|service_smb_gssapi|service_ssl,ksf-v4-idsplit::
classical_ext,svc,6,matern15_med__svc__d6,matern15_med,ood_test,fixed_c1,1.0,,0.00800633430480957,0.932,0.9323026694833878,0.9319989119825918,0.9322709163346613,0.9339190832853211,0.8888939585393094,port_protocol_service_ablation,88,74,14,src_port|dst_port|proto_icmp|proto_tcp|proto_udp|service|service_dce_rpc|service_dns|service_ftp|service_gssapi|service_http|service_smb|service_smb_gssapi|service_ssl,ksf-v4-idsplit::
classical_ext,svc,6,matern15_med__svc__d6,matern15_med,id_val,train_cv,10.0,0.8790319248011235,0.010544776916503906,0.8247011952191236,0.826994851994852,0.8236909323116219,0.837037037037037,0.9613256113256113,0.9724590695909244,port_protocol_service_ablation,88,74,14,src_port|dst_port|proto_icmp|proto_tcp|proto_udp|service|service_dce_rpc|service_dns|service_ftp|service_gssapi|service_http|service_smb|service_smb_gssapi|service_ssl,ksf-v4-idsplit::
classical_ext,svc,6,matern15_med__svc__d6,matern15_med,id_test,train_cv,10.0,0.8790319248011235,0.010544776916503906,0.8594377510040161,0.8646173969914976,0.8589919909392444,0.8669201520912547,0.9611510791366905,0.975427721923099,port_protocol_service_ablation,88,74,14,src_port|dst_port|proto_icmp|proto_tcp|proto_udp|service|service_dce_rpc|service_dns|service_ftp|service_gssapi|service_http|service_smb|service_smb_gssapi|service_ssl,ksf-v4-idsplit::
classical_ext,svc,6,matern15_med__svc__d6,matern15_med,ood_test,train_cv,10.0,0.8790319248011235,0.010544776916503906,0.916,0.9165546379873247,0.9159663865546218,0.9176470588235294,0.9525958645413226,0.9250452692587294,port_protocol_service_ablation,88,74,14,src_port|dst_port|proto_icmp|proto_tcp|proto_udp|service|service_dce_rpc|service_dns|service_ftp|service_gssapi|service_http|service_smb|service_smb_gssapi|service_ssl,ksf-v4-idsplit::
classical_ext,svc,6,matern25_med__svc__d6,matern25_med,id_val,fixed_c1,1.0,,0.010502099990844727,0.8247011952191236,0.826994851994852,0.8236909323116219,0.837037037037037,0.9436936936936937,0.9506858356959202,port_protocol_service_ablation,88,74,14,src_port|dst_port|proto_icmp|proto_tcp|proto_udp|service|service_dce_rpc|service_dns|service_ftp|service_gssapi|service_http|service_smb|service_smb_gssapi|service_ssl,ksf-v4-idsplit::
classical_ext,svc,6,matern25_med__svc__d6,matern25_med,id_test,fixed_c1,1.0,,0.010502099990844727,0.8554216867469879,0.8600719424460432,0.8548951048951049,0.8636363636363636,0.968541530412034,0.9727488929287169,port_protocol_service_ablation,88,74,14,src_port|dst_port|proto_icmp|proto_tcp|proto_udp|service|service_dce_rpc|service_dns|service_ftp|service_gssapi|service_http|service_smb|service_smb_gssapi|service_ssl,ksf-v4-idsplit::
classical_ext,svc,6,matern25_med__svc__d6,matern25_med,ood_test,fixed_c1,1.0,,0.010502099990844727,0.796,0.7935791562640035,0.7903615646426281,0.7559808612440191,0.9330868702387811,0.8889184425857951,port_protocol_service_ablation,88,74,14,src_port|dst_port|proto_icmp|proto_tcp|proto_udp|service|service_dce_rpc|service_dns|service_ftp|service_gssapi|service_http|service_smb|service_smb_gssapi|service_ssl,ksf-v4-idsplit::
classical_ext,svc,6,matern25_med__svc__d6,matern25_med,id_val,train_cv,10.0,0.8790319248011235,0.007999658584594727,0.8247011952191236,0.826994851994852,0.8236909323116219,0.837037037037037,0.8754826254826255,0.8603444447230097,port_protocol_service_ablation,88,74,14,src_port|dst_port|proto_icmp|proto_tcp|proto_udp|service|service_dce_rpc|service_dns|service_ftp|service_gssapi|service_http|service_smb|service_smb_gssapi|service_ssl,ksf-v4-idsplit::
classical_ext,svc,6,matern25_med__svc__d6,matern25_med,id_test,train_cv,10.0,0.8790319248011235,0.007999658584594727,0.8554216867469879,0.8600719424460432,0.8548951048951049,0.8636363636363636,0.9102027468933944,0.9077818260317545,port_protocol_service_ablation,88,74,14,src_port|dst_port|proto_icmp|proto_tcp|proto_udp|service|service_dce_rpc|service_dns|service_ftp|service_gssapi|service_http|service_smb|service_smb_gssapi|service_ssl,ksf-v4-idsplit::
classical_ext,svc,6,matern25_med__svc__d6,matern25_med,ood_test,train_cv,10.0,0.8790319248011235,0.007999658584594727,0.916,0.9165546379873247,0.9159663865546218,0.9176470588235294,0.9332789194033672,0.8881492572671246,port_protocol_service_ablation,88,74,14,src_port|dst_port|proto_icmp|proto_tcp|proto_udp|service|service_dce_rpc|service_dns|service_ftp|service_gssapi|service_http|service_smb|service_smb_gssapi|service_ssl,ksf-v4-idsplit::
classical_ext,svc,6,rbf_gscale_x0.1__svc__d6,rbf_gscale_x0.1,id_val,fixed_c1,1.0,,0.008063077926635742,0.8247011952191236,0.826994851994852,0.8236909323116219,0.837037037037037,0.9184684684684685,0.9492459632416563,port_protocol_service_ablation,88,74,14,src_port|dst_port|proto_icmp|proto_tcp|proto_udp|service|service_dce_rpc|service_dns|service_ftp|service_gssapi|service_http|service_smb|service_smb_gssapi|service_ssl,ksf-v4-idsplit::
classical_ext,svc,6,rbf_gscale_x0.1__svc__d6,rbf_gscale_x0.1,id_test,fixed_c1,1.0,,0.008063077926635742,0.8554216867469879,0.8600719424460432,0.8548951048951049,0.8636363636363636,0.9373446697187705,0.9597406689234234,port_protocol_service_ablation,88,74,14,src_port|dst_port|proto_icmp|proto_tcp|proto_udp|service|service_dce_rpc|service_dns|service_ftp|service_gssapi|service_http|service_smb|service_smb_gssapi|service_ssl,ksf-v4-idsplit::
classical_ext,svc,6,rbf_gscale_x0.1__svc__d6,rbf_gscale_x0.1,ood_test,fixed_c1,1.0,,0.008063077926635742,0.79,0.7876736444529799,0.7846233369844806,0.7505938242280285,0.8693425516932336,0.8667610297426931,port_protocol_service_ablation,88,74,14,src_port|dst_port|proto_icmp|proto_tcp|proto_udp|service|service_dce_rpc|service_dns|service_ftp|service_gssapi|service_http|service_smb|service_smb_gssapi|service_ssl,ksf-v4-idsplit::
classical_ext,svc,6,rbf_gscale_x0.1__svc__d6,rbf_gscale_x0.1,id_val,train_cv,100.0,0.8780418257912226,0.008779764175415039,0.8247011952191236,0.826994851994852,0.8236909323116219,0.837037037037037,0.8707850707850707,0.8544573081669693,port_protocol_service_ablation,88,74,14,src_port|dst_port|proto_icmp|proto_tcp|proto_udp|service|service_dce_rpc|service_dns|service_ftp|service_gssapi|service_http|service_smb|service_smb_gssapi|service_ssl,ksf-v4-idsplit::
classical_ext,svc,6,rbf_gscale_x0.1__svc__d6,rbf_gscale_x0.1,id_test,train_cv,100.0,0.8780418257912226,0.008779764175415039,0.8554216867469879,0.8600719424460432,0.8548951048951049,0.8636363636363636,0.9183126226291695,0.9098369882798596,port_protocol_service_ablation,88,74,14,src_port|dst_port|proto_icmp|proto_tcp|proto_udp|service|service_dce_rpc|service_dns|service_ftp|service_gssapi|service_http|service_smb|service_smb_gssapi|service_ssl,ksf-v4-idsplit::
classical_ext,svc,6,rbf_gscale_x0.1__svc__d6,rbf_gscale_x0.1,ood_test,train_cv,100.0,0.8780418257912226,0.008779764175415039,0.916,0.9165546379873247,0.9159663865546218,0.9176470588235294,0.9349593495934959,0.8961235072907509,port_protocol_service_ablation,88,74,14,src_port|dst_port|proto_icmp|proto_tcp|proto_udp|service|service_dce_rpc|service_dns|service_ftp|service_gssapi|service_http|service_smb|service_smb_gssapi|service_ssl,ksf-v4-idsplit::
classical_ext,svc,6,rbf_gscale_x0.3__svc__d6,rbf_gscale_x0.3,id_val,fixed_c1,1.0,,0.004579067230224609,0.8247011952191236,0.826994851994852,0.8236909323116219,0.837037037037037,0.9573359073359073,0.9672233147041318,port_protocol_service_ablation,88,74,14,src_port|dst_port|proto_icmp|proto_tcp|proto_udp|service|service_dce_rpc|service_dns|service_ftp|service_gssapi|service_http|service_smb|service_smb_gssapi|service_ssl,ksf-v4-idsplit::
classical_ext,svc,6,rbf_gscale_x0.3__svc__d6,rbf_gscale_x0.3,id_test,fixed_c1,1.0,,0.004579067230224609,0.8554216867469879,0.8600719424460432,0.8548951048951049,0.8636363636363636,0.9729234793982996,0.9780366474349192,port_protocol_service_ablation,88,74,14,src_port|dst_port|proto_icmp|proto_tcp|proto_udp|service|service_dce_rpc|service_dns|service_ftp|service_gssapi|service_http|service_smb|service_smb_gssapi|service_ssl,ksf-v4-idsplit::
classical_ext,svc,6,rbf_gscale_x0.3__svc__d6,rbf_gscale_x0.3,ood_test,fixed_c1,1.0,,0.004579067230224609,0.794,0.7915466359388004,0.7881626088494555,0.7529976019184652,0.9269733051661225,0.9146744928473803,port_protocol_service_ablation,88,74,14,src_port|dst_port|proto_icmp|proto_tcp|proto_udp|service|service_dce_rpc|service_dns|service_ftp|service_gssapi|service_http|service_smb|service_smb_gssapi|service_ssl,ksf-v4-idsplit::
classical_ext,svc,6,rbf_gscale_x0.3__svc__d6,rbf_gscale_x0.3,id_val,train_cv,10.0,0.8780418257912226,0.005507469177246094,0.8247011952191236,0.826994851994852,0.8236909323116219,0.837037037037037,0.872072072072072,0.8549517828481199,port_protocol_service_ablation,88,74,14,src_port|dst_port|proto_icmp|proto_tcp|proto_udp|service|service_dce_rpc|service_dns|service_ftp|service_gssapi|service_http|service_smb|service_smb_gssapi|service_ssl,ksf-v4-idsplit::
classical_ext,svc,6,rbf_gscale_x0.3__svc__d6,rbf_gscale_x0.3,id_test,train_cv,10.0,0.8780418257912226,0.005507469177246094,0.8554216867469879,0.8600719424460432,0.8548951048951049,0.8636363636363636,0.9177894048397646,0.9089341328954224,port_protocol_service_ablation,88,74,14,src_port|dst_port|proto_icmp|proto_tcp|proto_udp|service|service_dce_rpc|service_dns|service_ftp|service_gssapi|service_http|service_smb|service_smb_gssapi|service_ssl,ksf-v4-idsplit::
classical_ext,svc,6,rbf_gscale_x0.3__svc__d6,rbf_gscale_x0.3,ood_test,train_cv,10.0,0.8780418257912226,0.005507469177246094,0.916,0.9165546379873247,0.9159663865546218,0.9176470588235294,0.9359355995134753,0.8942307488615222,port_protocol_service_ablation,88,74,14,src_port|dst_port|proto_icmp|proto_tcp|proto_udp|service|service_dce_rpc|service_dns|service_ftp|service_gssapi|service_http|service_smb|service_smb_gssapi|service_ssl,ksf-v4-idsplit::
classical_ext,svc,6,rbf_gscale_x3__svc__d6,rbf_gscale_x3,id_val,fixed_c1,1.0,,0.0045130252838134766,0.8247011952191236,0.826994851994852,0.8236909323116219,0.837037037037037,0.9591377091377091,0.9710896772905706,port_protocol_service_ablation,88,74,14,src_port|dst_port|proto_icmp|proto_tcp|proto_udp|service|service_dce_rpc|service_dns|service_ftp|service_gssapi|service_http|service_smb|service_smb_gssapi|service_ssl,ksf-v4-idsplit::
classical_ext,svc,6,rbf_gscale_x3__svc__d6,rbf_gscale_x3,id_test,fixed_c1,1.0,,0.0045130252838134766,0.8594377510040161,0.8646173969914976,0.8589919909392444,0.8669201520912547,0.9558534990189665,0.9729332672357346,port_protocol_service_ablation,88,74,14,src_port|dst_port|proto_icmp|proto_tcp|proto_udp|service|service_dce_rpc|service_dns|service_ftp|service_gssapi|service_http|service_smb|service_smb_gssapi|service_ssl,ksf-v4-idsplit::
classical_ext,svc,6,rbf_gscale_x3__svc__d6,rbf_gscale_x3,ood_test,fixed_c1,1.0,,0.0045130252838134766,0.916,0.9165546379873247,0.9159663865546218,0.9176470588235294,0.9412809679277894,0.9107722713174986,port_protocol_service_ablation,88,74,14,src_port|dst_port|proto_icmp|proto_tcp|proto_udp|service|service_dce_rpc|service_dns|service_ftp|service_gssapi|service_http|service_smb|service_smb_gssapi|service_ssl,ksf-v4-idsplit::
classical_ext,svc,6,rbf_gscale_x3__svc__d6,rbf_gscale_x3,id_val,train_cv,100.0,0.8810824359746899,0.0060024261474609375,0.8326693227091634,0.835070785070785,0.8317049808429119,0.8444444444444444,0.9641570141570142,0.9750588235548658,port_protocol_service_ablation,88,74,14,src_port|dst_port|proto_icmp|proto_tcp|proto_udp|service|service_dce_rpc|service_dns|service_ftp|service_gssapi|service_http|service_smb|service_smb_gssapi|service_ssl,ksf-v4-idsplit::
classical_ext,svc,6,rbf_gscale_x3__svc__d6,rbf_gscale_x3,id_test,train_cv,100.0,0.8810824359746899,0.0060024261474609375,0.8594377510040161,0.8646173969914976,0.8589919909392444,0.8669201520912547,0.9592544146500981,0.9755198899792433,port_protocol_service_ablation,88,74,14,src_port|dst_port|proto_icmp|proto_tcp|proto_udp|service|service_dce_rpc|service_dns|service_ftp|service_gssapi|service_http|service_smb|service_smb_gssapi|service_ssl,ksf-v4-idsplit::
classical_ext,svc,6,rbf_gscale_x3__svc__d6,rbf_gscale_x3,ood_test,train_cv,100.0,0.8810824359746899,0.0060024261474609375,0.916,0.9165546379873247,0.9159663865546218,0.9176470588235294,0.9643268676781256,0.9708458753768525,port_protocol_service_ablation,88,74,14,src_port|dst_port|proto_icmp|proto_tcp|proto_udp|service|service_dce_rpc|service_dns|service_ftp|service_gssapi|service_http|service_smb|service_smb_gssapi|service_ssl,ksf-v4-idsplit::
classical_ext,svc,6,rbf_gscale_x10__svc__d6,rbf_gscale_x10,id_val,fixed_c1,1.0,,0.004008769989013672,0.8286852589641435,0.8314993564993565,0.8277996713307912,0.8401486988847584,0.9562419562419563,0.9704659836636751,port_protocol_service_ablation,88,74,14,src_port|dst_port|proto_icmp|proto_tcp|proto_udp|service|service_dce_rpc|service_dns|service_ftp|service_gssapi|service_http|service_smb|service_smb_gssapi|service_ssl,ksf-v4-idsplit::
classical_ext,svc,6,rbf_gscale_x10__svc__d6,rbf_gscale_x10,id_test,fixed_c1,1.0,,0.004008769989013672,0.8594377510040161,0.8646173969914976,0.8589919909392444,0.8669201520912547,0.9510137344669719,0.9711229625580602,port_protocol_service_ablation,88,74,14,src_port|dst_port|proto_icmp|proto_tcp|proto_udp|service|service_dce_rpc|service_dns|service_ftp|service_gssapi|service_http|service_smb|service_smb_gssapi|service_ssl,ksf-v4-idsplit::
classical_ext,svc,6,rbf_gscale_x10__svc__d6,rbf_gscale_x10,ood_test,fixed_c1,1.0,,0.004008769989013672,0.916,0.9165546379873247,0.9159663865546218,0.9176470588235294,0.9429293899238205,0.903793501334227,port_protocol_service_ablation,88,74,14,src_port|dst_port|proto_icmp|proto_tcp|proto_udp|service|service_dce_rpc|service_dns|service_ftp|service_gssapi|service_http|service_smb|service_smb_gssapi|service_ssl,ksf-v4-idsplit::
classical_ext,svc,6,rbf_gscale_x10__svc__d6,rbf_gscale_x10,id_val,train_cv,100.0,0.9326008351135233,0.005413055419921875,0.9163346613545816,0.925,0.9162495829162496,0.918918918918919,0.9863577863577864,0.9922253779968424,port_protocol_service_ablation,88,74,14,src_port|dst_port|proto_icmp|proto_tcp|proto_udp|service|service_dce_rpc|service_dns|service_ftp|service_gssapi|service_http|service_smb|service_smb_gssapi|service_ssl,ksf-v4-idsplit::
classical_ext,svc,6,rbf_gscale_x10__svc__d6,rbf_gscale_x10,id_test,train_cv,100.0,0.9326008351135233,0.005413055419921875,0.927710843373494,0.935251798561151,0.9275694893341953,0.9307692307692308,0.9757357750163506,0.9871868258114315,port_protocol_service_ablation,88,74,14,src_port|dst_port|proto_icmp|proto_tcp|proto_udp|service|service_dce_rpc|service_dns|service_ftp|service_gssapi|service_http|service_smb|service_smb_gssapi|service_ssl,ksf-v4-idsplit::
classical_ext,svc,6,rbf_gscale_x10__svc__d6,rbf_gscale_x10,ood_test,train_cv,100.0,0.9326008351135233,0.005413055419921875,0.906,0.9063920363613085,0.905990599059906,0.906930693069307,0.9452659880929518,0.9477521292354742,port_protocol_service_ablation,88,74,14,src_port|dst_port|proto_icmp|proto_tcp|proto_udp|service|service_dce_rpc|service_dns|service_ftp|service_gssapi|service_http|service_smb|service_smb_gssapi|service_ssl,ksf-v4-idsplit::
classical_ext,svc,6,laplacian_med_x0.1__svc__d6,laplacian_med_x0.1,id_val,fixed_c1,1.0,,0.003998994827270508,0.9442231075697212,0.95,0.9440231935771632,0.9473684210526315,0.998069498069498,0.9984526588127335,port_protocol_service_ablation,88,74,14,src_port|dst_port|proto_icmp|proto_tcp|proto_udp|service|service_dce_rpc|service_dns|service_ftp|service_gssapi|service_http|service_smb|service_smb_gssapi|service_ssl,ksf-v4-idsplit::
classical_ext,svc,6,laplacian_med_x0.1__svc__d6,laplacian_med_x0.1,id_test,fixed_c1,1.0,,0.003998994827270508,0.9437751004016064,0.9496402877697842,0.9435703185703186,0.946969696969697,0.9981033355134075,0.9984953038084711,port_protocol_service_ablation,88,74,14,src_port|dst_port|proto_icmp|proto_tcp|proto_udp|service|service_dce_rpc|service_dns|service_ftp|service_gssapi|service_http|service_smb|service_smb_gssapi|service_ssl,ksf-v4-idsplit::
classical_ext,svc,6,laplacian_med_x0.1__svc__d6,laplacian_med_x0.1,ood_test,fixed_c1,1.0,,0.003998994827270508,0.912,0.9124895973369183,0.9119774662313552,0.9133858267716536,0.9810831572882658,0.9658469819617492,port_protocol_service_ablation,88,74,14,src_port|dst_port|proto_icmp|proto_tcp|proto_udp|service|service_dce_rpc|service_dns|service_ftp|service_gssapi|service_http|service_smb|service_smb_gssapi|service_ssl,ksf-v4-idsplit::
classical_ext,svc,6,laplacian_med_x0.1__svc__d6,laplacian_med_x0.1,id_val,train_cv,100.0,0.9749766153085897,0.003998517990112305,0.9721115537848606,0.9740669240669241,0.9718542250700841,0.9745454545454545,0.9986486486486487,0.998932440760115,port_protocol_service_ablation,88,74,14,src_port|dst_port|proto_icmp|proto_tcp|proto_udp|service|service_dce_rpc|service_dns|service_ftp|service_gssapi|service_http|service_smb|service_smb_gssapi|service_ssl,ksf-v4-idsplit::
classical_ext,svc,6,laplacian_med_x0.1__svc__d6,laplacian_med_x0.1,id_test,train_cv,100.0,0.9749766153085897,0.003998517990112305,0.9879518072289156,0.9873119686069327,0.9877743408454853,0.989247311827957,0.9995421844342708,0.9996474249172088,port_protocol_service_ablation,88,74,14,src_port|dst_port|proto_icmp|proto_tcp|proto_udp|service|service_dce_rpc|service_dns|service_ftp|service_gssapi|service_http|service_smb|service_smb_gssapi|service_ssl,ksf-v4-idsplit::
classical_ext,svc,6,laplacian_med_x0.1__svc__d6,laplacian_med_x0.1,ood_test,train_cv,100.0,0.9749766153085897,0.003998517990112305,0.96,0.9599257409896933,0.959983993597439,0.9591836734693877,0.9833877472632994,0.9847755959267516,port_protocol_service_ablation,88,74,14,src_port|dst_port|proto_icmp|proto_tcp|proto_udp|service|service_dce_rpc|service_dns|service_ftp|service_gssapi|service_http|service_smb|service_smb_gssapi|service_ssl,ksf-v4-idsplit::
classical_ext,svc,6,laplacian_med_x0.3__svc__d6,laplacian_med_x0.3,id_val,fixed_c1,1.0,,0.006511688232421875,0.896414342629482,0.9071428571428571,0.8963995427990856,0.8976377952755905,0.9803088803088803,0.9859790509937452,port_protocol_service_ablation,88,74,14,src_port|dst_port|proto_icmp|proto_tcp|proto_udp|service|service_dce_rpc|service_dns|service_ftp|service_gssapi|service_http|service_smb|service_smb_gssapi|service_ssl,ksf-v4-idsplit::
classical_ext,svc,6,laplacian_med_x0.3__svc__d6,laplacian_med_x0.3,id_test,fixed_c1,1.0,,0.006511688232421875,0.8995983935742972,0.9100719424460432,0.8995724772122288,0.9011857707509882,0.9878351863963375,0.9908937754044082,port_protocol_service_ablation,88,74,14,src_port|dst_port|proto_icmp|proto_tcp|proto_udp|service|service_dce_rpc|service_dns|service_ftp|service_gssapi|service_http|service_smb|service_smb_gssapi|service_ssl,ksf-v4-idsplit::
classical_ext,svc,6,laplacian_med_x0.3__svc__d6,laplacian_med_x0.3,ood_test,fixed_c1,1.0,,0.006511688232421875,0.906,0.9063920363613085,0.905990599059906,0.906930693069307,0.9777222969080085,0.9634514285223331,port_protocol_service_ablation,88,74,14,src_port|dst_port|proto_icmp|proto_tcp|proto_udp|service|service_dce_rpc|service_dns|service_ftp|service_gssapi|service_http|service_smb|service_smb_gssapi|service_ssl,ksf-v4-idsplit::
classical_ext,svc,6,laplacian_med_x0.3__svc__d6,laplacian_med_x0.3,id_val,train_cv,100.0,0.9710459281222239,0.0030007362365722656,0.9721115537848606,0.9740669240669241,0.9718542250700841,0.9745454545454545,0.999034749034749,0.9992304276790673,port_protocol_service_ablation,88,74,14,src_port|dst_port|proto_icmp|proto_tcp|proto_udp|service|service_dce_rpc|service_dns|service_ftp|service_gssapi|service_http|service_smb|service_smb_gssapi|service_ssl,ksf-v4-idsplit::
classical_ext,svc,6,laplacian_med_x0.3__svc__d6,laplacian_med_x0.3,id_test,train_cv,100.0,0.9710459281222239,0.0030007362365722656,0.9879518072289156,0.9873119686069327,0.9877743408454853,0.989247311827957,0.9996729888816219,0.9997501998401278,port_protocol_service_ablation,88,74,14,src_port|dst_port|proto_icmp|proto_tcp|proto_udp|service|service_dce_rpc|service_dns|service_ftp|service_gssapi|service_http|service_smb|service_smb_gssapi|service_ssl,ksf-v4-idsplit::
classical_ext,svc,6,laplacian_med_x0.3__svc__d6,laplacian_med_x0.3,ood_test,train_cv,100.0,0.9710459281222239,0.0030007362365722656,0.948,0.9479866845912553,0.9479866845912553,0.9471544715447154,0.987644837078292,0.9850831110169616,port_protocol_service_ablation,88,74,14,src_port|dst_port|proto_icmp|proto_tcp|proto_udp|service|service_dce_rpc|service_dns|service_ftp|service_gssapi|service_http|service_smb|service_smb_gssapi|service_ssl,ksf-v4-idsplit::
classical_ext,svc,6,laplacian_med_x3__svc__d6,laplacian_med_x3,id_val,fixed_c1,1.0,,0.00814199447631836,0.8247011952191236,0.826994851994852,0.8236909323116219,0.837037037037037,0.9523809523809524,0.9684521601762157,port_protocol_service_ablation,88,74,14,src_port|dst_port|proto_icmp|proto_tcp|proto_udp|service|service_dce_rpc|service_dns|service_ftp|service_gssapi|service_http|service_smb|service_smb_gssapi|service_ssl,ksf-v4-idsplit::
classical_ext,svc,6,laplacian_med_x3__svc__d6,laplacian_med_x3,id_test,fixed_c1,1.0,,0.00814199447631836,0.8594377510040161,0.8646173969914976,0.8589919909392444,0.8669201520912547,0.9768476128188359,0.9826854087531102,port_protocol_service_ablation,88,74,14,src_port|dst_port|proto_icmp|proto_tcp|proto_udp|service|service_dce_rpc|service_dns|service_ftp|service_gssapi|service_http|service_smb|service_smb_gssapi|service_ssl,ksf-v4-idsplit::
classical_ext,svc,6,laplacian_med_x3__svc__d6,laplacian_med_x3,ood_test,fixed_c1,1.0,,0.00814199447631836,0.916,0.9165546379873247,0.9159663865546218,0.9176470588235294,0.9631265603994623,0.940387172366927,port_protocol_service_ablation,88,74,14,src_port|dst_port|proto_icmp|proto_tcp|proto_udp|service|service_dce_rpc|service_dns|service_ftp|service_gssapi|service_http|service_smb|service_smb_gssapi|service_ssl,ksf-v4-idsplit::
classical_ext,svc,6,laplacian_med_x3__svc__d6,laplacian_med_x3,id_val,train_cv,100.0,0.9578842938315439,0.007012844085693359,0.9601593625498008,0.9633526383526383,0.9598785166240409,0.9632352941176471,0.9984555984555985,0.9987362218173723,port_protocol_service_ablation,88,74,14,src_port|dst_port|proto_icmp|proto_tcp|proto_udp|service|service_dce_rpc|service_dns|service_ftp|service_gssapi|service_http|service_smb|service_smb_gssapi|service_ssl,ksf-v4-idsplit::
classical_ext,svc,6,laplacian_med_x3__svc__d6,laplacian_med_x3,id_test,train_cv,100.0,0.9578842938315439,0.007012844085693359,0.963855421686747,0.9676258992805755,0.96362072044285,0.966542750929368,0.9998037933289732,0.9998480089168101,port_protocol_service_ablation,88,74,14,src_port|dst_port|proto_icmp|proto_tcp|proto_udp|service|service_dce_rpc|service_dns|service_ftp|service_gssapi|service_http|service_smb|service_smb_gssapi|service_ssl,ksf-v4-idsplit::
classical_ext,svc,6,laplacian_med_x3__svc__d6,laplacian_med_x3,ood_test,train_cv,100.0,0.9578842938315439,0.007012844085693359,0.932,0.9323666858715831,0.9319956477214542,0.9325396825396826,0.9721208629409128,0.965338204025279,port_protocol_service_ablation,88,74,14,src_port|dst_port|proto_icmp|proto_tcp|proto_udp|service|service_dce_rpc|service_dns|service_ftp|service_gssapi|service_http|service_smb|service_smb_gssapi|service_ssl,ksf-v4-idsplit::
classical_ext,svc,6,laplacian_med_x10__svc__d6,laplacian_med_x10,id_val,fixed_c1,1.0,,0.0049991607666015625,0.8247011952191236,0.826994851994852,0.8236909323116219,0.837037037037037,0.9670527670527671,0.9747584651974788,port_protocol_service_ablation,88,74,14,src_port|dst_port|proto_icmp|proto_tcp|proto_udp|service|service_dce_rpc|service_dns|service_ftp|service_gssapi|service_http|service_smb|service_smb_gssapi|service_ssl,ksf-v4-idsplit::
classical_ext,svc,6,laplacian_med_x10__svc__d6,laplacian_med_x10,id_test,fixed_c1,1.0,,0.0049991607666015625,0.8554216867469879,0.8600719424460432,0.8548951048951049,0.8636363636363636,0.9782864617396991,0.9830800987965286,port_protocol_service_ablation,88,74,14,src_port|dst_port|proto_icmp|proto_tcp|proto_udp|service|service_dce_rpc|service_dns|service_ftp|service_gssapi|service_http|service_smb|service_smb_gssapi|service_ssl,ksf-v4-idsplit::
classical_ext,svc,6,laplacian_med_x10__svc__d6,laplacian_med_x10,ood_test,fixed_c1,1.0,,0.0049991607666015625,0.786,0.7837366365789642,0.7808014880915799,0.7470449172576832,0.9373759682478714,0.8962191138069093,port_protocol_service_ablation,88,74,14,src_port|dst_port|proto_icmp|proto_tcp|proto_udp|service|service_dce_rpc|service_dns|service_ftp|service_gssapi|service_http|service_smb|service_smb_gssapi|service_ssl,ksf-v4-idsplit::
classical_ext,svc,6,laplacian_med_x10__svc__d6,laplacian_med_x10,id_val,train_cv,100.0,0.9335909341234243,0.003001689910888672,0.9442231075697212,0.95,0.9440231935771632,0.9473684210526315,0.9985199485199485,0.9988012665830097,port_protocol_service_ablation,88,74,14,src_port|dst_port|proto_icmp|proto_tcp|proto_udp|service|service_dce_rpc|service_dns|service_ftp|service_gssapi|service_http|service_smb|service_smb_gssapi|service_ssl,ksf-v4-idsplit::
classical_ext,svc,6,laplacian_med_x10__svc__d6,laplacian_med_x10,id_test,train_cv,100.0,0.9335909341234243,0.003001689910888672,0.9437751004016064,0.9496402877697842,0.9435703185703186,0.946969696969697,0.999149771092217,0.9993257295467258,port_protocol_service_ablation,88,74,14,src_port|dst_port|proto_icmp|proto_tcp|proto_udp|service|service_dce_rpc|service_dns|service_ftp|service_gssapi|service_http|service_smb|service_smb_gssapi|service_ssl,ksf-v4-idsplit::
classical_ext,svc,6,laplacian_med_x10__svc__d6,laplacian_med_x10,ood_test,train_cv,100.0,0.9335909341234243,0.003001689910888672,0.91,0.9105210933999104,0.9099708305490979,0.9115913555992141,0.9714486908648613,0.9624851271673953,port_protocol_service_ablation,88,74,14,src_port|dst_port|proto_icmp|proto_tcp|proto_udp|service|service_dce_rpc|service_dns|service_ftp|service_gssapi|service_http|service_smb|service_smb_gssapi|service_ssl,ksf-v4-idsplit::
classical_ext,svc,6,matern15_med_x0.1__svc__d6,matern15_med_x0.1,id_val,fixed_c1,1.0,,0.004216194152832031,0.8326693227091634,0.835070785070785,0.8317049808429119,0.8444444444444444,0.9590733590733591,0.9714767204364207,port_protocol_service_ablation,88,74,14,src_port|dst_port|proto_icmp|proto_tcp|proto_udp|service|service_dce_rpc|service_dns|service_ftp|service_gssapi|service_http|service_smb|service_smb_gssapi|service_ssl,ksf-v4-idsplit::
classical_ext,svc,6,matern15_med_x0.1__svc__d6,matern15_med_x0.1,id_test,fixed_c1,1.0,,0.004216194152832031,0.8594377510040161,0.8646173969914976,0.8589919909392444,0.8669201520912547,0.9571615434924786,0.9733339406618357,port_protocol_service_ablation,88,74,14,src_port|dst_port|proto_icmp|proto_tcp|proto_udp|service|service_dce_rpc|service_dns|service_ftp|service_gssapi|service_http|service_smb|service_smb_gssapi|service_ssl,ksf-v4-idsplit::
classical_ext,svc,6,matern15_med_x0.1__svc__d6,matern15_med_x0.1,ood_test,fixed_c1,1.0,,0.004216194152832031,0.916,0.9165546379873247,0.9159663865546218,0.9176470588235294,0.9497951475577747,0.9327705138809246,port_protocol_service_ablation,88,74,14,src_port|dst_port|proto_icmp|proto_tcp|proto_udp|service|service_dce_rpc|service_dns|service_ftp|service_gssapi|service_http|service_smb|service_smb_gssapi|service_ssl,ksf-v4-idsplit::
classical_ext,svc,6,matern15_med_x0.1__svc__d6,matern15_med_x0.1,id_val,train_cv,100.0,0.939651552190033,0.005000114440917969,0.952191235059761,0.9562097812097812,0.9519157088122605,0.9555555555555556,0.9767052767052766,0.987307582984995,port_protocol_service_ablation,88,74,14,src_port|dst_port|proto_icmp|proto_tcp|proto_udp|service|service_dce_rpc|service_dns|service_ftp|service_gssapi|service_http|service_smb|service_smb_gssapi|service_ssl,ksf-v4-idsplit::
classical_ext,svc,6,matern15_med_x0.1__svc__d6,matern15_med_x0.1,id_test,train_cv,100.0,0.939651552190033,0.005000114440917969,0.9518072289156626,0.9568345323741008,0.9515815400570391,0.9548872180451128,0.9932635709614127,0.9959480413286539,port_protocol_service_ablation,88,74,14,src_port|dst_port|proto_icmp|proto_tcp|proto_udp|service|service_dce_rpc|service_dns|service_ftp|service_gssapi|service_http|service_smb|service_smb_gssapi|service_ssl,ksf-v4-idsplit::
classical_ext,svc,6,matern15_med_x0.1__svc__d6,matern15_med_x0.1,ood_test,train_cv,100.0,0.939651552190033,0.005000114440917969,0.926,0.9262691248959734,0.925999703998816,0.9261477045908184,0.9757377888739518,0.9759029879480666,port_protocol_service_ablation,88,74,14,src_port|dst_port|proto_icmp|proto_tcp|proto_udp|service|service_dce_rpc|service_dns|service_ftp|service_gssapi|service_http|service_smb|service_smb_gssapi|service_ssl,ksf-v4-idsplit::
classical_ext,svc,6,matern15_med_x0.3__svc__d6,matern15_med_x0.3,id_val,fixed_c1,1.0,,0.004616737365722656,0.8286852589641435,0.8314993564993565,0.8277996713307912,0.8401486988847584,0.9537323037323038,0.9691481662575254,port_protocol_service_ablation,88,74,14,src_port|dst_port|proto_icmp|proto_tcp|proto_udp|service|service_dce_rpc|service_dns|service_ftp|service_gssapi|service_http|service_smb|service_smb_gssapi|service_ssl,ksf-v4-idsplit::
classical_ext,svc,6,matern15_med_x0.3__svc__d6,matern15_med_x0.3,id_test,fixed_c1,1.0,,0.004616737365722656,0.8594377510040161,0.8646173969914976,0.8589919909392444,0.8669201520912547,0.9467625899280576,0.9698538921181239,port_protocol_service_ablation,88,74,14,src_port|dst_port|proto_icmp|proto_tcp|proto_udp|service|service_dce_rpc|service_dns|service_ftp|service_gssapi|service_http|service_smb|service_smb_gssapi|service_ssl,ksf-v4-idsplit::
classical_ext,svc,6,matern15_med_x0.3__svc__d6,matern15_med_x0.3,ood_test,fixed_c1,1.0,,0.004616737365722656,0.916,0.9165546379873247,0.9159663865546218,0.9176470588235294,0.9432974841559439,0.9167837281148914,port_protocol_service_ablation,88,74,14,src_port|dst_port|proto_icmp|proto_tcp|proto_udp|service|service_dce_rpc|service_dns|service_ftp|service_gssapi|service_http|service_smb|service_smb_gssapi|service_ssl,ksf-v4-idsplit::
classical_ext,svc,6,matern15_med_x0.3__svc__d6,matern15_med_x0.3,id_val,train_cv,100.0,0.9315907341034224,0.004300355911254883,0.9163346613545816,0.925,0.9162495829162496,0.918918918918919,0.9758687258687259,0.9858197964907491,port_protocol_service_ablation,88,74,14,src_port|dst_port|proto_icmp|proto_tcp|proto_udp|service|service_dce_rpc|service_dns|service_ftp|service_gssapi|service_http|service_smb|service_smb_gssapi|service_ssl,ksf-v4-idsplit::
classical_ext,svc,6,matern15_med_x0.3__svc__d6,matern15_med_x0.3,id_test,train_cv,100.0,0.9315907341034224,0.004300355911254883,0.927710843373494,0.935251798561151,0.9275694893341953,0.9307692307692308,0.9785480706344016,0.9876828194784162,port_protocol_service_ablation,88,74,14,src_port|dst_port|proto_icmp|proto_tcp|proto_udp|service|service_dce_rpc|service_dns|service_ftp|service_gssapi|service_http|service_smb|service_smb_gssapi|service_ssl,ksf-v4-idsplit::
classical_ext,svc,6,matern15_med_x0.3__svc__d6,matern15_med_x0.3,ood_test,train_cv,100.0,0.9315907341034224,0.004300355911254883,0.906,0.9063920363613085,0.905990599059906,0.906930693069307,0.9577651878880994,0.9626755638195648,port_protocol_service_ablation,88,74,14,src_port|dst_port|proto_icmp|proto_tcp|proto_udp|service|service_dce_rpc|service_dns|service_ftp|service_gssapi|service_http|service_smb|service_smb_gssapi|service_ssl,ksf-v4-idsplit::
classical_ext,svc,6,matern15_med_x3__svc__d6,matern15_med_x3,id_val,fixed_c1,1.0,,0.0060024261474609375,0.8247011952191236,0.826994851994852,0.8236909323116219,0.837037037037037,0.9192406692406693,0.9489367839847015,port_protocol_service_ablation,88,74,14,src_port|dst_port|proto_icmp|proto_tcp|proto_udp|service|service_dce_rpc|service_dns|service_ftp|service_gssapi|service_http|service_smb|service_smb_gssapi|service_ssl,ksf-v4-idsplit::
classical_ext,svc,6,matern15_med_x3__svc__d6,matern15_med_x3,id_test,fixed_c1,1.0,,0.0060024261474609375,0.8554216867469879,0.8600719424460432,0.8548951048951049,0.8636363636363636,0.9368868541530412,0.959139984964266,port_protocol_service_ablation,88,74,14,src_port|dst_port|proto_icmp|proto_tcp|proto_udp|service|service_dce_rpc|service_dns|service_ftp|service_gssapi|service_http|service_smb|service_smb_gssapi|service_ssl,ksf-v4-idsplit::
classical_ext,svc,6,matern15_med_x3__svc__d6,matern15_med_x3,ood_test,fixed_c1,1.0,,0.0060024261474609375,0.792,0.7896421483899878,0.7865353037766831,0.7523809523809524,0.8754081044747456,0.869880410728648,port_protocol_service_ablation,88,74,14,src_port|dst_port|proto_icmp|proto_tcp|proto_udp|service|service_dce_rpc|service_dns|service_ftp|service_gssapi|service_http|service_smb|service_smb_gssapi|service_ssl,ksf-v4-idsplit::
classical_ext,svc,6,matern15_med_x3__svc__d6,matern15_med_x3,id_val,train_cv,100.0,0.8790319248011235,0.011513233184814453,0.8247011952191236,0.826994851994852,0.8236909323116219,0.837037037037037,0.8696911196911197,0.8424087721582609,port_protocol_service_ablation,88,74,14,src_port|dst_port|proto_icmp|proto_tcp|proto_udp|service|service_dce_rpc|service_dns|service_ftp|service_gssapi|service_http|service_smb|service_smb_gssapi|service_ssl,ksf-v4-idsplit::
classical_ext,svc,6,matern15_med_x3__svc__d6,matern15_med_x3,id_test,train_cv,100.0,0.8790319248011235,0.011513233184814453,0.8594377510040161,0.8646173969914976,0.8589919909392444,0.8669201520912547,0.9072596468279921,0.899401925246941,port_protocol_service_ablation,88,74,14,src_port|dst_port|proto_icmp|proto_tcp|proto_udp|service|service_dce_rpc|service_dns|service_ftp|service_gssapi|service_http|service_smb|service_smb_gssapi|service_ssl,ksf-v4-idsplit::
classical_ext,svc,6,matern15_med_x3__svc__d6,matern15_med_x3,ood_test,train_cv,100.0,0.8790319248011235,0.011513233184814453,0.916,0.9165546379873247,0.9159663865546218,0.9176470588235294,0.946482299468664,0.9197852957641325,port_protocol_service_ablation,88,74,14,src_port|dst_port|proto_icmp|proto_tcp|proto_udp|service|service_dce_rpc|service_dns|service_ftp|service_gssapi|service_http|service_smb|service_smb_gssapi|service_ssl,ksf-v4-idsplit::
classical_ext,svc,6,matern15_med_x10__svc__d6,matern15_med_x10,id_val,fixed_c1,1.0,,0.009611845016479492,0.8247011952191236,0.8092664092664092,0.8151693667157585,0.8571428571428571,0.9116473616473617,0.9291217575738667,port_protocol_service_ablation,88,74,14,src_port|dst_port|proto_icmp|proto_tcp|proto_udp|service|service_dce_rpc|service_dns|service_ftp|service_gssapi|service_http|service_smb|service_smb_gssapi|service_ssl,ksf-v4-idsplit::
classical_ext,svc,6,matern15_med_x10__svc__d6,matern15_med_x10,id_test,fixed_c1,1.0,,0.009611845016479492,0.8554216867469879,0.842053629823414,0.8485606162994999,0.8807947019867549,0.9429038587311969,0.9522111370466166,port_protocol_service_ablation,88,74,14,src_port|dst_port|proto_icmp|proto_tcp|proto_udp|service|service_dce_rpc|service_dns|service_ftp|service_gssapi|service_http|service_smb|service_smb_gssapi|service_ssl,ksf-v4-idsplit::
classical_ext,svc,6,matern15_med_x10__svc__d6,matern15_med_x10,ood_test,fixed_c1,1.0,,0.009611845016479492,0.756,0.7595224377440625,0.7449662184761523,0.7980132450331126,0.831524870366814,0.8047669302173376,port_protocol_service_ablation,88,74,14,src_port|dst_port|proto_icmp|proto_tcp|proto_udp|service|service_dce_rpc|service_dns|service_ftp|service_gssapi|service_http|service_smb|service_smb_gssapi|service_ssl,ksf-v4-idsplit::
classical_ext,svc,6,matern15_med_x10__svc__d6,matern15_med_x10,id_val,train_cv,100.0,0.8615983327024178,0.009523391723632812,0.8247011952191236,0.826994851994852,0.8236909323116219,0.837037037037037,0.8994208494208493,0.9150846421243258,port_protocol_service_ablation,88,74,14,src_port|dst_port|proto_icmp|proto_tcp|proto_udp|service|service_dce_rpc|service_dns|service_ftp|service_gssapi|service_http|service_smb|service_smb_gssapi|service_ssl,ksf-v4-idsplit::
classical_ext,svc,6,matern15_med_x10__svc__d6,matern15_med_x10,id_test,train_cv,100.0,0.8615983327024178,0.009523391723632812,0.8554216867469879,0.8600719424460432,0.8548951048951049,0.8636363636363636,0.9293655984303466,0.940864194193357,port_protocol_service_ablation,88,74,14,src_port|dst_port|proto_icmp|proto_tcp|proto_udp|service|service_dce_rpc|service_dns|service_ftp|service_gssapi|service_http|service_smb|service_smb_gssapi|service_ssl,ksf-v4-idsplit::
classical_ext,svc,6,matern15_med_x10__svc__d6,matern15_med_x10,ood_test,train_cv,100.0,0.8615983327024178,0.009523391723632812,0.892,0.891204148261955,0.8915558126084442,0.8846153846153846,0.9356635298636452,0.9257683812574486,port_protocol_service_ablation,88,74,14,src_port|dst_port|proto_icmp|proto_tcp|proto_udp|service|service_dce_rpc|service_dns|service_ftp|service_gssapi|service_http|service_smb|service_smb_gssapi|service_ssl,ksf-v4-idsplit::
classical_ext,svc,6,matern25_med_x0.1__svc__d6,matern25_med_x0.1,id_val,fixed_c1,1.0,,0.004513263702392578,0.8326693227091634,0.835070785070785,0.8317049808429119,0.8444444444444444,0.9598455598455599,0.9717630223221903,port_protocol_service_ablation,88,74,14,src_port|dst_port|proto_icmp|proto_tcp|proto_udp|service|service_dce_rpc|service_dns|service_ftp|service_gssapi|service_http|service_smb|service_smb_gssapi|service_ssl,ksf-v4-idsplit::
classical_ext,svc,6,matern25_med_x0.1__svc__d6,matern25_med_x0.1,id_test,fixed_c1,1.0,,0.004513263702392578,0.8594377510040161,0.8646173969914976,0.8589919909392444,0.8669201520912547,0.9574231523871811,0.9733915382521914,port_protocol_service_ablation,88,74,14,src_port|dst_port|proto_icmp|proto_tcp|proto_udp|service|service_dce_rpc|service_dns|service_ftp|service_gssapi|service_http|service_smb|service_smb_gssapi|service_ssl,ksf-v4-idsplit::
classical_ext,svc,6,matern25_med_x0.1__svc__d6,matern25_med_x0.1,ood_test,fixed_c1,1.0,,0.004513263702392578,0.916,0.9165546379873247,0.9159663865546218,0.9176470588235294,0.9449779143460726,0.9208288674658429,port_protocol_service_ablation,88,74,14,src_port|dst_port|proto_icmp|proto_tcp|proto_udp|service|service_dce_rpc|service_dns|service_ftp|service_gssapi|service_http|service_smb|service_smb_gssapi|service_ssl,ksf-v4-idsplit::
classical_ext,svc,6,matern25_med_x0.1__svc__d6,matern25_med_x0.1,id_val,train_cv,100.0,0.9386014351735292,0.005871772766113281,0.9203187250996016,0.9285714285714286,0.9202161474888748,0.9230769230769231,0.9871299871299872,0.9930259527594503,port_protocol_service_ablation,88,74,14,src_port|dst_port|proto_icmp|proto_tcp|proto_udp|service|service_dce_rpc|service_dns|service_ftp|service_gssapi|service_http|service_smb|service_smb_gssapi|service_ssl,ksf-v4-idsplit::
classical_ext,svc,6,matern25_med_x0.1__svc__d6,matern25_med_x0.1,id_test,train_cv,100.0,0.9386014351735292,0.005871772766113281,0.9357429718875502,0.9424460431654677,0.9355673437702161,0.9389312977099237,0.9719424460431654,0.9858482348924237,port_protocol_service_ablation,88,74,14,src_port|dst_port|proto_icmp|proto_tcp|proto_udp|service|service_dce_rpc|service_dns|service_ftp|service_gssapi|service_http|service_smb|service_smb_gssapi|service_ssl,ksf-v4-idsplit::
classical_ext,svc,6,matern25_med_x0.1__svc__d6,matern25_med_x0.1,ood_test,train_cv,100.0,0.9386014351735292,0.005871772766113281,0.924,0.9242366045707702,0.924,0.924,0.9660072978682542,0.967074490815772,port_protocol_service_ablation,88,74,14,src_port|dst_port|proto_icmp|proto_tcp|proto_udp|service|service_dce_rpc|service_dns|service_ftp|service_gssapi|service_http|service_smb|service_smb_gssapi|service_ssl,ksf-v4-idsplit::
classical_ext,svc,6,matern25_med_x0.3__svc__d6,matern25_med_x0.3,id_val,fixed_c1,1.0,,0.005005598068237305,0.8247011952191236,0.826994851994852,0.8236909323116219,0.837037037037037,0.9531531531531532,0.9684643804085118,port_protocol_service_ablation,88,74,14,src_port|dst_port|proto_icmp|proto_tcp|proto_udp|service|service_dce_rpc|service_dns|service_ftp|service_gssapi|service_http|service_smb|service_smb_gssapi|service_ssl,ksf-v4-idsplit::
classical_ext,svc,6,matern25_med_x0.3__svc__d6,matern25_med_x0.3,id_test,fixed_c1,1.0,,0.005005598068237305,0.8594377510040161,0.8646173969914976,0.8589919909392444,0.8669201520912547,0.9487246566383256,0.9703267179426632,port_protocol_service_ablation,88,74,14,src_port|dst_port|proto_icmp|proto_tcp|proto_udp|service|service_dce_rpc|service_dns|service_ftp|service_gssapi|service_http|service_smb|service_smb_gssapi|service_ssl,ksf-v4-idsplit::
classical_ext,svc,6,matern25_med_x0.3__svc__d6,matern25_med_x0.3,ood_test,fixed_c1,1.0,,0.005005598068237305,0.916,0.9165546379873247,0.9159663865546218,0.9176470588235294,0.9414090007041803,0.8988474306685784,port_protocol_service_ablation,88,74,14,src_port|dst_port|proto_icmp|proto_tcp|proto_udp|service|service_dce_rpc|service_dns|service_ftp|service_gssapi|service_http|service_smb|service_smb_gssapi|service_ssl,ksf-v4-idsplit::
classical_ext,svc,6,matern25_med_x0.3__svc__d6,matern25_med_x0.3,id_val,train_cv,100.0,0.9255501300430163,0.011169672012329102,0.9083665338645418,0.9178571428571429,0.9083141427777337,0.9105058365758755,0.9703346203346204,0.9835516224598896,port_protocol_service_ablation,88,74,14,src_port|dst_port|proto_icmp|proto_tcp|proto_udp|service|service_dce_rpc|service_dns|service_ftp|service_gssapi|service_http|service_smb|service_smb_gssapi|service_ssl,ksf-v4-idsplit::
classical_ext,svc,6,matern25_med_x0.3__svc__d6,matern25_med_x0.3,id_test,train_cv,100.0,0.9255501300430163,0.011169672012329102,0.9236947791164659,0.9316546762589928,0.9235715093455679,0.9266409266409267,0.9692609548724657,0.9842971226250581,port_protocol_service_ablation,88,74,14,src_port|dst_port|proto_icmp|proto_tcp|proto_udp|service|service_dce_rpc|service_dns|service_ftp|service_gssapi|service_http|service_smb|service_smb_gssapi|service_ssl,ksf-v4-idsplit::
classical_ext,svc,6,matern25_med_x0.3__svc__d6,matern25_med_x0.3,ood_test,train_cv,100.0,0.9255501300430163,0.011169672012329102,0.906,0.9063920363613085,0.905990599059906,0.906930693069307,0.9562608027655081,0.9600533078520945,port_protocol_service_ablation,88,74,14,src_port|dst_port|proto_icmp|proto_tcp|proto_udp|service|service_dce_rpc|service_dns|service_ftp|service_gssapi|service_http|service_smb|service_smb_gssapi|service_ssl,ksf-v4-idsplit::
classical_ext,svc,6,matern25_med_x3__svc__d6,matern25_med_x3,id_val,fixed_c1,1.0,,0.005225181579589844,0.8247011952191236,0.826994851994852,0.8236909323116219,0.837037037037037,0.9265765765765767,0.9430193187170358,port_protocol_service_ablation,88,74,14,src_port|dst_port|proto_icmp|proto_tcp|proto_udp|service|service_dce_rpc|service_dns|service_ftp|service_gssapi|service_http|service_smb|service_smb_gssapi|service_ssl,ksf-v4-idsplit::
classical_ext,svc,6,matern25_med_x3__svc__d6,matern25_med_x3,id_test,fixed_c1,1.0,,0.005225181579589844,0.8554216867469879,0.8600719424460432,0.8548951048951049,0.8636363636363636,0.9567691301504251,0.9647045931129707,port_protocol_service_ablation,88,74,14,src_port|dst_port|proto_icmp|proto_tcp|proto_udp|service|service_dce_rpc|service_dns|service_ftp|service_gssapi|service_http|service_smb|service_smb_gssapi|service_ssl,ksf-v4-idsplit::
classical_ext,svc,6,matern25_med_x3__svc__d6,matern25_med_x3,ood_test,fixed_c1,1.0,,0.005225181579589844,0.79,0.7876736444529799,0.7846233369844806,0.7505938242280285,0.8160008962294348,0.8358768579723033,port_protocol_service_ablation,88,74,14,src_port|dst_port|proto_icmp|proto_tcp|proto_udp|service|service_dce_rpc|service_dns|service_ftp|service_gssapi|service_http|service_smb|service_smb_gssapi|service_ssl,ksf-v4-idsplit::
classical_ext,svc,6,matern25_med_x3__svc__d6,matern25_med_x3,id_val,train_cv,100.0,0.8780418257912226,0.0070002079010009766,0.8247011952191236,0.826994851994852,0.8236909323116219,0.837037037037037,0.8707850707850707,0.8543806339274898,port_protocol_service_ablation,88,74,14,src_port|dst_port|proto_icmp|proto_tcp|proto_udp|service|service_dce_rpc|service_dns|service_ftp|service_gssapi|service_http|service_smb|service_smb_gssapi|service_ssl,ksf-v4-idsplit::
classical_ext,svc,6,matern25_med_x3__svc__d6,matern25_med_x3,id_test,train_cv,100.0,0.8780418257912226,0.0070002079010009766,0.8554216867469879,0.8600719424460432,0.8548951048951049,0.8636363636363636,0.9175931981687377,0.9083128554527182,port_protocol_service_ablation,88,74,14,src_port|dst_port|proto_icmp|proto_tcp|proto_udp|service|service_dce_rpc|service_dns|service_ftp|service_gssapi|service_http|service_smb|service_smb_gssapi|service_ssl,ksf-v4-idsplit::
classical_ext,svc,6,matern25_med_x3__svc__d6,matern25_med_x3,ood_test,train_cv,100.0,0.8780418257912226,0.0070002079010009766,0.916,0.9165546379873247,0.9159663865546218,0.9176470588235294,0.9343511939056398,0.8944094344599487,port_protocol_service_ablation,88,74,14,src_port|dst_port|proto_icmp|proto_tcp|proto_udp|service|service_dce_rpc|service_dns|service_ftp|service_gssapi|service_http|service_smb|service_smb_gssapi|service_ssl,ksf-v4-idsplit::
classical_ext,svc,6,matern25_med_x10__svc__d6,matern25_med_x10,id_val,fixed_c1,1.0,,0.008690595626831055,0.7649402390438247,0.7342342342342343,0.7319977559404238,0.8259587020648967,0.9160875160875162,0.9313415244697805,port_protocol_service_ablation,88,74,14,src_port|dst_port|proto_icmp|proto_tcp|proto_udp|service|service_dce_rpc|service_dns|service_ftp|service_gssapi|service_http|service_smb|service_smb_gssapi|service_ssl,ksf-v4-idsplit::
classical_ext,svc,6,matern25_med_x10__svc__d6,matern25_med_x10,id_test,fixed_c1,1.0,,0.008690595626831055,0.7991967871485943,0.7727272727272727,0.7767216642754663,0.8475609756097561,0.948855461085677,0.9557763858931665,port_protocol_service_ablation,88,74,14,src_port|dst_port|proto_icmp|proto_tcp|proto_udp|service|service_dce_rpc|service_dns|service_ftp|service_gssapi|service_http|service_smb|service_smb_gssapi|service_ssl,ksf-v4-idsplit::
classical_ext,svc,6,matern25_med_x10__svc__d6,matern25_med_x10,ood_test,fixed_c1,1.0,,0.008690595626831055,0.646,0.649654311503745,0.6283370919582225,0.7093596059113301,0.7646757569937904,0.7581290392467119,port_protocol_service_ablation,88,74,14,src_port|dst_port|proto_icmp|proto_tcp|proto_udp|service|service_dce_rpc|service_dns|service_ftp|service_gssapi|service_http|service_smb|service_smb_gssapi|service_ssl,ksf-v4-idsplit::
classical_ext,svc,6,matern25_med_x10__svc__d6,matern25_med_x10,id_val,train_cv,100.0,0.8545676296321109,0.005585193634033203,0.8247011952191236,0.826994851994852,0.8236909323116219,0.837037037037037,0.8651222651222651,0.8998644285189401,port_protocol_service_ablation,88,74,14,src_port|dst_port|proto_icmp|proto_tcp|proto_udp|service|service_dce_rpc|service_dns|service_ftp|service_gssapi|service_http|service_smb|service_smb_gssapi|service_ssl,ksf-v4-idsplit::
classical_ext,svc,6,matern25_med_x10__svc__d6,matern25_med_x10,id_test,train_cv,100.0,0.8545676296321109,0.005585193634033203,0.8554216867469879,0.8600719424460432,0.8548951048951049,0.8636363636363636,0.9000654022236756,0.9274871729048431,port_protocol_service_ablation,88,74,14,src_port|dst_port|proto_icmp|proto_tcp|proto_udp|service|service_dce_rpc|service_dns|service_ftp|service_gssapi|service_http|service_smb|service_smb_gssapi|service_ssl,ksf-v4-idsplit::
classical_ext,svc,6,matern25_med_x10__svc__d6,matern25_med_x10,ood_test,train_cv,100.0,0.8545676296321109,0.005585193634033203,0.794,0.7915466359388004,0.7881626088494555,0.7529976019184652,0.916730683054862,0.9100149900797809,port_protocol_service_ablation,88,74,14,src_port|dst_port|proto_icmp|proto_tcp|proto_udp|service|service_dce_rpc|service_dns|service_ftp|service_gssapi|service_http|service_smb|service_smb_gssapi|service_ssl,ksf-v4-idsplit::
quantum,svc,6,zz_r1_full__as0.5__svc__d6,zz_r1_full__as0.5,id_val,fixed_c1,1.0,,0.004000425338745117,0.8326693227091634,0.835070785070785,0.8317049808429119,0.8444444444444444,0.9500643500643501,0.9669840246868184,port_protocol_service_ablation,88,74,14,src_port|dst_port|proto_icmp|proto_tcp|proto_udp|service|service_dce_rpc|service_dns|service_ftp|service_gssapi|service_http|service_smb|service_smb_gssapi|service_ssl,ksf-v4-idsplit::
quantum,svc,6,zz_r1_full__as0.5__svc__d6,zz_r1_full__as0.5,id_test,fixed_c1,1.0,,0.004000425338745117,0.8594377510040161,0.8646173969914976,0.8589919909392444,0.8669201520912547,0.9499672988881622,0.9704957075373257,port_protocol_service_ablation,88,74,14,src_port|dst_port|proto_icmp|proto_tcp|proto_udp|service|service_dce_rpc|service_dns|service_ftp|service_gssapi|service_http|service_smb|service_smb_gssapi|service_ssl,ksf-v4-idsplit::
quantum,svc,6,zz_r1_full__as0.5__svc__d6,zz_r1_full__as0.5,ood_test,fixed_c1,1.0,,0.004000425338745117,0.916,0.9165546379873247,0.9159663865546218,0.9176470588235294,0.9375200051213111,0.9157565427281344,port_protocol_service_ablation,88,74,14,src_port|dst_port|proto_icmp|proto_tcp|proto_udp|service|service_dce_rpc|service_dns|service_ftp|service_gssapi|service_http|service_smb|service_smb_gssapi|service_ssl,ksf-v4-idsplit::
quantum,svc,6,zz_r1_full__as0.5__svc__d6,zz_r1_full__as0.5,id_val,train_cv,100.0,0.9356208429966646,0.013105392456054688,0.9402390438247012,0.9454954954954955,0.9399952187425293,0.9438202247191011,0.9875804375804377,0.9931628742867544,port_protocol_service_ablation,88,74,14,src_port|dst_port|proto_icmp|proto_tcp|proto_udp|service|service_dce_rpc|service_dns|service_ftp|service_gssapi|service_http|service_smb|service_smb_gssapi|service_ssl,ksf-v4-idsplit::
quantum,svc,6,zz_r1_full__as0.5__svc__d6,zz_r1_full__as0.5,id_test,train_cv,100.0,0.9356208429966646,0.013105392456054688,0.9397590361445783,0.9450948332243296,0.9395092720058305,0.9433962264150944,0.9741007194244604,0.9862881107081165,port_protocol_service_ablation,88,74,14,src_port|dst_port|proto_icmp|proto_tcp|proto_udp|service|service_dce_rpc|service_dns|service_ftp|service_gssapi|service_http|service_smb|service_smb_gssapi|service_ssl,ksf-v4-idsplit::
quantum,svc,6,zz_r1_full__as0.5__svc__d6,zz_r1_full__as0.5,ood_test,train_cv,100.0,0.9356208429966646,0.013105392456054688,0.924,0.9243006209589655,0.9239987839805437,0.9243027888446215,0.9630785481083157,0.965189922525975,port_protocol_service_ablation,88,74,14,src_port|dst_port|proto_icmp|proto_tcp|proto_udp|service|service_dce_rpc|service_dns|service_ftp|service_gssapi|service_http|service_smb|service_smb_gssapi|service_ssl,ksf-v4-idsplit::
quantum,svc,6,zz_r2_full__as0.5__svc__d6,zz_r2_full__as0.5,id_val,fixed_c1,1.0,,0.005967378616333008,0.8326693227091634,0.835070785070785,0.8317049808429119,0.8444444444444444,0.9438867438867439,0.9652657982451358,port_protocol_service_ablation,88,74,14,src_port|dst_port|proto_icmp|proto_tcp|proto_udp|service|service_dce_rpc|service_dns|service_ftp|service_gssapi|service_http|service_smb|service_smb_gssapi|service_ssl,ksf-v4-idsplit::
quantum,svc,6,zz_r2_full__as0.5__svc__d6,zz_r2_full__as0.5,id_test,fixed_c1,1.0,,0.005967378616333008,0.8594377510040161,0.8646173969914976,0.8589919909392444,0.8669201520912547,0.9500981033355135,0.9705912225848233,port_protocol_service_ablation,88,74,14,src_port|dst_port|proto_icmp|proto_tcp|proto_udp|service|service_dce_rpc|service_dns|service_ftp|service_gssapi|service_http|service_smb|service_smb_gssapi|service_ssl,ksf-v4-idsplit::
quantum,svc,6,zz_r2_full__as0.5__svc__d6,zz_r2_full__as0.5,ood_test,fixed_c1,1.0,,0.005967378616333008,0.916,0.9165546379873247,0.9159663865546218,0.9176470588235294,0.942465271109404,0.9218684600561006,port_protocol_service_ablation,88,74,14,src_port|dst_port|proto_icmp|proto_tcp|proto_udp|service|service_dce_rpc|service_dns|service_ftp|service_gssapi|service_http|service_smb|service_smb_gssapi|service_ssl,ksf-v4-idsplit::
quantum,svc,6,zz_r2_full__as0.5__svc__d6,zz_r2_full__as0.5,id_val,train_cv,100.0,0.9548339888010409,0.006657838821411133,0.9601593625498008,0.9633526383526383,0.9598785166240409,0.9632352941176471,0.978957528957529,0.9871771756392801,port_protocol_service_ablation,88,74,14,src_port|dst_port|proto_icmp|proto_tcp|proto_udp|service|service_dce_rpc|service_dns|service_ftp|service_gssapi|service_http|service_smb|service_smb_gssapi|service_ssl,ksf-v4-idsplit::
quantum,svc,6,zz_r2_full__as0.5__svc__d6,zz_r2_full__as0.5,id_test,train_cv,100.0,0.9548339888010409,0.006657838821411133,0.963855421686747,0.9676258992805755,0.96362072044285,0.966542750929368,0.9774362328319163,0.9870219678658662,port_protocol_service_ablation,88,74,14,src_port|dst_port|proto_icmp|proto_tcp|proto_udp|service|service_dce_rpc|service_dns|service_ftp|service_gssapi|service_http|service_smb|service_smb_gssapi|service_ssl,ksf-v4-idsplit::
quantum,svc,6,zz_r2_full__as0.5__svc__d6,zz_r2_full__as0.5,ood_test,train_cv,100.0,0.9548339888010409,0.006657838821411133,0.928,0.9284936943857627,0.9279815632801998,0.9291338582677166,0.968487932910825,0.9669201042668112,port_protocol_service_ablation,88,74,14,src_port|dst_port|proto_icmp|proto_tcp|proto_udp|service|service_dce_rpc|service_dns|service_ftp|service_gssapi|service_http|service_smb|service_smb_gssapi|service_ssl,ksf-v4-idsplit::
quantum,svc,6,pauli_xz_r1_full__as0.5__svc__d6,pauli_xz_r1_full__as0.5,id_val,fixed_c1,1.0,,0.006220817565917969,0.8247011952191236,0.826994851994852,0.8236909323116219,0.837037037037037,0.9562419562419562,0.9689112720995796,port_protocol_service_ablation,88,74,14,src_port|dst_port|proto_icmp|proto_tcp|proto_udp|service|service_dce_rpc|service_dns|service_ftp|service_gssapi|service_http|service_smb|service_smb_gssapi|service_ssl,ksf-v4-idsplit::
quantum,svc,6,pauli_xz_r1_full__as0.5__svc__d6,pauli_xz_r1_full__as0.5,id_test,fixed_c1,1.0,,0.006220817565917969,0.8554216867469879,0.8600719424460432,0.8548951048951049,0.8636363636363636,0.963897972531066,0.9736544721947125,port_protocol_service_ablation,88,74,14,src_port|dst_port|proto_icmp|proto_tcp|proto_udp|service|service_dce_rpc|service_dns|service_ftp|service_gssapi|service_http|service_smb|service_smb_gssapi|service_ssl,ksf-v4-idsplit::
quantum,svc,6,pauli_xz_r1_full__as0.5__svc__d6,pauli_xz_r1_full__as0.5,ood_test,fixed_c1,1.0,,0.006220817565917969,0.916,0.9165546379873247,0.9159663865546218,0.9176470588235294,0.9358715831252801,0.8931703813643113,port_protocol_service_ablation,88,74,14,src_port|dst_port|proto_icmp|proto_tcp|proto_udp|service|service_dce_rpc|service_dns|service_ftp|service_gssapi|service_http|service_smb|service_smb_gssapi|service_ssl,ksf-v4-idsplit::
quantum,svc,6,pauli_xz_r1_full__as0.5__svc__d6,pauli_xz_r1_full__as0.5,id_val,train_cv,100.0,0.8790519268013235,0.0065648555755615234,0.8286852589641435,0.8314993564993565,0.8277996713307912,0.8401486988847584,0.9514800514800514,0.9680290649195324,port_protocol_service_ablation,88,74,14,src_port|dst_port|proto_icmp|proto_tcp|proto_udp|service|service_dce_rpc|service_dns|service_ftp|service_gssapi|service_http|service_smb|service_smb_gssapi|service_ssl,ksf-v4-idsplit::
quantum,svc,6,pauli_xz_r1_full__as0.5__svc__d6,pauli_xz_r1_full__as0.5,id_test,train_cv,100.0,0.8790519268013235,0.0065648555755615234,0.8594377510040161,0.8646173969914976,0.8589919909392444,0.8669201520912547,0.9633093525179857,0.9763941541024177,port_protocol_service_ablation,88,74,14,src_port|dst_port|proto_icmp|proto_tcp|proto_udp|service|service_dce_rpc|service_dns|service_ftp|service_gssapi|service_http|service_smb|service_smb_gssapi|service_ssl,ksf-v4-idsplit::
quantum,svc,6,pauli_xz_r1_full__as0.5__svc__d6,pauli_xz_r1_full__as0.5,ood_test,train_cv,100.0,0.8790519268013235,0.0065648555755615234,0.916,0.9165546379873247,0.9159663865546218,0.9176470588235294,0.9608539786185263,0.967057193991198,port_protocol_service_ablation,88,74,14,src_port|dst_port|proto_icmp|proto_tcp|proto_udp|service|service_dce_rpc|service_dns|service_ftp|service_gssapi|service_http|service_smb|service_smb_gssapi|service_ssl,ksf-v4-idsplit::
quantum,svc,6,zmap_r2__as0.5__svc__d6,zmap_r2__as0.5,id_val,fixed_c1,1.0,,0.004999876022338867,0.8247011952191236,0.826994851994852,0.8236909323116219,0.837037037037037,0.9538610038610038,0.968084331280161,port_protocol_service_ablation,88,74,14,src_port|dst_port|proto_icmp|proto_tcp|proto_udp|service|service_dce_rpc|service_dns|service_ftp|service_gssapi|service_http|service_smb|service_smb_gssapi|service_ssl,ksf-v4-idsplit::
quantum,svc,6,zmap_r2__as0.5__svc__d6,zmap_r2__as0.5,id_test,fixed_c1,1.0,,0.004999876022338867,0.8594377510040161,0.8646173969914976,0.8589919909392444,0.8669201520912547,0.9540222367560497,0.9718335421850487,port_protocol_service_ablation,88,74,14,src_port|dst_port|proto_icmp|proto_tcp|proto_udp|service|service_dce_rpc|service_dns|service_ftp|service_gssapi|service_http|service_smb|service_smb_gssapi|service_ssl,ksf-v4-idsplit::
quantum,svc,6,zmap_r2__as0.5__svc__d6,zmap_r2__as0.5,ood_test,fixed_c1,1.0,,0.004999876022338867,0.916,0.9165546379873247,0.9159663865546218,0.9176470588235294,0.9399686319697843,0.9172018562051085,port_protocol_service_ablation,88,74,14,src_port|dst_port|proto_icmp|proto_tcp|proto_udp|service|service_dce_rpc|service_dns|service_ftp|service_gssapi|service_http|service_smb|service_smb_gssapi|service_ssl,ksf-v4-idsplit::
quantum,svc,6,zmap_r2__as0.5__svc__d6,zmap_r2__as0.5,id_val,train_cv,100.0,0.882072534984591,0.005005836486816406,0.8326693227091634,0.835070785070785,0.8317049808429119,0.8444444444444444,0.9530888030888031,0.9694607280554955,port_protocol_service_ablation,88,74,14,src_port|dst_port|proto_icmp|proto_tcp|proto_udp|service|service_dce_rpc|service_dns|service_ftp|service_gssapi|service_http|service_smb|service_smb_gssapi|service_ssl,ksf-v4-idsplit::
quantum,svc,6,zmap_r2__as0.5__svc__d6,zmap_r2__as0.5,id_test,train_cv,100.0,0.882072534984591,0.005005836486816406,0.8594377510040161,0.8646173969914976,0.8589919909392444,0.8669201520912547,0.9570307390451275,0.9742963212547686,port_protocol_service_ablation,88,74,14,src_port|dst_port|proto_icmp|proto_tcp|proto_udp|service|service_dce_rpc|service_dns|service_ftp|service_gssapi|service_http|service_smb|service_smb_gssapi|service_ssl,ksf-v4-idsplit::
quantum,svc,6,zmap_r2__as0.5__svc__d6,zmap_r2__as0.5,ood_test,train_cv,100.0,0.882072534984591,0.005005836486816406,0.916,0.9165546379873247,0.9159663865546218,0.9176470588235294,0.9646309455220535,0.9714892368986051,port_protocol_service_ablation,88,74,14,src_port|dst_port|proto_icmp|proto_tcp|proto_udp|service|service_dce_rpc|service_dns|service_ftp|service_gssapi|service_http|service_smb|service_smb_gssapi|service_ssl,ksf-v4-idsplit::
quantum,svc,6,zz_r1_full__svc__d6,zz_r1_full,id_val,fixed_c1,1.0,,0.003998517990112305,0.8326693227091634,0.835070785070785,0.8317049808429119,0.8444444444444444,0.9551480051480051,0.9696022505159283,port_protocol_service_ablation,88,74,14,src_port|dst_port|proto_icmp|proto_tcp|proto_udp|service|service_dce_rpc|service_dns|service_ftp|service_gssapi|service_http|service_smb|service_smb_gssapi|service_ssl,ksf-v4-idsplit::
quantum,svc,6,zz_r1_full__svc__d6,zz_r1_full,id_test,fixed_c1,1.0,,0.003998517990112305,0.8594377510040161,0.8646173969914976,0.8589919909392444,0.8669201520912547,0.9642249836494441,0.975626006398218,port_protocol_service_ablation,88,74,14,src_port|dst_port|proto_icmp|proto_tcp|proto_udp|service|service_dce_rpc|service_dns|service_ftp|service_gssapi|service_http|service_smb|service_smb_gssapi|service_ssl,ksf-v4-idsplit::
quantum,svc,6,zz_r1_full__svc__d6,zz_r1_full,ood_test,fixed_c1,1.0,,0.003998517990112305,0.916,0.9165546379873247,0.9159663865546218,0.9176470588235294,0.9462742462070289,0.9219262682890523,port_protocol_service_ablation,88,74,14,src_port|dst_port|proto_icmp|proto_tcp|proto_udp|service|service_dce_rpc|service_dns|service_ftp|service_gssapi|service_http|service_smb|service_smb_gssapi|service_ssl,ksf-v4-idsplit::
quantum,svc,6,zz_r1_full__svc__d6,zz_r1_full,id_val,train_cv,100.0,0.9538238877909399,0.010762214660644531,0.9561752988047809,0.9597812097812097,0.9558952732384467,0.959409594095941,0.999034749034749,0.9992036655613367,port_protocol_service_ablation,88,74,14,src_port|dst_port|proto_icmp|proto_tcp|proto_udp|service|service_dce_rpc|service_dns|service_ftp|service_gssapi|service_http|service_smb|service_smb_gssapi|service_ssl,ksf-v4-idsplit::
quantum,svc,6,zz_r1_full__svc__d6,zz_r1_full,id_test,train_cv,100.0,0.9538238877909399,0.010762214660644531,0.9558232931726908,0.9585349901896665,0.9554757221581026,0.959409594095941,0.9973839110529757,0.9979207264599969,port_protocol_service_ablation,88,74,14,src_port|dst_port|proto_icmp|proto_tcp|proto_udp|service|service_dce_rpc|service_dns|service_ftp|service_gssapi|service_http|service_smb|service_smb_gssapi|service_ssl,ksf-v4-idsplit::
quantum,svc,6,zz_r1_full__svc__d6,zz_r1_full,ood_test,train_cv,100.0,0.9538238877909399,0.010762214660644531,0.93,0.9303341655463799,0.9299974799092767,0.9304174950298211,0.9581972985084182,0.957189337556546,port_protocol_service_ablation,88,74,14,src_port|dst_port|proto_icmp|proto_tcp|proto_udp|service|service_dce_rpc|service_dns|service_ftp|service_gssapi|service_http|service_smb|service_smb_gssapi|service_ssl,ksf-v4-idsplit::
quantum,svc,6,zz_r2_full__svc__d6,zz_r2_full,id_val,fixed_c1,1.0,,0.005949258804321289,0.8326693227091634,0.835070785070785,0.8317049808429119,0.8444444444444444,0.9559202059202059,0.9707560465760062,port_protocol_service_ablation,88,74,14,src_port|dst_port|proto_icmp|proto_tcp|proto_udp|service|service_dce_rpc|service_dns|service_ftp|service_gssapi|service_http|service_smb|service_smb_gssapi|service_ssl,ksf-v4-idsplit::
quantum,svc,6,zz_r2_full__svc__d6,zz_r2_full,id_test,fixed_c1,1.0,,0.005949258804321289,0.8594377510040161,0.8646173969914976,0.8589919909392444,0.8669201520912547,0.9523871811641597,0.9724223284913741,port_protocol_service_ablation,88,74,14,src_port|dst_port|proto_icmp|proto_tcp|proto_udp|service|service_dce_rpc|service_dns|service_ftp|service_gssapi|service_http|service_smb|service_smb_gssapi|service_ssl,ksf-v4-idsplit::
quantum,svc,6,zz_r2_full__svc__d6,zz_r2_full,ood_test,fixed_c1,1.0,,0.005949258804321289,0.912,0.9124895973369183,0.9119774662313552,0.9133858267716536,0.9492670123551629,0.9278488075658303,port_protocol_service_ablation,88,74,14,src_port|dst_port|proto_icmp|proto_tcp|proto_udp|service|service_dce_rpc|service_dns|service_ftp|service_gssapi|service_http|service_smb|service_smb_gssapi|service_ssl,ksf-v4-idsplit::
quantum,svc,6,zz_r2_full__svc__d6,zz_r2_full,id_val,train_cv,100.0,0.9528932064875155,0.007729291915893555,0.9561752988047809,0.9597812097812097,0.9558952732384467,0.959409594095941,0.9777992277992279,0.9852914098270511,port_protocol_service_ablation,88,74,14,src_port|dst_port|proto_icmp|proto_tcp|proto_udp|service|service_dce_rpc|service_dns|service_ftp|service_gssapi|service_http|service_smb|service_smb_gssapi|service_ssl,ksf-v4-idsplit::
quantum,svc,6,zz_r2_full__svc__d6,zz_r2_full,id_test,train_cv,100.0,0.9528932064875155,0.007729291915893555,0.9598393574297188,0.963080444735121,0.9595516569200779,0.9629629629629629,0.9952256376716808,0.997022078223099,port_protocol_service_ablation,88,74,14,src_port|dst_port|proto_icmp|proto_tcp|proto_udp|service|service_dce_rpc|service_dns|service_ftp|service_gssapi|service_http|service_smb|service_smb_gssapi|service_ssl,ksf-v4-idsplit::
quantum,svc,6,zz_r2_full__svc__d6,zz_r2_full,ood_test,train_cv,100.0,0.9528932064875155,0.007729291915893555,0.932,0.9324307022597784,0.931990206589749,0.932806324110672,0.9735452275782601,0.977847668537305,port_protocol_service_ablation,88,74,14,src_port|dst_port|proto_icmp|proto_tcp|proto_udp|service|service_dce_rpc|service_dns|service_ftp|service_gssapi|service_http|service_smb|service_smb_gssapi|service_ssl,ksf-v4-idsplit::
quantum,svc,6,pauli_xz_r1_full__svc__d6,pauli_xz_r1_full,id_val,fixed_c1,1.0,,0.004050493240356445,0.8247011952191236,0.826994851994852,0.8236909323116219,0.837037037037037,0.9404761904761905,0.9617243706726645,port_protocol_service_ablation,88,74,14,src_port|dst_port|proto_icmp|proto_tcp|proto_udp|service|service_dce_rpc|service_dns|service_ftp|service_gssapi|service_http|service_smb|service_smb_gssapi|service_ssl,ksf-v4-idsplit::
quantum,svc,6,pauli_xz_r1_full__svc__d6,pauli_xz_r1_full,id_test,fixed_c1,1.0,,0.004050493240356445,0.8594377510040161,0.8646173969914976,0.8589919909392444,0.8669201520912547,0.9515369522563767,0.9703763336222808,port_protocol_service_ablation,88,74,14,src_port|dst_port|proto_icmp|proto_tcp|proto_udp|service|service_dce_rpc|service_dns|service_ftp|service_gssapi|service_http|service_smb|service_smb_gssapi|service_ssl,ksf-v4-idsplit::
quantum,svc,6,pauli_xz_r1_full__svc__d6,pauli_xz_r1_full,ood_test,fixed_c1,1.0,,0.004050493240356445,0.914,0.9145861340503169,0.9139583558442286,0.9158512720156555,0.9473145125152039,0.9238110534006244,port_protocol_service_ablation,88,74,14,src_port|dst_port|proto_icmp|proto_tcp|proto_udp|service|service_dce_rpc|service_dns|service_ftp|service_gssapi|service_http|service_smb|service_smb_gssapi|service_ssl,ksf-v4-idsplit::
quantum,svc,6,pauli_xz_r1_full__svc__d6,pauli_xz_r1_full,id_val,train_cv,100.0,0.9245097198795509,0.005562782287597656,0.896414342629482,0.9071428571428571,0.8963995427990856,0.8976377952755905,0.9691763191763192,0.9791552060023803,port_protocol_service_ablation,88,74,14,src_port|dst_port|proto_icmp|proto_tcp|proto_udp|service|service_dce_rpc|service_dns|service_ftp|service_gssapi|service_http|service_smb|service_smb_gssapi|service_ssl,ksf-v4-idsplit::
quantum,svc,6,pauli_xz_r1_full__svc__d6,pauli_xz_r1_full,id_test,train_cv,100.0,0.9245097198795509,0.005562782287597656,0.8995983935742972,0.9100719424460432,0.8995724772122288,0.9011857707509882,0.9673642903858732,0.9808729603303199,port_protocol_service_ablation,88,74,14,src_port|dst_port|proto_icmp|proto_tcp|proto_udp|service|service_dce_rpc|service_dns|service_ftp|service_gssapi|service_http|service_smb|service_smb_gssapi|service_ssl,ksf-v4-idsplit::
quantum,svc,6,pauli_xz_r1_full__svc__d6,pauli_xz_r1_full,ood_test,train_cv,100.0,0.9245097198795509,0.005562782287597656,0.904,0.9044235324243006,0.9039861740090573,0.9051383399209486,0.9566929133858267,0.9596742936706626,port_protocol_service_ablation,88,74,14,src_port|dst_port|proto_icmp|proto_tcp|proto_udp|service|service_dce_rpc|service_dns|service_ftp|service_gssapi|service_http|service_smb|service_smb_gssapi|service_ssl,ksf-v4-idsplit::
quantum,svc,6,zmap_r2__svc__d6,zmap_r2,id_val,fixed_c1,1.0,,0.004251241683959961,0.8286852589641435,0.8314993564993565,0.8277996713307912,0.8401486988847584,0.9396396396396396,0.962508804669178,port_protocol_service_ablation,88,74,14,src_port|dst_port|proto_icmp|proto_tcp|proto_udp|service|service_dce_rpc|service_dns|service_ftp|service_gssapi|service_http|service_smb|service_smb_gssapi|service_ssl,ksf-v4-idsplit::
quantum,svc,6,zmap_r2__svc__d6,zmap_r2,id_test,fixed_c1,1.0,,0.004251241683959961,0.8594377510040161,0.8646173969914976,0.8589919909392444,0.8669201520912547,0.9443427076520602,0.9668384689641261,port_protocol_service_ablation,88,74,14,src_port|dst_port|proto_icmp|proto_tcp|proto_udp|service|service_dce_rpc|service_dns|service_ftp|service_gssapi|service_http|service_smb|service_smb_gssapi|service_ssl,ksf-v4-idsplit::
quantum,svc,6,zmap_r2__svc__d6,zmap_r2,ood_test,fixed_c1,1.0,,0.004251241683959961,0.914,0.9145861340503169,0.9139583558442286,0.9158512720156555,0.9544043275078419,0.9365363203627457,port_protocol_service_ablation,88,74,14,src_port|dst_port|proto_icmp|proto_tcp|proto_udp|service|service_dce_rpc|service_dns|service_ftp|service_gssapi|service_http|service_smb|service_smb_gssapi|service_ssl,ksf-v4-idsplit::
quantum,svc,6,zmap_r2__svc__d6,zmap_r2,id_val,train_cv,100.0,0.9305806330933214,0.004334211349487305,0.9163346613545816,0.925,0.9162495829162496,0.918918918918919,0.9802445302445302,0.9878968150087873,port_protocol_service_ablation,88,74,14,src_port|dst_port|proto_icmp|proto_tcp|proto_udp|service|service_dce_rpc|service_dns|service_ftp|service_gssapi|service_http|service_smb|service_smb_gssapi|service_ssl,ksf-v4-idsplit::
quantum,svc,6,zmap_r2__svc__d6,zmap_r2,id_test,train_cv,100.0,0.9305806330933214,0.004334211349487305,0.927710843373494,0.935251798561151,0.9275694893341953,0.9307692307692308,0.9780248528449969,0.9875120628192302,port_protocol_service_ablation,88,74,14,src_port|dst_port|proto_icmp|proto_tcp|proto_udp|service|service_dce_rpc|service_dns|service_ftp|service_gssapi|service_http|service_smb|service_smb_gssapi|service_ssl,ksf-v4-idsplit::
quantum,svc,6,zmap_r2__svc__d6,zmap_r2,ood_test,train_cv,100.0,0.9305806330933214,0.004334211349487305,0.904,0.9044235324243006,0.9039861740090573,0.9051383399209486,0.9597977082133026,0.960563424914104,port_protocol_service_ablation,88,74,14,src_port|dst_port|proto_icmp|proto_tcp|proto_udp|service|service_dce_rpc|service_dns|service_ftp|service_gssapi|service_http|service_smb|service_smb_gssapi|service_ssl,ksf-v4-idsplit::
quantum,svc,6,zz_r1_full__as2__svc__d6,zz_r1_full__as2,id_val,fixed_c1,1.0,,0.004878520965576172,0.9123505976095617,0.9214285714285715,0.9122823738721566,0.9147286821705426,0.9731660231660232,0.9834117434240799,port_protocol_service_ablation,88,74,14,src_port|dst_port|proto_icmp|proto_tcp|proto_udp|service|service_dce_rpc|service_dns|service_ftp|service_gssapi|service_http|service_smb|service_smb_gssapi|service_ssl,ksf-v4-idsplit::
quantum,svc,6,zz_r1_full__as2__svc__d6,zz_r1_full__as2,id_test,fixed_c1,1.0,,0.004878520965576172,0.9236947791164659,0.9316546762589928,0.9235715093455679,0.9266409266409267,0.9628515369522563,0.979466830449634,port_protocol_service_ablation,88,74,14,src_port|dst_port|proto_icmp|proto_tcp|proto_udp|service|service_dce_rpc|service_dns|service_ftp|service_gssapi|service_http|service_smb|service_smb_gssapi|service_ssl,ksf-v4-idsplit::
quantum,svc,6,zz_r1_full__as2__svc__d6,zz_r1_full__as2,ood_test,fixed_c1,1.0,,0.004878520965576172,0.904,0.9043595160361053,0.9039938556067588,0.9047619047619048,0.9672876256321619,0.9601233310437483,port_protocol_service_ablation,88,74,14,src_port|dst_port|proto_icmp|proto_tcp|proto_udp|service|service_dce_rpc|service_dns|service_ftp|service_gssapi|service_http|service_smb|service_smb_gssapi|service_ssl,ksf-v4-idsplit::
quantum,svc,6,zz_r1_full__as2__svc__d6,zz_r1_full__as2,id_val,train_cv,100.0,0.9518934006245761,0.004584312438964844,0.9561752988047809,0.9588481338481338,0.9558360126045715,0.9597069597069597,0.9693693693693695,0.9754043478967995,port_protocol_service_ablation,88,74,14,src_port|dst_port|proto_icmp|proto_tcp|proto_udp|service|service_dce_rpc|service_dns|service_ftp|service_gssapi|service_http|service_smb|service_smb_gssapi|service_ssl,ksf-v4-idsplit::
quantum,svc,6,zz_r1_full__as2__svc__d6,zz_r1_full__as2,id_test,train_cv,100.0,0.9518934006245761,0.004584312438964844,0.9598393574297188,0.963080444735121,0.9595516569200779,0.9629629629629629,0.9939829954218443,0.996099220506046,port_protocol_service_ablation,88,74,14,src_port|dst_port|proto_icmp|proto_tcp|proto_udp|service|service_dce_rpc|service_dns|service_ftp|service_gssapi|service_http|service_smb|service_smb_gssapi|service_ssl,ksf-v4-idsplit::
quantum,svc,6,zz_r1_full__as2__svc__d6,zz_r1_full__as2,ood_test,train_cv,100.0,0.9518934006245761,0.004584312438964844,0.922,0.9223961334101529,0.921992199219922,0.9227722772277228,0.9710966007297869,0.9686708196392082,port_protocol_service_ablation,88,74,14,src_port|dst_port|proto_icmp|proto_tcp|proto_udp|service|service_dce_rpc|service_dns|service_ftp|service_gssapi|service_http|service_smb|service_smb_gssapi|service_ssl,ksf-v4-idsplit::
quantum,svc,6,zz_r2_full__as2__svc__d6,zz_r2_full__as2,id_val,fixed_c1,1.0,,0.005066871643066406,0.9163346613545816,0.925,0.9162495829162496,0.918918918918919,0.9806306306306307,0.9894293119465188,port_protocol_service_ablation,88,74,14,src_port|dst_port|proto_icmp|proto_tcp|proto_udp|service|service_dce_rpc|service_dns|service_ftp|service_gssapi|service_http|service_smb|service_smb_gssapi|service_ssl,ksf-v4-idsplit::
quantum,svc,6,zz_r2_full__as2__svc__d6,zz_r2_full__as2,id_test,fixed_c1,1.0,,0.005066871643066406,0.9196787148594378,0.9271092217135383,0.9195216548157725,0.9230769230769231,0.9618705035971222,0.981665668787838,port_protocol_service_ablation,88,74,14,src_port|dst_port|proto_icmp|proto_tcp|proto_udp|service|service_dce_rpc|service_dns|service_ftp|service_gssapi|service_http|service_smb|service_smb_gssapi|service_ssl,ksf-v4-idsplit::
quantum,svc,6,zz_r2_full__as2__svc__d6,zz_r2_full__as2,ood_test,fixed_c1,1.0,,0.005066871643066406,0.906,0.9063280199731132,0.9059966158781716,0.9065606361829026,0.9508674220600475,0.9391861134442852,port_protocol_service_ablation,88,74,14,src_port|dst_port|proto_icmp|proto_tcp|proto_udp|service|service_dce_rpc|service_dns|service_ftp|service_gssapi|service_http|service_smb|service_smb_gssapi|service_ssl,ksf-v4-idsplit::
quantum,svc,6,zz_r2_full__as2__svc__d6,zz_r2_full__as2,id_val,train_cv,100.0,0.953873598644378,0.0057523250579833984,0.9601593625498008,0.9624195624195624,0.9598220002561147,0.9635036496350365,0.9662805662805662,0.9745690003830636,port_protocol_service_ablation,88,74,14,src_port|dst_port|proto_icmp|proto_tcp|proto_udp|service|service_dce_rpc|service_dns|service_ftp|service_gssapi|service_http|service_smb|service_smb_gssapi|service_ssl,ksf-v4-idsplit::
quantum,svc,6,zz_r2_full__as2__svc__d6,zz_r2_full__as2,id_test,train_cv,100.0,0.953873598644378,0.0057523250579833984,0.9718875502008032,0.9719751471550033,0.97152751686623,0.9747292418772563,0.9887508175277959,0.9921054131380027,port_protocol_service_ablation,88,74,14,src_port|dst_port|proto_icmp|proto_tcp|proto_udp|service|service_dce_rpc|service_dns|service_ftp|service_gssapi|service_http|service_smb|service_smb_gssapi|service_ssl,ksf-v4-idsplit::
quantum,svc,6,zz_r2_full__as2__svc__d6,zz_r2_full__as2,ood_test,train_cv,100.0,0.953873598644378,0.0057523250579833984,0.926,0.9263331412841687,0.9259973359040925,0.9264413518886679,0.9721368670379618,0.9680454399412373,port_protocol_service_ablation,88,74,14,src_port|dst_port|proto_icmp|proto_tcp|proto_udp|service|service_dce_rpc|service_dns|service_ftp|service_gssapi|service_http|service_smb|service_smb_gssapi|service_ssl,ksf-v4-idsplit::
quantum,svc,6,pauli_xz_r1_full__as2__svc__d6,pauli_xz_r1_full__as2,id_val,fixed_c1,1.0,,0.004511833190917969,0.8326693227091634,0.835070785070785,0.8317049808429119,0.8444444444444444,0.9464607464607464,0.9656662630569657,port_protocol_service_ablation,88,74,14,src_port|dst_port|proto_icmp|proto_tcp|proto_udp|service|service_dce_rpc|service_dns|service_ftp|service_gssapi|service_http|service_smb|service_smb_gssapi|service_ssl,ksf-v4-idsplit::
quantum,svc,6,pauli_xz_r1_full__as2__svc__d6,pauli_xz_r1_full__as2,id_test,fixed_c1,1.0,,0.004511833190917969,0.8554216867469879,0.8600719424460432,0.8548951048951049,0.8636363636363636,0.9527141922825377,0.9712826437955171,port_protocol_service_ablation,88,74,14,src_port|dst_port|proto_icmp|proto_tcp|proto_udp|service|service_dce_rpc|service_dns|service_ftp|service_gssapi|service_http|service_smb|service_smb_gssapi|service_ssl,ksf-v4-idsplit::
quantum,svc,6,pauli_xz_r1_full__as2__svc__d6,pauli_xz_r1_full__as2,ood_test,fixed_c1,1.0,,0.004511833190917969,0.916,0.9165546379873247,0.9159663865546218,0.9176470588235294,0.9392964598937328,0.9039671046496327,port_protocol_service_ablation,88,74,14,src_port|dst_port|proto_icmp|proto_tcp|proto_udp|service|service_dce_rpc|service_dns|service_ftp|service_gssapi|service_http|service_smb|service_smb_gssapi|service_ssl,ksf-v4-idsplit::
quantum,svc,6,pauli_xz_r1_full__as2__svc__d6,pauli_xz_r1_full__as2,id_val,train_cv,100.0,0.9316107361036223,0.016038894653320312,0.9123505976095617,0.9204954954954955,0.9122377622377622,0.9153846153846154,0.9975546975546976,0.9979486395489514,port_protocol_service_ablation,88,74,14,src_port|dst_port|proto_icmp|proto_tcp|proto_udp|service|service_dce_rpc|service_dns|service_ftp|service_gssapi|service_http|service_smb|service_smb_gssapi|service_ssl,ksf-v4-idsplit::
quantum,svc,6,pauli_xz_r1_full__as2__svc__d6,pauli_xz_r1_full__as2,id_test,train_cv,100.0,0.9316107361036223,0.016038894653320312,0.927710843373494,0.935251798561151,0.9275694893341953,0.9307692307692308,0.9992151733158927,0.9993765771454707,port_protocol_service_ablation,88,74,14,src_port|dst_port|proto_icmp|proto_tcp|proto_udp|service|service_dce_rpc|service_dns|service_ftp|service_gssapi|service_http|service_smb|service_smb_gssapi|service_ssl,ksf-v4-idsplit::
quantum,svc,6,pauli_xz_r1_full__as2__svc__d6,pauli_xz_r1_full__as2,ood_test,train_cv,100.0,0.9316107361036223,0.016038894653320312,0.912,0.9121695153959413,0.9119985919774716,0.9116465863453815,0.9420971768772806,0.9277086459716772,port_protocol_service_ablation,88,74,14,src_port|dst_port|proto_icmp|proto_tcp|proto_udp|service|service_dce_rpc|service_dns|service_ftp|service_gssapi|service_http|service_smb|service_smb_gssapi|service_ssl,ksf-v4-idsplit::
quantum,svc,6,zmap_r2__as2__svc__d6,zmap_r2__as2,id_val,fixed_c1,1.0,,0.004720449447631836,0.8326693227091634,0.835070785070785,0.8317049808429119,0.8444444444444444,0.943114543114543,0.9635828967707776,port_protocol_service_ablation,88,74,14,src_port|dst_port|proto_icmp|proto_tcp|proto_udp|service|service_dce_rpc|service_dns|service_ftp|service_gssapi|service_http|service_smb|service_smb_gssapi|service_ssl,ksf-v4-idsplit::
quantum,svc,6,zmap_r2__as2__svc__d6,zmap_r2__as2,id_test,fixed_c1,1.0,,0.004720449447631836,0.8554216867469879,0.8600719424460432,0.8548951048951049,0.8636363636363636,0.958600392413342,0.9736325387980673,port_protocol_service_ablation,88,74,14,src_port|dst_port|proto_icmp|proto_tcp|proto_udp|service|service_dce_rpc|service_dns|service_ftp|service_gssapi|service_http|service_smb|service_smb_gssapi|service_ssl,ksf-v4-idsplit::
quantum,svc,6,zmap_r2__as2__svc__d6,zmap_r2__as2,ood_test,fixed_c1,1.0,,0.004720449447631836,0.916,0.9165546379873247,0.9159663865546218,0.9176470588235294,0.9376640419947507,0.9156339908398504,port_protocol_service_ablation,88,74,14,src_port|dst_port|proto_icmp|proto_tcp|proto_udp|service|service_dce_rpc|service_dns|service_ftp|service_gssapi|service_http|service_smb|service_smb_gssapi|service_ssl,ksf-v4-idsplit::
quantum,svc,6,zmap_r2__as2__svc__d6,zmap_r2__as2,id_val,train_cv,100.0,0.9316107361036223,0.00794529914855957,0.9163346613545816,0.925,0.9162495829162496,0.918918918918919,0.9815315315315315,0.9886073527373938,port_protocol_service_ablation,88,74,14,src_port|dst_port|proto_icmp|proto_tcp|proto_udp|service|service_dce_rpc|service_dns|service_ftp|service_gssapi|service_http|service_smb|service_smb_gssapi|service_ssl,ksf-v4-idsplit::
quantum,svc,6,zmap_r2__as2__svc__d6,zmap_r2__as2,id_test,train_cv,100.0,0.9316107361036223,0.00794529914855957,0.927710843373494,0.9343034663178549,0.9275132617414931,0.9312977099236641,0.9705689993459777,0.9784105191611413,port_protocol_service_ablation,88,74,14,src_port|dst_port|proto_icmp|proto_tcp|proto_udp|service|service_dce_rpc|service_dns|service_ftp|service_gssapi|service_http|service_smb|service_smb_gssapi|service_ssl,ksf-v4-idsplit::
quantum,svc,6,zmap_r2__as2__svc__d6,zmap_r2__as2,ood_test,train_cv,100.0,0.9316107361036223,0.00794529914855957,0.912,0.9121695153959413,0.9119985919774716,0.9116465863453815,0.9573490813648293,0.9477964831634902,port_protocol_service_ablation,88,74,14,src_port|dst_port|proto_icmp|proto_tcp|proto_udp|service|service_dce_rpc|service_dns|service_ftp|service_gssapi|service_http|service_smb|service_smb_gssapi|service_ssl,ksf-v4-idsplit::
classical_ext,svc,8,linear__svc__d8,linear,id_val,fixed_c1,1.0,,0.0060541629791259766,0.8247011952191236,0.826994851994852,0.8236909323116219,0.837037037037037,0.9106177606177607,0.9468035812647398,port_protocol_service_ablation,88,74,14,src_port|dst_port|proto_icmp|proto_tcp|proto_udp|service|service_dce_rpc|service_dns|service_ftp|service_gssapi|service_http|service_smb|service_smb_gssapi|service_ssl,ksf-v4-idsplit::
classical_ext,svc,8,linear__svc__d8,linear,id_test,fixed_c1,1.0,,0.0060541629791259766,0.8554216867469879,0.8600719424460432,0.8548951048951049,0.8636363636363636,0.928973185088293,0.9574131097050123,port_protocol_service_ablation,88,74,14,src_port|dst_port|proto_icmp|proto_tcp|proto_udp|service|service_dce_rpc|service_dns|service_ftp|service_gssapi|service_http|service_smb|service_smb_gssapi|service_ssl,ksf-v4-idsplit::
classical_ext,svc,8,linear__svc__d8,linear,ood_test,fixed_c1,1.0,,0.0060541629791259766,0.774,0.771925612956917,0.7693491563894366,0.7365967365967366,0.865485564304462,0.8635632301116842,port_protocol_service_ablation,88,74,14,src_port|dst_port|proto_icmp|proto_tcp|proto_udp|service|service_dce_rpc|service_dns|service_ftp|service_gssapi|service_http|service_smb|service_smb_gssapi|service_ssl,ksf-v4-idsplit::
classical_ext,svc,8,linear__svc__d8,linear,id_val,train_cv,100.0,0.9173783945021153,0.006536006927490234,0.8924302788844621,0.9035714285714286,0.892423448735654,0.8932806324110671,0.9411196911196911,0.9598348018962936,port_protocol_service_ablation,88,74,14,src_port|dst_port|proto_icmp|proto_tcp|proto_udp|service|service_dce_rpc|service_dns|service_ftp|service_gssapi|service_http|service_smb|service_smb_gssapi|service_ssl,ksf-v4-idsplit::
classical_ext,svc,8,linear__svc__d8,linear,id_test,train_cv,100.0,0.9173783945021153,0.006536006927490234,0.8995983935742972,0.9100719424460432,0.8995724772122288,0.9011857707509882,0.9531720078482668,0.9670128735920775,port_protocol_service_ablation,88,74,14,src_port|dst_port|proto_icmp|proto_tcp|proto_udp|service|service_dce_rpc|service_dns|service_ftp|service_gssapi|service_http|service_smb|service_smb_gssapi|service_ssl,ksf-v4-idsplit::
classical_ext,svc,8,linear__svc__d8,linear,ood_test,train_cv,100.0,0.9173783945021153,0.006536006927490234,0.9,0.9002944753856987,0.8999983999743996,0.900398406374502,0.9361116445810127,0.9447760642243631,port_protocol_service_ablation,88,74,14,src_port|dst_port|proto_icmp|proto_tcp|proto_udp|service|service_dce_rpc|service_dns|service_ftp|service_gssapi|service_http|service_smb|service_smb_gssapi|service_ssl,ksf-v4-idsplit::
classical_ext,svc,8,rbf_gscale__svc__d8,rbf_gscale,id_val,fixed_c1,1.0,,0.00615382194519043,0.8924302788844621,0.9035714285714286,0.892423448735654,0.8932806324110671,0.9746460746460747,0.983633453044073,port_protocol_service_ablation,88,74,14,src_port|dst_port|proto_icmp|proto_tcp|proto_udp|service|service_dce_rpc|service_dns|service_ftp|service_gssapi|service_http|service_smb|service_smb_gssapi|service_ssl,ksf-v4-idsplit::
classical_ext,svc,8,rbf_gscale__svc__d8,rbf_gscale,id_test,fixed_c1,1.0,,0.00615382194519043,0.8995983935742972,0.9100719424460432,0.8995724772122288,0.9011857707509882,0.9754741661216482,0.9832765457182415,port_protocol_service_ablation,88,74,14,src_port|dst_port|proto_icmp|proto_tcp|proto_udp|service|service_dce_rpc|service_dns|service_ftp|service_gssapi|service_http|service_smb|service_smb_gssapi|service_ssl,ksf-v4-idsplit::
classical_ext,svc,8,rbf_gscale__svc__d8,rbf_gscale,ood_test,fixed_c1,1.0,,0.00615382194519043,0.878,0.8770405223737276,0.8773282494942304,0.8682505399568035,0.9379041034504831,0.9275975308569245,port_protocol_service_ablation,88,74,14,src_port|dst_port|proto_icmp|proto_tcp|proto_udp|service|service_dce_rpc|service_dns|service_ftp|service_gssapi|service_http|service_smb|service_smb_gssapi|service_ssl,ksf-v4-idsplit::
classical_ext,svc,8,rbf_gscale__svc__d8,rbf_gscale,id_val,train_cv,100.0,0.9224792107061847,0.004523754119873047,0.8924302788844621,0.9035714285714286,0.892423448735654,0.8932806324110671,0.9837837837837838,0.9899758728559217,port_protocol_service_ablation,88,74,14,src_port|dst_port|proto_icmp|proto_tcp|proto_udp|service|service_dce_rpc|service_dns|service_ftp|service_gssapi|service_http|service_smb|service_smb_gssapi|service_ssl,ksf-v4-idsplit::
classical_ext,svc,8,rbf_gscale__svc__d8,rbf_gscale,id_test,train_cv,100.0,0.9224792107061847,0.004523754119873047,0.8995983935742972,0.9100719424460432,0.8995724772122288,0.9011857707509882,0.9786788750817527,0.9879426870344474,port_protocol_service_ablation,88,74,14,src_port|dst_port|proto_icmp|proto_tcp|proto_udp|service|service_dce_rpc|service_dns|service_ftp|service_gssapi|service_http|service_smb|service_smb_gssapi|service_ssl,ksf-v4-idsplit::
classical_ext,svc,8,rbf_gscale__svc__d8,rbf_gscale,ood_test,train_cv,100.0,0.9224792107061847,0.004523754119873047,0.902,0.9023269957109019,0.9019964718729874,0.9025844930417495,0.9601658024454262,0.968921792533914,port_protocol_service_ablation,88,74,14,src_port|dst_port|proto_icmp|proto_tcp|proto_udp|service|service_dce_rpc|service_dns|service_ftp|service_gssapi|service_http|service_smb|service_smb_gssapi|service_ssl,ksf-v4-idsplit::
classical_ext,svc,8,poly2__svc__d8,poly2,id_val,fixed_c1,1.0,,0.006765842437744141,0.8247011952191236,0.826994851994852,0.8236909323116219,0.837037037037037,0.9088803088803088,0.9464336255901622,port_protocol_service_ablation,88,74,14,src_port|dst_port|proto_icmp|proto_tcp|proto_udp|service|service_dce_rpc|service_dns|service_ftp|service_gssapi|service_http|service_smb|service_smb_gssapi|service_ssl,ksf-v4-idsplit::
classical_ext,svc,8,poly2__svc__d8,poly2,id_test,fixed_c1,1.0,,0.006765842437744141,0.8554216867469879,0.8600719424460432,0.8548951048951049,0.8636363636363636,0.9238064094179202,0.954498520952078,port_protocol_service_ablation,88,74,14,src_port|dst_port|proto_icmp|proto_tcp|proto_udp|service|service_dce_rpc|service_dns|service_ftp|service_gssapi|service_http|service_smb|service_smb_gssapi|service_ssl,ksf-v4-idsplit::
classical_ext,svc,8,poly2__svc__d8,poly2,ood_test,fixed_c1,1.0,,0.006765842437744141,0.79,0.7876736444529799,0.7846233369844806,0.7505938242280285,0.8542987004673197,0.8596045630404683,port_protocol_service_ablation,88,74,14,src_port|dst_port|proto_icmp|proto_tcp|proto_udp|service|service_dce_rpc|service_dns|service_ftp|service_gssapi|service_http|service_smb|service_smb_gssapi|service_ssl,ksf-v4-idsplit::
classical_ext,svc,8,poly2__svc__d8,poly2,id_val,train_cv,100.0,0.9204790106861825,0.005680084228515625,0.8924302788844621,0.9035714285714286,0.892423448735654,0.8932806324110671,0.9705276705276706,0.9795990028500698,port_protocol_service_ablation,88,74,14,src_port|dst_port|proto_icmp|proto_tcp|proto_udp|service|service_dce_rpc|service_dns|service_ftp|service_gssapi|service_http|service_smb|service_smb_gssapi|service_ssl,ksf-v4-idsplit::
classical_ext,svc,8,poly2__svc__d8,poly2,id_test,train_cv,100.0,0.9204790106861825,0.005680084228515625,0.8995983935742972,0.9100719424460432,0.8995724772122288,0.9011857707509882,0.9606932635709613,0.9740145950770341,port_protocol_service_ablation,88,74,14,src_port|dst_port|proto_icmp|proto_tcp|proto_udp|service|service_dce_rpc|service_dns|service_ftp|service_gssapi|service_http|service_smb|service_smb_gssapi|service_ssl,ksf-v4-idsplit::
classical_ext,svc,8,poly2__svc__d8,poly2,ood_test,train_cv,100.0,0.9204790106861825,0.005680084228515625,0.9,0.900358491773894,0.8999935995903738,0.9007936507936508,0.9399686319697843,0.9470521262424454,port_protocol_service_ablation,88,74,14,src_port|dst_port|proto_icmp|proto_tcp|proto_udp|service|service_dce_rpc|service_dns|service_ftp|service_gssapi|service_http|service_smb|service_smb_gssapi|service_ssl,ksf-v4-idsplit::
classical_ext,svc,8,poly3__svc__d8,poly3,id_val,fixed_c1,1.0,,0.0051724910736083984,0.8247011952191236,0.826994851994852,0.8236909323116219,0.837037037037037,0.9445302445302446,0.9623443493243307,port_protocol_service_ablation,88,74,14,src_port|dst_port|proto_icmp|proto_tcp|proto_udp|service|service_dce_rpc|service_dns|service_ftp|service_gssapi|service_http|service_smb|service_smb_gssapi|service_ssl,ksf-v4-idsplit::
classical_ext,svc,8,poly3__svc__d8,poly3,id_test,fixed_c1,1.0,,0.0051724910736083984,0.8554216867469879,0.8600719424460432,0.8548951048951049,0.8636363636363636,0.9576847612818835,0.9704355177326287,port_protocol_service_ablation,88,74,14,src_port|dst_port|proto_icmp|proto_tcp|proto_udp|service|service_dce_rpc|service_dns|service_ftp|service_gssapi|service_http|service_smb|service_smb_gssapi|service_ssl,ksf-v4-idsplit::
classical_ext,svc,8,poly3__svc__d8,poly3,ood_test,fixed_c1,1.0,,0.0051724910736083984,0.792,0.7895781320017925,0.7862510070866012,0.7511961722488039,0.9066160937199924,0.9212050076174098,port_protocol_service_ablation,88,74,14,src_port|dst_port|proto_icmp|proto_tcp|proto_udp|service|service_dce_rpc|service_dns|service_ftp|service_gssapi|service_http|service_smb|service_smb_gssapi|service_ssl,ksf-v4-idsplit::
classical_ext,svc,8,poly3__svc__d8,poly3,id_val,train_cv,100.0,0.9204790106861825,0.004998207092285156,0.8924302788844621,0.9035714285714286,0.892423448735654,0.8932806324110671,0.9906048906048907,0.9947276165796788,port_protocol_service_ablation,88,74,14,src_port|dst_port|proto_icmp|proto_tcp|proto_udp|service|service_dce_rpc|service_dns|service_ftp|service_gssapi|service_http|service_smb|service_smb_gssapi|service_ssl,ksf-v4-idsplit::
classical_ext,svc,8,poly3__svc__d8,poly3,id_test,train_cv,100.0,0.9204790106861825,0.004998207092285156,0.8995983935742972,0.9100719424460432,0.8995724772122288,0.9011857707509882,0.9771092217135382,0.9878352504871357,port_protocol_service_ablation,88,74,14,src_port|dst_port|proto_icmp|proto_tcp|proto_udp|service|service_dce_rpc|service_dns|service_ftp|service_gssapi|service_http|service_smb|service_smb_gssapi|service_ssl,ksf-v4-idsplit::
classical_ext,svc,8,poly3__svc__d8,poly3,ood_test,train_cv,100.0,0.9204790106861825,0.004998207092285156,0.9,0.900358491773894,0.8999935995903738,0.9007936507936508,0.9553805774278217,0.9656261039058733,port_protocol_service_ablation,88,74,14,src_port|dst_port|proto_icmp|proto_tcp|proto_udp|service|service_dce_rpc|service_dns|service_ftp|service_gssapi|service_http|service_smb|service_smb_gssapi|service_ssl,ksf-v4-idsplit::
classical_ext,svc,8,laplacian_med__svc__d8,laplacian_med,id_val,fixed_c1,1.0,,0.00400090217590332,0.8924302788844621,0.9035714285714286,0.892423448735654,0.8932806324110671,0.9979407979407979,0.9983491729739535,port_protocol_service_ablation,88,74,14,src_port|dst_port|proto_icmp|proto_tcp|proto_udp|service|service_dce_rpc|service_dns|service_ftp|service_gssapi|service_http|service_smb|service_smb_gssapi|service_ssl,ksf-v4-idsplit::
classical_ext,svc,8,laplacian_med__svc__d8,laplacian_med,id_test,fixed_c1,1.0,,0.00400090217590332,0.8995983935742972,0.9100719424460432,0.8995724772122288,0.9011857707509882,0.9972531066056246,0.9977243480074008,port_protocol_service_ablation,88,74,14,src_port|dst_port|proto_icmp|proto_tcp|proto_udp|service|service_dce_rpc|service_dns|service_ftp|service_gssapi|service_http|service_smb|service_smb_gssapi|service_ssl,ksf-v4-idsplit::
classical_ext,svc,8,laplacian_med__svc__d8,laplacian_med,ood_test,fixed_c1,1.0,,0.00400090217590332,0.902,0.9023269957109019,0.9019964718729874,0.9025844930417495,0.9787145509250369,0.9707864542667858,port_protocol_service_ablation,88,74,14,src_port|dst_port|proto_icmp|proto_tcp|proto_udp|service|service_dce_rpc|service_dns|service_ftp|service_gssapi|service_http|service_smb|service_smb_gssapi|service_ssl,ksf-v4-idsplit::
classical_ext,svc,8,laplacian_med__svc__d8,laplacian_med,id_val,train_cv,100.0,0.9710162192689857,0.003000974655151367,0.9721115537848606,0.9740669240669241,0.9718542250700841,0.9745454545454545,0.9987773487773488,0.9990142325218728,port_protocol_service_ablation,88,74,14,src_port|dst_port|proto_icmp|proto_tcp|proto_udp|service|service_dce_rpc|service_dns|service_ftp|service_gssapi|service_http|service_smb|service_smb_gssapi|service_ssl,ksf-v4-idsplit::
classical_ext,svc,8,laplacian_med__svc__d8,laplacian_med,id_test,train_cv,100.0,0.9710162192689857,0.003000974655151367,0.9959839357429718,0.9964028776978417,0.9959325024094614,0.9963898916967509,0.9998037933289732,0.9998480089168102,port_protocol_service_ablation,88,74,14,src_port|dst_port|proto_icmp|proto_tcp|proto_udp|service|service_dce_rpc|service_dns|service_ftp|service_gssapi|service_http|service_smb|service_smb_gssapi|service_ssl,ksf-v4-idsplit::
classical_ext,svc,8,laplacian_med__svc__d8,laplacian_med,ood_test,train_cv,100.0,0.9710162192689857,0.003000974655151367,0.926,0.9262691248959734,0.925999703998816,0.9261477045908184,0.9855322962678446,0.9870504484743118,port_protocol_service_ablation,88,74,14,src_port|dst_port|proto_icmp|proto_tcp|proto_udp|service|service_dce_rpc|service_dns|service_ftp|service_gssapi|service_http|service_smb|service_smb_gssapi|service_ssl,ksf-v4-idsplit::
classical_ext,svc,8,matern15_med__svc__d8,matern15_med,id_val,fixed_c1,1.0,,0.00457763671875,0.8924302788844621,0.9035714285714286,0.892423448735654,0.8932806324110671,0.9826254826254827,0.9891896149489493,port_protocol_service_ablation,88,74,14,src_port|dst_port|proto_icmp|proto_tcp|proto_udp|service|service_dce_rpc|service_dns|service_ftp|service_gssapi|service_http|service_smb|service_smb_gssapi|service_ssl,ksf-v4-idsplit::
classical_ext,svc,8,matern15_med__svc__d8,matern15_med,id_test,fixed_c1,1.0,,0.00457763671875,0.8995983935742972,0.9100719424460432,0.8995724772122288,0.9011857707509882,0.9792020928711577,0.9861889772067274,port_protocol_service_ablation,88,74,14,src_port|dst_port|proto_icmp|proto_tcp|proto_udp|service|service_dce_rpc|service_dns|service_ftp|service_gssapi|service_http|service_smb|service_smb_gssapi|service_ssl,ksf-v4-idsplit::
classical_ext,svc,8,matern15_med__svc__d8,matern15_med,ood_test,fixed_c1,1.0,,0.00457763671875,0.878,0.8769765059855323,0.8772532085206396,0.8676789587852495,0.9420171563920364,0.9312930899342033,port_protocol_service_ablation,88,74,14,src_port|dst_port|proto_icmp|proto_tcp|proto_udp|service|service_dce_rpc|service_dns|service_ftp|service_gssapi|service_http|service_smb|service_smb_gssapi|service_ssl,ksf-v4-idsplit::
classical_ext,svc,8,matern15_med__svc__d8,matern15_med,id_val,train_cv,100.0,0.9224792107061847,0.005006551742553711,0.896414342629482,0.9071428571428571,0.8963995427990856,0.8976377952755905,0.9741312741312741,0.9851676668510068,port_protocol_service_ablation,88,74,14,src_port|dst_port|proto_icmp|proto_tcp|proto_udp|service|service_dce_rpc|service_dns|service_ftp|service_gssapi|service_http|service_smb|service_smb_gssapi|service_ssl,ksf-v4-idsplit::
classical_ext,svc,8,matern15_med__svc__d8,matern15_med,id_test,train_cv,100.0,0.9224792107061847,0.005006551742553711,0.8995983935742972,0.9100719424460432,0.8995724772122288,0.9011857707509882,0.9767822105951602,0.9869624333692169,port_protocol_service_ablation,88,74,14,src_port|dst_port|proto_icmp|proto_tcp|proto_udp|service|service_dce_rpc|service_dns|service_ftp|service_gssapi|service_http|service_smb|service_smb_gssapi|service_ssl,ksf-v4-idsplit::
classical_ext,svc,8,matern15_med__svc__d8,matern15_med,ood_test,train_cv,100.0,0.9224792107061847,0.005006551742553711,0.9,0.900358491773894,0.8999935995903738,0.9007936507936508,0.9469304141860316,0.9478182121818457,port_protocol_service_ablation,88,74,14,src_port|dst_port|proto_icmp|proto_tcp|proto_udp|service|service_dce_rpc|service_dns|service_ftp|service_gssapi|service_http|service_smb|service_smb_gssapi|service_ssl,ksf-v4-idsplit::
classical_ext,svc,8,matern25_med__svc__d8,matern25_med,id_val,fixed_c1,1.0,,0.004965543746948242,0.8924302788844621,0.9035714285714286,0.892423448735654,0.8932806324110671,0.9805019305019306,0.9873595153159243,port_protocol_service_ablation,88,74,14,src_port|dst_port|proto_icmp|proto_tcp|proto_udp|service|service_dce_rpc|service_dns|service_ftp|service_gssapi|service_http|service_smb|service_smb_gssapi|service_ssl,ksf-v4-idsplit::
classical_ext,svc,8,matern25_med__svc__d8,matern25_med,id_test,fixed_c1,1.0,,0.004965543746948242,0.8995983935742972,0.9100719424460432,0.8995724772122288,0.9011857707509882,0.9866579463701766,0.9901574168030223,port_protocol_service_ablation,88,74,14,src_port|dst_port|proto_icmp|proto_tcp|proto_udp|service|service_dce_rpc|service_dns|service_ftp|service_gssapi|service_http|service_smb|service_smb_gssapi|service_ssl,ksf-v4-idsplit::
classical_ext,svc,8,matern25_med__svc__d8,matern25_med,ood_test,fixed_c1,1.0,,0.004965543746948242,0.878,0.8769765059855323,0.8772532085206396,0.8676789587852495,0.9301421163817937,0.9327066397221832,port_protocol_service_ablation,88,74,14,src_port|dst_port|proto_icmp|proto_tcp|proto_udp|service|service_dce_rpc|service_dns|service_ftp|service_gssapi|service_http|service_smb|service_smb_gssapi|service_ssl,ksf-v4-idsplit::
classical_ext,svc,8,matern25_med__svc__d8,matern25_med,id_val,train_cv,100.0,0.9224792107061847,0.0048711299896240234,0.8924302788844621,0.9035714285714286,0.892423448735654,0.8932806324110671,0.9908622908622909,0.9948209763649514,port_protocol_service_ablation,88,74,14,src_port|dst_port|proto_icmp|proto_tcp|proto_udp|service|service_dce_rpc|service_dns|service_ftp|service_gssapi|service_http|service_smb|service_smb_gssapi|service_ssl,ksf-v4-idsplit::
classical_ext,svc,8,matern25_med__svc__d8,matern25_med,id_test,train_cv,100.0,0.9224792107061847,0.0048711299896240234,0.8995983935742972,0.9100719424460432,0.8995724772122288,0.9011857707509882,0.9800523217789405,0.988917391142129,port_protocol_service_ablation,88,74,14,src_port|dst_port|proto_icmp|proto_tcp|proto_udp|service|service_dce_rpc|service_dns|service_ftp|service_gssapi|service_http|service_smb|service_smb_gssapi|service_ssl,ksf-v4-idsplit::
classical_ext,svc,8,matern25_med__svc__d8,matern25_med,ood_test,train_cv,100.0,0.9224792107061847,0.0048711299896240234,0.902,0.9023269957109019,0.9019964718729874,0.9025844930417495,0.9579252288585878,0.9602058510643273,port_protocol_service_ablation,88,74,14,src_port|dst_port|proto_icmp|proto_tcp|proto_udp|service|service_dce_rpc|service_dns|service_ftp|service_gssapi|service_http|service_smb|service_smb_gssapi|service_ssl,ksf-v4-idsplit::
classical_ext,svc,8,rbf_gscale_x0.1__svc__d8,rbf_gscale_x0.1,id_val,fixed_c1,1.0,,0.006025552749633789,0.8247011952191236,0.826994851994852,0.8236909323116219,0.837037037037037,0.8342342342342342,0.8540281402885486,port_protocol_service_ablation,88,74,14,src_port|dst_port|proto_icmp|proto_tcp|proto_udp|service|service_dce_rpc|service_dns|service_ftp|service_gssapi|service_http|service_smb|service_smb_gssapi|service_ssl,ksf-v4-idsplit::
classical_ext,svc,8,rbf_gscale_x0.1__svc__d8,rbf_gscale_x0.1,id_test,fixed_c1,1.0,,0.006025552749633789,0.8554216867469879,0.8600719424460432,0.8548951048951049,0.8636363636363636,0.8720078482668411,0.8855656207154832,port_protocol_service_ablation,88,74,14,src_port|dst_port|proto_icmp|proto_tcp|proto_udp|service|service_dce_rpc|service_dns|service_ftp|service_gssapi|service_http|service_smb|service_smb_gssapi|service_ssl,ksf-v4-idsplit::
classical_ext,svc,8,rbf_gscale_x0.1__svc__d8,rbf_gscale_x0.1,ood_test,fixed_c1,1.0,,0.006025552749633789,0.79,0.7876736444529799,0.7846233369844806,0.7505938242280285,0.8670539658152486,0.8676148588532496,port_protocol_service_ablation,88,74,14,src_port|dst_port|proto_icmp|proto_tcp|proto_udp|service|service_dce_rpc|service_dns|service_ftp|service_gssapi|service_http|service_smb|service_smb_gssapi|service_ssl,ksf-v4-idsplit::
classical_ext,svc,8,rbf_gscale_x0.1__svc__d8,rbf_gscale_x0.1,id_val,train_cv,100.0,0.9204790106861825,0.004939556121826172,0.8924302788844621,0.9035714285714286,0.892423448735654,0.8932806324110671,0.9674388674388674,0.9793268440968477,port_protocol_service_ablation,88,74,14,src_port|dst_port|proto_icmp|proto_tcp|proto_udp|service|service_dce_rpc|service_dns|service_ftp|service_gssapi|service_http|service_smb|service_smb_gssapi|service_ssl,ksf-v4-idsplit::
classical_ext,svc,8,rbf_gscale_x0.1__svc__d8,rbf_gscale_x0.1,id_test,train_cv,100.0,0.9204790106861825,0.004939556121826172,0.8995983935742972,0.9100719424460432,0.8995724772122288,0.9011857707509882,0.9609548724656638,0.9748455002735689,port_protocol_service_ablation,88,74,14,src_port|dst_port|proto_icmp|proto_tcp|proto_udp|service|service_dce_rpc|service_dns|service_ftp|service_gssapi|service_http|service_smb|service_smb_gssapi|service_ssl,ksf-v4-idsplit::
classical_ext,svc,8,rbf_gscale_x0.1__svc__d8,rbf_gscale_x0.1,ood_test,train_cv,100.0,0.9204790106861825,0.004939556121826172,0.9,0.900358491773894,0.8999935995903738,0.9007936507936508,0.9402246975225658,0.9488863159714158,port_protocol_service_ablation,88,74,14,src_port|dst_port|proto_icmp|proto_tcp|proto_udp|service|service_dce_rpc|service_dns|service_ftp|service_gssapi|service_http|service_smb|service_smb_gssapi|service_ssl,ksf-v4-idsplit::
classical_ext,svc,8,rbf_gscale_x0.3__svc__d8,rbf_gscale_x0.3,id_val,fixed_c1,1.0,,0.005007505416870117,0.8247011952191236,0.826994851994852,0.8236909323116219,0.837037037037037,0.9117117117117117,0.947957586525888,port_protocol_service_ablation,88,74,14,src_port|dst_port|proto_icmp|proto_tcp|proto_udp|service|service_dce_rpc|service_dns|service_ftp|service_gssapi|service_http|service_smb|service_smb_gssapi|service_ssl,ksf-v4-idsplit::
classical_ext,svc,8,rbf_gscale_x0.3__svc__d8,rbf_gscale_x0.3,id_test,fixed_c1,1.0,,0.005007505416870117,0.8554216867469879,0.8600719424460432,0.8548951048951049,0.8636363636363636,0.9271419228253761,0.956396679778974,port_protocol_service_ablation,88,74,14,src_port|dst_port|proto_icmp|proto_tcp|proto_udp|service|service_dce_rpc|service_dns|service_ftp|service_gssapi|service_http|service_smb|service_smb_gssapi|service_ssl,ksf-v4-idsplit::
classical_ext,svc,8,rbf_gscale_x0.3__svc__d8,rbf_gscale_x0.3,ood_test,fixed_c1,1.0,,0.005007505416870117,0.892,0.891204148261955,0.8915558126084442,0.8846153846153846,0.928573714871007,0.9344031543850982,port_protocol_service_ablation,88,74,14,src_port|dst_port|proto_icmp|proto_tcp|proto_udp|service|service_dce_rpc|service_dns|service_ftp|service_gssapi|service_http|service_smb|service_smb_gssapi|service_ssl,ksf-v4-idsplit::
classical_ext,svc,8,rbf_gscale_x0.3__svc__d8,rbf_gscale_x0.3,id_val,train_cv,100.0,0.9204790106861825,0.0055713653564453125,0.8924302788844621,0.9035714285714286,0.892423448735654,0.8932806324110671,0.9814671814671814,0.9888668863593477,port_protocol_service_ablation,88,74,14,src_port|dst_port|proto_icmp|proto_tcp|proto_udp|service|service_dce_rpc|service_dns|service_ftp|service_gssapi|service_http|service_smb|service_smb_gssapi|service_ssl,ksf-v4-idsplit::
classical_ext,svc,8,rbf_gscale_x0.3__svc__d8,rbf_gscale_x0.3,id_test,train_cv,100.0,0.9204790106861825,0.0055713653564453125,0.8995983935742972,0.9100719424460432,0.8995724772122288,0.9011857707509882,0.974689339437541,0.9863527570072053,port_protocol_service_ablation,88,74,14,src_port|dst_port|proto_icmp|proto_tcp|proto_udp|service|service_dce_rpc|service_dns|service_ftp|service_gssapi|service_http|service_smb|service_smb_gssapi|service_ssl,ksf-v4-idsplit::
classical_ext,svc,8,rbf_gscale_x0.3__svc__d8,rbf_gscale_x0.3,ood_test,train_cv,100.0,0.9204790106861825,0.0055713653564453125,0.902,0.9023269957109019,0.9019964718729874,0.9025844930417495,0.9571090199090968,0.9669065061977694,port_protocol_service_ablation,88,74,14,src_port|dst_port|proto_icmp|proto_tcp|proto_udp|service|service_dce_rpc|service_dns|service_ftp|service_gssapi|service_http|service_smb|service_smb_gssapi|service_ssl,ksf-v4-idsplit::
classical_ext,svc,8,rbf_gscale_x3__svc__d8,rbf_gscale_x3,id_val,fixed_c1,1.0,,0.004885435104370117,0.8924302788844621,0.9035714285714286,0.892423448735654,0.8932806324110671,0.9858429858429859,0.9923172192721036,port_protocol_service_ablation,88,74,14,src_port|dst_port|proto_icmp|proto_tcp|proto_udp|service|service_dce_rpc|service_dns|service_ftp|service_gssapi|service_http|service_smb|service_smb_gssapi|service_ssl,ksf-v4-idsplit::
classical_ext,svc,8,rbf_gscale_x3__svc__d8,rbf_gscale_x3,id_test,fixed_c1,1.0,,0.004885435104370117,0.8995983935742972,0.9100719424460432,0.8995724772122288,0.9011857707509882,0.9642903858731197,0.9817049045006092,port_protocol_service_ablation,88,74,14,src_port|dst_port|proto_icmp|proto_tcp|proto_udp|service|service_dce_rpc|service_dns|service_ftp|service_gssapi|service_http|service_smb|service_smb_gssapi|service_ssl,ksf-v4-idsplit::
classical_ext,svc,8,rbf_gscale_x3__svc__d8,rbf_gscale_x3,ood_test,fixed_c1,1.0,,0.004885435104370117,0.902,0.9023269957109019,0.9019964718729874,0.9025844930417495,0.9416650662569618,0.9311563626187436,port_protocol_service_ablation,88,74,14,src_port|dst_port|proto_icmp|proto_tcp|proto_udp|service|service_dce_rpc|service_dns|service_ftp|service_gssapi|service_http|service_smb|service_smb_gssapi|service_ssl,ksf-v4-idsplit::
classical_ext,svc,8,rbf_gscale_x3__svc__d8,rbf_gscale_x3,id_val,train_cv,100.0,0.9245097198795509,0.005998849868774414,0.9083665338645418,0.9178571428571429,0.9083141427777337,0.9105058365758755,0.9729729729729729,0.9848625512371364,port_protocol_service_ablation,88,74,14,src_port|dst_port|proto_icmp|proto_tcp|proto_udp|service|service_dce_rpc|service_dns|service_ftp|service_gssapi|service_http|service_smb|service_smb_gssapi|service_ssl,ksf-v4-idsplit::
classical_ext,svc,8,rbf_gscale_x3__svc__d8,rbf_gscale_x3,id_test,train_cv,100.0,0.9245097198795509,0.005998849868774414,0.9156626506024096,0.9244604316546763,0.9155755041413048,0.9182879377431906,0.9681491170699803,0.983587642629161,port_protocol_service_ablation,88,74,14,src_port|dst_port|proto_icmp|proto_tcp|proto_udp|service|service_dce_rpc|service_dns|service_ftp|service_gssapi|service_http|service_smb|service_smb_gssapi|service_ssl,ksf-v4-idsplit::
classical_ext,svc,8,rbf_gscale_x3__svc__d8,rbf_gscale_x3,ood_test,train_cv,100.0,0.9245097198795509,0.005998849868774414,0.902,0.9023269957109019,0.9019964718729874,0.9025844930417495,0.9472024838358619,0.9437206248351242,port_protocol_service_ablation,88,74,14,src_port|dst_port|proto_icmp|proto_tcp|proto_udp|service|service_dce_rpc|service_dns|service_ftp|service_gssapi|service_http|service_smb|service_smb_gssapi|service_ssl,ksf-v4-idsplit::
classical_ext,svc,8,rbf_gscale_x10__svc__d8,rbf_gscale_x10,id_val,fixed_c1,1.0,,0.004006385803222656,0.8924302788844621,0.9035714285714286,0.892423448735654,0.8932806324110671,0.964929214929215,0.9812007298985939,port_protocol_service_ablation,88,74,14,src_port|dst_port|proto_icmp|proto_tcp|proto_udp|service|service_dce_rpc|service_dns|service_ftp|service_gssapi|service_http|service_smb|service_smb_gssapi|service_ssl,ksf-v4-idsplit::
classical_ext,svc,8,rbf_gscale_x10__svc__d8,rbf_gscale_x10,id_test,fixed_c1,1.0,,0.004006385803222656,0.8995983935742972,0.9100719424460432,0.8995724772122288,0.9011857707509882,0.9606278613472858,0.9797665917739438,port_protocol_service_ablation,88,74,14,src_port|dst_port|proto_icmp|proto_tcp|proto_udp|service|service_dce_rpc|service_dns|service_ftp|service_gssapi|service_http|service_smb|service_smb_gssapi|service_ssl,ksf-v4-idsplit::
classical_ext,svc,8,rbf_gscale_x10__svc__d8,rbf_gscale_x10,ood_test,fixed_c1,1.0,,0.004006385803222656,0.902,0.9023269957109019,0.9019964718729874,0.9025844930417495,0.9322066449010946,0.9089967725646193,port_protocol_service_ablation,88,74,14,src_port|dst_port|proto_icmp|proto_tcp|proto_udp|service|service_dce_rpc|service_dns|service_ftp|service_gssapi|service_http|service_smb|service_smb_gssapi|service_ssl,ksf-v4-idsplit::
classical_ext,svc,8,rbf_gscale_x10__svc__d8,rbf_gscale_x10,id_val,train_cv,100.0,0.9326208371137235,0.010650873184204102,0.9163346613545816,0.925,0.9162495829162496,0.918918918918919,0.9901544401544402,0.9932595567019707,port_protocol_service_ablation,88,74,14,src_port|dst_port|proto_icmp|proto_tcp|proto_udp|service|service_dce_rpc|service_dns|service_ftp|service_gssapi|service_http|service_smb|service_smb_gssapi|service_ssl,ksf-v4-idsplit::
classical_ext,svc,8,rbf_gscale_x10__svc__d8,rbf_gscale_x10,id_test,train_cv,100.0,0.9326208371137235,0.010650873184204102,0.927710843373494,0.935251798561151,0.9275694893341953,0.9307692307692308,0.9949640287769784,0.9962340778337195,port_protocol_service_ablation,88,74,14,src_port|dst_port|proto_icmp|proto_tcp|proto_udp|service|service_dce_rpc|service_dns|service_ftp|service_gssapi|service_http|service_smb|service_smb_gssapi|service_ssl,ksf-v4-idsplit::
classical_ext,svc,8,rbf_gscale_x10__svc__d8,rbf_gscale_x10,ood_test,train_cv,100.0,0.9326208371137235,0.010650873184204102,0.902,0.9023269957109019,0.9019964718729874,0.9025844930417495,0.9437455988733116,0.9177095735119617,port_protocol_service_ablation,88,74,14,src_port|dst_port|proto_icmp|proto_tcp|proto_udp|service|service_dce_rpc|service_dns|service_ftp|service_gssapi|service_http|service_smb|service_smb_gssapi|service_ssl,ksf-v4-idsplit::
classical_ext,svc,8,laplacian_med_x0.1__svc__d8,laplacian_med_x0.1,id_val,fixed_c1,1.0,,0.005341768264770508,0.9561752988047809,0.9597812097812097,0.9558952732384467,0.959409594095941,0.9976190476190475,0.9981063602311407,port_protocol_service_ablation,88,74,14,src_port|dst_port|proto_icmp|proto_tcp|proto_udp|service|service_dce_rpc|service_dns|service_ftp|service_gssapi|service_http|service_smb|service_smb_gssapi|service_ssl,ksf-v4-idsplit::
classical_ext,svc,8,laplacian_med_x0.1__svc__d8,laplacian_med_x0.1,id_test,fixed_c1,1.0,,0.005341768264770508,0.963855421686747,0.9676258992805755,0.96362072044285,0.966542750929368,0.9981033355134075,0.9984953038084712,port_protocol_service_ablation,88,74,14,src_port|dst_port|proto_icmp|proto_tcp|proto_udp|service|service_dce_rpc|service_dns|service_ftp|service_gssapi|service_http|service_smb|service_smb_gssapi|service_ssl,ksf-v4-idsplit::
classical_ext,svc,8,laplacian_med_x0.1__svc__d8,laplacian_med_x0.1,ood_test,fixed_c1,1.0,,0.005341768264770508,0.906,0.9063920363613085,0.905990599059906,0.906930693069307,0.9799628704948466,0.9745476959242417,port_protocol_service_ablation,88,74,14,src_port|dst_port|proto_icmp|proto_tcp|proto_udp|service|service_dce_rpc|service_dns|service_ftp|service_gssapi|service_http|service_smb|service_smb_gssapi|service_ssl,ksf-v4-idsplit::
classical_ext,svc,8,laplacian_med_x0.1__svc__d8,laplacian_med_x0.1,id_val,train_cv,100.0,0.9759667143184906,0.003677845001220703,0.9721115537848606,0.9740669240669241,0.9718542250700841,0.9745454545454545,0.9985199485199485,0.9988269109167217,port_protocol_service_ablation,88,74,14,src_port|dst_port|proto_icmp|proto_tcp|proto_udp|service|service_dce_rpc|service_dns|service_ftp|service_gssapi|service_http|service_smb|service_smb_gssapi|service_ssl,ksf-v4-idsplit::
classical_ext,svc,8,laplacian_med_x0.1__svc__d8,laplacian_med_x0.1,id_test,train_cv,100.0,0.9759667143184906,0.003677845001220703,0.9879518072289156,0.9873119686069327,0.9877743408454853,0.989247311827957,0.999672988881622,0.9997501998401279,port_protocol_service_ablation,88,74,14,src_port|dst_port|proto_icmp|proto_tcp|proto_udp|service|service_dce_rpc|service_dns|service_ftp|service_gssapi|service_http|service_smb|service_smb_gssapi|service_ssl,ksf-v4-idsplit::
classical_ext,svc,8,laplacian_med_x0.1__svc__d8,laplacian_med_x0.1,ood_test,train_cv,100.0,0.9759667143184906,0.003677845001220703,0.95,0.9498271557518725,0.9499661771357437,0.9486652977412731,0.9859644068881634,0.9863802220313169,port_protocol_service_ablation,88,74,14,src_port|dst_port|proto_icmp|proto_tcp|proto_udp|service|service_dce_rpc|service_dns|service_ftp|service_gssapi|service_http|service_smb|service_smb_gssapi|service_ssl,ksf-v4-idsplit::
classical_ext,svc,8,laplacian_med_x0.3__svc__d8,laplacian_med_x0.3,id_val,fixed_c1,1.0,,0.003999233245849609,0.896414342629482,0.9071428571428571,0.8963995427990856,0.8976377952755905,0.997940797940798,0.9983491729739535,port_protocol_service_ablation,88,74,14,src_port|dst_port|proto_icmp|proto_tcp|proto_udp|service|service_dce_rpc|service_dns|service_ftp|service_gssapi|service_http|service_smb|service_smb_gssapi|service_ssl,ksf-v4-idsplit::
classical_ext,svc,8,laplacian_med_x0.3__svc__d8,laplacian_med_x0.3,id_test,fixed_c1,1.0,,0.003999233245849609,0.8995983935742972,0.9100719424460432,0.8995724772122288,0.9011857707509882,0.9973839110529759,0.9978937955390454,port_protocol_service_ablation,88,74,14,src_port|dst_port|proto_icmp|proto_tcp|proto_udp|service|service_dce_rpc|service_dns|service_ftp|service_gssapi|service_http|service_smb|service_smb_gssapi|service_ssl,ksf-v4-idsplit::
classical_ext,svc,8,laplacian_med_x0.3__svc__d8,laplacian_med_x0.3,ood_test,fixed_c1,1.0,,0.003999233245849609,0.902,0.9023269957109019,0.9019964718729874,0.9025844930417495,0.980346968824019,0.9765160658880471,port_protocol_service_ablation,88,74,14,src_port|dst_port|proto_icmp|proto_tcp|proto_udp|service|service_dce_rpc|service_dns|service_ftp|service_gssapi|service_http|service_smb|service_smb_gssapi|service_ssl,ksf-v4-idsplit::
classical_ext,svc,8,laplacian_med_x0.3__svc__d8,laplacian_med_x0.3,id_val,train_cv,100.0,0.9720063182788866,0.003634214401245117,0.9721115537848606,0.9740669240669241,0.9718542250700841,0.9745454545454545,0.9988416988416988,0.9990920132853848,port_protocol_service_ablation,88,74,14,src_port|dst_port|proto_icmp|proto_tcp|proto_udp|service|service_dce_rpc|service_dns|service_ftp|service_gssapi|service_http|service_smb|service_smb_gssapi|service_ssl,ksf-v4-idsplit::
classical_ext,svc,8,laplacian_med_x0.3__svc__d8,laplacian_med_x0.3,id_test,train_cv,100.0,0.9720063182788866,0.003634214401245117,0.9879518072289156,0.9873119686069327,0.9877743408454853,0.989247311827957,0.999672988881622,0.9997501998401279,port_protocol_service_ablation,88,74,14,src_port|dst_port|proto_icmp|proto_tcp|proto_udp|service|service_dce_rpc|service_dns|service_ftp|service_gssapi|service_http|service_smb|service_smb_gssapi|service_ssl,ksf-v4-idsplit::
classical_ext,svc,8,laplacian_med_x0.3__svc__d8,laplacian_med_x0.3,ood_test,train_cv,100.0,0.9720063182788866,0.003634214401245117,0.936,0.9355354970872543,0.9358758556565512,0.9330543933054394,0.9849241405799884,0.9853363814971703,port_protocol_service_ablation,88,74,14,src_port|dst_port|proto_icmp|proto_tcp|proto_udp|service|service_dce_rpc|service_dns|service_ftp|service_gssapi|service_http|service_smb|service_smb_gssapi|service_ssl,ksf-v4-idsplit::
classical_ext,svc,8,laplacian_med_x3__svc__d8,laplacian_med_x3,id_val,fixed_c1,1.0,,0.004026174545288086,0.8924302788844621,0.9035714285714286,0.892423448735654,0.8932806324110671,0.9946589446589447,0.9958018298767806,port_protocol_service_ablation,88,74,14,src_port|dst_port|proto_icmp|proto_tcp|proto_udp|service|service_dce_rpc|service_dns|service_ftp|service_gssapi|service_http|service_smb|service_smb_gssapi|service_ssl,ksf-v4-idsplit::
classical_ext,svc,8,laplacian_med_x3__svc__d8,laplacian_med_x3,id_test,fixed_c1,1.0,,0.004026174545288086,0.8995983935742972,0.9100719424460432,0.8995724772122288,0.9011857707509882,0.9969260954872466,0.9974729315972867,port_protocol_service_ablation,88,74,14,src_port|dst_port|proto_icmp|proto_tcp|proto_udp|service|service_dce_rpc|service_dns|service_ftp|service_gssapi|service_http|service_smb|service_smb_gssapi|service_ssl,ksf-v4-idsplit::
classical_ext,svc,8,laplacian_med_x3__svc__d8,laplacian_med_x3,ood_test,fixed_c1,1.0,,0.004026174545288086,0.902,0.9023269957109019,0.9019964718729874,0.9025844930417495,0.9669675436911849,0.9557167848768587,port_protocol_service_ablation,88,74,14,src_port|dst_port|proto_icmp|proto_tcp|proto_udp|service|service_dce_rpc|service_dns|service_ftp|service_gssapi|service_http|service_smb|service_smb_gssapi|service_ssl,ksf-v4-idsplit::
classical_ext,svc,8,laplacian_med_x3__svc__d8,laplacian_med_x3,id_val,train_cv,100.0,0.9578842938315439,0.004441976547241211,0.9601593625498008,0.9633526383526383,0.9598785166240409,0.9632352941176471,0.9985842985842985,0.9988500540169187,port_protocol_service_ablation,88,74,14,src_port|dst_port|proto_icmp|proto_tcp|proto_udp|service|service_dce_rpc|service_dns|service_ftp|service_gssapi|service_http|service_smb|service_smb_gssapi|service_ssl,ksf-v4-idsplit::
classical_ext,svc,8,laplacian_med_x3__svc__d8,laplacian_med_x3,id_test,train_cv,100.0,0.9578842938315439,0.004441976547241211,0.963855421686747,0.9676258992805755,0.96362072044285,0.966542750929368,0.9998691955526487,0.9998979539772437,port_protocol_service_ablation,88,74,14,src_port|dst_port|proto_icmp|proto_tcp|proto_udp|service|service_dce_rpc|service_dns|service_ftp|service_gssapi|service_http|service_smb|service_smb_gssapi|service_ssl,ksf-v4-idsplit::
classical_ext,svc,8,laplacian_med_x3__svc__d8,laplacian_med_x3,ood_test,train_cv,100.0,0.9578842938315439,0.004441976547241211,0.93,0.9302701491581845,0.9299997199988801,0.9301397205588823,0.9803949811151654,0.9830672938069622,port_protocol_service_ablation,88,74,14,src_port|dst_port|proto_icmp|proto_tcp|proto_udp|service|service_dce_rpc|service_dns|service_ftp|service_gssapi|service_http|service_smb|service_smb_gssapi|service_ssl,ksf-v4-idsplit::
classical_ext,svc,8,laplacian_med_x10__svc__d8,laplacian_med_x10,id_val,fixed_c1,1.0,,0.006540536880493164,0.8924302788844621,0.9035714285714286,0.892423448735654,0.8932806324110671,0.968018018018018,0.9756481281840929,port_protocol_service_ablation,88,74,14,src_port|dst_port|proto_icmp|proto_tcp|proto_udp|service|service_dce_rpc|service_dns|service_ftp|service_gssapi|service_http|service_smb|service_smb_gssapi|service_ssl,ksf-v4-idsplit::
classical_ext,svc,8,laplacian_med_x10__svc__d8,laplacian_med_x10,id_test,fixed_c1,1.0,,0.006540536880493164,0.8995983935742972,0.9100719424460432,0.8995724772122288,0.9011857707509882,0.9773054283845651,0.9823224925054683,port_protocol_service_ablation,88,74,14,src_port|dst_port|proto_icmp|proto_tcp|proto_udp|service|service_dce_rpc|service_dns|service_ftp|service_gssapi|service_http|service_smb|service_smb_gssapi|service_ssl,ksf-v4-idsplit::
classical_ext,svc,8,laplacian_med_x10__svc__d8,laplacian_med_x10,ood_test,fixed_c1,1.0,,0.006540536880493164,0.874,0.8732315472761027,0.8735137869972173,0.8656716417910447,0.9478106395237181,0.9238698332641961,port_protocol_service_ablation,88,74,14,src_port|dst_port|proto_icmp|proto_tcp|proto_udp|service|service_dce_rpc|service_dns|service_ftp|service_gssapi|service_http|service_smb|service_smb_gssapi|service_ssl,ksf-v4-idsplit::
classical_ext,svc,8,laplacian_med_x10__svc__d8,laplacian_med_x10,id_val,train_cv,100.0,0.9356511521500289,0.0036771297454833984,0.9561752988047809,0.9597812097812097,0.9558952732384467,0.959409594095941,0.9985199485199485,0.9988012665830097,port_protocol_service_ablation,88,74,14,src_port|dst_port|proto_icmp|proto_tcp|proto_udp|service|service_dce_rpc|service_dns|service_ftp|service_gssapi|service_http|service_smb|service_smb_gssapi|service_ssl,ksf-v4-idsplit::
classical_ext,svc,8,laplacian_med_x10__svc__d8,laplacian_med_x10,id_test,train_cv,100.0,0.9356511521500289,0.0036771297454833984,0.963855421686747,0.9676258992805755,0.96362072044285,0.966542750929368,0.999345977763244,0.9994780404764713,port_protocol_service_ablation,88,74,14,src_port|dst_port|proto_icmp|proto_tcp|proto_udp|service|service_dce_rpc|service_dns|service_ftp|service_gssapi|service_http|service_smb|service_smb_gssapi|service_ssl,ksf-v4-idsplit::
classical_ext,svc,8,laplacian_med_x10__svc__d8,laplacian_med_x10,ood_test,train_cv,100.0,0.9356511521500289,0.0036771297454833984,0.908,0.9084245566865117,0.9079867500920132,0.9090909090909091,0.9790666410601113,0.9732232414735993,port_protocol_service_ablation,88,74,14,src_port|dst_port|proto_icmp|proto_tcp|proto_udp|service|service_dce_rpc|service_dns|service_ftp|service_gssapi|service_http|service_smb|service_smb_gssapi|service_ssl,ksf-v4-idsplit::
classical_ext,svc,8,matern15_med_x0.1__svc__d8,matern15_med_x0.1,id_val,fixed_c1,1.0,,0.0049555301666259766,0.896414342629482,0.9071428571428571,0.8963995427990856,0.8976377952755905,0.9754826254826254,0.985553266773134,port_protocol_service_ablation,88,74,14,src_port|dst_port|proto_icmp|proto_tcp|proto_udp|service|service_dce_rpc|service_dns|service_ftp|service_gssapi|service_http|service_smb|service_smb_gssapi|service_ssl,ksf-v4-idsplit::
classical_ext,svc,8,matern15_med_x0.1__svc__d8,matern15_med_x0.1,id_test,fixed_c1,1.0,,0.0049555301666259766,0.8995983935742972,0.9100719424460432,0.8995724772122288,0.9011857707509882,0.9648790058862001,0.9814655605182445,port_protocol_service_ablation,88,74,14,src_port|dst_port|proto_icmp|proto_tcp|proto_udp|service|service_dce_rpc|service_dns|service_ftp|service_gssapi|service_http|service_smb|service_smb_gssapi|service_ssl,ksf-v4-idsplit::
classical_ext,svc,8,matern15_med_x0.1__svc__d8,matern15_med_x0.1,ood_test,fixed_c1,1.0,,0.0049555301666259766,0.9,0.9002944753856987,0.8999983999743996,0.900398406374502,0.948850905831893,0.9282349551811107,port_protocol_service_ablation,88,74,14,src_port|dst_port|proto_icmp|proto_tcp|proto_udp|service|service_dce_rpc|service_dns|service_ftp|service_gssapi|service_http|service_smb|service_smb_gssapi|service_ssl,ksf-v4-idsplit::
classical_ext,svc,8,matern15_med_x0.1__svc__d8,matern15_med_x0.1,id_val,train_cv,100.0,0.9538038857907398,0.004996299743652344,0.9601593625498008,0.9633526383526383,0.9598785166240409,0.9632352941176471,0.9754182754182754,0.9868583164126745,port_protocol_service_ablation,88,74,14,src_port|dst_port|proto_icmp|proto_tcp|proto_udp|service|service_dce_rpc|service_dns|service_ftp|service_gssapi|service_http|service_smb|service_smb_gssapi|service_ssl,ksf-v4-idsplit::
classical_ext,svc,8,matern15_med_x0.1__svc__d8,matern15_med_x0.1,id_test,train_cv,100.0,0.9538038857907398,0.004996299743652344,0.963855421686747,0.9676258992805755,0.96362072044285,0.966542750929368,0.9930673642903858,0.9958816020320248,port_protocol_service_ablation,88,74,14,src_port|dst_port|proto_icmp|proto_tcp|proto_udp|service|service_dce_rpc|service_dns|service_ftp|service_gssapi|service_http|service_smb|service_smb_gssapi|service_ssl,ksf-v4-idsplit::
classical_ext,svc,8,matern15_med_x0.1__svc__d8,matern15_med_x0.1,ood_test,train_cv,100.0,0.9538038857907398,0.004996299743652344,0.928,0.9283016452211766,0.9279988479815677,0.9282868525896414,0.9852602266180143,0.9821003346739148,port_protocol_service_ablation,88,74,14,src_port|dst_port|proto_icmp|proto_tcp|proto_udp|service|service_dce_rpc|service_dns|service_ftp|service_gssapi|service_http|service_smb|service_smb_gssapi|service_ssl,ksf-v4-idsplit::
classical_ext,svc,8,matern15_med_x0.3__svc__d8,matern15_med_x0.3,id_val,fixed_c1,1.0,,0.007215261459350586,0.8924302788844621,0.9035714285714286,0.892423448735654,0.8932806324110671,0.9858429858429859,0.9923646635374105,port_protocol_service_ablation,88,74,14,src_port|dst_port|proto_icmp|proto_tcp|proto_udp|service|service_dce_rpc|service_dns|service_ftp|service_gssapi|service_http|service_smb|service_smb_gssapi|service_ssl,ksf-v4-idsplit::
classical_ext,svc,8,matern15_med_x0.3__svc__d8,matern15_med_x0.3,id_test,fixed_c1,1.0,,0.007215261459350586,0.8995983935742972,0.9100719424460432,0.8995724772122288,0.9011857707509882,0.9620013080444735,0.9812734485666696,port_protocol_service_ablation,88,74,14,src_port|dst_port|proto_icmp|proto_tcp|proto_udp|service|service_dce_rpc|service_dns|service_ftp|service_gssapi|service_http|service_smb|service_smb_gssapi|service_ssl,ksf-v4-idsplit::
classical_ext,svc,8,matern15_med_x0.3__svc__d8,matern15_med_x0.3,ood_test,fixed_c1,1.0,,0.007215261459350586,0.902,0.9023269957109019,0.9019964718729874,0.9025844930417495,0.9404167466871519,0.914197752570417,port_protocol_service_ablation,88,74,14,src_port|dst_port|proto_icmp|proto_tcp|proto_udp|service|service_dce_rpc|service_dns|service_ftp|service_gssapi|service_http|service_smb|service_smb_gssapi|service_ssl,ksf-v4-idsplit::
classical_ext,svc,8,matern15_med_x0.3__svc__d8,matern15_med_x0.3,id_val,train_cv,100.0,0.9326208371137235,0.0045185089111328125,0.9163346613545816,0.925,0.9162495829162496,0.918918918918919,0.9770270270270269,0.9861905186157871,port_protocol_service_ablation,88,74,14,src_port|dst_port|proto_icmp|proto_tcp|proto_udp|service|service_dce_rpc|service_dns|service_ftp|service_gssapi|service_http|service_smb|service_smb_gssapi|service_ssl,ksf-v4-idsplit::
classical_ext,svc,8,matern15_med_x0.3__svc__d8,matern15_med_x0.3,id_test,train_cv,100.0,0.9326208371137235,0.0045185089111328125,0.927710843373494,0.935251798561151,0.9275694893341953,0.9307692307692308,0.9729234793982995,0.9853072137490261,port_protocol_service_ablation,88,74,14,src_port|dst_port|proto_icmp|proto_tcp|proto_udp|service|service_dce_rpc|service_dns|service_ftp|service_gssapi|service_http|service_smb|service_smb_gssapi|service_ssl,ksf-v4-idsplit::
classical_ext,svc,8,matern15_med_x0.3__svc__d8,matern15_med_x0.3,ood_test,train_cv,100.0,0.9326208371137235,0.0045185089111328125,0.902,0.9023269957109019,0.9019964718729874,0.9025844930417495,0.9591415402343,0.9515729924517689,port_protocol_service_ablation,88,74,14,src_port|dst_port|proto_icmp|proto_tcp|proto_udp|service|service_dce_rpc|service_dns|service_ftp|service_gssapi|service_http|service_smb|service_smb_gssapi|service_ssl,ksf-v4-idsplit::
classical_ext,svc,8,matern15_med_x3__svc__d8,matern15_med_x3,id_val,fixed_c1,1.0,,0.005692005157470703,0.8247011952191236,0.826994851994852,0.8236909323116219,0.837037037037037,0.9124195624195625,0.9485165675993422,port_protocol_service_ablation,88,74,14,src_port|dst_port|proto_icmp|proto_tcp|proto_udp|service|service_dce_rpc|service_dns|service_ftp|service_gssapi|service_http|service_smb|service_smb_gssapi|service_ssl,ksf-v4-idsplit::
classical_ext,svc,8,matern15_med_x3__svc__d8,matern15_med_x3,id_test,fixed_c1,1.0,,0.005692005157470703,0.8554216867469879,0.8600719424460432,0.8548951048951049,0.8636363636363636,0.9280575539568345,0.9573145513131196,port_protocol_service_ablation,88,74,14,src_port|dst_port|proto_icmp|proto_tcp|proto_udp|service|service_dce_rpc|service_dns|service_ftp|service_gssapi|service_http|service_smb|service_smb_gssapi|service_ssl,ksf-v4-idsplit::
classical_ext,svc,8,matern15_med_x3__svc__d8,matern15_med_x3,ood_test,fixed_c1,1.0,,0.005692005157470703,0.79,0.7876096280647846,0.7843402248612589,0.7494033412887828,0.9063280199731132,0.9003413743210833,port_protocol_service_ablation,88,74,14,src_port|dst_port|proto_icmp|proto_tcp|proto_udp|service|service_dce_rpc|service_dns|service_ftp|service_gssapi|service_http|service_smb|service_smb_gssapi|service_ssl,ksf-v4-idsplit::
classical_ext,svc,8,matern15_med_x3__svc__d8,matern15_med_x3,id_val,train_cv,100.0,0.9214691096960836,0.007482767105102539,0.8924302788844621,0.9035714285714286,0.892423448735654,0.8932806324110671,0.9845559845559845,0.9905725895625026,port_protocol_service_ablation,88,74,14,src_port|dst_port|proto_icmp|proto_tcp|proto_udp|service|service_dce_rpc|service_dns|service_ftp|service_gssapi|service_http|service_smb|service_smb_gssapi|service_ssl,ksf-v4-idsplit::
classical_ext,svc,8,matern15_med_x3__svc__d8,matern15_med_x3,id_test,train_cv,100.0,0.9214691096960836,0.007482767105102539,0.8995983935742972,0.9100719424460432,0.8995724772122288,0.9011857707509882,0.9752779594506213,0.9864618906026825,port_protocol_service_ablation,88,74,14,src_port|dst_port|proto_icmp|proto_tcp|proto_udp|service|service_dce_rpc|service_dns|service_ftp|service_gssapi|service_http|service_smb|service_smb_gssapi|service_ssl,ksf-v4-idsplit::
classical_ext,svc,8,matern15_med_x3__svc__d8,matern15_med_x3,ood_test,train_cv,100.0,0.9214691096960836,0.007482767105102539,0.902,0.9023269957109019,0.9019964718729874,0.9025844930417495,0.9528839382882017,0.9543597752564169,port_protocol_service_ablation,88,74,14,src_port|dst_port|proto_icmp|proto_tcp|proto_udp|service|service_dce_rpc|service_dns|service_ftp|service_gssapi|service_http|service_smb|service_smb_gssapi|service_ssl,ksf-v4-idsplit::
classical_ext,svc,8,matern15_med_x10__svc__d8,matern15_med_x10,id_val,fixed_c1,1.0,,0.012203693389892578,0.8247011952191236,0.8092664092664092,0.8151693667157585,0.8571428571428571,0.911003861003861,0.9284976215560947,port_protocol_service_ablation,88,74,14,src_port|dst_port|proto_icmp|proto_tcp|proto_udp|service|service_dce_rpc|service_dns|service_ftp|service_gssapi|service_http|service_smb|service_smb_gssapi|service_ssl,ksf-v4-idsplit::
classical_ext,svc,8,matern15_med_x10__svc__d8,matern15_med_x10,id_test,fixed_c1,1.0,,0.012203693389892578,0.8554216867469879,0.842053629823414,0.8485606162994999,0.8807947019867549,0.9429038587311969,0.9521039799647056,port_protocol_service_ablation,88,74,14,src_port|dst_port|proto_icmp|proto_tcp|proto_udp|service|service_dce_rpc|service_dns|service_ftp|service_gssapi|service_http|service_smb|service_smb_gssapi|service_ssl,ksf-v4-idsplit::
classical_ext,svc,8,matern15_med_x10__svc__d8,matern15_med_x10,ood_test,fixed_c1,1.0,,0.012203693389892578,0.756,0.7595224377440625,0.7449662184761523,0.7980132450331126,0.8293163049740734,0.81825750947529,port_protocol_service_ablation,88,74,14,src_port|dst_port|proto_icmp|proto_tcp|proto_udp|service|service_dce_rpc|service_dns|service_ftp|service_gssapi|service_http|service_smb|service_smb_gssapi|service_ssl,ksf-v4-idsplit::
classical_ext,svc,8,matern15_med_x10__svc__d8,matern15_med_x10,id_val,train_cv,100.0,0.9003666813259958,0.005006313323974609,0.8924302788844621,0.9035714285714286,0.892423448735654,0.8932806324110671,0.9436936936936937,0.9619242912312953,port_protocol_service_ablation,88,74,14,src_port|dst_port|proto_icmp|proto_tcp|proto_udp|service|service_dce_rpc|service_dns|service_ftp|service_gssapi|service_http|service_smb|service_smb_gssapi|service_ssl,ksf-v4-idsplit::
classical_ext,svc,8,matern15_med_x10__svc__d8,matern15_med_x10,id_test,train_cv,100.0,0.9003666813259958,0.005006313323974609,0.8995983935742972,0.9100719424460432,0.8995724772122288,0.9011857707509882,0.9565075212557227,0.9697973881708625,port_protocol_service_ablation,88,74,14,src_port|dst_port|proto_icmp|proto_tcp|proto_udp|service|service_dce_rpc|service_dns|service_ftp|service_gssapi|service_http|service_smb|service_smb_gssapi|service_ssl,ksf-v4-idsplit::
classical_ext,svc,8,matern15_med_x10__svc__d8,matern15_med_x10,ood_test,train_cv,100.0,0.9003666813259958,0.005006313323974609,0.874,0.8731035144997119,0.8733795598432319,0.864516129032258,0.9303341655463799,0.9373705761712232,port_protocol_service_ablation,88,74,14,src_port|dst_port|proto_icmp|proto_tcp|proto_udp|service|service_dce_rpc|service_dns|service_ftp|service_gssapi|service_http|service_smb|service_smb_gssapi|service_ssl,ksf-v4-idsplit::
classical_ext,svc,8,matern25_med_x0.1__svc__d8,matern25_med_x0.1,id_val,fixed_c1,1.0,,0.003998756408691406,0.896414342629482,0.9071428571428571,0.8963995427990856,0.8976377952755905,0.96994851994852,0.9830872141643195,port_protocol_service_ablation,88,74,14,src_port|dst_port|proto_icmp|proto_tcp|proto_udp|service|service_dce_rpc|service_dns|service_ftp|service_gssapi|service_http|service_smb|service_smb_gssapi|service_ssl,ksf-v4-idsplit::
classical_ext,svc,8,matern25_med_x0.1__svc__d8,matern25_med_x0.1,id_test,fixed_c1,1.0,,0.003998756408691406,0.8995983935742972,0.9100719424460432,0.8995724772122288,0.9011857707509882,0.9637671680837149,0.9808760941380681,port_protocol_service_ablation,88,74,14,src_port|dst_port|proto_icmp|proto_tcp|proto_udp|service|service_dce_rpc|service_dns|service_ftp|service_gssapi|service_http|service_smb|service_smb_gssapi|service_ssl,ksf-v4-idsplit::
classical_ext,svc,8,matern25_med_x0.1__svc__d8,matern25_med_x0.1,ood_test,fixed_c1,1.0,,0.003998756408691406,0.9,0.9002944753856987,0.8999983999743996,0.900398406374502,0.9366717879777223,0.9058387048799064,port_protocol_service_ablation,88,74,14,src_port|dst_port|proto_icmp|proto_tcp|proto_udp|service|service_dce_rpc|service_dns|service_ftp|service_gssapi|service_http|service_smb|service_smb_gssapi|service_ssl,ksf-v4-idsplit::
classical_ext,svc,8,matern25_med_x0.1__svc__d8,matern25_med_x0.1,id_val,train_cv,100.0,0.9396018413365947,0.005006313323974609,0.9442231075697212,0.9490669240669241,0.9439660671003954,0.9477611940298507,0.977992277992278,0.9877743819113576,port_protocol_service_ablation,88,74,14,src_port|dst_port|proto_icmp|proto_tcp|proto_udp|service|service_dce_rpc|service_dns|service_ftp|service_gssapi|service_http|service_smb|service_smb_gssapi|service_ssl,ksf-v4-idsplit::
classical_ext,svc,8,matern25_med_x0.1__svc__d8,matern25_med_x0.1,id_test,train_cv,100.0,0.9396018413365947,0.005006313323974609,0.9437751004016064,0.9496402877697842,0.9435703185703186,0.946969696969697,0.9937867887508175,0.9960515934462255,port_protocol_service_ablation,88,74,14,src_port|dst_port|proto_icmp|proto_tcp|proto_udp|service|service_dce_rpc|service_dns|service_ftp|service_gssapi|service_http|service_smb|service_smb_gssapi|service_ssl,ksf-v4-idsplit::
classical_ext,svc,8,matern25_med_x0.1__svc__d8,matern25_med_x0.1,ood_test,train_cv,100.0,0.9396018413365947,0.005006313323974609,0.92,0.9201715639203636,0.9199987199795197,0.9196787148594378,0.971688752320594,0.9645454761573602,port_protocol_service_ablation,88,74,14,src_port|dst_port|proto_icmp|proto_tcp|proto_udp|service|service_dce_rpc|service_dns|service_ftp|service_gssapi|service_http|service_smb|service_smb_gssapi|service_ssl,ksf-v4-idsplit::
classical_ext,svc,8,matern25_med_x0.3__svc__d8,matern25_med_x0.3,id_val,fixed_c1,1.0,,0.003985166549682617,0.8924302788844621,0.9035714285714286,0.892423448735654,0.8932806324110671,0.9701415701415702,0.9825093110053776,port_protocol_service_ablation,88,74,14,src_port|dst_port|proto_icmp|proto_tcp|proto_udp|service|service_dce_rpc|service_dns|service_ftp|service_gssapi|service_http|service_smb|service_smb_gssapi|service_ssl,ksf-v4-idsplit::
classical_ext,svc,8,matern25_med_x0.3__svc__d8,matern25_med_x0.3,id_test,fixed_c1,1.0,,0.003985166549682617,0.8995983935742972,0.9100719424460432,0.8995724772122288,0.9011857707509882,0.9534990189666448,0.9760804016354795,port_protocol_service_ablation,88,74,14,src_port|dst_port|proto_icmp|proto_tcp|proto_udp|service|service_dce_rpc|service_dns|service_ftp|service_gssapi|service_http|service_smb|service_smb_gssapi|service_ssl,ksf-v4-idsplit::
classical_ext,svc,8,matern25_med_x0.3__svc__d8,matern25_med_x0.3,ood_test,fixed_c1,1.0,,0.003985166549682617,0.902,0.9023269957109019,0.9019964718729874,0.9025844930417495,0.9412009474425452,0.9144219535970598,port_protocol_service_ablation,88,74,14,src_port|dst_port|proto_icmp|proto_tcp|proto_udp|service|service_dce_rpc|service_dns|service_ftp|service_gssapi|service_http|service_smb|service_smb_gssapi|service_ssl,ksf-v4-idsplit::
classical_ext,svc,8,matern25_med_x0.3__svc__d8,matern25_med_x0.3,id_val,train_cv,100.0,0.9306006350935213,0.005960226058959961,0.9163346613545816,0.925,0.9162495829162496,0.918918918918919,0.9752252252252251,0.9856448614165791,port_protocol_service_ablation,88,74,14,src_port|dst_port|proto_icmp|proto_tcp|proto_udp|service|service_dce_rpc|service_dns|service_ftp|service_gssapi|service_http|service_smb|service_smb_gssapi|service_ssl,ksf-v4-idsplit::
classical_ext,svc,8,matern25_med_x0.3__svc__d8,matern25_med_x0.3,id_test,train_cv,100.0,0.9306006350935213,0.005960226058959961,0.927710843373494,0.935251798561151,0.9275694893341953,0.9307692307692308,0.9714846304774362,0.9847202966748241,port_protocol_service_ablation,88,74,14,src_port|dst_port|proto_icmp|proto_tcp|proto_udp|service|service_dce_rpc|service_dns|service_ftp|service_gssapi|service_http|service_smb|service_smb_gssapi|service_ssl,ksf-v4-idsplit::
classical_ext,svc,8,matern25_med_x0.3__svc__d8,matern25_med_x0.3,ood_test,train_cv,100.0,0.9306006350935213,0.005960226058959961,0.902,0.9023269957109019,0.9019964718729874,0.9025844930417495,0.9445137955316562,0.9271181307453426,port_protocol_service_ablation,88,74,14,src_port|dst_port|proto_icmp|proto_tcp|proto_udp|service|service_dce_rpc|service_dns|service_ftp|service_gssapi|service_http|service_smb|service_smb_gssapi|service_ssl,ksf-v4-idsplit::
classical_ext,svc,8,matern25_med_x3__svc__d8,matern25_med_x3,id_val,fixed_c1,1.0,,0.008593559265136719,0.8247011952191236,0.826994851994852,0.8236909323116219,0.837037037037037,0.8355855855855856,0.8532821519758809,port_protocol_service_ablation,88,74,14,src_port|dst_port|proto_icmp|proto_tcp|proto_udp|service|service_dce_rpc|service_dns|service_ftp|service_gssapi|service_http|service_smb|service_smb_gssapi|service_ssl,ksf-v4-idsplit::
classical_ext,svc,8,matern25_med_x3__svc__d8,matern25_med_x3,id_test,fixed_c1,1.0,,0.008593559265136719,0.8554216867469879,0.8600719424460432,0.8548951048951049,0.8636363636363636,0.8755395683453238,0.8876002101720457,port_protocol_service_ablation,88,74,14,src_port|dst_port|proto_icmp|proto_tcp|proto_udp|service|service_dce_rpc|service_dns|service_ftp|service_gssapi|service_http|service_smb|service_smb_gssapi|service_ssl,ksf-v4-idsplit::
classical_ext,svc,8,matern25_med_x3__svc__d8,matern25_med_x3,ood_test,fixed_c1,1.0,,0.008593559265136719,0.778,0.7758626208309327,0.7731647804602916,0.7400468384074942,0.8689584533640611,0.8687863005109845,port_protocol_service_ablation,88,74,14,src_port|dst_port|proto_icmp|proto_tcp|proto_udp|service|service_dce_rpc|service_dns|service_ftp|service_gssapi|service_http|service_smb|service_smb_gssapi|service_ssl,ksf-v4-idsplit::
classical_ext,svc,8,matern25_med_x3__svc__d8,matern25_med_x3,id_val,train_cv,100.0,0.9184188046655806,0.0053462982177734375,0.8924302788844621,0.9035714285714286,0.892423448735654,0.8932806324110671,0.9786357786357787,0.9867616060750609,port_protocol_service_ablation,88,74,14,src_port|dst_port|proto_icmp|proto_tcp|proto_udp|service|service_dce_rpc|service_dns|service_ftp|service_gssapi|service_http|service_smb|service_smb_gssapi|service_ssl,ksf-v4-idsplit::
classical_ext,svc,8,matern25_med_x3__svc__d8,matern25_med_x3,id_test,train_cv,100.0,0.9184188046655806,0.0053462982177734375,0.8995983935742972,0.9100719424460432,0.8995724772122288,0.9011857707509882,0.9689993459777633,0.9794183790359339,port_protocol_service_ablation,88,74,14,src_port|dst_port|proto_icmp|proto_tcp|proto_udp|service|service_dce_rpc|service_dns|service_ftp|service_gssapi|service_http|service_smb|service_smb_gssapi|service_ssl,ksf-v4-idsplit::
classical_ext,svc,8,matern25_med_x3__svc__d8,matern25_med_x3,ood_test,train_cv,100.0,0.9184188046655806,0.0053462982177734375,0.9,0.9004225081620896,0.8999855979261013,0.9011857707509882,0.946578324050957,0.9513977924037555,port_protocol_service_ablation,88,74,14,src_port|dst_port|proto_icmp|proto_tcp|proto_udp|service|service_dce_rpc|service_dns|service_ftp|service_gssapi|service_http|service_smb|service_smb_gssapi|service_ssl,ksf-v4-idsplit::
classical_ext,svc,8,matern25_med_x10__svc__d8,matern25_med_x10,id_val,fixed_c1,1.0,,0.008504629135131836,0.7649402390438247,0.7342342342342343,0.7319977559404238,0.8259587020648967,0.916023166023166,0.9311698908013332,port_protocol_service_ablation,88,74,14,src_port|dst_port|proto_icmp|proto_tcp|proto_udp|service|service_dce_rpc|service_dns|service_ftp|service_gssapi|service_http|service_smb|service_smb_gssapi|service_ssl,ksf-v4-idsplit::
classical_ext,svc,8,matern25_med_x10__svc__d8,matern25_med_x10,id_test,fixed_c1,1.0,,0.008504629135131836,0.7991967871485943,0.7727272727272727,0.7767216642754663,0.8475609756097561,0.9476128188358405,0.9548187699071705,port_protocol_service_ablation,88,74,14,src_port|dst_port|proto_icmp|proto_tcp|proto_udp|service|service_dce_rpc|service_dns|service_ftp|service_gssapi|service_http|service_smb|service_smb_gssapi|service_ssl,ksf-v4-idsplit::
classical_ext,svc,8,matern25_med_x10__svc__d8,matern25_med_x10,ood_test,fixed_c1,1.0,,0.008504629135131836,0.548,0.5500608155687856,0.5413961038961039,0.5964285714285714,0.7696850393700788,0.7819605674306852,port_protocol_service_ablation,88,74,14,src_port|dst_port|proto_icmp|proto_tcp|proto_udp|service|service_dce_rpc|service_dns|service_ftp|service_gssapi|service_http|service_smb|service_smb_gssapi|service_ssl,ksf-v4-idsplit::
classical_ext,svc,8,matern25_med_x10__svc__d8,matern25_med_x10,id_val,train_cv,100.0,0.8565878316523129,0.005747556686401367,0.8247011952191236,0.826994851994852,0.8236909323116219,0.837037037037037,0.9065637065637066,0.9454520414671513,port_protocol_service_ablation,88,74,14,src_port|dst_port|proto_icmp|proto_tcp|proto_udp|service|service_dce_rpc|service_dns|service_ftp|service_gssapi|service_http|service_smb|service_smb_gssapi|service_ssl,ksf-v4-idsplit::
classical_ext,svc,8,matern25_med_x10__svc__d8,matern25_med_x10,id_test,train_cv,100.0,0.8565878316523129,0.005747556686401367,0.8554216867469879,0.8600719424460432,0.8548951048951049,0.8636363636363636,0.9205362982341398,0.9530159266372494,port_protocol_service_ablation,88,74,14,src_port|dst_port|proto_icmp|proto_tcp|proto_udp|service|service_dce_rpc|service_dns|service_ftp|service_gssapi|service_http|service_smb|service_smb_gssapi|service_ssl,ksf-v4-idsplit::
classical_ext,svc,8,matern25_med_x10__svc__d8,matern25_med_x10,ood_test,train_cv,100.0,0.8565878316523129,0.005747556686401367,0.796,0.7935791562640035,0.7903615646426281,0.7559808612440191,0.9027270981371232,0.9167015384411394,port_protocol_service_ablation,88,74,14,src_port|dst_port|proto_icmp|proto_tcp|proto_udp|service|service_dce_rpc|service_dns|service_ftp|service_gssapi|service_http|service_smb|service_smb_gssapi|service_ssl,ksf-v4-idsplit::
quantum,svc,8,zz_r1_full__as0.5__svc__d8,zz_r1_full__as0.5,id_val,fixed_c1,1.0,,0.006514549255371094,0.8924302788844621,0.9026383526383526,0.8924029530840676,0.8941176470588236,0.9705920205920207,0.9830766485156571,port_protocol_service_ablation,88,74,14,src_port|dst_port|proto_icmp|proto_tcp|proto_udp|service|service_dce_rpc|service_dns|service_ftp|service_gssapi|service_http|service_smb|service_smb_gssapi|service_ssl,ksf-v4-idsplit::
quantum,svc,8,zz_r1_full__as0.5__svc__d8,zz_r1_full__as0.5,id_test,fixed_c1,1.0,,0.006514549255371094,0.8995983935742972,0.9100719424460432,0.8995724772122288,0.9011857707509882,0.9621321124918247,0.9804979946713404,port_protocol_service_ablation,88,74,14,src_port|dst_port|proto_icmp|proto_tcp|proto_udp|service|service_dce_rpc|service_dns|service_ftp|service_gssapi|service_http|service_smb|service_smb_gssapi|service_ssl,ksf-v4-idsplit::
quantum,svc,8,zz_r1_full__as0.5__svc__d8,zz_r1_full__as0.5,ood_test,fixed_c1,1.0,,0.006514549255371094,0.9,0.9002944753856987,0.8999983999743996,0.900398406374502,0.9415050252864734,0.9150185524001938,port_protocol_service_ablation,88,74,14,src_port|dst_port|proto_icmp|proto_tcp|proto_udp|service|service_dce_rpc|service_dns|service_ftp|service_gssapi|service_http|service_smb|service_smb_gssapi|service_ssl,ksf-v4-idsplit::
quantum,svc,8,zz_r1_full__as0.5__svc__d8,zz_r1_full__as0.5,id_val,train_cv,100.0,0.9518533966241762,0.007257938385009766,0.9561752988047809,0.9588481338481338,0.9558360126045715,0.9597069597069597,0.9918275418275418,0.9942483355397826,port_protocol_service_ablation,88,74,14,src_port|dst_port|proto_icmp|proto_tcp|proto_udp|service|service_dce_rpc|service_dns|service_ftp|service_gssapi|service_http|service_smb|service_smb_gssapi|service_ssl,ksf-v4-idsplit::
quantum,svc,8,zz_r1_full__as0.5__svc__d8,zz_r1_full__as0.5,id_test,train_cv,100.0,0.9518533966241762,0.007257938385009766,0.9598393574297188,0.963080444735121,0.9595516569200779,0.9629629629629629,0.9967298888162197,0.9975915236686036,port_protocol_service_ablation,88,74,14,src_port|dst_port|proto_icmp|proto_tcp|proto_udp|service|service_dce_rpc|service_dns|service_ftp|service_gssapi|service_http|service_smb|service_smb_gssapi|service_ssl,ksf-v4-idsplit::
quantum,svc,8,zz_r1_full__as0.5__svc__d8,zz_r1_full__as0.5,ood_test,train_cv,100.0,0.9518533966241762,0.007257938385009766,0.93,0.9303981819345752,0.9299929992999301,0.9306930693069307,0.9708565392740542,0.9616113548400994,port_protocol_service_ablation,88,74,14,src_port|dst_port|proto_icmp|proto_tcp|proto_udp|service|service_dce_rpc|service_dns|service_ftp|service_gssapi|service_http|service_smb|service_smb_gssapi|service_ssl,ksf-v4-idsplit::
quantum,svc,8,zz_r2_full__as0.5__svc__d8,zz_r2_full__as0.5,id_val,fixed_c1,1.0,,0.0035126209259033203,0.896414342629482,0.9071428571428571,0.8963995427990856,0.8976377952755905,0.9850707850707852,0.9914950823559119,port_protocol_service_ablation,88,74,14,src_port|dst_port|proto_icmp|proto_tcp|proto_udp|service|service_dce_rpc|service_dns|service_ftp|service_gssapi|service_http|service_smb|service_smb_gssapi|service_ssl,ksf-v4-idsplit::
quantum,svc,8,zz_r2_full__as0.5__svc__d8,zz_r2_full__as0.5,id_test,fixed_c1,1.0,,0.0035126209259033203,0.8995983935742972,0.9100719424460432,0.8995724772122288,0.9011857707509882,0.9648136036625247,0.9823273543126293,port_protocol_service_ablation,88,74,14,src_port|dst_port|proto_icmp|proto_tcp|proto_udp|service|service_dce_rpc|service_dns|service_ftp|service_gssapi|service_http|service_smb|service_smb_gssapi|service_ssl,ksf-v4-idsplit::
quantum,svc,8,zz_r2_full__as0.5__svc__d8,zz_r2_full__as0.5,ood_test,fixed_c1,1.0,,0.0035126209259033203,0.902,0.9022629793227066,0.901999607998432,0.9021956087824351,0.9378240829652391,0.9084308078213987,port_protocol_service_ablation,88,74,14,src_port|dst_port|proto_icmp|proto_tcp|proto_udp|service|service_dce_rpc|service_dns|service_ftp|service_gssapi|service_http|service_smb|service_smb_gssapi|service_ssl,ksf-v4-idsplit::
quantum,svc,8,zz_r2_full__as0.5__svc__d8,zz_r2_full__as0.5,id_val,train_cv,100.0,0.9568541908212429,0.005613088607788086,0.9561752988047809,0.9588481338481338,0.9558360126045715,0.9597069597069597,0.9696911196911197,0.9723990115420578,port_protocol_service_ablation,88,74,14,src_port|dst_port|proto_icmp|proto_tcp|proto_udp|service|service_dce_rpc|service_dns|service_ftp|service_gssapi|service_http|service_smb|service_smb_gssapi|service_ssl,ksf-v4-idsplit::
quantum,svc,8,zz_r2_full__as0.5__svc__d8,zz_r2_full__as0.5,id_test,train_cv,100.0,0.9568541908212429,0.005613088607788086,0.9598393574297188,0.963080444735121,0.9595516569200779,0.9629629629629629,0.9937867887508176,0.9962642466511425,port_protocol_service_ablation,88,74,14,src_port|dst_port|proto_icmp|proto_tcp|proto_udp|service|service_dce_rpc|service_dns|service_ftp|service_gssapi|service_http|service_smb|service_smb_gssapi|service_ssl,ksf-v4-idsplit::
quantum,svc,8,zz_r2_full__as0.5__svc__d8,zz_r2_full__as0.5,ood_test,train_cv,100.0,0.9568541908212429,0.005613088607788086,0.93,0.9302701491581845,0.9299997199988801,0.9301397205588823,0.971064592535689,0.9663779655721672,port_protocol_service_ablation,88,74,14,src_port|dst_port|proto_icmp|proto_tcp|proto_udp|service|service_dce_rpc|service_dns|service_ftp|service_gssapi|service_http|service_smb|service_smb_gssapi|service_ssl,ksf-v4-idsplit::
quantum,svc,8,pauli_xz_r1_full__as0.5__svc__d8,pauli_xz_r1_full__as0.5,id_val,fixed_c1,1.0,,0.005743741989135742,0.8924302788844621,0.9035714285714286,0.892423448735654,0.8932806324110671,0.9783140283140283,0.9873155135014724,port_protocol_service_ablation,88,74,14,src_port|dst_port|proto_icmp|proto_tcp|proto_udp|service|service_dce_rpc|service_dns|service_ftp|service_gssapi|service_http|service_smb|service_smb_gssapi|service_ssl,ksf-v4-idsplit::
quantum,svc,8,pauli_xz_r1_full__as0.5__svc__d8,pauli_xz_r1_full__as0.5,id_test,fixed_c1,1.0,,0.005743741989135742,0.8995983935742972,0.9100719424460432,0.8995724772122288,0.9011857707509882,0.9782210595160235,0.9871032548781112,port_protocol_service_ablation,88,74,14,src_port|dst_port|proto_icmp|proto_tcp|proto_udp|service|service_dce_rpc|service_dns|service_ftp|service_gssapi|service_http|service_smb|service_smb_gssapi|service_ssl,ksf-v4-idsplit::
quantum,svc,8,pauli_xz_r1_full__as0.5__svc__d8,pauli_xz_r1_full__as0.5,ood_test,fixed_c1,1.0,,0.005743741989135742,0.9,0.9002944753856987,0.8999983999743996,0.900398406374502,0.9441457012995327,0.9319437135743702,port_protocol_service_ablation,88,74,14,src_port|dst_port|proto_icmp|proto_tcp|proto_udp|service|service_dce_rpc|service_dns|service_ftp|service_gssapi|service_http|service_smb|service_smb_gssapi|service_ssl,ksf-v4-idsplit::
quantum,svc,8,pauli_xz_r1_full__as0.5__svc__d8,pauli_xz_r1_full__as0.5,id_val,train_cv,100.0,0.9224792107061847,0.009503364562988281,0.896414342629482,0.9071428571428571,0.8963995427990856,0.8976377952755905,0.9797940797940797,0.9878050590939892,port_protocol_service_ablation,88,74,14,src_port|dst_port|proto_icmp|proto_tcp|proto_udp|service|service_dce_rpc|service_dns|service_ftp|service_gssapi|service_http|service_smb|service_smb_gssapi|service_ssl,ksf-v4-idsplit::
quantum,svc,8,pauli_xz_r1_full__as0.5__svc__d8,pauli_xz_r1_full__as0.5,id_test,train_cv,100.0,0.9224792107061847,0.009503364562988281,0.8995983935742972,0.9100719424460432,0.8995724772122288,0.9011857707509882,0.9768476128188358,0.987089931137339,port_protocol_service_ablation,88,74,14,src_port|dst_port|proto_icmp|proto_tcp|proto_udp|service|service_dce_rpc|service_dns|service_ftp|service_gssapi|service_http|service_smb|service_smb_gssapi|service_ssl,ksf-v4-idsplit::
quantum,svc,8,pauli_xz_r1_full__as0.5__svc__d8,pauli_xz_r1_full__as0.5,ood_test,train_cv,100.0,0.9224792107061847,0.009503364562988281,0.902,0.9023269957109019,0.9019964718729874,0.9025844930417495,0.9647909864925421,0.9701630918617566,port_protocol_service_ablation,88,74,14,src_port|dst_port|proto_icmp|proto_tcp|proto_udp|service|service_dce_rpc|service_dns|service_ftp|service_gssapi|service_http|service_smb|service_smb_gssapi|service_ssl,ksf-v4-idsplit::
quantum,svc,8,zmap_r2__as0.5__svc__d8,zmap_r2__as0.5,id_val,fixed_c1,1.0,,0.005999326705932617,0.8924302788844621,0.9035714285714286,0.892423448735654,0.8932806324110671,0.9810810810810812,0.9890571551331852,port_protocol_service_ablation,88,74,14,src_port|dst_port|proto_icmp|proto_tcp|proto_udp|service|service_dce_rpc|service_dns|service_ftp|service_gssapi|service_http|service_smb|service_smb_gssapi|service_ssl,ksf-v4-idsplit::
quantum,svc,8,zmap_r2__as0.5__svc__d8,zmap_r2__as0.5,id_test,fixed_c1,1.0,,0.005999326705932617,0.8995983935742972,0.9100719424460432,0.8995724772122288,0.9011857707509882,0.9634401569653368,0.9809061650691938,port_protocol_service_ablation,88,74,14,src_port|dst_port|proto_icmp|proto_tcp|proto_udp|service|service_dce_rpc|service_dns|service_ftp|service_gssapi|service_http|service_smb|service_smb_gssapi|service_ssl,ksf-v4-idsplit::
quantum,svc,8,zmap_r2__as0.5__svc__d8,zmap_r2__as0.5,ood_test,fixed_c1,1.0,,0.005999326705932617,0.902,0.9023269957109019,0.9019964718729874,0.9025844930417495,0.952339798988541,0.9507544949916349,port_protocol_service_ablation,88,74,14,src_port|dst_port|proto_icmp|proto_tcp|proto_udp|service|service_dce_rpc|service_dns|service_ftp|service_gssapi|service_http|service_smb|service_smb_gssapi|service_ssl,ksf-v4-idsplit::
quantum,svc,8,zmap_r2__as0.5__svc__d8,zmap_r2__as0.5,id_val,train_cv,100.0,0.9224992127063846,0.007012128829956055,0.896414342629482,0.9071428571428571,0.8963995427990856,0.8976377952755905,0.9725225225225225,0.9849028242743934,port_protocol_service_ablation,88,74,14,src_port|dst_port|proto_icmp|proto_tcp|proto_udp|service|service_dce_rpc|service_dns|service_ftp|service_gssapi|service_http|service_smb|service_smb_gssapi|service_ssl,ksf-v4-idsplit::
quantum,svc,8,zmap_r2__as0.5__svc__d8,zmap_r2__as0.5,id_test,train_cv,100.0,0.9224992127063846,0.007012128829956055,0.8995983935742972,0.9100719424460432,0.8995724772122288,0.9011857707509882,0.9667756703727927,0.9831367357017776,port_protocol_service_ablation,88,74,14,src_port|dst_port|proto_icmp|proto_tcp|proto_udp|service|service_dce_rpc|service_dns|service_ftp|service_gssapi|service_http|service_smb|service_smb_gssapi|service_ssl,ksf-v4-idsplit::
quantum,svc,8,zmap_r2__as0.5__svc__d8,zmap_r2__as0.5,ood_test,train_cv,100.0,0.9224992127063846,0.007012128829956055,0.902,0.9023269957109019,0.9019964718729874,0.9025844930417495,0.9579732411497344,0.9599528984713981,port_protocol_service_ablation,88,74,14,src_port|dst_port|proto_icmp|proto_tcp|proto_udp|service|service_dce_rpc|service_dns|service_ftp|service_gssapi|service_http|service_smb|service_smb_gssapi|service_ssl,ksf-v4-idsplit::
quantum,svc,8,zz_r1_full__svc__d8,zz_r1_full,id_val,fixed_c1,1.0,,0.003298521041870117,0.896414342629482,0.9071428571428571,0.8963995427990856,0.8976377952755905,0.9892535392535393,0.9927000577379322,port_protocol_service_ablation,88,74,14,src_port|dst_port|proto_icmp|proto_tcp|proto_udp|service|service_dce_rpc|service_dns|service_ftp|service_gssapi|service_http|service_smb|service_smb_gssapi|service_ssl,ksf-v4-idsplit::
quantum,svc,8,zz_r1_full__svc__d8,zz_r1_full,id_test,fixed_c1,1.0,,0.003298521041870117,0.8995983935742972,0.9100719424460432,0.8995724772122288,0.9011857707509882,0.9815565729234794,0.9880446405923204,port_protocol_service_ablation,88,74,14,src_port|dst_port|proto_icmp|proto_tcp|proto_udp|service|service_dce_rpc|service_dns|service_ftp|service_gssapi|service_http|service_smb|service_smb_gssapi|service_ssl,ksf-v4-idsplit::
quantum,svc,8,zz_r1_full__svc__d8,zz_r1_full,ood_test,fixed_c1,1.0,,0.003298521041870117,0.902,0.9022629793227066,0.901999607998432,0.9021956087824351,0.9470424428653735,0.9114020201695796,port_protocol_service_ablation,88,74,14,src_port|dst_port|proto_icmp|proto_tcp|proto_udp|service|service_dce_rpc|service_dns|service_ftp|service_gssapi|service_http|service_smb|service_smb_gssapi|service_ssl,ksf-v4-idsplit::
quantum,svc,8,zz_r1_full__svc__d8,zz_r1_full,id_val,train_cv,100.0,0.9548734045073173,0.003001689910888672,0.9561752988047809,0.9597812097812097,0.9558952732384467,0.959409594095941,0.9673745173745174,0.9745183204945198,port_protocol_service_ablation,88,74,14,src_port|dst_port|proto_icmp|proto_tcp|proto_udp|service|service_dce_rpc|service_dns|service_ftp|service_gssapi|service_http|service_smb|service_smb_gssapi|service_ssl,ksf-v4-idsplit::
quantum,svc,8,zz_r1_full__svc__d8,zz_r1_full,id_test,train_cv,100.0,0.9548734045073173,0.003001689910888672,0.963855421686747,0.9676258992805755,0.96362072044285,0.966542750929368,0.9921517331589274,0.9953104454542042,port_protocol_service_ablation,88,74,14,src_port|dst_port|proto_icmp|proto_tcp|proto_udp|service|service_dce_rpc|service_dns|service_ftp|service_gssapi|service_http|service_smb|service_smb_gssapi|service_ssl,ksf-v4-idsplit::
quantum,svc,8,zz_r1_full__svc__d8,zz_r1_full,ood_test,train_cv,100.0,0.9548734045073173,0.003001689910888672,0.928,0.928365661609372,0.9279953917050692,0.9285714285714286,0.9756097560975608,0.9655886587046971,port_protocol_service_ablation,88,74,14,src_port|dst_port|proto_icmp|proto_tcp|proto_udp|service|service_dce_rpc|service_dns|service_ftp|service_gssapi|service_http|service_smb|service_smb_gssapi|service_ssl,ksf-v4-idsplit::
quantum,svc,8,zz_r2_full__svc__d8,zz_r2_full,id_val,fixed_c1,1.0,,0.005146503448486328,0.9123505976095617,0.9214285714285715,0.9122823738721566,0.9147286821705426,0.9847490347490349,0.9906294742327105,port_protocol_service_ablation,88,74,14,src_port|dst_port|proto_icmp|proto_tcp|proto_udp|service|service_dce_rpc|service_dns|service_ftp|service_gssapi|service_http|service_smb|service_smb_gssapi|service_ssl,ksf-v4-idsplit::
quantum,svc,8,zz_r2_full__svc__d8,zz_r2_full,id_test,fixed_c1,1.0,,0.005146503448486328,0.9236947791164659,0.9316546762589928,0.9235715093455679,0.9266409266409267,0.9711576193590583,0.9845079446504702,port_protocol_service_ablation,88,74,14,src_port|dst_port|proto_icmp|proto_tcp|proto_udp|service|service_dce_rpc|service_dns|service_ftp|service_gssapi|service_http|service_smb|service_smb_gssapi|service_ssl,ksf-v4-idsplit::
quantum,svc,8,zz_r2_full__svc__d8,zz_r2_full,ood_test,fixed_c1,1.0,,0.005146503448486328,0.902,0.9022629793227066,0.901999607998432,0.9021956087824351,0.9607099417450868,0.9288201932730249,port_protocol_service_ablation,88,74,14,src_port|dst_port|proto_icmp|proto_tcp|proto_udp|service|service_dce_rpc|service_dns|service_ftp|service_gssapi|service_http|service_smb|service_smb_gssapi|service_ssl,ksf-v4-idsplit::
quantum,svc,8,zz_r2_full__svc__d8,zz_r2_full,id_val,train_cv,100.0,0.953873598644378,0.00451350212097168,0.9561752988047809,0.9597812097812097,0.9558952732384467,0.959409594095941,0.9677606177606177,0.975093324885824,port_protocol_service_ablation,88,74,14,src_port|dst_port|proto_icmp|proto_tcp|proto_udp|service|service_dce_rpc|service_dns|service_ftp|service_gssapi|service_http|service_smb|service_smb_gssapi|service_ssl,ksf-v4-idsplit::
quantum,svc,8,zz_r2_full__svc__d8,zz_r2_full,id_test,train_cv,100.0,0.953873598644378,0.00451350212097168,0.9518072289156626,0.9539895356442119,0.9513925039042166,0.9558823529411765,0.9924787442773054,0.9955633897353815,port_protocol_service_ablation,88,74,14,src_port|dst_port|proto_icmp|proto_tcp|proto_udp|service|service_dce_rpc|service_dns|service_ftp|service_gssapi|service_http|service_smb|service_smb_gssapi|service_ssl,ksf-v4-idsplit::
quantum,svc,8,zz_r2_full__svc__d8,zz_r2_full,ood_test,train_cv,100.0,0.953873598644378,0.00451350212097168,0.928,0.9283016452211766,0.9279988479815677,0.9282868525896414,0.9834997759426414,0.9776468859907611,port_protocol_service_ablation,88,74,14,src_port|dst_port|proto_icmp|proto_tcp|proto_udp|service|service_dce_rpc|service_dns|service_ftp|service_gssapi|service_http|service_smb|service_smb_gssapi|service_ssl,ksf-v4-idsplit::
quantum,svc,8,pauli_xz_r1_full__svc__d8,pauli_xz_r1_full,id_val,fixed_c1,1.0,,0.004427433013916016,0.8924302788844621,0.9035714285714286,0.892423448735654,0.8932806324110671,0.9745817245817247,0.9848986916957782,port_protocol_service_ablation,88,74,14,src_port|dst_port|proto_icmp|proto_tcp|proto_udp|service|service_dce_rpc|service_dns|service_ftp|service_gssapi|service_http|service_smb|service_smb_gssapi|service_ssl,ksf-v4-idsplit::
quantum,svc,8,pauli_xz_r1_full__svc__d8,pauli_xz_r1_full,id_test,fixed_c1,1.0,,0.004427433013916016,0.8995983935742972,0.9100719424460432,0.8995724772122288,0.9011857707509882,0.9662524525833878,0.9813190029324901,port_protocol_service_ablation,88,74,14,src_port|dst_port|proto_icmp|proto_tcp|proto_udp|service|service_dce_rpc|service_dns|service_ftp|service_gssapi|service_http|service_smb|service_smb_gssapi|service_ssl,ksf-v4-idsplit::
quantum,svc,8,pauli_xz_r1_full__svc__d8,pauli_xz_r1_full,ood_test,fixed_c1,1.0,,0.004427433013916016,0.898,0.8983899878368862,0.897989798979898,0.899009900990099,0.9394404967671725,0.9163703542337869,port_protocol_service_ablation,88,74,14,src_port|dst_port|proto_icmp|proto_tcp|proto_udp|service|service_dce_rpc|service_dns|service_ftp|service_gssapi|service_http|service_smb|service_smb_gssapi|service_ssl,ksf-v4-idsplit::
quantum,svc,8,pauli_xz_r1_full__svc__d8,pauli_xz_r1_full,id_val,train_cv,100.0,0.9276594586229331,0.0065042972564697266,0.9123505976095617,0.9204954954954955,0.9122377622377622,0.9153846153846154,0.9792792792792793,0.9873012920413704,port_protocol_service_ablation,88,74,14,src_port|dst_port|proto_icmp|proto_tcp|proto_udp|service|service_dce_rpc|service_dns|service_ftp|service_gssapi|service_http|service_smb|service_smb_gssapi|service_ssl,ksf-v4-idsplit::
quantum,svc,8,pauli_xz_r1_full__svc__d8,pauli_xz_r1_full,id_test,train_cv,100.0,0.9276594586229331,0.0065042972564697266,0.9196787148594378,0.926160889470242,0.91945917971277,0.9236641221374046,0.9659254414650098,0.979884365904417,port_protocol_service_ablation,88,74,14,src_port|dst_port|proto_icmp|proto_tcp|proto_udp|service|service_dce_rpc|service_dns|service_ftp|service_gssapi|service_http|service_smb|service_smb_gssapi|service_ssl,ksf-v4-idsplit::
quantum,svc,8,pauli_xz_r1_full__svc__d8,pauli_xz_r1_full,ood_test,train_cv,100.0,0.9276594586229331,0.0065042972564697266,0.9,0.9004865245502849,0.8999743934447217,0.9015748031496063,0.9583573394789067,0.9602195346034471,port_protocol_service_ablation,88,74,14,src_port|dst_port|proto_icmp|proto_tcp|proto_udp|service|service_dce_rpc|service_dns|service_ftp|service_gssapi|service_http|service_smb|service_smb_gssapi|service_ssl,ksf-v4-idsplit::
quantum,svc,8,zmap_r2__svc__d8,zmap_r2,id_val,fixed_c1,1.0,,0.004997730255126953,0.8924302788844621,0.9035714285714286,0.892423448735654,0.8932806324110671,0.9783140283140284,0.9865175388145664,port_protocol_service_ablation,88,74,14,src_port|dst_port|proto_icmp|proto_tcp|proto_udp|service|service_dce_rpc|service_dns|service_ftp|service_gssapi|service_http|service_smb|service_smb_gssapi|service_ssl,ksf-v4-idsplit::
quantum,svc,8,zmap_r2__svc__d8,zmap_r2,id_test,fixed_c1,1.0,,0.004997730255126953,0.8995983935742972,0.9100719424460432,0.8995724772122288,0.9011857707509882,0.9656638325703074,0.9801978336447527,port_protocol_service_ablation,88,74,14,src_port|dst_port|proto_icmp|proto_tcp|proto_udp|service|service_dce_rpc|service_dns|service_ftp|service_gssapi|service_http|service_smb|service_smb_gssapi|service_ssl,ksf-v4-idsplit::
quantum,svc,8,zmap_r2__svc__d8,zmap_r2,ood_test,fixed_c1,1.0,,0.004997730255126953,0.9,0.900358491773894,0.8999935995903738,0.9007936507936508,0.9366237756865757,0.9130066057073982,port_protocol_service_ablation,88,74,14,src_port|dst_port|proto_icmp|proto_tcp|proto_udp|service|service_dce_rpc|service_dns|service_ftp|service_gssapi|service_http|service_smb|service_smb_gssapi|service_ssl,ksf-v4-idsplit::
quantum,svc,8,zmap_r2__svc__d8,zmap_r2,id_val,train_cv,100.0,0.9316501518098989,0.007578134536743164,0.9163346613545816,0.925,0.9162495829162496,0.918918918918919,0.9823680823680824,0.9897056513744595,port_protocol_service_ablation,88,74,14,src_port|dst_port|proto_icmp|proto_tcp|proto_udp|service|service_dce_rpc|service_dns|service_ftp|service_gssapi|service_http|service_smb|service_smb_gssapi|service_ssl,ksf-v4-idsplit::
quantum,svc,8,zmap_r2__svc__d8,zmap_r2,id_test,train_cv,100.0,0.9316501518098989,0.007578134536743164,0.927710843373494,0.935251798561151,0.9275694893341953,0.9307692307692308,0.9945062132112492,0.99653269647543,port_protocol_service_ablation,88,74,14,src_port|dst_port|proto_icmp|proto_tcp|proto_udp|service|service_dce_rpc|service_dns|service_ftp|service_gssapi|service_http|service_smb|service_smb_gssapi|service_ssl,ksf-v4-idsplit::
quantum,svc,8,zmap_r2__svc__d8,zmap_r2,ood_test,train_cv,100.0,0.9316501518098989,0.007578134536743164,0.9,0.900358491773894,0.8999935995903738,0.9007936507936508,0.9522437744062479,0.9514747530047261,port_protocol_service_ablation,88,74,14,src_port|dst_port|proto_icmp|proto_tcp|proto_udp|service|service_dce_rpc|service_dns|service_ftp|service_gssapi|service_http|service_smb|service_smb_gssapi|service_ssl,ksf-v4-idsplit::
quantum,svc,8,zz_r1_full__as2__svc__d8,zz_r1_full__as2,id_val,fixed_c1,1.0,,0.00590205192565918,0.9163346613545816,0.925,0.9162495829162496,0.918918918918919,0.9802445302445302,0.9880522331683905,port_protocol_service_ablation,88,74,14,src_port|dst_port|proto_icmp|proto_tcp|proto_udp|service|service_dce_rpc|service_dns|service_ftp|service_gssapi|service_http|service_smb|service_smb_gssapi|service_ssl,ksf-v4-idsplit::
quantum,svc,8,zz_r1_full__as2__svc__d8,zz_r1_full__as2,id_test,fixed_c1,1.0,,0.00590205192565918,0.927710843373494,0.935251798561151,0.9275694893341953,0.9307692307692308,0.9928711576193591,0.9949873589460293,port_protocol_service_ablation,88,74,14,src_port|dst_port|proto_icmp|proto_tcp|proto_udp|service|service_dce_rpc|service_dns|service_ftp|service_gssapi|service_http|service_smb|service_smb_gssapi|service_ssl,ksf-v4-idsplit::
quantum,svc,8,zz_r1_full__as2__svc__d8,zz_r1_full__as2,ood_test,fixed_c1,1.0,,0.00590205192565918,0.902,0.9022629793227066,0.901999607998432,0.9021956087824351,0.9621663145765317,0.9317407612043979,port_protocol_service_ablation,88,74,14,src_port|dst_port|proto_icmp|proto_tcp|proto_udp|service|service_dce_rpc|service_dns|service_ftp|service_gssapi|service_http|service_smb|service_smb_gssapi|service_ssl,ksf-v4-idsplit::
quantum,svc,8,zz_r1_full__as2__svc__d8,zz_r1_full__as2,id_val,train_cv,100.0,0.9549031133605557,0.004001617431640625,0.9681274900398407,0.9704954954954954,0.9678576002048918,0.9708029197080292,0.9703989703989705,0.9723356978582405,port_protocol_service_ablation,88,74,14,src_port|dst_port|proto_icmp|proto_tcp|proto_udp|service|service_dce_rpc|service_dns|service_ftp|service_gssapi|service_http|service_smb|service_smb_gssapi|service_ssl,ksf-v4-idsplit::
quantum,svc,8,zz_r1_full__as2__svc__d8,zz_r1_full__as2,id_test,train_cv,100.0,0.9549031133605557,0.004001617431640625,0.9759036144578314,0.9765206017004577,0.9756169212690953,0.9782608695652174,0.9782210595160236,0.9646469173026494,port_protocol_service_ablation,88,74,14,src_port|dst_port|proto_icmp|proto_tcp|proto_udp|service|service_dce_rpc|service_dns|service_ftp|service_gssapi|service_http|service_smb|service_smb_gssapi|service_ssl,ksf-v4-idsplit::
quantum,svc,8,zz_r1_full__as2__svc__d8,zz_r1_full__as2,ood_test,train_cv,100.0,0.9549031133605557,0.004001617431640625,0.926,0.9263971576723641,0.925992599259926,0.9267326732673268,0.9649510274630305,0.9243372324279684,port_protocol_service_ablation,88,74,14,src_port|dst_port|proto_icmp|proto_tcp|proto_udp|service|service_dce_rpc|service_dns|service_ftp|service_gssapi|service_http|service_smb|service_smb_gssapi|service_ssl,ksf-v4-idsplit::
quantum,svc,8,zz_r2_full__as2__svc__d8,zz_r2_full__as2,id_val,fixed_c1,1.0,,0.00550532341003418,0.9163346613545816,0.925,0.9162495829162496,0.918918918918919,0.9777348777348778,0.9869251646018364,port_protocol_service_ablation,88,74,14,src_port|dst_port|proto_icmp|proto_tcp|proto_udp|service|service_dce_rpc|service_dns|service_ftp|service_gssapi|service_http|service_smb|service_smb_gssapi|service_ssl,ksf-v4-idsplit::
quantum,svc,8,zz_r2_full__as2__svc__d8,zz_r2_full__as2,id_test,fixed_c1,1.0,,0.00550532341003418,0.9317269076305221,0.9388489208633093,0.9315679712886173,0.9348659003831418,0.9922171353826029,0.9945713510114109,port_protocol_service_ablation,88,74,14,src_port|dst_port|proto_icmp|proto_tcp|proto_udp|service|service_dce_rpc|service_dns|service_ftp|service_gssapi|service_http|service_smb|service_smb_gssapi|service_ssl,ksf-v4-idsplit::
quantum,svc,8,zz_r2_full__as2__svc__d8,zz_r2_full__as2,ood_test,fixed_c1,1.0,,0.00550532341003418,0.92,0.9200435311439729,0.9199884783408812,0.9190283400809717,0.9645349209397606,0.92497500813686,port_protocol_service_ablation,88,74,14,src_port|dst_port|proto_icmp|proto_tcp|proto_udp|service|service_dce_rpc|service_dns|service_ftp|service_gssapi|service_http|service_smb|service_smb_gssapi|service_ssl,ksf-v4-idsplit::
quantum,svc,8,zz_r2_full__as2__svc__d8,zz_r2_full__as2,id_val,train_cv,100.0,0.9588640976942833,0.004000663757324219,0.9681274900398407,0.9704954954954954,0.9678576002048918,0.9708029197080292,0.9682110682110682,0.9747723253803898,port_protocol_service_ablation,88,74,14,src_port|dst_port|proto_icmp|proto_tcp|proto_udp|service|service_dce_rpc|service_dns|service_ftp|service_gssapi|service_http|service_smb|service_smb_gssapi|service_ssl,ksf-v4-idsplit::
quantum,svc,8,zz_r2_full__as2__svc__d8,zz_r2_full__as2,id_test,train_cv,100.0,0.9588640976942833,0.004000663757324219,0.9718875502008032,0.9729234793982995,0.9715776600081533,0.9745454545454545,0.9796599084368869,0.9745780477844737,port_protocol_service_ablation,88,74,14,src_port|dst_port|proto_icmp|proto_tcp|proto_udp|service|service_dce_rpc|service_dns|service_ftp|service_gssapi|service_http|service_smb|service_smb_gssapi|service_ssl,ksf-v4-idsplit::
quantum,svc,8,zz_r2_full__as2__svc__d8,zz_r2_full__as2,ood_test,train_cv,100.0,0.9588640976942833,0.004000663757324219,0.936,0.9361116445810127,0.9359959037378391,0.9354838709677419,0.9706484860124192,0.942862141862159,port_protocol_service_ablation,88,74,14,src_port|dst_port|proto_icmp|proto_tcp|proto_udp|service|service_dce_rpc|service_dns|service_ftp|service_gssapi|service_http|service_smb|service_smb_gssapi|service_ssl,ksf-v4-idsplit::
quantum,svc,8,pauli_xz_r1_full__as2__svc__d8,pauli_xz_r1_full__as2,id_val,fixed_c1,1.0,,0.00412750244140625,0.896414342629482,0.9071428571428571,0.8963995427990856,0.8976377952755905,0.9848133848133849,0.9921165090236068,port_protocol_service_ablation,88,74,14,src_port|dst_port|proto_icmp|proto_tcp|proto_udp|service|service_dce_rpc|service_dns|service_ftp|service_gssapi|service_http|service_smb|service_smb_gssapi|service_ssl,ksf-v4-idsplit::
quantum,svc,8,pauli_xz_r1_full__as2__svc__d8,pauli_xz_r1_full__as2,id_test,fixed_c1,1.0,,0.00412750244140625,0.8995983935742972,0.9100719424460432,0.8995724772122288,0.9011857707509882,0.9650098103335514,0.982766931743788,port_protocol_service_ablation,88,74,14,src_port|dst_port|proto_icmp|proto_tcp|proto_udp|service|service_dce_rpc|service_dns|service_ftp|service_gssapi|service_http|service_smb|service_smb_gssapi|service_ssl,ksf-v4-idsplit::
quantum,svc,8,pauli_xz_r1_full__as2__svc__d8,pauli_xz_r1_full__as2,ood_test,fixed_c1,1.0,,0.00412750244140625,0.9,0.9002944753856987,0.8999983999743996,0.900398406374502,0.9271653543307087,0.8871455748279409,port_protocol_service_ablation,88,74,14,src_port|dst_port|proto_icmp|proto_tcp|proto_udp|service|service_dce_rpc|service_dns|service_ftp|service_gssapi|service_http|service_smb|service_smb_gssapi|service_ssl,ksf-v4-idsplit::
quantum,svc,8,pauli_xz_r1_full__as2__svc__d8,pauli_xz_r1_full__as2,id_val,train_cv,100.0,0.9316107361036223,0.0051593780517578125,0.9163346613545816,0.925,0.9162495829162496,0.918918918918919,0.9697554697554698,0.9833816625297183,port_protocol_service_ablation,88,74,14,src_port|dst_port|proto_icmp|proto_tcp|proto_udp|service|service_dce_rpc|service_dns|service_ftp|service_gssapi|service_http|service_smb|service_smb_gssapi|service_ssl,ksf-v4-idsplit::
quantum,svc,8,pauli_xz_r1_full__as2__svc__d8,pauli_xz_r1_full__as2,id_test,train_cv,100.0,0.9316107361036223,0.0051593780517578125,0.9357429718875502,0.9424460431654677,0.9355673437702161,0.9389312977099237,0.9693263570961412,0.9837788962726068,port_protocol_service_ablation,88,74,14,src_port|dst_port|proto_icmp|proto_tcp|proto_udp|service|service_dce_rpc|service_dns|service_ftp|service_gssapi|service_http|service_smb|service_smb_gssapi|service_ssl,ksf-v4-idsplit::
quantum,svc,8,pauli_xz_r1_full__as2__svc__d8,pauli_xz_r1_full__as2,ood_test,train_cv,100.0,0.9316107361036223,0.0051593780517578125,0.924,0.9242366045707702,0.924,0.924,0.9534440816849113,0.9562204825171199,port_protocol_service_ablation,88,74,14,src_port|dst_port|proto_icmp|proto_tcp|proto_udp|service|service_dce_rpc|service_dns|service_ftp|service_gssapi|service_http|service_smb|service_smb_gssapi|service_ssl,ksf-v4-idsplit::
quantum,svc,8,zmap_r2__as2__svc__d8,zmap_r2__as2,id_val,fixed_c1,1.0,,0.0040073394775390625,0.896414342629482,0.9071428571428571,0.8963995427990856,0.8976377952755905,0.9703989703989704,0.9822693512651498,port_protocol_service_ablation,88,74,14,src_port|dst_port|proto_icmp|proto_tcp|proto_udp|service|service_dce_rpc|service_dns|service_ftp|service_gssapi|service_http|service_smb|service_smb_gssapi|service_ssl,ksf-v4-idsplit::
quantum,svc,8,zmap_r2__as2__svc__d8,zmap_r2__as2,id_test,fixed_c1,1.0,,0.0040073394775390625,0.8995983935742972,0.9100719424460432,0.8995724772122288,0.9011857707509882,0.9754087638979725,0.9851749368442055,port_protocol_service_ablation,88,74,14,src_port|dst_port|proto_icmp|proto_tcp|proto_udp|service|service_dce_rpc|service_dns|service_ftp|service_gssapi|service_http|service_smb|service_smb_gssapi|service_ssl,ksf-v4-idsplit::
quantum,svc,8,zmap_r2__as2__svc__d8,zmap_r2__as2,ood_test,fixed_c1,1.0,,0.0040073394775390625,0.902,0.9023269957109019,0.9019964718729874,0.9025844930417495,0.9322226489981436,0.9011292266601874,port_protocol_service_ablation,88,74,14,src_port|dst_port|proto_icmp|proto_tcp|proto_udp|service|service_dce_rpc|service_dns|service_ftp|service_gssapi|service_http|service_smb|service_smb_gssapi|service_ssl,ksf-v4-idsplit::
quantum,svc,8,zmap_r2__as2__svc__d8,zmap_r2__as2,id_val,train_cv,100.0,0.9346604528400018,0.004998922348022461,0.9123505976095617,0.9214285714285715,0.9122823738721566,0.9147286821705426,0.9882882882882884,0.9932804766758966,port_protocol_service_ablation,88,74,14,src_port|dst_port|proto_icmp|proto_tcp|proto_udp|service|service_dce_rpc|service_dns|service_ftp|service_gssapi|service_http|service_smb|service_smb_gssapi|service_ssl,ksf-v4-idsplit::
quantum,svc,8,zmap_r2__as2__svc__d8,zmap_r2__as2,id_test,train_cv,100.0,0.9346604528400018,0.004998922348022461,0.927710843373494,0.9343034663178549,0.9275132617414931,0.9312977099236641,0.9736429038587311,0.9858972045835231,port_protocol_service_ablation,88,74,14,src_port|dst_port|proto_icmp|proto_tcp|proto_udp|service|service_dce_rpc|service_dns|service_ftp|service_gssapi|service_http|service_smb|service_smb_gssapi|service_ssl,ksf-v4-idsplit::
quantum,svc,8,zmap_r2__as2__svc__d8,zmap_r2__as2,ood_test,train_cv,100.0,0.9346604528400018,0.004998922348022461,0.914,0.9142020357211447,0.913999655998624,0.9138276553106213,0.9469944305742268,0.9459608859039089,port_protocol_service_ablation,88,74,14,src_port|dst_port|proto_icmp|proto_tcp|proto_udp|service|service_dce_rpc|service_dns|service_ftp|service_gssapi|service_http|service_smb|service_smb_gssapi|service_ssl,ksf-v4-idsplit::
classical_ext,svc,10,linear__svc__d10,linear,id_val,fixed_c1,1.0,,0.006008625030517578,0.8924302788844621,0.9035714285714286,0.892423448735654,0.8932806324110671,0.9155083655083656,0.9522104702350227,port_protocol_service_ablation,88,74,14,src_port|dst_port|proto_icmp|proto_tcp|proto_udp|service|service_dce_rpc|service_dns|service_ftp|service_gssapi|service_http|service_smb|service_smb_gssapi|service_ssl,ksf-v4-idsplit::
classical_ext,svc,10,linear__svc__d10,linear,id_test,fixed_c1,1.0,,0.006008625030517578,0.8995983935742972,0.9100719424460432,0.8995724772122288,0.9011857707509882,0.9254414650098104,0.956939956614216,port_protocol_service_ablation,88,74,14,src_port|dst_port|proto_icmp|proto_tcp|proto_udp|service|service_dce_rpc|service_dns|service_ftp|service_gssapi|service_http|service_smb|service_smb_gssapi|service_ssl,ksf-v4-idsplit::
classical_ext,svc,10,linear__svc__d10,linear,ood_test,fixed_c1,1.0,,0.006008625030517578,0.77,0.7675404903655336,0.763482524443567,0.7242206235011991,0.8393988861148454,0.8399158964065557,port_protocol_service_ablation,88,74,14,src_port|dst_port|proto_icmp|proto_tcp|proto_udp|service|service_dce_rpc|service_dns|service_ftp|service_gssapi|service_http|service_smb|service_smb_gssapi|service_ssl,ksf-v4-idsplit::
classical_ext,svc,10,linear__svc__d10,linear,id_val,train_cv,100.0,0.9173783945021153,0.016447067260742188,0.8924302788844621,0.9035714285714286,0.892423448735654,0.8932806324110671,0.9038610038610039,0.9430112613057604,port_protocol_service_ablation,88,74,14,src_port|dst_port|proto_icmp|proto_tcp|proto_udp|service|service_dce_rpc|service_dns|service_ftp|service_gssapi|service_http|service_smb|service_smb_gssapi|service_ssl,ksf-v4-idsplit::
classical_ext,svc,10,linear__svc__d10,linear,id_test,train_cv,100.0,0.9173783945021153,0.016447067260742188,0.8995983935742972,0.9100719424460432,0.8995724772122288,0.9011857707509882,0.9107259646827992,0.9462866495033969,port_protocol_service_ablation,88,74,14,src_port|dst_port|proto_icmp|proto_tcp|proto_udp|service|service_dce_rpc|service_dns|service_ftp|service_gssapi|service_http|service_smb|service_smb_gssapi|service_ssl,ksf-v4-idsplit::
classical_ext,svc,10,linear__svc__d10,linear,ood_test,train_cv,100.0,0.9173783945021153,0.016447067260742188,0.896,0.896357467511683,0.8959933435739887,0.8968253968253969,0.9309903335253825,0.9182903803417473,port_protocol_service_ablation,88,74,14,src_port|dst_port|proto_icmp|proto_tcp|proto_udp|service|service_dce_rpc|service_dns|service_ftp|service_gssapi|service_http|service_smb|service_smb_gssapi|service_ssl,ksf-v4-idsplit::
classical_ext,svc,10,rbf_gscale__svc__d10,rbf_gscale,id_val,fixed_c1,1.0,,0.005001544952392578,0.8924302788844621,0.9035714285714286,0.892423448735654,0.8932806324110671,0.970913770913771,0.9830346782494217,port_protocol_service_ablation,88,74,14,src_port|dst_port|proto_icmp|proto_tcp|proto_udp|service|service_dce_rpc|service_dns|service_ftp|service_gssapi|service_http|service_smb|service_smb_gssapi|service_ssl,ksf-v4-idsplit::
classical_ext,svc,10,rbf_gscale__svc__d10,rbf_gscale,id_test,fixed_c1,1.0,,0.005001544952392578,0.8995983935742972,0.9100719424460432,0.8995724772122288,0.9011857707509882,0.9798561151079137,0.9873116025614443,port_protocol_service_ablation,88,74,14,src_port|dst_port|proto_icmp|proto_tcp|proto_udp|service|service_dce_rpc|service_dns|service_ftp|service_gssapi|service_http|service_smb|service_smb_gssapi|service_ssl,ksf-v4-idsplit::
classical_ext,svc,10,rbf_gscale__svc__d10,rbf_gscale,ood_test,fixed_c1,1.0,,0.005001544952392578,0.9,0.9002944753856987,0.8999983999743996,0.900398406374502,0.9222520965367135,0.897896361503145,port_protocol_service_ablation,88,74,14,src_port|dst_port|proto_icmp|proto_tcp|proto_udp|service|service_dce_rpc|service_dns|service_ftp|service_gssapi|service_http|service_smb|service_smb_gssapi|service_ssl,ksf-v4-idsplit::
classical_ext,svc,10,rbf_gscale__svc__d10,rbf_gscale,id_val,train_cv,100.0,0.9224792107061847,0.007000446319580078,0.8924302788844621,0.9035714285714286,0.892423448735654,0.8932806324110671,0.9908622908622909,0.9948209763649513,port_protocol_service_ablation,88,74,14,src_port|dst_port|proto_icmp|proto_tcp|proto_udp|service|service_dce_rpc|service_dns|service_ftp|service_gssapi|service_http|service_smb|service_smb_gssapi|service_ssl,ksf-v4-idsplit::
classical_ext,svc,10,rbf_gscale__svc__d10,rbf_gscale,id_test,train_cv,100.0,0.9224792107061847,0.007000446319580078,0.8995983935742972,0.9100719424460432,0.8995724772122288,0.9011857707509882,0.9800523217789405,0.9889173911421288,port_protocol_service_ablation,88,74,14,src_port|dst_port|proto_icmp|proto_tcp|proto_udp|service|service_dce_rpc|service_dns|service_ftp|service_gssapi|service_http|service_smb|service_smb_gssapi|service_ssl,ksf-v4-idsplit::
classical_ext,svc,10,rbf_gscale__svc__d10,rbf_gscale,ood_test,train_cv,100.0,0.9224792107061847,0.007000446319580078,0.9,0.900358491773894,0.8999935995903738,0.9007936507936508,0.9677997567377249,0.9688933005731634,port_protocol_service_ablation,88,74,14,src_port|dst_port|proto_icmp|proto_tcp|proto_udp|service|service_dce_rpc|service_dns|service_ftp|service_gssapi|service_http|service_smb|service_smb_gssapi|service_ssl,ksf-v4-idsplit::
classical_ext,svc,10,poly2__svc__d10,poly2,id_val,fixed_c1,1.0,,0.005043745040893555,0.8924302788844621,0.9035714285714286,0.892423448735654,0.8932806324110671,0.9193050193050193,0.9539679284142653,port_protocol_service_ablation,88,74,14,src_port|dst_port|proto_icmp|proto_tcp|proto_udp|service|service_dce_rpc|service_dns|service_ftp|service_gssapi|service_http|service_smb|service_smb_gssapi|service_ssl,ksf-v4-idsplit::
classical_ext,svc,10,poly2__svc__d10,poly2,id_test,fixed_c1,1.0,,0.005043745040893555,0.8995983935742972,0.9100719424460432,0.8995724772122288,0.9011857707509882,0.9313276651406148,0.9597917137244454,port_protocol_service_ablation,88,74,14,src_port|dst_port|proto_icmp|proto_tcp|proto_udp|service|service_dce_rpc|service_dns|service_ftp|service_gssapi|service_http|service_smb|service_smb_gssapi|service_ssl,ksf-v4-idsplit::
classical_ext,svc,10,poly2__svc__d10,poly2,ood_test,fixed_c1,1.0,,0.005043745040893555,0.772,0.7695089943025415,0.7653780295047419,0.7259615384615384,0.8787849689520517,0.8871071068954072,port_protocol_service_ablation,88,74,14,src_port|dst_port|proto_icmp|proto_tcp|proto_udp|service|service_dce_rpc|service_dns|service_ftp|service_gssapi|service_http|service_smb|service_smb_gssapi|service_ssl,ksf-v4-idsplit::
classical_ext,svc,10,poly2__svc__d10,poly2,id_val,train_cv,100.0,0.9184485015128164,0.009511709213256836,0.8924302788844621,0.9035714285714286,0.892423448735654,0.8932806324110671,0.9951093951093951,0.9965235365894181,port_protocol_service_ablation,88,74,14,src_port|dst_port|proto_icmp|proto_tcp|proto_udp|service|service_dce_rpc|service_dns|service_ftp|service_gssapi|service_http|service_smb|service_smb_gssapi|service_ssl,ksf-v4-idsplit::
classical_ext,svc,10,poly2__svc__d10,poly2,id_test,train_cv,100.0,0.9184485015128164,0.009511709213256836,0.8995983935742972,0.9100719424460432,0.8995724772122288,0.9011857707509882,0.9889470241988227,0.9924937367846417,port_protocol_service_ablation,88,74,14,src_port|dst_port|proto_icmp|proto_tcp|proto_udp|service|service_dce_rpc|service_dns|service_ftp|service_gssapi|service_http|service_smb|service_smb_gssapi|service_ssl,ksf-v4-idsplit::
classical_ext,svc,10,poly2__svc__d10,poly2,ood_test,train_cv,100.0,0.9184485015128164,0.009511709213256836,0.896,0.896357467511683,0.8959933435739887,0.8968253968253969,0.950595352410217,0.9555951913718541,port_protocol_service_ablation,88,74,14,src_port|dst_port|proto_icmp|proto_tcp|proto_udp|service|service_dce_rpc|service_dns|service_ftp|service_gssapi|service_http|service_smb|service_smb_gssapi|service_ssl,ksf-v4-idsplit::
classical_ext,svc,10,poly3__svc__d10,poly3,id_val,fixed_c1,1.0,,0.004205465316772461,0.8924302788844621,0.9035714285714286,0.892423448735654,0.8932806324110671,0.9203346203346203,0.9545639553087575,port_protocol_service_ablation,88,74,14,src_port|dst_port|proto_icmp|proto_tcp|proto_udp|service|service_dce_rpc|service_dns|service_ftp|service_gssapi|service_http|service_smb|service_smb_gssapi|service_ssl,ksf-v4-idsplit::
classical_ext,svc,10,poly3__svc__d10,poly3,id_test,fixed_c1,1.0,,0.004205465316772461,0.8995983935742972,0.9100719424460432,0.8995724772122288,0.9011857707509882,0.9332897318508829,0.9610094474853993,port_protocol_service_ablation,88,74,14,src_port|dst_port|proto_icmp|proto_tcp|proto_udp|service|service_dce_rpc|service_dns|service_ftp|service_gssapi|service_http|service_smb|service_smb_gssapi|service_ssl,ksf-v4-idsplit::
classical_ext,svc,10,poly3__svc__d10,poly3,ood_test,fixed_c1,1.0,,0.004205465316772461,0.774,0.7714774982395494,0.7672742251055504,0.727710843373494,0.8696626336342104,0.8823452463996837,port_protocol_service_ablation,88,74,14,src_port|dst_port|proto_icmp|proto_tcp|proto_udp|service|service_dce_rpc|service_dns|service_ftp|service_gssapi|service_http|service_smb|service_smb_gssapi|service_ssl,ksf-v4-idsplit::
classical_ext,svc,10,poly3__svc__d10,poly3,id_val,train_cv,100.0,0.9194586025229172,0.0075953006744384766,0.8924302788844621,0.9035714285714286,0.892423448735654,0.8932806324110671,0.9927927927927928,0.995536017435228,port_protocol_service_ablation,88,74,14,src_port|dst_port|proto_icmp|proto_tcp|proto_udp|service|service_dce_rpc|service_dns|service_ftp|service_gssapi|service_http|service_smb|service_smb_gssapi|service_ssl,ksf-v4-idsplit::
classical_ext,svc,10,poly3__svc__d10,poly3,id_test,train_cv,100.0,0.9194586025229172,0.0075953006744384766,0.8995983935742972,0.9100719424460432,0.8995724772122288,0.9011857707509882,0.9763897972531067,0.9871161814904317,port_protocol_service_ablation,88,74,14,src_port|dst_port|proto_icmp|proto_tcp|proto_udp|service|service_dce_rpc|service_dns|service_ftp|service_gssapi|service_http|service_smb|service_smb_gssapi|service_ssl,ksf-v4-idsplit::
classical_ext,svc,10,poly3__svc__d10,poly3,ood_test,train_cv,100.0,0.9194586025229172,0.0075953006744384766,0.9,0.900358491773894,0.8999935995903738,0.9007936507936508,0.9538121759170348,0.9615671044700808,port_protocol_service_ablation,88,74,14,src_port|dst_port|proto_icmp|proto_tcp|proto_udp|service|service_dce_rpc|service_dns|service_ftp|service_gssapi|service_http|service_smb|service_smb_gssapi|service_ssl,ksf-v4-idsplit::
classical_ext,svc,10,laplacian_med__svc__d10,laplacian_med,id_val,fixed_c1,1.0,,0.003997802734375,0.8924302788844621,0.9035714285714286,0.892423448735654,0.8932806324110671,0.9985199485199485,0.9988012665830097,port_protocol_service_ablation,88,74,14,src_port|dst_port|proto_icmp|proto_tcp|proto_udp|service|service_dce_rpc|service_dns|service_ftp|service_gssapi|service_http|service_smb|service_smb_gssapi|service_ssl,ksf-v4-idsplit::
classical_ext,svc,10,laplacian_med__svc__d10,laplacian_med,id_test,fixed_c1,1.0,,0.003997802734375,0.8995983935742972,0.9100719424460432,0.8995724772122288,0.9011857707509882,0.997841726618705,0.9981874397281073,port_protocol_service_ablation,88,74,14,src_port|dst_port|proto_icmp|proto_tcp|proto_udp|service|service_dce_rpc|service_dns|service_ftp|service_gssapi|service_http|service_smb|service_smb_gssapi|service_ssl,ksf-v4-idsplit::
classical_ext,svc,10,laplacian_med__svc__d10,laplacian_med,ood_test,fixed_c1,1.0,,0.003997802734375,0.902,0.9023269957109019,0.9019964718729874,0.9025844930417495,0.978490493566353,0.9687586818827233,port_protocol_service_ablation,88,74,14,src_port|dst_port|proto_icmp|proto_tcp|proto_udp|service|service_dce_rpc|service_dns|service_ftp|service_gssapi|service_http|service_smb|service_smb_gssapi|service_ssl,ksf-v4-idsplit::
classical_ext,svc,10,laplacian_med__svc__d10,laplacian_med,id_val,train_cv,100.0,0.9689760152485836,0.0038475990295410156,0.9681274900398407,0.9704954954954954,0.9678576002048918,0.9708029197080292,0.9987773487773488,0.9990142325218727,port_protocol_service_ablation,88,74,14,src_port|dst_port|proto_icmp|proto_tcp|proto_udp|service|service_dce_rpc|service_dns|service_ftp|service_gssapi|service_http|service_smb|service_smb_gssapi|service_ssl,ksf-v4-idsplit::
classical_ext,svc,10,laplacian_med__svc__d10,laplacian_med,id_test,train_cv,100.0,0.9689760152485836,0.0038475990295410156,0.9759036144578314,0.9784172661870504,0.9756962519521082,0.9779411764705882,0.9998037933289732,0.99984800891681,port_protocol_service_ablation,88,74,14,src_port|dst_port|proto_icmp|proto_tcp|proto_udp|service|service_dce_rpc|service_dns|service_ftp|service_gssapi|service_http|service_smb|service_smb_gssapi|service_ssl,ksf-v4-idsplit::
classical_ext,svc,10,laplacian_med__svc__d10,laplacian_med,ood_test,train_cv,100.0,0.9689760152485836,0.0038475990295410156,0.928,0.9283016452211766,0.9279988479815677,0.9282868525896414,0.9875968247871456,0.9898849074811926,port_protocol_service_ablation,88,74,14,src_port|dst_port|proto_icmp|proto_tcp|proto_udp|service|service_dce_rpc|service_dns|service_ftp|service_gssapi|service_http|service_smb|service_smb_gssapi|service_ssl,ksf-v4-idsplit::
classical_ext,svc,10,matern15_med__svc__d10,matern15_med,id_val,fixed_c1,1.0,,0.004513978958129883,0.8924302788844621,0.9035714285714286,0.892423448735654,0.8932806324110671,0.9884169884169883,0.9919002978456403,port_protocol_service_ablation,88,74,14,src_port|dst_port|proto_icmp|proto_tcp|proto_udp|service|service_dce_rpc|service_dns|service_ftp|service_gssapi|service_http|service_smb|service_smb_gssapi|service_ssl,ksf-v4-idsplit::
classical_ext,svc,10,matern15_med__svc__d10,matern15_med,id_test,fixed_c1,1.0,,0.004513978958129883,0.8995983935742972,0.9100719424460432,0.8995724772122288,0.9011857707509882,0.9720078482668411,0.9815045864579145,port_protocol_service_ablation,88,74,14,src_port|dst_port|proto_icmp|proto_tcp|proto_udp|service|service_dce_rpc|service_dns|service_ftp|service_gssapi|service_http|service_smb|service_smb_gssapi|service_ssl,ksf-v4-idsplit::
classical_ext,svc,10,matern15_med__svc__d10,matern15_med,ood_test,fixed_c1,1.0,,0.004513978958129883,0.878,0.8769765059855323,0.8772532085206396,0.8676789587852495,0.9268612764867805,0.8986545487235751,port_protocol_service_ablation,88,74,14,src_port|dst_port|proto_icmp|proto_tcp|proto_udp|service|service_dce_rpc|service_dns|service_ftp|service_gssapi|service_http|service_smb|service_smb_gssapi|service_ssl,ksf-v4-idsplit::
classical_ext,svc,10,matern15_med__svc__d10,matern15_med,id_val,train_cv,100.0,0.9224792107061847,0.0049991607666015625,0.896414342629482,0.9071428571428571,0.8963995427990856,0.8976377952755905,0.9876447876447877,0.9924412885524017,port_protocol_service_ablation,88,74,14,src_port|dst_port|proto_icmp|proto_tcp|proto_udp|service|service_dce_rpc|service_dns|service_ftp|service_gssapi|service_http|service_smb|service_smb_gssapi|service_ssl,ksf-v4-idsplit::
classical_ext,svc,10,matern15_med__svc__d10,matern15_med,id_test,train_cv,100.0,0.9224792107061847,0.0049991607666015625,0.8995983935742972,0.9100719424460432,0.8995724772122288,0.9011857707509882,0.9795291039895356,0.988512081586956,port_protocol_service_ablation,88,74,14,src_port|dst_port|proto_icmp|proto_tcp|proto_udp|service|service_dce_rpc|service_dns|service_ftp|service_gssapi|service_http|service_smb|service_smb_gssapi|service_ssl,ksf-v4-idsplit::
classical_ext,svc,10,matern15_med__svc__d10,matern15_med,ood_test,train_cv,100.0,0.9224792107061847,0.0049991607666015625,0.9,0.900358491773894,0.8999935995903738,0.9007936507936508,0.9533320530055693,0.9534356319312225,port_protocol_service_ablation,88,74,14,src_port|dst_port|proto_icmp|proto_tcp|proto_udp|service|service_dce_rpc|service_dns|service_ftp|service_gssapi|service_http|service_smb|service_smb_gssapi|service_ssl,ksf-v4-idsplit::
classical_ext,svc,10,matern25_med__svc__d10,matern25_med,id_val,fixed_c1,1.0,,0.0037484169006347656,0.8924302788844621,0.9035714285714286,0.892423448735654,0.8932806324110671,0.9901544401544402,0.9946823351968347,port_protocol_service_ablation,88,74,14,src_port|dst_port|proto_icmp|proto_tcp|proto_udp|service|service_dce_rpc|service_dns|service_ftp|service_gssapi|service_http|service_smb|service_smb_gssapi|service_ssl,ksf-v4-idsplit::
classical_ext,svc,10,matern25_med__svc__d10,matern25_med,id_test,fixed_c1,1.0,,0.0037484169006347656,0.8995983935742972,0.9100719424460432,0.8995724772122288,0.9011857707509882,0.993394375408764,0.9947415452527771,port_protocol_service_ablation,88,74,14,src_port|dst_port|proto_icmp|proto_tcp|proto_udp|service|service_dce_rpc|service_dns|service_ftp|service_gssapi|service_http|service_smb|service_smb_gssapi|service_ssl,ksf-v4-idsplit::
classical_ext,svc,10,matern25_med__svc__d10,matern25_med,ood_test,fixed_c1,1.0,,0.0037484169006347656,0.878,0.8769765059855323,0.8772532085206396,0.8676789587852495,0.9199955188528264,0.8964103641355979,port_protocol_service_ablation,88,74,14,src_port|dst_port|proto_icmp|proto_tcp|proto_udp|service|service_dce_rpc|service_dns|service_ftp|service_gssapi|service_http|service_smb|service_smb_gssapi|service_ssl,ksf-v4-idsplit::
classical_ext,svc,10,matern25_med__svc__d10,matern25_med,id_val,train_cv,100.0,0.9214891116962836,0.004517078399658203,0.8924302788844621,0.9035714285714286,0.892423448735654,0.8932806324110671,0.9799227799227799,0.9878524801462367,port_protocol_service_ablation,88,74,14,src_port|dst_port|proto_icmp|proto_tcp|proto_udp|service|service_dce_rpc|service_dns|service_ftp|service_gssapi|service_http|service_smb|service_smb_gssapi|service_ssl,ksf-v4-idsplit::
classical_ext,svc,10,matern25_med__svc__d10,matern25_med,id_test,train_cv,100.0,0.9214891116962836,0.004517078399658203,0.8995983935742972,0.9100719424460432,0.8995724772122288,0.9011857707509882,0.9781556572923479,0.98763743351314,port_protocol_service_ablation,88,74,14,src_port|dst_port|proto_icmp|proto_tcp|proto_udp|service|service_dce_rpc|service_dns|service_ftp|service_gssapi|service_http|service_smb|service_smb_gssapi|service_ssl,ksf-v4-idsplit::
classical_ext,svc,10,matern25_med__svc__d10,matern25_med,ood_test,train_cv,100.0,0.9214891116962836,0.004517078399658203,0.9,0.900358491773894,0.8999935995903738,0.9007936507936508,0.9572530567825364,0.9598820460674018,port_protocol_service_ablation,88,74,14,src_port|dst_port|proto_icmp|proto_tcp|proto_udp|service|service_dce_rpc|service_dns|service_ftp|service_gssapi|service_http|service_smb|service_smb_gssapi|service_ssl,ksf-v4-idsplit::
classical_ext,svc,10,rbf_gscale_x0.1__svc__d10,rbf_gscale_x0.1,id_val,fixed_c1,1.0,,0.005049228668212891,0.8924302788844621,0.9035714285714286,0.892423448735654,0.8932806324110671,0.9195624195624196,0.9541111671356837,port_protocol_service_ablation,88,74,14,src_port|dst_port|proto_icmp|proto_tcp|proto_udp|service|service_dce_rpc|service_dns|service_ftp|service_gssapi|service_http|service_smb|service_smb_gssapi|service_ssl,ksf-v4-idsplit::
classical_ext,svc,10,rbf_gscale_x0.1__svc__d10,rbf_gscale_x0.1,id_test,fixed_c1,1.0,,0.005049228668212891,0.8995983935742972,0.9100719424460432,0.8995724772122288,0.9011857707509882,0.9291039895356442,0.9586440282335504,port_protocol_service_ablation,88,74,14,src_port|dst_port|proto_icmp|proto_tcp|proto_udp|service|service_dce_rpc|service_dns|service_ftp|service_gssapi|service_http|service_smb|service_smb_gssapi|service_ssl,ksf-v4-idsplit::
classical_ext,svc,10,rbf_gscale_x0.1__svc__d10,rbf_gscale_x0.1,ood_test,fixed_c1,1.0,,0.005049228668212891,0.774,0.7714774982395494,0.7672742251055504,0.727710843373494,0.8937167914986236,0.8918143733268233,port_protocol_service_ablation,88,74,14,src_port|dst_port|proto_icmp|proto_tcp|proto_udp|service|service_dce_rpc|service_dns|service_ftp|service_gssapi|service_http|service_smb|service_smb_gssapi|service_ssl,ksf-v4-idsplit::
classical_ext,svc,10,rbf_gscale_x0.1__svc__d10,rbf_gscale_x0.1,id_val,train_cv,100.0,0.9194586025229172,0.004002809524536133,0.8924302788844621,0.9035714285714286,0.892423448735654,0.8932806324110671,0.9736808236808238,0.9838692290254825,port_protocol_service_ablation,88,74,14,src_port|dst_port|proto_icmp|proto_tcp|proto_udp|service|service_dce_rpc|service_dns|service_ftp|service_gssapi|service_http|service_smb|service_smb_gssapi|service_ssl,ksf-v4-idsplit::
classical_ext,svc,10,rbf_gscale_x0.1__svc__d10,rbf_gscale_x0.1,id_test,train_cv,100.0,0.9194586025229172,0.004002809524536133,0.8995983935742972,0.9100719424460432,0.8995724772122288,0.9011857707509882,0.979136690647482,0.9867206556401338,port_protocol_service_ablation,88,74,14,src_port|dst_port|proto_icmp|proto_tcp|proto_udp|service|service_dce_rpc|service_dns|service_ftp|service_gssapi|service_http|service_smb|service_smb_gssapi|service_ssl,ksf-v4-idsplit::
classical_ext,svc,10,rbf_gscale_x0.1__svc__d10,rbf_gscale_x0.1,ood_test,train_cv,100.0,0.9194586025229172,0.004002809524536133,0.902,0.9023269957109019,0.9019964718729874,0.9025844930417495,0.9333429357915628,0.9380869334714528,port_protocol_service_ablation,88,74,14,src_port|dst_port|proto_icmp|proto_tcp|proto_udp|service|service_dce_rpc|service_dns|service_ftp|service_gssapi|service_http|service_smb|service_smb_gssapi|service_ssl,ksf-v4-idsplit::
classical_ext,svc,10,rbf_gscale_x0.3__svc__d10,rbf_gscale_x0.3,id_val,fixed_c1,1.0,,0.003998279571533203,0.8924302788844621,0.9035714285714286,0.892423448735654,0.8932806324110671,0.9284427284427285,0.9590330813726479,port_protocol_service_ablation,88,74,14,src_port|dst_port|proto_icmp|proto_tcp|proto_udp|service|service_dce_rpc|service_dns|service_ftp|service_gssapi|service_http|service_smb|service_smb_gssapi|service_ssl,ksf-v4-idsplit::
classical_ext,svc,10,rbf_gscale_x0.3__svc__d10,rbf_gscale_x0.3,id_test,fixed_c1,1.0,,0.003998279571533203,0.8995983935742972,0.9100719424460432,0.8995724772122288,0.9011857707509882,0.9398953564421191,0.9649066202367782,port_protocol_service_ablation,88,74,14,src_port|dst_port|proto_icmp|proto_tcp|proto_udp|service|service_dce_rpc|service_dns|service_ftp|service_gssapi|service_http|service_smb|service_smb_gssapi|service_ssl,ksf-v4-idsplit::
classical_ext,svc,10,rbf_gscale_x0.3__svc__d10,rbf_gscale_x0.3,ood_test,fixed_c1,1.0,,0.003998279571533203,0.874,0.8731035144997119,0.8733795598432319,0.864516129032258,0.8705108507777991,0.8831839742364038,port_protocol_service_ablation,88,74,14,src_port|dst_port|proto_icmp|proto_tcp|proto_udp|service|service_dce_rpc|service_dns|service_ftp|service_gssapi|service_http|service_smb|service_smb_gssapi|service_ssl,ksf-v4-idsplit::
classical_ext,svc,10,rbf_gscale_x0.3__svc__d10,rbf_gscale_x0.3,id_val,train_cv,100.0,0.9204790106861825,0.00919342041015625,0.8924302788844621,0.9035714285714286,0.892423448735654,0.8932806324110671,0.9898326898326899,0.9935722519532152,port_protocol_service_ablation,88,74,14,src_port|dst_port|proto_icmp|proto_tcp|proto_udp|service|service_dce_rpc|service_dns|service_ftp|service_gssapi|service_http|service_smb|service_smb_gssapi|service_ssl,ksf-v4-idsplit::
classical_ext,svc,10,rbf_gscale_x0.3__svc__d10,rbf_gscale_x0.3,id_test,train_cv,100.0,0.9204790106861825,0.00919342041015625,0.8995983935742972,0.9100719424460432,0.8995724772122288,0.9011857707509882,0.9769130150425115,0.9875301541541168,port_protocol_service_ablation,88,74,14,src_port|dst_port|proto_icmp|proto_tcp|proto_udp|service|service_dce_rpc|service_dns|service_ftp|service_gssapi|service_http|service_smb|service_smb_gssapi|service_ssl,ksf-v4-idsplit::
classical_ext,svc,10,rbf_gscale_x0.3__svc__d10,rbf_gscale_x0.3,ood_test,train_cv,100.0,0.9204790106861825,0.00919342041015625,0.902,0.9023269957109019,0.9019964718729874,0.9025844930417495,0.9552525446514307,0.9615823423103536,port_protocol_service_ablation,88,74,14,src_port|dst_port|proto_icmp|proto_tcp|proto_udp|service|service_dce_rpc|service_dns|service_ftp|service_gssapi|service_http|service_smb|service_smb_gssapi|service_ssl,ksf-v4-idsplit::
classical_ext,svc,10,rbf_gscale_x3__svc__d10,rbf_gscale_x3,id_val,fixed_c1,1.0,,0.006706714630126953,0.8924302788844621,0.9035714285714286,0.892423448735654,0.8932806324110671,0.9765765765765766,0.9861099197864024,port_protocol_service_ablation,88,74,14,src_port|dst_port|proto_icmp|proto_tcp|proto_udp|service|service_dce_rpc|service_dns|service_ftp|service_gssapi|service_http|service_smb|service_smb_gssapi|service_ssl,ksf-v4-idsplit::
classical_ext,svc,10,rbf_gscale_x3__svc__d10,rbf_gscale_x3,id_test,fixed_c1,1.0,,0.006706714630126953,0.8995983935742972,0.9100719424460432,0.8995724772122288,0.9011857707509882,0.9669064748201438,0.9820164593837993,port_protocol_service_ablation,88,74,14,src_port|dst_port|proto_icmp|proto_tcp|proto_udp|service|service_dce_rpc|service_dns|service_ftp|service_gssapi|service_http|service_smb|service_smb_gssapi|service_ssl,ksf-v4-idsplit::
classical_ext,svc,10,rbf_gscale_x3__svc__d10,rbf_gscale_x3,ood_test,fixed_c1,1.0,,0.006706714630126953,0.9,0.9002944753856987,0.8999983999743996,0.900398406374502,0.9426573202739902,0.9242423903052817,port_protocol_service_ablation,88,74,14,src_port|dst_port|proto_icmp|proto_tcp|proto_udp|service|service_dce_rpc|service_dns|service_ftp|service_gssapi|service_http|service_smb|service_smb_gssapi|service_ssl,ksf-v4-idsplit::
classical_ext,svc,10,rbf_gscale_x3__svc__d10,rbf_gscale_x3,id_val,train_cv,100.0,0.9245097198795509,0.010108232498168945,0.896414342629482,0.9071428571428571,0.8963995427990856,0.8976377952755905,0.9707207207207207,0.9839214710407371,port_protocol_service_ablation,88,74,14,src_port|dst_port|proto_icmp|proto_tcp|proto_udp|service|service_dce_rpc|service_dns|service_ftp|service_gssapi|service_http|service_smb|service_smb_gssapi|service_ssl,ksf-v4-idsplit::
classical_ext,svc,10,rbf_gscale_x3__svc__d10,rbf_gscale_x3,id_test,train_cv,100.0,0.9245097198795509,0.010108232498168945,0.8995983935742972,0.9100719424460432,0.8995724772122288,0.9011857707509882,0.9674950948332243,0.9832826909268528,port_protocol_service_ablation,88,74,14,src_port|dst_port|proto_icmp|proto_tcp|proto_udp|service|service_dce_rpc|service_dns|service_ftp|service_gssapi|service_http|service_smb|service_smb_gssapi|service_ssl,ksf-v4-idsplit::
classical_ext,svc,10,rbf_gscale_x3__svc__d10,rbf_gscale_x3,ood_test,train_cv,100.0,0.9245097198795509,0.010108232498168945,0.902,0.9023910120990974,0.901990199019902,0.902970297029703,0.9526278727354204,0.9405661280552841,port_protocol_service_ablation,88,74,14,src_port|dst_port|proto_icmp|proto_tcp|proto_udp|service|service_dce_rpc|service_dns|service_ftp|service_gssapi|service_http|service_smb|service_smb_gssapi|service_ssl,ksf-v4-idsplit::
classical_ext,svc,10,rbf_gscale_x10__svc__d10,rbf_gscale_x10,id_val,fixed_c1,1.0,,0.005066394805908203,0.8924302788844621,0.9035714285714286,0.892423448735654,0.8932806324110671,0.9855855855855856,0.9922791359407558,port_protocol_service_ablation,88,74,14,src_port|dst_port|proto_icmp|proto_tcp|proto_udp|service|service_dce_rpc|service_dns|service_ftp|service_gssapi|service_http|service_smb|service_smb_gssapi|service_ssl,ksf-v4-idsplit::
classical_ext,svc,10,rbf_gscale_x10__svc__d10,rbf_gscale_x10,id_test,fixed_c1,1.0,,0.005066394805908203,0.8995983935742972,0.9100719424460432,0.8995724772122288,0.9011857707509882,0.9651406147809026,0.9820374870528022,port_protocol_service_ablation,88,74,14,src_port|dst_port|proto_icmp|proto_tcp|proto_udp|service|service_dce_rpc|service_dns|service_ftp|service_gssapi|service_http|service_smb|service_smb_gssapi|service_ssl,ksf-v4-idsplit::
classical_ext,svc,10,rbf_gscale_x10__svc__d10,rbf_gscale_x10,ood_test,fixed_c1,1.0,,0.005066394805908203,0.902,0.9023269957109019,0.9019964718729874,0.9025844930417495,0.9313104154663594,0.8882691621309992,port_protocol_service_ablation,88,74,14,src_port|dst_port|proto_icmp|proto_tcp|proto_udp|service|service_dce_rpc|service_dns|service_ftp|service_gssapi|service_http|service_smb|service_smb_gssapi|service_ssl,ksf-v4-idsplit::
classical_ext,svc,10,rbf_gscale_x10__svc__d10,rbf_gscale_x10,id_val,train_cv,100.0,0.9326208371137235,0.0070056915283203125,0.9163346613545816,0.925,0.9162495829162496,0.918918918918919,0.9981981981981982,0.9985307045471253,port_protocol_service_ablation,88,74,14,src_port|dst_port|proto_icmp|proto_tcp|proto_udp|service|service_dce_rpc|service_dns|service_ftp|service_gssapi|service_http|service_smb|service_smb_gssapi|service_ssl,ksf-v4-idsplit::
classical_ext,svc,10,rbf_gscale_x10__svc__d10,rbf_gscale_x10,id_test,train_cv,100.0,0.9326208371137235,0.0070056915283203125,0.927710843373494,0.935251798561151,0.9275694893341953,0.9307692307692308,0.9965990843688686,0.9972613625148503,port_protocol_service_ablation,88,74,14,src_port|dst_port|proto_icmp|proto_tcp|proto_udp|service|service_dce_rpc|service_dns|service_ftp|service_gssapi|service_http|service_smb|service_smb_gssapi|service_ssl,ksf-v4-idsplit::
classical_ext,svc,10,rbf_gscale_x10__svc__d10,rbf_gscale_x10,ood_test,train_cv,100.0,0.9326208371137235,0.0070056915283203125,0.902,0.9023269957109019,0.9019964718729874,0.9025844930417495,0.9427373407592343,0.9072917118109605,port_protocol_service_ablation,88,74,14,src_port|dst_port|proto_icmp|proto_tcp|proto_udp|service|service_dce_rpc|service_dns|service_ftp|service_gssapi|service_http|service_smb|service_smb_gssapi|service_ssl,ksf-v4-idsplit::
classical_ext,svc,10,laplacian_med_x0.1__svc__d10,laplacian_med_x0.1,id_val,fixed_c1,1.0,,0.004512786865234375,0.9442231075697212,0.9490669240669241,0.9439660671003954,0.9477611940298507,0.9976190476190476,0.9981063602311407,port_protocol_service_ablation,88,74,14,src_port|dst_port|proto_icmp|proto_tcp|proto_udp|service|service_dce_rpc|service_dns|service_ftp|service_gssapi|service_http|service_smb|service_smb_gssapi|service_ssl,ksf-v4-idsplit::
classical_ext,svc,10,laplacian_med_x0.1__svc__d10,laplacian_med_x0.1,id_test,fixed_c1,1.0,,0.004512786865234375,0.9437751004016064,0.9496402877697842,0.9435703185703186,0.946969696969697,0.9981033355134075,0.9984953038084712,port_protocol_service_ablation,88,74,14,src_port|dst_port|proto_icmp|proto_tcp|proto_udp|service|service_dce_rpc|service_dns|service_ftp|service_gssapi|service_http|service_smb|service_smb_gssapi|service_ssl,ksf-v4-idsplit::
classical_ext,svc,10,laplacian_med_x0.1__svc__d10,laplacian_med_x0.1,ood_test,fixed_c1,1.0,,0.004512786865234375,0.908,0.9084245566865117,0.9079867500920132,0.9090909090909091,0.9796908008450164,0.9679447868415763,port_protocol_service_ablation,88,74,14,src_port|dst_port|proto_icmp|proto_tcp|proto_udp|service|service_dce_rpc|service_dns|service_ftp|service_gssapi|service_http|service_smb|service_smb_gssapi|service_ssl,ksf-v4-idsplit::
classical_ext,svc,10,laplacian_med_x0.1__svc__d10,laplacian_med_x0.1,id_val,train_cv,100.0,0.9739865162986888,0.0041484832763671875,0.9721115537848606,0.9740669240669241,0.9718542250700841,0.9745454545454545,0.9985842985842985,0.9988814365437663,port_protocol_service_ablation,88,74,14,src_port|dst_port|proto_icmp|proto_tcp|proto_udp|service|service_dce_rpc|service_dns|service_ftp|service_gssapi|service_http|service_smb|service_smb_gssapi|service_ssl,ksf-v4-idsplit::
classical_ext,svc,10,laplacian_med_x0.1__svc__d10,laplacian_med_x0.1,id_test,train_cv,100.0,0.9739865162986888,0.0041484832763671875,0.9879518072289156,0.9873119686069327,0.9877743408454853,0.989247311827957,0.9996729888816219,0.9997501998401278,port_protocol_service_ablation,88,74,14,src_port|dst_port|proto_icmp|proto_tcp|proto_udp|service|service_dce_rpc|service_dns|service_ftp|service_gssapi|service_http|service_smb|service_smb_gssapi|service_ssl,ksf-v4-idsplit::
classical_ext,svc,10,laplacian_med_x0.1__svc__d10,laplacian_med_x0.1,ood_test,train_cv,100.0,0.9739865162986888,0.0041484832763671875,0.952,0.9518596760770757,0.9519723360655737,0.9508196721311475,0.9837718455924715,0.9826737865791919,port_protocol_service_ablation,88,74,14,src_port|dst_port|proto_icmp|proto_tcp|proto_udp|service|service_dce_rpc|service_dns|service_ftp|service_gssapi|service_http|service_smb|service_smb_gssapi|service_ssl,ksf-v4-idsplit::
classical_ext,svc,10,laplacian_med_x0.3__svc__d10,laplacian_med_x0.3,id_val,fixed_c1,1.0,,0.005412101745605469,0.896414342629482,0.9071428571428571,0.8963995427990856,0.8976377952755905,0.9979407979407979,0.9983491729739535,port_protocol_service_ablation,88,74,14,src_port|dst_port|proto_icmp|proto_tcp|proto_udp|service|service_dce_rpc|service_dns|service_ftp|service_gssapi|service_http|service_smb|service_smb_gssapi|service_ssl,ksf-v4-idsplit::
classical_ext,svc,10,laplacian_med_x0.3__svc__d10,laplacian_med_x0.3,id_test,fixed_c1,1.0,,0.005412101745605469,0.8995983935742972,0.9100719424460432,0.8995724772122288,0.9011857707509882,0.997514715500327,0.9979928888269353,port_protocol_service_ablation,88,74,14,src_port|dst_port|proto_icmp|proto_tcp|proto_udp|service|service_dce_rpc|service_dns|service_ftp|service_gssapi|service_http|service_smb|service_smb_gssapi|service_ssl,ksf-v4-idsplit::
classical_ext,svc,10,laplacian_med_x0.3__svc__d10,laplacian_med_x0.3,ood_test,fixed_c1,1.0,,0.005412101745605469,0.902,0.9023269957109019,0.9019964718729874,0.9025844930417495,0.9795467639715768,0.9698744562895435,port_protocol_service_ablation,88,74,14,src_port|dst_port|proto_icmp|proto_tcp|proto_udp|service|service_dce_rpc|service_dns|service_ftp|service_gssapi|service_http|service_smb|service_smb_gssapi|service_ssl,ksf-v4-idsplit::
classical_ext,svc,10,laplacian_med_x0.3__svc__d10,laplacian_med_x0.3,id_val,train_cv,100.0,0.9730164192889876,0.004001617431640625,0.9721115537848606,0.9740669240669241,0.9718542250700841,0.9745454545454545,0.9986486486486487,0.9989324407601149,port_protocol_service_ablation,88,74,14,src_port|dst_port|proto_icmp|proto_tcp|proto_udp|service|service_dce_rpc|service_dns|service_ftp|service_gssapi|service_http|service_smb|service_smb_gssapi|service_ssl,ksf-v4-idsplit::
classical_ext,svc,10,laplacian_med_x0.3__svc__d10,laplacian_med_x0.3,id_test,train_cv,100.0,0.9730164192889876,0.004001617431640625,0.9879518072289156,0.9873119686069327,0.9877743408454853,0.989247311827957,0.9996729888816219,0.9997501998401278,port_protocol_service_ablation,88,74,14,src_port|dst_port|proto_icmp|proto_tcp|proto_udp|service|service_dce_rpc|service_dns|service_ftp|service_gssapi|service_http|service_smb|service_smb_gssapi|service_ssl,ksf-v4-idsplit::
classical_ext,svc,10,laplacian_med_x0.3__svc__d10,laplacian_med_x0.3,ood_test,train_cv,100.0,0.9730164192889876,0.004001617431640625,0.934,0.9335029767620511,0.9338600478612744,0.9308176100628931,0.9867806158376545,0.9896521815501069,port_protocol_service_ablation,88,74,14,src_port|dst_port|proto_icmp|proto_tcp|proto_udp|service|service_dce_rpc|service_dns|service_ftp|service_gssapi|service_http|service_smb|service_smb_gssapi|service_ssl,ksf-v4-idsplit::
classical_ext,svc,10,laplacian_med_x3__svc__d10,laplacian_med_x3,id_val,fixed_c1,1.0,,0.003998517990112305,0.8924302788844621,0.9035714285714286,0.892423448735654,0.8932806324110671,0.9967181467181467,0.9973329169537907,port_protocol_service_ablation,88,74,14,src_port|dst_port|proto_icmp|proto_tcp|proto_udp|service|service_dce_rpc|service_dns|service_ftp|service_gssapi|service_http|service_smb|service_smb_gssapi|service_ssl,ksf-v4-idsplit::
classical_ext,svc,10,laplacian_med_x3__svc__d10,laplacian_med_x3,id_test,fixed_c1,1.0,,0.003998517990112305,0.8995983935742972,0.9100719424460432,0.8995724772122288,0.9011857707509882,0.9965990843688686,0.9972095764005328,port_protocol_service_ablation,88,74,14,src_port|dst_port|proto_icmp|proto_tcp|proto_udp|service|service_dce_rpc|service_dns|service_ftp|service_gssapi|service_http|service_smb|service_smb_gssapi|service_ssl,ksf-v4-idsplit::
classical_ext,svc,10,laplacian_med_x3__svc__d10,laplacian_med_x3,ood_test,fixed_c1,1.0,,0.003998517990112305,0.898,0.8984540042250817,0.8979800040807999,0.8994082840236687,0.9656392036361308,0.9567783631138628,port_protocol_service_ablation,88,74,14,src_port|dst_port|proto_icmp|proto_tcp|proto_udp|service|service_dce_rpc|service_dns|service_ftp|service_gssapi|service_http|service_smb|service_smb_gssapi|service_ssl,ksf-v4-idsplit::
classical_ext,svc,10,laplacian_med_x3__svc__d10,laplacian_med_x3,id_val,train_cv,100.0,0.9568941948216431,0.003997325897216797,0.9601593625498008,0.9633526383526383,0.9598785166240409,0.9632352941176471,0.9983912483912484,0.9986786181307362,port_protocol_service_ablation,88,74,14,src_port|dst_port|proto_icmp|proto_tcp|proto_udp|service|service_dce_rpc|service_dns|service_ftp|service_gssapi|service_http|service_smb|service_smb_gssapi|service_ssl,ksf-v4-idsplit::
classical_ext,svc,10,laplacian_med_x3__svc__d10,laplacian_med_x3,id_test,train_cv,100.0,0.9568941948216431,0.003997325897216797,0.963855421686747,0.9676258992805755,0.96362072044285,0.966542750929368,0.9998037933289732,0.9998480089168101,port_protocol_service_ablation,88,74,14,src_port|dst_port|proto_icmp|proto_tcp|proto_udp|service|service_dce_rpc|service_dns|service_ftp|service_gssapi|service_http|service_smb|service_smb_gssapi|service_ssl,ksf-v4-idsplit::
classical_ext,svc,10,laplacian_med_x3__svc__d10,laplacian_med_x3,ood_test,train_cv,100.0,0.9568941948216431,0.003997325897216797,0.928,0.9283016452211766,0.9279988479815677,0.9282868525896414,0.9789386082837206,0.9819977007364036,port_protocol_service_ablation,88,74,14,src_port|dst_port|proto_icmp|proto_tcp|proto_udp|service|service_dce_rpc|service_dns|service_ftp|service_gssapi|service_http|service_smb|service_smb_gssapi|service_ssl,ksf-v4-idsplit::
classical_ext,svc,10,laplacian_med_x10__svc__d10,laplacian_med_x10,id_val,fixed_c1,1.0,,0.011005878448486328,0.8924302788844621,0.9035714285714286,0.892423448735654,0.8932806324110671,0.9975546975546975,0.9979422838466476,port_protocol_service_ablation,88,74,14,src_port|dst_port|proto_icmp|proto_tcp|proto_udp|service|service_dce_rpc|service_dns|service_ftp|service_gssapi|service_http|service_smb|service_smb_gssapi|service_ssl,ksf-v4-idsplit::
classical_ext,svc,10,laplacian_med_x10__svc__d10,laplacian_med_x10,id_test,fixed_c1,1.0,,0.011005878448486328,0.8995983935742972,0.9100719424460432,0.8995724772122288,0.9011857707509882,0.9952910398953565,0.9960555380755487,port_protocol_service_ablation,88,74,14,src_port|dst_port|proto_icmp|proto_tcp|proto_udp|service|service_dce_rpc|service_dns|service_ftp|service_gssapi|service_http|service_smb|service_smb_gssapi|service_ssl,ksf-v4-idsplit::
classical_ext,svc,10,laplacian_med_x10__svc__d10,laplacian_med_x10,ood_test,fixed_c1,1.0,,0.011005878448486328,0.868,0.8671980026886883,0.8674571042992095,0.8589743589743589,0.9318385506689714,0.9094743026562653,port_protocol_service_ablation,88,74,14,src_port|dst_port|proto_icmp|proto_tcp|proto_udp|service|service_dce_rpc|service_dns|service_ftp|service_gssapi|service_http|service_smb|service_smb_gssapi|service_ssl,ksf-v4-idsplit::
classical_ext,svc,10,laplacian_med_x10__svc__d10,laplacian_med_x10,id_val,train_cv,100.0,0.9356214432967906,0.003526926040649414,0.9442231075697212,0.9490669240669241,0.9439660671003954,0.9477611940298507,0.9985199485199485,0.9988012665830096,port_protocol_service_ablation,88,74,14,src_port|dst_port|proto_icmp|proto_tcp|proto_udp|service|service_dce_rpc|service_dns|service_ftp|service_gssapi|service_http|service_smb|service_smb_gssapi|service_ssl,ksf-v4-idsplit::
classical_ext,svc,10,laplacian_med_x10__svc__d10,laplacian_med_x10,id_test,train_cv,100.0,0.9356214432967906,0.003526926040649414,0.9437751004016064,0.9496402877697842,0.9435703185703186,0.946969696969697,0.999345977763244,0.9994780404764713,port_protocol_service_ablation,88,74,14,src_port|dst_port|proto_icmp|proto_tcp|proto_udp|service|service_dce_rpc|service_dns|service_ftp|service_gssapi|service_http|service_smb|service_smb_gssapi|service_ssl,ksf-v4-idsplit::
classical_ext,svc,10,laplacian_med_x10__svc__d10,laplacian_med_x10,ood_test,train_cv,100.0,0.9356214432967906,0.003526926040649414,0.906,0.9064560527495038,0.9059815723881881,0.9072978303747534,0.9768580756673709,0.9716793292301705,port_protocol_service_ablation,88,74,14,src_port|dst_port|proto_icmp|proto_tcp|proto_udp|service|service_dce_rpc|service_dns|service_ftp|service_gssapi|service_http|service_smb|service_smb_gssapi|service_ssl,ksf-v4-idsplit::
classical_ext,svc,10,matern15_med_x0.1__svc__d10,matern15_med_x0.1,id_val,fixed_c1,1.0,,0.003000974655151367,0.896414342629482,0.9071428571428571,0.8963995427990856,0.8976377952755905,0.9817245817245819,0.9892704060361921,port_protocol_service_ablation,88,74,14,src_port|dst_port|proto_icmp|proto_tcp|proto_udp|service|service_dce_rpc|service_dns|service_ftp|service_gssapi|service_http|service_smb|service_smb_gssapi|service_ssl,ksf-v4-idsplit::
classical_ext,svc,10,matern15_med_x0.1__svc__d10,matern15_med_x0.1,id_test,fixed_c1,1.0,,0.003000974655151367,0.8995983935742972,0.9100719424460432,0.8995724772122288,0.9011857707509882,0.965402223675605,0.9819620675297008,port_protocol_service_ablation,88,74,14,src_port|dst_port|proto_icmp|proto_tcp|proto_udp|service|service_dce_rpc|service_dns|service_ftp|service_gssapi|service_http|service_smb|service_smb_gssapi|service_ssl,ksf-v4-idsplit::
classical_ext,svc,10,matern15_med_x0.1__svc__d10,matern15_med_x0.1,ood_test,fixed_c1,1.0,,0.003000974655151367,0.9,0.9002944753856987,0.8999983999743996,0.900398406374502,0.9454420331604889,0.9217726293681947,port_protocol_service_ablation,88,74,14,src_port|dst_port|proto_icmp|proto_tcp|proto_udp|service|service_dce_rpc|service_dns|service_ftp|service_gssapi|service_http|service_smb|service_smb_gssapi|service_ssl,ksf-v4-idsplit::
classical_ext,svc,10,matern15_med_x0.1__svc__d10,matern15_med_x0.1,id_val,train_cv,100.0,0.954813986800841,0.005997180938720703,0.9601593625498008,0.9633526383526383,0.9598785166240409,0.9632352941176471,0.9808880308880309,0.988894342090551,port_protocol_service_ablation,88,74,14,src_port|dst_port|proto_icmp|proto_tcp|proto_udp|service|service_dce_rpc|service_dns|service_ftp|service_gssapi|service_http|service_smb|service_smb_gssapi|service_ssl,ksf-v4-idsplit::
classical_ext,svc,10,matern15_med_x0.1__svc__d10,matern15_med_x0.1,id_test,train_cv,100.0,0.954813986800841,0.005997180938720703,0.963855421686747,0.9676258992805755,0.96362072044285,0.966542750929368,0.9939175931981687,0.9961838292138725,port_protocol_service_ablation,88,74,14,src_port|dst_port|proto_icmp|proto_tcp|proto_udp|service|service_dce_rpc|service_dns|service_ftp|service_gssapi|service_http|service_smb|service_smb_gssapi|service_ssl,ksf-v4-idsplit::
classical_ext,svc,10,matern15_med_x0.1__svc__d10,matern15_med_x0.1,ood_test,train_cv,100.0,0.954813986800841,0.005997180938720703,0.926,0.9262691248959734,0.925999703998816,0.9261477045908184,0.9860124191793099,0.9809058255538394,port_protocol_service_ablation,88,74,14,src_port|dst_port|proto_icmp|proto_tcp|proto_udp|service|service_dce_rpc|service_dns|service_ftp|service_gssapi|service_http|service_smb|service_smb_gssapi|service_ssl,ksf-v4-idsplit::
classical_ext,svc,10,matern15_med_x0.3__svc__d10,matern15_med_x0.3,id_val,fixed_c1,1.0,,0.003643512725830078,0.8924302788844621,0.9035714285714286,0.892423448735654,0.8932806324110671,0.9857142857142857,0.9923305122814978,port_protocol_service_ablation,88,74,14,src_port|dst_port|proto_icmp|proto_tcp|proto_udp|service|service_dce_rpc|service_dns|service_ftp|service_gssapi|service_http|service_smb|service_smb_gssapi|service_ssl,ksf-v4-idsplit::
classical_ext,svc,10,matern15_med_x0.3__svc__d10,matern15_med_x0.3,id_test,fixed_c1,1.0,,0.003643512725830078,0.8995983935742972,0.9100719424460432,0.8995724772122288,0.9011857707509882,0.9616088947024198,0.9811330224878356,port_protocol_service_ablation,88,74,14,src_port|dst_port|proto_icmp|proto_tcp|proto_udp|service|service_dce_rpc|service_dns|service_ftp|service_gssapi|service_http|service_smb|service_smb_gssapi|service_ssl,ksf-v4-idsplit::
classical_ext,svc,10,matern15_med_x0.3__svc__d10,matern15_med_x0.3,ood_test,fixed_c1,1.0,,0.003643512725830078,0.902,0.9023269957109019,0.9019964718729874,0.9025844930417495,0.9436975865821651,0.9162470508425099,port_protocol_service_ablation,88,74,14,src_port|dst_port|proto_icmp|proto_tcp|proto_udp|service|service_dce_rpc|service_dns|service_ftp|service_gssapi|service_http|service_smb|service_smb_gssapi|service_ssl,ksf-v4-idsplit::
classical_ext,svc,10,matern15_med_x0.3__svc__d10,matern15_med_x0.3,id_val,train_cv,100.0,0.9326208371137235,0.004305124282836914,0.9163346613545816,0.925,0.9162495829162496,0.918918918918919,0.9816602316602316,0.988697792523215,port_protocol_service_ablation,88,74,14,src_port|dst_port|proto_icmp|proto_tcp|proto_udp|service|service_dce_rpc|service_dns|service_ftp|service_gssapi|service_http|service_smb|service_smb_gssapi|service_ssl,ksf-v4-idsplit::
classical_ext,svc,10,matern15_med_x0.3__svc__d10,matern15_med_x0.3,id_test,train_cv,100.0,0.9326208371137235,0.004305124282836914,0.927710843373494,0.935251798561151,0.9275694893341953,0.9307692307692308,0.9744931327665141,0.9857994255375347,port_protocol_service_ablation,88,74,14,src_port|dst_port|proto_icmp|proto_tcp|proto_udp|service|service_dce_rpc|service_dns|service_ftp|service_gssapi|service_http|service_smb|service_smb_gssapi|service_ssl,ksf-v4-idsplit::
classical_ext,svc,10,matern15_med_x0.3__svc__d10,matern15_med_x0.3,ood_test,train_cv,100.0,0.9326208371137235,0.004305124282836914,0.902,0.9023269957109019,0.9019964718729874,0.9025844930417495,0.9608219704244289,0.9380069612570014,port_protocol_service_ablation,88,74,14,src_port|dst_port|proto_icmp|proto_tcp|proto_udp|service|service_dce_rpc|service_dns|service_ftp|service_gssapi|service_http|service_smb|service_smb_gssapi|service_ssl,ksf-v4-idsplit::
classical_ext,svc,10,matern15_med_x3__svc__d10,matern15_med_x3,id_val,fixed_c1,1.0,,0.005002260208129883,0.8924302788844621,0.9035714285714286,0.892423448735654,0.8932806324110671,0.9234234234234234,0.956919501308715,port_protocol_service_ablation,88,74,14,src_port|dst_port|proto_icmp|proto_tcp|proto_udp|service|service_dce_rpc|service_dns|service_ftp|service_gssapi|service_http|service_smb|service_smb_gssapi|service_ssl,ksf-v4-idsplit::
classical_ext,svc,10,matern15_med_x3__svc__d10,matern15_med_x3,id_test,fixed_c1,1.0,,0.005002260208129883,0.8995983935742972,0.9100719424460432,0.8995724772122288,0.9011857707509882,0.9363636363636364,0.963348462936205,port_protocol_service_ablation,88,74,14,src_port|dst_port|proto_icmp|proto_tcp|proto_udp|service|service_dce_rpc|service_dns|service_ftp|service_gssapi|service_http|service_smb|service_smb_gssapi|service_ssl,ksf-v4-idsplit::
classical_ext,svc,10,matern15_med_x3__svc__d10,matern15_med_x3,ood_test,fixed_c1,1.0,,0.005002260208129883,0.774,0.7714774982395494,0.7672742251055504,0.727710843373494,0.8874431854554765,0.8603652319358139,port_protocol_service_ablation,88,74,14,src_port|dst_port|proto_icmp|proto_tcp|proto_udp|service|service_dce_rpc|service_dns|service_ftp|service_gssapi|service_http|service_smb|service_smb_gssapi|service_ssl,ksf-v4-idsplit::
classical_ext,svc,10,matern15_med_x3__svc__d10,matern15_med_x3,id_val,train_cv,100.0,0.9194586025229172,0.0050237178802490234,0.8924302788844621,0.9035714285714286,0.892423448735654,0.8932806324110671,0.9840411840411841,0.9903889311934946,port_protocol_service_ablation,88,74,14,src_port|dst_port|proto_icmp|proto_tcp|proto_udp|service|service_dce_rpc|service_dns|service_ftp|service_gssapi|service_http|service_smb|service_smb_gssapi|service_ssl,ksf-v4-idsplit::
classical_ext,svc,10,matern15_med_x3__svc__d10,matern15_med_x3,id_test,train_cv,100.0,0.9194586025229172,0.0050237178802490234,0.8995983935742972,0.9100719424460432,0.8995724772122288,0.9011857707509882,0.9750163505559187,0.9865521507312431,port_protocol_service_ablation,88,74,14,src_port|dst_port|proto_icmp|proto_tcp|proto_udp|service|service_dce_rpc|service_dns|service_ftp|service_gssapi|service_http|service_smb|service_smb_gssapi|service_ssl,ksf-v4-idsplit::
classical_ext,svc,10,matern15_med_x3__svc__d10,matern15_med_x3,ood_test,train_cv,100.0,0.9194586025229172,0.0050237178802490234,0.902,0.9023269957109019,0.9019964718729874,0.9025844930417495,0.9595416426605211,0.9617608813141005,port_protocol_service_ablation,88,74,14,src_port|dst_port|proto_icmp|proto_tcp|proto_udp|service|service_dce_rpc|service_dns|service_ftp|service_gssapi|service_http|service_smb|service_smb_gssapi|service_ssl,ksf-v4-idsplit::
classical_ext,svc,10,matern15_med_x10__svc__d10,matern15_med_x10,id_val,fixed_c1,1.0,,0.008809566497802734,0.8247011952191236,0.8092664092664092,0.8151693667157585,0.8571428571428571,0.9450450450450452,0.9623991273017658,port_protocol_service_ablation,88,74,14,src_port|dst_port|proto_icmp|proto_tcp|proto_udp|service|service_dce_rpc|service_dns|service_ftp|service_gssapi|service_http|service_smb|service_smb_gssapi|service_ssl,ksf-v4-idsplit::
classical_ext,svc,10,matern15_med_x10__svc__d10,matern15_med_x10,id_test,fixed_c1,1.0,,0.008809566497802734,0.8554216867469879,0.842053629823414,0.8485606162994999,0.8807947019867549,0.9666448659254414,0.975707902897664,port_protocol_service_ablation,88,74,14,src_port|dst_port|proto_icmp|proto_tcp|proto_udp|service|service_dce_rpc|service_dns|service_ftp|service_gssapi|service_http|service_smb|service_smb_gssapi|service_ssl,ksf-v4-idsplit::
classical_ext,svc,10,matern15_med_x10__svc__d10,matern15_med_x10,ood_test,fixed_c1,1.0,,0.008809566497802734,0.768,0.7713334613661097,0.7587314264796419,0.8060200668896321,0.8373663657896422,0.8234973215562307,port_protocol_service_ablation,88,74,14,src_port|dst_port|proto_icmp|proto_tcp|proto_udp|service|service_dce_rpc|service_dns|service_ftp|service_gssapi|service_http|service_smb|service_smb_gssapi|service_ssl,ksf-v4-idsplit::
classical_ext,svc,10,matern15_med_x10__svc__d10,matern15_med_x10,id_val,train_cv,100.0,0.9132379684547086,0.003998756408691406,0.8924302788844621,0.9035714285714286,0.892423448735654,0.8932806324110671,0.9544401544401544,0.9697887400181351,port_protocol_service_ablation,88,74,14,src_port|dst_port|proto_icmp|proto_tcp|proto_udp|service|service_dce_rpc|service_dns|service_ftp|service_gssapi|service_http|service_smb|service_smb_gssapi|service_ssl,ksf-v4-idsplit::
classical_ext,svc,10,matern15_med_x10__svc__d10,matern15_med_x10,id_test,train_cv,100.0,0.9132379684547086,0.003998756408691406,0.8995983935742972,0.9100719424460432,0.8995724772122288,0.9011857707509882,0.9628515369522563,0.9745753712483466,port_protocol_service_ablation,88,74,14,src_port|dst_port|proto_icmp|proto_tcp|proto_udp|service|service_dce_rpc|service_dns|service_ftp|service_gssapi|service_http|service_smb|service_smb_gssapi|service_ssl,ksf-v4-idsplit::
classical_ext,svc,10,matern15_med_x10__svc__d10,matern15_med_x10,ood_test,train_cv,100.0,0.9132379684547086,0.003998756408691406,0.87,0.8691665066256962,0.8694312424922964,0.860813704496788,0.9047436143652776,0.9103269794946125,port_protocol_service_ablation,88,74,14,src_port|dst_port|proto_icmp|proto_tcp|proto_udp|service|service_dce_rpc|service_dns|service_ftp|service_gssapi|service_http|service_smb|service_smb_gssapi|service_ssl,ksf-v4-idsplit::
classical_ext,svc,10,matern25_med_x0.1__svc__d10,matern25_med_x0.1,id_val,fixed_c1,1.0,,0.003371000289916992,0.896414342629482,0.9071428571428571,0.8963995427990856,0.8976377952755905,0.9854568854568856,0.9918734928901342,port_protocol_service_ablation,88,74,14,src_port|dst_port|proto_icmp|proto_tcp|proto_udp|service|service_dce_rpc|service_dns|service_ftp|service_gssapi|service_http|service_smb|service_smb_gssapi|service_ssl,ksf-v4-idsplit::
classical_ext,svc,10,matern25_med_x0.1__svc__d10,matern25_med_x0.1,id_test,fixed_c1,1.0,,0.003371000289916992,0.8995983935742972,0.9100719424460432,0.8995724772122288,0.9011857707509882,0.9666448659254415,0.9825649485013045,port_protocol_service_ablation,88,74,14,src_port|dst_port|proto_icmp|proto_tcp|proto_udp|service|service_dce_rpc|service_dns|service_ftp|service_gssapi|service_http|service_smb|service_smb_gssapi|service_ssl,ksf-v4-idsplit::
classical_ext,svc,10,matern25_med_x0.1__svc__d10,matern25_med_x0.1,ood_test,fixed_c1,1.0,,0.003371000289916992,0.9,0.9002944753856987,0.8999983999743996,0.900398406374502,0.942561295691697,0.9145167985520352,port_protocol_service_ablation,88,74,14,src_port|dst_port|proto_icmp|proto_tcp|proto_udp|service|service_dce_rpc|service_dns|service_ftp|service_gssapi|service_http|service_smb|service_smb_gssapi|service_ssl,ksf-v4-idsplit::
classical_ext,svc,10,matern25_med_x0.1__svc__d10,matern25_med_x0.1,id_val,train_cv,100.0,0.9386117423266935,0.007982254028320312,0.9442231075697212,0.9490669240669241,0.9439660671003954,0.9477611940298507,0.9948519948519949,0.9961143150206963,port_protocol_service_ablation,88,74,14,src_port|dst_port|proto_icmp|proto_tcp|proto_udp|service|service_dce_rpc|service_dns|service_ftp|service_gssapi|service_http|service_smb|service_smb_gssapi|service_ssl,ksf-v4-idsplit::
classical_ext,svc,10,matern25_med_x0.1__svc__d10,matern25_med_x0.1,id_test,train_cv,100.0,0.9386117423266935,0.007982254028320312,0.9437751004016064,0.9496402877697842,0.9435703185703186,0.946969696969697,0.996533682145193,0.9973768693998601,port_protocol_service_ablation,88,74,14,src_port|dst_port|proto_icmp|proto_tcp|proto_udp|service|service_dce_rpc|service_dns|service_ftp|service_gssapi|service_http|service_smb|service_smb_gssapi|service_ssl,ksf-v4-idsplit::
classical_ext,svc,10,matern25_med_x0.1__svc__d10,matern25_med_x0.1,ood_test,train_cv,100.0,0.9386117423266935,0.007982254028320312,0.92,0.9201715639203636,0.9199987199795197,0.9196787148594378,0.974889571730363,0.9633504130693313,port_protocol_service_ablation,88,74,14,src_port|dst_port|proto_icmp|proto_tcp|proto_udp|service|service_dce_rpc|service_dns|service_ftp|service_gssapi|service_http|service_smb|service_smb_gssapi|service_ssl,ksf-v4-idsplit::
classical_ext,svc,10,matern25_med_x0.3__svc__d10,matern25_med_x0.3,id_val,fixed_c1,1.0,,0.0030024051666259766,0.8924302788844621,0.9035714285714286,0.892423448735654,0.8932806324110671,0.9758043758043758,0.9860477863113446,port_protocol_service_ablation,88,74,14,src_port|dst_port|proto_icmp|proto_tcp|proto_udp|service|service_dce_rpc|service_dns|service_ftp|service_gssapi|service_http|service_smb|service_smb_gssapi|service_ssl,ksf-v4-idsplit::
classical_ext,svc,10,matern25_med_x0.3__svc__d10,matern25_med_x0.3,id_test,fixed_c1,1.0,,0.0030024051666259766,0.8995983935742972,0.9100719424460432,0.8995724772122288,0.9011857707509882,0.9593852190974493,0.9798368206250929,port_protocol_service_ablation,88,74,14,src_port|dst_port|proto_icmp|proto_tcp|proto_udp|service|service_dce_rpc|service_dns|service_ftp|service_gssapi|service_http|service_smb|service_smb_gssapi|service_ssl,ksf-v4-idsplit::
classical_ext,svc,10,matern25_med_x0.3__svc__d10,matern25_med_x0.3,ood_test,fixed_c1,1.0,,0.0030024051666259766,0.902,0.9023269957109019,0.9019964718729874,0.9025844930417495,0.9377600665770437,0.9125068555578584,port_protocol_service_ablation,88,74,14,src_port|dst_port|proto_icmp|proto_tcp|proto_udp|service|service_dce_rpc|service_dns|service_ftp|service_gssapi|service_http|service_smb|service_smb_gssapi|service_ssl,ksf-v4-idsplit::
classical_ext,svc,10,matern25_med_x0.3__svc__d10,matern25_med_x0.3,id_val,train_cv,100.0,0.9306006350935213,0.007018566131591797,0.9163346613545816,0.925,0.9162495829162496,0.918918918918919,0.9786357786357786,0.9872349079449148,port_protocol_service_ablation,88,74,14,src_port|dst_port|proto_icmp|proto_tcp|proto_udp|service|service_dce_rpc|service_dns|service_ftp|service_gssapi|service_http|service_smb|service_smb_gssapi|service_ssl,ksf-v4-idsplit::
classical_ext,svc,10,matern25_med_x0.3__svc__d10,matern25_med_x0.3,id_test,train_cv,100.0,0.9306006350935213,0.007018566131591797,0.927710843373494,0.935251798561151,0.9275694893341953,0.9307692307692308,0.9742315238718117,0.9857001181321496,port_protocol_service_ablation,88,74,14,src_port|dst_port|proto_icmp|proto_tcp|proto_udp|service|service_dce_rpc|service_dns|service_ftp|service_gssapi|service_http|service_smb|service_smb_gssapi|service_ssl,ksf-v4-idsplit::
classical_ext,svc,10,matern25_med_x0.3__svc__d10,matern25_med_x0.3,ood_test,train_cv,100.0,0.9306006350935213,0.007018566131591797,0.902,0.9023269957109019,0.9019964718729874,0.9025844930417495,0.9380641444209719,0.8999645839213999,port_protocol_service_ablation,88,74,14,src_port|dst_port|proto_icmp|proto_tcp|proto_udp|service|service_dce_rpc|service_dns|service_ftp|service_gssapi|service_http|service_smb|service_smb_gssapi|service_ssl,ksf-v4-idsplit::
classical_ext,svc,10,matern25_med_x3__svc__d10,matern25_med_x3,id_val,fixed_c1,1.0,,0.0076367855072021484,0.8924302788844621,0.9035714285714286,0.892423448735654,0.8932806324110671,0.9164092664092665,0.952599641286643,port_protocol_service_ablation,88,74,14,src_port|dst_port|proto_icmp|proto_tcp|proto_udp|service|service_dce_rpc|service_dns|service_ftp|service_gssapi|service_http|service_smb|service_smb_gssapi|service_ssl,ksf-v4-idsplit::
classical_ext,svc,10,matern25_med_x3__svc__d10,matern25_med_x3,id_test,fixed_c1,1.0,,0.0076367855072021484,0.8995983935742972,0.9100719424460432,0.8995724772122288,0.9011857707509882,0.9257684761281884,0.9571080959935472,port_protocol_service_ablation,88,74,14,src_port|dst_port|proto_icmp|proto_tcp|proto_udp|service|service_dce_rpc|service_dns|service_ftp|service_gssapi|service_http|service_smb|service_smb_gssapi|service_ssl,ksf-v4-idsplit::
classical_ext,svc,10,matern25_med_x3__svc__d10,matern25_med_x3,ood_test,fixed_c1,1.0,,0.0076367855072021484,0.774,0.7714774982395494,0.7672742251055504,0.727710843373494,0.8951411561359708,0.8922061892044406,port_protocol_service_ablation,88,74,14,src_port|dst_port|proto_icmp|proto_tcp|proto_udp|service|service_dce_rpc|service_dns|service_ftp|service_gssapi|service_http|service_smb|service_smb_gssapi|service_ssl,ksf-v4-idsplit::
classical_ext,svc,10,matern25_med_x3__svc__d10,matern25_med_x3,id_val,train_cv,100.0,0.9163882954922142,0.004002809524536133,0.8924302788844621,0.9035714285714286,0.892423448735654,0.8932806324110671,0.9772844272844272,0.9858852157478264,port_protocol_service_ablation,88,74,14,src_port|dst_port|proto_icmp|proto_tcp|proto_udp|service|service_dce_rpc|service_dns|service_ftp|service_gssapi|service_http|service_smb|service_smb_gssapi|service_ssl,ksf-v4-idsplit::
classical_ext,svc,10,matern25_med_x3__svc__d10,matern25_med_x3,id_test,train_cv,100.0,0.9163882954922142,0.004002809524536133,0.8995983935742972,0.9100719424460432,0.8995724772122288,0.9011857707509882,0.9796599084368869,0.9868955690956847,port_protocol_service_ablation,88,74,14,src_port|dst_port|proto_icmp|proto_tcp|proto_udp|service|service_dce_rpc|service_dns|service_ftp|service_gssapi|service_http|service_smb|service_smb_gssapi|service_ssl,ksf-v4-idsplit::
classical_ext,svc,10,matern25_med_x3__svc__d10,matern25_med_x3,ood_test,train_cv,100.0,0.9163882954922142,0.004002809524536133,0.896,0.8964214838998783,0.8959850218431454,0.8972332015810277,0.9324787145509251,0.9367884326723918,port_protocol_service_ablation,88,74,14,src_port|dst_port|proto_icmp|proto_tcp|proto_udp|service|service_dce_rpc|service_dns|service_ftp|service_gssapi|service_http|service_smb|service_smb_gssapi|service_ssl,ksf-v4-idsplit::
classical_ext,svc,10,matern25_med_x10__svc__d10,matern25_med_x10,id_val,fixed_c1,1.0,,0.014106512069702148,0.7649402390438247,0.7342342342342343,0.7319977559404238,0.8259587020648967,0.9523166023166023,0.9661746519322542,port_protocol_service_ablation,88,74,14,src_port|dst_port|proto_icmp|proto_tcp|proto_udp|service|service_dce_rpc|service_dns|service_ftp|service_gssapi|service_http|service_smb|service_smb_gssapi|service_ssl,ksf-v4-idsplit::
classical_ext,svc,10,matern25_med_x10__svc__d10,matern25_med_x10,id_test,fixed_c1,1.0,,0.014106512069702148,0.7991967871485943,0.7727272727272727,0.7767216642754663,0.8475609756097561,0.9717462393721386,0.9786314678691913,port_protocol_service_ablation,88,74,14,src_port|dst_port|proto_icmp|proto_tcp|proto_udp|service|service_dce_rpc|service_dns|service_ftp|service_gssapi|service_http|service_smb|service_smb_gssapi|service_ssl,ksf-v4-idsplit::
classical_ext,svc,10,matern25_med_x10__svc__d10,matern25_med_x10,ood_test,fixed_c1,1.0,,0.014106512069702148,0.56,0.5618718391908328,0.5548072720208512,0.6028880866425993,0.7790794443377504,0.7901065795521405,port_protocol_service_ablation,88,74,14,src_port|dst_port|proto_icmp|proto_tcp|proto_udp|service|service_dce_rpc|service_dns|service_ftp|service_gssapi|service_http|service_smb|service_smb_gssapi|service_ssl,ksf-v4-idsplit::
classical_ext,svc,10,matern25_med_x10__svc__d10,matern25_med_x10,id_val,train_cv,100.0,0.9081359276383821,0.003999948501586914,0.8924302788844621,0.9035714285714286,0.892423448735654,0.8932806324110671,0.9521235521235522,0.9685146001951779,port_protocol_service_ablation,88,74,14,src_port|dst_port|proto_icmp|proto_tcp|proto_udp|service|service_dce_rpc|service_dns|service_ftp|service_gssapi|service_http|service_smb|service_smb_gssapi|service_ssl,ksf-v4-idsplit::
classical_ext,svc,10,matern25_med_x10__svc__d10,matern25_med_x10,id_test,train_cv,100.0,0.9081359276383821,0.003999948501586914,0.8995983935742972,0.9100719424460432,0.8995724772122288,0.9011857707509882,0.9608894702419881,0.9734410266713704,port_protocol_service_ablation,88,74,14,src_port|dst_port|proto_icmp|proto_tcp|proto_udp|service|service_dce_rpc|service_dns|service_ftp|service_gssapi|service_http|service_smb|service_smb_gssapi|service_ssl,ksf-v4-idsplit::
classical_ext,svc,10,matern25_med_x10__svc__d10,matern25_med_x10,ood_test,train_cv,100.0,0.9081359276383821,0.003999948501586914,0.868,0.8671980026886883,0.8674571042992095,0.8589743589743589,0.8723833301325139,0.8652180388525024,port_protocol_service_ablation,88,74,14,src_port|dst_port|proto_icmp|proto_tcp|proto_udp|service|service_dce_rpc|service_dns|service_ftp|service_gssapi|service_http|service_smb|service_smb_gssapi|service_ssl,ksf-v4-idsplit::
quantum,svc,10,zz_r1_full__as0.5__svc__d10,zz_r1_full__as0.5,id_val,fixed_c1,1.0,,0.004515647888183594,0.896414342629482,0.9071428571428571,0.8963995427990856,0.8976377952755905,0.977027027027027,0.986570939297182,port_protocol_service_ablation,88,74,14,src_port|dst_port|proto_icmp|proto_tcp|proto_udp|service|service_dce_rpc|service_dns|service_ftp|service_gssapi|service_http|service_smb|service_smb_gssapi|service_ssl,ksf-v4-idsplit::
quantum,svc,10,zz_r1_full__as0.5__svc__d10,zz_r1_full__as0.5,id_test,fixed_c1,1.0,,0.004515647888183594,0.8995983935742972,0.9100719424460432,0.8995724772122288,0.9011857707509882,0.9637671680837148,0.9813829443454409,port_protocol_service_ablation,88,74,14,src_port|dst_port|proto_icmp|proto_tcp|proto_udp|service|service_dce_rpc|service_dns|service_ftp|service_gssapi|service_http|service_smb|service_smb_gssapi|service_ssl,ksf-v4-idsplit::
quantum,svc,10,zz_r1_full__as0.5__svc__d10,zz_r1_full__as0.5,ood_test,fixed_c1,1.0,,0.004515647888183594,0.9,0.9002944753856987,0.8999983999743996,0.900398406374502,0.939792586902247,0.9119807307929821,port_protocol_service_ablation,88,74,14,src_port|dst_port|proto_icmp|proto_tcp|proto_udp|service|service_dce_rpc|service_dns|service_ftp|service_gssapi|service_http|service_smb|service_smb_gssapi|service_ssl,ksf-v4-idsplit::
quantum,svc,10,zz_r1_full__as0.5__svc__d10,zz_r1_full__as0.5,id_val,train_cv,100.0,0.9548339888010409,0.004999637603759766,0.9601593625498008,0.9633526383526383,0.9598785166240409,0.9632352941176471,0.9812097812097813,0.9890157171766917,port_protocol_service_ablation,88,74,14,src_port|dst_port|proto_icmp|proto_tcp|proto_udp|service|service_dce_rpc|service_dns|service_ftp|service_gssapi|service_http|service_smb|service_smb_gssapi|service_ssl,ksf-v4-idsplit::
quantum,svc,10,zz_r1_full__as0.5__svc__d10,zz_r1_full__as0.5,id_test,train_cv,100.0,0.9548339888010409,0.004999637603759766,0.963855421686747,0.9676258992805755,0.96362072044285,0.966542750929368,0.993721386527142,0.996026717824335,port_protocol_service_ablation,88,74,14,src_port|dst_port|proto_icmp|proto_tcp|proto_udp|service|service_dce_rpc|service_dns|service_ftp|service_gssapi|service_http|service_smb|service_smb_gssapi|service_ssl,ksf-v4-idsplit::
quantum,svc,10,zz_r1_full__as0.5__svc__d10,zz_r1_full__as0.5,ood_test,train_cv,100.0,0.9548339888010409,0.004999637603759766,0.932,0.9323026694833878,0.9319989119825918,0.9322709163346613,0.984155943921644,0.9799464732488246,port_protocol_service_ablation,88,74,14,src_port|dst_port|proto_icmp|proto_tcp|proto_udp|service|service_dce_rpc|service_dns|service_ftp|service_gssapi|service_http|service_smb|service_smb_gssapi|service_ssl,ksf-v4-idsplit::
quantum,svc,10,zz_r2_full__as0.5__svc__d10,zz_r2_full__as0.5,id_val,fixed_c1,1.0,,0.004973173141479492,0.896414342629482,0.9071428571428571,0.8963995427990856,0.8976377952755905,0.9654440154440156,0.9811128778332359,port_protocol_service_ablation,88,74,14,src_port|dst_port|proto_icmp|proto_tcp|proto_udp|service|service_dce_rpc|service_dns|service_ftp|service_gssapi|service_http|service_smb|service_smb_gssapi|service_ssl,ksf-v4-idsplit::
quantum,svc,10,zz_r2_full__as0.5__svc__d10,zz_r2_full__as0.5,id_test,fixed_c1,1.0,,0.004973173141479492,0.8995983935742972,0.9100719424460432,0.8995724772122288,0.9011857707509882,0.9591890124264225,0.9800924166137623,port_protocol_service_ablation,88,74,14,src_port|dst_port|proto_icmp|proto_tcp|proto_udp|service|service_dce_rpc|service_dns|service_ftp|service_gssapi|service_http|service_smb|service_smb_gssapi|service_ssl,ksf-v4-idsplit::
quantum,svc,10,zz_r2_full__as0.5__svc__d10,zz_r2_full__as0.5,ood_test,fixed_c1,1.0,,0.004973173141479492,0.902,0.9022629793227066,0.901999607998432,0.9021956087824351,0.9419691441008897,0.904960396472116,port_protocol_service_ablation,88,74,14,src_port|dst_port|proto_icmp|proto_tcp|proto_udp|service|service_dce_rpc|service_dns|service_ftp|service_gssapi|service_http|service_smb|service_smb_gssapi|service_ssl,ksf-v4-idsplit::
quantum,svc,10,zz_r2_full__as0.5__svc__d10,zz_r2_full__as0.5,id_val,train_cv,100.0,0.9528834996344772,0.005387544631958008,0.9601593625498008,0.9633526383526383,0.9598785166240409,0.9632352941176471,0.9715572715572716,0.9723822988961816,port_protocol_service_ablation,88,74,14,src_port|dst_port|proto_icmp|proto_tcp|proto_udp|service|service_dce_rpc|service_dns|service_ftp|service_gssapi|service_http|service_smb|service_smb_gssapi|service_ssl,ksf-v4-idsplit::
quantum,svc,10,zz_r2_full__as0.5__svc__d10,zz_r2_full__as0.5,id_test,train_cv,100.0,0.9528834996344772,0.005387544631958008,0.963855421686747,0.9676258992805755,0.96362072044285,0.966542750929368,0.9935905820797908,0.9959777018206097,port_protocol_service_ablation,88,74,14,src_port|dst_port|proto_icmp|proto_tcp|proto_udp|service|service_dce_rpc|service_dns|service_ftp|service_gssapi|service_http|service_smb|service_smb_gssapi|service_ssl,ksf-v4-idsplit::
quantum,svc,10,zz_r2_full__as0.5__svc__d10,zz_r2_full__as0.5,ood_test,train_cv,100.0,0.9528834996344772,0.005387544631958008,0.928,0.9283016452211766,0.9279988479815677,0.9282868525896414,0.9817553293643173,0.9751635009383104,port_protocol_service_ablation,88,74,14,src_port|dst_port|proto_icmp|proto_tcp|proto_udp|service|service_dce_rpc|service_dns|service_ftp|service_gssapi|service_http|service_smb|service_smb_gssapi|service_ssl,ksf-v4-idsplit::
quantum,svc,10,pauli_xz_r1_full__as0.5__svc__d10,pauli_xz_r1_full__as0.5,id_val,fixed_c1,1.0,,0.004439830780029297,0.8924302788844621,0.9035714285714286,0.892423448735654,0.8932806324110671,0.9883526383526384,0.9933358192504422,port_protocol_service_ablation,88,74,14,src_port|dst_port|proto_icmp|proto_tcp|proto_udp|service|service_dce_rpc|service_dns|service_ftp|service_gssapi|service_http|service_smb|service_smb_gssapi|service_ssl,ksf-v4-idsplit::
quantum,svc,10,pauli_xz_r1_full__as0.5__svc__d10,pauli_xz_r1_full__as0.5,id_test,fixed_c1,1.0,,0.004439830780029297,0.8995983935742972,0.9100719424460432,0.8995724772122288,0.9011857707509882,0.9741007194244605,0.9861243195672414,port_protocol_service_ablation,88,74,14,src_port|dst_port|proto_icmp|proto_tcp|proto_udp|service|service_dce_rpc|service_dns|service_ftp|service_gssapi|service_http|service_smb|service_smb_gssapi|service_ssl,ksf-v4-idsplit::
quantum,svc,10,pauli_xz_r1_full__as0.5__svc__d10,pauli_xz_r1_full__as0.5,ood_test,fixed_c1,1.0,,0.004439830780029297,0.9,0.9002944753856987,0.8999983999743996,0.900398406374502,0.9300300877024517,0.91193127278572,port_protocol_service_ablation,88,74,14,src_port|dst_port|proto_icmp|proto_tcp|proto_udp|service|service_dce_rpc|service_dns|service_ftp|service_gssapi|service_http|service_smb|service_smb_gssapi|service_ssl,ksf-v4-idsplit::
quantum,svc,10,pauli_xz_r1_full__as0.5__svc__d10,pauli_xz_r1_full__as0.5,id_val,train_cv,10.0,0.9224792107061847,0.003999948501586914,0.8924302788844621,0.9035714285714286,0.892423448735654,0.8932806324110671,0.9801801801801802,0.9882935706644789,port_protocol_service_ablation,88,74,14,src_port|dst_port|proto_icmp|proto_tcp|proto_udp|service|service_dce_rpc|service_dns|service_ftp|service_gssapi|service_http|service_smb|service_smb_gssapi|service_ssl,ksf-v4-idsplit::
quantum,svc,10,pauli_xz_r1_full__as0.5__svc__d10,pauli_xz_r1_full__as0.5,id_test,train_cv,10.0,0.9224792107061847,0.003999948501586914,0.8995983935742972,0.9100719424460432,0.8995724772122288,0.9011857707509882,0.9705689993459777,0.9847534361886932,port_protocol_service_ablation,88,74,14,src_port|dst_port|proto_icmp|proto_tcp|proto_udp|service|service_dce_rpc|service_dns|service_ftp|service_gssapi|service_http|service_smb|service_smb_gssapi|service_ssl,ksf-v4-idsplit::
quantum,svc,10,pauli_xz_r1_full__as0.5__svc__d10,pauli_xz_r1_full__as0.5,ood_test,train_cv,10.0,0.9224792107061847,0.003999948501586914,0.902,0.9023269957109019,0.9019964718729874,0.9025844930417495,0.955844696242238,0.9617819389062411,port_protocol_service_ablation,88,74,14,src_port|dst_port|proto_icmp|proto_tcp|proto_udp|service|service_dce_rpc|service_dns|service_ftp|service_gssapi|service_http|service_smb|service_smb_gssapi|service_ssl,ksf-v4-idsplit::
quantum,svc,10,zmap_r2__as0.5__svc__d10,zmap_r2__as0.5,id_val,fixed_c1,1.0,,0.004006385803222656,0.8924302788844621,0.9035714285714286,0.892423448735654,0.8932806324110671,0.9721364221364222,0.9843000480330824,port_protocol_service_ablation,88,74,14,src_port|dst_port|proto_icmp|proto_tcp|proto_udp|service|service_dce_rpc|service_dns|service_ftp|service_gssapi|service_http|service_smb|service_smb_gssapi|service_ssl,ksf-v4-idsplit::
quantum,svc,10,zmap_r2__as0.5__svc__d10,zmap_r2__as0.5,id_test,fixed_c1,1.0,,0.004006385803222656,0.8995983935742972,0.9100719424460432,0.8995724772122288,0.9011857707509882,0.9618051013734468,0.9800599158078338,port_protocol_service_ablation,88,74,14,src_port|dst_port|proto_icmp|proto_tcp|proto_udp|service|service_dce_rpc|service_dns|service_ftp|service_gssapi|service_http|service_smb|service_smb_gssapi|service_ssl,ksf-v4-idsplit::
quantum,svc,10,zmap_r2__as0.5__svc__d10,zmap_r2__as0.5,ood_test,fixed_c1,1.0,,0.004006385803222656,0.902,0.9023269957109019,0.9019964718729874,0.9025844930417495,0.9406888163369821,0.9284561471024664,port_protocol_service_ablation,88,74,14,src_port|dst_port|proto_icmp|proto_tcp|proto_udp|service|service_dce_rpc|service_dns|service_ftp|service_gssapi|service_http|service_smb|service_smb_gssapi|service_ssl,ksf-v4-idsplit::
quantum,svc,10,zmap_r2__as0.5__svc__d10,zmap_r2__as0.5,id_val,train_cv,100.0,0.9224992127063846,0.004999399185180664,0.896414342629482,0.9071428571428571,0.8963995427990856,0.8976377952755905,0.9871299871299872,0.9936106745335787,port_protocol_service_ablation,88,74,14,src_port|dst_port|proto_icmp|proto_tcp|proto_udp|service|service_dce_rpc|service_dns|service_ftp|service_gssapi|service_http|service_smb|service_smb_gssapi|service_ssl,ksf-v4-idsplit::
quantum,svc,10,zmap_r2__as0.5__svc__d10,zmap_r2__as0.5,id_test,train_cv,100.0,0.9224992127063846,0.004999399185180664,0.8995983935742972,0.9100719424460432,0.8995724772122288,0.9011857707509882,0.9705035971223022,0.9851519561266895,port_protocol_service_ablation,88,74,14,src_port|dst_port|proto_icmp|proto_tcp|proto_udp|service|service_dce_rpc|service_dns|service_ftp|service_gssapi|service_http|service_smb|service_smb_gssapi|service_ssl,ksf-v4-idsplit::
quantum,svc,10,zmap_r2__as0.5__svc__d10,zmap_r2__as0.5,ood_test,train_cv,100.0,0.9224992127063846,0.004999399185180664,0.904,0.9043595160361053,0.9039938556067588,0.9047619047619048,0.9556206388835542,0.9587056654648495,port_protocol_service_ablation,88,74,14,src_port|dst_port|proto_icmp|proto_tcp|proto_udp|service|service_dce_rpc|service_dns|service_ftp|service_gssapi|service_http|service_smb|service_smb_gssapi|service_ssl,ksf-v4-idsplit::
quantum,svc,10,zz_r1_full__svc__d10,zz_r1_full,id_val,fixed_c1,1.0,,0.008081912994384766,0.896414342629482,0.9071428571428571,0.8963995427990856,0.8976377952755905,0.9671814671814671,0.981822278850554,port_protocol_service_ablation,88,74,14,src_port|dst_port|proto_icmp|proto_tcp|proto_udp|service|service_dce_rpc|service_dns|service_ftp|service_gssapi|service_http|service_smb|service_smb_gssapi|service_ssl,ksf-v4-idsplit::
quantum,svc,10,zz_r1_full__svc__d10,zz_r1_full,id_test,fixed_c1,1.0,,0.008081912994384766,0.8995983935742972,0.9100719424460432,0.8995724772122288,0.9011857707509882,0.9600392413342054,0.9802765787919744,port_protocol_service_ablation,88,74,14,src_port|dst_port|proto_icmp|proto_tcp|proto_udp|service|service_dce_rpc|service_dns|service_ftp|service_gssapi|service_http|service_smb|service_smb_gssapi|service_ssl,ksf-v4-idsplit::
quantum,svc,10,zz_r1_full__svc__d10,zz_r1_full,ood_test,fixed_c1,1.0,,0.008081912994384766,0.902,0.9022629793227066,0.901999607998432,0.9021956087824351,0.9432494718647975,0.9092548137818777,port_protocol_service_ablation,88,74,14,src_port|dst_port|proto_icmp|proto_tcp|proto_udp|service|service_dce_rpc|service_dns|service_ftp|service_gssapi|service_http|service_smb|service_smb_gssapi|service_ssl,ksf-v4-idsplit::
quantum,svc,10,zz_r1_full__svc__d10,zz_r1_full,id_val,train_cv,100.0,0.9548636976542791,0.003999471664428711,0.9601593625498008,0.9633526383526383,0.9598785166240409,0.9632352941176471,0.970913770913771,0.9761394100230538,port_protocol_service_ablation,88,74,14,src_port|dst_port|proto_icmp|proto_tcp|proto_udp|service|service_dce_rpc|service_dns|service_ftp|service_gssapi|service_http|service_smb|service_smb_gssapi|service_ssl,ksf-v4-idsplit::
quantum,svc,10,zz_r1_full__svc__d10,zz_r1_full,id_test,train_cv,100.0,0.9548636976542791,0.003999471664428711,0.963855421686747,0.9676258992805755,0.96362072044285,0.966542750929368,0.9928711576193592,0.9955519277162346,port_protocol_service_ablation,88,74,14,src_port|dst_port|proto_icmp|proto_tcp|proto_udp|service|service_dce_rpc|service_dns|service_ftp|service_gssapi|service_http|service_smb|service_smb_gssapi|service_ssl,ksf-v4-idsplit::
quantum,svc,10,zz_r1_full__svc__d10,zz_r1_full,ood_test,train_cv,100.0,0.9548636976542791,0.003999471664428711,0.928,0.9283016452211766,0.9279988479815677,0.9282868525896414,0.9807150630561423,0.9765256619160205,port_protocol_service_ablation,88,74,14,src_port|dst_port|proto_icmp|proto_tcp|proto_udp|service|service_dce_rpc|service_dns|service_ftp|service_gssapi|service_http|service_smb|service_smb_gssapi|service_ssl,ksf-v4-idsplit::
quantum,svc,10,zz_r2_full__svc__d10,zz_r2_full,id_val,fixed_c1,1.0,,0.005056142807006836,0.9163346613545816,0.925,0.9162495829162496,0.918918918918919,0.9957528957528958,0.996540112169214,port_protocol_service_ablation,88,74,14,src_port|dst_port|proto_icmp|proto_tcp|proto_udp|service|service_dce_rpc|service_dns|service_ftp|service_gssapi|service_http|service_smb|service_smb_gssapi|service_ssl,ksf-v4-idsplit::
quantum,svc,10,zz_r2_full__svc__d10,zz_r2_full,id_test,fixed_c1,1.0,,0.005056142807006836,0.927710843373494,0.935251798561151,0.9275694893341953,0.9307692307692308,0.9958796599084369,0.9966686454957369,port_protocol_service_ablation,88,74,14,src_port|dst_port|proto_icmp|proto_tcp|proto_udp|service|service_dce_rpc|service_dns|service_ftp|service_gssapi|service_http|service_smb|service_smb_gssapi|service_ssl,ksf-v4-idsplit::
quantum,svc,10,zz_r2_full__svc__d10,zz_r2_full,ood_test,fixed_c1,1.0,,0.005056142807006836,0.902,0.9022629793227066,0.901999607998432,0.9021956087824351,0.9627744702643877,0.9361667454491802,port_protocol_service_ablation,88,74,14,src_port|dst_port|proto_icmp|proto_tcp|proto_udp|service|service_dce_rpc|service_dns|service_ftp|service_gssapi|service_http|service_smb|service_smb_gssapi|service_ssl,ksf-v4-idsplit::
quantum,svc,10,zz_r2_full__svc__d10,zz_r2_full,id_val,train_cv,100.0,0.9518533966241762,0.004999637603759766,0.9561752988047809,0.9588481338481338,0.9558360126045715,0.9597069597069597,0.9668597168597168,0.9746359925738304,port_protocol_service_ablation,88,74,14,src_port|dst_port|proto_icmp|proto_tcp|proto_udp|service|service_dce_rpc|service_dns|service_ftp|service_gssapi|service_http|service_smb|service_smb_gssapi|service_ssl,ksf-v4-idsplit::
quantum,svc,10,zz_r2_full__svc__d10,zz_r2_full,id_test,train_cv,100.0,0.9518533966241762,0.004999637603759766,0.9477911646586346,0.9494440810987573,0.9473015873015873,0.9523809523809523,0.9924133420536299,0.995542634235174,port_protocol_service_ablation,88,74,14,src_port|dst_port|proto_icmp|proto_tcp|proto_udp|service|service_dce_rpc|service_dns|service_ftp|service_gssapi|service_http|service_smb|service_smb_gssapi|service_ssl,ksf-v4-idsplit::
quantum,svc,10,zz_r2_full__svc__d10,zz_r2_full,ood_test,train_cv,100.0,0.9518533966241762,0.004999637603759766,0.922,0.9223961334101529,0.921992199219922,0.9227722772277228,0.9847640996095,0.9786123594779046,port_protocol_service_ablation,88,74,14,src_port|dst_port|proto_icmp|proto_tcp|proto_udp|service|service_dce_rpc|service_dns|service_ftp|service_gssapi|service_http|service_smb|service_smb_gssapi|service_ssl,ksf-v4-idsplit::
quantum,svc,10,pauli_xz_r1_full__svc__d10,pauli_xz_r1_full,id_val,fixed_c1,1.0,,0.003998756408691406,0.8924302788844621,0.9035714285714286,0.892423448735654,0.8932806324110671,0.9864221364221364,0.991870216969036,port_protocol_service_ablation,88,74,14,src_port|dst_port|proto_icmp|proto_tcp|proto_udp|service|service_dce_rpc|service_dns|service_ftp|service_gssapi|service_http|service_smb|service_smb_gssapi|service_ssl,ksf-v4-idsplit::
quantum,svc,10,pauli_xz_r1_full__svc__d10,pauli_xz_r1_full,id_test,fixed_c1,1.0,,0.003998756408691406,0.8995983935742972,0.9100719424460432,0.8995724772122288,0.9011857707509882,0.963897972531066,0.9797613793310992,port_protocol_service_ablation,88,74,14,src_port|dst_port|proto_icmp|proto_tcp|proto_udp|service|service_dce_rpc|service_dns|service_ftp|service_gssapi|service_http|service_smb|service_smb_gssapi|service_ssl,ksf-v4-idsplit::
quantum,svc,10,pauli_xz_r1_full__svc__d10,pauli_xz_r1_full,ood_test,fixed_c1,1.0,,0.003998756408691406,0.898,0.8983899878368862,0.897989798979898,0.899009900990099,0.9380481403239228,0.9017979557133646,port_protocol_service_ablation,88,74,14,src_port|dst_port|proto_icmp|proto_tcp|proto_udp|service|service_dce_rpc|service_dns|service_ftp|service_gssapi|service_http|service_smb|service_smb_gssapi|service_ssl,ksf-v4-idsplit::
quantum,svc,10,pauli_xz_r1_full__svc__d10,pauli_xz_r1_full,id_val,train_cv,100.0,0.9276594586229331,0.006000518798828125,0.9163346613545816,0.925,0.9162495829162496,0.918918918918919,0.9807593307593307,0.9883867805950663,port_protocol_service_ablation,88,74,14,src_port|dst_port|proto_icmp|proto_tcp|proto_udp|service|service_dce_rpc|service_dns|service_ftp|service_gssapi|service_http|service_smb|service_smb_gssapi|service_ssl,ksf-v4-idsplit::
quantum,svc,10,pauli_xz_r1_full__svc__d10,pauli_xz_r1_full,id_test,train_cv,100.0,0.9276594586229331,0.006000518798828125,0.9196787148594378,0.926160889470242,0.91945917971277,0.9236641221374046,0.9635055591890124,0.9753279090101393,port_protocol_service_ablation,88,74,14,src_port|dst_port|proto_icmp|proto_tcp|proto_udp|service|service_dce_rpc|service_dns|service_ftp|service_gssapi|service_http|service_smb|service_smb_gssapi|service_ssl,ksf-v4-idsplit::
quantum,svc,10,pauli_xz_r1_full__svc__d10,pauli_xz_r1_full,ood_test,train_cv,100.0,0.9276594586229331,0.006000518798828125,0.898,0.8984540042250817,0.8979800040807999,0.8994082840236687,0.9612220728506498,0.9604169404196495,port_protocol_service_ablation,88,74,14,src_port|dst_port|proto_icmp|proto_tcp|proto_udp|service|service_dce_rpc|service_dns|service_ftp|service_gssapi|service_http|service_smb|service_smb_gssapi|service_ssl,ksf-v4-idsplit::
quantum,svc,10,zmap_r2__svc__d10,zmap_r2,id_val,fixed_c1,1.0,,0.004010200500488281,0.8924302788844621,0.9035714285714286,0.892423448735654,0.8932806324110671,0.9590090090090089,0.9774302210022511,port_protocol_service_ablation,88,74,14,src_port|dst_port|proto_icmp|proto_tcp|proto_udp|service|service_dce_rpc|service_dns|service_ftp|service_gssapi|service_http|service_smb|service_smb_gssapi|service_ssl,ksf-v4-idsplit::
quantum,svc,10,zmap_r2__svc__d10,zmap_r2,id_test,fixed_c1,1.0,,0.004010200500488281,0.8995983935742972,0.9100719424460432,0.8995724772122288,0.9011857707509882,0.9559843034663178,0.9754465626258508,port_protocol_service_ablation,88,74,14,src_port|dst_port|proto_icmp|proto_tcp|proto_udp|service|service_dce_rpc|service_dns|service_ftp|service_gssapi|service_http|service_smb|service_smb_gssapi|service_ssl,ksf-v4-idsplit::
quantum,svc,10,zmap_r2__svc__d10,zmap_r2,ood_test,fixed_c1,1.0,,0.004010200500488281,0.9,0.900358491773894,0.8999935995903738,0.9007936507936508,0.9414890211894246,0.9017352074860985,port_protocol_service_ablation,88,74,14,src_port|dst_port|proto_icmp|proto_tcp|proto_udp|service|service_dce_rpc|service_dns|service_ftp|service_gssapi|service_http|service_smb|service_smb_gssapi|service_ssl,ksf-v4-idsplit::
quantum,svc,10,zmap_r2__svc__d10,zmap_r2,id_val,train_cv,100.0,0.9326208371137235,0.006598234176635742,0.9163346613545816,0.925,0.9162495829162496,0.918918918918919,0.9814671814671814,0.9892310246184014,port_protocol_service_ablation,88,74,14,src_port|dst_port|proto_icmp|proto_tcp|proto_udp|service|service_dce_rpc|service_dns|service_ftp|service_gssapi|service_http|service_smb|service_smb_gssapi|service_ssl,ksf-v4-idsplit::
quantum,svc,10,zmap_r2__svc__d10,zmap_r2,id_test,train_cv,100.0,0.9326208371137235,0.006598234176635742,0.927710843373494,0.935251798561151,0.9275694893341953,0.9307692307692308,0.9942446043165467,0.9961671431648327,port_protocol_service_ablation,88,74,14,src_port|dst_port|proto_icmp|proto_tcp|proto_udp|service|service_dce_rpc|service_dns|service_ftp|service_gssapi|service_http|service_smb|service_smb_gssapi|service_ssl,ksf-v4-idsplit::
quantum,svc,10,zmap_r2__svc__d10,zmap_r2,ood_test,train_cv,100.0,0.9326208371137235,0.006598234176635742,0.898,0.8983899878368862,0.897989798979898,0.899009900990099,0.9592695730106907,0.9546285120740129,port_protocol_service_ablation,88,74,14,src_port|dst_port|proto_icmp|proto_tcp|proto_udp|service|service_dce_rpc|service_dns|service_ftp|service_gssapi|service_http|service_smb|service_smb_gssapi|service_ssl,ksf-v4-idsplit::
quantum,svc,10,zz_r1_full__as2__svc__d10,zz_r1_full__as2,id_val,fixed_c1,1.0,,0.010000944137573242,0.9163346613545816,0.925,0.9162495829162496,0.918918918918919,0.992921492921493,0.9945751563587888,port_protocol_service_ablation,88,74,14,src_port|dst_port|proto_icmp|proto_tcp|proto_udp|service|service_dce_rpc|service_dns|service_ftp|service_gssapi|service_http|service_smb|service_smb_gssapi|service_ssl,ksf-v4-idsplit::
quantum,svc,10,zz_r1_full__as2__svc__d10,zz_r1_full__as2,id_test,fixed_c1,1.0,,0.010000944137573242,0.9317269076305221,0.9388489208633093,0.9315679712886173,0.9348659003831418,0.9953564421190321,0.9963031484197133,port_protocol_service_ablation,88,74,14,src_port|dst_port|proto_icmp|proto_tcp|proto_udp|service|service_dce_rpc|service_dns|service_ftp|service_gssapi|service_http|service_smb|service_smb_gssapi|service_ssl,ksf-v4-idsplit::
quantum,svc,10,zz_r1_full__as2__svc__d10,zz_r1_full__as2,ood_test,fixed_c1,1.0,,0.010000944137573242,0.902,0.9022629793227066,0.901999607998432,0.9021956087824351,0.9642468471928813,0.9358774188551323,port_protocol_service_ablation,88,74,14,src_port|dst_port|proto_icmp|proto_tcp|proto_udp|service|service_dce_rpc|service_dns|service_ftp|service_gssapi|service_http|service_smb|service_smb_gssapi|service_ssl,ksf-v4-idsplit::
quantum,svc,10,zz_r1_full__as2__svc__d10,zz_r1_full__as2,id_val,train_cv,100.0,0.9578539966841821,0.004559755325317383,0.9681274900398407,0.9704954954954954,0.9678576002048918,0.9708029197080292,0.9662162162162163,0.9705988294082573,port_protocol_service_ablation,88,74,14,src_port|dst_port|proto_icmp|proto_tcp|proto_udp|service|service_dce_rpc|service_dns|service_ftp|service_gssapi|service_http|service_smb|service_smb_gssapi|service_ssl,ksf-v4-idsplit::
quantum,svc,10,zz_r1_full__as2__svc__d10,zz_r1_full__as2,id_test,train_cv,100.0,0.9578539966841821,0.004559755325317383,0.9759036144578314,0.9765206017004577,0.9756169212690953,0.9782608695652174,0.9770438194898627,0.9635308614163989,port_protocol_service_ablation,88,74,14,src_port|dst_port|proto_icmp|proto_tcp|proto_udp|service|service_dce_rpc|service_dns|service_ftp|service_gssapi|service_http|service_smb|service_smb_gssapi|service_ssl,ksf-v4-idsplit::
quantum,svc,10,zz_r1_full__as2__svc__d10,zz_r1_full__as2,ood_test,train_cv,100.0,0.9578539966841821,0.004559755325317383,0.928,0.9283016452211766,0.9279988479815677,0.9282868525896414,0.9666794699443059,0.928616927753338,port_protocol_service_ablation,88,74,14,src_port|dst_port|proto_icmp|proto_tcp|proto_udp|service|service_dce_rpc|service_dns|service_ftp|service_gssapi|service_http|service_smb|service_smb_gssapi|service_ssl,ksf-v4-idsplit::
quantum,svc,10,zz_r2_full__as2__svc__d10,zz_r2_full__as2,id_val,fixed_c1,1.0,,0.004999876022338867,0.9163346613545816,0.925,0.9162495829162496,0.918918918918919,0.9780566280566281,0.9870495597497346,port_protocol_service_ablation,88,74,14,src_port|dst_port|proto_icmp|proto_tcp|proto_udp|service|service_dce_rpc|service_dns|service_ftp|service_gssapi|service_http|service_smb|service_smb_gssapi|service_ssl,ksf-v4-idsplit::
quantum,svc,10,zz_r2_full__as2__svc__d10,zz_r2_full__as2,id_test,fixed_c1,1.0,,0.004999876022338867,0.9317269076305221,0.9388489208633093,0.9315679712886173,0.9348659003831418,0.9924133420536297,0.9946524451078498,port_protocol_service_ablation,88,74,14,src_port|dst_port|proto_icmp|proto_tcp|proto_udp|service|service_dce_rpc|service_dns|service_ftp|service_gssapi|service_http|service_smb|service_smb_gssapi|service_ssl,ksf-v4-idsplit::
quantum,svc,10,zz_r2_full__as2__svc__d10,zz_r2_full__as2,ood_test,fixed_c1,1.0,,0.004999876022338867,0.92,0.9200435311439729,0.9199884783408812,0.9190283400809717,0.9639107611548556,0.9209933075391172,port_protocol_service_ablation,88,74,14,src_port|dst_port|proto_icmp|proto_tcp|proto_udp|service|service_dce_rpc|service_dns|service_ftp|service_gssapi|service_http|service_smb|service_smb_gssapi|service_ssl,ksf-v4-idsplit::
quantum,svc,10,zz_r2_full__as2__svc__d10,zz_r2_full__as2,id_val,train_cv,100.0,0.9588440956940831,0.00551152229309082,0.9681274900398407,0.9704954954954954,0.9678576002048918,0.9708029197080292,0.9682110682110683,0.9747596940851458,port_protocol_service_ablation,88,74,14,src_port|dst_port|proto_icmp|proto_tcp|proto_udp|service|service_dce_rpc|service_dns|service_ftp|service_gssapi|service_http|service_smb|service_smb_gssapi|service_ssl,ksf-v4-idsplit::
quantum,svc,10,zz_r2_full__as2__svc__d10,zz_r2_full__as2,id_test,train_cv,100.0,0.9588440956940831,0.00551152229309082,0.9718875502008032,0.9729234793982995,0.9715776600081533,0.9745454545454545,0.9794637017658601,0.9744256040639216,port_protocol_service_ablation,88,74,14,src_port|dst_port|proto_icmp|proto_tcp|proto_udp|service|service_dce_rpc|service_dns|service_ftp|service_gssapi|service_http|service_smb|service_smb_gssapi|service_ssl,ksf-v4-idsplit::
quantum,svc,10,zz_r2_full__as2__svc__d10,zz_r2_full__as2,ood_test,train_cv,100.0,0.9588440956940831,0.00551152229309082,0.936,0.9360476281928174,0.935990782672705,0.9352226720647774,0.9685359452019717,0.9388170479058315,port_protocol_service_ablation,88,74,14,src_port|dst_port|proto_icmp|proto_tcp|proto_udp|service|service_dce_rpc|service_dns|service_ftp|service_gssapi|service_http|service_smb|service_smb_gssapi|service_ssl,ksf-v4-idsplit::
quantum,svc,10,pauli_xz_r1_full__as2__svc__d10,pauli_xz_r1_full__as2,id_val,fixed_c1,1.0,,0.004472255706787109,0.896414342629482,0.9071428571428571,0.8963995427990856,0.8976377952755905,0.985070785070785,0.9921353133080602,port_protocol_service_ablation,88,74,14,src_port|dst_port|proto_icmp|proto_tcp|proto_udp|service|service_dce_rpc|service_dns|service_ftp|service_gssapi|service_http|service_smb|service_smb_gssapi|service_ssl,ksf-v4-idsplit::
quantum,svc,10,pauli_xz_r1_full__as2__svc__d10,pauli_xz_r1_full__as2,id_test,fixed_c1,1.0,,0.004472255706787109,0.8995983935742972,0.9100719424460432,0.8995724772122288,0.9011857707509882,0.9641595814257684,0.9824998232178094,port_protocol_service_ablation,88,74,14,src_port|dst_port|proto_icmp|proto_tcp|proto_udp|service|service_dce_rpc|service_dns|service_ftp|service_gssapi|service_http|service_smb|service_smb_gssapi|service_ssl,ksf-v4-idsplit::
quantum,svc,10,pauli_xz_r1_full__as2__svc__d10,pauli_xz_r1_full__as2,ood_test,fixed_c1,1.0,,0.004472255706787109,0.9,0.9002944753856987,0.8999983999743996,0.900398406374502,0.9220600473721272,0.8771081015031705,port_protocol_service_ablation,88,74,14,src_port|dst_port|proto_icmp|proto_tcp|proto_udp|service|service_dce_rpc|service_dns|service_ftp|service_gssapi|service_http|service_smb|service_smb_gssapi|service_ssl,ksf-v4-idsplit::
quantum,svc,10,pauli_xz_r1_full__as2__svc__d10,pauli_xz_r1_full__as2,id_val,train_cv,100.0,0.9316107361036223,0.0070002079010009766,0.9163346613545816,0.925,0.9162495829162496,0.918918918918919,0.9884169884169884,0.9935693792287146,port_protocol_service_ablation,88,74,14,src_port|dst_port|proto_icmp|proto_tcp|proto_udp|service|service_dce_rpc|service_dns|service_ftp|service_gssapi|service_http|service_smb|service_smb_gssapi|service_ssl,ksf-v4-idsplit::
quantum,svc,10,pauli_xz_r1_full__as2__svc__d10,pauli_xz_r1_full__as2,id_test,train_cv,100.0,0.9316107361036223,0.0070002079010009766,0.9357429718875502,0.9424460431654677,0.9355673437702161,0.9389312977099237,0.9731850882930019,0.9858710649565517,port_protocol_service_ablation,88,74,14,src_port|dst_port|proto_icmp|proto_tcp|proto_udp|service|service_dce_rpc|service_dns|service_ftp|service_gssapi|service_http|service_smb|service_smb_gssapi|service_ssl,ksf-v4-idsplit::
quantum,svc,10,pauli_xz_r1_full__as2__svc__d10,pauli_xz_r1_full__as2,ood_test,train_cv,100.0,0.9316107361036223,0.0070002079010009766,0.92,0.9201715639203636,0.9199987199795197,0.9196787148594378,0.9616701875680175,0.9590384767332498,port_protocol_service_ablation,88,74,14,src_port|dst_port|proto_icmp|proto_tcp|proto_udp|service|service_dce_rpc|service_dns|service_ftp|service_gssapi|service_http|service_smb|service_smb_gssapi|service_ssl,ksf-v4-idsplit::
quantum,svc,10,zmap_r2__as2__svc__d10,zmap_r2__as2,id_val,fixed_c1,1.0,,0.006514310836791992,0.896414342629482,0.9071428571428571,0.8963995427990856,0.8976377952755905,0.9925997425997426,0.9943091210200425,port_protocol_service_ablation,88,74,14,src_port|dst_port|proto_icmp|proto_tcp|proto_udp|service|service_dce_rpc|service_dns|service_ftp|service_gssapi|service_http|service_smb|service_smb_gssapi|service_ssl,ksf-v4-idsplit::
quantum,svc,10,zmap_r2__as2__svc__d10,zmap_r2__as2,id_test,fixed_c1,1.0,,0.006514310836791992,0.8995983935742972,0.9100719424460432,0.8995724772122288,0.9011857707509882,0.9916285153695226,0.9935630307433988,port_protocol_service_ablation,88,74,14,src_port|dst_port|proto_icmp|proto_tcp|proto_udp|service|service_dce_rpc|service_dns|service_ftp|service_gssapi|service_http|service_smb|service_smb_gssapi|service_ssl,ksf-v4-idsplit::
quantum,svc,10,zmap_r2__as2__svc__d10,zmap_r2__as2,ood_test,fixed_c1,1.0,,0.006514310836791992,0.902,0.9023269957109019,0.9019964718729874,0.9025844930417495,0.9348793291082518,0.9068678545529584,port_protocol_service_ablation,88,74,14,src_port|dst_port|proto_icmp|proto_tcp|proto_udp|service|service_dce_rpc|service_dns|service_ftp|service_gssapi|service_http|service_smb|service_smb_gssapi|service_ssl,ksf-v4-idsplit::
quantum,svc,10,zmap_r2__as2__svc__d10,zmap_r2__as2,id_val,train_cv,100.0,0.9346404508398019,0.005633115768432617,0.9163346613545816,0.925,0.9162495829162496,0.918918918918919,0.986936936936937,0.9929724266996813,port_protocol_service_ablation,88,74,14,src_port|dst_port|proto_icmp|proto_tcp|proto_udp|service|service_dce_rpc|service_dns|service_ftp|service_gssapi|service_http|service_smb|service_smb_gssapi|service_ssl,ksf-v4-idsplit::
quantum,svc,10,zmap_r2__as2__svc__d10,zmap_r2__as2,id_test,train_cv,100.0,0.9346404508398019,0.005633115768432617,0.9317269076305221,0.9379005886200131,0.9315103955990616,0.935361216730038,0.967037279267495,0.9838840434442585,port_protocol_service_ablation,88,74,14,src_port|dst_port|proto_icmp|proto_tcp|proto_udp|service|service_dce_rpc|service_dns|service_ftp|service_gssapi|service_http|service_smb|service_smb_gssapi|service_ssl,ksf-v4-idsplit::
quantum,svc,10,zmap_r2__as2__svc__d10,zmap_r2__as2,ood_test,train_cv,100.0,0.9346404508398019,0.005633115768432617,0.916,0.9162345560463478,0.916,0.916,0.9506753728954612,0.9400072861763993,port_protocol_service_ablation,88,74,14,src_port|dst_port|proto_icmp|proto_tcp|proto_udp|service|service_dce_rpc|service_dns|service_ftp|service_gssapi|service_http|service_smb|service_smb_gssapi|service_ssl,ksf-v4-idsplit::
classical_ext,svc,12,linear__svc__d12,linear,id_val,fixed_c1,1.0,,0.0056171417236328125,0.8924302788844621,0.9035714285714286,0.892423448735654,0.8932806324110671,0.914993564993565,0.9520247862408142,port_protocol_service_ablation,88,74,14,src_port|dst_port|proto_icmp|proto_tcp|proto_udp|service|service_dce_rpc|service_dns|service_ftp|service_gssapi|service_http|service_smb|service_smb_gssapi|service_ssl,ksf-v4-idsplit::
classical_ext,svc,12,linear__svc__d12,linear,id_test,fixed_c1,1.0,,0.0056171417236328125,0.8995983935742972,0.9100719424460432,0.8995724772122288,0.9011857707509882,0.924329627207325,0.9562957934612317,port_protocol_service_ablation,88,74,14,src_port|dst_port|proto_icmp|proto_tcp|proto_udp|service|service_dce_rpc|service_dns|service_ftp|service_gssapi|service_http|service_smb|service_smb_gssapi|service_ssl,ksf-v4-idsplit::
classical_ext,svc,12,linear__svc__d12,linear,ood_test,fixed_c1,1.0,,0.0056171417236328125,0.772,0.7695089943025415,0.7653780295047419,0.7259615384615384,0.894500992254017,0.8781509002466278,port_protocol_service_ablation,88,74,14,src_port|dst_port|proto_icmp|proto_tcp|proto_udp|service|service_dce_rpc|service_dns|service_ftp|service_gssapi|service_http|service_smb|service_smb_gssapi|service_ssl,ksf-v4-idsplit::
classical_ext,svc,12,linear__svc__d12,linear,id_val,train_cv,100.0,0.9214691096960836,0.007448434829711914,0.8924302788844621,0.9035714285714286,0.892423448735654,0.8932806324110671,0.9819176319176318,0.9887712459420033,port_protocol_service_ablation,88,74,14,src_port|dst_port|proto_icmp|proto_tcp|proto_udp|service|service_dce_rpc|service_dns|service_ftp|service_gssapi|service_http|service_smb|service_smb_gssapi|service_ssl,ksf-v4-idsplit::
classical_ext,svc,12,linear__svc__d12,linear,id_test,train_cv,100.0,0.9214691096960836,0.007448434829711914,0.8995983935742972,0.9100719424460432,0.8995724772122288,0.9011857707509882,0.9879659908436886,0.9931313228127078,port_protocol_service_ablation,88,74,14,src_port|dst_port|proto_icmp|proto_tcp|proto_udp|service|service_dce_rpc|service_dns|service_ftp|service_gssapi|service_http|service_smb|service_smb_gssapi|service_ssl,ksf-v4-idsplit::
classical_ext,svc,12,linear__svc__d12,linear,ood_test,train_cv,100.0,0.9214691096960836,0.007448434829711914,0.896,0.8964855002880738,0.8959733691825107,0.8976377952755905,0.934527238973177,0.9108238737675465,port_protocol_service_ablation,88,74,14,src_port|dst_port|proto_icmp|proto_tcp|proto_udp|service|service_dce_rpc|service_dns|service_ftp|service_gssapi|service_http|service_smb|service_smb_gssapi|service_ssl,ksf-v4-idsplit::
classical_ext,svc,12,rbf_gscale__svc__d12,rbf_gscale,id_val,fixed_c1,1.0,,0.005007505416870117,0.8924302788844621,0.9035714285714286,0.892423448735654,0.8932806324110671,0.9895752895752896,0.9938490368425255,port_protocol_service_ablation,88,74,14,src_port|dst_port|proto_icmp|proto_tcp|proto_udp|service|service_dce_rpc|service_dns|service_ftp|service_gssapi|service_http|service_smb|service_smb_gssapi|service_ssl,ksf-v4-idsplit::
classical_ext,svc,12,rbf_gscale__svc__d12,rbf_gscale,id_test,fixed_c1,1.0,,0.005007505416870117,0.8995983935742972,0.9100719424460432,0.8995724772122288,0.9011857707509882,0.981621975147155,0.9881007319408044,port_protocol_service_ablation,88,74,14,src_port|dst_port|proto_icmp|proto_tcp|proto_udp|service|service_dce_rpc|service_dns|service_ftp|service_gssapi|service_http|service_smb|service_smb_gssapi|service_ssl,ksf-v4-idsplit::
classical_ext,svc,12,rbf_gscale__svc__d12,rbf_gscale,ood_test,fixed_c1,1.0,,0.005007505416870117,0.902,0.9023269957109019,0.9019964718729874,0.9025844930417495,0.9201875680174125,0.8848782946736704,port_protocol_service_ablation,88,74,14,src_port|dst_port|proto_icmp|proto_tcp|proto_udp|service|service_dce_rpc|service_dns|service_ftp|service_gssapi|service_http|service_smb|service_smb_gssapi|service_ssl,ksf-v4-idsplit::
classical_ext,svc,12,rbf_gscale__svc__d12,rbf_gscale,id_val,train_cv,100.0,0.9214891116962836,0.004971504211425781,0.8924302788844621,0.9035714285714286,0.892423448735654,0.8932806324110671,0.9855855855855855,0.99165246476341,port_protocol_service_ablation,88,74,14,src_port|dst_port|proto_icmp|proto_tcp|proto_udp|service|service_dce_rpc|service_dns|service_ftp|service_gssapi|service_http|service_smb|service_smb_gssapi|service_ssl,ksf-v4-idsplit::
classical_ext,svc,12,rbf_gscale__svc__d12,rbf_gscale,id_test,train_cv,100.0,0.9214891116962836,0.004971504211425781,0.8995983935742972,0.9100719424460432,0.8995724772122288,0.9011857707509882,0.9750817527795945,0.9855721408912176,port_protocol_service_ablation,88,74,14,src_port|dst_port|proto_icmp|proto_tcp|proto_udp|service|service_dce_rpc|service_dns|service_ftp|service_gssapi|service_http|service_smb|service_smb_gssapi|service_ssl,ksf-v4-idsplit::
classical_ext,svc,12,rbf_gscale__svc__d12,rbf_gscale,ood_test,train_cv,100.0,0.9214891116962836,0.004971504211425781,0.904,0.9043595160361053,0.9039938556067588,0.9047619047619048,0.9550604954868447,0.9539485817024401,port_protocol_service_ablation,88,74,14,src_port|dst_port|proto_icmp|proto_tcp|proto_udp|service|service_dce_rpc|service_dns|service_ftp|service_gssapi|service_http|service_smb|service_smb_gssapi|service_ssl,ksf-v4-idsplit::
classical_ext,svc,12,poly2__svc__d12,poly2,id_val,fixed_c1,1.0,,0.004518747329711914,0.8924302788844621,0.9035714285714286,0.892423448735654,0.8932806324110671,0.9167310167310168,0.9527345297963112,port_protocol_service_ablation,88,74,14,src_port|dst_port|proto_icmp|proto_tcp|proto_udp|service|service_dce_rpc|service_dns|service_ftp|service_gssapi|service_http|service_smb|service_smb_gssapi|service_ssl,ksf-v4-idsplit::
classical_ext,svc,12,poly2__svc__d12,poly2,id_test,fixed_c1,1.0,,0.004518747329711914,0.8995983935742972,0.9100719424460432,0.8995724772122288,0.9011857707509882,0.9266841072596468,0.957302722176862,port_protocol_service_ablation,88,74,14,src_port|dst_port|proto_icmp|proto_tcp|proto_udp|service|service_dce_rpc|service_dns|service_ftp|service_gssapi|service_http|service_smb|service_smb_gssapi|service_ssl,ksf-v4-idsplit::
classical_ext,svc,12,poly2__svc__d12,poly2,ood_test,fixed_c1,1.0,,0.004518747329711914,0.774,0.7714774982395494,0.7672742251055504,0.727710843373494,0.9019749055758275,0.90088760068044,port_protocol_service_ablation,88,74,14,src_port|dst_port|proto_icmp|proto_tcp|proto_udp|service|service_dce_rpc|service_dns|service_ftp|service_gssapi|service_http|service_smb|service_smb_gssapi|service_ssl,ksf-v4-idsplit::
classical_ext,svc,12,poly2__svc__d12,poly2,id_val,train_cv,100.0,0.9214691096960836,0.004999637603759766,0.8924302788844621,0.9035714285714286,0.892423448735654,0.8932806324110671,0.982947232947233,0.9901761926257507,port_protocol_service_ablation,88,74,14,src_port|dst_port|proto_icmp|proto_tcp|proto_udp|service|service_dce_rpc|service_dns|service_ftp|service_gssapi|service_http|service_smb|service_smb_gssapi|service_ssl,ksf-v4-idsplit::
classical_ext,svc,12,poly2__svc__d12,poly2,id_test,train_cv,100.0,0.9214691096960836,0.004999637603759766,0.8995983935742972,0.9100719424460432,0.8995724772122288,0.9011857707509882,0.9848920863309353,0.9917470587380979,port_protocol_service_ablation,88,74,14,src_port|dst_port|proto_icmp|proto_tcp|proto_udp|service|service_dce_rpc|service_dns|service_ftp|service_gssapi|service_http|service_smb|service_smb_gssapi|service_ssl,ksf-v4-idsplit::
classical_ext,svc,12,poly2__svc__d12,poly2,ood_test,train_cv,100.0,0.9214691096960836,0.004999637603759766,0.902,0.9023910120990974,0.901990199019902,0.902970297029703,0.9549644709045514,0.9573682513580878,port_protocol_service_ablation,88,74,14,src_port|dst_port|proto_icmp|proto_tcp|proto_udp|service|service_dce_rpc|service_dns|service_ftp|service_gssapi|service_http|service_smb|service_smb_gssapi|service_ssl,ksf-v4-idsplit::
classical_ext,svc,12,poly3__svc__d12,poly3,id_val,fixed_c1,1.0,,0.00400090217590332,0.8924302788844621,0.9035714285714286,0.892423448735654,0.8932806324110671,0.9863577863577863,0.9921124814884632,port_protocol_service_ablation,88,74,14,src_port|dst_port|proto_icmp|proto_tcp|proto_udp|service|service_dce_rpc|service_dns|service_ftp|service_gssapi|service_http|service_smb|service_smb_gssapi|service_ssl,ksf-v4-idsplit::
classical_ext,svc,12,poly3__svc__d12,poly3,id_test,fixed_c1,1.0,,0.00400090217590332,0.8995983935742972,0.9100719424460432,0.8995724772122288,0.9011857707509882,0.9846958796599086,0.9904910790956568,port_protocol_service_ablation,88,74,14,src_port|dst_port|proto_icmp|proto_tcp|proto_udp|service|service_dce_rpc|service_dns|service_ftp|service_gssapi|service_http|service_smb|service_smb_gssapi|service_ssl,ksf-v4-idsplit::
classical_ext,svc,12,poly3__svc__d12,poly3,ood_test,fixed_c1,1.0,,0.00400090217590332,0.872,0.871135010562704,0.8714053784700455,0.8626609442060086,0.9135938800332885,0.907283768959255,port_protocol_service_ablation,88,74,14,src_port|dst_port|proto_icmp|proto_tcp|proto_udp|service|service_dce_rpc|service_dns|service_ftp|service_gssapi|service_http|service_smb|service_smb_gssapi|service_ssl,ksf-v4-idsplit::
classical_ext,svc,12,poly3__svc__d12,poly3,id_val,train_cv,100.0,0.9214691096960836,0.004693508148193359,0.8924302788844621,0.9035714285714286,0.892423448735654,0.8932806324110671,0.9875804375804376,0.9925123613852721,port_protocol_service_ablation,88,74,14,src_port|dst_port|proto_icmp|proto_tcp|proto_udp|service|service_dce_rpc|service_dns|service_ftp|service_gssapi|service_http|service_smb|service_smb_gssapi|service_ssl,ksf-v4-idsplit::
classical_ext,svc,12,poly3__svc__d12,poly3,id_test,train_cv,100.0,0.9214691096960836,0.004693508148193359,0.8995983935742972,0.9100719424460432,0.8995724772122288,0.9011857707509882,0.984107259646828,0.991121147357088,port_protocol_service_ablation,88,74,14,src_port|dst_port|proto_icmp|proto_tcp|proto_udp|service|service_dce_rpc|service_dns|service_ftp|service_gssapi|service_http|service_smb|service_smb_gssapi|service_ssl,ksf-v4-idsplit::
classical_ext,svc,12,poly3__svc__d12,poly3,ood_test,train_cv,100.0,0.9214691096960836,0.004693508148193359,0.9,0.9004225081620896,0.8999855979261013,0.9011857707509882,0.9614301261122847,0.9683334854977614,port_protocol_service_ablation,88,74,14,src_port|dst_port|proto_icmp|proto_tcp|proto_udp|service|service_dce_rpc|service_dns|service_ftp|service_gssapi|service_http|service_smb|service_smb_gssapi|service_ssl,ksf-v4-idsplit::
classical_ext,svc,12,laplacian_med__svc__d12,laplacian_med,id_val,fixed_c1,1.0,,0.0035982131958007812,0.8924302788844621,0.9035714285714286,0.892423448735654,0.8932806324110671,0.9977477477477478,0.9982109466405173,port_protocol_service_ablation,88,74,14,src_port|dst_port|proto_icmp|proto_tcp|proto_udp|service|service_dce_rpc|service_dns|service_ftp|service_gssapi|service_http|service_smb|service_smb_gssapi|service_ssl,ksf-v4-idsplit::
classical_ext,svc,12,laplacian_med__svc__d12,laplacian_med,id_test,fixed_c1,1.0,,0.0035982131958007812,0.8995983935742972,0.9100719424460432,0.8995724772122288,0.9011857707509882,0.9981687377370831,0.9984462249046805,port_protocol_service_ablation,88,74,14,src_port|dst_port|proto_icmp|proto_tcp|proto_udp|service|service_dce_rpc|service_dns|service_ftp|service_gssapi|service_http|service_smb|service_smb_gssapi|service_ssl,ksf-v4-idsplit::
classical_ext,svc,12,laplacian_med__svc__d12,laplacian_med,ood_test,fixed_c1,1.0,,0.0035982131958007812,0.902,0.9023269957109019,0.9019964718729874,0.9025844930417495,0.975401702835926,0.9643618916899774,port_protocol_service_ablation,88,74,14,src_port|dst_port|proto_icmp|proto_tcp|proto_udp|service|service_dce_rpc|service_dns|service_ftp|service_gssapi|service_http|service_smb|service_smb_gssapi|service_ssl,ksf-v4-idsplit::
classical_ext,svc,12,laplacian_med__svc__d12,laplacian_med,id_val,train_cv,100.0,0.9710259261220241,0.004546403884887695,0.9721115537848606,0.9740669240669241,0.9718542250700841,0.9745454545454545,0.9989060489060488,0.9991213577858299,port_protocol_service_ablation,88,74,14,src_port|dst_port|proto_icmp|proto_tcp|proto_udp|service|service_dce_rpc|service_dns|service_ftp|service_gssapi|service_http|service_smb|service_smb_gssapi|service_ssl,ksf-v4-idsplit::
classical_ext,svc,12,laplacian_med__svc__d12,laplacian_med,id_test,train_cv,100.0,0.9710259261220241,0.004546403884887695,0.9879518072289156,0.9873119686069327,0.9877743408454853,0.989247311827957,0.9997383911052976,0.9997987623886903,port_protocol_service_ablation,88,74,14,src_port|dst_port|proto_icmp|proto_tcp|proto_udp|service|service_dce_rpc|service_dns|service_ftp|service_gssapi|service_http|service_smb|service_smb_gssapi|service_ssl,ksf-v4-idsplit::
classical_ext,svc,12,laplacian_med__svc__d12,laplacian_med,ood_test,train_cv,100.0,0.9710259261220241,0.004546403884887695,0.932,0.932174636706997,0.9319989119825918,0.9317269076305221,0.9848281159976955,0.988380124383325,port_protocol_service_ablation,88,74,14,src_port|dst_port|proto_icmp|proto_tcp|proto_udp|service|service_dce_rpc|service_dns|service_ftp|service_gssapi|service_http|service_smb|service_smb_gssapi|service_ssl,ksf-v4-idsplit::
classical_ext,svc,12,matern15_med__svc__d12,matern15_med,id_val,fixed_c1,1.0,,0.00390625,0.8924302788844621,0.9035714285714286,0.892423448735654,0.8932806324110671,0.982947232947233,0.9898997620209954,port_protocol_service_ablation,88,74,14,src_port|dst_port|proto_icmp|proto_tcp|proto_udp|service|service_dce_rpc|service_dns|service_ftp|service_gssapi|service_http|service_smb|service_smb_gssapi|service_ssl,ksf-v4-idsplit::
classical_ext,svc,12,matern15_med__svc__d12,matern15_med,id_test,fixed_c1,1.0,,0.00390625,0.8995983935742972,0.9100719424460432,0.8995724772122288,0.9011857707509882,0.9644865925441465,0.9795791377555667,port_protocol_service_ablation,88,74,14,src_port|dst_port|proto_icmp|proto_tcp|proto_udp|service|service_dce_rpc|service_dns|service_ftp|service_gssapi|service_http|service_smb|service_smb_gssapi|service_ssl,ksf-v4-idsplit::
classical_ext,svc,12,matern15_med__svc__d12,matern15_med,ood_test,fixed_c1,1.0,,0.00390625,0.902,0.9023269957109019,0.9019964718729874,0.9025844930417495,0.9376480378977019,0.9132900064249392,port_protocol_service_ablation,88,74,14,src_port|dst_port|proto_icmp|proto_tcp|proto_udp|service|service_dce_rpc|service_dns|service_ftp|service_gssapi|service_http|service_smb|service_smb_gssapi|service_ssl,ksf-v4-idsplit::
classical_ext,svc,12,matern15_med__svc__d12,matern15_med,id_val,train_cv,100.0,0.9245097198795509,0.005001544952392578,0.896414342629482,0.9071428571428571,0.8963995427990856,0.8976377952755905,0.9781209781209782,0.9867281580557687,port_protocol_service_ablation,88,74,14,src_port|dst_port|proto_icmp|proto_tcp|proto_udp|service|service_dce_rpc|service_dns|service_ftp|service_gssapi|service_http|service_smb|service_smb_gssapi|service_ssl,ksf-v4-idsplit::
classical_ext,svc,12,matern15_med__svc__d12,matern15_med,id_test,train_cv,100.0,0.9245097198795509,0.005001544952392578,0.8995983935742972,0.9100719424460432,0.8995724772122288,0.9011857707509882,0.9729888816219752,0.9841709940660068,port_protocol_service_ablation,88,74,14,src_port|dst_port|proto_icmp|proto_tcp|proto_udp|service|service_dce_rpc|service_dns|service_ftp|service_gssapi|service_http|service_smb|service_smb_gssapi|service_ssl,ksf-v4-idsplit::
classical_ext,svc,12,matern15_med__svc__d12,matern15_med,ood_test,train_cv,100.0,0.9245097198795509,0.005001544952392578,0.902,0.9023910120990974,0.901990199019902,0.902970297029703,0.9652391012099097,0.967352903580807,port_protocol_service_ablation,88,74,14,src_port|dst_port|proto_icmp|proto_tcp|proto_udp|service|service_dce_rpc|service_dns|service_ftp|service_gssapi|service_http|service_smb|service_smb_gssapi|service_ssl,ksf-v4-idsplit::
classical_ext,svc,12,matern25_med__svc__d12,matern25_med,id_val,fixed_c1,1.0,,0.0059566497802734375,0.8924302788844621,0.9035714285714286,0.892423448735654,0.8932806324110671,0.9927927927927928,0.9953948728026297,port_protocol_service_ablation,88,74,14,src_port|dst_port|proto_icmp|proto_tcp|proto_udp|service|service_dce_rpc|service_dns|service_ftp|service_gssapi|service_http|service_smb|service_smb_gssapi|service_ssl,ksf-v4-idsplit::
classical_ext,svc,12,matern25_med__svc__d12,matern25_med,id_test,fixed_c1,1.0,,0.0059566497802734375,0.8995983935742972,0.9100719424460432,0.8995724772122288,0.9011857707509882,0.9882275997383911,0.9913572088202204,port_protocol_service_ablation,88,74,14,src_port|dst_port|proto_icmp|proto_tcp|proto_udp|service|service_dce_rpc|service_dns|service_ftp|service_gssapi|service_http|service_smb|service_smb_gssapi|service_ssl,ksf-v4-idsplit::
classical_ext,svc,12,matern25_med__svc__d12,matern25_med,ood_test,fixed_c1,1.0,,0.0059566497802734375,0.902,0.9023269957109019,0.9019964718729874,0.9025844930417495,0.9251168299084566,0.886852220698774,port_protocol_service_ablation,88,74,14,src_port|dst_port|proto_icmp|proto_tcp|proto_udp|service|service_dce_rpc|service_dns|service_ftp|service_gssapi|service_http|service_smb|service_smb_gssapi|service_ssl,ksf-v4-idsplit::
classical_ext,svc,12,matern25_med__svc__d12,matern25_med,id_val,train_cv,100.0,0.9224792107061847,0.004999399185180664,0.8924302788844621,0.9035714285714286,0.892423448735654,0.8932806324110671,0.9831402831402832,0.990544797216078,port_protocol_service_ablation,88,74,14,src_port|dst_port|proto_icmp|proto_tcp|proto_udp|service|service_dce_rpc|service_dns|service_ftp|service_gssapi|service_http|service_smb|service_smb_gssapi|service_ssl,ksf-v4-idsplit::
classical_ext,svc,12,matern25_med__svc__d12,matern25_med,id_test,train_cv,100.0,0.9224792107061847,0.004999399185180664,0.8995983935742972,0.9100719424460432,0.8995724772122288,0.9011857707509882,0.968868541530412,0.982453870858879,port_protocol_service_ablation,88,74,14,src_port|dst_port|proto_icmp|proto_tcp|proto_udp|service|service_dce_rpc|service_dns|service_ftp|service_gssapi|service_http|service_smb|service_smb_gssapi|service_ssl,ksf-v4-idsplit::
classical_ext,svc,12,matern25_med__svc__d12,matern25_med,ood_test,train_cv,100.0,0.9224792107061847,0.004999399185180664,0.902,0.9023910120990974,0.901990199019902,0.902970297029703,0.9613821138211381,0.9601824523621779,port_protocol_service_ablation,88,74,14,src_port|dst_port|proto_icmp|proto_tcp|proto_udp|service|service_dce_rpc|service_dns|service_ftp|service_gssapi|service_http|service_smb|service_smb_gssapi|service_ssl,ksf-v4-idsplit::
classical_ext,svc,12,rbf_gscale_x0.1__svc__d12,rbf_gscale_x0.1,id_val,fixed_c1,1.0,,0.006510734558105469,0.8924302788844621,0.9035714285714286,0.892423448735654,0.8932806324110671,0.9166666666666667,0.9538758168500021,port_protocol_service_ablation,88,74,14,src_port|dst_port|proto_icmp|proto_tcp|proto_udp|service|service_dce_rpc|service_dns|service_ftp|service_gssapi|service_http|service_smb|service_smb_gssapi|service_ssl,ksf-v4-idsplit::
classical_ext,svc,12,rbf_gscale_x0.1__svc__d12,rbf_gscale_x0.1,id_test,fixed_c1,1.0,,0.006510734558105469,0.8995983935742972,0.9100719424460432,0.8995724772122288,0.9011857707509882,0.9319816873773709,0.9606459613610508,port_protocol_service_ablation,88,74,14,src_port|dst_port|proto_icmp|proto_tcp|proto_udp|service|service_dce_rpc|service_dns|service_ftp|service_gssapi|service_http|service_smb|service_smb_gssapi|service_ssl,ksf-v4-idsplit::
classical_ext,svc,12,rbf_gscale_x0.1__svc__d12,rbf_gscale_x0.1,ood_test,fixed_c1,1.0,,0.006510734558105469,0.774,0.7714774982395494,0.7672742251055504,0.727710843373494,0.8984860124191794,0.8929028203088984,port_protocol_service_ablation,88,74,14,src_port|dst_port|proto_icmp|proto_tcp|proto_udp|service|service_dce_rpc|service_dns|service_ftp|service_gssapi|service_http|service_smb|service_smb_gssapi|service_ssl,ksf-v4-idsplit::
classical_ext,svc,12,rbf_gscale_x0.1__svc__d12,rbf_gscale_x0.1,id_val,train_cv,100.0,0.9214691096960836,0.0040013790130615234,0.8924302788844621,0.9035714285714286,0.892423448735654,0.8932806324110671,0.9815315315315315,0.9892923821103105,port_protocol_service_ablation,88,74,14,src_port|dst_port|proto_icmp|proto_tcp|proto_udp|service|service_dce_rpc|service_dns|service_ftp|service_gssapi|service_http|service_smb|service_smb_gssapi|service_ssl,ksf-v4-idsplit::
classical_ext,svc,12,rbf_gscale_x0.1__svc__d12,rbf_gscale_x0.1,id_test,train_cv,100.0,0.9214691096960836,0.0040013790130615234,0.8995983935742972,0.9100719424460432,0.8995724772122288,0.9011857707509882,0.985611510791367,0.9922554078890148,port_protocol_service_ablation,88,74,14,src_port|dst_port|proto_icmp|proto_tcp|proto_udp|service|service_dce_rpc|service_dns|service_ftp|service_gssapi|service_http|service_smb|service_smb_gssapi|service_ssl,ksf-v4-idsplit::
classical_ext,svc,12,rbf_gscale_x0.1__svc__d12,rbf_gscale_x0.1,ood_test,train_cv,100.0,0.9214691096960836,0.0040013790130615234,0.904,0.9043595160361053,0.9039938556067588,0.9047619047619048,0.9426733243710389,0.9346097132881346,port_protocol_service_ablation,88,74,14,src_port|dst_port|proto_icmp|proto_tcp|proto_udp|service|service_dce_rpc|service_dns|service_ftp|service_gssapi|service_http|service_smb|service_smb_gssapi|service_ssl,ksf-v4-idsplit::
classical_ext,svc,12,rbf_gscale_x0.3__svc__d12,rbf_gscale_x0.3,id_val,fixed_c1,1.0,,0.003999471664428711,0.8924302788844621,0.9035714285714286,0.892423448735654,0.8932806324110671,0.9819819819819819,0.9891547673791633,port_protocol_service_ablation,88,74,14,src_port|dst_port|proto_icmp|proto_tcp|proto_udp|service|service_dce_rpc|service_dns|service_ftp|service_gssapi|service_http|service_smb|service_smb_gssapi|service_ssl,ksf-v4-idsplit::
classical_ext,svc,12,rbf_gscale_x0.3__svc__d12,rbf_gscale_x0.3,id_test,fixed_c1,1.0,,0.003999471664428711,0.8995983935742972,0.9100719424460432,0.8995724772122288,0.9011857707509882,0.9809025506867234,0.9877705809465811,port_protocol_service_ablation,88,74,14,src_port|dst_port|proto_icmp|proto_tcp|proto_udp|service|service_dce_rpc|service_dns|service_ftp|service_gssapi|service_http|service_smb|service_smb_gssapi|service_ssl,ksf-v4-idsplit::
classical_ext,svc,12,rbf_gscale_x0.3__svc__d12,rbf_gscale_x0.3,ood_test,fixed_c1,1.0,,0.003999471664428711,0.874,0.8731675308879073,0.8734487427233026,0.8650963597430407,0.9381601690032648,0.929996352366658,port_protocol_service_ablation,88,74,14,src_port|dst_port|proto_icmp|proto_tcp|proto_udp|service|service_dce_rpc|service_dns|service_ftp|service_gssapi|service_http|service_smb|service_smb_gssapi|service_ssl,ksf-v4-idsplit::
classical_ext,svc,12,rbf_gscale_x0.3__svc__d12,rbf_gscale_x0.3,id_val,train_cv,100.0,0.9214691096960836,0.006005764007568359,0.8924302788844621,0.9035714285714286,0.892423448735654,0.8932806324110671,0.987001287001287,0.9924992563252417,port_protocol_service_ablation,88,74,14,src_port|dst_port|proto_icmp|proto_tcp|proto_udp|service|service_dce_rpc|service_dns|service_ftp|service_gssapi|service_http|service_smb|service_smb_gssapi|service_ssl,ksf-v4-idsplit::
classical_ext,svc,12,rbf_gscale_x0.3__svc__d12,rbf_gscale_x0.3,id_test,train_cv,100.0,0.9214691096960836,0.006005764007568359,0.8995983935742972,0.9100719424460432,0.8995724772122288,0.9011857707509882,0.969522563767168,0.9827101509742129,port_protocol_service_ablation,88,74,14,src_port|dst_port|proto_icmp|proto_tcp|proto_udp|service|service_dce_rpc|service_dns|service_ftp|service_gssapi|service_http|service_smb|service_smb_gssapi|service_ssl,ksf-v4-idsplit::
classical_ext,svc,12,rbf_gscale_x0.3__svc__d12,rbf_gscale_x0.3,ood_test,train_cv,100.0,0.9214691096960836,0.006005764007568359,0.902,0.9023910120990974,0.901990199019902,0.902970297029703,0.9611580564624543,0.9666352430447567,port_protocol_service_ablation,88,74,14,src_port|dst_port|proto_icmp|proto_tcp|proto_udp|service|service_dce_rpc|service_dns|service_ftp|service_gssapi|service_http|service_smb|service_smb_gssapi|service_ssl,ksf-v4-idsplit::
classical_ext,svc,12,rbf_gscale_x3__svc__d12,rbf_gscale_x3,id_val,fixed_c1,1.0,,0.003423452377319336,0.8924302788844621,0.9035714285714286,0.892423448735654,0.8932806324110671,0.9737451737451737,0.9847051664266291,port_protocol_service_ablation,88,74,14,src_port|dst_port|proto_icmp|proto_tcp|proto_udp|service|service_dce_rpc|service_dns|service_ftp|service_gssapi|service_http|service_smb|service_smb_gssapi|service_ssl,ksf-v4-idsplit::
classical_ext,svc,12,rbf_gscale_x3__svc__d12,rbf_gscale_x3,id_test,fixed_c1,1.0,,0.003423452377319336,0.8995983935742972,0.9100719424460432,0.8995724772122288,0.9011857707509882,0.9680837148463048,0.9822226785004153,port_protocol_service_ablation,88,74,14,src_port|dst_port|proto_icmp|proto_tcp|proto_udp|service|service_dce_rpc|service_dns|service_ftp|service_gssapi|service_http|service_smb|service_smb_gssapi|service_ssl,ksf-v4-idsplit::
classical_ext,svc,12,rbf_gscale_x3__svc__d12,rbf_gscale_x3,ood_test,fixed_c1,1.0,,0.003423452377319336,0.902,0.9023269957109019,0.9019964718729874,0.9025844930417495,0.9441617053965815,0.9311037974817635,port_protocol_service_ablation,88,74,14,src_port|dst_port|proto_icmp|proto_tcp|proto_udp|service|service_dce_rpc|service_dns|service_ftp|service_gssapi|service_http|service_smb|service_smb_gssapi|service_ssl,ksf-v4-idsplit::
classical_ext,svc,12,rbf_gscale_x3__svc__d12,rbf_gscale_x3,id_val,train_cv,100.0,0.9245400290329153,0.006888866424560547,0.9083665338645418,0.9178571428571429,0.9083141427777337,0.9105058365758755,0.962934362934363,0.9795545399850792,port_protocol_service_ablation,88,74,14,src_port|dst_port|proto_icmp|proto_tcp|proto_udp|service|service_dce_rpc|service_dns|service_ftp|service_gssapi|service_http|service_smb|service_smb_gssapi|service_ssl,ksf-v4-idsplit::
classical_ext,svc,12,rbf_gscale_x3__svc__d12,rbf_gscale_x3,id_test,train_cv,100.0,0.9245400290329153,0.006888866424560547,0.9236947791164659,0.9316546762589928,0.9235715093455679,0.9266409266409267,0.95892740353172,0.9776546348992792,port_protocol_service_ablation,88,74,14,src_port|dst_port|proto_icmp|proto_tcp|proto_udp|service|service_dce_rpc|service_dns|service_ftp|service_gssapi|service_http|service_smb|service_smb_gssapi|service_ssl,ksf-v4-idsplit::
classical_ext,svc,12,rbf_gscale_x3__svc__d12,rbf_gscale_x3,ood_test,train_cv,100.0,0.9245400290329153,0.006888866424560547,0.902,0.9023269957109019,0.9019964718729874,0.9025844930417495,0.9511875040010241,0.945674913761141,port_protocol_service_ablation,88,74,14,src_port|dst_port|proto_icmp|proto_tcp|proto_udp|service|service_dce_rpc|service_dns|service_ftp|service_gssapi|service_http|service_smb|service_smb_gssapi|service_ssl,ksf-v4-idsplit::
classical_ext,svc,12,rbf_gscale_x10__svc__d12,rbf_gscale_x10,id_val,fixed_c1,1.0,,0.004593849182128906,0.8924302788844621,0.9035714285714286,0.892423448735654,0.8932806324110671,0.9435006435006436,0.9724382963427068,port_protocol_service_ablation,88,74,14,src_port|dst_port|proto_icmp|proto_tcp|proto_udp|service|service_dce_rpc|service_dns|service_ftp|service_gssapi|service_http|service_smb|service_smb_gssapi|service_ssl,ksf-v4-idsplit::
classical_ext,svc,12,rbf_gscale_x10__svc__d12,rbf_gscale_x10,id_test,fixed_c1,1.0,,0.004593849182128906,0.8995983935742972,0.9100719424460432,0.8995724772122288,0.9011857707509882,0.9413996075866579,0.9710755059143436,port_protocol_service_ablation,88,74,14,src_port|dst_port|proto_icmp|proto_tcp|proto_udp|service|service_dce_rpc|service_dns|service_ftp|service_gssapi|service_http|service_smb|service_smb_gssapi|service_ssl,ksf-v4-idsplit::
classical_ext,svc,12,rbf_gscale_x10__svc__d12,rbf_gscale_x10,ood_test,fixed_c1,1.0,,0.004593849182128906,0.902,0.9023269957109019,0.9019964718729874,0.9025844930417495,0.9392004353114397,0.9012828749287484,port_protocol_service_ablation,88,74,14,src_port|dst_port|proto_icmp|proto_tcp|proto_udp|service|service_dce_rpc|service_dns|service_ftp|service_gssapi|service_http|service_smb|service_smb_gssapi|service_ssl,ksf-v4-idsplit::
classical_ext,svc,12,rbf_gscale_x10__svc__d12,rbf_gscale_x10,id_val,train_cv,100.0,0.9336109361236243,0.00799870491027832,0.9163346613545816,0.925,0.9162495829162496,0.918918918918919,0.9932432432432433,0.9949687345013783,port_protocol_service_ablation,88,74,14,src_port|dst_port|proto_icmp|proto_tcp|proto_udp|service|service_dce_rpc|service_dns|service_ftp|service_gssapi|service_http|service_smb|service_smb_gssapi|service_ssl,ksf-v4-idsplit::
classical_ext,svc,12,rbf_gscale_x10__svc__d12,rbf_gscale_x10,id_test,train_cv,100.0,0.9336109361236243,0.00799870491027832,0.927710843373494,0.935251798561151,0.9275694893341953,0.9307692307692308,0.9954218443427078,0.9964030449487126,port_protocol_service_ablation,88,74,14,src_port|dst_port|proto_icmp|proto_tcp|proto_udp|service|service_dce_rpc|service_dns|service_ftp|service_gssapi|service_http|service_smb|service_smb_gssapi|service_ssl,ksf-v4-idsplit::
classical_ext,svc,12,rbf_gscale_x10__svc__d12,rbf_gscale_x10,ood_test,train_cv,100.0,0.9336109361236243,0.00799870491027832,0.902,0.9023269957109019,0.9019964718729874,0.9025844930417495,0.9362396773574035,0.9079856471894587,port_protocol_service_ablation,88,74,14,src_port|dst_port|proto_icmp|proto_tcp|proto_udp|service|service_dce_rpc|service_dns|service_ftp|service_gssapi|service_http|service_smb|service_smb_gssapi|service_ssl,ksf-v4-idsplit::
classical_ext,svc,12,laplacian_med_x0.1__svc__d12,laplacian_med_x0.1,id_val,fixed_c1,1.0,,0.003909587860107422,0.9601593625498008,0.9633526383526383,0.9598785166240409,0.9632352941176471,0.9972972972972973,0.997866896629608,port_protocol_service_ablation,88,74,14,src_port|dst_port|proto_icmp|proto_tcp|proto_udp|service|service_dce_rpc|service_dns|service_ftp|service_gssapi|service_http|service_smb|service_smb_gssapi|service_ssl,ksf-v4-idsplit::
classical_ext,svc,12,laplacian_med_x0.1__svc__d12,laplacian_med_x0.1,id_test,fixed_c1,1.0,,0.003909587860107422,0.963855421686747,0.9676258992805755,0.96362072044285,0.966542750929368,0.9981033355134075,0.998495303808471,port_protocol_service_ablation,88,74,14,src_port|dst_port|proto_icmp|proto_tcp|proto_udp|service|service_dce_rpc|service_dns|service_ftp|service_gssapi|service_http|service_smb|service_smb_gssapi|service_ssl,ksf-v4-idsplit::
classical_ext,svc,12,laplacian_med_x0.1__svc__d12,laplacian_med_x0.1,ood_test,fixed_c1,1.0,,0.003909587860107422,0.912,0.9124895973369183,0.9119774662313552,0.9133858267716536,0.9794347352922349,0.9724144937204946,port_protocol_service_ablation,88,74,14,src_port|dst_port|proto_icmp|proto_tcp|proto_udp|service|service_dce_rpc|service_dns|service_ftp|service_gssapi|service_http|service_smb|service_smb_gssapi|service_ssl,ksf-v4-idsplit::
classical_ext,svc,12,laplacian_med_x0.1__svc__d12,laplacian_med_x0.1,id_val,train_cv,100.0,0.9769568133283917,0.0035126209259033203,0.9721115537848606,0.9740669240669241,0.9718542250700841,0.9745454545454545,0.9985842985842986,0.9988815894832946,port_protocol_service_ablation,88,74,14,src_port|dst_port|proto_icmp|proto_tcp|proto_udp|service|service_dce_rpc|service_dns|service_ftp|service_gssapi|service_http|service_smb|service_smb_gssapi|service_ssl,ksf-v4-idsplit::
classical_ext,svc,12,laplacian_med_x0.1__svc__d12,laplacian_med_x0.1,id_test,train_cv,100.0,0.9769568133283917,0.0035126209259033203,0.9879518072289156,0.9873119686069327,0.9877743408454853,0.989247311827957,0.999672988881622,0.9997501998401277,port_protocol_service_ablation,88,74,14,src_port|dst_port|proto_icmp|proto_tcp|proto_udp|service|service_dce_rpc|service_dns|service_ftp|service_gssapi|service_http|service_smb|service_smb_gssapi|service_ssl,ksf-v4-idsplit::
classical_ext,svc,12,laplacian_med_x0.1__svc__d12,laplacian_med_x0.1,ood_test,train_cv,100.0,0.9769568133283917,0.0035126209259033203,0.952,0.9518596760770757,0.9519723360655737,0.9508196721311475,0.9887491197746623,0.9862238058374623,port_protocol_service_ablation,88,74,14,src_port|dst_port|proto_icmp|proto_tcp|proto_udp|service|service_dce_rpc|service_dns|service_ftp|service_gssapi|service_http|service_smb|service_smb_gssapi|service_ssl,ksf-v4-idsplit::
classical_ext,svc,12,laplacian_med_x0.3__svc__d12,laplacian_med_x0.3,id_val,fixed_c1,1.0,,0.004999876022338867,0.9083665338645418,0.9178571428571429,0.9083141427777337,0.9105058365758755,0.9972972972972973,0.997866896629608,port_protocol_service_ablation,88,74,14,src_port|dst_port|proto_icmp|proto_tcp|proto_udp|service|service_dce_rpc|service_dns|service_ftp|service_gssapi|service_http|service_smb|service_smb_gssapi|service_ssl,ksf-v4-idsplit::
classical_ext,svc,12,laplacian_med_x0.3__svc__d12,laplacian_med_x0.3,id_test,fixed_c1,1.0,,0.004999876022338867,0.9236947791164659,0.9316546762589928,0.9235715093455679,0.9266409266409267,0.997514715500327,0.998007989897844,port_protocol_service_ablation,88,74,14,src_port|dst_port|proto_icmp|proto_tcp|proto_udp|service|service_dce_rpc|service_dns|service_ftp|service_gssapi|service_http|service_smb|service_smb_gssapi|service_ssl,ksf-v4-idsplit::
classical_ext,svc,12,laplacian_med_x0.3__svc__d12,laplacian_med_x0.3,ood_test,fixed_c1,1.0,,0.004999876022338867,0.902,0.9023269957109019,0.9019964718729874,0.9025844930417495,0.9797068049420651,0.9765477860786589,port_protocol_service_ablation,88,74,14,src_port|dst_port|proto_icmp|proto_tcp|proto_udp|service|service_dce_rpc|service_dns|service_ftp|service_gssapi|service_http|service_smb|service_smb_gssapi|service_ssl,ksf-v4-idsplit::
classical_ext,svc,12,laplacian_med_x0.3__svc__d12,laplacian_med_x0.3,id_val,train_cv,100.0,0.9749966173087898,0.003880739212036133,0.9721115537848606,0.9740669240669241,0.9718542250700841,0.9745454545454545,0.9986486486486488,0.9989355490978788,port_protocol_service_ablation,88,74,14,src_port|dst_port|proto_icmp|proto_tcp|proto_udp|service|service_dce_rpc|service_dns|service_ftp|service_gssapi|service_http|service_smb|service_smb_gssapi|service_ssl,ksf-v4-idsplit::
classical_ext,svc,12,laplacian_med_x0.3__svc__d12,laplacian_med_x0.3,id_test,train_cv,100.0,0.9749966173087898,0.003880739212036133,0.9879518072289156,0.9873119686069327,0.9877743408454853,0.989247311827957,0.9996729888816219,0.9997501998401277,port_protocol_service_ablation,88,74,14,src_port|dst_port|proto_icmp|proto_tcp|proto_udp|service|service_dce_rpc|service_dns|service_ftp|service_gssapi|service_http|service_smb|service_smb_gssapi|service_ssl,ksf-v4-idsplit::
classical_ext,svc,12,laplacian_med_x0.3__svc__d12,laplacian_med_x0.3,ood_test,train_cv,100.0,0.9749966173087898,0.003880739212036133,0.956,0.9558607003392868,0.9559746413934427,0.9549180327868853,0.9897733819857883,0.9913375293994979,port_protocol_service_ablation,88,74,14,src_port|dst_port|proto_icmp|proto_tcp|proto_udp|service|service_dce_rpc|service_dns|service_ftp|service_gssapi|service_http|service_smb|service_smb_gssapi|service_ssl,ksf-v4-idsplit::
classical_ext,svc,12,laplacian_med_x3__svc__d12,laplacian_med_x3,id_val,fixed_c1,1.0,,0.004555702209472656,0.8924302788844621,0.9035714285714286,0.892423448735654,0.8932806324110671,0.9965894465894467,0.9972309418571828,port_protocol_service_ablation,88,74,14,src_port|dst_port|proto_icmp|proto_tcp|proto_udp|service|service_dce_rpc|service_dns|service_ftp|service_gssapi|service_http|service_smb|service_smb_gssapi|service_ssl,ksf-v4-idsplit::
classical_ext,svc,12,laplacian_med_x3__svc__d12,laplacian_med_x3,id_test,fixed_c1,1.0,,0.004555702209472656,0.8995983935742972,0.9100719424460432,0.8995724772122288,0.9011857707509882,0.9967952910398954,0.9973682373505607,port_protocol_service_ablation,88,74,14,src_port|dst_port|proto_icmp|proto_tcp|proto_udp|service|service_dce_rpc|service_dns|service_ftp|service_gssapi|service_http|service_smb|service_smb_gssapi|service_ssl,ksf-v4-idsplit::
classical_ext,svc,12,laplacian_med_x3__svc__d12,laplacian_med_x3,ood_test,fixed_c1,1.0,,0.004555702209472656,0.896,0.8964855002880738,0.8959733691825107,0.8976377952755905,0.9606779335509891,0.9363976152009948,port_protocol_service_ablation,88,74,14,src_port|dst_port|proto_icmp|proto_tcp|proto_udp|service|service_dce_rpc|service_dns|service_ftp|service_gssapi|service_http|service_smb|service_smb_gssapi|service_ssl,ksf-v4-idsplit::
classical_ext,svc,12,laplacian_med_x3__svc__d12,laplacian_med_x3,id_val,train_cv,100.0,0.9578842938315439,0.003999948501586914,0.9601593625498008,0.9633526383526383,0.9598785166240409,0.9632352941176471,0.9987129987129987,0.998962100557976,port_protocol_service_ablation,88,74,14,src_port|dst_port|proto_icmp|proto_tcp|proto_udp|service|service_dce_rpc|service_dns|service_ftp|service_gssapi|service_http|service_smb|service_smb_gssapi|service_ssl,ksf-v4-idsplit::
classical_ext,svc,12,laplacian_med_x3__svc__d12,laplacian_med_x3,id_test,train_cv,100.0,0.9578842938315439,0.003999948501586914,0.963855421686747,0.9676258992805755,0.96362072044285,0.966542750929368,0.9998037933289732,0.9998480089168101,port_protocol_service_ablation,88,74,14,src_port|dst_port|proto_icmp|proto_tcp|proto_udp|service|service_dce_rpc|service_dns|service_ftp|service_gssapi|service_http|service_smb|service_smb_gssapi|service_ssl,ksf-v4-idsplit::
classical_ext,svc,12,laplacian_med_x3__svc__d12,laplacian_med_x3,ood_test,train_cv,100.0,0.9578842938315439,0.003999948501586914,0.928,0.9283016452211766,0.9279988479815677,0.9282868525896414,0.9794827475833815,0.9848345492946357,port_protocol_service_ablation,88,74,14,src_port|dst_port|proto_icmp|proto_tcp|proto_udp|service|service_dce_rpc|service_dns|service_ftp|service_gssapi|service_http|service_smb|service_smb_gssapi|service_ssl,ksf-v4-idsplit::
classical_ext,svc,12,laplacian_med_x10__svc__d12,laplacian_med_x10,id_val,fixed_c1,1.0,,0.005000114440917969,0.8924302788844621,0.9035714285714286,0.892423448735654,0.8932806324110671,0.9918275418275418,0.9933882718110358,port_protocol_service_ablation,88,74,14,src_port|dst_port|proto_icmp|proto_tcp|proto_udp|service|service_dce_rpc|service_dns|service_ftp|service_gssapi|service_http|service_smb|service_smb_gssapi|service_ssl,ksf-v4-idsplit::
classical_ext,svc,12,laplacian_med_x10__svc__d12,laplacian_med_x10,id_test,fixed_c1,1.0,,0.005000114440917969,0.8995983935742972,0.9100719424460432,0.8995724772122288,0.9011857707509882,0.9940483976455199,0.9950636554174984,port_protocol_service_ablation,88,74,14,src_port|dst_port|proto_icmp|proto_tcp|proto_udp|service|service_dce_rpc|service_dns|service_ftp|service_gssapi|service_http|service_smb|service_smb_gssapi|service_ssl,ksf-v4-idsplit::
classical_ext,svc,12,laplacian_med_x10__svc__d12,laplacian_med_x10,ood_test,fixed_c1,1.0,,0.005000114440917969,0.89,0.8905159720888547,0.8899643484488975,0.8919449901768173,0.9362396773574035,0.9096814569571461,port_protocol_service_ablation,88,74,14,src_port|dst_port|proto_icmp|proto_tcp|proto_udp|service|service_dce_rpc|service_dns|service_ftp|service_gssapi|service_http|service_smb|service_smb_gssapi|service_ssl,ksf-v4-idsplit::
classical_ext,svc,12,laplacian_med_x10__svc__d12,laplacian_med_x10,id_val,train_cv,100.0,0.9366612531601298,0.0034410953521728516,0.9601593625498008,0.9633526383526383,0.9598785166240409,0.9632352941176471,0.9985199485199485,0.9988012665830097,port_protocol_service_ablation,88,74,14,src_port|dst_port|proto_icmp|proto_tcp|proto_udp|service|service_dce_rpc|service_dns|service_ftp|service_gssapi|service_http|service_smb|service_smb_gssapi|service_ssl,ksf-v4-idsplit::
classical_ext,svc,12,laplacian_med_x10__svc__d12,laplacian_med_x10,id_test,train_cv,100.0,0.9366612531601298,0.0034410953521728516,0.963855421686747,0.9676258992805755,0.96362072044285,0.966542750929368,0.9992805755395683,0.999423538623408,port_protocol_service_ablation,88,74,14,src_port|dst_port|proto_icmp|proto_tcp|proto_udp|service|service_dce_rpc|service_dns|service_ftp|service_gssapi|service_http|service_smb|service_smb_gssapi|service_ssl,ksf-v4-idsplit::
classical_ext,svc,12,laplacian_med_x10__svc__d12,laplacian_med_x10,ood_test,train_cv,100.0,0.9366612531601298,0.0034410953521728516,0.914,0.9145221176621214,0.9139721269691381,0.9155206286836935,0.9772101658024455,0.9751522993706301,port_protocol_service_ablation,88,74,14,src_port|dst_port|proto_icmp|proto_tcp|proto_udp|service|service_dce_rpc|service_dns|service_ftp|service_gssapi|service_http|service_smb|service_smb_gssapi|service_ssl,ksf-v4-idsplit::
classical_ext,svc,12,matern15_med_x0.1__svc__d12,matern15_med_x0.1,id_val,fixed_c1,1.0,,0.003999471664428711,0.896414342629482,0.9071428571428571,0.8963995427990856,0.8976377952755905,0.9626126126126127,0.9787490357385669,port_protocol_service_ablation,88,74,14,src_port|dst_port|proto_icmp|proto_tcp|proto_udp|service|service_dce_rpc|service_dns|service_ftp|service_gssapi|service_http|service_smb|service_smb_gssapi|service_ssl,ksf-v4-idsplit::
classical_ext,svc,12,matern15_med_x0.1__svc__d12,matern15_med_x0.1,id_test,fixed_c1,1.0,,0.003999471664428711,0.8995983935742972,0.9100719424460432,0.8995724772122288,0.9011857707509882,0.9530412034009157,0.9751679742177574,port_protocol_service_ablation,88,74,14,src_port|dst_port|proto_icmp|proto_tcp|proto_udp|service|service_dce_rpc|service_dns|service_ftp|service_gssapi|service_http|service_smb|service_smb_gssapi|service_ssl,ksf-v4-idsplit::
classical_ext,svc,12,matern15_med_x0.1__svc__d12,matern15_med_x0.1,ood_test,fixed_c1,1.0,,0.003999471664428711,0.9,0.9002944753856987,0.8999983999743996,0.900398406374502,0.9597176877280584,0.9339147060728585,port_protocol_service_ablation,88,74,14,src_port|dst_port|proto_icmp|proto_tcp|proto_udp|service|service_dce_rpc|service_dns|service_ftp|service_gssapi|service_http|service_smb|service_smb_gssapi|service_ssl,ksf-v4-idsplit::
classical_ext,svc,12,matern15_med_x0.1__svc__d12,matern15_med_x0.1,id_val,train_cv,100.0,0.9578442898311439,0.004007101058959961,0.9601593625498008,0.9633526383526383,0.9598785166240409,0.9632352941176471,0.975933075933076,0.9869678711228955,port_protocol_service_ablation,88,74,14,src_port|dst_port|proto_icmp|proto_tcp|proto_udp|service|service_dce_rpc|service_dns|service_ftp|service_gssapi|service_http|service_smb|service_smb_gssapi|service_ssl,ksf-v4-idsplit::
classical_ext,svc,12,matern15_med_x0.1__svc__d12,matern15_med_x0.1,id_test,train_cv,100.0,0.9578442898311439,0.004007101058959961,0.963855421686747,0.9676258992805755,0.96362072044285,0.966542750929368,0.9924787442773054,0.9954170014273477,port_protocol_service_ablation,88,74,14,src_port|dst_port|proto_icmp|proto_tcp|proto_udp|service|service_dce_rpc|service_dns|service_ftp|service_gssapi|service_http|service_smb|service_smb_gssapi|service_ssl,ksf-v4-idsplit::
classical_ext,svc,12,matern15_med_x0.1__svc__d12,matern15_med_x0.1,ood_test,train_cv,100.0,0.9578442898311439,0.004007101058959961,0.93,0.9302701491581845,0.9299997199988801,0.9301397205588823,0.9733851866077715,0.9723642439049851,port_protocol_service_ablation,88,74,14,src_port|dst_port|proto_icmp|proto_tcp|proto_udp|service|service_dce_rpc|service_dns|service_ftp|service_gssapi|service_http|service_smb|service_smb_gssapi|service_ssl,ksf-v4-idsplit::
classical_ext,svc,12,matern15_med_x0.3__svc__d12,matern15_med_x0.3,id_val,fixed_c1,1.0,,0.005009651184082031,0.8924302788844621,0.9035714285714286,0.892423448735654,0.8932806324110671,0.9612612612612612,0.979951509228969,port_protocol_service_ablation,88,74,14,src_port|dst_port|proto_icmp|proto_tcp|proto_udp|service|service_dce_rpc|service_dns|service_ftp|service_gssapi|service_http|service_smb|service_smb_gssapi|service_ssl,ksf-v4-idsplit::
classical_ext,svc,12,matern15_med_x0.3__svc__d12,matern15_med_x0.3,id_test,fixed_c1,1.0,,0.005009651184082031,0.8995983935742972,0.9100719424460432,0.8995724772122288,0.9011857707509882,0.9594506213211249,0.9794416115687672,port_protocol_service_ablation,88,74,14,src_port|dst_port|proto_icmp|proto_tcp|proto_udp|service|service_dce_rpc|service_dns|service_ftp|service_gssapi|service_http|service_smb|service_smb_gssapi|service_ssl,ksf-v4-idsplit::
classical_ext,svc,12,matern15_med_x0.3__svc__d12,matern15_med_x0.3,ood_test,fixed_c1,1.0,,0.005009651184082031,0.902,0.9023269957109019,0.9019964718729874,0.9025844930417495,0.9365117470072338,0.9026983265336399,port_protocol_service_ablation,88,74,14,src_port|dst_port|proto_icmp|proto_tcp|proto_udp|service|service_dce_rpc|service_dns|service_ftp|service_gssapi|service_http|service_smb|service_smb_gssapi|service_ssl,ksf-v4-idsplit::
classical_ext,svc,12,matern15_med_x0.3__svc__d12,matern15_med_x0.3,id_val,train_cv,100.0,0.9366212371537275,0.005571126937866211,0.9163346613545816,0.925,0.9162495829162496,0.918918918918919,0.9700772200772201,0.9831598813672476,port_protocol_service_ablation,88,74,14,src_port|dst_port|proto_icmp|proto_tcp|proto_udp|service|service_dce_rpc|service_dns|service_ftp|service_gssapi|service_http|service_smb|service_smb_gssapi|service_ssl,ksf-v4-idsplit::
classical_ext,svc,12,matern15_med_x0.3__svc__d12,matern15_med_x0.3,id_test,train_cv,100.0,0.9366212371537275,0.005571126937866211,0.9317269076305221,0.9388489208633093,0.9315679712886173,0.9348659003831418,0.9705689993459776,0.9841048791394003,port_protocol_service_ablation,88,74,14,src_port|dst_port|proto_icmp|proto_tcp|proto_udp|service|service_dce_rpc|service_dns|service_ftp|service_gssapi|service_http|service_smb|service_smb_gssapi|service_ssl,ksf-v4-idsplit::
classical_ext,svc,12,matern15_med_x0.3__svc__d12,matern15_med_x0.3,ood_test,train_cv,100.0,0.9366212371537275,0.005571126937866211,0.902,0.9023910120990974,0.901990199019902,0.902970297029703,0.9587894500992254,0.9500720156915294,port_protocol_service_ablation,88,74,14,src_port|dst_port|proto_icmp|proto_tcp|proto_udp|service|service_dce_rpc|service_dns|service_ftp|service_gssapi|service_http|service_smb|service_smb_gssapi|service_ssl,ksf-v4-idsplit::
classical_ext,svc,12,matern15_med_x3__svc__d12,matern15_med_x3,id_val,fixed_c1,1.0,,0.0049343109130859375,0.8924302788844621,0.9035714285714286,0.892423448735654,0.8932806324110671,0.9171814671814672,0.9542821482932282,port_protocol_service_ablation,88,74,14,src_port|dst_port|proto_icmp|proto_tcp|proto_udp|service|service_dce_rpc|service_dns|service_ftp|service_gssapi|service_http|service_smb|service_smb_gssapi|service_ssl,ksf-v4-idsplit::
classical_ext,svc,12,matern15_med_x3__svc__d12,matern15_med_x3,id_test,fixed_c1,1.0,,0.0049343109130859375,0.8995983935742972,0.9100719424460432,0.8995724772122288,0.9011857707509882,0.9343361674296926,0.9625433323806508,port_protocol_service_ablation,88,74,14,src_port|dst_port|proto_icmp|proto_tcp|proto_udp|service|service_dce_rpc|service_dns|service_ftp|service_gssapi|service_http|service_smb|service_smb_gssapi|service_ssl,ksf-v4-idsplit::
classical_ext,svc,12,matern15_med_x3__svc__d12,matern15_med_x3,ood_test,fixed_c1,1.0,,0.0049343109130859375,0.774,0.7714774982395494,0.7672742251055504,0.727710843373494,0.8918443121439089,0.8603295602776215,port_protocol_service_ablation,88,74,14,src_port|dst_port|proto_icmp|proto_tcp|proto_udp|service|service_dce_rpc|service_dns|service_ftp|service_gssapi|service_http|service_smb|service_smb_gssapi|service_ssl,ksf-v4-idsplit::
classical_ext,svc,12,matern15_med_x3__svc__d12,matern15_med_x3,id_val,train_cv,100.0,0.9214691096960836,0.0045223236083984375,0.8924302788844621,0.9035714285714286,0.892423448735654,0.8932806324110671,0.9727155727155727,0.9841398839718747,port_protocol_service_ablation,88,74,14,src_port|dst_port|proto_icmp|proto_tcp|proto_udp|service|service_dce_rpc|service_dns|service_ftp|service_gssapi|service_http|service_smb|service_smb_gssapi|service_ssl,ksf-v4-idsplit::
classical_ext,svc,12,matern15_med_x3__svc__d12,matern15_med_x3,id_test,train_cv,100.0,0.9214691096960836,0.0045223236083984375,0.8995983935742972,0.9100719424460432,0.8995724772122288,0.9011857707509882,0.9601700457815565,0.978095654175542,port_protocol_service_ablation,88,74,14,src_port|dst_port|proto_icmp|proto_tcp|proto_udp|service|service_dce_rpc|service_dns|service_ftp|service_gssapi|service_http|service_smb|service_smb_gssapi|service_ssl,ksf-v4-idsplit::
classical_ext,svc,12,matern15_med_x3__svc__d12,matern15_med_x3,ood_test,train_cv,100.0,0.9214691096960836,0.0045223236083984375,0.904,0.9043595160361053,0.9039938556067588,0.9047619047619048,0.9584373599641509,0.9601600406920652,port_protocol_service_ablation,88,74,14,src_port|dst_port|proto_icmp|proto_tcp|proto_udp|service|service_dce_rpc|service_dns|service_ftp|service_gssapi|service_http|service_smb|service_smb_gssapi|service_ssl,ksf-v4-idsplit::
classical_ext,svc,12,matern15_med_x10__svc__d12,matern15_med_x10,id_val,fixed_c1,1.0,,0.008537530899047852,0.8247011952191236,0.8092664092664092,0.8151693667157585,0.8571428571428571,0.9456241956241956,0.9628401557759951,port_protocol_service_ablation,88,74,14,src_port|dst_port|proto_icmp|proto_tcp|proto_udp|service|service_dce_rpc|service_dns|service_ftp|service_gssapi|service_http|service_smb|service_smb_gssapi|service_ssl,ksf-v4-idsplit::
classical_ext,svc,12,matern15_med_x10__svc__d12,matern15_med_x10,id_test,fixed_c1,1.0,,0.008537530899047852,0.8554216867469879,0.842053629823414,0.8485606162994999,0.8807947019867549,0.9666448659254415,0.9757079028976638,port_protocol_service_ablation,88,74,14,src_port|dst_port|proto_icmp|proto_tcp|proto_udp|service|service_dce_rpc|service_dns|service_ftp|service_gssapi|service_http|service_smb|service_smb_gssapi|service_ssl,ksf-v4-idsplit::
classical_ext,svc,12,matern15_med_x10__svc__d12,matern15_med_x10,ood_test,fixed_c1,1.0,,0.008537530899047852,0.768,0.7713334613661097,0.7587314264796419,0.8060200668896321,0.8349017348441201,0.8176199611114728,port_protocol_service_ablation,88,74,14,src_port|dst_port|proto_icmp|proto_tcp|proto_udp|service|service_dce_rpc|service_dns|service_ftp|service_gssapi|service_http|service_smb|service_smb_gssapi|service_ssl,ksf-v4-idsplit::
classical_ext,svc,12,matern15_med_x10__svc__d12,matern15_med_x10,id_val,train_cv,100.0,0.9214691096960836,0.004915952682495117,0.8924302788844621,0.9035714285714286,0.892423448735654,0.8932806324110671,0.9913770913770914,0.9950259411646497,port_protocol_service_ablation,88,74,14,src_port|dst_port|proto_icmp|proto_tcp|proto_udp|service|service_dce_rpc|service_dns|service_ftp|service_gssapi|service_http|service_smb|service_smb_gssapi|service_ssl,ksf-v4-idsplit::
classical_ext,svc,12,matern15_med_x10__svc__d12,matern15_med_x10,id_test,train_cv,100.0,0.9214691096960836,0.004915952682495117,0.8995983935742972,0.9100719424460432,0.8995724772122288,0.9011857707509882,0.9869849574885546,0.9922979656917971,port_protocol_service_ablation,88,74,14,src_port|dst_port|proto_icmp|proto_tcp|proto_udp|service|service_dce_rpc|service_dns|service_ftp|service_gssapi|service_http|service_smb|service_smb_gssapi|service_ssl,ksf-v4-idsplit::
classical_ext,svc,12,matern15_med_x10__svc__d12,matern15_med_x10,ood_test,train_cv,100.0,0.9214691096960836,0.004915952682495117,0.9,0.9004225081620896,0.8999855979261013,0.9011857707509882,0.9457301069073684,0.934776517892071,port_protocol_service_ablation,88,74,14,src_port|dst_port|proto_icmp|proto_tcp|proto_udp|service|service_dce_rpc|service_dns|service_ftp|service_gssapi|service_http|service_smb|service_smb_gssapi|service_ssl,ksf-v4-idsplit::
classical_ext,svc,12,matern25_med_x0.1__svc__d12,matern25_med_x0.1,id_val,fixed_c1,1.0,,0.005244731903076172,0.896414342629482,0.9071428571428571,0.8963995427990856,0.8976377952755905,0.9785714285714285,0.9875121829913286,port_protocol_service_ablation,88,74,14,src_port|dst_port|proto_icmp|proto_tcp|proto_udp|service|service_dce_rpc|service_dns|service_ftp|service_gssapi|service_http|service_smb|service_smb_gssapi|service_ssl,ksf-v4-idsplit::
classical_ext,svc,12,matern25_med_x0.1__svc__d12,matern25_med_x0.1,id_test,fixed_c1,1.0,,0.005244731903076172,0.8995983935742972,0.9100719424460432,0.8995724772122288,0.9011857707509882,0.9618705035971223,0.9802266655189621,port_protocol_service_ablation,88,74,14,src_port|dst_port|proto_icmp|proto_tcp|proto_udp|service|service_dce_rpc|service_dns|service_ftp|service_gssapi|service_http|service_smb|service_smb_gssapi|service_ssl,ksf-v4-idsplit::
classical_ext,svc,12,matern25_med_x0.1__svc__d12,matern25_med_x0.1,ood_test,fixed_c1,1.0,,0.005244731903076172,0.9,0.9002944753856987,0.8999983999743996,0.900398406374502,0.9415530375776199,0.9132502046336488,port_protocol_service_ablation,88,74,14,src_port|dst_port|proto_icmp|proto_tcp|proto_udp|service|service_dce_rpc|service_dns|service_ftp|service_gssapi|service_http|service_smb|service_smb_gssapi|service_ssl,ksf-v4-idsplit::
classical_ext,svc,12,matern25_med_x0.1__svc__d12,matern25_med_x0.1,id_val,train_cv,100.0,0.9396315501898329,0.0060579776763916016,0.9561752988047809,0.9597812097812097,0.9558952732384467,0.959409594095941,0.9763835263835264,0.9871936618184423,port_protocol_service_ablation,88,74,14,src_port|dst_port|proto_icmp|proto_tcp|proto_udp|service|service_dce_rpc|service_dns|service_ftp|service_gssapi|service_http|service_smb|service_smb_gssapi|service_ssl,ksf-v4-idsplit::
classical_ext,svc,12,matern25_med_x0.1__svc__d12,matern25_med_x0.1,id_test,train_cv,100.0,0.9396315501898329,0.0060579776763916016,0.963855421686747,0.9676258992805755,0.96362072044285,0.966542750929368,0.9930019620667103,0.9957685745783009,port_protocol_service_ablation,88,74,14,src_port|dst_port|proto_icmp|proto_tcp|proto_udp|service|service_dce_rpc|service_dns|service_ftp|service_gssapi|service_http|service_smb|service_smb_gssapi|service_ssl,ksf-v4-idsplit::
classical_ext,svc,12,matern25_med_x0.1__svc__d12,matern25_med_x0.1,ood_test,train_cv,100.0,0.9396315501898329,0.0060579776763916016,0.924,0.9241725881825748,0.9239987839805437,0.9236947791164659,0.9719608219704244,0.9723185067078592,port_protocol_service_ablation,88,74,14,src_port|dst_port|proto_icmp|proto_tcp|proto_udp|service|service_dce_rpc|service_dns|service_ftp|service_gssapi|service_http|service_smb|service_smb_gssapi|service_ssl,ksf-v4-idsplit::
classical_ext,svc,12,matern25_med_x0.3__svc__d12,matern25_med_x0.3,id_val,fixed_c1,1.0,,0.004512786865234375,0.8924302788844621,0.9035714285714286,0.892423448735654,0.8932806324110671,0.9579150579150579,0.9772070167373166,port_protocol_service_ablation,88,74,14,src_port|dst_port|proto_icmp|proto_tcp|proto_udp|service|service_dce_rpc|service_dns|service_ftp|service_gssapi|service_http|service_smb|service_smb_gssapi|service_ssl,ksf-v4-idsplit::
classical_ext,svc,12,matern25_med_x0.3__svc__d12,matern25_med_x0.3,id_test,fixed_c1,1.0,,0.004512786865234375,0.8995983935742972,0.9100719424460432,0.8995724772122288,0.9011857707509882,0.9512099411379986,0.9740976917915659,port_protocol_service_ablation,88,74,14,src_port|dst_port|proto_icmp|proto_tcp|proto_udp|service|service_dce_rpc|service_dns|service_ftp|service_gssapi|service_http|service_smb|service_smb_gssapi|service_ssl,ksf-v4-idsplit::
classical_ext,svc,12,matern25_med_x0.3__svc__d12,matern25_med_x0.3,ood_test,fixed_c1,1.0,,0.004512786865234375,0.902,0.9023269957109019,0.9019964718729874,0.9025844930417495,0.9382882017796556,0.9049775485222507,port_protocol_service_ablation,88,74,14,src_port|dst_port|proto_icmp|proto_tcp|proto_udp|service|service_dce_rpc|service_dns|service_ftp|service_gssapi|service_http|service_smb|service_smb_gssapi|service_ssl,ksf-v4-idsplit::
classical_ext,svc,12,matern25_med_x0.3__svc__d12,matern25_med_x0.3,id_val,train_cv,100.0,0.9336109361236243,0.004999399185180664,0.9163346613545816,0.925,0.9162495829162496,0.918918918918919,0.9802445302445303,0.9880643669766974,port_protocol_service_ablation,88,74,14,src_port|dst_port|proto_icmp|proto_tcp|proto_udp|service|service_dce_rpc|service_dns|service_ftp|service_gssapi|service_http|service_smb|service_smb_gssapi|service_ssl,ksf-v4-idsplit::
classical_ext,svc,12,matern25_med_x0.3__svc__d12,matern25_med_x0.3,id_test,train_cv,100.0,0.9336109361236243,0.004999399185180664,0.927710843373494,0.935251798561151,0.9275694893341953,0.9307692307692308,0.9743623283191629,0.9855731446631625,port_protocol_service_ablation,88,74,14,src_port|dst_port|proto_icmp|proto_tcp|proto_udp|service|service_dce_rpc|service_dns|service_ftp|service_gssapi|service_http|service_smb|service_smb_gssapi|service_ssl,ksf-v4-idsplit::
classical_ext,svc,12,matern25_med_x0.3__svc__d12,matern25_med_x0.3,ood_test,train_cv,100.0,0.9336109361236243,0.004999399185180664,0.902,0.9023269957109019,0.9019964718729874,0.9025844930417495,0.9387843287881698,0.9180094391976139,port_protocol_service_ablation,88,74,14,src_port|dst_port|proto_icmp|proto_tcp|proto_udp|service|service_dce_rpc|service_dns|service_ftp|service_gssapi|service_http|service_smb|service_smb_gssapi|service_ssl,ksf-v4-idsplit::
classical_ext,svc,12,matern25_med_x3__svc__d12,matern25_med_x3,id_val,fixed_c1,1.0,,0.006101131439208984,0.8924302788844621,0.9035714285714286,0.892423448735654,0.8932806324110671,0.9128056628056628,0.9514640029155165,port_protocol_service_ablation,88,74,14,src_port|dst_port|proto_icmp|proto_tcp|proto_udp|service|service_dce_rpc|service_dns|service_ftp|service_gssapi|service_http|service_smb|service_smb_gssapi|service_ssl,ksf-v4-idsplit::
classical_ext,svc,12,matern25_med_x3__svc__d12,matern25_med_x3,id_test,fixed_c1,1.0,,0.006101131439208984,0.8995983935742972,0.9100719424460432,0.8995724772122288,0.9011857707509882,0.9266841072596468,0.957613294358179,port_protocol_service_ablation,88,74,14,src_port|dst_port|proto_icmp|proto_tcp|proto_udp|service|service_dce_rpc|service_dns|service_ftp|service_gssapi|service_http|service_smb|service_smb_gssapi|service_ssl,ksf-v4-idsplit::
classical_ext,svc,12,matern25_med_x3__svc__d12,matern25_med_x3,ood_test,fixed_c1,1.0,,0.006101131439208984,0.772,0.7695089943025415,0.7653780295047419,0.7259615384615384,0.8986460533896677,0.8929678297522221,port_protocol_service_ablation,88,74,14,src_port|dst_port|proto_icmp|proto_tcp|proto_udp|service|service_dce_rpc|service_dns|service_ftp|service_gssapi|service_http|service_smb|service_smb_gssapi|service_ssl,ksf-v4-idsplit::
classical_ext,svc,12,matern25_med_x3__svc__d12,matern25_med_x3,id_val,train_cv,100.0,0.9214691096960836,0.005008697509765625,0.8924302788844621,0.9035714285714286,0.892423448735654,0.8932806324110671,0.9895752895752896,0.9940561678862603,port_protocol_service_ablation,88,74,14,src_port|dst_port|proto_icmp|proto_tcp|proto_udp|service|service_dce_rpc|service_dns|service_ftp|service_gssapi|service_http|service_smb|service_smb_gssapi|service_ssl,ksf-v4-idsplit::
classical_ext,svc,12,matern25_med_x3__svc__d12,matern25_med_x3,id_test,train_cv,100.0,0.9214691096960836,0.005008697509765625,0.8995983935742972,0.9100719424460432,0.8995724772122288,0.9011857707509882,0.9824068018312623,0.9897896591900575,port_protocol_service_ablation,88,74,14,src_port|dst_port|proto_icmp|proto_tcp|proto_udp|service|service_dce_rpc|service_dns|service_ftp|service_gssapi|service_http|service_smb|service_smb_gssapi|service_ssl,ksf-v4-idsplit::
classical_ext,svc,12,matern25_med_x3__svc__d12,matern25_med_x3,ood_test,train_cv,100.0,0.9214691096960836,0.005008697509765625,0.902,0.9023269957109019,0.9019964718729874,0.9025844930417495,0.9440496767172397,0.9352794161328231,port_protocol_service_ablation,88,74,14,src_port|dst_port|proto_icmp|proto_tcp|proto_udp|service|service_dce_rpc|service_dns|service_ftp|service_gssapi|service_http|service_smb|service_smb_gssapi|service_ssl,ksf-v4-idsplit::
classical_ext,svc,12,matern25_med_x10__svc__d12,matern25_med_x10,id_val,fixed_c1,1.0,,0.008102178573608398,0.7649402390438247,0.7342342342342343,0.7319977559404238,0.8259587020648967,0.9523166023166023,0.9661746519322539,port_protocol_service_ablation,88,74,14,src_port|dst_port|proto_icmp|proto_tcp|proto_udp|service|service_dce_rpc|service_dns|service_ftp|service_gssapi|service_http|service_smb|service_smb_gssapi|service_ssl,ksf-v4-idsplit::
classical_ext,svc,12,matern25_med_x10__svc__d12,matern25_med_x10,id_test,fixed_c1,1.0,,0.008102178573608398,0.7991967871485943,0.7727272727272727,0.7767216642754663,0.8475609756097561,0.9717462393721387,0.9786314678691912,port_protocol_service_ablation,88,74,14,src_port|dst_port|proto_icmp|proto_tcp|proto_udp|service|service_dce_rpc|service_dns|service_ftp|service_gssapi|service_http|service_smb|service_smb_gssapi|service_ssl,ksf-v4-idsplit::
classical_ext,svc,12,matern25_med_x10__svc__d12,matern25_med_x10,ood_test,fixed_c1,1.0,,0.008102178573608398,0.56,0.5618718391908328,0.5548072720208512,0.6028880866425993,0.776854874847961,0.7852236880996792,port_protocol_service_ablation,88,74,14,src_port|dst_port|proto_icmp|proto_tcp|proto_udp|service|service_dce_rpc|service_dns|service_ftp|service_gssapi|service_http|service_smb|service_smb_gssapi|service_ssl,ksf-v4-idsplit::
classical_ext,svc,12,matern25_med_x10__svc__d12,matern25_med_x10,id_val,train_cv,100.0,0.9163882954922142,0.00555419921875,0.8924302788844621,0.9035714285714286,0.892423448735654,0.8932806324110671,0.983912483912484,0.9903164796821198,port_protocol_service_ablation,88,74,14,src_port|dst_port|proto_icmp|proto_tcp|proto_udp|service|service_dce_rpc|service_dns|service_ftp|service_gssapi|service_http|service_smb|service_smb_gssapi|service_ssl,ksf-v4-idsplit::
classical_ext,svc,12,matern25_med_x10__svc__d12,matern25_med_x10,id_test,train_cv,100.0,0.9163882954922142,0.00555419921875,0.8995983935742972,0.9100719424460432,0.8995724772122288,0.9011857707509882,0.9867233485938521,0.9920953633692444,port_protocol_service_ablation,88,74,14,src_port|dst_port|proto_icmp|proto_tcp|proto_udp|service|service_dce_rpc|service_dns|service_ftp|service_gssapi|service_http|service_smb|service_smb_gssapi|service_ssl,ksf-v4-idsplit::
classical_ext,svc,12,matern25_med_x10__svc__d12,matern25_med_x10,ood_test,train_cv,100.0,0.9163882954922142,0.00555419921875,0.896,0.8964855002880738,0.8959733691825107,0.8976377952755905,0.9424172588182574,0.9325070528293906,port_protocol_service_ablation,88,74,14,src_port|dst_port|proto_icmp|proto_tcp|proto_udp|service|service_dce_rpc|service_dns|service_ftp|service_gssapi|service_http|service_smb|service_smb_gssapi|service_ssl,ksf-v4-idsplit::
quantum,svc,12,zz_r1_full__as0.5__svc__d12,zz_r1_full__as0.5,id_val,fixed_c1,1.0,,0.004608869552612305,0.896414342629482,0.9071428571428571,0.8963995427990856,0.8976377952755905,0.9691763191763192,0.9827905924855979,port_protocol_service_ablation,88,74,14,src_port|dst_port|proto_icmp|proto_tcp|proto_udp|service|service_dce_rpc|service_dns|service_ftp|service_gssapi|service_http|service_smb|service_smb_gssapi|service_ssl,ksf-v4-idsplit::
quantum,svc,12,zz_r1_full__as0.5__svc__d12,zz_r1_full__as0.5,id_test,fixed_c1,1.0,,0.004608869552612305,0.8995983935742972,0.9100719424460432,0.8995724772122288,0.9011857707509882,0.9598430346631787,0.9797953960969614,port_protocol_service_ablation,88,74,14,src_port|dst_port|proto_icmp|proto_tcp|proto_udp|service|service_dce_rpc|service_dns|service_ftp|service_gssapi|service_http|service_smb|service_smb_gssapi|service_ssl,ksf-v4-idsplit::
quantum,svc,12,zz_r1_full__as0.5__svc__d12,zz_r1_full__as0.5,ood_test,fixed_c1,1.0,,0.004608869552612305,0.9,0.9002944753856987,0.8999983999743996,0.900398406374502,0.951235516292171,0.9264642041272385,port_protocol_service_ablation,88,74,14,src_port|dst_port|proto_icmp|proto_tcp|proto_udp|service|service_dce_rpc|service_dns|service_ftp|service_gssapi|service_http|service_smb|service_smb_gssapi|service_ssl,ksf-v4-idsplit::
quantum,svc,12,zz_r1_full__as0.5__svc__d12,zz_r1_full__as0.5,id_val,train_cv,100.0,0.9588543908412449,0.005509614944458008,0.9601593625498008,0.9633526383526383,0.9598785166240409,0.9632352941176471,0.9713642213642214,0.9805402389771243,port_protocol_service_ablation,88,74,14,src_port|dst_port|proto_icmp|proto_tcp|proto_udp|service|service_dce_rpc|service_dns|service_ftp|service_gssapi|service_http|service_smb|service_smb_gssapi|service_ssl,ksf-v4-idsplit::
quantum,svc,12,zz_r1_full__as0.5__svc__d12,zz_r1_full__as0.5,id_test,train_cv,100.0,0.9588543908412449,0.005509614944458008,0.963855421686747,0.9676258992805755,0.96362072044285,0.966542750929368,0.9929365598430347,0.9957464291269765,port_protocol_service_ablation,88,74,14,src_port|dst_port|proto_icmp|proto_tcp|proto_udp|service|service_dce_rpc|service_dns|service_ftp|service_gssapi|service_http|service_smb|service_smb_gssapi|service_ssl,ksf-v4-idsplit::
quantum,svc,12,zz_r1_full__as0.5__svc__d12,zz_r1_full__as0.5,ood_test,train_cv,100.0,0.9588543908412449,0.005509614944458008,0.93,0.9302701491581845,0.9299997199988801,0.9301397205588823,0.9727450227258179,0.9778810429800723,port_protocol_service_ablation,88,74,14,src_port|dst_port|proto_icmp|proto_tcp|proto_udp|service|service_dce_rpc|service_dns|service_ftp|service_gssapi|service_http|service_smb|service_smb_gssapi|service_ssl,ksf-v4-idsplit::
quantum,svc,12,zz_r2_full__as0.5__svc__d12,zz_r2_full__as0.5,id_val,fixed_c1,1.0,,0.006008625030517578,0.9083665338645418,0.9178571428571429,0.9083141427777337,0.9105058365758755,0.9831402831402832,0.9911086991144404,port_protocol_service_ablation,88,74,14,src_port|dst_port|proto_icmp|proto_tcp|proto_udp|service|service_dce_rpc|service_dns|service_ftp|service_gssapi|service_http|service_smb|service_smb_gssapi|service_ssl,ksf-v4-idsplit::
quantum,svc,12,zz_r2_full__as0.5__svc__d12,zz_r2_full__as0.5,id_test,fixed_c1,1.0,,0.006008625030517578,0.9236947791164659,0.9316546762589928,0.9235715093455679,0.9266409266409267,0.9620013080444735,0.9818897388627481,port_protocol_service_ablation,88,74,14,src_port|dst_port|proto_icmp|proto_tcp|proto_udp|service|service_dce_rpc|service_dns|service_ftp|service_gssapi|service_http|service_smb|service_smb_gssapi|service_ssl,ksf-v4-idsplit::
quantum,svc,12,zz_r2_full__as0.5__svc__d12,zz_r2_full__as0.5,ood_test,fixed_c1,1.0,,0.006008625030517578,0.902,0.9022629793227066,0.901999607998432,0.9021956087824351,0.9602778311247679,0.9401969633668981,port_protocol_service_ablation,88,74,14,src_port|dst_port|proto_icmp|proto_tcp|proto_udp|service|service_dce_rpc|service_dns|service_ftp|service_gssapi|service_http|service_smb|service_smb_gssapi|service_ssl,ksf-v4-idsplit::
quantum,svc,12,zz_r2_full__as0.5__svc__d12,zz_r2_full__as0.5,id_val,train_cv,100.0,0.95585379666418,0.0050051212310791016,0.9601593625498008,0.9633526383526383,0.9598785166240409,0.9632352941176471,0.9686615186615187,0.9713733535418696,port_protocol_service_ablation,88,74,14,src_port|dst_port|proto_icmp|proto_tcp|proto_udp|service|service_dce_rpc|service_dns|service_ftp|service_gssapi|service_http|service_smb|service_smb_gssapi|service_ssl,ksf-v4-idsplit::
quantum,svc,12,zz_r2_full__as0.5__svc__d12,zz_r2_full__as0.5,id_test,train_cv,100.0,0.95585379666418,0.0050051212310791016,0.963855421686747,0.9676258992805755,0.96362072044285,0.966542750929368,0.9921517331589275,0.9953104454542042,port_protocol_service_ablation,88,74,14,src_port|dst_port|proto_icmp|proto_tcp|proto_udp|service|service_dce_rpc|service_dns|service_ftp|service_gssapi|service_http|service_smb|service_smb_gssapi|service_ssl,ksf-v4-idsplit::
quantum,svc,12,zz_r2_full__as0.5__svc__d12,zz_r2_full__as0.5,ood_test,train_cv,100.0,0.95585379666418,0.0050051212310791016,0.93,0.9302061327699891,0.9299997199988801,0.9298597194388778,0.9799148582037001,0.9826616012908181,port_protocol_service_ablation,88,74,14,src_port|dst_port|proto_icmp|proto_tcp|proto_udp|service|service_dce_rpc|service_dns|service_ftp|service_gssapi|service_http|service_smb|service_smb_gssapi|service_ssl,ksf-v4-idsplit::
quantum,svc,12,pauli_xz_r1_full__as0.5__svc__d12,pauli_xz_r1_full__as0.5,id_val,fixed_c1,1.0,,0.005643606185913086,0.8924302788844621,0.9035714285714286,0.892423448735654,0.8932806324110671,0.9851351351351353,0.9913175270508063,port_protocol_service_ablation,88,74,14,src_port|dst_port|proto_icmp|proto_tcp|proto_udp|service|service_dce_rpc|service_dns|service_ftp|service_gssapi|service_http|service_smb|service_smb_gssapi|service_ssl,ksf-v4-idsplit::
quantum,svc,12,pauli_xz_r1_full__as0.5__svc__d12,pauli_xz_r1_full__as0.5,id_test,fixed_c1,1.0,,0.005643606185913086,0.8995983935742972,0.9100719424460432,0.8995724772122288,0.9011857707509882,0.9685415304120341,0.9823023230014878,port_protocol_service_ablation,88,74,14,src_port|dst_port|proto_icmp|proto_tcp|proto_udp|service|service_dce_rpc|service_dns|service_ftp|service_gssapi|service_http|service_smb|service_smb_gssapi|service_ssl,ksf-v4-idsplit::
quantum,svc,12,pauli_xz_r1_full__as0.5__svc__d12,pauli_xz_r1_full__as0.5,ood_test,fixed_c1,1.0,,0.005643606185913086,0.902,0.9023269957109019,0.9019964718729874,0.9025844930417495,0.9426253120798925,0.9268879353963891,port_protocol_service_ablation,88,74,14,src_port|dst_port|proto_icmp|proto_tcp|proto_udp|service|service_dce_rpc|service_dns|service_ftp|service_gssapi|service_http|service_smb|service_smb_gssapi|service_ssl,ksf-v4-idsplit::
quantum,svc,12,pauli_xz_r1_full__as0.5__svc__d12,pauli_xz_r1_full__as0.5,id_val,train_cv,100.0,0.9234893117162857,0.007394075393676758,0.896414342629482,0.9071428571428571,0.8963995427990856,0.8976377952755905,0.983976833976834,0.9905057941079607,port_protocol_service_ablation,88,74,14,src_port|dst_port|proto_icmp|proto_tcp|proto_udp|service|service_dce_rpc|service_dns|service_ftp|service_gssapi|service_http|service_smb|service_smb_gssapi|service_ssl,ksf-v4-idsplit::
quantum,svc,12,pauli_xz_r1_full__as0.5__svc__d12,pauli_xz_r1_full__as0.5,id_test,train_cv,100.0,0.9234893117162857,0.007394075393676758,0.8995983935742972,0.9100719424460432,0.8995724772122288,0.9011857707509882,0.9712884238064093,0.9846823422401699,port_protocol_service_ablation,88,74,14,src_port|dst_port|proto_icmp|proto_tcp|proto_udp|service|service_dce_rpc|service_dns|service_ftp|service_gssapi|service_http|service_smb|service_smb_gssapi|service_ssl,ksf-v4-idsplit::
quantum,svc,12,pauli_xz_r1_full__as0.5__svc__d12,pauli_xz_r1_full__as0.5,ood_test,train_cv,100.0,0.9234893117162857,0.007394075393676758,0.902,0.9023910120990974,0.901990199019902,0.902970297029703,0.9672556174380641,0.9674053807686723,port_protocol_service_ablation,88,74,14,src_port|dst_port|proto_icmp|proto_tcp|proto_udp|service|service_dce_rpc|service_dns|service_ftp|service_gssapi|service_http|service_smb|service_smb_gssapi|service_ssl,ksf-v4-idsplit::
quantum,svc,12,zmap_r2__as0.5__svc__d12,zmap_r2__as0.5,id_val,fixed_c1,1.0,,0.004731178283691406,0.8924302788844621,0.9035714285714286,0.892423448735654,0.8932806324110671,0.9815958815958816,0.9897128597756526,port_protocol_service_ablation,88,74,14,src_port|dst_port|proto_icmp|proto_tcp|proto_udp|service|service_dce_rpc|service_dns|service_ftp|service_gssapi|service_http|service_smb|service_smb_gssapi|service_ssl,ksf-v4-idsplit::
quantum,svc,12,zmap_r2__as0.5__svc__d12,zmap_r2__as0.5,id_test,fixed_c1,1.0,,0.004731178283691406,0.8995983935742972,0.9100719424460432,0.8995724772122288,0.9011857707509882,0.9612818835840419,0.9790217894871517,port_protocol_service_ablation,88,74,14,src_port|dst_port|proto_icmp|proto_tcp|proto_udp|service|service_dce_rpc|service_dns|service_ftp|service_gssapi|service_http|service_smb|service_smb_gssapi|service_ssl,ksf-v4-idsplit::
quantum,svc,12,zmap_r2__as0.5__svc__d12,zmap_r2__as0.5,ood_test,fixed_c1,1.0,,0.004731178283691406,0.902,0.9023269957109019,0.9019964718729874,0.9025844930417495,0.9392484476025862,0.9254913182777038,port_protocol_service_ablation,88,74,14,src_port|dst_port|proto_icmp|proto_tcp|proto_udp|service|service_dce_rpc|service_dns|service_ftp|service_gssapi|service_http|service_smb|service_smb_gssapi|service_ssl,ksf-v4-idsplit::
quantum,svc,12,zmap_r2__as0.5__svc__d12,zmap_r2__as0.5,id_val,train_cv,100.0,0.9275503300630182,0.00652313232421875,0.9123505976095617,0.9214285714285715,0.9122823738721566,0.9147286821705426,0.976061776061776,0.986305652345998,port_protocol_service_ablation,88,74,14,src_port|dst_port|proto_icmp|proto_tcp|proto_udp|service|service_dce_rpc|service_dns|service_ftp|service_gssapi|service_http|service_smb|service_smb_gssapi|service_ssl,ksf-v4-idsplit::
quantum,svc,12,zmap_r2__as0.5__svc__d12,zmap_r2__as0.5,id_test,train_cv,100.0,0.9275503300630182,0.00652313232421875,0.9236947791164659,0.9316546762589928,0.9235715093455679,0.9266409266409267,0.9565729234793983,0.977414092207714,port_protocol_service_ablation,88,74,14,src_port|dst_port|proto_icmp|proto_tcp|proto_udp|service|service_dce_rpc|service_dns|service_ftp|service_gssapi|service_http|service_smb|service_smb_gssapi|service_ssl,ksf-v4-idsplit::
quantum,svc,12,zmap_r2__as0.5__svc__d12,zmap_r2__as0.5,ood_test,train_cv,100.0,0.9275503300630182,0.00652313232421875,0.902,0.9023269957109019,0.9019964718729874,0.9025844930417495,0.9599097368926445,0.9551395472112783,port_protocol_service_ablation,88,74,14,src_port|dst_port|proto_icmp|proto_tcp|proto_udp|service|service_dce_rpc|service_dns|service_ftp|service_gssapi|service_http|service_smb|service_smb_gssapi|service_ssl,ksf-v4-idsplit::
quantum,svc,12,zz_r1_full__svc__d12,zz_r1_full,id_val,fixed_c1,1.0,,0.005128145217895508,0.9083665338645418,0.9178571428571429,0.9083141427777337,0.9105058365758755,0.981081081081081,0.9883747735361299,port_protocol_service_ablation,88,74,14,src_port|dst_port|proto_icmp|proto_tcp|proto_udp|service|service_dce_rpc|service_dns|service_ftp|service_gssapi|service_http|service_smb|service_smb_gssapi|service_ssl,ksf-v4-idsplit::
quantum,svc,12,zz_r1_full__svc__d12,zz_r1_full,id_test,fixed_c1,1.0,,0.005128145217895508,0.9236947791164659,0.9316546762589928,0.9235715093455679,0.9266409266409267,0.968214519293656,0.9833090738404886,port_protocol_service_ablation,88,74,14,src_port|dst_port|proto_icmp|proto_tcp|proto_udp|service|service_dce_rpc|service_dns|service_ftp|service_gssapi|service_http|service_smb|service_smb_gssapi|service_ssl,ksf-v4-idsplit::
quantum,svc,12,zz_r1_full__svc__d12,zz_r1_full,ood_test,fixed_c1,1.0,,0.005128145217895508,0.902,0.9022629793227066,0.901999607998432,0.9021956087824351,0.9657032200243261,0.9484792848134405,port_protocol_service_ablation,88,74,14,src_port|dst_port|proto_icmp|proto_tcp|proto_udp|service|service_dce_rpc|service_dns|service_ftp|service_gssapi|service_http|service_smb|service_smb_gssapi|service_ssl,ksf-v4-idsplit::
quantum,svc,12,zz_r1_full__svc__d12,zz_r1_full,id_val,train_cv,100.0,0.9548636976542791,0.0040013790130615234,0.9601593625498008,0.9633526383526383,0.9598785166240409,0.9632352941176471,0.9680823680823681,0.9710772856154614,port_protocol_service_ablation,88,74,14,src_port|dst_port|proto_icmp|proto_tcp|proto_udp|service|service_dce_rpc|service_dns|service_ftp|service_gssapi|service_http|service_smb|service_smb_gssapi|service_ssl,ksf-v4-idsplit::
quantum,svc,12,zz_r1_full__svc__d12,zz_r1_full,id_test,train_cv,100.0,0.9548636976542791,0.0040013790130615234,0.963855421686747,0.9676258992805755,0.96362072044285,0.966542750929368,0.9924787442773055,0.9954170014273478,port_protocol_service_ablation,88,74,14,src_port|dst_port|proto_icmp|proto_tcp|proto_udp|service|service_dce_rpc|service_dns|service_ftp|service_gssapi|service_http|service_smb|service_smb_gssapi|service_ssl,ksf-v4-idsplit::
quantum,svc,12,zz_r1_full__svc__d12,zz_r1_full,ood_test,train_cv,100.0,0.9548636976542791,0.0040013790130615234,0.93,0.9301421163817938,0.9299974799092767,0.9295774647887324,0.9789706164778184,0.9823894578766634,port_protocol_service_ablation,88,74,14,src_port|dst_port|proto_icmp|proto_tcp|proto_udp|service|service_dce_rpc|service_dns|service_ftp|service_gssapi|service_http|service_smb|service_smb_gssapi|service_ssl,ksf-v4-idsplit::
quantum,svc,12,zz_r2_full__svc__d12,zz_r2_full,id_val,fixed_c1,1.0,,0.0049228668212890625,0.9163346613545816,0.925,0.9162495829162496,0.918918918918919,0.9956241956241956,0.9964324958327135,port_protocol_service_ablation,88,74,14,src_port|dst_port|proto_icmp|proto_tcp|proto_udp|service|service_dce_rpc|service_dns|service_ftp|service_gssapi|service_http|service_smb|service_smb_gssapi|service_ssl,ksf-v4-idsplit::
quantum,svc,12,zz_r2_full__svc__d12,zz_r2_full,id_test,fixed_c1,1.0,,0.0049228668212890625,0.927710843373494,0.935251798561151,0.9275694893341953,0.9307692307692308,0.9950948332243297,0.9960835096802756,port_protocol_service_ablation,88,74,14,src_port|dst_port|proto_icmp|proto_tcp|proto_udp|service|service_dce_rpc|service_dns|service_ftp|service_gssapi|service_http|service_smb|service_smb_gssapi|service_ssl,ksf-v4-idsplit::
quantum,svc,12,zz_r2_full__svc__d12,zz_r2_full,ood_test,fixed_c1,1.0,,0.0049228668212890625,0.902,0.9022629793227066,0.901999607998432,0.9021956087824351,0.9663113757121824,0.9558949189671795,port_protocol_service_ablation,88,74,14,src_port|dst_port|proto_icmp|proto_tcp|proto_udp|service|service_dce_rpc|service_dns|service_ftp|service_gssapi|service_http|service_smb|service_smb_gssapi|service_ssl,ksf-v4-idsplit::
quantum,svc,12,zz_r2_full__svc__d12,zz_r2_full,id_val,train_cv,100.0,0.9508432956140751,0.005512237548828125,0.9601593625498008,0.9624195624195624,0.9598220002561147,0.9635036496350365,0.9678249678249679,0.9710203716020482,port_protocol_service_ablation,88,74,14,src_port|dst_port|proto_icmp|proto_tcp|proto_udp|service|service_dce_rpc|service_dns|service_ftp|service_gssapi|service_http|service_smb|service_smb_gssapi|service_ssl,ksf-v4-idsplit::
quantum,svc,12,zz_r2_full__svc__d12,zz_r2_full,id_test,train_cv,100.0,0.9508432956140751,0.005512237548828125,0.9759036144578314,0.9765206017004577,0.9756169212690953,0.9782608695652174,0.9801177240026161,0.9769009552112723,port_protocol_service_ablation,88,74,14,src_port|dst_port|proto_icmp|proto_tcp|proto_udp|service|service_dce_rpc|service_dns|service_ftp|service_gssapi|service_http|service_smb|service_smb_gssapi|service_ssl,ksf-v4-idsplit::
quantum,svc,12,zz_r2_full__svc__d12,zz_r2_full,ood_test,train_cv,100.0,0.9508432956140751,0.005512237548828125,0.916,0.9163625888227386,0.915994623655914,0.9166666666666666,0.966647461750208,0.9615120663465482,port_protocol_service_ablation,88,74,14,src_port|dst_port|proto_icmp|proto_tcp|proto_udp|service|service_dce_rpc|service_dns|service_ftp|service_gssapi|service_http|service_smb|service_smb_gssapi|service_ssl,ksf-v4-idsplit::
quantum,svc,12,pauli_xz_r1_full__svc__d12,pauli_xz_r1_full,id_val,fixed_c1,1.0,,0.004884958267211914,0.8924302788844621,0.9035714285714286,0.892423448735654,0.8932806324110671,0.9576576576576578,0.9769632144356695,port_protocol_service_ablation,88,74,14,src_port|dst_port|proto_icmp|proto_tcp|proto_udp|service|service_dce_rpc|service_dns|service_ftp|service_gssapi|service_http|service_smb|service_smb_gssapi|service_ssl,ksf-v4-idsplit::
quantum,svc,12,pauli_xz_r1_full__svc__d12,pauli_xz_r1_full,id_test,fixed_c1,1.0,,0.004884958267211914,0.8995983935742972,0.9100719424460432,0.8995724772122288,0.9011857707509882,0.9528449967298889,0.974544108038238,port_protocol_service_ablation,88,74,14,src_port|dst_port|proto_icmp|proto_tcp|proto_udp|service|service_dce_rpc|service_dns|service_ftp|service_gssapi|service_http|service_smb|service_smb_gssapi|service_ssl,ksf-v4-idsplit::
quantum,svc,12,pauli_xz_r1_full__svc__d12,pauli_xz_r1_full,ood_test,fixed_c1,1.0,,0.004884958267211914,0.902,0.9023269957109019,0.9019964718729874,0.9025844930417495,0.9388003328852187,0.915060730149446,port_protocol_service_ablation,88,74,14,src_port|dst_port|proto_icmp|proto_tcp|proto_udp|service|service_dce_rpc|service_dns|service_ftp|service_gssapi|service_http|service_smb|service_smb_gssapi|service_ssl,ksf-v4-idsplit::
quantum,svc,12,pauli_xz_r1_full__svc__d12,pauli_xz_r1_full,id_val,train_cv,100.0,0.929679660643135,0.01340484619140625,0.9163346613545816,0.925,0.9162495829162496,0.918918918918919,0.9923423423423424,0.9942512306397157,port_protocol_service_ablation,88,74,14,src_port|dst_port|proto_icmp|proto_tcp|proto_udp|service|service_dce_rpc|service_dns|service_ftp|service_gssapi|service_http|service_smb|service_smb_gssapi|service_ssl,ksf-v4-idsplit::
quantum,svc,12,pauli_xz_r1_full__svc__d12,pauli_xz_r1_full,id_test,train_cv,100.0,0.929679660643135,0.01340484619140625,0.9236947791164659,0.9307063440156966,0.9235171443813959,0.9272030651340997,0.9941792020928711,0.995472278005609,port_protocol_service_ablation,88,74,14,src_port|dst_port|proto_icmp|proto_tcp|proto_udp|service|service_dce_rpc|service_dns|service_ftp|service_gssapi|service_http|service_smb|service_smb_gssapi|service_ssl,ksf-v4-idsplit::
quantum,svc,12,pauli_xz_r1_full__svc__d12,pauli_xz_r1_full,ood_test,train_cv,100.0,0.929679660643135,0.01340484619140625,0.9,0.9004225081620896,0.8999855979261013,0.9011857707509882,0.9702803917802958,0.9678456947945749,port_protocol_service_ablation,88,74,14,src_port|dst_port|proto_icmp|proto_tcp|proto_udp|service|service_dce_rpc|service_dns|service_ftp|service_gssapi|service_http|service_smb|service_smb_gssapi|service_ssl,ksf-v4-idsplit::
quantum,svc,12,zmap_r2__svc__d12,zmap_r2,id_val,fixed_c1,1.0,,0.0040094852447509766,0.8924302788844621,0.9035714285714286,0.892423448735654,0.8932806324110671,0.9665379665379666,0.9809835415384583,port_protocol_service_ablation,88,74,14,src_port|dst_port|proto_icmp|proto_tcp|proto_udp|service|service_dce_rpc|service_dns|service_ftp|service_gssapi|service_http|service_smb|service_smb_gssapi|service_ssl,ksf-v4-idsplit::
quantum,svc,12,zmap_r2__svc__d12,zmap_r2,id_test,fixed_c1,1.0,,0.0040094852447509766,0.8995983935742972,0.9100719424460432,0.8995724772122288,0.9011857707509882,0.9523217789404841,0.9744524984313342,port_protocol_service_ablation,88,74,14,src_port|dst_port|proto_icmp|proto_tcp|proto_udp|service|service_dce_rpc|service_dns|service_ftp|service_gssapi|service_http|service_smb|service_smb_gssapi|service_ssl,ksf-v4-idsplit::
quantum,svc,12,zmap_r2__svc__d12,zmap_r2,ood_test,fixed_c1,1.0,,0.0040094852447509766,0.9,0.900358491773894,0.8999935995903738,0.9007936507936508,0.9421932014595736,0.9069551169521082,port_protocol_service_ablation,88,74,14,src_port|dst_port|proto_icmp|proto_tcp|proto_udp|service|service_dce_rpc|service_dns|service_ftp|service_gssapi|service_http|service_smb|service_smb_gssapi|service_ssl,ksf-v4-idsplit::
quantum,svc,12,zmap_r2__svc__d12,zmap_r2,id_val,train_cv,100.0,0.9326208371137235,0.01604008674621582,0.9163346613545816,0.925,0.9162495829162496,0.918918918918919,0.9653796653796654,0.9804697214700014,port_protocol_service_ablation,88,74,14,src_port|dst_port|proto_icmp|proto_tcp|proto_udp|service|service_dce_rpc|service_dns|service_ftp|service_gssapi|service_http|service_smb|service_smb_gssapi|service_ssl,ksf-v4-idsplit::
quantum,svc,12,zmap_r2__svc__d12,zmap_r2,id_test,train_cv,100.0,0.9326208371137235,0.01604008674621582,0.927710843373494,0.935251798561151,0.9275694893341953,0.9307692307692308,0.9637671680837149,0.9797525765472386,port_protocol_service_ablation,88,74,14,src_port|dst_port|proto_icmp|proto_tcp|proto_udp|service|service_dce_rpc|service_dns|service_ftp|service_gssapi|service_http|service_smb|service_smb_gssapi|service_ssl,ksf-v4-idsplit::
quantum,svc,12,zmap_r2__svc__d12,zmap_r2,ood_test,train_cv,100.0,0.9326208371137235,0.01604008674621582,0.902,0.9023269957109019,0.9019964718729874,0.9025844930417495,0.9585013763523462,0.9569802759143278,port_protocol_service_ablation,88,74,14,src_port|dst_port|proto_icmp|proto_tcp|proto_udp|service|service_dce_rpc|service_dns|service_ftp|service_gssapi|service_http|service_smb|service_smb_gssapi|service_ssl,ksf-v4-idsplit::
quantum,svc,12,zz_r1_full__as2__svc__d12,zz_r1_full__as2,id_val,fixed_c1,1.0,,0.003999233245849609,0.9163346613545816,0.925,0.9162495829162496,0.918918918918919,0.9704633204633205,0.9829714000129351,port_protocol_service_ablation,88,74,14,src_port|dst_port|proto_icmp|proto_tcp|proto_udp|service|service_dce_rpc|service_dns|service_ftp|service_gssapi|service_http|service_smb|service_smb_gssapi|service_ssl,ksf-v4-idsplit::
quantum,svc,12,zz_r1_full__as2__svc__d12,zz_r1_full__as2,id_test,fixed_c1,1.0,,0.003999233245849609,0.9317269076305221,0.9388489208633093,0.9315679712886173,0.9348659003831418,0.9783518639633748,0.9876567235875257,port_protocol_service_ablation,88,74,14,src_port|dst_port|proto_icmp|proto_tcp|proto_udp|service|service_dce_rpc|service_dns|service_ftp|service_gssapi|service_http|service_smb|service_smb_gssapi|service_ssl,ksf-v4-idsplit::
quantum,svc,12,zz_r1_full__as2__svc__d12,zz_r1_full__as2,ood_test,fixed_c1,1.0,,0.003999233245849609,0.92,0.9200435311439729,0.9199884783408812,0.9190283400809717,0.9791626656424045,0.9808740817051715,port_protocol_service_ablation,88,74,14,src_port|dst_port|proto_icmp|proto_tcp|proto_udp|service|service_dce_rpc|service_dns|service_ftp|service_gssapi|service_http|service_smb|service_smb_gssapi|service_ssl,ksf-v4-idsplit::
quantum,svc,12,zz_r1_full__as2__svc__d12,zz_r1_full__as2,id_val,train_cv,100.0,0.9528829113403535,0.004999399185180664,0.9681274900398407,0.9704954954954954,0.9678576002048918,0.9708029197080292,0.9680823680823681,0.9730407780529576,port_protocol_service_ablation,88,74,14,src_port|dst_port|proto_icmp|proto_tcp|proto_udp|service|service_dce_rpc|service_dns|service_ftp|service_gssapi|service_http|service_smb|service_smb_gssapi|service_ssl,ksf-v4-idsplit::
quantum,svc,12,zz_r1_full__as2__svc__d12,zz_r1_full__as2,id_test,train_cv,100.0,0.9528829113403535,0.004999399185180664,0.9759036144578314,0.9765206017004577,0.9756169212690953,0.9782608695652174,0.979136690647482,0.9725843557084944,port_protocol_service_ablation,88,74,14,src_port|dst_port|proto_icmp|proto_tcp|proto_udp|service|service_dce_rpc|service_dns|service_ftp|service_gssapi|service_http|service_smb|service_smb_gssapi|service_ssl,ksf-v4-idsplit::
quantum,svc,12,zz_r1_full__as2__svc__d12,zz_r1_full__as2,ood_test,train_cv,100.0,0.9528829113403535,0.004999399185180664,0.95,0.9498271557518725,0.9499661771357437,0.9486652977412731,0.9589975033608603,0.945011166554548,port_protocol_service_ablation,88,74,14,src_port|dst_port|proto_icmp|proto_tcp|proto_udp|service|service_dce_rpc|service_dns|service_ftp|service_gssapi|service_http|service_smb|service_smb_gssapi|service_ssl,ksf-v4-idsplit::
quantum,svc,12,zz_r2_full__as2__svc__d12,zz_r2_full__as2,id_val,fixed_c1,1.0,,0.004549503326416016,0.9163346613545816,0.925,0.9162495829162496,0.918918918918919,0.9771557271557272,0.9867381320566873,port_protocol_service_ablation,88,74,14,src_port|dst_port|proto_icmp|proto_tcp|proto_udp|service|service_dce_rpc|service_dns|service_ftp|service_gssapi|service_http|service_smb|service_smb_gssapi|service_ssl,ksf-v4-idsplit::
quantum,svc,12,zz_r2_full__as2__svc__d12,zz_r2_full__as2,id_test,fixed_c1,1.0,,0.004549503326416016,0.9317269076305221,0.9388489208633093,0.9315679712886173,0.9348659003831418,0.9916939175931981,0.9943990289621277,port_protocol_service_ablation,88,74,14,src_port|dst_port|proto_icmp|proto_tcp|proto_udp|service|service_dce_rpc|service_dns|service_ftp|service_gssapi|service_http|service_smb|service_smb_gssapi|service_ssl,ksf-v4-idsplit::
quantum,svc,12,zz_r2_full__as2__svc__d12,zz_r2_full__as2,ood_test,fixed_c1,1.0,,0.004549503326416016,0.92,0.9200435311439729,0.9199884783408812,0.9190283400809717,0.9808270917354844,0.9823479559499368,port_protocol_service_ablation,88,74,14,src_port|dst_port|proto_icmp|proto_tcp|proto_udp|service|service_dce_rpc|service_dns|service_ftp|service_gssapi|service_http|service_smb|service_smb_gssapi|service_ssl,ksf-v4-idsplit::
quantum,svc,12,zz_r2_full__as2__svc__d12,zz_r2_full__as2,id_val,train_cv,100.0,0.9619544307371914,0.004000186920166016,0.9760956175298805,0.9776383526383526,0.9758560984994229,0.9782608695652174,0.9685971685971685,0.9752199237439013,port_protocol_service_ablation,88,74,14,src_port|dst_port|proto_icmp|proto_tcp|proto_udp|service|service_dce_rpc|service_dns|service_ftp|service_gssapi|service_http|service_smb|service_smb_gssapi|service_ssl,ksf-v4-idsplit::
quantum,svc,12,zz_r2_full__as2__svc__d12,zz_r2_full__as2,id_test,train_cv,100.0,0.9619544307371914,0.004000186920166016,0.9879518072289156,0.9873119686069327,0.9877743408454853,0.989247311827957,0.9801831262262918,0.9755405916882797,port_protocol_service_ablation,88,74,14,src_port|dst_port|proto_icmp|proto_tcp|proto_udp|service|service_dce_rpc|service_dns|service_ftp|service_gssapi|service_http|service_smb|service_smb_gssapi|service_ssl,ksf-v4-idsplit::
quantum,svc,12,zz_r2_full__as2__svc__d12,zz_r2_full__as2,ood_test,train_cv,100.0,0.9619544307371914,0.004000186920166016,0.93,0.9295019524998399,0.929851565913473,0.9266247379454927,0.9571090199090967,0.9519340158244027,port_protocol_service_ablation,88,74,14,src_port|dst_port|proto_icmp|proto_tcp|proto_udp|service|service_dce_rpc|service_dns|service_ftp|service_gssapi|service_http|service_smb|service_smb_gssapi|service_ssl,ksf-v4-idsplit::
quantum,svc,12,pauli_xz_r1_full__as2__svc__d12,pauli_xz_r1_full__as2,id_val,fixed_c1,1.0,,0.004486799240112305,0.896414342629482,0.9071428571428571,0.8963995427990856,0.8976377952755905,0.9785070785070785,0.9869988568102783,port_protocol_service_ablation,88,74,14,src_port|dst_port|proto_icmp|proto_tcp|proto_udp|service|service_dce_rpc|service_dns|service_ftp|service_gssapi|service_http|service_smb|service_smb_gssapi|service_ssl,ksf-v4-idsplit::
quantum,svc,12,pauli_xz_r1_full__as2__svc__d12,pauli_xz_r1_full__as2,id_test,fixed_c1,1.0,,0.004486799240112305,0.8995983935742972,0.9100719424460432,0.8995724772122288,0.9011857707509882,0.9653368214519293,0.9810299830671501,port_protocol_service_ablation,88,74,14,src_port|dst_port|proto_icmp|proto_tcp|proto_udp|service|service_dce_rpc|service_dns|service_ftp|service_gssapi|service_http|service_smb|service_smb_gssapi|service_ssl,ksf-v4-idsplit::
quantum,svc,12,pauli_xz_r1_full__as2__svc__d12,pauli_xz_r1_full__as2,ood_test,fixed_c1,1.0,,0.004486799240112305,0.9,0.9002944753856987,0.8999983999743996,0.900398406374502,0.9326227514243648,0.9110054191825622,port_protocol_service_ablation,88,74,14,src_port|dst_port|proto_icmp|proto_tcp|proto_udp|service|service_dce_rpc|service_dns|service_ftp|service_gssapi|service_http|service_smb|service_smb_gssapi|service_ssl,ksf-v4-idsplit::
quantum,svc,12,pauli_xz_r1_full__as2__svc__d12,pauli_xz_r1_full__as2,id_val,train_cv,100.0,0.9326105419665616,0.010002374649047852,0.9203187250996016,0.9285714285714286,0.9202161474888748,0.9230769230769231,0.9814028314028315,0.9899952306077433,port_protocol_service_ablation,88,74,14,src_port|dst_port|proto_icmp|proto_tcp|proto_udp|service|service_dce_rpc|service_dns|service_ftp|service_gssapi|service_http|service_smb|service_smb_gssapi|service_ssl,ksf-v4-idsplit::
quantum,svc,12,pauli_xz_r1_full__as2__svc__d12,pauli_xz_r1_full__as2,id_test,train_cv,100.0,0.9326105419665616,0.010002374649047852,0.9357429718875502,0.9424460431654677,0.9355673437702161,0.9389312977099237,0.9626553302812295,0.9823582102659135,port_protocol_service_ablation,88,74,14,src_port|dst_port|proto_icmp|proto_tcp|proto_udp|service|service_dce_rpc|service_dns|service_ftp|service_gssapi|service_http|service_smb|service_smb_gssapi|service_ssl,ksf-v4-idsplit::
quantum,svc,12,pauli_xz_r1_full__as2__svc__d12,pauli_xz_r1_full__as2,ood_test,train_cv,100.0,0.9326105419665616,0.010002374649047852,0.92,0.9202355803085589,0.92,0.92,0.9636386915050251,0.9695894944778223,port_protocol_service_ablation,88,74,14,src_port|dst_port|proto_icmp|proto_tcp|proto_udp|service|service_dce_rpc|service_dns|service_ftp|service_gssapi|service_http|service_smb|service_smb_gssapi|service_ssl,ksf-v4-idsplit::
quantum,svc,12,zmap_r2__as2__svc__d12,zmap_r2__as2,id_val,fixed_c1,1.0,,0.004999399185180664,0.896414342629482,0.9071428571428571,0.8963995427990856,0.8976377952755905,0.9694980694980695,0.981678937416521,port_protocol_service_ablation,88,74,14,src_port|dst_port|proto_icmp|proto_tcp|proto_udp|service|service_dce_rpc|service_dns|service_ftp|service_gssapi|service_http|service_smb|service_smb_gssapi|service_ssl,ksf-v4-idsplit::
quantum,svc,12,zmap_r2__as2__svc__d12,zmap_r2__as2,id_test,fixed_c1,1.0,,0.004999399185180664,0.8995983935742972,0.9100719424460432,0.8995724772122288,0.9011857707509882,0.9637671680837149,0.9785862768879032,port_protocol_service_ablation,88,74,14,src_port|dst_port|proto_icmp|proto_tcp|proto_udp|service|service_dce_rpc|service_dns|service_ftp|service_gssapi|service_http|service_smb|service_smb_gssapi|service_ssl,ksf-v4-idsplit::
quantum,svc,12,zmap_r2__as2__svc__d12,zmap_r2__as2,ood_test,fixed_c1,1.0,,0.004999399185180664,0.9,0.9002944753856987,0.8999983999743996,0.900398406374502,0.9321426285128993,0.9120252671709127,port_protocol_service_ablation,88,74,14,src_port|dst_port|proto_icmp|proto_tcp|proto_udp|service|service_dce_rpc|service_dns|service_ftp|service_gssapi|service_http|service_smb|service_smb_gssapi|service_ssl,ksf-v4-idsplit::
quantum,svc,12,zmap_r2__as2__svc__d12,zmap_r2__as2,id_val,train_cv,100.0,0.9366109420065657,0.006997108459472656,0.9402390438247012,0.9454954954954955,0.9399952187425293,0.9438202247191011,0.9767696267696268,0.9881230749072386,port_protocol_service_ablation,88,74,14,src_port|dst_port|proto_icmp|proto_tcp|proto_udp|service|service_dce_rpc|service_dns|service_ftp|service_gssapi|service_http|service_smb|service_smb_gssapi|service_ssl,ksf-v4-idsplit::
quantum,svc,12,zmap_r2__as2__svc__d12,zmap_r2__as2,id_test,train_cv,100.0,0.9366109420065657,0.006997108459472656,0.9397590361445783,0.9450948332243296,0.9395092720058305,0.9433962264150944,0.9512753433616743,0.9763082463694569,port_protocol_service_ablation,88,74,14,src_port|dst_port|proto_icmp|proto_tcp|proto_udp|service|service_dce_rpc|service_dns|service_ftp|service_gssapi|service_http|service_smb|service_smb_gssapi|service_ssl,ksf-v4-idsplit::
quantum,svc,12,zmap_r2__as2__svc__d12,zmap_r2__as2,ood_test,train_cv,100.0,0.9366109420065657,0.006997108459472656,0.92,0.9202355803085589,0.92,0.92,0.9588374623903719,0.9671910713575901,port_protocol_service_ablation,88,74,14,src_port|dst_port|proto_icmp|proto_tcp|proto_udp|service|service_dce_rpc|service_dns|service_ftp|service_gssapi|service_http|service_smb|service_smb_gssapi|service_ssl,ksf-v4-idsplit::
