n_id,n_val,n_test,pos_rate_val,pos_rate_test,overlap,class_balance_gap
1000,501,499,0.5469061876247505,0.5470941883767535,0,0.00018800075200298139
