family,model,dim,cfg,kernel,split,regularization,c_selected,c_cv_score,fit_seconds,accuracy,balanced_accuracy,f1_macro,f1_pos,roc_auc,pr_auc,feature_policy,n_input_features,n_retained_features,n_removed_features,removed_features,id_split_hash_salt
classical_ext,svc,4,linear__svc__d4,linear,id_val,fixed_c1,1.0,,0.008757591247558594,0.8167330677290837,0.8167936507936508,0.8167068834137668,0.8145161290322581,0.8455873015873016,0.8000411205668642,port_protocol_service_ablation,39,36,3,ct_src_dport_ltm|ct_dst_sport_ltm|is_sm_ips_ports,ksf-v4-idsplit::
classical_ext,svc,4,linear__svc__d4,linear,id_test,fixed_c1,1.0,,0.008757591247558594,0.7751004016064257,0.7751935483870968,0.7750096811669033,0.7704918032786885,0.8283870967741936,0.7887904741509563,port_protocol_service_ablation,39,36,3,ct_src_dport_ltm|ct_dst_sport_ltm|is_sm_ips_ports,ksf-v4-idsplit::
classical_ext,svc,4,linear__svc__d4,linear,ood_test,fixed_c1,1.0,,0.008757591247558594,0.754,0.7508366559382555,0.7495020589708812,0.783068783068783,0.7974732190036988,0.7157561904933261,port_protocol_service_ablation,39,36,3,ct_src_dport_ltm|ct_dst_sport_ltm|is_sm_ips_ports,ksf-v4-idsplit::
classical_ext,svc,4,linear__svc__d4,linear,id_val,train_cv,1.0,0.8069445944594458,0.009513139724731445,0.8167330677290837,0.8167936507936508,0.8167068834137668,0.8145161290322581,0.8455873015873016,0.8000411205668642,port_protocol_service_ablation,39,36,3,ct_src_dport_ltm|ct_dst_sport_ltm|is_sm_ips_ports,ksf-v4-idsplit::
classical_ext,svc,4,linear__svc__d4,linear,id_test,train_cv,1.0,0.8069445944594458,0.009513139724731445,0.7751004016064257,0.7751935483870968,0.7750096811669033,0.7704918032786885,0.8283870967741936,0.7887904741509563,port_protocol_service_ablation,39,36,3,ct_src_dport_ltm|ct_dst_sport_ltm|is_sm_ips_ports,ksf-v4-idsplit::
classical_ext,svc,4,linear__svc__d4,linear,ood_test,train_cv,1.0,0.8069445944594458,0.009513139724731445,0.754,0.7508366559382555,0.7495020589708812,0.783068783068783,0.7974732190036988,0.7157561904933261,port_protocol_service_ablation,39,36,3,ct_src_dport_ltm|ct_dst_sport_ltm|is_sm_ips_ports,ksf-v4-idsplit::
classical_ext,svc,4,rbf_gscale__svc__d4,rbf_gscale,id_val,fixed_c1,1.0,,0.008001327514648438,0.900398406374502,0.9,0.8993180906538307,0.9097472924187726,0.9596190476190476,0.9392662270141134,port_protocol_service_ablation,39,36,3,ct_src_dport_ltm|ct_dst_sport_ltm|is_sm_ips_ports,ksf-v4-idsplit::
classical_ext,svc,4,rbf_gscale__svc__d4,rbf_gscale,id_test,fixed_c1,1.0,,0.008001327514648438,0.8714859437751004,0.871,0.8694626474442988,0.8857142857142857,0.904,0.841757796068032,port_protocol_service_ablation,39,36,3,ct_src_dport_ltm|ct_dst_sport_ltm|is_sm_ips_ports,ksf-v4-idsplit::
classical_ext,svc,4,rbf_gscale__svc__d4,rbf_gscale,ood_test,fixed_c1,1.0,,0.008001327514648438,0.758,0.7514771580919442,0.741310380508913,0.8070175438596491,0.7768970873164561,0.67745333717182,port_protocol_service_ablation,39,36,3,ct_src_dport_ltm|ct_dst_sport_ltm|is_sm_ips_ports,ksf-v4-idsplit::
classical_ext,svc,4,rbf_gscale__svc__d4,rbf_gscale,id_val,train_cv,10.0,0.8878611861186119,0.009000539779663086,0.900398406374502,0.9,0.8993180906538307,0.9097472924187726,0.9697142857142858,0.9636490427716945,port_protocol_service_ablation,39,36,3,ct_src_dport_ltm|ct_dst_sport_ltm|is_sm_ips_ports,ksf-v4-idsplit::
classical_ext,svc,4,rbf_gscale__svc__d4,rbf_gscale,id_test,train_cv,10.0,0.8878611861186119,0.009000539779663086,0.8714859437751004,0.871,0.8694626474442988,0.8857142857142857,0.9359354838709677,0.9185015043128246,port_protocol_service_ablation,39,36,3,ct_src_dport_ltm|ct_dst_sport_ltm|is_sm_ips_ports,ksf-v4-idsplit::
classical_ext,svc,4,rbf_gscale__svc__d4,rbf_gscale,ood_test,train_cv,10.0,0.8878611861186119,0.009000539779663086,0.76,0.7535347712606684,0.7437255471459568,0.8083067092651757,0.8319002097644553,0.7601273535057647,port_protocol_service_ablation,39,36,3,ct_src_dport_ltm|ct_dst_sport_ltm|is_sm_ips_ports,ksf-v4-idsplit::
classical_ext,svc,4,poly2__svc__d4,poly2,id_val,fixed_c1,1.0,,0.007005929946899414,0.896414342629482,0.896,0.8952016957862281,0.9064748201438849,0.8645079365079366,0.7487405138646814,port_protocol_service_ablation,39,36,3,ct_src_dport_ltm|ct_dst_sport_ltm|is_sm_ips_ports,ksf-v4-idsplit::
classical_ext,svc,4,poly2__svc__d4,poly2,id_test,fixed_c1,1.0,,0.007005929946899414,0.8594377510040161,0.8589032258064516,0.8567671953324021,0.8763250883392226,0.8866451612903226,0.8025411124043624,port_protocol_service_ablation,39,36,3,ct_src_dport_ltm|ct_dst_sport_ltm|is_sm_ips_ports,ksf-v4-idsplit::
classical_ext,svc,4,poly2__svc__d4,poly2,ood_test,fixed_c1,1.0,,0.007005929946899414,0.736,0.728843413235977,0.7142312821489808,0.7931034482758621,0.6950409120750669,0.585746219341789,port_protocol_service_ablation,39,36,3,ct_src_dport_ltm|ct_dst_sport_ltm|is_sm_ips_ports,ksf-v4-idsplit::
classical_ext,svc,4,poly2__svc__d4,poly2,id_val,train_cv,100.0,0.8878611861186119,0.02022576332092285,0.900398406374502,0.9,0.8993180906538307,0.9097472924187726,0.9443174603174603,0.8827986706425824,port_protocol_service_ablation,39,36,3,ct_src_dport_ltm|ct_dst_sport_ltm|is_sm_ips_ports,ksf-v4-idsplit::
classical_ext,svc,4,poly2__svc__d4,poly2,id_test,train_cv,100.0,0.8878611861186119,0.02022576332092285,0.8714859437751004,0.871,0.8694626474442988,0.8857142857142857,0.918,0.8621097948577896,port_protocol_service_ablation,39,36,3,ct_src_dport_ltm|ct_dst_sport_ltm|is_sm_ips_ports,ksf-v4-idsplit::
classical_ext,svc,4,poly2__svc__d4,poly2,ood_test,train_cv,100.0,0.8878611861186119,0.02022576332092285,0.756,0.7494195449232198,0.7388877474145606,0.8057324840764332,0.746729435877728,0.6223528064003674,port_protocol_service_ablation,39,36,3,ct_src_dport_ltm|ct_dst_sport_ltm|is_sm_ips_ports,ksf-v4-idsplit::
classical_ext,svc,4,poly3__svc__d4,poly3,id_val,fixed_c1,1.0,,0.008819103240966797,0.896414342629482,0.896,0.8952016957862281,0.9064748201438849,0.8987936507936509,0.8118442521338728,port_protocol_service_ablation,39,36,3,ct_src_dport_ltm|ct_dst_sport_ltm|is_sm_ips_ports,ksf-v4-idsplit::
classical_ext,svc,4,poly3__svc__d4,poly3,id_test,fixed_c1,1.0,,0.008819103240966797,0.8594377510040161,0.8589032258064516,0.8567671953324021,0.8763250883392226,0.9043225806451614,0.8317342784838402,port_protocol_service_ablation,39,36,3,ct_src_dport_ltm|ct_dst_sport_ltm|is_sm_ips_ports,ksf-v4-idsplit::
classical_ext,svc,4,poly3__svc__d4,poly3,ood_test,fixed_c1,1.0,,0.008819103240966797,0.736,0.728843413235977,0.7142312821489808,0.7931034482758621,0.7345919200653311,0.6173082471726765,port_protocol_service_ablation,39,36,3,ct_src_dport_ltm|ct_dst_sport_ltm|is_sm_ips_ports,ksf-v4-idsplit::
classical_ext,svc,4,poly3__svc__d4,poly3,id_val,train_cv,100.0,0.8878611861186119,0.020000696182250977,0.900398406374502,0.9,0.8993180906538307,0.9097472924187726,0.9574603174603175,0.942102555041979,port_protocol_service_ablation,39,36,3,ct_src_dport_ltm|ct_dst_sport_ltm|is_sm_ips_ports,ksf-v4-idsplit::
classical_ext,svc,4,poly3__svc__d4,poly3,id_test,train_cv,100.0,0.8878611861186119,0.020000696182250977,0.8714859437751004,0.871,0.8694626474442988,0.8857142857142857,0.921741935483871,0.8728019854222082,port_protocol_service_ablation,39,36,3,ct_src_dport_ltm|ct_dst_sport_ltm|is_sm_ips_ports,ksf-v4-idsplit::
classical_ext,svc,4,poly3__svc__d4,poly3,ood_test,train_cv,100.0,0.8878611861186119,0.020000696182250977,0.758,0.7514771580919442,0.741310380508913,0.8070175438596491,0.7902035195593345,0.6983047472727676,port_protocol_service_ablation,39,36,3,ct_src_dport_ltm|ct_dst_sport_ltm|is_sm_ips_ports,ksf-v4-idsplit::
classical_ext,svc,4,laplacian_med__svc__d4,laplacian_med,id_val,fixed_c1,1.0,,0.005512714385986328,0.896414342629482,0.896,0.8952016957862281,0.9064748201438849,0.9656507936507936,0.9476406192851705,port_protocol_service_ablation,39,36,3,ct_src_dport_ltm|ct_dst_sport_ltm|is_sm_ips_ports,ksf-v4-idsplit::
classical_ext,svc,4,laplacian_med__svc__d4,laplacian_med,id_test,fixed_c1,1.0,,0.005512714385986328,0.8714859437751004,0.871,0.8694626474442988,0.8857142857142857,0.9283870967741935,0.8895914219625753,port_protocol_service_ablation,39,36,3,ct_src_dport_ltm|ct_dst_sport_ltm|is_sm_ips_ports,ksf-v4-idsplit::
classical_ext,svc,4,laplacian_med__svc__d4,laplacian_med,ood_test,fixed_c1,1.0,,0.005512714385986328,0.756,0.7494195449232198,0.7388877474145606,0.8057324840764332,0.8670637780019536,0.8033943418495626,port_protocol_service_ablation,39,36,3,ct_src_dport_ltm|ct_dst_sport_ltm|is_sm_ips_ports,ksf-v4-idsplit::
classical_ext,svc,4,laplacian_med__svc__d4,laplacian_med,id_val,train_cv,100.0,0.8891110111011102,0.010553359985351562,0.896414342629482,0.8962857142857144,0.8962809917355372,0.9,0.9674920634920635,0.9615216298791553,port_protocol_service_ablation,39,36,3,ct_src_dport_ltm|ct_dst_sport_ltm|is_sm_ips_ports,ksf-v4-idsplit::
classical_ext,svc,4,laplacian_med__svc__d4,laplacian_med,id_test,train_cv,100.0,0.8891110111011102,0.010553359985351562,0.8554216867469879,0.8553225806451613,0.8553073347107438,0.859375,0.9351612903225806,0.9158516172457988,port_protocol_service_ablation,39,36,3,ct_src_dport_ltm|ct_dst_sport_ltm|is_sm_ips_ports,ksf-v4-idsplit::
classical_ext,svc,4,laplacian_med__svc__d4,laplacian_med,ood_test,train_cv,100.0,0.8891110111011102,0.010553359985351562,0.834,0.8307873372724215,0.8307773233457973,0.8541300527240774,0.8829802565211126,0.8298769610797254,port_protocol_service_ablation,39,36,3,ct_src_dport_ltm|ct_dst_sport_ltm|is_sm_ips_ports,ksf-v4-idsplit::
classical_ext,svc,4,matern15_med__svc__d4,matern15_med,id_val,fixed_c1,1.0,,0.006998300552368164,0.896414342629482,0.896,0.8952016957862281,0.9064748201438849,0.9466666666666667,0.9145938966833748,port_protocol_service_ablation,39,36,3,ct_src_dport_ltm|ct_dst_sport_ltm|is_sm_ips_ports,ksf-v4-idsplit::
classical_ext,svc,4,matern15_med__svc__d4,matern15_med,id_test,fixed_c1,1.0,,0.006998300552368164,0.8594377510040161,0.8589032258064516,0.8567671953324021,0.8763250883392226,0.9063225806451612,0.8377839155966526,port_protocol_service_ablation,39,36,3,ct_src_dport_ltm|ct_dst_sport_ltm|is_sm_ips_ports,ksf-v4-idsplit::
classical_ext,svc,4,matern15_med__svc__d4,matern15_med,ood_test,fixed_c1,1.0,,0.006998300552368164,0.736,0.728843413235977,0.7142312821489808,0.7931034482758621,0.7559686794446846,0.6613269866015631,port_protocol_service_ablation,39,36,3,ct_src_dport_ltm|ct_dst_sport_ltm|is_sm_ips_ports,ksf-v4-idsplit::
classical_ext,svc,4,matern15_med__svc__d4,matern15_med,id_val,train_cv,10.0,0.8878611861186119,0.0060002803802490234,0.900398406374502,0.9,0.8993180906538307,0.9097472924187726,0.9737777777777777,0.9688993993793203,port_protocol_service_ablation,39,36,3,ct_src_dport_ltm|ct_dst_sport_ltm|is_sm_ips_ports,ksf-v4-idsplit::
classical_ext,svc,4,matern15_med__svc__d4,matern15_med,id_test,train_cv,10.0,0.8878611861186119,0.0060002803802490234,0.8714859437751004,0.871,0.8694626474442988,0.8857142857142857,0.9378709677419355,0.9307607232649294,port_protocol_service_ablation,39,36,3,ct_src_dport_ltm|ct_dst_sport_ltm|is_sm_ips_ports,ksf-v4-idsplit::
classical_ext,svc,4,matern15_med__svc__d4,matern15_med,ood_test,train_cv,10.0,0.8878611861186119,0.0060002803802490234,0.756,0.7494195449232198,0.7388877474145606,0.8057324840764332,0.8626603256953452,0.8023493258351948,port_protocol_service_ablation,39,36,3,ct_src_dport_ltm|ct_dst_sport_ltm|is_sm_ips_ports,ksf-v4-idsplit::
classical_ext,svc,4,matern25_med__svc__d4,matern25_med,id_val,fixed_c1,1.0,,0.006003856658935547,0.896414342629482,0.896,0.8952016957862281,0.9064748201438849,0.9344761904761905,0.884754487977514,port_protocol_service_ablation,39,36,3,ct_src_dport_ltm|ct_dst_sport_ltm|is_sm_ips_ports,ksf-v4-idsplit::
classical_ext,svc,4,matern25_med__svc__d4,matern25_med,id_test,fixed_c1,1.0,,0.006003856658935547,0.8594377510040161,0.8589032258064516,0.8567671953324021,0.8763250883392226,0.9036774193548387,0.83284023510282,port_protocol_service_ablation,39,36,3,ct_src_dport_ltm|ct_dst_sport_ltm|is_sm_ips_ports,ksf-v4-idsplit::
classical_ext,svc,4,matern25_med__svc__d4,matern25_med,ood_test,fixed_c1,1.0,,0.006003856658935547,0.736,0.728843413235977,0.7142312821489808,0.7931034482758621,0.7456085571087733,0.6467731151416862,port_protocol_service_ablation,39,36,3,ct_src_dport_ltm|ct_dst_sport_ltm|is_sm_ips_ports,ksf-v4-idsplit::
classical_ext,svc,4,matern25_med__svc__d4,matern25_med,id_val,train_cv,10.0,0.8878611861186119,0.007999420166015625,0.900398406374502,0.9,0.8993180906538307,0.9097472924187726,0.9718730158730159,0.9677078132094088,port_protocol_service_ablation,39,36,3,ct_src_dport_ltm|ct_dst_sport_ltm|is_sm_ips_ports,ksf-v4-idsplit::
classical_ext,svc,4,matern25_med__svc__d4,matern25_med,id_test,train_cv,10.0,0.8878611861186119,0.007999420166015625,0.8714859437751004,0.871,0.8694626474442988,0.8857142857142857,0.9272903225806451,0.8964482489463078,port_protocol_service_ablation,39,36,3,ct_src_dport_ltm|ct_dst_sport_ltm|is_sm_ips_ports,ksf-v4-idsplit::
classical_ext,svc,4,matern25_med__svc__d4,matern25_med,ood_test,train_cv,10.0,0.8878611861186119,0.007999420166015625,0.758,0.7514771580919442,0.741310380508913,0.8070175438596491,0.8140301996765463,0.7442021238587205,port_protocol_service_ablation,39,36,3,ct_src_dport_ltm|ct_dst_sport_ltm|is_sm_ips_ports,ksf-v4-idsplit::
classical_ext,svc,4,rbf_gscale_x0.1__svc__d4,rbf_gscale_x0.1,id_val,fixed_c1,1.0,,0.009001731872558594,0.896414342629482,0.896,0.8952016957862281,0.9064748201438849,0.889968253968254,0.8308286630988044,port_protocol_service_ablation,39,36,3,ct_src_dport_ltm|ct_dst_sport_ltm|is_sm_ips_ports,ksf-v4-idsplit::
classical_ext,svc,4,rbf_gscale_x0.1__svc__d4,rbf_gscale_x0.1,id_test,fixed_c1,1.0,,0.009001731872558594,0.8594377510040161,0.8589032258064516,0.8567671953324021,0.8763250883392226,0.893483870967742,0.8368881148913467,port_protocol_service_ablation,39,36,3,ct_src_dport_ltm|ct_dst_sport_ltm|is_sm_ips_ports,ksf-v4-idsplit::
classical_ext,svc,4,rbf_gscale_x0.1__svc__d4,rbf_gscale_x0.1,ood_test,fixed_c1,1.0,,0.009001731872558594,0.736,0.728843413235977,0.7142312821489808,0.7931034482758621,0.7315815599429953,0.6349723704855816,port_protocol_service_ablation,39,36,3,ct_src_dport_ltm|ct_dst_sport_ltm|is_sm_ips_ports,ksf-v4-idsplit::
classical_ext,svc,4,rbf_gscale_x0.1__svc__d4,rbf_gscale_x0.1,id_val,train_cv,100.0,0.8839007900790079,0.014000654220581055,0.896414342629482,0.896,0.8952016957862281,0.9064748201438849,0.9457142857142857,0.8966392916727645,port_protocol_service_ablation,39,36,3,ct_src_dport_ltm|ct_dst_sport_ltm|is_sm_ips_ports,ksf-v4-idsplit::
classical_ext,svc,4,rbf_gscale_x0.1__svc__d4,rbf_gscale_x0.1,id_test,train_cv,100.0,0.8839007900790079,0.014000654220581055,0.8674698795180723,0.8669677419354839,0.8652442724305887,0.8825622775800712,0.913483870967742,0.8531025849409142,port_protocol_service_ablation,39,36,3,ct_src_dport_ltm|ct_dst_sport_ltm|is_sm_ips_ports,ksf-v4-idsplit::
classical_ext,svc,4,rbf_gscale_x0.1__svc__d4,rbf_gscale_x0.1,ood_test,train_cv,100.0,0.8839007900790079,0.014000654220581055,0.748,0.7411890922483227,0.7291208035222896,0.8006329113924051,0.7684584714416103,0.671620261705622,port_protocol_service_ablation,39,36,3,ct_src_dport_ltm|ct_dst_sport_ltm|is_sm_ips_ports,ksf-v4-idsplit::
classical_ext,svc,4,rbf_gscale_x0.3__svc__d4,rbf_gscale_x0.3,id_val,fixed_c1,1.0,,0.00600886344909668,0.896414342629482,0.896,0.8952016957862281,0.9064748201438849,0.9206349206349207,0.8485389836830863,port_protocol_service_ablation,39,36,3,ct_src_dport_ltm|ct_dst_sport_ltm|is_sm_ips_ports,ksf-v4-idsplit::
classical_ext,svc,4,rbf_gscale_x0.3__svc__d4,rbf_gscale_x0.3,id_test,fixed_c1,1.0,,0.00600886344909668,0.8594377510040161,0.8589032258064516,0.8567671953324021,0.8763250883392226,0.898258064516129,0.8266687277499558,port_protocol_service_ablation,39,36,3,ct_src_dport_ltm|ct_dst_sport_ltm|is_sm_ips_ports,ksf-v4-idsplit::
classical_ext,svc,4,rbf_gscale_x0.3__svc__d4,rbf_gscale_x0.3,ood_test,fixed_c1,1.0,,0.00600886344909668,0.738,0.7309010264047013,0.7167334829672491,0.7943485086342229,0.7312773214199934,0.6313219368088259,port_protocol_service_ablation,39,36,3,ct_src_dport_ltm|ct_dst_sport_ltm|is_sm_ips_ports,ksf-v4-idsplit::
classical_ext,svc,4,rbf_gscale_x0.3__svc__d4,rbf_gscale_x0.3,id_val,train_cv,100.0,0.8878611861186119,0.020282745361328125,0.900398406374502,0.9,0.8993180906538307,0.9097472924187726,0.9723809523809523,0.9678697544888984,port_protocol_service_ablation,39,36,3,ct_src_dport_ltm|ct_dst_sport_ltm|is_sm_ips_ports,ksf-v4-idsplit::
classical_ext,svc,4,rbf_gscale_x0.3__svc__d4,rbf_gscale_x0.3,id_test,train_cv,100.0,0.8878611861186119,0.020282745361328125,0.8714859437751004,0.871,0.8694626474442988,0.8857142857142857,0.9404516129032259,0.9215066865603451,port_protocol_service_ablation,39,36,3,ct_src_dport_ltm|ct_dst_sport_ltm|is_sm_ips_ports,ksf-v4-idsplit::
classical_ext,svc,4,rbf_gscale_x0.3__svc__d4,rbf_gscale_x0.3,ood_test,train_cv,100.0,0.8878611861186119,0.020282745361328125,0.76,0.7535347712606684,0.7437255471459568,0.8083067092651757,0.8354710092712687,0.7757893730652858,port_protocol_service_ablation,39,36,3,ct_src_dport_ltm|ct_dst_sport_ltm|is_sm_ips_ports,ksf-v4-idsplit::
classical_ext,svc,4,rbf_gscale_x3__svc__d4,rbf_gscale_x3,id_val,fixed_c1,1.0,,0.006097316741943359,0.900398406374502,0.9,0.8993180906538307,0.9097472924187726,0.9726984126984126,0.9655711322788644,port_protocol_service_ablation,39,36,3,ct_src_dport_ltm|ct_dst_sport_ltm|is_sm_ips_ports,ksf-v4-idsplit::
classical_ext,svc,4,rbf_gscale_x3__svc__d4,rbf_gscale_x3,id_test,fixed_c1,1.0,,0.006097316741943359,0.8714859437751004,0.871,0.8694626474442988,0.8857142857142857,0.9281935483870968,0.9008747725407575,port_protocol_service_ablation,39,36,3,ct_src_dport_ltm|ct_dst_sport_ltm|is_sm_ips_ports,ksf-v4-idsplit::
classical_ext,svc,4,rbf_gscale_x3__svc__d4,rbf_gscale_x3,ood_test,fixed_c1,1.0,,0.006097316741943359,0.754,0.7473619317544955,0.7364575610968508,0.8044515103338633,0.8287777617652239,0.7427019550215774,port_protocol_service_ablation,39,36,3,ct_src_dport_ltm|ct_dst_sport_ltm|is_sm_ips_ports,ksf-v4-idsplit::
classical_ext,svc,4,rbf_gscale_x3__svc__d4,rbf_gscale_x3,id_val,train_cv,100.0,0.8995122512251225,0.010161399841308594,0.9322709163346613,0.932063492063492,0.9320595493989332,0.9358490566037736,0.9798095238095238,0.9764500377061271,port_protocol_service_ablation,39,36,3,ct_src_dport_ltm|ct_dst_sport_ltm|is_sm_ips_ports,ksf-v4-idsplit::
classical_ext,svc,4,rbf_gscale_x3__svc__d4,rbf_gscale_x3,id_test,train_cv,100.0,0.8995122512251225,0.010161399841308594,0.891566265060241,0.8912903225806452,0.8909966438056325,0.898876404494382,0.9512258064516129,0.9508314054605289,port_protocol_service_ablation,39,36,3,ct_src_dport_ltm|ct_dst_sport_ltm|is_sm_ips_ports,ksf-v4-idsplit::
classical_ext,svc,4,rbf_gscale_x3__svc__d4,rbf_gscale_x3,ood_test,train_cv,100.0,0.8995122512251225,0.010161399841308594,0.804,0.7992506124801845,0.7964981061864576,0.8355704697986577,0.8710028662471377,0.8087852824370805,port_protocol_service_ablation,39,36,3,ct_src_dport_ltm|ct_dst_sport_ltm|is_sm_ips_ports,ksf-v4-idsplit::
classical_ext,svc,4,rbf_gscale_x10__svc__d4,rbf_gscale_x10,id_val,fixed_c1,1.0,,0.00500035285949707,0.9083665338645418,0.9079999999999999,0.9075210252302763,0.9163636363636364,0.976190476190476,0.9644023926829601,port_protocol_service_ablation,39,36,3,ct_src_dport_ltm|ct_dst_sport_ltm|is_sm_ips_ports,ksf-v4-idsplit::
classical_ext,svc,4,rbf_gscale_x10__svc__d4,rbf_gscale_x10,id_test,fixed_c1,1.0,,0.00500035285949707,0.8674698795180723,0.867,0.8655177493003388,0.8817204301075269,0.9429032258064516,0.9336607331169994,port_protocol_service_ablation,39,36,3,ct_src_dport_ltm|ct_dst_sport_ltm|is_sm_ips_ports,ksf-v4-idsplit::
classical_ext,svc,4,rbf_gscale_x10__svc__d4,rbf_gscale_x10,ood_test,fixed_c1,1.0,,0.00500035285949707,0.768,0.7617652239355654,0.7533132581364093,0.8135048231511254,0.8886487005812556,0.8457339497688167,port_protocol_service_ablation,39,36,3,ct_src_dport_ltm|ct_dst_sport_ltm|is_sm_ips_ports,ksf-v4-idsplit::
classical_ext,svc,4,rbf_gscale_x10__svc__d4,rbf_gscale_x10,id_val,train_cv,100.0,0.9001225122512251,0.02050328254699707,0.9362549800796812,0.9362222222222223,0.936245872491745,0.937007874015748,0.9733968253968255,0.9740509344490396,port_protocol_service_ablation,39,36,3,ct_src_dport_ltm|ct_dst_sport_ltm|is_sm_ips_ports,ksf-v4-idsplit::
classical_ext,svc,4,rbf_gscale_x10__svc__d4,rbf_gscale_x10,id_test,train_cv,100.0,0.9001225122512251,0.02050328254699707,0.8554216867469879,0.8553225806451613,0.8553073347107438,0.859375,0.9222580645161291,0.9286299081704631,port_protocol_service_ablation,39,36,3,ct_src_dport_ltm|ct_dst_sport_ltm|is_sm_ips_ports,ksf-v4-idsplit::
classical_ext,svc,4,rbf_gscale_x10__svc__d4,rbf_gscale_x10,ood_test,train_cv,100.0,0.9001225122512251,0.02050328254699707,0.838,0.8344542121022882,0.8342710997442455,0.8591304347826086,0.866119037325263,0.8023468901234314,port_protocol_service_ablation,39,36,3,ct_src_dport_ltm|ct_dst_sport_ltm|is_sm_ips_ports,ksf-v4-idsplit::
classical_ext,svc,4,laplacian_med_x0.1__svc__d4,laplacian_med_x0.1,id_val,fixed_c1,1.0,,0.010564088821411133,0.9043824701195219,0.9042539682539683,0.9042593769866497,0.9076923076923077,0.9724444444444444,0.9696931130513794,port_protocol_service_ablation,39,36,3,ct_src_dport_ltm|ct_dst_sport_ltm|is_sm_ips_ports,ksf-v4-idsplit::
classical_ext,svc,4,laplacian_med_x0.1__svc__d4,laplacian_med_x0.1,id_test,fixed_c1,1.0,,0.010564088821411133,0.8634538152610441,0.8631290322580645,0.8624756335282651,0.8740740740740741,0.9524516129032258,0.9514042416551111,port_protocol_service_ablation,39,36,3,ct_src_dport_ltm|ct_dst_sport_ltm|is_sm_ips_ports,ksf-v4-idsplit::
classical_ext,svc,4,laplacian_med_x0.1__svc__d4,laplacian_med_x0.1,ood_test,fixed_c1,1.0,,0.010564088821411133,0.812,0.8074810651550816,0.8054120296767355,0.8412162162162162,0.9109541880834575,0.8599194639601064,port_protocol_service_ablation,39,36,3,ct_src_dport_ltm|ct_dst_sport_ltm|is_sm_ips_ports,ksf-v4-idsplit::
classical_ext,svc,4,laplacian_med_x0.1__svc__d4,laplacian_med_x0.1,id_val,train_cv,1.0,0.8955316531653166,0.006999969482421875,0.9043824701195219,0.9042539682539683,0.9042593769866497,0.9076923076923077,0.9724444444444444,0.9696931130513794,port_protocol_service_ablation,39,36,3,ct_src_dport_ltm|ct_dst_sport_ltm|is_sm_ips_ports,ksf-v4-idsplit::
classical_ext,svc,4,laplacian_med_x0.1__svc__d4,laplacian_med_x0.1,id_test,train_cv,1.0,0.8955316531653166,0.006999969482421875,0.8634538152610441,0.8631290322580645,0.8624756335282651,0.8740740740740741,0.9524516129032258,0.9514042416551111,port_protocol_service_ablation,39,36,3,ct_src_dport_ltm|ct_dst_sport_ltm|is_sm_ips_ports,ksf-v4-idsplit::
classical_ext,svc,4,laplacian_med_x0.1__svc__d4,laplacian_med_x0.1,ood_test,train_cv,1.0,0.8955316531653166,0.006999969482421875,0.812,0.8074810651550816,0.8054120296767355,0.8412162162162162,0.9109541880834575,0.8599194639601064,port_protocol_service_ablation,39,36,3,ct_src_dport_ltm|ct_dst_sport_ltm|is_sm_ips_ports,ksf-v4-idsplit::
classical_ext,svc,4,laplacian_med_x0.3__svc__d4,laplacian_med_x0.3,id_val,fixed_c1,1.0,,0.00500178337097168,0.900398406374502,0.9,0.8993180906538307,0.9097472924187726,0.9761904761904762,0.9710191733765208,port_protocol_service_ablation,39,36,3,ct_src_dport_ltm|ct_dst_sport_ltm|is_sm_ips_ports,ksf-v4-idsplit::
classical_ext,svc,4,laplacian_med_x0.3__svc__d4,laplacian_med_x0.3,id_test,fixed_c1,1.0,,0.00500178337097168,0.8755020080321285,0.8750645161290322,0.8739075746933042,0.8880866425992779,0.9479354838709677,0.938306271589071,port_protocol_service_ablation,39,36,3,ct_src_dport_ltm|ct_dst_sport_ltm|is_sm_ips_ports,ksf-v4-idsplit::
classical_ext,svc,4,laplacian_med_x0.3__svc__d4,laplacian_med_x0.3,ood_test,fixed_c1,1.0,,0.00500178337097168,0.758,0.7515892459688396,0.7418666666666667,0.8064,0.9043730284543082,0.8572275113978658,port_protocol_service_ablation,39,36,3,ct_src_dport_ltm|ct_dst_sport_ltm|is_sm_ips_ports,ksf-v4-idsplit::
classical_ext,svc,4,laplacian_med_x0.3__svc__d4,laplacian_med_x0.3,id_val,train_cv,10.0,0.8902815281528152,0.007749080657958984,0.9083665338645418,0.9082857142857144,0.9083141427777337,0.9105058365758755,0.9663492063492063,0.9661339643013257,port_protocol_service_ablation,39,36,3,ct_src_dport_ltm|ct_dst_sport_ltm|is_sm_ips_ports,ksf-v4-idsplit::
classical_ext,svc,4,laplacian_med_x0.3__svc__d4,laplacian_med_x0.3,id_test,train_cv,10.0,0.8902815281528152,0.007749080657958984,0.8634538152610441,0.8633870967741936,0.8633987349941913,0.8661417322834646,0.9378709677419355,0.9326684138002059,port_protocol_service_ablation,39,36,3,ct_src_dport_ltm|ct_dst_sport_ltm|is_sm_ips_ports,ksf-v4-idsplit::
classical_ext,svc,4,laplacian_med_x0.3__svc__d4,laplacian_med_x0.3,ood_test,train_cv,10.0,0.8902815281528152,0.007749080657958984,0.832,0.8283934604730109,0.8280267295597484,0.8541666666666666,0.8939488559030279,0.8305809417198595,port_protocol_service_ablation,39,36,3,ct_src_dport_ltm|ct_dst_sport_ltm|is_sm_ips_ports,ksf-v4-idsplit::
classical_ext,svc,4,laplacian_med_x3__svc__d4,laplacian_med_x3,id_val,fixed_c1,1.0,,0.006921529769897461,0.8924302788844621,0.892,0.8910747866338782,0.9032258064516129,0.9361269841269841,0.8840014497097808,port_protocol_service_ablation,39,36,3,ct_src_dport_ltm|ct_dst_sport_ltm|is_sm_ips_ports,ksf-v4-idsplit::
classical_ext,svc,4,laplacian_med_x3__svc__d4,laplacian_med_x3,id_test,fixed_c1,1.0,,0.006921529769897461,0.8594377510040161,0.8589032258064516,0.8567671953324021,0.8763250883392226,0.9093548387096775,0.8375797191248243,port_protocol_service_ablation,39,36,3,ct_src_dport_ltm|ct_dst_sport_ltm|is_sm_ips_ports,ksf-v4-idsplit::
classical_ext,svc,4,laplacian_med_x3__svc__d4,laplacian_med_x3,ood_test,fixed_c1,1.0,,0.006921529769897461,0.736,0.728843413235977,0.7142312821489808,0.7931034482758621,0.7993787129109222,0.7143022420622184,port_protocol_service_ablation,39,36,3,ct_src_dport_ltm|ct_dst_sport_ltm|is_sm_ips_ports,ksf-v4-idsplit::
classical_ext,svc,4,laplacian_med_x3__svc__d4,laplacian_med_x3,id_val,train_cv,10.0,0.8888512851285129,0.004510641098022461,0.900398406374502,0.9,0.8993180906538307,0.9097472924187726,0.9593650793650793,0.9328808352494624,port_protocol_service_ablation,39,36,3,ct_src_dport_ltm|ct_dst_sport_ltm|is_sm_ips_ports,ksf-v4-idsplit::
classical_ext,svc,4,laplacian_med_x3__svc__d4,laplacian_med_x3,id_test,train_cv,10.0,0.8888512851285129,0.004510641098022461,0.8755020080321285,0.8750645161290322,0.8739075746933042,0.8880866425992779,0.9385806451612904,0.9112016020679936,port_protocol_service_ablation,39,36,3,ct_src_dport_ltm|ct_dst_sport_ltm|is_sm_ips_ports,ksf-v4-idsplit::
classical_ext,svc,4,laplacian_med_x3__svc__d4,laplacian_med_x3,ood_test,train_cv,10.0,0.8888512851285129,0.004510641098022461,0.76,0.7535347712606684,0.7437255471459568,0.8083067092651757,0.8899777425501594,0.8419062118413176,port_protocol_service_ablation,39,36,3,ct_src_dport_ltm|ct_dst_sport_ltm|is_sm_ips_ports,ksf-v4-idsplit::
classical_ext,svc,4,laplacian_med_x10__svc__d4,laplacian_med_x10,id_val,fixed_c1,1.0,,0.004998922348022461,0.8924302788844621,0.892,0.8910747866338782,0.9032258064516129,0.9267936507936508,0.880998938254073,port_protocol_service_ablation,39,36,3,ct_src_dport_ltm|ct_dst_sport_ltm|is_sm_ips_ports,ksf-v4-idsplit::
classical_ext,svc,4,laplacian_med_x10__svc__d4,laplacian_med_x10,id_test,fixed_c1,1.0,,0.004998922348022461,0.8594377510040161,0.8589032258064516,0.8567671953324021,0.8763250883392226,0.883225806451613,0.810402920869857,port_protocol_service_ablation,39,36,3,ct_src_dport_ltm|ct_dst_sport_ltm|is_sm_ips_ports,ksf-v4-idsplit::
classical_ext,svc,4,laplacian_med_x10__svc__d4,laplacian_med_x10,ood_test,fixed_c1,1.0,,0.004998922348022461,0.736,0.728843413235977,0.7142312821489808,0.7931034482758621,0.7652399481193255,0.7017439180037808,port_protocol_service_ablation,39,36,3,ct_src_dport_ltm|ct_dst_sport_ltm|is_sm_ips_ports,ksf-v4-idsplit::
classical_ext,svc,4,laplacian_med_x10__svc__d4,laplacian_med_x10,id_val,train_cv,10.0,0.886871087108711,0.005999088287353516,0.900398406374502,0.9,0.8993180906538307,0.9097472924187726,0.9359999999999999,0.8840780274544556,port_protocol_service_ablation,39,36,3,ct_src_dport_ltm|ct_dst_sport_ltm|is_sm_ips_ports,ksf-v4-idsplit::
classical_ext,svc,4,laplacian_med_x10__svc__d4,laplacian_med_x10,id_test,train_cv,10.0,0.886871087108711,0.005999088287353516,0.8714859437751004,0.871,0.8694626474442988,0.8857142857142857,0.917483870967742,0.8543063236641111,port_protocol_service_ablation,39,36,3,ct_src_dport_ltm|ct_dst_sport_ltm|is_sm_ips_ports,ksf-v4-idsplit::
classical_ext,svc,4,laplacian_med_x10__svc__d4,laplacian_med_x10,ood_test,train_cv,10.0,0.886871087108711,0.005999088287353516,0.754,0.7473619317544955,0.7364575610968508,0.8044515103338633,0.8205152839826424,0.7427084920934875,port_protocol_service_ablation,39,36,3,ct_src_dport_ltm|ct_dst_sport_ltm|is_sm_ips_ports,ksf-v4-idsplit::
classical_ext,svc,4,matern15_med_x0.1__svc__d4,matern15_med_x0.1,id_val,fixed_c1,1.0,,0.00599980354309082,0.9083665338645418,0.9082539682539683,0.9082733527177971,0.9111969111969112,0.9753015873015873,0.971177680187838,port_protocol_service_ablation,39,36,3,ct_src_dport_ltm|ct_dst_sport_ltm|is_sm_ips_ports,ksf-v4-idsplit::
classical_ext,svc,4,matern15_med_x0.1__svc__d4,matern15_med_x0.1,id_test,fixed_c1,1.0,,0.00599980354309082,0.8795180722891566,0.8791935483870967,0.8786549707602339,0.8888888888888888,0.943483870967742,0.9350739028404624,port_protocol_service_ablation,39,36,3,ct_src_dport_ltm|ct_dst_sport_ltm|is_sm_ips_ports,ksf-v4-idsplit::
classical_ext,svc,4,matern15_med_x0.1__svc__d4,matern15_med_x0.1,ood_test,fixed_c1,1.0,,0.00599980354309082,0.814,0.8094265904469103,0.8073345459517467,0.8431703204047217,0.910089510175978,0.8767057538365145,port_protocol_service_ablation,39,36,3,ct_src_dport_ltm|ct_dst_sport_ltm|is_sm_ips_ports,ksf-v4-idsplit::
classical_ext,svc,4,matern15_med_x0.1__svc__d4,matern15_med_x0.1,id_val,train_cv,100.0,0.8970821082108211,0.008481025695800781,0.9163346613545816,0.9163174603174603,0.9163293490166198,0.9169960474308301,0.9582857142857143,0.9544663303544049,port_protocol_service_ablation,39,36,3,ct_src_dport_ltm|ct_dst_sport_ltm|is_sm_ips_ports,ksf-v4-idsplit::
classical_ext,svc,4,matern15_med_x0.1__svc__d4,matern15_med_x0.1,id_test,train_cv,100.0,0.8970821082108211,0.008481025695800781,0.8594377510040161,0.8593548387096774,0.8593560881142581,0.8627450980392157,0.889483870967742,0.8548626554140913,port_protocol_service_ablation,39,36,3,ct_src_dport_ltm|ct_dst_sport_ltm|is_sm_ips_ports,ksf-v4-idsplit::
classical_ext,svc,4,matern15_med_x0.1__svc__d4,matern15_med_x0.1,ood_test,train_cv,100.0,0.8970821082108211,0.008481025695800781,0.842,0.8391298778242142,0.8394511260776081,0.8596802841918295,0.8662471377560008,0.7965409726622128,port_protocol_service_ablation,39,36,3,ct_src_dport_ltm|ct_dst_sport_ltm|is_sm_ips_ports,ksf-v4-idsplit::
classical_ext,svc,4,matern15_med_x0.3__svc__d4,matern15_med_x0.3,id_val,fixed_c1,1.0,,0.006558895111083984,0.900398406374502,0.9,0.8993180906538307,0.9097472924187726,0.9766349206349206,0.9681855763138166,port_protocol_service_ablation,39,36,3,ct_src_dport_ltm|ct_dst_sport_ltm|is_sm_ips_ports,ksf-v4-idsplit::
classical_ext,svc,4,matern15_med_x0.3__svc__d4,matern15_med_x0.3,id_test,fixed_c1,1.0,,0.006558895111083984,0.8714859437751004,0.871,0.8694626474442988,0.8857142857142857,0.9389677419354838,0.9271480856464387,port_protocol_service_ablation,39,36,3,ct_src_dport_ltm|ct_dst_sport_ltm|is_sm_ips_ports,ksf-v4-idsplit::
classical_ext,svc,4,matern15_med_x0.3__svc__d4,matern15_med_x0.3,ood_test,fixed_c1,1.0,,0.006558895111083984,0.756,0.7494195449232198,0.7388877474145606,0.8057324840764332,0.8813950136907335,0.8347929396541575,port_protocol_service_ablation,39,36,3,ct_src_dport_ltm|ct_dst_sport_ltm|is_sm_ips_ports,ksf-v4-idsplit::
classical_ext,svc,4,matern15_med_x0.3__svc__d4,matern15_med_x0.3,id_val,train_cv,100.0,0.9001825182518252,0.0094451904296875,0.9282868525896414,0.9283492063492063,0.9282766065532131,0.9274193548387096,0.9707936507936508,0.9734235720796789,port_protocol_service_ablation,39,36,3,ct_src_dport_ltm|ct_dst_sport_ltm|is_sm_ips_ports,ksf-v4-idsplit::
classical_ext,svc,4,matern15_med_x0.3__svc__d4,matern15_med_x0.3,id_test,train_cv,100.0,0.9001825182518252,0.0094451904296875,0.8594377510040161,0.8593225806451613,0.8592925069021748,0.8638132295719845,0.9336774193548387,0.9298328537052243,port_protocol_service_ablation,39,36,3,ct_src_dport_ltm|ct_dst_sport_ltm|is_sm_ips_ports,ksf-v4-idsplit::
classical_ext,svc,4,matern15_med_x0.3__svc__d4,matern15_med_x0.3,ood_test,train_cv,100.0,0.9001825182518252,0.0094451904296875,0.844,0.8406270516084611,0.840696686491079,0.8636363636363636,0.8698980000320252,0.8077046812245299,port_protocol_service_ablation,39,36,3,ct_src_dport_ltm|ct_dst_sport_ltm|is_sm_ips_ports,ksf-v4-idsplit::
classical_ext,svc,4,matern15_med_x3__svc__d4,matern15_med_x3,id_val,fixed_c1,1.0,,0.005053520202636719,0.896414342629482,0.896,0.8952016957862281,0.9064748201438849,0.8881269841269841,0.8298761707178222,port_protocol_service_ablation,39,36,3,ct_src_dport_ltm|ct_dst_sport_ltm|is_sm_ips_ports,ksf-v4-idsplit::
classical_ext,svc,4,matern15_med_x3__svc__d4,matern15_med_x3,id_test,fixed_c1,1.0,,0.005053520202636719,0.8594377510040161,0.8589032258064516,0.8567671953324021,0.8763250883392226,0.8892903225806452,0.8339225018863894,port_protocol_service_ablation,39,36,3,ct_src_dport_ltm|ct_dst_sport_ltm|is_sm_ips_ports,ksf-v4-idsplit::
classical_ext,svc,4,matern15_med_x3__svc__d4,matern15_med_x3,ood_test,fixed_c1,1.0,,0.005053520202636719,0.736,0.728843413235977,0.7142312821489808,0.7931034482758621,0.7327504763734768,0.6346608195453035,port_protocol_service_ablation,39,36,3,ct_src_dport_ltm|ct_dst_sport_ltm|is_sm_ips_ports,ksf-v4-idsplit::
classical_ext,svc,4,matern15_med_x3__svc__d4,matern15_med_x3,id_val,train_cv,100.0,0.8878611861186119,0.008006572723388672,0.900398406374502,0.9,0.8993180906538307,0.9097472924187726,0.9718730158730159,0.9669488770161548,port_protocol_service_ablation,39,36,3,ct_src_dport_ltm|ct_dst_sport_ltm|is_sm_ips_ports,ksf-v4-idsplit::
classical_ext,svc,4,matern15_med_x3__svc__d4,matern15_med_x3,id_test,train_cv,100.0,0.8878611861186119,0.008006572723388672,0.8714859437751004,0.871,0.8694626474442988,0.8857142857142857,0.9303225806451613,0.907965946708654,port_protocol_service_ablation,39,36,3,ct_src_dport_ltm|ct_dst_sport_ltm|is_sm_ips_ports,ksf-v4-idsplit::
classical_ext,svc,4,matern15_med_x3__svc__d4,matern15_med_x3,ood_test,train_cv,100.0,0.8878611861186119,0.008006572723388672,0.756,0.7494195449232198,0.7388877474145606,0.8057324840764332,0.8310195193031336,0.7685530941678298,port_protocol_service_ablation,39,36,3,ct_src_dport_ltm|ct_dst_sport_ltm|is_sm_ips_ports,ksf-v4-idsplit::
classical_ext,svc,4,matern15_med_x10__svc__d4,matern15_med_x10,id_val,fixed_c1,1.0,,0.008000612258911133,0.8645418326693227,0.8642222222222222,0.8635869565217391,0.875,0.918031746031746,0.8690887856202503,port_protocol_service_ablation,39,36,3,ct_src_dport_ltm|ct_dst_sport_ltm|is_sm_ips_ports,ksf-v4-idsplit::
classical_ext,svc,4,matern15_med_x10__svc__d4,matern15_med_x10,id_test,fixed_c1,1.0,,0.008000612258911133,0.8232931726907631,0.8229032258064517,0.8214937434827946,0.8394160583941606,0.8958064516129032,0.8382363846881378,port_protocol_service_ablation,39,36,3,ct_src_dport_ltm|ct_dst_sport_ltm|is_sm_ips_ports,ksf-v4-idsplit::
classical_ext,svc,4,matern15_med_x10__svc__d4,matern15_med_x10,ood_test,fixed_c1,1.0,,0.008000612258911133,0.72,0.7132792109013467,0.6996996996996997,0.7777777777777778,0.7811724391923268,0.6872938625917407,port_protocol_service_ablation,39,36,3,ct_src_dport_ltm|ct_dst_sport_ltm|is_sm_ips_ports,ksf-v4-idsplit::
classical_ext,svc,4,matern15_med_x10__svc__d4,matern15_med_x10,id_val,train_cv,100.0,0.882900790079008,0.005985260009765625,0.896414342629482,0.896,0.8952016957862281,0.9064748201438849,0.9166349206349207,0.8680002130814174,port_protocol_service_ablation,39,36,3,ct_src_dport_ltm|ct_dst_sport_ltm|is_sm_ips_ports,ksf-v4-idsplit::
classical_ext,svc,4,matern15_med_x10__svc__d4,matern15_med_x10,id_test,train_cv,100.0,0.882900790079008,0.005985260009765625,0.8594377510040161,0.8589032258064516,0.8567671953324021,0.8763250883392226,0.8887096774193549,0.8330994442891008,port_protocol_service_ablation,39,36,3,ct_src_dport_ltm|ct_dst_sport_ltm|is_sm_ips_ports,ksf-v4-idsplit::
classical_ext,svc,4,matern15_med_x10__svc__d4,matern15_med_x10,ood_test,train_cv,100.0,0.882900790079008,0.005985260009765625,0.736,0.728843413235977,0.7142312821489808,0.7931034482758621,0.7026148500424333,0.6042411737791517,port_protocol_service_ablation,39,36,3,ct_src_dport_ltm|ct_dst_sport_ltm|is_sm_ips_ports,ksf-v4-idsplit::
classical_ext,svc,4,matern25_med_x0.1__svc__d4,matern25_med_x0.1,id_val,fixed_c1,1.0,,0.0058171749114990234,0.9123505976095617,0.9121904761904762,0.9121819338422392,0.916030534351145,0.9777142857142858,0.9739323358160457,port_protocol_service_ablation,39,36,3,ct_src_dport_ltm|ct_dst_sport_ltm|is_sm_ips_ports,ksf-v4-idsplit::
classical_ext,svc,4,matern25_med_x0.1__svc__d4,matern25_med_x0.1,id_test,fixed_c1,1.0,,0.0058171749114990234,0.8795180722891566,0.8791935483870967,0.8786549707602339,0.8888888888888888,0.9434193548387098,0.9346796161605481,port_protocol_service_ablation,39,36,3,ct_src_dport_ltm|ct_dst_sport_ltm|is_sm_ips_ports,ksf-v4-idsplit::
classical_ext,svc,4,matern25_med_x0.1__svc__d4,matern25_med_x0.1,ood_test,fixed_c1,1.0,,0.0058171749114990234,0.804,0.7991385246032889,0.7961696534052147,0.8361204013377926,0.9074474387920131,0.8740099551360357,port_protocol_service_ablation,39,36,3,ct_src_dport_ltm|ct_dst_sport_ltm|is_sm_ips_ports,ksf-v4-idsplit::
classical_ext,svc,4,matern25_med_x0.1__svc__d4,matern25_med_x0.1,id_val,train_cv,100.0,0.902062506250625,0.012623310089111328,0.9123505976095617,0.9123174603174603,0.9123380746761494,0.9133858267716536,0.9608888888888888,0.9463255836326052,port_protocol_service_ablation,39,36,3,ct_src_dport_ltm|ct_dst_sport_ltm|is_sm_ips_ports,ksf-v4-idsplit::
classical_ext,svc,4,matern25_med_x0.1__svc__d4,matern25_med_x0.1,id_test,train_cv,100.0,0.902062506250625,0.012623310089111328,0.8674698795180723,0.8673225806451613,0.8672557793896707,0.8725868725868726,0.8839354838709678,0.8346757776391706,port_protocol_service_ablation,39,36,3,ct_src_dport_ltm|ct_dst_sport_ltm|is_sm_ips_ports,ksf-v4-idsplit::
classical_ext,svc,4,matern25_med_x0.1__svc__d4,matern25_med_x0.1,ood_test,train_cv,100.0,0.902062506250625,0.012623310089111328,0.842,0.8386815263166323,0.8387485252634115,0.861646234676007,0.837824854686074,0.7371865416934914,port_protocol_service_ablation,39,36,3,ct_src_dport_ltm|ct_dst_sport_ltm|is_sm_ips_ports,ksf-v4-idsplit::
classical_ext,svc,4,matern25_med_x0.3__svc__d4,matern25_med_x0.3,id_val,fixed_c1,1.0,,0.006516218185424805,0.900398406374502,0.9,0.8993180906538307,0.9097472924187726,0.9772698412698413,0.9679537833196391,port_protocol_service_ablation,39,36,3,ct_src_dport_ltm|ct_dst_sport_ltm|is_sm_ips_ports,ksf-v4-idsplit::
classical_ext,svc,4,matern25_med_x0.3__svc__d4,matern25_med_x0.3,id_test,fixed_c1,1.0,,0.006516218185424805,0.8714859437751004,0.871,0.8694626474442988,0.8857142857142857,0.9355483870967742,0.9224980340360374,port_protocol_service_ablation,39,36,3,ct_src_dport_ltm|ct_dst_sport_ltm|is_sm_ips_ports,ksf-v4-idsplit::
classical_ext,svc,4,matern25_med_x0.3__svc__d4,matern25_med_x0.3,ood_test,fixed_c1,1.0,,0.006516218185424805,0.754,0.7473619317544955,0.7364575610968508,0.8044515103338633,0.8682807320939617,0.8174363945479427,port_protocol_service_ablation,39,36,3,ct_src_dport_ltm|ct_dst_sport_ltm|is_sm_ips_ports,ksf-v4-idsplit::
classical_ext,svc,4,matern25_med_x0.3__svc__d4,matern25_med_x0.3,id_val,train_cv,100.0,0.8982122212221222,0.008998632431030273,0.9402390438247012,0.9402222222222223,0.9402352492975856,0.9407114624505929,0.9732698412698413,0.9746368877075265,port_protocol_service_ablation,39,36,3,ct_src_dport_ltm|ct_dst_sport_ltm|is_sm_ips_ports,ksf-v4-idsplit::
classical_ext,svc,4,matern25_med_x0.3__svc__d4,matern25_med_x0.3,id_test,train_cv,100.0,0.8982122212221222,0.008998632431030273,0.8674698795180723,0.8674193548387097,0.867435669920142,0.8695652173913043,0.9339999999999998,0.9391847873087333,port_protocol_service_ablation,39,36,3,ct_src_dport_ltm|ct_dst_sport_ltm|is_sm_ips_ports,ksf-v4-idsplit::
classical_ext,svc,4,matern25_med_x0.3__svc__d4,matern25_med_x0.3,ood_test,train_cv,100.0,0.8982122212221222,0.008998632431030273,0.844,0.8407391394853565,0.8408812729498164,0.8631578947368421,0.8758226449536438,0.811952002675887,port_protocol_service_ablation,39,36,3,ct_src_dport_ltm|ct_dst_sport_ltm|is_sm_ips_ports,ksf-v4-idsplit::
classical_ext,svc,4,matern25_med_x3__svc__d4,matern25_med_x3,id_val,fixed_c1,1.0,,0.007007122039794922,0.8924302788844621,0.8920317460317461,0.8912635379061371,0.9025270758122743,0.8761269841269841,0.7975494426149768,port_protocol_service_ablation,39,36,3,ct_src_dport_ltm|ct_dst_sport_ltm|is_sm_ips_ports,ksf-v4-idsplit::
classical_ext,svc,4,matern25_med_x3__svc__d4,matern25_med_x3,id_test,fixed_c1,1.0,,0.007007122039794922,0.8554216867469879,0.8549032258064516,0.8528368794326242,0.8723404255319149,0.8583225806451614,0.7833054687465619,port_protocol_service_ablation,39,36,3,ct_src_dport_ltm|ct_dst_sport_ltm|is_sm_ips_ports,ksf-v4-idsplit::
classical_ext,svc,4,matern25_med_x3__svc__d4,matern25_med_x3,ood_test,fixed_c1,1.0,,0.007007122039794922,0.734,0.7268978879441482,0.7124088033178941,0.7912087912087912,0.6706217674656931,0.5753009629312464,port_protocol_service_ablation,39,36,3,ct_src_dport_ltm|ct_dst_sport_ltm|is_sm_ips_ports,ksf-v4-idsplit::
classical_ext,svc,4,matern25_med_x3__svc__d4,matern25_med_x3,id_val,train_cv,10.0,0.882900790079008,0.00728154182434082,0.896414342629482,0.896,0.8952016957862281,0.9064748201438849,0.9099047619047619,0.8373427226288926,port_protocol_service_ablation,39,36,3,ct_src_dport_ltm|ct_dst_sport_ltm|is_sm_ips_ports,ksf-v4-idsplit::
classical_ext,svc,4,matern25_med_x3__svc__d4,matern25_med_x3,id_test,train_cv,10.0,0.882900790079008,0.00728154182434082,0.8594377510040161,0.8589032258064516,0.8567671953324021,0.8763250883392226,0.8926451612903226,0.8298735467908565,port_protocol_service_ablation,39,36,3,ct_src_dport_ltm|ct_dst_sport_ltm|is_sm_ips_ports,ksf-v4-idsplit::
classical_ext,svc,4,matern25_med_x3__svc__d4,matern25_med_x3,ood_test,train_cv,10.0,0.882900790079008,0.00728154182434082,0.736,0.728843413235977,0.7142312821489808,0.7931034482758621,0.7077708923796255,0.6071518098485396,port_protocol_service_ablation,39,36,3,ct_src_dport_ltm|ct_dst_sport_ltm|is_sm_ips_ports,ksf-v4-idsplit::
classical_ext,svc,4,matern25_med_x10__svc__d4,matern25_med_x10,id_val,fixed_c1,1.0,,0.008517980575561523,0.7330677290836654,0.7323174603174603,0.7229352356788639,0.7759197324414716,0.9088888888888889,0.8847902751847878,port_protocol_service_ablation,39,36,3,ct_src_dport_ltm|ct_dst_sport_ltm|is_sm_ips_ports,ksf-v4-idsplit::
classical_ext,svc,4,matern25_med_x10__svc__d4,matern25_med_x10,id_test,fixed_c1,1.0,,0.008517980575561523,0.7429718875502008,0.7423548387096774,0.7365079365079366,0.7777777777777778,0.8916129032258064,0.8832874540346384,port_protocol_service_ablation,39,36,3,ct_src_dport_ltm|ct_dst_sport_ltm|is_sm_ips_ports,ksf-v4-idsplit::
classical_ext,svc,4,matern25_med_x10__svc__d4,matern25_med_x10,ood_test,fixed_c1,1.0,,0.008517980575561523,0.666,0.6579478310995821,0.6314946312960357,0.7442572741194488,0.8429328593617397,0.7850809444893254,port_protocol_service_ablation,39,36,3,ct_src_dport_ltm|ct_dst_sport_ltm|is_sm_ips_ports,ksf-v4-idsplit::
classical_ext,svc,4,matern25_med_x10__svc__d4,matern25_med_x10,id_val,train_cv,100.0,0.8516078607860786,0.013820409774780273,0.8725099601593626,0.8721904761904762,0.8716112531969309,0.8823529411764706,0.8798095238095238,0.8057835963624316,port_protocol_service_ablation,39,36,3,ct_src_dport_ltm|ct_dst_sport_ltm|is_sm_ips_ports,ksf-v4-idsplit::
classical_ext,svc,4,matern25_med_x10__svc__d4,matern25_med_x10,id_test,train_cv,100.0,0.8516078607860786,0.013820409774780273,0.8353413654618473,0.8349032258064516,0.8332325987879183,0.851985559566787,0.8749032258064516,0.8066316291859048,port_protocol_service_ablation,39,36,3,ct_src_dport_ltm|ct_dst_sport_ltm|is_sm_ips_ports,ksf-v4-idsplit::
classical_ext,svc,4,matern25_med_x10__svc__d4,matern25_med_x10,ood_test,train_cv,100.0,0.8516078607860786,0.013820409774780273,0.726,0.7192278746537285,0.7058052989404695,0.7828843106180665,0.689548606107188,0.5914062251600167,port_protocol_service_ablation,39,36,3,ct_src_dport_ltm|ct_dst_sport_ltm|is_sm_ips_ports,ksf-v4-idsplit::
quantum,svc,4,zz_r1_full__as0.5__svc__d4,zz_r1_full__as0.5,id_val,fixed_c1,1.0,,0.0076410770416259766,0.9043824701195219,0.904,0.9034243939976914,0.9130434782608695,0.9799365079365079,0.9721169212171712,port_protocol_service_ablation,39,36,3,ct_src_dport_ltm|ct_dst_sport_ltm|is_sm_ips_ports,ksf-v4-idsplit::
quantum,svc,4,zz_r1_full__as0.5__svc__d4,zz_r1_full__as0.5,id_test,fixed_c1,1.0,,0.0076410770416259766,0.8714859437751004,0.8710322580645161,0.8697187704381949,0.8848920863309353,0.9396774193548386,0.9382433627080212,port_protocol_service_ablation,39,36,3,ct_src_dport_ltm|ct_dst_sport_ltm|is_sm_ips_ports,ksf-v4-idsplit::
quantum,svc,4,zz_r1_full__as0.5__svc__d4,zz_r1_full__as0.5,ood_test,fixed_c1,1.0,,0.0076410770416259766,0.768,0.7617652239355654,0.7533132581364093,0.8135048231511254,0.8933403788570239,0.8589557956995121,port_protocol_service_ablation,39,36,3,ct_src_dport_ltm|ct_dst_sport_ltm|is_sm_ips_ports,ksf-v4-idsplit::
quantum,svc,4,zz_r1_full__as0.5__svc__d4,zz_r1_full__as0.5,id_val,train_cv,100.0,0.9021425142514252,0.020565032958984375,0.9282868525896414,0.9282539682539683,0.9282766065532131,0.9291338582677166,0.981015873015873,0.979117183548844,port_protocol_service_ablation,39,36,3,ct_src_dport_ltm|ct_dst_sport_ltm|is_sm_ips_ports,ksf-v4-idsplit::
quantum,svc,4,zz_r1_full__as0.5__svc__d4,zz_r1_full__as0.5,id_test,train_cv,100.0,0.9021425142514252,0.020565032958984375,0.8433734939759037,0.8432903225806452,0.8432824981844589,0.8470588235294118,0.9398709677419355,0.94126052833845,port_protocol_service_ablation,39,36,3,ct_src_dport_ltm|ct_dst_sport_ltm|is_sm_ips_ports,ksf-v4-idsplit::
quantum,svc,4,zz_r1_full__as0.5__svc__d4,zz_r1_full__as0.5,ood_test,train_cv,100.0,0.9021425142514252,0.020565032958984375,0.844,0.840851227362252,0.8410602503912363,0.8626760563380281,0.8792493314758771,0.8326255565490444,port_protocol_service_ablation,39,36,3,ct_src_dport_ltm|ct_dst_sport_ltm|is_sm_ips_ports,ksf-v4-idsplit::
quantum,svc,4,zz_r2_full__as0.5__svc__d4,zz_r2_full__as0.5,id_val,fixed_c1,1.0,,0.007000446319580078,0.900398406374502,0.9,0.8993180906538307,0.9097472924187726,0.9730158730158729,0.950275979098242,port_protocol_service_ablation,39,36,3,ct_src_dport_ltm|ct_dst_sport_ltm|is_sm_ips_ports,ksf-v4-idsplit::
quantum,svc,4,zz_r2_full__as0.5__svc__d4,zz_r2_full__as0.5,id_test,fixed_c1,1.0,,0.007000446319580078,0.8714859437751004,0.8710322580645161,0.8697187704381949,0.8848920863309353,0.9489677419354838,0.9444599841964982,port_protocol_service_ablation,39,36,3,ct_src_dport_ltm|ct_dst_sport_ltm|is_sm_ips_ports,ksf-v4-idsplit::
quantum,svc,4,zz_r2_full__as0.5__svc__d4,zz_r2_full__as0.5,ood_test,fixed_c1,1.0,,0.007000446319580078,0.782,0.7761685161166354,0.7698236722626967,0.8227642276422764,0.8835086707979056,0.8121500512729622,port_protocol_service_ablation,39,36,3,ct_src_dport_ltm|ct_dst_sport_ltm|is_sm_ips_ports,ksf-v4-idsplit::
quantum,svc,4,zz_r2_full__as0.5__svc__d4,zz_r2_full__as0.5,id_val,train_cv,100.0,0.8901316131613161,0.01981949806213379,0.900398406374502,0.9003174603174603,0.9003414595410149,0.9027237354085603,0.964,0.9547497291170028,port_protocol_service_ablation,39,36,3,ct_src_dport_ltm|ct_dst_sport_ltm|is_sm_ips_ports,ksf-v4-idsplit::
quantum,svc,4,zz_r2_full__as0.5__svc__d4,zz_r2_full__as0.5,id_test,train_cv,100.0,0.8901316131613161,0.01981949806213379,0.8473895582329317,0.8472580645161291,0.8471899224806201,0.8527131782945736,0.9270967741935483,0.9235731512899525,port_protocol_service_ablation,39,36,3,ct_src_dport_ltm|ct_dst_sport_ltm|is_sm_ips_ports,ksf-v4-idsplit::
quantum,svc,4,zz_r2_full__as0.5__svc__d4,zz_r2_full__as0.5,ood_test,train_cv,100.0,0.8901316131613161,0.01981949806213379,0.84,0.8368480889016989,0.8369848721961397,0.8591549295774648,0.8601943924036446,0.8006079571242468,port_protocol_service_ablation,39,36,3,ct_src_dport_ltm|ct_dst_sport_ltm|is_sm_ips_ports,ksf-v4-idsplit::
quantum,svc,4,pauli_xz_r1_full__as0.5__svc__d4,pauli_xz_r1_full__as0.5,id_val,fixed_c1,1.0,,0.007996559143066406,0.896414342629482,0.896,0.8952016957862281,0.9064748201438849,0.9422222222222222,0.889839990514751,port_protocol_service_ablation,39,36,3,ct_src_dport_ltm|ct_dst_sport_ltm|is_sm_ips_ports,ksf-v4-idsplit::
quantum,svc,4,pauli_xz_r1_full__as0.5__svc__d4,pauli_xz_r1_full__as0.5,id_test,fixed_c1,1.0,,0.007996559143066406,0.8594377510040161,0.8589032258064516,0.8567671953324021,0.8763250883392226,0.9043870967741936,0.8310672603758538,port_protocol_service_ablation,39,36,3,ct_src_dport_ltm|ct_dst_sport_ltm|is_sm_ips_ports,ksf-v4-idsplit::
quantum,svc,4,pauli_xz_r1_full__as0.5__svc__d4,pauli_xz_r1_full__as0.5,ood_test,fixed_c1,1.0,,0.007996559143066406,0.738,0.7309010264047013,0.7167334829672491,0.7943485086342229,0.7569134201213751,0.6500661741225593,port_protocol_service_ablation,39,36,3,ct_src_dport_ltm|ct_dst_sport_ltm|is_sm_ips_ports,ksf-v4-idsplit::
quantum,svc,4,pauli_xz_r1_full__as0.5__svc__d4,pauli_xz_r1_full__as0.5,id_val,train_cv,10.0,0.8878611861186119,0.009996414184570312,0.900398406374502,0.9,0.8993180906538307,0.9097472924187726,0.9704761904761905,0.9648905849945968,port_protocol_service_ablation,39,36,3,ct_src_dport_ltm|ct_dst_sport_ltm|is_sm_ips_ports,ksf-v4-idsplit::
quantum,svc,4,pauli_xz_r1_full__as0.5__svc__d4,pauli_xz_r1_full__as0.5,id_test,train_cv,10.0,0.8878611861186119,0.009996414184570312,0.8714859437751004,0.871,0.8694626474442988,0.8857142857142857,0.925032258064516,0.8912535763498759,port_protocol_service_ablation,39,36,3,ct_src_dport_ltm|ct_dst_sport_ltm|is_sm_ips_ports,ksf-v4-idsplit::
quantum,svc,4,pauli_xz_r1_full__as0.5__svc__d4,pauli_xz_r1_full__as0.5,ood_test,train_cv,10.0,0.8878611861186119,0.009996414184570312,0.76,0.7535347712606684,0.7437255471459568,0.8083067092651757,0.8104754127235754,0.7263486720844117,port_protocol_service_ablation,39,36,3,ct_src_dport_ltm|ct_dst_sport_ltm|is_sm_ips_ports,ksf-v4-idsplit::
quantum,svc,4,zmap_r2__as0.5__svc__d4,zmap_r2__as0.5,id_val,fixed_c1,1.0,,0.008082866668701172,0.896414342629482,0.896,0.8952016957862281,0.9064748201438849,0.9625396825396826,0.9428355759771998,port_protocol_service_ablation,39,36,3,ct_src_dport_ltm|ct_dst_sport_ltm|is_sm_ips_ports,ksf-v4-idsplit::
quantum,svc,4,zmap_r2__as0.5__svc__d4,zmap_r2__as0.5,id_test,fixed_c1,1.0,,0.008082866668701172,0.8714859437751004,0.871,0.8694626474442988,0.8857142857142857,0.9083225806451612,0.8510452521656693,port_protocol_service_ablation,39,36,3,ct_src_dport_ltm|ct_dst_sport_ltm|is_sm_ips_ports,ksf-v4-idsplit::
quantum,svc,4,zmap_r2__as0.5__svc__d4,zmap_r2__as0.5,ood_test,fixed_c1,1.0,,0.008082866668701172,0.758,0.7514771580919442,0.741310380508913,0.8070175438596491,0.7833821716225521,0.6854175882773508,port_protocol_service_ablation,39,36,3,ct_src_dport_ltm|ct_dst_sport_ltm|is_sm_ips_ports,ksf-v4-idsplit::
quantum,svc,4,zmap_r2__as0.5__svc__d4,zmap_r2__as0.5,id_val,train_cv,10.0,0.8878611861186119,0.00899958610534668,0.900398406374502,0.9,0.8993180906538307,0.9097472924187726,0.969079365079365,0.9600932979211991,port_protocol_service_ablation,39,36,3,ct_src_dport_ltm|ct_dst_sport_ltm|is_sm_ips_ports,ksf-v4-idsplit::
quantum,svc,4,zmap_r2__as0.5__svc__d4,zmap_r2__as0.5,id_test,train_cv,10.0,0.8878611861186119,0.00899958610534668,0.8714859437751004,0.871,0.8694626474442988,0.8857142857142857,0.9325161290322581,0.9153484464691756,port_protocol_service_ablation,39,36,3,ct_src_dport_ltm|ct_dst_sport_ltm|is_sm_ips_ports,ksf-v4-idsplit::
quantum,svc,4,zmap_r2__as0.5__svc__d4,zmap_r2__as0.5,ood_test,train_cv,10.0,0.8878611861186119,0.00899958610534668,0.76,0.7535347712606684,0.7437255471459568,0.8083067092651757,0.8290659877343837,0.7545041642344826,port_protocol_service_ablation,39,36,3,ct_src_dport_ltm|ct_dst_sport_ltm|is_sm_ips_ports,ksf-v4-idsplit::
quantum,svc,4,zz_r1_full__svc__d4,zz_r1_full,id_val,fixed_c1,1.0,,0.0070002079010009766,0.9043824701195219,0.9041269841269841,0.9039418293149637,0.9104477611940298,0.9786031746031746,0.9766057960674593,port_protocol_service_ablation,39,36,3,ct_src_dport_ltm|ct_dst_sport_ltm|is_sm_ips_ports,ksf-v4-idsplit::
quantum,svc,4,zz_r1_full__svc__d4,zz_r1_full,id_test,fixed_c1,1.0,,0.0070002079010009766,0.8674698795180723,0.8670645161290322,0.8660089686098655,0.88,0.9346451612903226,0.9224610117355964,port_protocol_service_ablation,39,36,3,ct_src_dport_ltm|ct_dst_sport_ltm|is_sm_ips_ports,ksf-v4-idsplit::
quantum,svc,4,zz_r1_full__svc__d4,zz_r1_full,ood_test,fixed_c1,1.0,,0.0070002079010009766,0.78,0.7741109029479112,0.7674851190476191,0.8214285714285714,0.9093849578069206,0.8873150219036283,port_protocol_service_ablation,39,36,3,ct_src_dport_ltm|ct_dst_sport_ltm|is_sm_ips_ports,ksf-v4-idsplit::
quantum,svc,4,zz_r1_full__svc__d4,zz_r1_full,id_val,train_cv,100.0,0.8941421142114212,0.01950383186340332,0.9203187250996016,0.9202222222222223,0.9202567035201423,0.9224806201550387,0.9749206349206349,0.9687163218873927,port_protocol_service_ablation,39,36,3,ct_src_dport_ltm|ct_dst_sport_ltm|is_sm_ips_ports,ksf-v4-idsplit::
quantum,svc,4,zz_r1_full__svc__d4,zz_r1_full,id_test,train_cv,100.0,0.8941421142114212,0.01950383186340332,0.8514056224899599,0.8513225806451613,0.8513192931493585,0.8549019607843137,0.9332258064516129,0.9044425248375774,port_protocol_service_ablation,39,36,3,ct_src_dport_ltm|ct_dst_sport_ltm|is_sm_ips_ports,ksf-v4-idsplit::
quantum,svc,4,zz_r1_full__svc__d4,zz_r1_full,ood_test,train_cv,100.0,0.8941421142114212,0.01950383186340332,0.816,0.8121567308770076,0.8111658456486043,0.8413793103448276,0.8344462058253671,0.770472700970573,port_protocol_service_ablation,39,36,3,ct_src_dport_ltm|ct_dst_sport_ltm|is_sm_ips_ports,ksf-v4-idsplit::
quantum,svc,4,zz_r2_full__svc__d4,zz_r2_full,id_val,fixed_c1,1.0,,0.009001970291137695,0.9043824701195219,0.9042539682539683,0.9042593769866497,0.9076923076923077,0.9453333333333334,0.9176661398891951,port_protocol_service_ablation,39,36,3,ct_src_dport_ltm|ct_dst_sport_ltm|is_sm_ips_ports,ksf-v4-idsplit::
quantum,svc,4,zz_r2_full__svc__d4,zz_r2_full,id_test,fixed_c1,1.0,,0.009001970291137695,0.8433734939759037,0.8431612903225807,0.8428767899037295,0.8517110266159695,0.9041935483870968,0.8691676687314778,port_protocol_service_ablation,39,36,3,ct_src_dport_ltm|ct_dst_sport_ltm|is_sm_ips_ports,ksf-v4-idsplit::
quantum,svc,4,zz_r2_full__svc__d4,zz_r2_full,ood_test,fixed_c1,1.0,,0.009001970291137695,0.796,0.7914685113128693,0.7888513513513513,0.8277027027027027,0.8686169957246481,0.7945405839567609,port_protocol_service_ablation,39,36,3,ct_src_dport_ltm|ct_dst_sport_ltm|is_sm_ips_ports,ksf-v4-idsplit::
quantum,svc,4,zz_r2_full__svc__d4,zz_r2_full,id_val,train_cv,1.0,0.8854708470847085,0.008726835250854492,0.9043824701195219,0.9042539682539683,0.9042593769866497,0.9076923076923077,0.9453333333333334,0.9176661398891951,port_protocol_service_ablation,39,36,3,ct_src_dport_ltm|ct_dst_sport_ltm|is_sm_ips_ports,ksf-v4-idsplit::
quantum,svc,4,zz_r2_full__svc__d4,zz_r2_full,id_test,train_cv,1.0,0.8854708470847085,0.008726835250854492,0.8433734939759037,0.8431612903225807,0.8428767899037295,0.8517110266159695,0.9041935483870968,0.8691676687314778,port_protocol_service_ablation,39,36,3,ct_src_dport_ltm|ct_dst_sport_ltm|is_sm_ips_ports,ksf-v4-idsplit::
quantum,svc,4,zz_r2_full__svc__d4,zz_r2_full,ood_test,train_cv,1.0,0.8854708470847085,0.008726835250854492,0.796,0.7914685113128693,0.7888513513513513,0.8277027027027027,0.8686169957246481,0.7945405839567609,port_protocol_service_ablation,39,36,3,ct_src_dport_ltm|ct_dst_sport_ltm|is_sm_ips_ports,ksf-v4-idsplit::
quantum,svc,4,pauli_xz_r1_full__svc__d4,pauli_xz_r1_full,id_val,fixed_c1,1.0,,0.006998777389526367,0.9043824701195219,0.904,0.9034243939976914,0.9130434782608695,0.9563809523809524,0.9182749532062666,port_protocol_service_ablation,39,36,3,ct_src_dport_ltm|ct_dst_sport_ltm|is_sm_ips_ports,ksf-v4-idsplit::
quantum,svc,4,pauli_xz_r1_full__svc__d4,pauli_xz_r1_full,id_test,fixed_c1,1.0,,0.006998777389526367,0.8714859437751004,0.871,0.8694626474442988,0.8857142857142857,0.9267096774193548,0.8829029224435168,port_protocol_service_ablation,39,36,3,ct_src_dport_ltm|ct_dst_sport_ltm|is_sm_ips_ports,ksf-v4-idsplit::
quantum,svc,4,pauli_xz_r1_full__svc__d4,pauli_xz_r1_full,ood_test,fixed_c1,1.0,,0.006998777389526367,0.758,0.7514771580919442,0.741310380508913,0.8070175438596491,0.8290499751805416,0.7569436505912669,port_protocol_service_ablation,39,36,3,ct_src_dport_ltm|ct_dst_sport_ltm|is_sm_ips_ports,ksf-v4-idsplit::
quantum,svc,4,pauli_xz_r1_full__svc__d4,pauli_xz_r1_full,id_val,train_cv,100.0,0.8926116611661167,0.01251077651977539,0.9163346613545816,0.916063492063492,0.915902165068526,0.9219330855018587,0.9756825396825397,0.9720308486001928,port_protocol_service_ablation,39,36,3,ct_src_dport_ltm|ct_dst_sport_ltm|is_sm_ips_ports,ksf-v4-idsplit::
quantum,svc,4,pauli_xz_r1_full__svc__d4,pauli_xz_r1_full,id_test,train_cv,100.0,0.8926116611661167,0.01251077651977539,0.8755020080321285,0.8750967741935484,0.8741296371789646,0.8872727272727273,0.955483870967742,0.9530146074942353,port_protocol_service_ablation,39,36,3,ct_src_dport_ltm|ct_dst_sport_ltm|is_sm_ips_ports,ksf-v4-idsplit::
quantum,svc,4,pauli_xz_r1_full__svc__d4,pauli_xz_r1_full,ood_test,train_cv,100.0,0.8926116611661167,0.01251077651977539,0.77,0.7644953643656627,0.7585240992948904,0.8111658456486043,0.8595859153576404,0.8104605266074711,port_protocol_service_ablation,39,36,3,ct_src_dport_ltm|ct_dst_sport_ltm|is_sm_ips_ports,ksf-v4-idsplit::
quantum,svc,4,zmap_r2__svc__d4,zmap_r2,id_val,fixed_c1,1.0,,0.005999326705932617,0.8924302788844621,0.892063492063492,0.8914377252703244,0.9018181818181819,0.9753650793650794,0.9742944461664027,port_protocol_service_ablation,39,36,3,ct_src_dport_ltm|ct_dst_sport_ltm|is_sm_ips_ports,ksf-v4-idsplit::
quantum,svc,4,zmap_r2__svc__d4,zmap_r2,id_test,fixed_c1,1.0,,0.005999326705932617,0.8755020080321285,0.8750645161290322,0.8739075746933042,0.8880866425992779,0.9109677419354839,0.823799503922229,port_protocol_service_ablation,39,36,3,ct_src_dport_ltm|ct_dst_sport_ltm|is_sm_ips_ports,ksf-v4-idsplit::
quantum,svc,4,zmap_r2__svc__d4,zmap_r2,ood_test,fixed_c1,1.0,,0.005999326705932617,0.766,0.7597076107668412,0.7509271046659656,0.812199036918138,0.8030455877407888,0.6973172607562947,port_protocol_service_ablation,39,36,3,ct_src_dport_ltm|ct_dst_sport_ltm|is_sm_ips_ports,ksf-v4-idsplit::
quantum,svc,4,zmap_r2__svc__d4,zmap_r2,id_val,train_cv,100.0,0.8995021502150216,0.015003681182861328,0.9123505976095617,0.9120952380952381,0.91194667687205,0.917910447761194,0.9786666666666668,0.9783020201782662,port_protocol_service_ablation,39,36,3,ct_src_dport_ltm|ct_dst_sport_ltm|is_sm_ips_ports,ksf-v4-idsplit::
quantum,svc,4,zmap_r2__svc__d4,zmap_r2,id_test,train_cv,100.0,0.8995021502150216,0.015003681182861328,0.8554216867469879,0.8551935483870967,0.8548951048951049,0.8636363636363636,0.9412258064516128,0.9408259832166537,port_protocol_service_ablation,39,36,3,ct_src_dport_ltm|ct_dst_sport_ltm|is_sm_ips_ports,ksf-v4-idsplit::
quantum,svc,4,zmap_r2__svc__d4,zmap_r2,ood_test,train_cv,100.0,0.8995021502150216,0.015003681182861328,0.782,0.7769531312549038,0.7727263249638239,0.8186356073211315,0.8643416438487774,0.7884721859614947,port_protocol_service_ablation,39,36,3,ct_src_dport_ltm|ct_dst_sport_ltm|is_sm_ips_ports,ksf-v4-idsplit::
quantum,svc,4,zz_r1_full__as2__svc__d4,zz_r1_full__as2,id_val,fixed_c1,1.0,,0.00871419906616211,0.900398406374502,0.9002857142857144,0.9002971225193448,0.9034749034749034,0.9381587301587302,0.8763944304808423,port_protocol_service_ablation,39,36,3,ct_src_dport_ltm|ct_dst_sport_ltm|is_sm_ips_ports,ksf-v4-idsplit::
quantum,svc,4,zz_r1_full__as2__svc__d4,zz_r1_full__as2,id_test,fixed_c1,1.0,,0.00871419906616211,0.8353413654618473,0.8351935483870967,0.8350753622720151,0.8416988416988417,0.8987741935483871,0.8489468684585783,port_protocol_service_ablation,39,36,3,ct_src_dport_ltm|ct_dst_sport_ltm|is_sm_ips_ports,ksf-v4-idsplit::
quantum,svc,4,zz_r1_full__as2__svc__d4,zz_r1_full__as2,ood_test,fixed_c1,1.0,,0.00871419906616211,0.804,0.8004835791260348,0.7996106721630596,0.8292682926829268,0.862195961633921,0.7784645425786394,port_protocol_service_ablation,39,36,3,ct_src_dport_ltm|ct_dst_sport_ltm|is_sm_ips_ports,ksf-v4-idsplit::
quantum,svc,4,zz_r1_full__as2__svc__d4,zz_r1_full__as2,id_val,train_cv,1.0,0.8783702370237023,0.0067136287689208984,0.900398406374502,0.9002857142857144,0.9002971225193448,0.9034749034749034,0.9381587301587302,0.8763944304808423,port_protocol_service_ablation,39,36,3,ct_src_dport_ltm|ct_dst_sport_ltm|is_sm_ips_ports,ksf-v4-idsplit::
quantum,svc,4,zz_r1_full__as2__svc__d4,zz_r1_full__as2,id_test,train_cv,1.0,0.8783702370237023,0.0067136287689208984,0.8353413654618473,0.8351935483870967,0.8350753622720151,0.8416988416988417,0.8987741935483871,0.8489468684585783,port_protocol_service_ablation,39,36,3,ct_src_dport_ltm|ct_dst_sport_ltm|is_sm_ips_ports,ksf-v4-idsplit::
quantum,svc,4,zz_r1_full__as2__svc__d4,zz_r1_full__as2,ood_test,train_cv,1.0,0.8783702370237023,0.0067136287689208984,0.804,0.8004835791260348,0.7996106721630596,0.8292682926829268,0.862195961633921,0.7784645425786394,port_protocol_service_ablation,39,36,3,ct_src_dport_ltm|ct_dst_sport_ltm|is_sm_ips_ports,ksf-v4-idsplit::
quantum,svc,4,zz_r2_full__as2__svc__d4,zz_r2_full__as2,id_val,fixed_c1,1.0,,0.008984565734863281,0.8725099601593626,0.8725714285714286,0.8724917449834899,0.8709677419354839,0.9443174603174603,0.9281263338797292,port_protocol_service_ablation,39,36,3,ct_src_dport_ltm|ct_dst_sport_ltm|is_sm_ips_ports,ksf-v4-idsplit::
quantum,svc,4,zz_r2_full__as2__svc__d4,zz_r2_full__as2,id_test,fixed_c1,1.0,,0.008984565734863281,0.8192771084337349,0.8191612903225807,0.8190903660170819,0.8249027237354085,0.8936129032258066,0.8345656079693705,port_protocol_service_ablation,39,36,3,ct_src_dport_ltm|ct_dst_sport_ltm|is_sm_ips_ports,ksf-v4-idsplit::
quantum,svc,4,zz_r2_full__as2__svc__d4,zz_r2_full__as2,ood_test,fixed_c1,1.0,,0.008984565734863281,0.802,0.799210581095579,0.7990084416454508,0.8235294117647058,0.88882483867352,0.8507837907504987,port_protocol_service_ablation,39,36,3,ct_src_dport_ltm|ct_dst_sport_ltm|is_sm_ips_ports,ksf-v4-idsplit::
quantum,svc,4,zz_r2_full__as2__svc__d4,zz_r2_full__as2,id_val,train_cv,10.0,0.8441779177917791,0.01769709587097168,0.8366533864541833,0.8366349206349206,0.836643014746734,0.8379446640316206,0.9224126984126985,0.9092786254314189,port_protocol_service_ablation,39,36,3,ct_src_dport_ltm|ct_dst_sport_ltm|is_sm_ips_ports,ksf-v4-idsplit::
quantum,svc,4,zz_r2_full__as2__svc__d4,zz_r2_full__as2,id_test,train_cv,10.0,0.8441779177917791,0.01769709587097168,0.8032128514056225,0.8029677419354839,0.8023969552190461,0.8150943396226416,0.867225806451613,0.8409922611664093,port_protocol_service_ablation,39,36,3,ct_src_dport_ltm|ct_dst_sport_ltm|is_sm_ips_ports,ksf-v4-idsplit::
quantum,svc,4,zz_r2_full__as2__svc__d4,zz_r2_full__as2,ood_test,train_cv,10.0,0.8441779177917791,0.01769709587097168,0.808,0.8056075963555428,0.8057340823363714,0.8267148014440433,0.8398424364701926,0.7762259561897057,port_protocol_service_ablation,39,36,3,ct_src_dport_ltm|ct_dst_sport_ltm|is_sm_ips_ports,ksf-v4-idsplit::
quantum,svc,4,pauli_xz_r1_full__as2__svc__d4,pauli_xz_r1_full__as2,id_val,fixed_c1,1.0,,0.007004737854003906,0.900398406374502,0.9000317460317461,0.8994793752503003,0.9090909090909091,0.951873015873016,0.9225354723249203,port_protocol_service_ablation,39,36,3,ct_src_dport_ltm|ct_dst_sport_ltm|is_sm_ips_ports,ksf-v4-idsplit::
quantum,svc,4,pauli_xz_r1_full__as2__svc__d4,pauli_xz_r1_full__as2,id_test,fixed_c1,1.0,,0.007004737854003906,0.8634538152610441,0.8629677419354839,0.8613040629095675,0.8785714285714286,0.917032258064516,0.8753123974157513,port_protocol_service_ablation,39,36,3,ct_src_dport_ltm|ct_dst_sport_ltm|is_sm_ips_ports,ksf-v4-idsplit::
quantum,svc,4,pauli_xz_r1_full__as2__svc__d4,pauli_xz_r1_full__as2,ood_test,fixed_c1,1.0,,0.007004737854003906,0.768,0.7617652239355654,0.7533132581364093,0.8135048231511254,0.8639573425565643,0.8276013824364907,port_protocol_service_ablation,39,36,3,ct_src_dport_ltm|ct_dst_sport_ltm|is_sm_ips_ports,ksf-v4-idsplit::
quantum,svc,4,pauli_xz_r1_full__as2__svc__d4,pauli_xz_r1_full__as2,id_val,train_cv,10.0,0.8866912691269127,0.00889134407043457,0.9083665338645418,0.9080952380952381,0.9078928474560046,0.9144981412639405,0.9633015873015872,0.9503198632000305,port_protocol_service_ablation,39,36,3,ct_src_dport_ltm|ct_dst_sport_ltm|is_sm_ips_ports,ksf-v4-idsplit::
quantum,svc,4,pauli_xz_r1_full__as2__svc__d4,pauli_xz_r1_full__as2,id_test,train_cv,10.0,0.8866912691269127,0.00889134407043457,0.8594377510040161,0.8591612903225807,0.8586993530813756,0.8689138576779026,0.9398709677419355,0.9277297027399712,port_protocol_service_ablation,39,36,3,ct_src_dport_ltm|ct_dst_sport_ltm|is_sm_ips_ports,ksf-v4-idsplit::
quantum,svc,4,pauli_xz_r1_full__as2__svc__d4,pauli_xz_r1_full__as2,ood_test,train_cv,10.0,0.8866912691269127,0.00889134407043457,0.784,0.7787865686698372,0.7742323901264299,0.8211920529801324,0.8859265664280797,0.8348446355776405,port_protocol_service_ablation,39,36,3,ct_src_dport_ltm|ct_dst_sport_ltm|is_sm_ips_ports,ksf-v4-idsplit::
quantum,svc,4,zmap_r2__as2__svc__d4,zmap_r2__as2,id_val,fixed_c1,1.0,,0.0067059993743896484,0.9083665338645418,0.9081269841269841,0.9079926687385449,0.9138576779026217,0.966920634920635,0.9523097134701869,port_protocol_service_ablation,39,36,3,ct_src_dport_ltm|ct_dst_sport_ltm|is_sm_ips_ports,ksf-v4-idsplit::
quantum,svc,4,zmap_r2__as2__svc__d4,zmap_r2__as2,id_test,fixed_c1,1.0,,0.0067059993743896484,0.8514056224899599,0.8511290322580645,0.8506250304003113,0.8614232209737828,0.9267096774193548,0.9267803786733684,port_protocol_service_ablation,39,36,3,ct_src_dport_ltm|ct_dst_sport_ltm|is_sm_ips_ports,ksf-v4-idsplit::
quantum,svc,4,zmap_r2__as2__svc__d4,zmap_r2__as2,ood_test,fixed_c1,1.0,,0.0067059993743896484,0.79,0.7849594081760101,0.7810666433137753,0.8252911813643927,0.8962706762101489,0.8546045418613655,port_protocol_service_ablation,39,36,3,ct_src_dport_ltm|ct_dst_sport_ltm|is_sm_ips_ports,ksf-v4-idsplit::
quantum,svc,4,zmap_r2__as2__svc__d4,zmap_r2__as2,id_val,train_cv,10.0,0.8903017301730174,0.008372306823730469,0.9203187250996016,0.9202539682539683,0.920287093495935,0.921875,0.9743492063492063,0.9721328827797204,port_protocol_service_ablation,39,36,3,ct_src_dport_ltm|ct_dst_sport_ltm|is_sm_ips_ports,ksf-v4-idsplit::
quantum,svc,4,zmap_r2__as2__svc__d4,zmap_r2__as2,id_test,train_cv,10.0,0.8903017301730174,0.008372306823730469,0.8473895582329317,0.8473548387096774,0.847367402245451,0.8492063492063492,0.9236129032258065,0.9206825863647631,port_protocol_service_ablation,39,36,3,ct_src_dport_ltm|ct_dst_sport_ltm|is_sm_ips_ports,ksf-v4-idsplit::
quantum,svc,4,zmap_r2__as2__svc__d4,zmap_r2__as2,ood_test,train_cv,10.0,0.8903017301730174,0.008372306823730469,0.838,0.8347904757329747,0.8348549782049348,0.8576449912126538,0.8757265696305903,0.8227844427741537,port_protocol_service_ablation,39,36,3,ct_src_dport_ltm|ct_dst_sport_ltm|is_sm_ips_ports,ksf-v4-idsplit::
classical_ext,svc,6,linear__svc__d6,linear,id_val,fixed_c1,1.0,,0.007052421569824219,0.8247011952191236,0.8245714285714285,0.8244755244755245,0.8307692307692308,0.8725079365079365,0.8120689806968739,port_protocol_service_ablation,39,36,3,ct_src_dport_ltm|ct_dst_sport_ltm|is_sm_ips_ports,ksf-v4-idsplit::
classical_ext,svc,6,linear__svc__d6,linear,id_test,fixed_c1,1.0,,0.007052421569824219,0.8313253012048193,0.8311612903225807,0.8309954751131221,0.8384615384615385,0.8650322580645161,0.8095467378351537,port_protocol_service_ablation,39,36,3,ct_src_dport_ltm|ct_dst_sport_ltm|is_sm_ips_ports,ksf-v4-idsplit::
classical_ext,svc,6,linear__svc__d6,linear,ood_test,fixed_c1,1.0,,0.007052421569824219,0.748,0.7433187619093369,0.7387669801462905,0.7878787878787878,0.6927511168756305,0.5782227471496573,port_protocol_service_ablation,39,36,3,ct_src_dport_ltm|ct_dst_sport_ltm|is_sm_ips_ports,ksf-v4-idsplit::
classical_ext,svc,6,linear__svc__d6,linear,id_val,train_cv,100.0,0.8393567356735675,0.015234231948852539,0.8446215139442231,0.8443809523809525,0.8439875687305761,0.8539325842696629,0.8616507936507937,0.7479046267945056,port_protocol_service_ablation,39,36,3,ct_src_dport_ltm|ct_dst_sport_ltm|is_sm_ips_ports,ksf-v4-idsplit::
classical_ext,svc,6,linear__svc__d6,linear,id_test,train_cv,100.0,0.8393567356735675,0.015234231948852539,0.8273092369477911,0.8271290322580644,0.8269072214947379,0.8352490421455939,0.8590967741935484,0.7600391342768182,port_protocol_service_ablation,39,36,3,ct_src_dport_ltm|ct_dst_sport_ltm|is_sm_ips_ports,ksf-v4-idsplit::
classical_ext,svc,6,linear__svc__d6,linear,ood_test,train_cv,100.0,0.8393567356735675,0.015234231948852539,0.742,0.7369217466493732,0.7310247332140667,0.7853577371048253,0.7063297625338264,0.5922639017168134,port_protocol_service_ablation,39,36,3,ct_src_dport_ltm|ct_dst_sport_ltm|is_sm_ips_ports,ksf-v4-idsplit::
classical_ext,svc,6,rbf_gscale__svc__d6,rbf_gscale,id_val,fixed_c1,1.0,,0.0075147151947021484,0.900398406374502,0.9,0.8993180906538307,0.9097472924187726,0.9753650793650793,0.9666385719967278,port_protocol_service_ablation,39,36,3,ct_src_dport_ltm|ct_dst_sport_ltm|is_sm_ips_ports,ksf-v4-idsplit::
classical_ext,svc,6,rbf_gscale__svc__d6,rbf_gscale,id_test,fixed_c1,1.0,,0.0075147151947021484,0.8714859437751004,0.871,0.8694626474442988,0.8857142857142857,0.931290322580645,0.900639780446715,port_protocol_service_ablation,39,36,3,ct_src_dport_ltm|ct_dst_sport_ltm|is_sm_ips_ports,ksf-v4-idsplit::
classical_ext,svc,6,rbf_gscale__svc__d6,rbf_gscale,ood_test,fixed_c1,1.0,,0.0075147151947021484,0.756,0.7494195449232198,0.7388877474145606,0.8057324840764332,0.8709548285856111,0.8247627988594255,port_protocol_service_ablation,39,36,3,ct_src_dport_ltm|ct_dst_sport_ltm|is_sm_ips_ports,ksf-v4-idsplit::
classical_ext,svc,6,rbf_gscale__svc__d6,rbf_gscale,id_val,train_cv,100.0,0.8964120412041205,0.014005661010742188,0.9282868525896414,0.9281269841269841,0.9281488549618321,0.9312977099236641,0.9776507936507937,0.9674584125179637,port_protocol_service_ablation,39,36,3,ct_src_dport_ltm|ct_dst_sport_ltm|is_sm_ips_ports,ksf-v4-idsplit::
classical_ext,svc,6,rbf_gscale__svc__d6,rbf_gscale,id_test,train_cv,100.0,0.8964120412041205,0.014005661010742188,0.8795180722891566,0.8792903225806452,0.879079254079254,0.8863636363636364,0.9318709677419355,0.8969360290429034,port_protocol_service_ablation,39,36,3,ct_src_dport_ltm|ct_dst_sport_ltm|is_sm_ips_ports,ksf-v4-idsplit::
classical_ext,svc,6,rbf_gscale__svc__d6,rbf_gscale,ood_test,train_cv,100.0,0.8964120412041205,0.014005661010742188,0.81,0.8050871883556708,0.8022473032776989,0.8414023372287145,0.8867592192278747,0.8291796318500639,port_protocol_service_ablation,39,36,3,ct_src_dport_ltm|ct_dst_sport_ltm|is_sm_ips_ports,ksf-v4-idsplit::
classical_ext,svc,6,poly2__svc__d6,poly2,id_val,fixed_c1,1.0,,0.00740814208984375,0.896414342629482,0.896,0.8952016957862281,0.9064748201438849,0.8733333333333333,0.7978015021349927,port_protocol_service_ablation,39,36,3,ct_src_dport_ltm|ct_dst_sport_ltm|is_sm_ips_ports,ksf-v4-idsplit::
classical_ext,svc,6,poly2__svc__d6,poly2,id_test,fixed_c1,1.0,,0.00740814208984375,0.8594377510040161,0.8589032258064516,0.8567671953324021,0.8763250883392226,0.8643870967741936,0.7877566417660835,port_protocol_service_ablation,39,36,3,ct_src_dport_ltm|ct_dst_sport_ltm|is_sm_ips_ports,ksf-v4-idsplit::
classical_ext,svc,6,poly2__svc__d6,poly2,ood_test,fixed_c1,1.0,,0.00740814208984375,0.736,0.728843413235977,0.7142312821489808,0.7931034482758621,0.682839346047301,0.588421339931304,port_protocol_service_ablation,39,36,3,ct_src_dport_ltm|ct_dst_sport_ltm|is_sm_ips_ports,ksf-v4-idsplit::
classical_ext,svc,6,poly2__svc__d6,poly2,id_val,train_cv,100.0,0.8858411841184118,0.014492273330688477,0.900398406374502,0.9,0.8993180906538307,0.9097472924187726,0.955047619047619,0.9256630085563494,port_protocol_service_ablation,39,36,3,ct_src_dport_ltm|ct_dst_sport_ltm|is_sm_ips_ports,ksf-v4-idsplit::
classical_ext,svc,6,poly2__svc__d6,poly2,id_test,train_cv,100.0,0.8858411841184118,0.014492273330688477,0.8674698795180723,0.8670322580645161,0.865772579512227,0.8808664259927798,0.9360645161290324,0.9004374805153688,port_protocol_service_ablation,39,36,3,ct_src_dport_ltm|ct_dst_sport_ltm|is_sm_ips_ports,ksf-v4-idsplit::
classical_ext,svc,6,poly2__svc__d6,poly2,ood_test,train_cv,100.0,0.8858411841184118,0.014492273330688477,0.758,0.7515892459688396,0.7418666666666667,0.8064,0.8590895261885318,0.7904692224162084,port_protocol_service_ablation,39,36,3,ct_src_dport_ltm|ct_dst_sport_ltm|is_sm_ips_ports,ksf-v4-idsplit::
classical_ext,svc,6,poly3__svc__d6,poly3,id_val,fixed_c1,1.0,,0.006767988204956055,0.896414342629482,0.896,0.8952016957862281,0.9064748201438849,0.8874285714285715,0.8014329114449803,port_protocol_service_ablation,39,36,3,ct_src_dport_ltm|ct_dst_sport_ltm|is_sm_ips_ports,ksf-v4-idsplit::
classical_ext,svc,6,poly3__svc__d6,poly3,id_test,fixed_c1,1.0,,0.006767988204956055,0.8594377510040161,0.8589032258064516,0.8567671953324021,0.8763250883392226,0.8890322580645161,0.8364306203599343,port_protocol_service_ablation,39,36,3,ct_src_dport_ltm|ct_dst_sport_ltm|is_sm_ips_ports,ksf-v4-idsplit::
classical_ext,svc,6,poly3__svc__d6,poly3,ood_test,fixed_c1,1.0,,0.006767988204956055,0.738,0.7307889385278058,0.7160556444236363,0.7949921752738655,0.6894845558918191,0.5905441510256094,port_protocol_service_ablation,39,36,3,ct_src_dport_ltm|ct_dst_sport_ltm|is_sm_ips_ports,ksf-v4-idsplit::
classical_ext,svc,6,poly3__svc__d6,poly3,id_val,train_cv,100.0,0.8867312731273127,0.013998270034790039,0.900398406374502,0.9,0.8993180906538307,0.9097472924187726,0.9622222222222222,0.9386748546172712,port_protocol_service_ablation,39,36,3,ct_src_dport_ltm|ct_dst_sport_ltm|is_sm_ips_ports,ksf-v4-idsplit::
classical_ext,svc,6,poly3__svc__d6,poly3,id_test,train_cv,100.0,0.8867312731273127,0.013998270034790039,0.8755020080321285,0.8751612903225806,0.8745224897182893,0.8856088560885609,0.9292258064516129,0.8967711395140605,port_protocol_service_ablation,39,36,3,ct_src_dport_ltm|ct_dst_sport_ltm|is_sm_ips_ports,ksf-v4-idsplit::
classical_ext,svc,6,poly3__svc__d6,poly3,ood_test,train_cv,100.0,0.8867312731273127,0.013998270034790039,0.762,0.7558165601831837,0.7471947110584256,0.8083735909822867,0.8906822949192167,0.8372614218145173,port_protocol_service_ablation,39,36,3,ct_src_dport_ltm|ct_dst_sport_ltm|is_sm_ips_ports,ksf-v4-idsplit::
classical_ext,svc,6,laplacian_med__svc__d6,laplacian_med,id_val,fixed_c1,1.0,,0.006029844284057617,0.900398406374502,0.9,0.8993180906538307,0.9097472924187726,0.9754920634920635,0.9648283464305083,port_protocol_service_ablation,39,36,3,ct_src_dport_ltm|ct_dst_sport_ltm|is_sm_ips_ports,ksf-v4-idsplit::
classical_ext,svc,6,laplacian_med__svc__d6,laplacian_med,id_test,fixed_c1,1.0,,0.006029844284057617,0.8714859437751004,0.871,0.8694626474442988,0.8857142857142857,0.9327096774193548,0.8936679015170655,port_protocol_service_ablation,39,36,3,ct_src_dport_ltm|ct_dst_sport_ltm|is_sm_ips_ports,ksf-v4-idsplit::
classical_ext,svc,6,laplacian_med__svc__d6,laplacian_med,ood_test,fixed_c1,1.0,,0.006029844284057617,0.754,0.7473619317544955,0.7364575610968508,0.8044515103338633,0.9043730284543081,0.8613125457566313,port_protocol_service_ablation,39,36,3,ct_src_dport_ltm|ct_dst_sport_ltm|is_sm_ips_ports,ksf-v4-idsplit::
classical_ext,svc,6,laplacian_med__svc__d6,laplacian_med,id_val,train_cv,10.0,0.8932615261526152,0.007001399993896484,0.9203187250996016,0.9202857142857144,0.9203073406146812,0.9212598425196851,0.9702857142857143,0.9654815509393988,port_protocol_service_ablation,39,36,3,ct_src_dport_ltm|ct_dst_sport_ltm|is_sm_ips_ports,ksf-v4-idsplit::
classical_ext,svc,6,laplacian_med__svc__d6,laplacian_med,id_test,train_cv,10.0,0.8932615261526152,0.007001399993896484,0.8714859437751004,0.8712903225806452,0.8711346875404322,0.8778625954198473,0.9252903225806453,0.9018332369094655,port_protocol_service_ablation,39,36,3,ct_src_dport_ltm|ct_dst_sport_ltm|is_sm_ips_ports,ksf-v4-idsplit::
classical_ext,svc,6,laplacian_med__svc__d6,laplacian_med,ood_test,train_cv,10.0,0.8932615261526152,0.007001399993896484,0.83,0.8259995836736,0.8251827354582886,0.8542024013722127,0.9074474387920128,0.8633135251075859,port_protocol_service_ablation,39,36,3,ct_src_dport_ltm|ct_dst_sport_ltm|is_sm_ips_ports,ksf-v4-idsplit::
classical_ext,svc,6,matern15_med__svc__d6,matern15_med,id_val,fixed_c1,1.0,,0.004998922348022461,0.896414342629482,0.896,0.8952016957862281,0.9064748201438849,0.9721904761904762,0.9627592235695039,port_protocol_service_ablation,39,36,3,ct_src_dport_ltm|ct_dst_sport_ltm|is_sm_ips_ports,ksf-v4-idsplit::
classical_ext,svc,6,matern15_med__svc__d6,matern15_med,id_test,fixed_c1,1.0,,0.004998922348022461,0.8594377510040161,0.8589032258064516,0.8567671953324021,0.8763250883392226,0.923483870967742,0.8822076307170907,port_protocol_service_ablation,39,36,3,ct_src_dport_ltm|ct_dst_sport_ltm|is_sm_ips_ports,ksf-v4-idsplit::
classical_ext,svc,6,matern15_med__svc__d6,matern15_med,ood_test,fixed_c1,1.0,,0.004998922348022461,0.736,0.728843413235977,0.7142312821489808,0.7931034482758621,0.8413155914236762,0.7712938900271842,port_protocol_service_ablation,39,36,3,ct_src_dport_ltm|ct_dst_sport_ltm|is_sm_ips_ports,ksf-v4-idsplit::
classical_ext,svc,6,matern15_med__svc__d6,matern15_med,id_val,train_cv,100.0,0.9052429242924293,0.01153421401977539,0.9322709163346613,0.9322857142857144,0.9322709163346613,0.9322709163346613,0.9766349206349206,0.966134624791105,port_protocol_service_ablation,39,36,3,ct_src_dport_ltm|ct_dst_sport_ltm|is_sm_ips_ports,ksf-v4-idsplit::
classical_ext,svc,6,matern15_med__svc__d6,matern15_med,id_test,train_cv,100.0,0.9052429242924293,0.01153421401977539,0.8795180722891566,0.8793548387096775,0.8792824822236587,0.8846153846153846,0.9359354838709677,0.9010832547946128,port_protocol_service_ablation,39,36,3,ct_src_dport_ltm|ct_dst_sport_ltm|is_sm_ips_ports,ksf-v4-idsplit::
classical_ext,svc,6,matern15_med__svc__d6,matern15_med,ood_test,train_cv,100.0,0.9052429242924293,0.01153421401977539,0.834,0.8300027221341532,0.82929608285927,0.8576329331046312,0.8968951658099951,0.8464121345596062,port_protocol_service_ablation,39,36,3,ct_src_dport_ltm|ct_dst_sport_ltm|is_sm_ips_ports,ksf-v4-idsplit::
classical_ext,svc,6,matern25_med__svc__d6,matern25_med,id_val,fixed_c1,1.0,,0.006450176239013672,0.896414342629482,0.896,0.8952016957862281,0.9064748201438849,0.9462222222222223,0.9120329428589179,port_protocol_service_ablation,39,36,3,ct_src_dport_ltm|ct_dst_sport_ltm|is_sm_ips_ports,ksf-v4-idsplit::
classical_ext,svc,6,matern25_med__svc__d6,matern25_med,id_test,fixed_c1,1.0,,0.006450176239013672,0.8594377510040161,0.8589032258064516,0.8567671953324021,0.8763250883392226,0.9103225806451613,0.8601251558957251,port_protocol_service_ablation,39,36,3,ct_src_dport_ltm|ct_dst_sport_ltm|is_sm_ips_ports,ksf-v4-idsplit::
classical_ext,svc,6,matern25_med__svc__d6,matern25_med,ood_test,fixed_c1,1.0,,0.006450176239013672,0.736,0.728843413235977,0.7142312821489808,0.7931034482758621,0.7737746393172247,0.6866223569591899,port_protocol_service_ablation,39,36,3,ct_src_dport_ltm|ct_dst_sport_ltm|is_sm_ips_ports,ksf-v4-idsplit::
classical_ext,svc,6,matern25_med__svc__d6,matern25_med,id_val,train_cv,100.0,0.8954819481948195,0.011967897415161133,0.9282868525896414,0.9281269841269841,0.9281488549618321,0.9312977099236641,0.9725714285714285,0.9577920616104371,port_protocol_service_ablation,39,36,3,ct_src_dport_ltm|ct_dst_sport_ltm|is_sm_ips_ports,ksf-v4-idsplit::
classical_ext,svc,6,matern25_med__svc__d6,matern25_med,id_test,train_cv,100.0,0.8954819481948195,0.011967897415161133,0.8875502008032129,0.8872903225806452,0.8870235934664247,0.8947368421052632,0.932258064516129,0.9002112123699703,port_protocol_service_ablation,39,36,3,ct_src_dport_ltm|ct_dst_sport_ltm|is_sm_ips_ports,ksf-v4-idsplit::
classical_ext,svc,6,matern25_med__svc__d6,matern25_med,ood_test,train_cv,100.0,0.8954819481948195,0.011967897415161133,0.804,0.798914348849498,0.7954890732733435,0.8372093023255814,0.8881843365198315,0.8471367752640961,port_protocol_service_ablation,39,36,3,ct_src_dport_ltm|ct_dst_sport_ltm|is_sm_ips_ports,ksf-v4-idsplit::
classical_ext,svc,6,rbf_gscale_x0.1__svc__d6,rbf_gscale_x0.1,id_val,fixed_c1,1.0,,0.0060272216796875,0.896414342629482,0.896,0.8952016957862281,0.9064748201438849,0.9001904761904762,0.8501735191939143,port_protocol_service_ablation,39,36,3,ct_src_dport_ltm|ct_dst_sport_ltm|is_sm_ips_ports,ksf-v4-idsplit::
classical_ext,svc,6,rbf_gscale_x0.1__svc__d6,rbf_gscale_x0.1,id_test,fixed_c1,1.0,,0.0060272216796875,0.8594377510040161,0.8589032258064516,0.8567671953324021,0.8763250883392226,0.8685161290322582,0.8073645758074587,port_protocol_service_ablation,39,36,3,ct_src_dport_ltm|ct_dst_sport_ltm|is_sm_ips_ports,ksf-v4-idsplit::
classical_ext,svc,6,rbf_gscale_x0.1__svc__d6,rbf_gscale_x0.1,ood_test,fixed_c1,1.0,,0.0060272216796875,0.736,0.728843413235977,0.7142312821489808,0.7931034482758621,0.7044562937342878,0.6206493863485532,port_protocol_service_ablation,39,36,3,ct_src_dport_ltm|ct_dst_sport_ltm|is_sm_ips_ports,ksf-v4-idsplit::
classical_ext,svc,6,rbf_gscale_x0.1__svc__d6,rbf_gscale_x0.1,id_val,train_cv,100.0,0.8868611861186118,0.011934041976928711,0.900398406374502,0.9,0.8993180906538307,0.9097472924187726,0.9637460317460318,0.9416181242993256,port_protocol_service_ablation,39,36,3,ct_src_dport_ltm|ct_dst_sport_ltm|is_sm_ips_ports,ksf-v4-idsplit::
classical_ext,svc,6,rbf_gscale_x0.1__svc__d6,rbf_gscale_x0.1,id_test,train_cv,100.0,0.8868611861186118,0.011934041976928711,0.8714859437751004,0.8710322580645161,0.8697187704381949,0.8848920863309353,0.94,0.9102481770632935,port_protocol_service_ablation,39,36,3,ct_src_dport_ltm|ct_dst_sport_ltm|is_sm_ips_ports,ksf-v4-idsplit::
classical_ext,svc,6,rbf_gscale_x0.1__svc__d6,rbf_gscale_x0.1,ood_test,train_cv,100.0,0.8868611861186118,0.011934041976928711,0.758,0.7515892459688396,0.7418666666666667,0.8064,0.8868232694432436,0.8348957992701904,port_protocol_service_ablation,39,36,3,ct_src_dport_ltm|ct_dst_sport_ltm|is_sm_ips_ports,ksf-v4-idsplit::
classical_ext,svc,6,rbf_gscale_x0.3__svc__d6,rbf_gscale_x0.3,id_val,fixed_c1,1.0,,0.0064351558685302734,0.896414342629482,0.896,0.8952016957862281,0.9064748201438849,0.9224126984126985,0.8616304031757843,port_protocol_service_ablation,39,36,3,ct_src_dport_ltm|ct_dst_sport_ltm|is_sm_ips_ports,ksf-v4-idsplit::
classical_ext,svc,6,rbf_gscale_x0.3__svc__d6,rbf_gscale_x0.3,id_test,fixed_c1,1.0,,0.0064351558685302734,0.8594377510040161,0.8589032258064516,0.8567671953324021,0.8763250883392226,0.9011612903225806,0.8483593736105769,port_protocol_service_ablation,39,36,3,ct_src_dport_ltm|ct_dst_sport_ltm|is_sm_ips_ports,ksf-v4-idsplit::
classical_ext,svc,6,rbf_gscale_x0.3__svc__d6,rbf_gscale_x0.3,ood_test,fixed_c1,1.0,,0.0064351558685302734,0.74,0.7328465516965301,0.7185611112073296,0.7962382445141066,0.7280427855438664,0.6427869242425438,port_protocol_service_ablation,39,36,3,ct_src_dport_ltm|ct_dst_sport_ltm|is_sm_ips_ports,ksf-v4-idsplit::
classical_ext,svc,6,rbf_gscale_x0.3__svc__d6,rbf_gscale_x0.3,id_val,train_cv,10.0,0.8858710871087109,0.009685277938842773,0.900398406374502,0.9,0.8993180906538307,0.9097472924187726,0.9663492063492064,0.9467672213621693,port_protocol_service_ablation,39,36,3,ct_src_dport_ltm|ct_dst_sport_ltm|is_sm_ips_ports,ksf-v4-idsplit::
classical_ext,svc,6,rbf_gscale_x0.3__svc__d6,rbf_gscale_x0.3,id_test,train_cv,10.0,0.8858710871087109,0.009685277938842773,0.8674698795180723,0.867,0.8655177493003388,0.8817204301075269,0.9365806451612904,0.9045220883972946,port_protocol_service_ablation,39,36,3,ct_src_dport_ltm|ct_dst_sport_ltm|is_sm_ips_ports,ksf-v4-idsplit::
classical_ext,svc,6,rbf_gscale_x0.3__svc__d6,rbf_gscale_x0.3,ood_test,train_cv,10.0,0.8858710871087109,0.009685277938842773,0.758,0.7514771580919442,0.741310380508913,0.8070175438596491,0.872139757569935,0.818143760972014,port_protocol_service_ablation,39,36,3,ct_src_dport_ltm|ct_dst_sport_ltm|is_sm_ips_ports,ksf-v4-idsplit::
classical_ext,svc,6,rbf_gscale_x3__svc__d6,rbf_gscale_x3,id_val,fixed_c1,1.0,,0.006998538970947266,0.9203187250996016,0.9199999999999999,0.9197570332480818,0.9264705882352942,0.9742857142857143,0.9572661799637003,port_protocol_service_ablation,39,36,3,ct_src_dport_ltm|ct_dst_sport_ltm|is_sm_ips_ports,ksf-v4-idsplit::
classical_ext,svc,6,rbf_gscale_x3__svc__d6,rbf_gscale_x3,id_test,fixed_c1,1.0,,0.006998538970947266,0.8634538152610441,0.863,0.8615761935905821,0.8776978417266187,0.9430322580645162,0.9264528675960826,port_protocol_service_ablation,39,36,3,ct_src_dport_ltm|ct_dst_sport_ltm|is_sm_ips_ports,ksf-v4-idsplit::
classical_ext,svc,6,rbf_gscale_x3__svc__d6,rbf_gscale_x3,ood_test,fixed_c1,1.0,,0.006998538970947266,0.764,0.757649997598117,0.7485338243316967,0.8108974358974359,0.9110983010680372,0.881239938664361,port_protocol_service_ablation,39,36,3,ct_src_dport_ltm|ct_dst_sport_ltm|is_sm_ips_ports,ksf-v4-idsplit::
classical_ext,svc,6,rbf_gscale_x3__svc__d6,rbf_gscale_x3,id_val,train_cv,100.0,0.9021324132413241,0.014043569564819336,0.9322709163346613,0.9322222222222223,0.9322537112010796,0.9333333333333333,0.964952380952381,0.9603494630091222,port_protocol_service_ablation,39,36,3,ct_src_dport_ltm|ct_dst_sport_ltm|is_sm_ips_ports,ksf-v4-idsplit::
classical_ext,svc,6,rbf_gscale_x3__svc__d6,rbf_gscale_x3,id_test,train_cv,100.0,0.9021324132413241,0.014043569564819336,0.8795180722891566,0.8794516129032258,0.8794694720536982,0.8818897637795275,0.9301290322580644,0.8946641786207449,port_protocol_service_ablation,39,36,3,ct_src_dport_ltm|ct_dst_sport_ltm|is_sm_ips_ports,ksf-v4-idsplit::
classical_ext,svc,6,rbf_gscale_x3__svc__d6,rbf_gscale_x3,ood_test,train_cv,100.0,0.9021324132413241,0.014043569564819336,0.85,0.8465757153608429,0.8467329597704674,0.8691099476439791,0.877439912891707,0.8176788599283378,port_protocol_service_ablation,39,36,3,ct_src_dport_ltm|ct_dst_sport_ltm|is_sm_ips_ports,ksf-v4-idsplit::
classical_ext,svc,6,rbf_gscale_x10__svc__d6,rbf_gscale_x10,id_val,fixed_c1,1.0,,0.007172822952270508,0.9043824701195219,0.9041904761904762,0.9041252864782277,0.9090909090909091,0.9735873015873016,0.9557518060565001,port_protocol_service_ablation,39,36,3,ct_src_dport_ltm|ct_dst_sport_ltm|is_sm_ips_ports,ksf-v4-idsplit::
classical_ext,svc,6,rbf_gscale_x10__svc__d6,rbf_gscale_x10,id_test,fixed_c1,1.0,,0.007172822952270508,0.8875502008032129,0.8872258064516129,0.8867446393762183,0.8962962962962963,0.9294838709677419,0.8784917750206527,port_protocol_service_ablation,39,36,3,ct_src_dport_ltm|ct_dst_sport_ltm|is_sm_ips_ports,ksf-v4-idsplit::
classical_ext,svc,6,rbf_gscale_x10__svc__d6,rbf_gscale_x10,ood_test,fixed_c1,1.0,,0.007172822952270508,0.796,0.7906838961746009,0.7863999597929336,0.8316831683168316,0.9090006565147076,0.8658285441071716,port_protocol_service_ablation,39,36,3,ct_src_dport_ltm|ct_dst_sport_ltm|is_sm_ips_ports,ksf-v4-idsplit::
classical_ext,svc,6,rbf_gscale_x10__svc__d6,rbf_gscale_x10,id_val,train_cv,10.0,0.9062328232823283,0.009670734405517578,0.9322709163346613,0.9322857142857144,0.9322709163346613,0.9322709163346613,0.9708571428571429,0.9605977392525897,port_protocol_service_ablation,39,36,3,ct_src_dport_ltm|ct_dst_sport_ltm|is_sm_ips_ports,ksf-v4-idsplit::
classical_ext,svc,6,rbf_gscale_x10__svc__d6,rbf_gscale_x10,id_test,train_cv,10.0,0.9062328232823283,0.009670734405517578,0.8835341365461847,0.8834193548387097,0.8834137914332305,0.8871595330739299,0.9294838709677419,0.893990298651688,port_protocol_service_ablation,39,36,3,ct_src_dport_ltm|ct_dst_sport_ltm|is_sm_ips_ports,ksf-v4-idsplit::
classical_ext,svc,6,rbf_gscale_x10__svc__d6,rbf_gscale_x10,ood_test,train_cv,10.0,0.9062328232823283,0.009670734405517578,0.842,0.8386815263166323,0.8387485252634115,0.861646234676007,0.8849818257513891,0.828939167111599,port_protocol_service_ablation,39,36,3,ct_src_dport_ltm|ct_dst_sport_ltm|is_sm_ips_ports,ksf-v4-idsplit::
classical_ext,svc,6,laplacian_med_x0.1__svc__d6,laplacian_med_x0.1,id_val,fixed_c1,1.0,,0.009414196014404297,0.9123505976095617,0.9123174603174603,0.9123380746761494,0.9133858267716536,0.961015873015873,0.965482475019003,port_protocol_service_ablation,39,36,3,ct_src_dport_ltm|ct_dst_sport_ltm|is_sm_ips_ports,ksf-v4-idsplit::
classical_ext,svc,6,laplacian_med_x0.1__svc__d6,laplacian_med_x0.1,id_test,fixed_c1,1.0,,0.009414196014404297,0.8674698795180723,0.8672580645161291,0.8670495914570019,0.8745247148288974,0.9327741935483871,0.9173306173311332,port_protocol_service_ablation,39,36,3,ct_src_dport_ltm|ct_dst_sport_ltm|is_sm_ips_ports,ksf-v4-idsplit::
classical_ext,svc,6,laplacian_med_x0.1__svc__d6,laplacian_med_x0.1,ood_test,fixed_c1,1.0,,0.009414196014404297,0.824,0.8199388320443228,0.8188883034773445,0.8493150684931506,0.9211381723271045,0.8756013763716592,port_protocol_service_ablation,39,36,3,ct_src_dport_ltm|ct_dst_sport_ltm|is_sm_ips_ports,ksf-v4-idsplit::
classical_ext,svc,6,laplacian_med_x0.1__svc__d6,laplacian_med_x0.1,id_val,train_cv,1.0,0.8934419441944195,0.00887155532836914,0.9123505976095617,0.9123174603174603,0.9123380746761494,0.9133858267716536,0.961015873015873,0.965482475019003,port_protocol_service_ablation,39,36,3,ct_src_dport_ltm|ct_dst_sport_ltm|is_sm_ips_ports,ksf-v4-idsplit::
classical_ext,svc,6,laplacian_med_x0.1__svc__d6,laplacian_med_x0.1,id_test,train_cv,1.0,0.8934419441944195,0.00887155532836914,0.8674698795180723,0.8672580645161291,0.8670495914570019,0.8745247148288974,0.9327741935483871,0.9173306173311332,port_protocol_service_ablation,39,36,3,ct_src_dport_ltm|ct_dst_sport_ltm|is_sm_ips_ports,ksf-v4-idsplit::
classical_ext,svc,6,laplacian_med_x0.1__svc__d6,laplacian_med_x0.1,ood_test,train_cv,1.0,0.8934419441944195,0.00887155532836914,0.824,0.8199388320443228,0.8188883034773445,0.8493150684931506,0.9211381723271045,0.8756013763716592,port_protocol_service_ablation,39,36,3,ct_src_dport_ltm|ct_dst_sport_ltm|is_sm_ips_ports,ksf-v4-idsplit::
classical_ext,svc,6,laplacian_med_x0.3__svc__d6,laplacian_med_x0.3,id_val,fixed_c1,1.0,,0.006997823715209961,0.9083665338645418,0.9082539682539683,0.9082733527177971,0.9111969111969112,0.9767619047619047,0.968726360871735,port_protocol_service_ablation,39,36,3,ct_src_dport_ltm|ct_dst_sport_ltm|is_sm_ips_ports,ksf-v4-idsplit::
classical_ext,svc,6,laplacian_med_x0.3__svc__d6,laplacian_med_x0.3,id_test,fixed_c1,1.0,,0.006997823715209961,0.8554216867469879,0.8551290322580645,0.8545749513303049,0.8656716417910447,0.9369032258064516,0.9084384469327833,port_protocol_service_ablation,39,36,3,ct_src_dport_ltm|ct_dst_sport_ltm|is_sm_ips_ports,ksf-v4-idsplit::
classical_ext,svc,6,laplacian_med_x0.3__svc__d6,laplacian_med_x0.3,ood_test,fixed_c1,1.0,,0.006997823715209961,0.8,0.7950232982658404,0.7916666666666667,0.8333333333333334,0.9216025363885286,0.8860933202264463,port_protocol_service_ablation,39,36,3,ct_src_dport_ltm|ct_dst_sport_ltm|is_sm_ips_ports,ksf-v4-idsplit::
classical_ext,svc,6,laplacian_med_x0.3__svc__d6,laplacian_med_x0.3,id_val,train_cv,10.0,0.8921413141314132,0.008002519607543945,0.9163346613545816,0.9163492063492064,0.9163346613545816,0.9163346613545816,0.9648888888888889,0.9668868198052466,port_protocol_service_ablation,39,36,3,ct_src_dport_ltm|ct_dst_sport_ltm|is_sm_ips_ports,ksf-v4-idsplit::
classical_ext,svc,6,laplacian_med_x0.3__svc__d6,laplacian_med_x0.3,id_test,train_cv,10.0,0.8921413141314132,0.008002519607543945,0.8755020080321285,0.8753548387096775,0.8753008836690845,0.8803088803088803,0.9270967741935483,0.9167879499647548,port_protocol_service_ablation,39,36,3,ct_src_dport_ltm|ct_dst_sport_ltm|is_sm_ips_ports,ksf-v4-idsplit::
classical_ext,svc,6,laplacian_med_x0.3__svc__d6,laplacian_med_x0.3,ood_test,train_cv,10.0,0.8921413141314132,0.008002519607543945,0.85,0.8464636274839474,0.8465473145780051,0.8695652173913043,0.9141727114057421,0.8666092988377583,port_protocol_service_ablation,39,36,3,ct_src_dport_ltm|ct_dst_sport_ltm|is_sm_ips_ports,ksf-v4-idsplit::
classical_ext,svc,6,laplacian_med_x3__svc__d6,laplacian_med_x3,id_val,fixed_c1,1.0,,0.006005287170410156,0.8924302788844621,0.892,0.8910747866338782,0.9032258064516129,0.9492698412698413,0.9187716899711962,port_protocol_service_ablation,39,36,3,ct_src_dport_ltm|ct_dst_sport_ltm|is_sm_ips_ports,ksf-v4-idsplit::
classical_ext,svc,6,laplacian_med_x3__svc__d6,laplacian_med_x3,id_test,fixed_c1,1.0,,0.006005287170410156,0.8594377510040161,0.8589032258064516,0.8567671953324021,0.8763250883392226,0.9171612903225805,0.8526552005403432,port_protocol_service_ablation,39,36,3,ct_src_dport_ltm|ct_dst_sport_ltm|is_sm_ips_ports,ksf-v4-idsplit::
classical_ext,svc,6,laplacian_med_x3__svc__d6,laplacian_med_x3,ood_test,fixed_c1,1.0,,0.006005287170410156,0.736,0.728843413235977,0.7142312821489808,0.7931034482758621,0.8604666058189621,0.7993167275919095,port_protocol_service_ablation,39,36,3,ct_src_dport_ltm|ct_dst_sport_ltm|is_sm_ips_ports,ksf-v4-idsplit::
classical_ext,svc,6,laplacian_med_x3__svc__d6,laplacian_med_x3,id_val,train_cv,10.0,0.8896213621362137,0.0071163177490234375,0.9043824701195219,0.9042539682539683,0.9042593769866497,0.9076923076923077,0.9678095238095238,0.9550413567150575,port_protocol_service_ablation,39,36,3,ct_src_dport_ltm|ct_dst_sport_ltm|is_sm_ips_ports,ksf-v4-idsplit::
classical_ext,svc,6,laplacian_med_x3__svc__d6,laplacian_med_x3,id_test,train_cv,10.0,0.8896213621362137,0.0071163177490234375,0.8634538152610441,0.8631612903225807,0.8626541207008436,0.8731343283582089,0.9323870967741935,0.904043958047557,port_protocol_service_ablation,39,36,3,ct_src_dport_ltm|ct_dst_sport_ltm|is_sm_ips_ports,ksf-v4-idsplit::
classical_ext,svc,6,laplacian_med_x3__svc__d6,laplacian_med_x3,ood_test,train_cv,10.0,0.8896213621362137,0.0071163177490234375,0.804,0.7991385246032889,0.7961696534052147,0.8361204013377926,0.9130037949752606,0.8758862543835523,port_protocol_service_ablation,39,36,3,ct_src_dport_ltm|ct_dst_sport_ltm|is_sm_ips_ports,ksf-v4-idsplit::
classical_ext,svc,6,laplacian_med_x10__svc__d6,laplacian_med_x10,id_val,fixed_c1,1.0,,0.0061342716217041016,0.8924302788844621,0.892,0.8910747866338782,0.9032258064516129,0.9057777777777778,0.8220831648022668,port_protocol_service_ablation,39,36,3,ct_src_dport_ltm|ct_dst_sport_ltm|is_sm_ips_ports,ksf-v4-idsplit::
classical_ext,svc,6,laplacian_med_x10__svc__d6,laplacian_med_x10,id_test,fixed_c1,1.0,,0.0061342716217041016,0.8594377510040161,0.8589032258064516,0.8567671953324021,0.8763250883392226,0.8832258064516127,0.8037141176068114,port_protocol_service_ablation,39,36,3,ct_src_dport_ltm|ct_dst_sport_ltm|is_sm_ips_ports,ksf-v4-idsplit::
classical_ext,svc,6,laplacian_med_x10__svc__d6,laplacian_med_x10,ood_test,fixed_c1,1.0,,0.0061342716217041016,0.736,0.728843413235977,0.7142312821489808,0.7931034482758621,0.7371859537877697,0.6413670670491329,port_protocol_service_ablation,39,36,3,ct_src_dport_ltm|ct_dst_sport_ltm|is_sm_ips_ports,ksf-v4-idsplit::
classical_ext,svc,6,laplacian_med_x10__svc__d6,laplacian_med_x10,id_val,train_cv,10.0,0.8878611861186119,0.006556034088134766,0.900398406374502,0.9,0.8993180906538307,0.9097472924187726,0.9593650793650794,0.9305969713993969,port_protocol_service_ablation,39,36,3,ct_src_dport_ltm|ct_dst_sport_ltm|is_sm_ips_ports,ksf-v4-idsplit::
classical_ext,svc,6,laplacian_med_x10__svc__d6,laplacian_med_x10,id_test,train_cv,10.0,0.8878611861186119,0.006556034088134766,0.8714859437751004,0.871,0.8694626474442988,0.8857142857142857,0.9293548387096774,0.8723876654922318,port_protocol_service_ablation,39,36,3,ct_src_dport_ltm|ct_dst_sport_ltm|is_sm_ips_ports,ksf-v4-idsplit::
classical_ext,svc,6,laplacian_med_x10__svc__d6,laplacian_med_x10,ood_test,train_cv,10.0,0.8878611861186119,0.006556034088134766,0.756,0.7494195449232198,0.7388877474145606,0.8057324840764332,0.8869353573201391,0.838412036848847,port_protocol_service_ablation,39,36,3,ct_src_dport_ltm|ct_dst_sport_ltm|is_sm_ips_ports,ksf-v4-idsplit::
classical_ext,svc,6,matern15_med_x0.1__svc__d6,matern15_med_x0.1,id_val,fixed_c1,1.0,,0.008780479431152344,0.9083665338645418,0.9082857142857144,0.9083141427777337,0.9105058365758755,0.9615873015873015,0.9575410468986024,port_protocol_service_ablation,39,36,3,ct_src_dport_ltm|ct_dst_sport_ltm|is_sm_ips_ports,ksf-v4-idsplit::
classical_ext,svc,6,matern15_med_x0.1__svc__d6,matern15_med_x0.1,id_test,fixed_c1,1.0,,0.008780479431152344,0.8634538152610441,0.863225806451613,0.8629564879564879,0.8712121212121212,0.9298709677419355,0.8956042144487377,port_protocol_service_ablation,39,36,3,ct_src_dport_ltm|ct_dst_sport_ltm|is_sm_ips_ports,ksf-v4-idsplit::
classical_ext,svc,6,matern15_med_x0.1__svc__d6,matern15_med_x0.1,ood_test,fixed_c1,1.0,,0.008780479431152344,0.824,0.8200509199212183,0.8191354675348164,0.8487972508591065,0.9049815055003123,0.8425386978152101,port_protocol_service_ablation,39,36,3,ct_src_dport_ltm|ct_dst_sport_ltm|is_sm_ips_ports,ksf-v4-idsplit::
classical_ext,svc,6,matern15_med_x0.1__svc__d6,matern15_med_x0.1,id_val,train_cv,1.0,0.8964421442144215,0.009534358978271484,0.9083665338645418,0.9082857142857144,0.9083141427777337,0.9105058365758755,0.9615873015873015,0.9575410468986024,port_protocol_service_ablation,39,36,3,ct_src_dport_ltm|ct_dst_sport_ltm|is_sm_ips_ports,ksf-v4-idsplit::
classical_ext,svc,6,matern15_med_x0.1__svc__d6,matern15_med_x0.1,id_test,train_cv,1.0,0.8964421442144215,0.009534358978271484,0.8634538152610441,0.863225806451613,0.8629564879564879,0.8712121212121212,0.9298709677419355,0.8956042144487377,port_protocol_service_ablation,39,36,3,ct_src_dport_ltm|ct_dst_sport_ltm|is_sm_ips_ports,ksf-v4-idsplit::
classical_ext,svc,6,matern15_med_x0.1__svc__d6,matern15_med_x0.1,ood_test,train_cv,1.0,0.8964421442144215,0.009534358978271484,0.824,0.8200509199212183,0.8191354675348164,0.8487972508591065,0.9049815055003123,0.8425386978152101,port_protocol_service_ablation,39,36,3,ct_src_dport_ltm|ct_dst_sport_ltm|is_sm_ips_ports,ksf-v4-idsplit::
classical_ext,svc,6,matern15_med_x0.3__svc__d6,matern15_med_x0.3,id_val,fixed_c1,1.0,,0.005999565124511719,0.9163346613545816,0.916031746031746,0.91580006709158,0.922509225092251,0.9769523809523809,0.9661349606087828,port_protocol_service_ablation,39,36,3,ct_src_dport_ltm|ct_dst_sport_ltm|is_sm_ips_ports,ksf-v4-idsplit::
classical_ext,svc,6,matern15_med_x0.3__svc__d6,matern15_med_x0.3,id_test,fixed_c1,1.0,,0.005999565124511719,0.8755020080321285,0.8751290322580645,0.8743345543345543,0.8864468864468864,0.9326451612903226,0.890534187205091,port_protocol_service_ablation,39,36,3,ct_src_dport_ltm|ct_dst_sport_ltm|is_sm_ips_ports,ksf-v4-idsplit::
classical_ext,svc,6,matern15_med_x0.3__svc__d6,matern15_med_x0.3,ood_test,fixed_c1,1.0,,0.005999565124511719,0.776,0.7699956766104626,0.762788254629865,0.8187702265372169,0.906246497253847,0.8638623814243727,port_protocol_service_ablation,39,36,3,ct_src_dport_ltm|ct_dst_sport_ltm|is_sm_ips_ports,ksf-v4-idsplit::
classical_ext,svc,6,matern15_med_x0.3__svc__d6,matern15_med_x0.3,id_val,train_cv,10.0,0.9053029302930293,0.008007287979125977,0.9322709163346613,0.9322857142857144,0.9322709163346613,0.9322709163346613,0.9699682539682539,0.958379091128503,port_protocol_service_ablation,39,36,3,ct_src_dport_ltm|ct_dst_sport_ltm|is_sm_ips_ports,ksf-v4-idsplit::
classical_ext,svc,6,matern15_med_x0.3__svc__d6,matern15_med_x0.3,id_test,train_cv,10.0,0.9053029302930293,0.008007287979125977,0.8795180722891566,0.8793548387096775,0.8792824822236587,0.8846153846153846,0.9291612903225805,0.8934210967434612,port_protocol_service_ablation,39,36,3,ct_src_dport_ltm|ct_dst_sport_ltm|is_sm_ips_ports,ksf-v4-idsplit::
classical_ext,svc,6,matern15_med_x0.3__svc__d6,matern15_med_x0.3,ood_test,train_cv,10.0,0.9053029302930293,0.008007287979125977,0.834,0.8302268978879441,0.829749875902018,0.8566493955094991,0.9081840162687547,0.8666319233512113,port_protocol_service_ablation,39,36,3,ct_src_dport_ltm|ct_dst_sport_ltm|is_sm_ips_ports,ksf-v4-idsplit::
classical_ext,svc,6,matern15_med_x3__svc__d6,matern15_med_x3,id_val,fixed_c1,1.0,,0.005160093307495117,0.896414342629482,0.896,0.8952016957862281,0.9064748201438849,0.8950476190476191,0.8467859957942424,port_protocol_service_ablation,39,36,3,ct_src_dport_ltm|ct_dst_sport_ltm|is_sm_ips_ports,ksf-v4-idsplit::
classical_ext,svc,6,matern15_med_x3__svc__d6,matern15_med_x3,id_test,fixed_c1,1.0,,0.005160093307495117,0.8594377510040161,0.8589032258064516,0.8567671953324021,0.8763250883392226,0.8834193548387097,0.8256589311692399,port_protocol_service_ablation,39,36,3,ct_src_dport_ltm|ct_dst_sport_ltm|is_sm_ips_ports,ksf-v4-idsplit::
classical_ext,svc,6,matern15_med_x3__svc__d6,matern15_med_x3,ood_test,fixed_c1,1.0,,0.005160093307495117,0.736,0.728843413235977,0.7142312821489808,0.7931034482758621,0.734720020496069,0.6444970782734893,port_protocol_service_ablation,39,36,3,ct_src_dport_ltm|ct_dst_sport_ltm|is_sm_ips_ports,ksf-v4-idsplit::
classical_ext,svc,6,matern15_med_x3__svc__d6,matern15_med_x3,id_val,train_cv,100.0,0.8867912791279128,0.00900578498840332,0.9123505976095617,0.9119999999999999,0.9116084005634524,0.9197080291970803,0.9773968253968254,0.9666380223844097,port_protocol_service_ablation,39,36,3,ct_src_dport_ltm|ct_dst_sport_ltm|is_sm_ips_ports,ksf-v4-idsplit::
classical_ext,svc,6,matern15_med_x3__svc__d6,matern15_med_x3,id_test,train_cv,100.0,0.8867912791279128,0.00900578498840332,0.8755020080321285,0.8751290322580645,0.8743345543345543,0.8864468864468864,0.9394193548387096,0.9122953946727342,port_protocol_service_ablation,39,36,3,ct_src_dport_ltm|ct_dst_sport_ltm|is_sm_ips_ports,ksf-v4-idsplit::
classical_ext,svc,6,matern15_med_x3__svc__d6,matern15_med_x3,ood_test,train_cv,100.0,0.8867912791279128,0.00900578498840332,0.768,0.7617652239355654,0.7533132581364093,0.8135048231511254,0.9135642343597381,0.8745748257709665,port_protocol_service_ablation,39,36,3,ct_src_dport_ltm|ct_dst_sport_ltm|is_sm_ips_ports,ksf-v4-idsplit::
classical_ext,svc,6,matern15_med_x10__svc__d6,matern15_med_x10,id_val,fixed_c1,1.0,,0.008762359619140625,0.848605577689243,0.8484444444444444,0.8483142493638677,0.8549618320610687,0.9297777777777778,0.8928319628775517,port_protocol_service_ablation,39,36,3,ct_src_dport_ltm|ct_dst_sport_ltm|is_sm_ips_ports,ksf-v4-idsplit::
classical_ext,svc,6,matern15_med_x10__svc__d6,matern15_med_x10,id_test,fixed_c1,1.0,,0.008762359619140625,0.7991967871485943,0.7989999999999999,0.7986479492819252,0.8091603053435115,0.8977419354838709,0.8615256715290338,port_protocol_service_ablation,39,36,3,ct_src_dport_ltm|ct_dst_sport_ltm|is_sm_ips_ports,ksf-v4-idsplit::
classical_ext,svc,6,matern15_med_x10__svc__d6,matern15_med_x10,ood_test,fixed_c1,1.0,,0.008762359619140625,0.712,0.7062817248722999,0.6967859308671922,0.7647058823529411,0.8124769819538519,0.7351818426764961,port_protocol_service_ablation,39,36,3,ct_src_dport_ltm|ct_dst_sport_ltm|is_sm_ips_ports,ksf-v4-idsplit::
classical_ext,svc,6,matern15_med_x10__svc__d6,matern15_med_x10,id_val,train_cv,100.0,0.882900790079008,0.0075833797454833984,0.896414342629482,0.896,0.8952016957862281,0.9064748201438849,0.9172698412698412,0.860328108804796,port_protocol_service_ablation,39,36,3,ct_src_dport_ltm|ct_dst_sport_ltm|is_sm_ips_ports,ksf-v4-idsplit::
classical_ext,svc,6,matern15_med_x10__svc__d6,matern15_med_x10,id_test,train_cv,100.0,0.882900790079008,0.0075833797454833984,0.8594377510040161,0.8589032258064516,0.8567671953324021,0.8763250883392226,0.8875483870967743,0.8297774189133889,port_protocol_service_ablation,39,36,3,ct_src_dport_ltm|ct_dst_sport_ltm|is_sm_ips_ports,ksf-v4-idsplit::
classical_ext,svc,6,matern15_med_x10__svc__d6,matern15_med_x10,ood_test,train_cv,100.0,0.882900790079008,0.0075833797454833984,0.736,0.728843413235977,0.7142312821489808,0.7931034482758621,0.6971865942899234,0.5980394832820827,port_protocol_service_ablation,39,36,3,ct_src_dport_ltm|ct_dst_sport_ltm|is_sm_ips_ports,ksf-v4-idsplit::
classical_ext,svc,6,matern25_med_x0.1__svc__d6,matern25_med_x0.1,id_val,fixed_c1,1.0,,0.009006738662719727,0.9083665338645418,0.9082857142857144,0.9083141427777337,0.9105058365758755,0.9605714285714285,0.9548462064331872,port_protocol_service_ablation,39,36,3,ct_src_dport_ltm|ct_dst_sport_ltm|is_sm_ips_ports,ksf-v4-idsplit::
classical_ext,svc,6,matern25_med_x0.1__svc__d6,matern25_med_x0.1,id_test,fixed_c1,1.0,,0.009006738662719727,0.8634538152610441,0.863225806451613,0.8629564879564879,0.8712121212121212,0.9216129032258064,0.8714588692774111,port_protocol_service_ablation,39,36,3,ct_src_dport_ltm|ct_dst_sport_ltm|is_sm_ips_ports,ksf-v4-idsplit::
classical_ext,svc,6,matern25_med_x0.1__svc__d6,matern25_med_x0.1,ood_test,fixed_c1,1.0,,0.009006738662719727,0.822,0.817993306752494,0.8169560406563257,0.8473413379073756,0.9005620406398616,0.837730873795953,port_protocol_service_ablation,39,36,3,ct_src_dport_ltm|ct_dst_sport_ltm|is_sm_ips_ports,ksf-v4-idsplit::
classical_ext,svc,6,matern25_med_x0.1__svc__d6,matern25_med_x0.1,id_val,train_cv,1.0,0.8964120412041204,0.009131908416748047,0.9083665338645418,0.9082857142857144,0.9083141427777337,0.9105058365758755,0.9605714285714285,0.9548462064331872,port_protocol_service_ablation,39,36,3,ct_src_dport_ltm|ct_dst_sport_ltm|is_sm_ips_ports,ksf-v4-idsplit::
classical_ext,svc,6,matern25_med_x0.1__svc__d6,matern25_med_x0.1,id_test,train_cv,1.0,0.8964120412041204,0.009131908416748047,0.8634538152610441,0.863225806451613,0.8629564879564879,0.8712121212121212,0.9216129032258064,0.8714588692774111,port_protocol_service_ablation,39,36,3,ct_src_dport_ltm|ct_dst_sport_ltm|is_sm_ips_ports,ksf-v4-idsplit::
classical_ext,svc,6,matern25_med_x0.1__svc__d6,matern25_med_x0.1,ood_test,train_cv,1.0,0.8964120412041204,0.009131908416748047,0.822,0.817993306752494,0.8169560406563257,0.8473413379073756,0.9005620406398616,0.837730873795953,port_protocol_service_ablation,39,36,3,ct_src_dport_ltm|ct_dst_sport_ltm|is_sm_ips_ports,ksf-v4-idsplit::
classical_ext,svc,6,matern25_med_x0.3__svc__d6,matern25_med_x0.3,id_val,fixed_c1,1.0,,0.006997108459472656,0.9163346613545816,0.916031746031746,0.91580006709158,0.922509225092251,0.9755555555555555,0.9657977746118317,port_protocol_service_ablation,39,36,3,ct_src_dport_ltm|ct_dst_sport_ltm|is_sm_ips_ports,ksf-v4-idsplit::
classical_ext,svc,6,matern25_med_x0.3__svc__d6,matern25_med_x0.3,id_test,fixed_c1,1.0,,0.006997108459472656,0.8714859437751004,0.8710645161290322,0.8699569134351743,0.8840579710144928,0.9387096774193548,0.909660008101721,port_protocol_service_ablation,39,36,3,ct_src_dport_ltm|ct_dst_sport_ltm|is_sm_ips_ports,ksf-v4-idsplit::
classical_ext,svc,6,matern25_med_x0.3__svc__d6,matern25_med_x0.3,ood_test,fixed_c1,1.0,,0.006997108459472656,0.77,0.7638228371042898,0.755692367829571,0.8148148148148148,0.9063265600230582,0.8638183928517782,port_protocol_service_ablation,39,36,3,ct_src_dport_ltm|ct_dst_sport_ltm|is_sm_ips_ports,ksf-v4-idsplit::
classical_ext,svc,6,matern25_med_x0.3__svc__d6,matern25_med_x0.3,id_val,train_cv,10.0,0.9073229322932292,0.008457660675048828,0.9322709163346613,0.9322857142857144,0.9322709163346613,0.9322709163346613,0.976,0.9635605470504125,port_protocol_service_ablation,39,36,3,ct_src_dport_ltm|ct_dst_sport_ltm|is_sm_ips_ports,ksf-v4-idsplit::
classical_ext,svc,6,matern25_med_x0.3__svc__d6,matern25_med_x0.3,id_test,train_cv,10.0,0.9073229322932292,0.008457660675048828,0.8795180722891566,0.8793548387096775,0.8792824822236587,0.8846153846153846,0.9320645161290323,0.8952139964875995,port_protocol_service_ablation,39,36,3,ct_src_dport_ltm|ct_dst_sport_ltm|is_sm_ips_ports,ksf-v4-idsplit::
classical_ext,svc,6,matern25_med_x0.3__svc__d6,matern25_med_x0.3,ood_test,train_cv,10.0,0.9073229322932292,0.008457660675048828,0.832,0.8279451089654288,0.8271206533192834,0.8561643835616438,0.8958543498102512,0.8465748300881681,port_protocol_service_ablation,39,36,3,ct_src_dport_ltm|ct_dst_sport_ltm|is_sm_ips_ports,ksf-v4-idsplit::
classical_ext,svc,6,matern25_med_x3__svc__d6,matern25_med_x3,id_val,fixed_c1,1.0,,0.006720781326293945,0.8446215139442231,0.8444444444444444,0.8442655551489889,0.8517110266159695,0.9068571428571428,0.852539006572474,port_protocol_service_ablation,39,36,3,ct_src_dport_ltm|ct_dst_sport_ltm|is_sm_ips_ports,ksf-v4-idsplit::
classical_ext,svc,6,matern25_med_x3__svc__d6,matern25_med_x3,id_test,fixed_c1,1.0,,0.006720781326293945,0.7951807228915663,0.7949354838709677,0.7943315248198235,0.8075471698113208,0.8681290322580646,0.7929540434904199,port_protocol_service_ablation,39,36,3,ct_src_dport_ltm|ct_dst_sport_ltm|is_sm_ips_ports,ksf-v4-idsplit::
classical_ext,svc,6,matern25_med_x3__svc__d6,matern25_med_x3,ood_test,fixed_c1,1.0,,0.006720781326293945,0.696,0.6900449952762966,0.6787067099567099,0.7532467532467533,0.718050951946326,0.6356667428103606,port_protocol_service_ablation,39,36,3,ct_src_dport_ltm|ct_dst_sport_ltm|is_sm_ips_ports,ksf-v4-idsplit::
classical_ext,svc,6,matern25_med_x3__svc__d6,matern25_med_x3,id_val,train_cv,100.0,0.8858809880988099,0.011315107345581055,0.900398406374502,0.9,0.8993180906538307,0.9097472924187726,0.9569523809523809,0.930032030386018,port_protocol_service_ablation,39,36,3,ct_src_dport_ltm|ct_dst_sport_ltm|is_sm_ips_ports,ksf-v4-idsplit::
classical_ext,svc,6,matern25_med_x3__svc__d6,matern25_med_x3,id_test,train_cv,100.0,0.8858809880988099,0.011315107345581055,0.8714859437751004,0.871,0.8694626474442988,0.8857142857142857,0.9359354838709677,0.898070430919947,port_protocol_service_ablation,39,36,3,ct_src_dport_ltm|ct_dst_sport_ltm|is_sm_ips_ports,ksf-v4-idsplit::
classical_ext,svc,6,matern25_med_x3__svc__d6,matern25_med_x3,ood_test,train_cv,100.0,0.8858809880988099,0.011315107345581055,0.758,0.7514771580919442,0.741310380508913,0.8070175438596491,0.8640053802180909,0.8077417026431459,port_protocol_service_ablation,39,36,3,ct_src_dport_ltm|ct_dst_sport_ltm|is_sm_ips_ports,ksf-v4-idsplit::
classical_ext,svc,6,matern25_med_x10__svc__d6,matern25_med_x10,id_val,fixed_c1,1.0,,0.009945154190063477,0.8167330677290837,0.8164761904761905,0.8158885061870136,0.8283582089552238,0.898031746031746,0.8819105980404259,port_protocol_service_ablation,39,36,3,ct_src_dport_ltm|ct_dst_sport_ltm|is_sm_ips_ports,ksf-v4-idsplit::
classical_ext,svc,6,matern25_med_x10__svc__d6,matern25_med_x10,id_test,fixed_c1,1.0,,0.009945154190063477,0.7791164658634538,0.7789354838709677,0.7786022600514089,0.789272030651341,0.873225806451613,0.8678180065536493,port_protocol_service_ablation,39,36,3,ct_src_dport_ltm|ct_dst_sport_ltm|is_sm_ips_ports,ksf-v4-idsplit::
classical_ext,svc,6,matern25_med_x10__svc__d6,matern25_med_x10,ood_test,fixed_c1,1.0,,0.009945154190063477,0.712,0.7066179885029864,0.6984470020606122,0.7623762376237624,0.8422443195465245,0.7931404969385227,port_protocol_service_ablation,39,36,3,ct_src_dport_ltm|ct_dst_sport_ltm|is_sm_ips_ports,ksf-v4-idsplit::
classical_ext,svc,6,matern25_med_x10__svc__d6,matern25_med_x10,id_val,train_cv,10.0,0.834176517651765,0.007045269012451172,0.8446215139442231,0.8445714285714285,0.8445820433436533,0.8470588235294118,0.9094603174603175,0.8502731696745076,port_protocol_service_ablation,39,36,3,ct_src_dport_ltm|ct_dst_sport_ltm|is_sm_ips_ports,ksf-v4-idsplit::
classical_ext,svc,6,matern25_med_x10__svc__d6,matern25_med_x10,id_test,train_cv,10.0,0.834176517651765,0.007045269012451172,0.7911646586345381,0.7911935483870968,0.7911612903225806,0.7903225806451613,0.8608387096774194,0.7798473535917407,port_protocol_service_ablation,39,36,3,ct_src_dport_ltm|ct_dst_sport_ltm|is_sm_ips_ports,ksf-v4-idsplit::
classical_ext,svc,6,matern25_med_x10__svc__d6,matern25_med_x10,ood_test,train_cv,10.0,0.834176517651765,0.007045269012451172,0.756,0.7523338297225024,0.7502292976939203,0.7881944444444444,0.7168179853004756,0.6216528955398999,port_protocol_service_ablation,39,36,3,ct_src_dport_ltm|ct_dst_sport_ltm|is_sm_ips_ports,ksf-v4-idsplit::
quantum,svc,6,zz_r1_full__as0.5__svc__d6,zz_r1_full__as0.5,id_val,fixed_c1,1.0,,0.009000062942504883,0.900398406374502,0.9002857142857144,0.9002971225193448,0.9034749034749034,0.9738412698412698,0.9710915217415678,port_protocol_service_ablation,39,36,3,ct_src_dport_ltm|ct_dst_sport_ltm|is_sm_ips_ports,ksf-v4-idsplit::
quantum,svc,6,zz_r1_full__as0.5__svc__d6,zz_r1_full__as0.5,id_test,fixed_c1,1.0,,0.009000062942504883,0.8634538152610441,0.8632580645161291,0.8630806055117092,0.8702290076335878,0.9249032258064516,0.8852169057044332,port_protocol_service_ablation,39,36,3,ct_src_dport_ltm|ct_dst_sport_ltm|is_sm_ips_ports,ksf-v4-idsplit::
quantum,svc,6,zz_r1_full__as0.5__svc__d6,zz_r1_full__as0.5,ood_test,fixed_c1,1.0,,0.009000062942504883,0.796,0.7912443355590784,0.788191906438966,0.8288590604026845,0.9060863717154248,0.865227186676208,port_protocol_service_ablation,39,36,3,ct_src_dport_ltm|ct_dst_sport_ltm|is_sm_ips_ports,ksf-v4-idsplit::
quantum,svc,6,zz_r1_full__as0.5__svc__d6,zz_r1_full__as0.5,id_val,train_cv,1.0,0.8905215521552157,0.008640050888061523,0.900398406374502,0.9002857142857144,0.9002971225193448,0.9034749034749034,0.9738412698412698,0.9710915217415678,port_protocol_service_ablation,39,36,3,ct_src_dport_ltm|ct_dst_sport_ltm|is_sm_ips_ports,ksf-v4-idsplit::
quantum,svc,6,zz_r1_full__as0.5__svc__d6,zz_r1_full__as0.5,id_test,train_cv,1.0,0.8905215521552157,0.008640050888061523,0.8634538152610441,0.8632580645161291,0.8630806055117092,0.8702290076335878,0.9249032258064516,0.8852169057044332,port_protocol_service_ablation,39,36,3,ct_src_dport_ltm|ct_dst_sport_ltm|is_sm_ips_ports,ksf-v4-idsplit::
quantum,svc,6,zz_r1_full__as0.5__svc__d6,zz_r1_full__as0.5,ood_test,train_cv,1.0,0.8905215521552157,0.008640050888061523,0.796,0.7912443355590784,0.788191906438966,0.8288590604026845,0.9060863717154248,0.865227186676208,port_protocol_service_ablation,39,36,3,ct_src_dport_ltm|ct_dst_sport_ltm|is_sm_ips_ports,ksf-v4-idsplit::
quantum,svc,6,zz_r2_full__as0.5__svc__d6,zz_r2_full__as0.5,id_val,fixed_c1,1.0,,0.011320829391479492,0.9043824701195219,0.9042857142857144,0.9043080442241708,0.9069767441860465,0.9626666666666667,0.9700100295589041,port_protocol_service_ablation,39,36,3,ct_src_dport_ltm|ct_dst_sport_ltm|is_sm_ips_ports,ksf-v4-idsplit::
quantum,svc,6,zz_r2_full__as0.5__svc__d6,zz_r2_full__as0.5,id_test,fixed_c1,1.0,,0.011320829391479492,0.8514056224899599,0.8512903225806452,0.8512520787251562,0.8560311284046692,0.9349032258064516,0.9271419753346909,port_protocol_service_ablation,39,36,3,ct_src_dport_ltm|ct_dst_sport_ltm|is_sm_ips_ports,ksf-v4-idsplit::
quantum,svc,6,zz_r2_full__as0.5__svc__d6,zz_r2_full__as0.5,ood_test,fixed_c1,1.0,,0.011320829391479492,0.824,0.8199388320443228,0.8188883034773445,0.8493150684931506,0.9062144721461626,0.8610894522964676,port_protocol_service_ablation,39,36,3,ct_src_dport_ltm|ct_dst_sport_ltm|is_sm_ips_ports,ksf-v4-idsplit::
quantum,svc,6,zz_r2_full__as0.5__svc__d6,zz_r2_full__as0.5,id_val,train_cv,1.0,0.8853512351235123,0.008503913879394531,0.9043824701195219,0.9042857142857144,0.9043080442241708,0.9069767441860465,0.9626666666666667,0.9700100295589041,port_protocol_service_ablation,39,36,3,ct_src_dport_ltm|ct_dst_sport_ltm|is_sm_ips_ports,ksf-v4-idsplit::
quantum,svc,6,zz_r2_full__as0.5__svc__d6,zz_r2_full__as0.5,id_test,train_cv,1.0,0.8853512351235123,0.008503913879394531,0.8514056224899599,0.8512903225806452,0.8512520787251562,0.8560311284046692,0.9349032258064516,0.9271419753346909,port_protocol_service_ablation,39,36,3,ct_src_dport_ltm|ct_dst_sport_ltm|is_sm_ips_ports,ksf-v4-idsplit::
quantum,svc,6,zz_r2_full__as0.5__svc__d6,zz_r2_full__as0.5,ood_test,train_cv,1.0,0.8853512351235123,0.008503913879394531,0.824,0.8199388320443228,0.8188883034773445,0.8493150684931506,0.9062144721461626,0.8610894522964676,port_protocol_service_ablation,39,36,3,ct_src_dport_ltm|ct_dst_sport_ltm|is_sm_ips_ports,ksf-v4-idsplit::
quantum,svc,6,pauli_xz_r1_full__as0.5__svc__d6,pauli_xz_r1_full__as0.5,id_val,fixed_c1,1.0,,0.008039236068725586,0.900398406374502,0.9,0.8993180906538307,0.9097472924187726,0.9636825396825396,0.9533331202406334,port_protocol_service_ablation,39,36,3,ct_src_dport_ltm|ct_dst_sport_ltm|is_sm_ips_ports,ksf-v4-idsplit::
quantum,svc,6,pauli_xz_r1_full__as0.5__svc__d6,pauli_xz_r1_full__as0.5,id_test,fixed_c1,1.0,,0.008039236068725586,0.8714859437751004,0.871,0.8694626474442988,0.8857142857142857,0.9290322580645161,0.8933190115894204,port_protocol_service_ablation,39,36,3,ct_src_dport_ltm|ct_dst_sport_ltm|is_sm_ips_ports,ksf-v4-idsplit::
quantum,svc,6,pauli_xz_r1_full__as0.5__svc__d6,pauli_xz_r1_full__as0.5,ood_test,fixed_c1,1.0,,0.008039236068725586,0.754,0.7473619317544955,0.7364575610968508,0.8044515103338633,0.832620774687355,0.7550067037538017,port_protocol_service_ablation,39,36,3,ct_src_dport_ltm|ct_dst_sport_ltm|is_sm_ips_ports,ksf-v4-idsplit::
quantum,svc,6,pauli_xz_r1_full__as0.5__svc__d6,pauli_xz_r1_full__as0.5,id_val,train_cv,100.0,0.8934217421742174,0.017963886260986328,0.9322709163346613,0.9321269841269841,0.9321632406480025,0.9348659003831418,0.978920634920635,0.9689797921724275,port_protocol_service_ablation,39,36,3,ct_src_dport_ltm|ct_dst_sport_ltm|is_sm_ips_ports,ksf-v4-idsplit::
quantum,svc,6,pauli_xz_r1_full__as0.5__svc__d6,pauli_xz_r1_full__as0.5,id_test,train_cv,100.0,0.8934217421742174,0.017963886260986328,0.8875502008032129,0.8873225806451612,0.8871406371406372,0.8939393939393939,0.9365161290322581,0.9024143683253533,port_protocol_service_ablation,39,36,3,ct_src_dport_ltm|ct_dst_sport_ltm|is_sm_ips_ports,ksf-v4-idsplit::
quantum,svc,6,pauli_xz_r1_full__as0.5__svc__d6,pauli_xz_r1_full__as0.5,ood_test,train_cv,100.0,0.8934217421742174,0.017963886260986328,0.802,0.7970809114345647,0.793920873942023,0.8347245409015025,0.8863749179356615,0.826433492056164,port_protocol_service_ablation,39,36,3,ct_src_dport_ltm|ct_dst_sport_ltm|is_sm_ips_ports,ksf-v4-idsplit::
quantum,svc,6,zmap_r2__as0.5__svc__d6,zmap_r2__as0.5,id_val,fixed_c1,1.0,,0.007999420166015625,0.900398406374502,0.9,0.8993180906538307,0.9097472924187726,0.9751746031746031,0.9638328517161365,port_protocol_service_ablation,39,36,3,ct_src_dport_ltm|ct_dst_sport_ltm|is_sm_ips_ports,ksf-v4-idsplit::
quantum,svc,6,zmap_r2__as0.5__svc__d6,zmap_r2__as0.5,id_test,fixed_c1,1.0,,0.007999420166015625,0.8714859437751004,0.871,0.8694626474442988,0.8857142857142857,0.9421290322580645,0.9224545113637368,port_protocol_service_ablation,39,36,3,ct_src_dport_ltm|ct_dst_sport_ltm|is_sm_ips_ports,ksf-v4-idsplit::
quantum,svc,6,zmap_r2__as0.5__svc__d6,zmap_r2__as0.5,ood_test,fixed_c1,1.0,,0.007999420166015625,0.756,0.7494195449232198,0.7388877474145606,0.8057324840764332,0.904661254423468,0.8717698010836974,port_protocol_service_ablation,39,36,3,ct_src_dport_ltm|ct_dst_sport_ltm|is_sm_ips_ports,ksf-v4-idsplit::
quantum,svc,6,zmap_r2__as0.5__svc__d6,zmap_r2__as0.5,id_val,train_cv,100.0,0.9033227322732273,0.018723011016845703,0.9282868525896414,0.9281587301587302,0.9281945327399873,0.9307692307692308,0.9751111111111112,0.9657755642041216,port_protocol_service_ablation,39,36,3,ct_src_dport_ltm|ct_dst_sport_ltm|is_sm_ips_ports,ksf-v4-idsplit::
quantum,svc,6,zmap_r2__as0.5__svc__d6,zmap_r2__as0.5,id_test,train_cv,100.0,0.9033227322732273,0.018723011016845703,0.8795180722891566,0.8792903225806452,0.879079254079254,0.8863636363636364,0.9264516129032259,0.887289264907777,port_protocol_service_ablation,39,36,3,ct_src_dport_ltm|ct_dst_sport_ltm|is_sm_ips_ports,ksf-v4-idsplit::
quantum,svc,6,zmap_r2__as0.5__svc__d6,zmap_r2__as0.5,ood_test,train_cv,100.0,0.9033227322732273,0.018723011016845703,0.818,0.8134297289074635,0.8114778890495585,0.8465430016863407,0.8838289218747498,0.8245851042378953,port_protocol_service_ablation,39,36,3,ct_src_dport_ltm|ct_dst_sport_ltm|is_sm_ips_ports,ksf-v4-idsplit::
quantum,svc,6,zz_r1_full__svc__d6,zz_r1_full,id_val,fixed_c1,1.0,,0.009189367294311523,0.9043824701195219,0.9042857142857144,0.9043080442241708,0.9069767441860465,0.9649523809523809,0.9650525874863594,port_protocol_service_ablation,39,36,3,ct_src_dport_ltm|ct_dst_sport_ltm|is_sm_ips_ports,ksf-v4-idsplit::
quantum,svc,6,zz_r1_full__svc__d6,zz_r1_full,id_test,fixed_c1,1.0,,0.009189367294311523,0.8554216867469879,0.855225806451613,0.8550265234829861,0.8625954198473282,0.919741935483871,0.8734056199252587,port_protocol_service_ablation,39,36,3,ct_src_dport_ltm|ct_dst_sport_ltm|is_sm_ips_ports,ksf-v4-idsplit::
quantum,svc,6,zz_r1_full__svc__d6,zz_r1_full,ood_test,fixed_c1,1.0,,0.009189367294311523,0.812,0.8079294166626636,0.8065397787144363,0.839041095890411,0.8984643960865318,0.8438003769414695,port_protocol_service_ablation,39,36,3,ct_src_dport_ltm|ct_dst_sport_ltm|is_sm_ips_ports,ksf-v4-idsplit::
quantum,svc,6,zz_r1_full__svc__d6,zz_r1_full,id_val,train_cv,1.0,0.8874011401140114,0.008998870849609375,0.9043824701195219,0.9042857142857144,0.9043080442241708,0.9069767441860465,0.9649523809523809,0.9650525874863594,port_protocol_service_ablation,39,36,3,ct_src_dport_ltm|ct_dst_sport_ltm|is_sm_ips_ports,ksf-v4-idsplit::
quantum,svc,6,zz_r1_full__svc__d6,zz_r1_full,id_test,train_cv,1.0,0.8874011401140114,0.008998870849609375,0.8554216867469879,0.855225806451613,0.8550265234829861,0.8625954198473282,0.919741935483871,0.8734056199252587,port_protocol_service_ablation,39,36,3,ct_src_dport_ltm|ct_dst_sport_ltm|is_sm_ips_ports,ksf-v4-idsplit::
quantum,svc,6,zz_r1_full__svc__d6,zz_r1_full,ood_test,train_cv,1.0,0.8874011401140114,0.008998870849609375,0.812,0.8079294166626636,0.8065397787144363,0.839041095890411,0.8984643960865318,0.8438003769414695,port_protocol_service_ablation,39,36,3,ct_src_dport_ltm|ct_dst_sport_ltm|is_sm_ips_ports,ksf-v4-idsplit::
quantum,svc,6,zz_r2_full__svc__d6,zz_r2_full,id_val,fixed_c1,1.0,,0.018970727920532227,0.9163346613545816,0.9164444444444444,0.9162868260144524,0.9142857142857143,0.964126984126984,0.9565256072918316,port_protocol_service_ablation,39,36,3,ct_src_dport_ltm|ct_dst_sport_ltm|is_sm_ips_ports,ksf-v4-idsplit::
quantum,svc,6,zz_r2_full__svc__d6,zz_r2_full,id_test,fixed_c1,1.0,,0.018970727920532227,0.8313253012048193,0.8313870967741935,0.8313008130081301,0.8292682926829268,0.9161935483870968,0.8974525864601594,port_protocol_service_ablation,39,36,3,ct_src_dport_ltm|ct_dst_sport_ltm|is_sm_ips_ports,ksf-v4-idsplit::
quantum,svc,6,zz_r2_full__svc__d6,zz_r2_full,ood_test,fixed_c1,1.0,,0.018970727920532227,0.83,0.8270083745656596,0.8270776116366596,0.8495575221238938,0.9068709868536933,0.854012376420897,port_protocol_service_ablation,39,36,3,ct_src_dport_ltm|ct_dst_sport_ltm|is_sm_ips_ports,ksf-v4-idsplit::
quantum,svc,6,zz_r2_full__svc__d6,zz_r2_full,id_val,train_cv,1.0,0.8760504050405039,0.008717060089111328,0.9163346613545816,0.9164444444444444,0.9162868260144524,0.9142857142857143,0.964126984126984,0.9565256072918316,port_protocol_service_ablation,39,36,3,ct_src_dport_ltm|ct_dst_sport_ltm|is_sm_ips_ports,ksf-v4-idsplit::
quantum,svc,6,zz_r2_full__svc__d6,zz_r2_full,id_test,train_cv,1.0,0.8760504050405039,0.008717060089111328,0.8313253012048193,0.8313870967741935,0.8313008130081301,0.8292682926829268,0.9161935483870968,0.8974525864601594,port_protocol_service_ablation,39,36,3,ct_src_dport_ltm|ct_dst_sport_ltm|is_sm_ips_ports,ksf-v4-idsplit::
quantum,svc,6,zz_r2_full__svc__d6,zz_r2_full,ood_test,train_cv,1.0,0.8760504050405039,0.008717060089111328,0.83,0.8270083745656596,0.8270776116366596,0.8495575221238938,0.9068709868536933,0.854012376420897,port_protocol_service_ablation,39,36,3,ct_src_dport_ltm|ct_dst_sport_ltm|is_sm_ips_ports,ksf-v4-idsplit::
quantum,svc,6,pauli_xz_r1_full__svc__d6,pauli_xz_r1_full,id_val,fixed_c1,1.0,,0.012673139572143555,0.9203187250996016,0.9199999999999999,0.9197570332480818,0.9264705882352942,0.9705396825396826,0.9475135748130211,port_protocol_service_ablation,39,36,3,ct_src_dport_ltm|ct_dst_sport_ltm|is_sm_ips_ports,ksf-v4-idsplit::
quantum,svc,6,pauli_xz_r1_full__svc__d6,pauli_xz_r1_full,id_test,fixed_c1,1.0,,0.012673139572143555,0.8714859437751004,0.8710645161290322,0.8699569134351743,0.8840579710144928,0.9455483870967741,0.9332682040659739,port_protocol_service_ablation,39,36,3,ct_src_dport_ltm|ct_dst_sport_ltm|is_sm_ips_ports,ksf-v4-idsplit::
quantum,svc,6,pauli_xz_r1_full__svc__d6,pauli_xz_r1_full,ood_test,fixed_c1,1.0,,0.012673139572143555,0.768,0.7617652239355654,0.7533132581364093,0.8135048231511254,0.9138364477750556,0.8882197258821651,port_protocol_service_ablation,39,36,3,ct_src_dport_ltm|ct_dst_sport_ltm|is_sm_ips_ports,ksf-v4-idsplit::
quantum,svc,6,pauli_xz_r1_full__svc__d6,pauli_xz_r1_full,id_val,train_cv,100.0,0.9031526152615262,0.019764423370361328,0.9322709163346613,0.9322222222222223,0.9322537112010796,0.9333333333333333,0.9659047619047618,0.9568381922668578,port_protocol_service_ablation,39,36,3,ct_src_dport_ltm|ct_dst_sport_ltm|is_sm_ips_ports,ksf-v4-idsplit::
quantum,svc,6,pauli_xz_r1_full__svc__d6,pauli_xz_r1_full,id_test,train_cv,100.0,0.9031526152615262,0.019764423370361328,0.8835341365461847,0.8833870967741936,0.8833459879484984,0.888030888030888,0.9148387096774193,0.860345217577602,port_protocol_service_ablation,39,36,3,ct_src_dport_ltm|ct_dst_sport_ltm|is_sm_ips_ports,ksf-v4-idsplit::
quantum,svc,6,pauli_xz_r1_full__svc__d6,pauli_xz_r1_full,ood_test,train_cv,100.0,0.9031526152615262,0.019764423370361328,0.848,0.8446301900690141,0.8447813868374616,0.8671328671328671,0.8587212374501609,0.7811049550621586,port_protocol_service_ablation,39,36,3,ct_src_dport_ltm|ct_dst_sport_ltm|is_sm_ips_ports,ksf-v4-idsplit::
quantum,svc,6,zmap_r2__svc__d6,zmap_r2,id_val,fixed_c1,1.0,,0.00894308090209961,0.9083665338645418,0.908063492063492,0.9077810258622068,0.915129151291513,0.9723809523809525,0.9607326346305711,port_protocol_service_ablation,39,36,3,ct_src_dport_ltm|ct_dst_sport_ltm|is_sm_ips_ports,ksf-v4-idsplit::
quantum,svc,6,zmap_r2__svc__d6,zmap_r2,id_test,fixed_c1,1.0,,0.00894308090209961,0.8755020080321285,0.8750967741935484,0.8741296371789646,0.8872727272727273,0.9034193548387097,0.8446300469357423,port_protocol_service_ablation,39,36,3,ct_src_dport_ltm|ct_dst_sport_ltm|is_sm_ips_ports,ksf-v4-idsplit::
quantum,svc,6,zmap_r2__svc__d6,zmap_r2,ood_test,fixed_c1,1.0,,0.00894308090209961,0.77,0.7638228371042898,0.755692367829571,0.8148148148148148,0.8685849706169637,0.7825198369525662,port_protocol_service_ablation,39,36,3,ct_src_dport_ltm|ct_dst_sport_ltm|is_sm_ips_ports,ksf-v4-idsplit::
quantum,svc,6,zmap_r2__svc__d6,zmap_r2,id_val,train_cv,100.0,0.9020928092809282,0.023524045944213867,0.9322709163346613,0.9322539682539683,0.932266615870597,0.932806324110672,0.9608888888888888,0.9481354053507409,port_protocol_service_ablation,39,36,3,ct_src_dport_ltm|ct_dst_sport_ltm|is_sm_ips_ports,ksf-v4-idsplit::
quantum,svc,6,zmap_r2__svc__d6,zmap_r2,id_test,train_cv,100.0,0.9020928092809282,0.023524045944213867,0.8554216867469879,0.8554193548387097,0.8554193548387097,0.856,0.9281935483870967,0.9034187930230261,port_protocol_service_ablation,39,36,3,ct_src_dport_ltm|ct_dst_sport_ltm|is_sm_ips_ports,ksf-v4-idsplit::
quantum,svc,6,zmap_r2__svc__d6,zmap_r2,ood_test,train_cv,100.0,0.9020928092809282,0.023524045944213867,0.848,0.8451906294534915,0.8456263507694308,0.8647686832740213,0.8743174648924757,0.8160211169895351,port_protocol_service_ablation,39,36,3,ct_src_dport_ltm|ct_dst_sport_ltm|is_sm_ips_ports,ksf-v4-idsplit::
quantum,svc,6,zz_r1_full__as2__svc__d6,zz_r1_full__as2,id_val,fixed_c1,1.0,,0.008650779724121094,0.896414342629482,0.8963809523809524,0.8963995427990856,0.8976377952755905,0.9685714285714286,0.9712429467985972,port_protocol_service_ablation,39,36,3,ct_src_dport_ltm|ct_dst_sport_ltm|is_sm_ips_ports,ksf-v4-idsplit::
quantum,svc,6,zz_r1_full__as2__svc__d6,zz_r1_full__as2,id_test,fixed_c1,1.0,,0.008650779724121094,0.8232931726907631,0.8231935483870967,0.8231534090909092,0.828125,0.9100645161290323,0.8685105253049088,port_protocol_service_ablation,39,36,3,ct_src_dport_ltm|ct_dst_sport_ltm|is_sm_ips_ports,ksf-v4-idsplit::
quantum,svc,6,zz_r1_full__as2__svc__d6,zz_r1_full__as2,ood_test,fixed_c1,1.0,,0.008650779724121094,0.806,0.8026532801716546,0.802007682918366,0.830122591943958,0.8962546636563066,0.8488320396515221,port_protocol_service_ablation,39,36,3,ct_src_dport_ltm|ct_dst_sport_ltm|is_sm_ips_ports,ksf-v4-idsplit::
quantum,svc,6,zz_r1_full__as2__svc__d6,zz_r1_full__as2,id_val,train_cv,1.0,0.8750803080308032,0.01484370231628418,0.896414342629482,0.8963809523809524,0.8963995427990856,0.8976377952755905,0.9685714285714286,0.9712429467985972,port_protocol_service_ablation,39,36,3,ct_src_dport_ltm|ct_dst_sport_ltm|is_sm_ips_ports,ksf-v4-idsplit::
quantum,svc,6,zz_r1_full__as2__svc__d6,zz_r1_full__as2,id_test,train_cv,1.0,0.8750803080308032,0.01484370231628418,0.8232931726907631,0.8231935483870967,0.8231534090909092,0.828125,0.9100645161290323,0.8685105253049088,port_protocol_service_ablation,39,36,3,ct_src_dport_ltm|ct_dst_sport_ltm|is_sm_ips_ports,ksf-v4-idsplit::
quantum,svc,6,zz_r1_full__as2__svc__d6,zz_r1_full__as2,ood_test,train_cv,1.0,0.8750803080308032,0.01484370231628418,0.806,0.8026532801716546,0.802007682918366,0.830122591943958,0.8962546636563066,0.8488320396515221,port_protocol_service_ablation,39,36,3,ct_src_dport_ltm|ct_dst_sport_ltm|is_sm_ips_ports,ksf-v4-idsplit::
quantum,svc,6,zz_r2_full__as2__svc__d6,zz_r2_full__as2,id_val,fixed_c1,1.0,,0.011003255844116211,0.8685258964143426,0.8687619047619048,0.8681155958920468,0.8607594936708861,0.9357460317460317,0.9465145247732869,port_protocol_service_ablation,39,36,3,ct_src_dport_ltm|ct_dst_sport_ltm|is_sm_ips_ports,ksf-v4-idsplit::
quantum,svc,6,zz_r2_full__as2__svc__d6,zz_r2_full__as2,id_test,fixed_c1,1.0,,0.011003255844116211,0.8152610441767069,0.8153225806451614,0.8152342237708091,0.8130081300813008,0.9116129032258066,0.8915246578600114,port_protocol_service_ablation,39,36,3,ct_src_dport_ltm|ct_dst_sport_ltm|is_sm_ips_ports,ksf-v4-idsplit::
quantum,svc,6,zz_r2_full__as2__svc__d6,zz_r2_full__as2,ood_test,fixed_c1,1.0,,0.011003255844116211,0.814,0.8124529631230886,0.8128614490560571,0.8274582560296846,0.9013306432242879,0.8874629210485304,port_protocol_service_ablation,39,36,3,ct_src_dport_ltm|ct_dst_sport_ltm|is_sm_ips_ports,ksf-v4-idsplit::
quantum,svc,6,zz_r2_full__as2__svc__d6,zz_r2_full__as2,id_val,train_cv,10.0,0.8247861786178617,0.01555633544921875,0.8725099601593626,0.8726031746031746,0.8724593495934959,0.8699186991869918,0.9126984126984127,0.8771015042095169,port_protocol_service_ablation,39,36,3,ct_src_dport_ltm|ct_dst_sport_ltm|is_sm_ips_ports,ksf-v4-idsplit::
quantum,svc,6,zz_r2_full__as2__svc__d6,zz_r2_full__as2,id_test,train_cv,10.0,0.8247861786178617,0.01555633544921875,0.8112449799196787,0.8111935483870967,0.8111962571589901,0.8142292490118577,0.8906451612903227,0.8376313658552994,port_protocol_service_ablation,39,36,3,ct_src_dport_ltm|ct_dst_sport_ltm|is_sm_ips_ports,ksf-v4-idsplit::
quantum,svc,6,zz_r2_full__as2__svc__d6,zz_r2_full__as2,ood_test,train_cv,10.0,0.8247861786178617,0.01555633544921875,0.78,0.7773614513778803,0.7769993026160009,0.8028673835125448,0.8682166818785928,0.8407021536807352,port_protocol_service_ablation,39,36,3,ct_src_dport_ltm|ct_dst_sport_ltm|is_sm_ips_ports,ksf-v4-idsplit::
quantum,svc,6,pauli_xz_r1_full__as2__svc__d6,pauli_xz_r1_full__as2,id_val,fixed_c1,1.0,,0.010030746459960938,0.9163346613545816,0.9161269841269841,0.9160735610222116,0.9207547169811321,0.9684444444444444,0.951248510974561,port_protocol_service_ablation,39,36,3,ct_src_dport_ltm|ct_dst_sport_ltm|is_sm_ips_ports,ksf-v4-idsplit::
quantum,svc,6,pauli_xz_r1_full__as2__svc__d6,pauli_xz_r1_full__as2,id_test,fixed_c1,1.0,,0.010030746459960938,0.8795180722891566,0.8791612903225806,0.8784812597605414,0.8897058823529411,0.917483870967742,0.8529809690950174,port_protocol_service_ablation,39,36,3,ct_src_dport_ltm|ct_dst_sport_ltm|is_sm_ips_ports,ksf-v4-idsplit::
quantum,svc,6,pauli_xz_r1_full__as2__svc__d6,pauli_xz_r1_full__as2,ood_test,fixed_c1,1.0,,0.010030746459960938,0.8,0.7947991225120494,0.7909559167837314,0.8344370860927153,0.8816352019983668,0.8279123696342773,port_protocol_service_ablation,39,36,3,ct_src_dport_ltm|ct_dst_sport_ltm|is_sm_ips_ports,ksf-v4-idsplit::
quantum,svc,6,pauli_xz_r1_full__as2__svc__d6,pauli_xz_r1_full__as2,id_val,train_cv,10.0,0.8972821282128214,0.01196908950805664,0.9243027888446215,0.9242539682539683,0.9242835595776773,0.9254901960784314,0.9664761904761905,0.9492526523911614,port_protocol_service_ablation,39,36,3,ct_src_dport_ltm|ct_dst_sport_ltm|is_sm_ips_ports,ksf-v4-idsplit::
quantum,svc,6,pauli_xz_r1_full__as2__svc__d6,pauli_xz_r1_full__as2,id_test,train_cv,10.0,0.8972821282128214,0.01196908950805664,0.8795180722891566,0.8794193548387097,0.8794227789256198,0.8828125,0.9246451612903226,0.8833684207400689,port_protocol_service_ablation,39,36,3,ct_src_dport_ltm|ct_dst_sport_ltm|is_sm_ips_ports,ksf-v4-idsplit::
quantum,svc,6,pauli_xz_r1_full__as2__svc__d6,pauli_xz_r1_full__as2,ood_test,train_cv,10.0,0.8972821282128214,0.01196908950805664,0.828,0.8245024098893532,0.8241481408777871,0.8501742160278746,0.8831884197210614,0.8271454967598448,port_protocol_service_ablation,39,36,3,ct_src_dport_ltm|ct_dst_sport_ltm|is_sm_ips_ports,ksf-v4-idsplit::
quantum,svc,6,zmap_r2__as2__svc__d6,zmap_r2__as2,id_val,fixed_c1,1.0,,0.006006002426147461,0.9163346613545816,0.9162222222222223,0.9162495829162496,0.918918918918919,0.9633650793650793,0.9502056567511633,port_protocol_service_ablation,39,36,3,ct_src_dport_ltm|ct_dst_sport_ltm|is_sm_ips_ports,ksf-v4-idsplit::
quantum,svc,6,zmap_r2__as2__svc__d6,zmap_r2__as2,id_test,fixed_c1,1.0,,0.006006002426147461,0.8594377510040161,0.8591935483870967,0.8588549680136044,0.8679245283018868,0.9156129032258065,0.8947221460511506,port_protocol_service_ablation,39,36,3,ct_src_dport_ltm|ct_dst_sport_ltm|is_sm_ips_ports,ksf-v4-idsplit::
quantum,svc,6,zmap_r2__as2__svc__d6,zmap_r2__as2,ood_test,fixed_c1,1.0,,0.006006002426147461,0.812,0.8077052409088725,0.8059903573079717,0.8401360544217688,0.8822436790443708,0.8268654081211685,port_protocol_service_ablation,39,36,3,ct_src_dport_ltm|ct_dst_sport_ltm|is_sm_ips_ports,ksf-v4-idsplit::
quantum,svc,6,zmap_r2__as2__svc__d6,zmap_r2__as2,id_val,train_cv,1.0,0.8825108510851084,0.008019208908081055,0.9163346613545816,0.9162222222222223,0.9162495829162496,0.918918918918919,0.9633650793650793,0.9502056567511633,port_protocol_service_ablation,39,36,3,ct_src_dport_ltm|ct_dst_sport_ltm|is_sm_ips_ports,ksf-v4-idsplit::
quantum,svc,6,zmap_r2__as2__svc__d6,zmap_r2__as2,id_test,train_cv,1.0,0.8825108510851084,0.008019208908081055,0.8594377510040161,0.8591935483870967,0.8588549680136044,0.8679245283018868,0.9156129032258065,0.8947221460511506,port_protocol_service_ablation,39,36,3,ct_src_dport_ltm|ct_dst_sport_ltm|is_sm_ips_ports,ksf-v4-idsplit::
quantum,svc,6,zmap_r2__as2__svc__d6,zmap_r2__as2,ood_test,train_cv,1.0,0.8825108510851084,0.008019208908081055,0.812,0.8077052409088725,0.8059903573079717,0.8401360544217688,0.8822436790443708,0.8268654081211685,port_protocol_service_ablation,39,36,3,ct_src_dport_ltm|ct_dst_sport_ltm|is_sm_ips_ports,ksf-v4-idsplit::
classical_ext,svc,8,linear__svc__d8,linear,id_val,fixed_c1,1.0,,0.006541252136230469,0.852589641434263,0.8524126984126985,0.8522519369362203,0.8593155893536122,0.8641269841269842,0.7605287189772004,port_protocol_service_ablation,39,36,3,ct_src_dport_ltm|ct_dst_sport_ltm|is_sm_ips_ports,ksf-v4-idsplit::
classical_ext,svc,8,linear__svc__d8,linear,id_test,fixed_c1,1.0,,0.006541252136230469,0.8152610441767069,0.8151290322580644,0.8150193798449612,0.8217054263565892,0.8469032258064516,0.7643204312255965,port_protocol_service_ablation,39,36,3,ct_src_dport_ltm|ct_dst_sport_ltm|is_sm_ips_ports,ksf-v4-idsplit::
classical_ext,svc,8,linear__svc__d8,linear,ood_test,fixed_c1,1.0,,0.006541252136230469,0.746,0.7414853244944036,0.7372982678233817,0.7851099830795262,0.7344478070807513,0.6252395446683263,port_protocol_service_ablation,39,36,3,ct_src_dport_ltm|ct_dst_sport_ltm|is_sm_ips_ports,ksf-v4-idsplit::
classical_ext,svc,8,linear__svc__d8,linear,id_val,train_cv,100.0,0.8423670367036704,0.021440505981445312,0.8725099601593626,0.8723174603174603,0.8721670486376369,0.8787878787878788,0.8681269841269841,0.7615944268782658,port_protocol_service_ablation,39,36,3,ct_src_dport_ltm|ct_dst_sport_ltm|is_sm_ips_ports,ksf-v4-idsplit::
classical_ext,svc,8,linear__svc__d8,linear,id_test,train_cv,100.0,0.8423670367036704,0.021440505981445312,0.8313253012048193,0.8311935483870967,0.8311046511627906,0.8372093023255814,0.8547096774193549,0.7685958381675009,port_protocol_service_ablation,39,36,3,ct_src_dport_ltm|ct_dst_sport_ltm|is_sm_ips_ports,ksf-v4-idsplit::
classical_ext,svc,8,linear__svc__d8,linear,ood_test,train_cv,100.0,0.8423670367036704,0.021440505981445312,0.75,0.7451521993242702,0.740223034111833,0.7906197654941374,0.7327184512657924,0.6239295320446685,port_protocol_service_ablation,39,36,3,ct_src_dport_ltm|ct_dst_sport_ltm|is_sm_ips_ports,ksf-v4-idsplit::
classical_ext,svc,8,rbf_gscale__svc__d8,rbf_gscale,id_val,fixed_c1,1.0,,0.008192062377929688,0.900398406374502,0.9,0.8993180906538307,0.9097472924187726,0.9605714285714285,0.9430570277792127,port_protocol_service_ablation,39,36,3,ct_src_dport_ltm|ct_dst_sport_ltm|is_sm_ips_ports,ksf-v4-idsplit::
classical_ext,svc,8,rbf_gscale__svc__d8,rbf_gscale,id_test,fixed_c1,1.0,,0.008192062377929688,0.8714859437751004,0.871,0.8694626474442988,0.8857142857142857,0.9312903225806453,0.9156837919915409,port_protocol_service_ablation,39,36,3,ct_src_dport_ltm|ct_dst_sport_ltm|is_sm_ips_ports,ksf-v4-idsplit::
classical_ext,svc,8,rbf_gscale__svc__d8,rbf_gscale,ood_test,fixed_c1,1.0,,0.008192062377929688,0.758,0.7514771580919442,0.741310380508913,0.8070175438596491,0.8782405405838177,0.8336707893318851,port_protocol_service_ablation,39,36,3,ct_src_dport_ltm|ct_dst_sport_ltm|is_sm_ips_ports,ksf-v4-idsplit::
classical_ext,svc,8,rbf_gscale__svc__d8,rbf_gscale,id_val,train_cv,10.0,0.8936615661566156,0.012567758560180664,0.9203187250996016,0.9199999999999999,0.9197570332480818,0.9264705882352942,0.9690793650793651,0.9475935688089038,port_protocol_service_ablation,39,36,3,ct_src_dport_ltm|ct_dst_sport_ltm|is_sm_ips_ports,ksf-v4-idsplit::
classical_ext,svc,8,rbf_gscale__svc__d8,rbf_gscale,id_test,train_cv,10.0,0.8936615661566156,0.012567758560180664,0.8714859437751004,0.8710967741935484,0.870177267987487,0.8832116788321168,0.9449677419354838,0.9298356757273839,port_protocol_service_ablation,39,36,3,ct_src_dport_ltm|ct_dst_sport_ltm|is_sm_ips_ports,ksf-v4-idsplit::
classical_ext,svc,8,rbf_gscale__svc__d8,rbf_gscale,ood_test,train_cv,10.0,0.8936615661566156,0.012567758560180664,0.786,0.7803958303309795,0.77490649152849,0.8248772504091653,0.8976157307328947,0.8443106419213482,port_protocol_service_ablation,39,36,3,ct_src_dport_ltm|ct_dst_sport_ltm|is_sm_ips_ports,ksf-v4-idsplit::
classical_ext,svc,8,poly2__svc__d8,poly2,id_val,fixed_c1,1.0,,0.00699925422668457,0.896414342629482,0.896,0.8952016957862281,0.9064748201438849,0.900952380952381,0.8344607561699329,port_protocol_service_ablation,39,36,3,ct_src_dport_ltm|ct_dst_sport_ltm|is_sm_ips_ports,ksf-v4-idsplit::
classical_ext,svc,8,poly2__svc__d8,poly2,id_test,fixed_c1,1.0,,0.00699925422668457,0.8594377510040161,0.8589032258064516,0.8567671953324021,0.8763250883392226,0.8659354838709677,0.7855599053484448,port_protocol_service_ablation,39,36,3,ct_src_dport_ltm|ct_dst_sport_ltm|is_sm_ips_ports,ksf-v4-idsplit::
classical_ext,svc,8,poly2__svc__d8,poly2,ood_test,fixed_c1,1.0,,0.00699925422668457,0.736,0.728843413235977,0.7142312821489808,0.7931034482758621,0.7148484411778835,0.622064334320125,port_protocol_service_ablation,39,36,3,ct_src_dport_ltm|ct_dst_sport_ltm|is_sm_ips_ports,ksf-v4-idsplit::
classical_ext,svc,8,poly2__svc__d8,poly2,id_val,train_cv,100.0,0.8898114811481147,0.01600050926208496,0.9123505976095617,0.9119999999999999,0.9116084005634524,0.9197080291970803,0.954920634920635,0.9228758743522716,port_protocol_service_ablation,39,36,3,ct_src_dport_ltm|ct_dst_sport_ltm|is_sm_ips_ports,ksf-v4-idsplit::
classical_ext,svc,8,poly2__svc__d8,poly2,id_test,train_cv,100.0,0.8898114811481147,0.01600050926208496,0.8674698795180723,0.8670645161290322,0.8660089686098655,0.88,0.9409677419354838,0.9181966596594808,port_protocol_service_ablation,39,36,3,ct_src_dport_ltm|ct_dst_sport_ltm|is_sm_ips_ports,ksf-v4-idsplit::
classical_ext,svc,8,poly2__svc__d8,poly2,ood_test,train_cv,100.0,0.8898114811481147,0.01600050926208496,0.764,0.757649997598117,0.7485338243316967,0.8108974358974359,0.8959664376871469,0.8308851583030957,port_protocol_service_ablation,39,36,3,ct_src_dport_ltm|ct_dst_sport_ltm|is_sm_ips_ports,ksf-v4-idsplit::
classical_ext,svc,8,poly3__svc__d8,poly3,id_val,fixed_c1,1.0,,0.006999015808105469,0.896414342629482,0.896,0.8952016957862281,0.9064748201438849,0.8926984126984128,0.82326319881098,port_protocol_service_ablation,39,36,3,ct_src_dport_ltm|ct_dst_sport_ltm|is_sm_ips_ports,ksf-v4-idsplit::
classical_ext,svc,8,poly3__svc__d8,poly3,id_test,fixed_c1,1.0,,0.006999015808105469,0.8594377510040161,0.8589032258064516,0.8567671953324021,0.8763250883392226,0.8885161290322582,0.829843588258154,port_protocol_service_ablation,39,36,3,ct_src_dport_ltm|ct_dst_sport_ltm|is_sm_ips_ports,ksf-v4-idsplit::
classical_ext,svc,8,poly3__svc__d8,poly3,ood_test,fixed_c1,1.0,,0.006999015808105469,0.738,0.7307889385278058,0.7160556444236363,0.7949921752738655,0.713006997486029,0.6174084630169125,port_protocol_service_ablation,39,36,3,ct_src_dport_ltm|ct_dst_sport_ltm|is_sm_ips_ports,ksf-v4-idsplit::
classical_ext,svc,8,poly3__svc__d8,poly3,id_val,train_cv,100.0,0.8946918691869188,0.01600193977355957,0.9203187250996016,0.9199999999999999,0.9197570332480818,0.9264705882352942,0.9557460317460317,0.9232714583069812,port_protocol_service_ablation,39,36,3,ct_src_dport_ltm|ct_dst_sport_ltm|is_sm_ips_ports,ksf-v4-idsplit::
classical_ext,svc,8,poly3__svc__d8,poly3,id_test,train_cv,100.0,0.8946918691869188,0.01600193977355957,0.8714859437751004,0.8710967741935484,0.870177267987487,0.8832116788321168,0.9387096774193548,0.9133072360006134,port_protocol_service_ablation,39,36,3,ct_src_dport_ltm|ct_dst_sport_ltm|is_sm_ips_ports,ksf-v4-idsplit::
classical_ext,svc,8,poly3__svc__d8,poly3,ood_test,train_cv,100.0,0.8946918691869188,0.01600193977355957,0.782,0.7761685161166354,0.7698236722626967,0.8227642276422764,0.8976637683944212,0.8379357924831882,port_protocol_service_ablation,39,36,3,ct_src_dport_ltm|ct_dst_sport_ltm|is_sm_ips_ports,ksf-v4-idsplit::
classical_ext,svc,8,laplacian_med__svc__d8,laplacian_med,id_val,fixed_c1,1.0,,0.010543346405029297,0.9043824701195219,0.904,0.9034243939976914,0.9130434782608695,0.9697777777777778,0.9498260053960801,port_protocol_service_ablation,39,36,3,ct_src_dport_ltm|ct_dst_sport_ltm|is_sm_ips_ports,ksf-v4-idsplit::
classical_ext,svc,8,laplacian_med__svc__d8,laplacian_med,id_test,fixed_c1,1.0,,0.010543346405029297,0.8714859437751004,0.871,0.8694626474442988,0.8857142857142857,0.9294193548387097,0.8935167822114687,port_protocol_service_ablation,39,36,3,ct_src_dport_ltm|ct_dst_sport_ltm|is_sm_ips_ports,ksf-v4-idsplit::
classical_ext,svc,8,laplacian_med__svc__d8,laplacian_med,ood_test,fixed_c1,1.0,,0.010543346405029297,0.756,0.7494195449232198,0.7388877474145606,0.8057324840764332,0.896815103040784,0.8480572848936418,port_protocol_service_ablation,39,36,3,ct_src_dport_ltm|ct_dst_sport_ltm|is_sm_ips_ports,ksf-v4-idsplit::
classical_ext,svc,8,laplacian_med__svc__d8,laplacian_med,id_val,train_cv,10.0,0.8951716171617161,0.010372161865234375,0.9163346613545816,0.9163174603174603,0.9163293490166198,0.9169960474308301,0.9692063492063492,0.9571086599948123,port_protocol_service_ablation,39,36,3,ct_src_dport_ltm|ct_dst_sport_ltm|is_sm_ips_ports,ksf-v4-idsplit::
classical_ext,svc,8,laplacian_med__svc__d8,laplacian_med,id_test,train_cv,10.0,0.8951716171617161,0.010372161865234375,0.8755020080321285,0.8753225806451613,0.8752121829380668,0.8812260536398467,0.9271612903225807,0.8885940570568507,port_protocol_service_ablation,39,36,3,ct_src_dport_ltm|ct_dst_sport_ltm|is_sm_ips_ports,ksf-v4-idsplit::
classical_ext,svc,8,laplacian_med__svc__d8,laplacian_med,ood_test,train_cv,10.0,0.8951716171617161,0.010372161865234375,0.83,0.8263358473042866,0.8258703410073298,0.8526863084922011,0.9029158860546669,0.8523249400088997,port_protocol_service_ablation,39,36,3,ct_src_dport_ltm|ct_dst_sport_ltm|is_sm_ips_ports,ksf-v4-idsplit::
classical_ext,svc,8,matern15_med__svc__d8,matern15_med,id_val,fixed_c1,1.0,,0.005036830902099609,0.896414342629482,0.896,0.8952016957862281,0.9064748201438849,0.9610158730158731,0.9521626176204899,port_protocol_service_ablation,39,36,3,ct_src_dport_ltm|ct_dst_sport_ltm|is_sm_ips_ports,ksf-v4-idsplit::
classical_ext,svc,8,matern15_med__svc__d8,matern15_med,id_test,fixed_c1,1.0,,0.005036830902099609,0.8594377510040161,0.8589032258064516,0.8567671953324021,0.8763250883392226,0.9189677419354838,0.8888313654832085,port_protocol_service_ablation,39,36,3,ct_src_dport_ltm|ct_dst_sport_ltm|is_sm_ips_ports,ksf-v4-idsplit::
classical_ext,svc,8,matern15_med__svc__d8,matern15_med,ood_test,fixed_c1,1.0,,0.005036830902099609,0.738,0.7309010264047013,0.7167334829672491,0.7943485086342229,0.8306192054570783,0.7514597450959464,port_protocol_service_ablation,39,36,3,ct_src_dport_ltm|ct_dst_sport_ltm|is_sm_ips_ports,ksf-v4-idsplit::
classical_ext,svc,8,matern15_med__svc__d8,matern15_med,id_val,train_cv,100.0,0.9001722172217222,0.012096166610717773,0.9243027888446215,0.9242857142857144,0.9242979824436084,0.924901185770751,0.9623492063492064,0.9350917565706158,port_protocol_service_ablation,39,36,3,ct_src_dport_ltm|ct_dst_sport_ltm|is_sm_ips_ports,ksf-v4-idsplit::
classical_ext,svc,8,matern15_med__svc__d8,matern15_med,id_test,train_cv,100.0,0.9001722172217222,0.012096166610717773,0.8875502008032129,0.8873870967741936,0.8873303167420814,0.8923076923076924,0.928,0.879042493475463,port_protocol_service_ablation,39,36,3,ct_src_dport_ltm|ct_dst_sport_ltm|is_sm_ips_ports,ksf-v4-idsplit::
classical_ext,svc,8,matern15_med__svc__d8,matern15_med,ood_test,train_cv,100.0,0.9001722172217222,0.012096166610717773,0.824,0.8202750956750092,0.8196100296823496,0.8477508650519031,0.8800979968295144,0.8088552614628136,port_protocol_service_ablation,39,36,3,ct_src_dport_ltm|ct_dst_sport_ltm|is_sm_ips_ports,ksf-v4-idsplit::
classical_ext,svc,8,matern25_med__svc__d8,matern25_med,id_val,fixed_c1,1.0,,0.0055615901947021484,0.896414342629482,0.896,0.8952016957862281,0.9064748201438849,0.9433015873015873,0.923500448405726,port_protocol_service_ablation,39,36,3,ct_src_dport_ltm|ct_dst_sport_ltm|is_sm_ips_ports,ksf-v4-idsplit::
classical_ext,svc,8,matern25_med__svc__d8,matern25_med,id_test,fixed_c1,1.0,,0.0055615901947021484,0.8594377510040161,0.8589032258064516,0.8567671953324021,0.8763250883392226,0.9071612903225806,0.8707695880079267,port_protocol_service_ablation,39,36,3,ct_src_dport_ltm|ct_dst_sport_ltm|is_sm_ips_ports,ksf-v4-idsplit::
classical_ext,svc,8,matern25_med__svc__d8,matern25_med,ood_test,fixed_c1,1.0,,0.0055615901947021484,0.736,0.728843413235977,0.7142312821489808,0.7931034482758621,0.7941586203583609,0.706610349751682,port_protocol_service_ablation,39,36,3,ct_src_dport_ltm|ct_dst_sport_ltm|is_sm_ips_ports,ksf-v4-idsplit::
classical_ext,svc,8,matern25_med__svc__d8,matern25_med,id_val,train_cv,10.0,0.8927615761576158,0.010006427764892578,0.9163346613545816,0.9159999999999999,0.9156869331541821,0.9230769230769231,0.968,0.9460342056857993,port_protocol_service_ablation,39,36,3,ct_src_dport_ltm|ct_dst_sport_ltm|is_sm_ips_ports,ksf-v4-idsplit::
classical_ext,svc,8,matern25_med__svc__d8,matern25_med,id_test,train_cv,10.0,0.8927615761576158,0.010006427764892578,0.8634538152610441,0.8630322580645161,0.8618292205248728,0.8768115942028986,0.9356774193548387,0.9136531029238124,port_protocol_service_ablation,39,36,3,ct_src_dport_ltm|ct_dst_sport_ltm|is_sm_ips_ports,ksf-v4-idsplit::
classical_ext,svc,8,matern25_med__svc__d8,matern25_med,ood_test,train_cv,10.0,0.8927615761576158,0.010006427764892578,0.776,0.7701077644873581,0.7632575757575758,0.8181818181818182,0.8929881026724953,0.8371122183732911,port_protocol_service_ablation,39,36,3,ct_src_dport_ltm|ct_dst_sport_ltm|is_sm_ips_ports,ksf-v4-idsplit::
classical_ext,svc,8,rbf_gscale_x0.1__svc__d8,rbf_gscale_x0.1,id_val,fixed_c1,1.0,,0.0056667327880859375,0.8446215139442231,0.8444444444444444,0.8442655551489889,0.8517110266159695,0.9091428571428571,0.860550944305988,port_protocol_service_ablation,39,36,3,ct_src_dport_ltm|ct_dst_sport_ltm|is_sm_ips_ports,ksf-v4-idsplit::
classical_ext,svc,8,rbf_gscale_x0.1__svc__d8,rbf_gscale_x0.1,id_test,fixed_c1,1.0,,0.0056667327880859375,0.8032128514056225,0.8029032258064517,0.8019350335221831,0.8178438661710037,0.8693548387096774,0.7952988687767959,port_protocol_service_ablation,39,36,3,ct_src_dport_ltm|ct_dst_sport_ltm|is_sm_ips_ports,ksf-v4-idsplit::
classical_ext,svc,8,rbf_gscale_x0.1__svc__d8,rbf_gscale_x0.1,ood_test,fixed_c1,1.0,,0.0056667327880859375,0.71,0.7035515844422027,0.6906666666666667,0.768,0.7191718307152808,0.635649118623511,port_protocol_service_ablation,39,36,3,ct_src_dport_ltm|ct_dst_sport_ltm|is_sm_ips_ports,ksf-v4-idsplit::
classical_ext,svc,8,rbf_gscale_x0.1__svc__d8,rbf_gscale_x0.1,id_val,train_cv,100.0,0.8878411841184117,0.017965078353881836,0.9083665338645418,0.9079999999999999,0.9075210252302763,0.9163636363636364,0.951111111111111,0.9142143310200801,port_protocol_service_ablation,39,36,3,ct_src_dport_ltm|ct_dst_sport_ltm|is_sm_ips_ports,ksf-v4-idsplit::
classical_ext,svc,8,rbf_gscale_x0.1__svc__d8,rbf_gscale_x0.1,id_test,train_cv,100.0,0.8878411841184117,0.017965078353881836,0.8674698795180723,0.8670322580645161,0.865772579512227,0.8808664259927798,0.9456129032258065,0.9225524414005387,port_protocol_service_ablation,39,36,3,ct_src_dport_ltm|ct_dst_sport_ltm|is_sm_ips_ports,ksf-v4-idsplit::
classical_ext,svc,8,rbf_gscale_x0.1__svc__d8,rbf_gscale_x0.1,ood_test,train_cv,100.0,0.8878411841184117,0.017965078353881836,0.758,0.7515892459688396,0.7418666666666667,0.8064,0.8895774287041041,0.8249540686236014,port_protocol_service_ablation,39,36,3,ct_src_dport_ltm|ct_dst_sport_ltm|is_sm_ips_ports,ksf-v4-idsplit::
classical_ext,svc,8,rbf_gscale_x0.3__svc__d8,rbf_gscale_x0.3,id_val,fixed_c1,1.0,,0.005637168884277344,0.896414342629482,0.896,0.8952016957862281,0.9064748201438849,0.9126984126984128,0.8383238073926653,port_protocol_service_ablation,39,36,3,ct_src_dport_ltm|ct_dst_sport_ltm|is_sm_ips_ports,ksf-v4-idsplit::
classical_ext,svc,8,rbf_gscale_x0.3__svc__d8,rbf_gscale_x0.3,id_test,fixed_c1,1.0,,0.005637168884277344,0.8594377510040161,0.8589032258064516,0.8567671953324021,0.8763250883392226,0.886258064516129,0.833117559249379,port_protocol_service_ablation,39,36,3,ct_src_dport_ltm|ct_dst_sport_ltm|is_sm_ips_ports,ksf-v4-idsplit::
classical_ext,svc,8,rbf_gscale_x0.3__svc__d8,rbf_gscale_x0.3,ood_test,fixed_c1,1.0,,0.005637168884277344,0.74,0.7328465516965301,0.7185611112073296,0.7962382445141066,0.7144481273318283,0.6200859282494451,port_protocol_service_ablation,39,36,3,ct_src_dport_ltm|ct_dst_sport_ltm|is_sm_ips_ports,ksf-v4-idsplit::
classical_ext,svc,8,rbf_gscale_x0.3__svc__d8,rbf_gscale_x0.3,id_val,train_cv,10.0,0.8888611861186119,0.008763551712036133,0.9083665338645418,0.9079999999999999,0.9075210252302763,0.9163636363636364,0.9572063492063492,0.9331750286912281,port_protocol_service_ablation,39,36,3,ct_src_dport_ltm|ct_dst_sport_ltm|is_sm_ips_ports,ksf-v4-idsplit::
classical_ext,svc,8,rbf_gscale_x0.3__svc__d8,rbf_gscale_x0.3,id_test,train_cv,10.0,0.8888611861186119,0.008763551712036133,0.8634538152610441,0.863,0.8615761935905821,0.8776978417266187,0.9404516129032259,0.9186242107241753,port_protocol_service_ablation,39,36,3,ct_src_dport_ltm|ct_dst_sport_ltm|is_sm_ips_ports,ksf-v4-idsplit::
classical_ext,svc,8,rbf_gscale_x0.3__svc__d8,rbf_gscale_x0.3,ood_test,train_cv,10.0,0.8888611861186119,0.008763551712036133,0.76,0.7535347712606684,0.7437255471459568,0.8083067092651757,0.8713551424316663,0.8051504269252642,port_protocol_service_ablation,39,36,3,ct_src_dport_ltm|ct_dst_sport_ltm|is_sm_ips_ports,ksf-v4-idsplit::
classical_ext,svc,8,rbf_gscale_x3__svc__d8,rbf_gscale_x3,id_val,fixed_c1,1.0,,0.00899958610534668,0.9163346613545816,0.9159999999999999,0.9156869331541821,0.9230769230769231,0.9622857142857142,0.9335354437773664,port_protocol_service_ablation,39,36,3,ct_src_dport_ltm|ct_dst_sport_ltm|is_sm_ips_ports,ksf-v4-idsplit::
classical_ext,svc,8,rbf_gscale_x3__svc__d8,rbf_gscale_x3,id_test,fixed_c1,1.0,,0.00899958610534668,0.8674698795180723,0.8670322580645161,0.865772579512227,0.8808664259927798,0.9490967741935484,0.9450266454728247,port_protocol_service_ablation,39,36,3,ct_src_dport_ltm|ct_dst_sport_ltm|is_sm_ips_ports,ksf-v4-idsplit::
classical_ext,svc,8,rbf_gscale_x3__svc__d8,rbf_gscale_x3,ood_test,fixed_c1,1.0,,0.00899958610534668,0.77,0.7638228371042898,0.755692367829571,0.8148148148148148,0.8913868472882741,0.8324347378201745,port_protocol_service_ablation,39,36,3,ct_src_dport_ltm|ct_dst_sport_ltm|is_sm_ips_ports,ksf-v4-idsplit::
classical_ext,svc,8,rbf_gscale_x3__svc__d8,rbf_gscale_x3,id_val,train_cv,100.0,0.8931615161516152,0.020005464553833008,0.9243027888446215,0.9242857142857144,0.9242979824436084,0.924901185770751,0.9443809523809523,0.9162944520563642,port_protocol_service_ablation,39,36,3,ct_src_dport_ltm|ct_dst_sport_ltm|is_sm_ips_ports,ksf-v4-idsplit::
classical_ext,svc,8,rbf_gscale_x3__svc__d8,rbf_gscale_x3,id_test,train_cv,100.0,0.8931615161516152,0.020005464553833008,0.8835341365461847,0.8834516129032258,0.8834664730089566,0.8862745098039215,0.9185806451612903,0.8683888428324261,port_protocol_service_ablation,39,36,3,ct_src_dport_ltm|ct_dst_sport_ltm|is_sm_ips_ports,ksf-v4-idsplit::
classical_ext,svc,8,rbf_gscale_x3__svc__d8,rbf_gscale_x3,ood_test,train_cv,100.0,0.8931615161516152,0.020005464553833008,0.822,0.8187779218907624,0.8185443587683852,0.843585237258348,0.8495940817600999,0.7707968319620063,port_protocol_service_ablation,39,36,3,ct_src_dport_ltm|ct_dst_sport_ltm|is_sm_ips_ports,ksf-v4-idsplit::
classical_ext,svc,8,rbf_gscale_x10__svc__d8,rbf_gscale_x10,id_val,fixed_c1,1.0,,0.00700068473815918,0.9083665338645418,0.9081587301587302,0.9080805668338507,0.9132075471698113,0.958920634920635,0.9014914112699742,port_protocol_service_ablation,39,36,3,ct_src_dport_ltm|ct_dst_sport_ltm|is_sm_ips_ports,ksf-v4-idsplit::
classical_ext,svc,8,rbf_gscale_x10__svc__d8,rbf_gscale_x10,id_test,fixed_c1,1.0,,0.00700068473815918,0.8795180722891566,0.879258064516129,0.8789538501425979,0.8872180451127819,0.9266451612903226,0.8630314027408318,port_protocol_service_ablation,39,36,3,ct_src_dport_ltm|ct_dst_sport_ltm|is_sm_ips_ports,ksf-v4-idsplit::
classical_ext,svc,8,rbf_gscale_x10__svc__d8,rbf_gscale_x10,ood_test,fixed_c1,1.0,,0.00700068473815918,0.784,0.7786744807929417,0.7738352515454591,0.8217821782178217,0.8599221789883269,0.7565745477275932,port_protocol_service_ablation,39,36,3,ct_src_dport_ltm|ct_dst_sport_ltm|is_sm_ips_ports,ksf-v4-idsplit::
classical_ext,svc,8,rbf_gscale_x10__svc__d8,rbf_gscale_x10,id_val,train_cv,10.0,0.8931114111411143,0.014508247375488281,0.9282868525896414,0.9282857142857144,0.9282857142857144,0.9285714285714286,0.9516825396825396,0.9216191797708071,port_protocol_service_ablation,39,36,3,ct_src_dport_ltm|ct_dst_sport_ltm|is_sm_ips_ports,ksf-v4-idsplit::
classical_ext,svc,8,rbf_gscale_x10__svc__d8,rbf_gscale_x10,id_test,train_cv,10.0,0.8931114111411143,0.014508247375488281,0.891566265060241,0.8914516129032258,0.8914542196102491,0.8949416342412452,0.9200645161290323,0.8539573173226498,port_protocol_service_ablation,39,36,3,ct_src_dport_ltm|ct_dst_sport_ltm|is_sm_ips_ports,ksf-v4-idsplit::
classical_ext,svc,8,rbf_gscale_x10__svc__d8,rbf_gscale_x10,ood_test,train_cv,10.0,0.8931114111411143,0.014508247375488281,0.822,0.8190020976445533,0.8189400874783848,0.8424778761061947,0.8610910954188083,0.7734274635392778,port_protocol_service_ablation,39,36,3,ct_src_dport_ltm|ct_dst_sport_ltm|is_sm_ips_ports,ksf-v4-idsplit::
classical_ext,svc,8,laplacian_med_x0.1__svc__d8,laplacian_med_x0.1,id_val,fixed_c1,1.0,,0.01400136947631836,0.9083665338645418,0.9083174603174603,0.9083432563308724,0.9098039215686274,0.9754285714285715,0.9761499469398475,port_protocol_service_ablation,39,36,3,ct_src_dport_ltm|ct_dst_sport_ltm|is_sm_ips_ports,ksf-v4-idsplit::
classical_ext,svc,8,laplacian_med_x0.1__svc__d8,laplacian_med_x0.1,id_test,fixed_c1,1.0,,0.01400136947631836,0.891566265060241,0.8913548387096775,0.8912223930102743,0.8973384030418251,0.9395483870967742,0.9310723770567627,port_protocol_service_ablation,39,36,3,ct_src_dport_ltm|ct_dst_sport_ltm|is_sm_ips_ports,ksf-v4-idsplit::
classical_ext,svc,8,laplacian_med_x0.1__svc__d8,laplacian_med_x0.1,ood_test,fixed_c1,1.0,,0.01400136947631836,0.812,0.8078173287857681,0.8062686517946942,0.8395904436860068,0.9138684728827401,0.8738236992767277,port_protocol_service_ablation,39,36,3,ct_src_dport_ltm|ct_dst_sport_ltm|is_sm_ips_ports,ksf-v4-idsplit::
classical_ext,svc,8,laplacian_med_x0.1__svc__d8,laplacian_med_x0.1,id_val,train_cv,10.0,0.88705100510051,0.010046005249023438,0.9243027888446215,0.9243809523809523,0.9242835595776773,0.9230769230769231,0.9725079365079364,0.9755063471842972,port_protocol_service_ablation,39,36,3,ct_src_dport_ltm|ct_dst_sport_ltm|is_sm_ips_ports,ksf-v4-idsplit::
classical_ext,svc,8,laplacian_med_x0.1__svc__d8,laplacian_med_x0.1,id_test,train_cv,10.0,0.88705100510051,0.010046005249023438,0.8634538152610441,0.8633548387096774,0.8633458161157025,0.8671875,0.9350322580645162,0.9327950819332447,port_protocol_service_ablation,39,36,3,ct_src_dport_ltm|ct_dst_sport_ltm|is_sm_ips_ports,ksf-v4-idsplit::
classical_ext,svc,8,laplacian_med_x0.1__svc__d8,laplacian_med_x0.1,ood_test,train_cv,10.0,0.88705100510051,0.010046005249023438,0.83,0.8272325503194504,0.8274314903016498,0.8484848484848485,0.912427343036941,0.8718692148563676,port_protocol_service_ablation,39,36,3,ct_src_dport_ltm|ct_dst_sport_ltm|is_sm_ips_ports,ksf-v4-idsplit::
classical_ext,svc,8,laplacian_med_x0.3__svc__d8,laplacian_med_x0.3,id_val,fixed_c1,1.0,,0.011037588119506836,0.9203187250996016,0.9201904761904762,0.9202161474888748,0.9230769230769231,0.9708571428571429,0.9535378467958423,port_protocol_service_ablation,39,36,3,ct_src_dport_ltm|ct_dst_sport_ltm|is_sm_ips_ports,ksf-v4-idsplit::
classical_ext,svc,8,laplacian_med_x0.3__svc__d8,laplacian_med_x0.3,id_test,fixed_c1,1.0,,0.011037588119506836,0.8795180722891566,0.8792258064516129,0.8788124594419209,0.8880597014925373,0.9386451612903226,0.9162882022903701,port_protocol_service_ablation,39,36,3,ct_src_dport_ltm|ct_dst_sport_ltm|is_sm_ips_ports,ksf-v4-idsplit::
classical_ext,svc,8,laplacian_med_x0.3__svc__d8,laplacian_med_x0.3,ood_test,fixed_c1,1.0,,0.011037588119506836,0.784,0.7784503050391507,0.7730138713745272,0.8229508196721311,0.9002417895630174,0.8444717512092794,port_protocol_service_ablation,39,36,3,ct_src_dport_ltm|ct_dst_sport_ltm|is_sm_ips_ports,ksf-v4-idsplit::
classical_ext,svc,8,laplacian_med_x0.3__svc__d8,laplacian_med_x0.3,id_val,train_cv,10.0,0.8971316131613161,0.012002229690551758,0.9163346613545816,0.9163492063492064,0.9163346613545816,0.9163346613545816,0.9744761904761905,0.9677874884700887,port_protocol_service_ablation,39,36,3,ct_src_dport_ltm|ct_dst_sport_ltm|is_sm_ips_ports,ksf-v4-idsplit::
classical_ext,svc,8,laplacian_med_x0.3__svc__d8,laplacian_med_x0.3,id_test,train_cv,10.0,0.8971316131613161,0.012002229690551758,0.8795180722891566,0.8793548387096775,0.8792824822236587,0.8846153846153846,0.934516129032258,0.9174562878986257,port_protocol_service_ablation,39,36,3,ct_src_dport_ltm|ct_dst_sport_ltm|is_sm_ips_ports,ksf-v4-idsplit::
classical_ext,svc,8,laplacian_med_x0.3__svc__d8,laplacian_med_x0.3,ood_test,train_cv,10.0,0.8971316131613161,0.012002229690551758,0.828,0.8246144977662487,0.8243578851055486,0.8496503496503497,0.9080879409457014,0.8594943778048412,port_protocol_service_ablation,39,36,3,ct_src_dport_ltm|ct_dst_sport_ltm|is_sm_ips_ports,ksf-v4-idsplit::
classical_ext,svc,8,laplacian_med_x3__svc__d8,laplacian_med_x3,id_val,fixed_c1,1.0,,0.008005857467651367,0.8924302788844621,0.892,0.8910747866338782,0.9032258064516129,0.9422857142857144,0.8879721826138864,port_protocol_service_ablation,39,36,3,ct_src_dport_ltm|ct_dst_sport_ltm|is_sm_ips_ports,ksf-v4-idsplit::
classical_ext,svc,8,laplacian_med_x3__svc__d8,laplacian_med_x3,id_test,fixed_c1,1.0,,0.008005857467651367,0.8594377510040161,0.8589032258064516,0.8567671953324021,0.8763250883392226,0.9118064516129033,0.8303004854799159,port_protocol_service_ablation,39,36,3,ct_src_dport_ltm|ct_dst_sport_ltm|is_sm_ips_ports,ksf-v4-idsplit::
classical_ext,svc,8,laplacian_med_x3__svc__d8,laplacian_med_x3,ood_test,fixed_c1,1.0,,0.008005857467651367,0.736,0.728843413235977,0.7142312821489808,0.7931034482758621,0.821988438936126,0.7347758574450215,port_protocol_service_ablation,39,36,3,ct_src_dport_ltm|ct_dst_sport_ltm|is_sm_ips_ports,ksf-v4-idsplit::
classical_ext,svc,8,laplacian_med_x3__svc__d8,laplacian_med_x3,id_val,train_cv,10.0,0.8865910591059105,0.0061016082763671875,0.9203187250996016,0.9201904761904762,0.9202161474888748,0.9230769230769231,0.9683809523809523,0.9477386601181553,port_protocol_service_ablation,39,36,3,ct_src_dport_ltm|ct_dst_sport_ltm|is_sm_ips_ports,ksf-v4-idsplit::
classical_ext,svc,8,laplacian_med_x3__svc__d8,laplacian_med_x3,id_test,train_cv,10.0,0.8865910591059105,0.0061016082763671875,0.8795180722891566,0.8792903225806452,0.879079254079254,0.8863636363636364,0.9287096774193548,0.8724067903864487,port_protocol_service_ablation,39,36,3,ct_src_dport_ltm|ct_dst_sport_ltm|is_sm_ips_ports,ksf-v4-idsplit::
classical_ext,svc,8,laplacian_med_x3__svc__d8,laplacian_med_x3,ood_test,train_cv,10.0,0.8865910591059105,0.0061016082763671875,0.804,0.7992506124801845,0.7964981061864576,0.8355704697986577,0.9068389617460089,0.8652584726148776,port_protocol_service_ablation,39,36,3,ct_src_dport_ltm|ct_dst_sport_ltm|is_sm_ips_ports,ksf-v4-idsplit::
classical_ext,svc,8,laplacian_med_x10__svc__d8,laplacian_med_x10,id_val,fixed_c1,1.0,,0.007228374481201172,0.8924302788844621,0.892,0.8910747866338782,0.9032258064516129,0.9247619047619048,0.8545439867384563,port_protocol_service_ablation,39,36,3,ct_src_dport_ltm|ct_dst_sport_ltm|is_sm_ips_ports,ksf-v4-idsplit::
classical_ext,svc,8,laplacian_med_x10__svc__d8,laplacian_med_x10,id_test,fixed_c1,1.0,,0.007228374481201172,0.8594377510040161,0.8589032258064516,0.8567671953324021,0.8763250883392226,0.8847096774193548,0.7936435920038024,port_protocol_service_ablation,39,36,3,ct_src_dport_ltm|ct_dst_sport_ltm|is_sm_ips_ports,ksf-v4-idsplit::
classical_ext,svc,8,laplacian_med_x10__svc__d8,laplacian_med_x10,ood_test,fixed_c1,1.0,,0.007228374481201172,0.736,0.728843413235977,0.7142312821489808,0.7931034482758621,0.7452242558165603,0.6427160513610255,port_protocol_service_ablation,39,36,3,ct_src_dport_ltm|ct_dst_sport_ltm|is_sm_ips_ports,ksf-v4-idsplit::
classical_ext,svc,8,laplacian_med_x10__svc__d8,laplacian_med_x10,id_val,train_cv,100.0,0.8912712271227123,0.008018970489501953,0.9163346613545816,0.9162539682539683,0.9162868260144524,0.9182879377431906,0.9695873015873017,0.9586116948621494,port_protocol_service_ablation,39,36,3,ct_src_dport_ltm|ct_dst_sport_ltm|is_sm_ips_ports,ksf-v4-idsplit::
classical_ext,svc,8,laplacian_med_x10__svc__d8,laplacian_med_x10,id_test,train_cv,100.0,0.8912712271227123,0.008018970489501953,0.8674698795180723,0.8673548387096774,0.8673329350791934,0.8715953307392996,0.9296129032258065,0.8813470194100357,port_protocol_service_ablation,39,36,3,ct_src_dport_ltm|ct_dst_sport_ltm|is_sm_ips_ports,ksf-v4-idsplit::
classical_ext,svc,8,laplacian_med_x10__svc__d8,laplacian_med_x10,ood_test,train_cv,100.0,0.8912712271227123,0.008018970489501953,0.826,0.822220620966838,0.8215450506442838,0.8497409326424871,0.9015548189780788,0.8544211155412187,port_protocol_service_ablation,39,36,3,ct_src_dport_ltm|ct_dst_sport_ltm|is_sm_ips_ports,ksf-v4-idsplit::
classical_ext,svc,8,matern15_med_x0.1__svc__d8,matern15_med_x0.1,id_val,fixed_c1,1.0,,0.010676383972167969,0.9083665338645418,0.9082857142857144,0.9083141427777337,0.9105058365758755,0.9701587301587301,0.9735749341283684,port_protocol_service_ablation,39,36,3,ct_src_dport_ltm|ct_dst_sport_ltm|is_sm_ips_ports,ksf-v4-idsplit::
classical_ext,svc,8,matern15_med_x0.1__svc__d8,matern15_med_x0.1,id_test,fixed_c1,1.0,,0.010676383972167969,0.8875502008032129,0.8874193548387097,0.8874031007751938,0.8914728682170543,0.9335483870967741,0.8933385686664148,port_protocol_service_ablation,39,36,3,ct_src_dport_ltm|ct_dst_sport_ltm|is_sm_ips_ports,ksf-v4-idsplit::
classical_ext,svc,8,matern15_med_x0.1__svc__d8,matern15_med_x0.1,ood_test,fixed_c1,1.0,,0.010676383972167969,0.8,0.7961441770347952,0.7947454844006567,0.8275862068965517,0.8885526252582023,0.815748969242126,port_protocol_service_ablation,39,36,3,ct_src_dport_ltm|ct_dst_sport_ltm|is_sm_ips_ports,ksf-v4-idsplit::
classical_ext,svc,8,matern15_med_x0.1__svc__d8,matern15_med_x0.1,id_val,train_cv,10.0,0.8789202920292029,0.013633966445922852,0.9123505976095617,0.9124444444444444,0.9123158028455285,0.9105691056910569,0.9637460317460318,0.971054101917661,port_protocol_service_ablation,39,36,3,ct_src_dport_ltm|ct_dst_sport_ltm|is_sm_ips_ports,ksf-v4-idsplit::
classical_ext,svc,8,matern15_med_x0.1__svc__d8,matern15_med_x0.1,id_test,train_cv,10.0,0.8789202920292029,0.013633966445922852,0.8473895582329317,0.8473870967741935,0.8473870967741935,0.848,0.9296774193548387,0.921589279848194,port_protocol_service_ablation,39,36,3,ct_src_dport_ltm|ct_dst_sport_ltm|is_sm_ips_ports,ksf-v4-idsplit::
classical_ext,svc,8,matern15_med_x0.1__svc__d8,matern15_med_x0.1,ood_test,train_cv,10.0,0.8789202920292029,0.013633966445922852,0.836,0.8331812140718323,0.8334389574091227,0.8540925266903915,0.9141406862980578,0.8853586691227622,port_protocol_service_ablation,39,36,3,ct_src_dport_ltm|ct_dst_sport_ltm|is_sm_ips_ports,ksf-v4-idsplit::
classical_ext,svc,8,matern15_med_x0.3__svc__d8,matern15_med_x0.3,id_val,fixed_c1,1.0,,0.009000539779663086,0.9123505976095617,0.912063492063492,0.911845466155811,0.9185185185185185,0.96,0.9141337147665198,port_protocol_service_ablation,39,36,3,ct_src_dport_ltm|ct_dst_sport_ltm|is_sm_ips_ports,ksf-v4-idsplit::
classical_ext,svc,8,matern15_med_x0.3__svc__d8,matern15_med_x0.3,id_test,fixed_c1,1.0,,0.009000539779663086,0.8714859437751004,0.8710967741935484,0.870177267987487,0.8832116788321168,0.9365806451612902,0.8860361910564862,port_protocol_service_ablation,39,36,3,ct_src_dport_ltm|ct_dst_sport_ltm|is_sm_ips_ports,ksf-v4-idsplit::
classical_ext,svc,8,matern15_med_x0.3__svc__d8,matern15_med_x0.3,ood_test,fixed_c1,1.0,,0.009000539779663086,0.778,0.7721653776560824,0.7656002534051314,0.8195121951219512,0.8703623640934491,0.7763624236714703,port_protocol_service_ablation,39,36,3,ct_src_dport_ltm|ct_dst_sport_ltm|is_sm_ips_ports,ksf-v4-idsplit::
classical_ext,svc,8,matern15_med_x0.3__svc__d8,matern15_med_x0.3,id_val,train_cv,10.0,0.8921912191219123,0.009000062942504883,0.9243027888446215,0.9243174603174603,0.9243027888446215,0.9243027888446215,0.9680634920634921,0.9543523829623608,port_protocol_service_ablation,39,36,3,ct_src_dport_ltm|ct_dst_sport_ltm|is_sm_ips_ports,ksf-v4-idsplit::
classical_ext,svc,8,matern15_med_x0.3__svc__d8,matern15_med_x0.3,id_test,train_cv,10.0,0.8921912191219123,0.009000062942504883,0.891566265060241,0.8914193548387097,0.8913910922279122,0.8957528957528957,0.9352258064516129,0.888311402368048,port_protocol_service_ablation,39,36,3,ct_src_dport_ltm|ct_dst_sport_ltm|is_sm_ips_ports,ksf-v4-idsplit::
classical_ext,svc,8,matern15_med_x0.3__svc__d8,matern15_med_x0.3,ood_test,train_cv,10.0,0.8921912191219123,0.009000062942504883,0.82,0.816720308722038,0.8164014687882497,0.8421052631578947,0.8804182479063586,0.8100925385744184,port_protocol_service_ablation,39,36,3,ct_src_dport_ltm|ct_dst_sport_ltm|is_sm_ips_ports,ksf-v4-idsplit::
classical_ext,svc,8,matern15_med_x3__svc__d8,matern15_med_x3,id_val,fixed_c1,1.0,,0.0077097415924072266,0.896414342629482,0.896,0.8952016957862281,0.9064748201438849,0.9097777777777778,0.8612964186987421,port_protocol_service_ablation,39,36,3,ct_src_dport_ltm|ct_dst_sport_ltm|is_sm_ips_ports,ksf-v4-idsplit::
classical_ext,svc,8,matern15_med_x3__svc__d8,matern15_med_x3,id_test,fixed_c1,1.0,,0.0077097415924072266,0.8594377510040161,0.8589032258064516,0.8567671953324021,0.8763250883392226,0.8830967741935483,0.8281484065465362,port_protocol_service_ablation,39,36,3,ct_src_dport_ltm|ct_dst_sport_ltm|is_sm_ips_ports,ksf-v4-idsplit::
classical_ext,svc,8,matern15_med_x3__svc__d8,matern15_med_x3,ood_test,fixed_c1,1.0,,0.0077097415924072266,0.736,0.728843413235977,0.7142312821489808,0.7931034482758621,0.7390434100334662,0.6538430853988803,port_protocol_service_ablation,39,36,3,ct_src_dport_ltm|ct_dst_sport_ltm|is_sm_ips_ports,ksf-v4-idsplit::
classical_ext,svc,8,matern15_med_x3__svc__d8,matern15_med_x3,id_val,train_cv,100.0,0.8907413741374137,0.010005950927734375,0.9203187250996016,0.9199999999999999,0.9197570332480818,0.9264705882352942,0.9666666666666667,0.9432407215131593,port_protocol_service_ablation,39,36,3,ct_src_dport_ltm|ct_dst_sport_ltm|is_sm_ips_ports,ksf-v4-idsplit::
classical_ext,svc,8,matern15_med_x3__svc__d8,matern15_med_x3,id_test,train_cv,100.0,0.8907413741374137,0.010005950927734375,0.8714859437751004,0.8710967741935484,0.870177267987487,0.8832116788321168,0.9338064516129032,0.9035767682337355,port_protocol_service_ablation,39,36,3,ct_src_dport_ltm|ct_dst_sport_ltm|is_sm_ips_ports,ksf-v4-idsplit::
classical_ext,svc,8,matern15_med_x3__svc__d8,matern15_med_x3,ood_test,train_cv,100.0,0.8907413741374137,0.010005950927734375,0.782,0.7761685161166354,0.7698236722626967,0.8227642276422764,0.8867271941201902,0.8303204430295588,port_protocol_service_ablation,39,36,3,ct_src_dport_ltm|ct_dst_sport_ltm|is_sm_ips_ports,ksf-v4-idsplit::
classical_ext,svc,8,matern15_med_x10__svc__d8,matern15_med_x10,id_val,fixed_c1,1.0,,0.0076444149017333984,0.848605577689243,0.8484126984126985,0.8481983702571938,0.8560606060606061,0.9328888888888889,0.8968350686801656,port_protocol_service_ablation,39,36,3,ct_src_dport_ltm|ct_dst_sport_ltm|is_sm_ips_ports,ksf-v4-idsplit::
classical_ext,svc,8,matern15_med_x10__svc__d8,matern15_med_x10,id_test,fixed_c1,1.0,,0.0076444149017333984,0.8032128514056225,0.8029999999999999,0.8025887873149422,0.8136882129277566,0.9017419354838709,0.8722368890032346,port_protocol_service_ablation,39,36,3,ct_src_dport_ltm|ct_dst_sport_ltm|is_sm_ips_ports,ksf-v4-idsplit::
classical_ext,svc,8,matern15_med_x10__svc__d8,matern15_med_x10,ood_test,fixed_c1,1.0,,0.0076444149017333984,0.716,0.710060687579062,0.6998444264069263,0.7694805194805194,0.8374725785015452,0.7740883482107676,port_protocol_service_ablation,39,36,3,ct_src_dport_ltm|ct_dst_sport_ltm|is_sm_ips_ports,ksf-v4-idsplit::
classical_ext,svc,8,matern15_med_x10__svc__d8,matern15_med_x10,id_val,train_cv,100.0,0.882900790079008,0.006999015808105469,0.896414342629482,0.896,0.8952016957862281,0.9064748201438849,0.8945396825396826,0.8106733507914006,port_protocol_service_ablation,39,36,3,ct_src_dport_ltm|ct_dst_sport_ltm|is_sm_ips_ports,ksf-v4-idsplit::
classical_ext,svc,8,matern15_med_x10__svc__d8,matern15_med_x10,id_test,train_cv,100.0,0.882900790079008,0.006999015808105469,0.8594377510040161,0.8589032258064516,0.8567671953324021,0.8763250883392226,0.8807741935483872,0.8191575914633501,port_protocol_service_ablation,39,36,3,ct_src_dport_ltm|ct_dst_sport_ltm|is_sm_ips_ports,ksf-v4-idsplit::
classical_ext,svc,8,matern15_med_x10__svc__d8,matern15_med_x10,ood_test,train_cv,100.0,0.882900790079008,0.006999015808105469,0.738,0.7307889385278058,0.7160556444236363,0.7949921752738655,0.695265087828858,0.5885992885912846,port_protocol_service_ablation,39,36,3,ct_src_dport_ltm|ct_dst_sport_ltm|is_sm_ips_ports,ksf-v4-idsplit::
classical_ext,svc,8,matern25_med_x0.1__svc__d8,matern25_med_x0.1,id_val,fixed_c1,1.0,,0.009006977081298828,0.9203187250996016,0.9202857142857144,0.9203073406146812,0.9212598425196851,0.9691428571428571,0.9726318585037557,port_protocol_service_ablation,39,36,3,ct_src_dport_ltm|ct_dst_sport_ltm|is_sm_ips_ports,ksf-v4-idsplit::
classical_ext,svc,8,matern25_med_x0.1__svc__d8,matern25_med_x0.1,id_test,fixed_c1,1.0,,0.009006977081298828,0.8835341365461847,0.8834516129032258,0.8834664730089566,0.8862745098039215,0.9343870967741935,0.8978908346074995,port_protocol_service_ablation,39,36,3,ct_src_dport_ltm|ct_dst_sport_ltm|is_sm_ips_ports,ksf-v4-idsplit::
classical_ext,svc,8,matern25_med_x0.1__svc__d8,matern25_med_x0.1,ood_test,fixed_c1,1.0,,0.009006977081298828,0.8,0.7962562649116908,0.7950113973663064,0.8269896193771626,0.8844854365822805,0.8085364395987842,port_protocol_service_ablation,39,36,3,ct_src_dport_ltm|ct_dst_sport_ltm|is_sm_ips_ports,ksf-v4-idsplit::
classical_ext,svc,8,matern25_med_x0.1__svc__d8,matern25_med_x0.1,id_val,train_cv,10.0,0.8779103910391038,0.016162395477294922,0.9123505976095617,0.9124444444444444,0.9123158028455285,0.9105691056910569,0.9593015873015873,0.968608575378765,port_protocol_service_ablation,39,36,3,ct_src_dport_ltm|ct_dst_sport_ltm|is_sm_ips_ports,ksf-v4-idsplit::
classical_ext,svc,8,matern25_med_x0.1__svc__d8,matern25_med_x0.1,id_test,train_cv,10.0,0.8779103910391038,0.016162395477294922,0.8514056224899599,0.8513870967741936,0.8513960352920302,0.852589641434263,0.9228387096774194,0.9064649592039487,port_protocol_service_ablation,39,36,3,ct_src_dport_ltm|ct_dst_sport_ltm|is_sm_ips_ports,ksf-v4-idsplit::
classical_ext,svc,8,matern25_med_x0.1__svc__d8,matern25_med_x0.1,ood_test,train_cv,10.0,0.8779103910391038,0.016162395477294922,0.832,0.8291780756112792,0.8293764929556866,0.8505338078291815,0.9036204384237242,0.8659669043532737,port_protocol_service_ablation,39,36,3,ct_src_dport_ltm|ct_dst_sport_ltm|is_sm_ips_ports,ksf-v4-idsplit::
classical_ext,svc,8,matern25_med_x0.3__svc__d8,matern25_med_x0.3,id_val,fixed_c1,1.0,,0.006587505340576172,0.9123505976095617,0.912031746031746,0.91173273657289,0.9191176470588235,0.960126984126984,0.915590920806155,port_protocol_service_ablation,39,36,3,ct_src_dport_ltm|ct_dst_sport_ltm|is_sm_ips_ports,ksf-v4-idsplit::
classical_ext,svc,8,matern25_med_x0.3__svc__d8,matern25_med_x0.3,id_test,fixed_c1,1.0,,0.006587505340576172,0.8714859437751004,0.8710967741935484,0.870177267987487,0.8832116788321168,0.9338064516129032,0.8854327191304256,port_protocol_service_ablation,39,36,3,ct_src_dport_ltm|ct_dst_sport_ltm|is_sm_ips_ports,ksf-v4-idsplit::
classical_ext,svc,8,matern25_med_x0.3__svc__d8,matern25_med_x0.3,ood_test,fixed_c1,1.0,,0.006587505340576172,0.776,0.7701077644873581,0.7632575757575758,0.8181818181818182,0.8716273558469839,0.7779478634992654,port_protocol_service_ablation,39,36,3,ct_src_dport_ltm|ct_dst_sport_ltm|is_sm_ips_ports,ksf-v4-idsplit::
classical_ext,svc,8,matern25_med_x0.3__svc__d8,matern25_med_x0.3,id_val,train_cv,10.0,0.8972318231823182,0.010520696640014648,0.9203187250996016,0.9203174603174603,0.9203174603174603,0.9206349206349206,0.9567619047619048,0.9229265782526285,port_protocol_service_ablation,39,36,3,ct_src_dport_ltm|ct_dst_sport_ltm|is_sm_ips_ports,ksf-v4-idsplit::
classical_ext,svc,8,matern25_med_x0.3__svc__d8,matern25_med_x0.3,id_test,train_cv,10.0,0.8972318231823182,0.010520696640014648,0.891566265060241,0.8914193548387097,0.8913910922279122,0.8957528957528957,0.9276774193548387,0.8707922813864069,port_protocol_service_ablation,39,36,3,ct_src_dport_ltm|ct_dst_sport_ltm|is_sm_ips_ports,ksf-v4-idsplit::
classical_ext,svc,8,matern25_med_x0.3__svc__d8,matern25_med_x0.3,ood_test,train_cv,10.0,0.8972318231823182,0.010520696640014648,0.822,0.8184416582600759,0.8179028132992328,0.8452173913043478,0.868985284463019,0.7838854340132198,port_protocol_service_ablation,39,36,3,ct_src_dport_ltm|ct_dst_sport_ltm|is_sm_ips_ports,ksf-v4-idsplit::
classical_ext,svc,8,matern25_med_x3__svc__d8,matern25_med_x3,id_val,fixed_c1,1.0,,0.009003639221191406,0.848605577689243,0.8484761904761904,0.848410680228862,0.8538461538461538,0.9125079365079365,0.8606987099390616,port_protocol_service_ablation,39,36,3,ct_src_dport_ltm|ct_dst_sport_ltm|is_sm_ips_ports,ksf-v4-idsplit::
classical_ext,svc,8,matern25_med_x3__svc__d8,matern25_med_x3,id_test,fixed_c1,1.0,,0.009003639221191406,0.7871485943775101,0.7870322580645162,0.7869286533090075,0.7937743190661478,0.8706451612903225,0.7962774919790183,port_protocol_service_ablation,39,36,3,ct_src_dport_ltm|ct_dst_sport_ltm|is_sm_ips_ports,ksf-v4-idsplit::
classical_ext,svc,8,matern25_med_x3__svc__d8,matern25_med_x3,ood_test,fixed_c1,1.0,,0.009003639221191406,0.706,0.7008935005043955,0.6934933006392854,0.7554076539101497,0.7278986725592864,0.6462522255953498,port_protocol_service_ablation,39,36,3,ct_src_dport_ltm|ct_dst_sport_ltm|is_sm_ips_ports,ksf-v4-idsplit::
classical_ext,svc,8,matern25_med_x3__svc__d8,matern25_med_x3,id_val,train_cv,100.0,0.887871087108711,0.016000032424926758,0.9083665338645418,0.9079999999999999,0.9075210252302763,0.9163636363636364,0.9542857142857143,0.9231410445948609,port_protocol_service_ablation,39,36,3,ct_src_dport_ltm|ct_dst_sport_ltm|is_sm_ips_ports,ksf-v4-idsplit::
classical_ext,svc,8,matern25_med_x3__svc__d8,matern25_med_x3,id_test,train_cv,100.0,0.887871087108711,0.016000032424926758,0.8634538152610441,0.863,0.8615761935905821,0.8776978417266187,0.9389677419354839,0.9131897161256085,port_protocol_service_ablation,39,36,3,ct_src_dport_ltm|ct_dst_sport_ltm|is_sm_ips_ports,ksf-v4-idsplit::
classical_ext,svc,8,matern25_med_x3__svc__d8,matern25_med_x3,ood_test,train_cv,100.0,0.887871087108711,0.016000032424926758,0.758,0.7514771580919442,0.741310380508913,0.8070175438596491,0.872379945877568,0.8032368769913649,port_protocol_service_ablation,39,36,3,ct_src_dport_ltm|ct_dst_sport_ltm|is_sm_ips_ports,ksf-v4-idsplit::
classical_ext,svc,8,matern25_med_x10__svc__d8,matern25_med_x10,id_val,fixed_c1,1.0,,0.00777745246887207,0.6932270916334662,0.6925079365079365,0.6825654923215898,0.7407407407407407,0.8953015873015873,0.8805471006862303,port_protocol_service_ablation,39,36,3,ct_src_dport_ltm|ct_dst_sport_ltm|is_sm_ips_ports,ksf-v4-idsplit::
classical_ext,svc,8,matern25_med_x10__svc__d8,matern25_med_x10,id_test,fixed_c1,1.0,,0.00777745246887207,0.6827309236947792,0.6821935483870967,0.6767030980359932,0.7208480565371025,0.8677419354838711,0.8645843533257636,port_protocol_service_ablation,39,36,3,ct_src_dport_ltm|ct_dst_sport_ltm|is_sm_ips_ports,ksf-v4-idsplit::
classical_ext,svc,8,matern25_med_x10__svc__d8,matern25_med_x10,ood_test,fixed_c1,1.0,,0.00777745246887207,0.656,0.6490048197787065,0.6293806347072107,0.7287066246056783,0.8410914156698852,0.7932280227604975,port_protocol_service_ablation,39,36,3,ct_src_dport_ltm|ct_dst_sport_ltm|is_sm_ips_ports,ksf-v4-idsplit::
classical_ext,svc,8,matern25_med_x10__svc__d8,matern25_med_x10,id_val,train_cv,100.0,0.8424573457345735,0.006453275680541992,0.848605577689243,0.8484126984126985,0.8481983702571938,0.8560606060606061,0.8798730158730159,0.809603499263583,port_protocol_service_ablation,39,36,3,ct_src_dport_ltm|ct_dst_sport_ltm|is_sm_ips_ports,ksf-v4-idsplit::
classical_ext,svc,8,matern25_med_x10__svc__d8,matern25_med_x10,id_test,train_cv,100.0,0.8424573457345735,0.006453275680541992,0.8192771084337349,0.8189354838709677,0.8178552270104199,0.8339483394833949,0.8806451612903227,0.828658477160124,port_protocol_service_ablation,39,36,3,ct_src_dport_ltm|ct_dst_sport_ltm|is_sm_ips_ports,ksf-v4-idsplit::
classical_ext,svc,8,matern25_med_x10__svc__d8,matern25_med_x10,ood_test,train_cv,100.0,0.8424573457345735,0.006453275680541992,0.716,0.70961233607148,0.6973881614839061,0.7724358974358975,0.7013018206273719,0.6083594287141325,port_protocol_service_ablation,39,36,3,ct_src_dport_ltm|ct_dst_sport_ltm|is_sm_ips_ports,ksf-v4-idsplit::
quantum,svc,8,zz_r1_full__as0.5__svc__d8,zz_r1_full__as0.5,id_val,fixed_c1,1.0,,0.01278066635131836,0.9043824701195219,0.9042539682539683,0.9042593769866497,0.9076923076923077,0.9745396825396825,0.968843715526839,port_protocol_service_ablation,39,36,3,ct_src_dport_ltm|ct_dst_sport_ltm|is_sm_ips_ports,ksf-v4-idsplit::
quantum,svc,8,zz_r1_full__as0.5__svc__d8,zz_r1_full__as0.5,id_test,fixed_c1,1.0,,0.01278066635131836,0.8875502008032129,0.8873548387096775,0.8872428515978781,0.8931297709923665,0.9350967741935484,0.8973645364344631,port_protocol_service_ablation,39,36,3,ct_src_dport_ltm|ct_dst_sport_ltm|is_sm_ips_ports,ksf-v4-idsplit::
quantum,svc,8,zz_r1_full__as0.5__svc__d8,zz_r1_full__as0.5,ood_test,fixed_c1,1.0,,0.01278066635131836,0.794,0.7892988102672496,0.7862848843240999,0.826890756302521,0.8770235864918096,0.7982678652014049,port_protocol_service_ablation,39,36,3,ct_src_dport_ltm|ct_dst_sport_ltm|is_sm_ips_ports,ksf-v4-idsplit::
quantum,svc,8,zz_r1_full__as0.5__svc__d8,zz_r1_full__as0.5,id_val,train_cv,100.0,0.8689594959495951,0.017776966094970703,0.9123505976095617,0.9123492063492064,0.9123492063492064,0.9126984126984127,0.9346031746031745,0.9291071761364892,port_protocol_service_ablation,39,36,3,ct_src_dport_ltm|ct_dst_sport_ltm|is_sm_ips_ports,ksf-v4-idsplit::
quantum,svc,8,zz_r1_full__as0.5__svc__d8,zz_r1_full__as0.5,id_test,train_cv,100.0,0.8689594959495951,0.017776966094970703,0.8755020080321285,0.8754516129032258,0.8754698717431637,0.8774703557312253,0.9227741935483871,0.902090676635605,port_protocol_service_ablation,39,36,3,ct_src_dport_ltm|ct_dst_sport_ltm|is_sm_ips_ports,ksf-v4-idsplit::
quantum,svc,8,zz_r1_full__as0.5__svc__d8,zz_r1_full__as0.5,ood_test,train_cv,100.0,0.8689594959495951,0.017776966094970703,0.832,0.8291780756112792,0.8293764929556866,0.8505338078291815,0.8902979936270037,0.8579125764301768,port_protocol_service_ablation,39,36,3,ct_src_dport_ltm|ct_dst_sport_ltm|is_sm_ips_ports,ksf-v4-idsplit::
quantum,svc,8,zz_r2_full__as0.5__svc__d8,zz_r2_full__as0.5,id_val,fixed_c1,1.0,,0.010998010635375977,0.9203187250996016,0.9204444444444444,0.9202567035201423,0.9180327868852459,0.9720634920634921,0.9730811847655453,port_protocol_service_ablation,39,36,3,ct_src_dport_ltm|ct_dst_sport_ltm|is_sm_ips_ports,ksf-v4-idsplit::
quantum,svc,8,zz_r2_full__as0.5__svc__d8,zz_r2_full__as0.5,id_test,fixed_c1,1.0,,0.010998010635375977,0.8473895582329317,0.8475483870967742,0.8471899224806201,0.8416666666666667,0.9286451612903226,0.9011423935140612,port_protocol_service_ablation,39,36,3,ct_src_dport_ltm|ct_dst_sport_ltm|is_sm_ips_ports,ksf-v4-idsplit::
quantum,svc,8,zz_r2_full__as0.5__svc__d8,zz_r2_full__as0.5,ood_test,fixed_c1,1.0,,0.010998010635375977,0.81,0.8077772974011626,0.8080024575685432,0.8275862068965517,0.8851259387359689,0.8197654981361682,port_protocol_service_ablation,39,36,3,ct_src_dport_ltm|ct_dst_sport_ltm|is_sm_ips_ports,ksf-v4-idsplit::
quantum,svc,8,zz_r2_full__as0.5__svc__d8,zz_r2_full__as0.5,id_val,train_cv,10.0,0.8557083708370836,0.014506340026855469,0.9043824701195219,0.9045079365079365,0.9043080442241708,0.9016393442622951,0.9615873015873015,0.9685476238904995,port_protocol_service_ablation,39,36,3,ct_src_dport_ltm|ct_dst_sport_ltm|is_sm_ips_ports,ksf-v4-idsplit::
quantum,svc,8,zz_r2_full__as0.5__svc__d8,zz_r2_full__as0.5,id_test,train_cv,10.0,0.8557083708370836,0.014506340026855469,0.8433734939759037,0.8435483870967742,0.8431204665514289,0.8368200836820083,0.9265161290322581,0.9220828731695926,port_protocol_service_ablation,39,36,3,ct_src_dport_ltm|ct_dst_sport_ltm|is_sm_ips_ports,ksf-v4-idsplit::
quantum,svc,8,zz_r2_full__as0.5__svc__d8,zz_r2_full__as0.5,ood_test,train_cv,10.0,0.8557083708370836,0.014506340026855469,0.836,0.8340779170869962,0.834600054864372,0.8498168498168498,0.8986565467326384,0.8614224684420497,port_protocol_service_ablation,39,36,3,ct_src_dport_ltm|ct_dst_sport_ltm|is_sm_ips_ports,ksf-v4-idsplit::
quantum,svc,8,pauli_xz_r1_full__as0.5__svc__d8,pauli_xz_r1_full__as0.5,id_val,fixed_c1,1.0,,0.007000446319580078,0.9043824701195219,0.904,0.9034243939976914,0.9130434782608695,0.9598730158730158,0.9446755925322092,port_protocol_service_ablation,39,36,3,ct_src_dport_ltm|ct_dst_sport_ltm|is_sm_ips_ports,ksf-v4-idsplit::
quantum,svc,8,pauli_xz_r1_full__as0.5__svc__d8,pauli_xz_r1_full__as0.5,id_test,fixed_c1,1.0,,0.007000446319580078,0.8674698795180723,0.867,0.8655177493003388,0.8817204301075269,0.9307096774193548,0.9110247989338788,port_protocol_service_ablation,39,36,3,ct_src_dport_ltm|ct_dst_sport_ltm|is_sm_ips_ports,ksf-v4-idsplit::
quantum,svc,8,pauli_xz_r1_full__as0.5__svc__d8,pauli_xz_r1_full__as0.5,ood_test,fixed_c1,1.0,,0.007000446319580078,0.758,0.7514771580919442,0.741310380508913,0.8070175438596491,0.878640854429873,0.8226924538135078,port_protocol_service_ablation,39,36,3,ct_src_dport_ltm|ct_dst_sport_ltm|is_sm_ips_ports,ksf-v4-idsplit::
quantum,svc,8,pauli_xz_r1_full__as0.5__svc__d8,pauli_xz_r1_full__as0.5,id_val,train_cv,100.0,0.8943617361736174,0.017000913619995117,0.9282868525896414,0.9281587301587302,0.9281945327399873,0.9307692307692308,0.9657777777777777,0.9433472083903915,port_protocol_service_ablation,39,36,3,ct_src_dport_ltm|ct_dst_sport_ltm|is_sm_ips_ports,ksf-v4-idsplit::
quantum,svc,8,pauli_xz_r1_full__as0.5__svc__d8,pauli_xz_r1_full__as0.5,id_test,train_cv,100.0,0.8943617361736174,0.017000913619995117,0.8955823293172691,0.8953548387096775,0.8952020202020201,0.9015151515151515,0.9376774193548386,0.9109884660091077,port_protocol_service_ablation,39,36,3,ct_src_dport_ltm|ct_dst_sport_ltm|is_sm_ips_ports,ksf-v4-idsplit::
quantum,svc,8,pauli_xz_r1_full__as0.5__svc__d8,pauli_xz_r1_full__as0.5,ood_test,train_cv,100.0,0.8943617361736174,0.017000913619995117,0.804,0.7994747882339754,0.7971316905140434,0.8344594594594594,0.8913227970729052,0.8396011784992615,port_protocol_service_ablation,39,36,3,ct_src_dport_ltm|ct_dst_sport_ltm|is_sm_ips_ports,ksf-v4-idsplit::
quantum,svc,8,zmap_r2__as0.5__svc__d8,zmap_r2__as0.5,id_val,fixed_c1,1.0,,0.00952291488647461,0.9163346613545816,0.9159999999999999,0.9156869331541821,0.9230769230769231,0.9662222222222222,0.946590785791696,port_protocol_service_ablation,39,36,3,ct_src_dport_ltm|ct_dst_sport_ltm|is_sm_ips_ports,ksf-v4-idsplit::
quantum,svc,8,zmap_r2__as0.5__svc__d8,zmap_r2__as0.5,id_test,fixed_c1,1.0,,0.00952291488647461,0.8634538152610441,0.863,0.8615761935905821,0.8776978417266187,0.9367096774193548,0.9166449643185889,port_protocol_service_ablation,39,36,3,ct_src_dport_ltm|ct_dst_sport_ltm|is_sm_ips_ports,ksf-v4-idsplit::
quantum,svc,8,zmap_r2__as0.5__svc__d8,zmap_r2__as0.5,ood_test,fixed_c1,1.0,,0.00952291488647461,0.76,0.7535347712606684,0.7437255471459568,0.8083067092651757,0.8954380234103537,0.854232100000907,port_protocol_service_ablation,39,36,3,ct_src_dport_ltm|ct_dst_sport_ltm|is_sm_ips_ports,ksf-v4-idsplit::
quantum,svc,8,zmap_r2__as0.5__svc__d8,zmap_r2__as0.5,id_val,train_cv,100.0,0.8962120212021203,0.01600027084350586,0.9203187250996016,0.9202222222222223,0.9202567035201423,0.9224806201550387,0.959047619047619,0.9322683151078967,port_protocol_service_ablation,39,36,3,ct_src_dport_ltm|ct_dst_sport_ltm|is_sm_ips_ports,ksf-v4-idsplit::
quantum,svc,8,zmap_r2__as0.5__svc__d8,zmap_r2__as0.5,id_test,train_cv,100.0,0.8962120212021203,0.01600027084350586,0.8875502008032129,0.8873870967741936,0.8873303167420814,0.8923076923076924,0.9380000000000001,0.9108188666482931,port_protocol_service_ablation,39,36,3,ct_src_dport_ltm|ct_dst_sport_ltm|is_sm_ips_ports,ksf-v4-idsplit::
quantum,svc,8,zmap_r2__as0.5__svc__d8,zmap_r2__as0.5,ood_test,train_cv,100.0,0.8962120212021203,0.01600027084350586,0.82,0.8162719572144561,0.8155102576296758,0.8442906574394463,0.8749899921538485,0.8128789752558838,port_protocol_service_ablation,39,36,3,ct_src_dport_ltm|ct_dst_sport_ltm|is_sm_ips_ports,ksf-v4-idsplit::
quantum,svc,8,zz_r1_full__svc__d8,zz_r1_full,id_val,fixed_c1,1.0,,0.011253833770751953,0.9083665338645418,0.9082857142857144,0.9083141427777337,0.9105058365758755,0.9707936507936508,0.9715641488108107,port_protocol_service_ablation,39,36,3,ct_src_dport_ltm|ct_dst_sport_ltm|is_sm_ips_ports,ksf-v4-idsplit::
quantum,svc,8,zz_r1_full__svc__d8,zz_r1_full,id_test,fixed_c1,1.0,,0.011253833770751953,0.8714859437751004,0.8714193548387097,0.8714341035239448,0.8740157480314961,0.9331612903225807,0.9052039073089578,port_protocol_service_ablation,39,36,3,ct_src_dport_ltm|ct_dst_sport_ltm|is_sm_ips_ports,ksf-v4-idsplit::
quantum,svc,8,zz_r1_full__svc__d8,zz_r1_full,ood_test,fixed_c1,1.0,,0.011253833770751953,0.79,0.7861923748218604,0.7846233369844806,0.8186528497409327,0.8908103953499543,0.8274136262505022,port_protocol_service_ablation,39,36,3,ct_src_dport_ltm|ct_dst_sport_ltm|is_sm_ips_ports,ksf-v4-idsplit::
quantum,svc,8,zz_r1_full__svc__d8,zz_r1_full,id_val,train_cv,10.0,0.8528380838083809,0.014006853103637695,0.896414342629482,0.8965079365079365,0.8963732215447154,0.8943089430894309,0.9624761904761904,0.9694012130418544,port_protocol_service_ablation,39,36,3,ct_src_dport_ltm|ct_dst_sport_ltm|is_sm_ips_ports,ksf-v4-idsplit::
quantum,svc,8,zz_r1_full__svc__d8,zz_r1_full,id_test,train_cv,10.0,0.8528380838083809,0.014006853103637695,0.8514056224899599,0.8513548387096774,0.8513672662740985,0.8537549407114624,0.9253548387096775,0.9107236676530824,port_protocol_service_ablation,39,36,3,ct_src_dport_ltm|ct_dst_sport_ltm|is_sm_ips_ports,ksf-v4-idsplit::
quantum,svc,8,zz_r1_full__svc__d8,zz_r1_full,ood_test,train_cv,10.0,0.8528380838083809,0.014006853103637695,0.816,0.8135017853997535,0.8136625834467561,0.8345323741007195,0.9068549742998511,0.8717512443802905,port_protocol_service_ablation,39,36,3,ct_src_dport_ltm|ct_dst_sport_ltm|is_sm_ips_ports,ksf-v4-idsplit::
quantum,svc,8,zz_r2_full__svc__d8,zz_r2_full,id_val,fixed_c1,1.0,,0.010692596435546875,0.8605577689243028,0.8608888888888888,0.8596667784859666,0.8484848484848485,0.9648253968253969,0.968208047192041,port_protocol_service_ablation,39,36,3,ct_src_dport_ltm|ct_dst_sport_ltm|is_sm_ips_ports,ksf-v4-idsplit::
quantum,svc,8,zz_r2_full__svc__d8,zz_r2_full,id_test,fixed_c1,1.0,,0.010692596435546875,0.7951807228915663,0.7956451612903226,0.7925576228825326,0.7692307692307693,0.9162580645161291,0.9121726180608161,port_protocol_service_ablation,39,36,3,ct_src_dport_ltm|ct_dst_sport_ltm|is_sm_ips_ports,ksf-v4-idsplit::
quantum,svc,8,zz_r2_full__svc__d8,zz_r2_full,ood_test,fixed_c1,1.0,,0.010692596435546875,0.822,0.8222526460745224,0.8219651051606115,0.8244575936883629,0.8986405341787962,0.8766918760402019,port_protocol_service_ablation,39,36,3,ct_src_dport_ltm|ct_dst_sport_ltm|is_sm_ips_ports,ksf-v4-idsplit::
quantum,svc,8,zz_r2_full__svc__d8,zz_r2_full,id_val,train_cv,10.0,0.8323259325932593,0.014774084091186523,0.8884462151394422,0.8887301587301587,0.8879321342007909,0.8803418803418803,0.9636825396825397,0.9703516843149583,port_protocol_service_ablation,39,36,3,ct_src_dport_ltm|ct_dst_sport_ltm|is_sm_ips_ports,ksf-v4-idsplit::
quantum,svc,8,zz_r2_full__svc__d8,zz_r2_full,id_test,train_cv,10.0,0.8323259325932593,0.014774084091186523,0.7951807228915663,0.7955161290322581,0.7938507491761497,0.777292576419214,0.9105806451612904,0.9108430200405706,port_protocol_service_ablation,39,36,3,ct_src_dport_ltm|ct_dst_sport_ltm|is_sm_ips_ports,ksf-v4-idsplit::
quantum,svc,8,zz_r2_full__svc__d8,zz_r2_full,ood_test,train_cv,10.0,0.8323259325932593,0.014774084091186523,0.82,0.8194104177675298,0.81965084403405,0.8275862068965517,0.9081039534995436,0.904757274778938,port_protocol_service_ablation,39,36,3,ct_src_dport_ltm|ct_dst_sport_ltm|is_sm_ips_ports,ksf-v4-idsplit::
quantum,svc,8,pauli_xz_r1_full__svc__d8,pauli_xz_r1_full,id_val,fixed_c1,1.0,,0.007997274398803711,0.9163346613545816,0.916031746031746,0.91580006709158,0.922509225092251,0.9619682539682539,0.9359929790390471,port_protocol_service_ablation,39,36,3,ct_src_dport_ltm|ct_dst_sport_ltm|is_sm_ips_ports,ksf-v4-idsplit::
quantum,svc,8,pauli_xz_r1_full__svc__d8,pauli_xz_r1_full,id_test,fixed_c1,1.0,,0.007997274398803711,0.8795180722891566,0.8791290322580645,0.8782911887382691,0.8905109489051095,0.9472903225806452,0.9409128003313343,port_protocol_service_ablation,39,36,3,ct_src_dport_ltm|ct_dst_sport_ltm|is_sm_ips_ports,ksf-v4-idsplit::
quantum,svc,8,pauli_xz_r1_full__svc__d8,pauli_xz_r1_full,ood_test,fixed_c1,1.0,,0.007997274398803711,0.776,0.7701077644873581,0.7632575757575758,0.8181818181818182,0.8846615746745448,0.8246651492417878,port_protocol_service_ablation,39,36,3,ct_src_dport_ltm|ct_dst_sport_ltm|is_sm_ips_ports,ksf-v4-idsplit::
quantum,svc,8,pauli_xz_r1_full__svc__d8,pauli_xz_r1_full,id_val,train_cv,10.0,0.8912916291629163,0.011698484420776367,0.9282868525896414,0.9281904761904762,0.928231033168128,0.9302325581395349,0.9604444444444444,0.9215601750015665,port_protocol_service_ablation,39,36,3,ct_src_dport_ltm|ct_dst_sport_ltm|is_sm_ips_ports,ksf-v4-idsplit::
quantum,svc,8,pauli_xz_r1_full__svc__d8,pauli_xz_r1_full,id_test,train_cv,10.0,0.8912916291629163,0.011698484420776367,0.8955823293172691,0.8953548387096775,0.8952020202020201,0.9015151515151515,0.9290967741935484,0.8965251622225827,port_protocol_service_ablation,39,36,3,ct_src_dport_ltm|ct_dst_sport_ltm|is_sm_ips_ports,ksf-v4-idsplit::
quantum,svc,8,pauli_xz_r1_full__svc__d8,pauli_xz_r1_full,ood_test,train_cv,10.0,0.8912916291629163,0.011698484420776367,0.79,0.7851835839298009,0.7817873486539397,0.8241206030150754,0.8679764935709597,0.7860304724463177,port_protocol_service_ablation,39,36,3,ct_src_dport_ltm|ct_dst_sport_ltm|is_sm_ips_ports,ksf-v4-idsplit::
quantum,svc,8,zmap_r2__svc__d8,zmap_r2,id_val,fixed_c1,1.0,,0.007880210876464844,0.9123505976095617,0.9121587301587302,0.9121148459383753,0.9166666666666666,0.9632380952380953,0.9387089078657476,port_protocol_service_ablation,39,36,3,ct_src_dport_ltm|ct_dst_sport_ltm|is_sm_ips_ports,ksf-v4-idsplit::
quantum,svc,8,zmap_r2__svc__d8,zmap_r2,id_test,fixed_c1,1.0,,0.007880210876464844,0.8755020080321285,0.8751290322580645,0.8743345543345543,0.8864468864468864,0.9219999999999999,0.85199390102153,port_protocol_service_ablation,39,36,3,ct_src_dport_ltm|ct_dst_sport_ltm|is_sm_ips_ports,ksf-v4-idsplit::
quantum,svc,8,zmap_r2__svc__d8,zmap_r2,ood_test,fixed_c1,1.0,,0.007880210876464844,0.78,0.774335078701702,0.7683781416346607,0.8202614379084967,0.8581768106195257,0.7666886212077634,port_protocol_service_ablation,39,36,3,ct_src_dport_ltm|ct_dst_sport_ltm|is_sm_ips_ports,ksf-v4-idsplit::
quantum,svc,8,zmap_r2__svc__d8,zmap_r2,id_val,train_cv,10.0,0.8872213221322133,0.009999990463256836,0.9442231075697212,0.9442222222222222,0.9442222222222222,0.9444444444444444,0.9685714285714286,0.9422942351723753,port_protocol_service_ablation,39,36,3,ct_src_dport_ltm|ct_dst_sport_ltm|is_sm_ips_ports,ksf-v4-idsplit::
quantum,svc,8,zmap_r2__svc__d8,zmap_r2,id_test,train_cv,10.0,0.8872213221322133,0.009999990463256836,0.8835341365461847,0.8833548387096775,0.8832630098452883,0.8888888888888888,0.9193548387096774,0.8482637899664769,port_protocol_service_ablation,39,36,3,ct_src_dport_ltm|ct_dst_sport_ltm|is_sm_ips_ports,ksf-v4-idsplit::
quantum,svc,8,zmap_r2__svc__d8,zmap_r2,ood_test,train_cv,10.0,0.8872213221322133,0.009999990463256836,0.812,0.808489856047141,0.8077898284013021,0.8362369337979094,0.849674144529311,0.763471409310963,port_protocol_service_ablation,39,36,3,ct_src_dport_ltm|ct_dst_sport_ltm|is_sm_ips_ports,ksf-v4-idsplit::
quantum,svc,8,zz_r1_full__as2__svc__d8,zz_r1_full__as2,id_val,fixed_c1,1.0,,0.011000633239746094,0.9043824701195219,0.9044126984126984,0.9043809523809524,0.904,0.969079365079365,0.9688991607878576,port_protocol_service_ablation,39,36,3,ct_src_dport_ltm|ct_dst_sport_ltm|is_sm_ips_ports,ksf-v4-idsplit::
quantum,svc,8,zz_r1_full__as2__svc__d8,zz_r1_full__as2,id_test,fixed_c1,1.0,,0.011000633239746094,0.8353413654618473,0.8355483870967741,0.8349580484019594,0.8270042194092827,0.9306451612903226,0.9200098681762554,port_protocol_service_ablation,39,36,3,ct_src_dport_ltm|ct_dst_sport_ltm|is_sm_ips_ports,ksf-v4-idsplit::
quantum,svc,8,zz_r1_full__as2__svc__d8,zz_r1_full__as2,ood_test,fixed_c1,1.0,,0.011000633239746094,0.804,0.8018286336487807,0.8020202020202021,0.8218181818181818,0.9019391202702918,0.8814850424902915,port_protocol_service_ablation,39,36,3,ct_src_dport_ltm|ct_dst_sport_ltm|is_sm_ips_ports,ksf-v4-idsplit::
quantum,svc,8,zz_r1_full__as2__svc__d8,zz_r1_full__as2,id_val,train_cv,10.0,0.8255956595659566,0.012254953384399414,0.9123505976095617,0.9124444444444444,0.9123158028455285,0.9105691056910569,0.9706666666666668,0.9724937866112717,port_protocol_service_ablation,39,36,3,ct_src_dport_ltm|ct_dst_sport_ltm|is_sm_ips_ports,ksf-v4-idsplit::
quantum,svc,8,zz_r1_full__as2__svc__d8,zz_r1_full__as2,id_test,train_cv,10.0,0.8255956595659566,0.012254953384399414,0.8433734939759037,0.8434516129032258,0.8433330644510768,0.8408163265306122,0.9325806451612904,0.9307390261572791,port_protocol_service_ablation,39,36,3,ct_src_dport_ltm|ct_dst_sport_ltm|is_sm_ips_ports,ksf-v4-idsplit::
quantum,svc,8,zz_r1_full__as2__svc__d8,zz_r1_full__as2,ood_test,train_cv,10.0,0.8255956595659566,0.012254953384399414,0.808,0.8060559478631246,0.806361039841216,0.8241758241758241,0.9079438279611215,0.9018141314050596,port_protocol_service_ablation,39,36,3,ct_src_dport_ltm|ct_dst_sport_ltm|is_sm_ips_ports,ksf-v4-idsplit::
quantum,svc,8,zz_r2_full__as2__svc__d8,zz_r2_full__as2,id_val,fixed_c1,1.0,,0.011566400527954102,0.8366533864541833,0.8372063492063492,0.8336001293556472,0.8110599078341014,0.934984126984127,0.942835068834394,port_protocol_service_ablation,39,36,3,ct_src_dport_ltm|ct_dst_sport_ltm|is_sm_ips_ports,ksf-v4-idsplit::
quantum,svc,8,zz_r2_full__as2__svc__d8,zz_r2_full__as2,id_test,fixed_c1,1.0,,0.011566400527954102,0.7630522088353414,0.7637419354838709,0.7561133522585786,0.714975845410628,0.9019354838709678,0.906873662553066,port_protocol_service_ablation,39,36,3,ct_src_dport_ltm|ct_dst_sport_ltm|is_sm_ips_ports,ksf-v4-idsplit::
quantum,svc,8,zz_r2_full__as2__svc__d8,zz_r2_full__as2,ood_test,fixed_c1,1.0,,0.011566400527954102,0.818,0.8200429136442972,0.8175438596491228,0.8084210526315789,0.9015388064242366,0.8964596879447453,port_protocol_service_ablation,39,36,3,ct_src_dport_ltm|ct_dst_sport_ltm|is_sm_ips_ports,ksf-v4-idsplit::
quantum,svc,8,zz_r2_full__as2__svc__d8,zz_r2_full__as2,id_val,train_cv,10.0,0.7969735973597359,0.014276742935180664,0.8446215139442231,0.845047619047619,0.8429362214199759,0.8266666666666667,0.9345396825396827,0.9444956087726032,port_protocol_service_ablation,39,36,3,ct_src_dport_ltm|ct_dst_sport_ltm|is_sm_ips_ports,ksf-v4-idsplit::
quantum,svc,8,zz_r2_full__as2__svc__d8,zz_r2_full__as2,id_test,train_cv,10.0,0.7969735973597359,0.014276742935180664,0.7791164658634538,0.7797419354838709,0.7738494311144872,0.7393364928909952,0.8896774193548388,0.8949995615869024,port_protocol_service_ablation,39,36,3,ct_src_dport_ltm|ct_dst_sport_ltm|is_sm_ips_ports,ksf-v4-idsplit::
quantum,svc,8,zz_r2_full__as2__svc__d8,zz_r2_full__as2,ood_test,train_cv,10.0,0.7969735973597359,0.014276742935180664,0.818,0.8190341227522377,0.8179643210069174,0.8154158215010142,0.9037805639621463,0.9056193919821802,port_protocol_service_ablation,39,36,3,ct_src_dport_ltm|ct_dst_sport_ltm|is_sm_ips_ports,ksf-v4-idsplit::
quantum,svc,8,pauli_xz_r1_full__as2__svc__d8,pauli_xz_r1_full__as2,id_val,fixed_c1,1.0,,0.008064985275268555,0.9163346613545816,0.9161904761904762,0.9162016502122383,0.9195402298850575,0.9740952380952381,0.9484946271588754,port_protocol_service_ablation,39,36,3,ct_src_dport_ltm|ct_dst_sport_ltm|is_sm_ips_ports,ksf-v4-idsplit::
quantum,svc,8,pauli_xz_r1_full__as2__svc__d8,pauli_xz_r1_full__as2,id_test,fixed_c1,1.0,,0.008064985275268555,0.891566265060241,0.8913548387096775,0.8912223930102743,0.8973384030418251,0.907741935483871,0.8138410078724588,port_protocol_service_ablation,39,36,3,ct_src_dport_ltm|ct_dst_sport_ltm|is_sm_ips_ports,ksf-v4-idsplit::
quantum,svc,8,pauli_xz_r1_full__as2__svc__d8,pauli_xz_r1_full__as2,ood_test,fixed_c1,1.0,,0.008064985275268555,0.802,0.7976413508190421,0.795521296766758,0.831918505942275,0.8684888952939104,0.7732402769388343,port_protocol_service_ablation,39,36,3,ct_src_dport_ltm|ct_dst_sport_ltm|is_sm_ips_ports,ksf-v4-idsplit::
quantum,svc,8,pauli_xz_r1_full__as2__svc__d8,pauli_xz_r1_full__as2,id_val,train_cv,1.0,0.8814205420542056,0.009682655334472656,0.9163346613545816,0.9161904761904762,0.9162016502122383,0.9195402298850575,0.9740952380952381,0.9484946271588754,port_protocol_service_ablation,39,36,3,ct_src_dport_ltm|ct_dst_sport_ltm|is_sm_ips_ports,ksf-v4-idsplit::
quantum,svc,8,pauli_xz_r1_full__as2__svc__d8,pauli_xz_r1_full__as2,id_test,train_cv,1.0,0.8814205420542056,0.009682655334472656,0.891566265060241,0.8913548387096775,0.8912223930102743,0.8973384030418251,0.907741935483871,0.8138410078724588,port_protocol_service_ablation,39,36,3,ct_src_dport_ltm|ct_dst_sport_ltm|is_sm_ips_ports,ksf-v4-idsplit::
quantum,svc,8,pauli_xz_r1_full__as2__svc__d8,pauli_xz_r1_full__as2,ood_test,train_cv,1.0,0.8814205420542056,0.009682655334472656,0.802,0.7976413508190421,0.795521296766758,0.831918505942275,0.8684888952939104,0.7732402769388343,port_protocol_service_ablation,39,36,3,ct_src_dport_ltm|ct_dst_sport_ltm|is_sm_ips_ports,ksf-v4-idsplit::
quantum,svc,8,zmap_r2__as2__svc__d8,zmap_r2__as2,id_val,fixed_c1,1.0,,0.009000539779663086,0.9083665338645418,0.9082539682539683,0.9082733527177971,0.9111969111969112,0.9657142857142856,0.9637847646726454,port_protocol_service_ablation,39,36,3,ct_src_dport_ltm|ct_dst_sport_ltm|is_sm_ips_ports,ksf-v4-idsplit::
quantum,svc,8,zmap_r2__as2__svc__d8,zmap_r2__as2,id_test,fixed_c1,1.0,,0.009000539779663086,0.8674698795180723,0.8672903225806452,0.8671613560308453,0.8735632183908046,0.918774193548387,0.8959227752575327,port_protocol_service_ablation,39,36,3,ct_src_dport_ltm|ct_dst_sport_ltm|is_sm_ips_ports,ksf-v4-idsplit::
quantum,svc,8,zmap_r2__as2__svc__d8,zmap_r2__as2,ood_test,fixed_c1,1.0,,0.009000539779663086,0.828,0.8241661462586668,0.8234811165845648,0.8517241379310345,0.8896735040271573,0.8249155084251201,port_protocol_service_ablation,39,36,3,ct_src_dport_ltm|ct_dst_sport_ltm|is_sm_ips_ports,ksf-v4-idsplit::
quantum,svc,8,zmap_r2__as2__svc__d8,zmap_r2__as2,id_val,train_cv,1.0,0.8853809380938096,0.008527994155883789,0.9083665338645418,0.9082539682539683,0.9082733527177971,0.9111969111969112,0.9657142857142856,0.9637847646726454,port_protocol_service_ablation,39,36,3,ct_src_dport_ltm|ct_dst_sport_ltm|is_sm_ips_ports,ksf-v4-idsplit::
quantum,svc,8,zmap_r2__as2__svc__d8,zmap_r2__as2,id_test,train_cv,1.0,0.8853809380938096,0.008527994155883789,0.8674698795180723,0.8672903225806452,0.8671613560308453,0.8735632183908046,0.918774193548387,0.8959227752575327,port_protocol_service_ablation,39,36,3,ct_src_dport_ltm|ct_dst_sport_ltm|is_sm_ips_ports,ksf-v4-idsplit::
quantum,svc,8,zmap_r2__as2__svc__d8,zmap_r2__as2,ood_test,train_cv,1.0,0.8853809380938096,0.008527994155883789,0.828,0.8241661462586668,0.8234811165845648,0.8517241379310345,0.8896735040271573,0.8249155084251201,port_protocol_service_ablation,39,36,3,ct_src_dport_ltm|ct_dst_sport_ltm|is_sm_ips_ports,ksf-v4-idsplit::
classical_ext,svc,10,linear__svc__d10,linear,id_val,fixed_c1,1.0,,0.006844520568847656,0.848605577689243,0.8484444444444444,0.8483142493638677,0.8549618320610687,0.8732063492063492,0.771355702114171,port_protocol_service_ablation,39,36,3,ct_src_dport_ltm|ct_dst_sport_ltm|is_sm_ips_ports,ksf-v4-idsplit::
classical_ext,svc,10,linear__svc__d10,linear,id_test,fixed_c1,1.0,,0.006844520568847656,0.8112449799196787,0.8111290322580644,0.8110499378400633,0.8171206225680934,0.846709677419355,0.7629097102285735,port_protocol_service_ablation,39,36,3,ct_src_dport_ltm|ct_dst_sport_ltm|is_sm_ips_ports,ksf-v4-idsplit::
classical_ext,svc,10,linear__svc__d10,linear,ood_test,fixed_c1,1.0,,0.006844520568847656,0.748,0.7432066740324414,0.7383547079540169,0.7885906040268457,0.7303165681894604,0.6181614115570078,port_protocol_service_ablation,39,36,3,ct_src_dport_ltm|ct_dst_sport_ltm|is_sm_ips_ports,ksf-v4-idsplit::
classical_ext,svc,10,linear__svc__d10,linear,id_val,train_cv,100.0,0.8383769376937693,0.01774001121520996,0.8725099601593626,0.8723174603174603,0.8721670486376369,0.8787878787878788,0.8787301587301587,0.7802373595754828,port_protocol_service_ablation,39,36,3,ct_src_dport_ltm|ct_dst_sport_ltm|is_sm_ips_ports,ksf-v4-idsplit::
classical_ext,svc,10,linear__svc__d10,linear,id_test,train_cv,100.0,0.8383769376937693,0.01774001121520996,0.8232931726907631,0.8231935483870967,0.8231534090909092,0.828125,0.8631612903225806,0.7861431908244856,port_protocol_service_ablation,39,36,3,ct_src_dport_ltm|ct_dst_sport_ltm|is_sm_ips_ports,ksf-v4-idsplit::
classical_ext,svc,10,linear__svc__d10,linear,ood_test,train_cv,100.0,0.8383769376937693,0.01774001121520996,0.75,0.7451521993242702,0.740223034111833,0.7906197654941374,0.7347040079422268,0.6244562116474001,port_protocol_service_ablation,39,36,3,ct_src_dport_ltm|ct_dst_sport_ltm|is_sm_ips_ports,ksf-v4-idsplit::
classical_ext,svc,10,rbf_gscale__svc__d10,rbf_gscale,id_val,fixed_c1,1.0,,0.006000041961669922,0.900398406374502,0.9,0.8993180906538307,0.9097472924187726,0.9513015873015873,0.92873594129498,port_protocol_service_ablation,39,36,3,ct_src_dport_ltm|ct_dst_sport_ltm|is_sm_ips_ports,ksf-v4-idsplit::
classical_ext,svc,10,rbf_gscale__svc__d10,rbf_gscale,id_test,fixed_c1,1.0,,0.006000041961669922,0.8714859437751004,0.871,0.8694626474442988,0.8857142857142857,0.9249032258064517,0.9055603151985041,port_protocol_service_ablation,39,36,3,ct_src_dport_ltm|ct_dst_sport_ltm|is_sm_ips_ports,ksf-v4-idsplit::
classical_ext,svc,10,rbf_gscale__svc__d10,rbf_gscale,ood_test,fixed_c1,1.0,,0.006000041961669922,0.758,0.7514771580919442,0.741310380508913,0.8070175438596491,0.8356951850250597,0.7644743488127459,port_protocol_service_ablation,39,36,3,ct_src_dport_ltm|ct_dst_sport_ltm|is_sm_ips_ports,ksf-v4-idsplit::
classical_ext,svc,10,rbf_gscale__svc__d10,rbf_gscale,id_val,train_cv,10.0,0.9005023502350236,0.0066187381744384766,0.9282868525896414,0.928063492063492,0.9280298203134956,0.9323308270676691,0.9720634920634921,0.9536093201278099,port_protocol_service_ablation,39,36,3,ct_src_dport_ltm|ct_dst_sport_ltm|is_sm_ips_ports,ksf-v4-idsplit::
classical_ext,svc,10,rbf_gscale__svc__d10,rbf_gscale,id_test,train_cv,10.0,0.9005023502350236,0.0066187381744384766,0.8755020080321285,0.8751290322580645,0.8743345543345543,0.8864468864468864,0.9518709677419356,0.9503378135477636,port_protocol_service_ablation,39,36,3,ct_src_dport_ltm|ct_dst_sport_ltm|is_sm_ips_ports,ksf-v4-idsplit::
classical_ext,svc,10,rbf_gscale__svc__d10,rbf_gscale,ood_test,train_cv,10.0,0.9005023502350236,0.0066187381744384766,0.794,0.7888504587596676,0.78487077626143,0.8291873963515755,0.9006421034090728,0.8581645724066691,port_protocol_service_ablation,39,36,3,ct_src_dport_ltm|ct_dst_sport_ltm|is_sm_ips_ports,ksf-v4-idsplit::
classical_ext,svc,10,poly2__svc__d10,poly2,id_val,fixed_c1,1.0,,0.0065097808837890625,0.8844621513944223,0.8841269841269841,0.8835676695938706,0.8937728937728938,0.8932063492063492,0.8120273169495199,port_protocol_service_ablation,39,36,3,ct_src_dport_ltm|ct_dst_sport_ltm|is_sm_ips_ports,ksf-v4-idsplit::
classical_ext,svc,10,poly2__svc__d10,poly2,id_test,fixed_c1,1.0,,0.0065097808837890625,0.8473895582329317,0.8469032258064516,0.8449868938401048,0.8642857142857143,0.8669677419354839,0.8045993439286236,port_protocol_service_ablation,39,36,3,ct_src_dport_ltm|ct_dst_sport_ltm|is_sm_ips_ports,ksf-v4-idsplit::
classical_ext,svc,10,poly2__svc__d10,poly2,ood_test,fixed_c1,1.0,,0.0065097808837890625,0.734,0.7268978879441482,0.7124088033178941,0.7912087912087912,0.7369297529262941,0.6425811223172732,port_protocol_service_ablation,39,36,3,ct_src_dport_ltm|ct_dst_sport_ltm|is_sm_ips_ports,ksf-v4-idsplit::
classical_ext,svc,10,poly2__svc__d10,poly2,id_val,train_cv,100.0,0.8878112811281127,0.013683080673217773,0.9083665338645418,0.9079999999999999,0.9075210252302763,0.9163636363636364,0.9604444444444444,0.9396353767735011,port_protocol_service_ablation,39,36,3,ct_src_dport_ltm|ct_dst_sport_ltm|is_sm_ips_ports,ksf-v4-idsplit::
classical_ext,svc,10,poly2__svc__d10,poly2,id_test,train_cv,100.0,0.8878112811281127,0.013683080673217773,0.8594377510040161,0.859,0.8576375843311499,0.8736462093862816,0.9335483870967742,0.9121422704819514,port_protocol_service_ablation,39,36,3,ct_src_dport_ltm|ct_dst_sport_ltm|is_sm_ips_ports,ksf-v4-idsplit::
classical_ext,svc,10,poly2__svc__d10,poly2,ood_test,train_cv,100.0,0.8878112811281127,0.013683080673217773,0.766,0.7597076107668412,0.7509271046659656,0.812199036918138,0.8823077292597395,0.8391366210890516,port_protocol_service_ablation,39,36,3,ct_src_dport_ltm|ct_dst_sport_ltm|is_sm_ips_ports,ksf-v4-idsplit::
classical_ext,svc,10,poly3__svc__d10,poly3,id_val,fixed_c1,1.0,,0.007405519485473633,0.896414342629482,0.896,0.8952016957862281,0.9064748201438849,0.8853968253968254,0.7949036390028592,port_protocol_service_ablation,39,36,3,ct_src_dport_ltm|ct_dst_sport_ltm|is_sm_ips_ports,ksf-v4-idsplit::
classical_ext,svc,10,poly3__svc__d10,poly3,id_test,fixed_c1,1.0,,0.007405519485473633,0.8594377510040161,0.8589032258064516,0.8567671953324021,0.8763250883392226,0.8810967741935485,0.823874545288066,port_protocol_service_ablation,39,36,3,ct_src_dport_ltm|ct_dst_sport_ltm|is_sm_ips_ports,ksf-v4-idsplit::
classical_ext,svc,10,poly3__svc__d10,poly3,ood_test,fixed_c1,1.0,,0.007405519485473633,0.736,0.728843413235977,0.7142312821489808,0.7931034482758621,0.7451121679396647,0.6348152611207694,port_protocol_service_ablation,39,36,3,ct_src_dport_ltm|ct_dst_sport_ltm|is_sm_ips_ports,ksf-v4-idsplit::
classical_ext,svc,10,poly3__svc__d10,poly3,id_val,train_cv,100.0,0.8996322632263227,0.01414632797241211,0.9322709163346613,0.9319999999999999,0.9319208002935686,0.9368029739776952,0.9650793650793651,0.945592125783136,port_protocol_service_ablation,39,36,3,ct_src_dport_ltm|ct_dst_sport_ltm|is_sm_ips_ports,ksf-v4-idsplit::
classical_ext,svc,10,poly3__svc__d10,poly3,id_test,train_cv,100.0,0.8996322632263227,0.01414632797241211,0.8634538152610441,0.8630645161290322,0.862063347236705,0.8759124087591241,0.9412903225806452,0.9237163477274517,port_protocol_service_ablation,39,36,3,ct_src_dport_ltm|ct_dst_sport_ltm|is_sm_ips_ports,ksf-v4-idsplit::
classical_ext,svc,10,poly3__svc__d10,poly3,ood_test,train_cv,100.0,0.8996322632263227,0.01414632797241211,0.792,0.7865686698371523,0.7818206229860365,0.8289473684210527,0.9002257770091752,0.8644216547479245,port_protocol_service_ablation,39,36,3,ct_src_dport_ltm|ct_dst_sport_ltm|is_sm_ips_ports,ksf-v4-idsplit::
classical_ext,svc,10,laplacian_med__svc__d10,laplacian_med,id_val,fixed_c1,1.0,,0.006886720657348633,0.9123505976095617,0.9119999999999999,0.9116084005634524,0.9197080291970803,0.9605079365079365,0.9375225954046799,port_protocol_service_ablation,39,36,3,ct_src_dport_ltm|ct_dst_sport_ltm|is_sm_ips_ports,ksf-v4-idsplit::
classical_ext,svc,10,laplacian_med__svc__d10,laplacian_med,id_test,fixed_c1,1.0,,0.006886720657348633,0.8714859437751004,0.871,0.8694626474442988,0.8857142857142857,0.9290967741935484,0.9029223587314271,port_protocol_service_ablation,39,36,3,ct_src_dport_ltm|ct_dst_sport_ltm|is_sm_ips_ports,ksf-v4-idsplit::
classical_ext,svc,10,laplacian_med__svc__d10,laplacian_med,ood_test,fixed_c1,1.0,,0.006886720657348633,0.758,0.7514771580919442,0.741310380508913,0.8070175438596491,0.9090326816223921,0.8840395179300466,port_protocol_service_ablation,39,36,3,ct_src_dport_ltm|ct_dst_sport_ltm|is_sm_ips_ports,ksf-v4-idsplit::
classical_ext,svc,10,laplacian_med__svc__d10,laplacian_med,id_val,train_cv,10.0,0.9081625162516251,0.006997585296630859,0.9203187250996016,0.9203174603174603,0.9203174603174603,0.9206349206349206,0.9572063492063493,0.936193263776973,port_protocol_service_ablation,39,36,3,ct_src_dport_ltm|ct_dst_sport_ltm|is_sm_ips_ports,ksf-v4-idsplit::
classical_ext,svc,10,laplacian_med__svc__d10,laplacian_med,id_test,train_cv,10.0,0.9081625162516251,0.006997585296630859,0.8795180722891566,0.8793870967741936,0.8793604651162791,0.8837209302325582,0.9394193548387098,0.9148567659954782,port_protocol_service_ablation,39,36,3,ct_src_dport_ltm|ct_dst_sport_ltm|is_sm_ips_ports,ksf-v4-idsplit::
classical_ext,svc,10,laplacian_med__svc__d10,laplacian_med,ood_test,train_cv,10.0,0.9081625162516251,0.006997585296630859,0.832,0.8285055483499064,0.8282377189969083,0.8536585365853658,0.9290643864789997,0.901528012078753,port_protocol_service_ablation,39,36,3,ct_src_dport_ltm|ct_dst_sport_ltm|is_sm_ips_ports,ksf-v4-idsplit::
classical_ext,svc,10,matern15_med__svc__d10,matern15_med,id_val,fixed_c1,1.0,,0.00551295280456543,0.900398406374502,0.9,0.8993180906538307,0.9097472924187726,0.9433015873015873,0.9082719796437367,port_protocol_service_ablation,39,36,3,ct_src_dport_ltm|ct_dst_sport_ltm|is_sm_ips_ports,ksf-v4-idsplit::
classical_ext,svc,10,matern15_med__svc__d10,matern15_med,id_test,fixed_c1,1.0,,0.00551295280456543,0.8714859437751004,0.871,0.8694626474442988,0.8857142857142857,0.9067096774193548,0.8609937857699012,port_protocol_service_ablation,39,36,3,ct_src_dport_ltm|ct_dst_sport_ltm|is_sm_ips_ports,ksf-v4-idsplit::
classical_ext,svc,10,matern15_med__svc__d10,matern15_med,ood_test,fixed_c1,1.0,,0.00551295280456543,0.758,0.7514771580919442,0.741310380508913,0.8070175438596491,0.8072248642936062,0.7173121536531395,port_protocol_service_ablation,39,36,3,ct_src_dport_ltm|ct_dst_sport_ltm|is_sm_ips_ports,ksf-v4-idsplit::
classical_ext,svc,10,matern15_med__svc__d10,matern15_med,id_val,train_cv,10.0,0.8924718471847186,0.00798797607421875,0.9282868525896414,0.9280952380952381,0.9280939648586708,0.9318181818181818,0.9673015873015873,0.9474866962552586,port_protocol_service_ablation,39,36,3,ct_src_dport_ltm|ct_dst_sport_ltm|is_sm_ips_ports,ksf-v4-idsplit::
classical_ext,svc,10,matern15_med__svc__d10,matern15_med,id_test,train_cv,10.0,0.8924718471847186,0.00798797607421875,0.8835341365461847,0.8832258064516129,0.8827778769825165,0.8921933085501859,0.9471612903225806,0.9411618544227534,port_protocol_service_ablation,39,36,3,ct_src_dport_ltm|ct_dst_sport_ltm|is_sm_ips_ports,ksf-v4-idsplit::
classical_ext,svc,10,matern15_med__svc__d10,matern15_med,ood_test,train_cv,10.0,0.8924718471847186,0.00798797607421875,0.794,0.7889625466365631,0.785236802488751,0.8286189683860233,0.879393444460457,0.8216641298668333,port_protocol_service_ablation,39,36,3,ct_src_dport_ltm|ct_dst_sport_ltm|is_sm_ips_ports,ksf-v4-idsplit::
classical_ext,svc,10,matern25_med__svc__d10,matern25_med,id_val,fixed_c1,1.0,,0.0076177120208740234,0.900398406374502,0.9,0.8993180906538307,0.9097472924187726,0.9371428571428572,0.9066596115679678,port_protocol_service_ablation,39,36,3,ct_src_dport_ltm|ct_dst_sport_ltm|is_sm_ips_ports,ksf-v4-idsplit::
classical_ext,svc,10,matern25_med__svc__d10,matern25_med,id_test,fixed_c1,1.0,,0.0076177120208740234,0.8714859437751004,0.871,0.8694626474442988,0.8857142857142857,0.9051612903225807,0.8655631292027082,port_protocol_service_ablation,39,36,3,ct_src_dport_ltm|ct_dst_sport_ltm|is_sm_ips_ports,ksf-v4-idsplit::
classical_ext,svc,10,matern25_med__svc__d10,matern25_med,ood_test,fixed_c1,1.0,,0.0076177120208740234,0.754,0.7473619317544955,0.7364575610968508,0.8044515103338633,0.7871931594369987,0.6893337036944256,port_protocol_service_ablation,39,36,3,ct_src_dport_ltm|ct_dst_sport_ltm|is_sm_ips_ports,ksf-v4-idsplit::
classical_ext,svc,10,matern25_med__svc__d10,matern25_med,id_val,train_cv,10.0,0.8916714671467145,0.008578300476074219,0.9322709163346613,0.9319999999999999,0.9319208002935686,0.9368029739776952,0.9674285714285714,0.9436098660331392,port_protocol_service_ablation,39,36,3,ct_src_dport_ltm|ct_dst_sport_ltm|is_sm_ips_ports,ksf-v4-idsplit::
classical_ext,svc,10,matern25_med__svc__d10,matern25_med,id_test,train_cv,10.0,0.8916714671467145,0.008578300476074219,0.8674698795180723,0.8670645161290322,0.8660089686098655,0.88,0.9452903225806452,0.939806516392947,port_protocol_service_ablation,39,36,3,ct_src_dport_ltm|ct_dst_sport_ltm|is_sm_ips_ports,ksf-v4-idsplit::
classical_ext,svc,10,matern25_med__svc__d10,matern25_med,ood_test,train_cv,10.0,0.8916714671467145,0.008578300476074219,0.782,0.7762806039935308,0.7702661119330947,0.8221859706362153,0.8981121199020031,0.8521930535320805,port_protocol_service_ablation,39,36,3,ct_src_dport_ltm|ct_dst_sport_ltm|is_sm_ips_ports,ksf-v4-idsplit::
classical_ext,svc,10,rbf_gscale_x0.1__svc__d10,rbf_gscale_x0.1,id_val,fixed_c1,1.0,,0.008005857467651367,0.8366533864541833,0.8365079365079365,0.8363936980334177,0.842911877394636,0.8935238095238096,0.8173412633289342,port_protocol_service_ablation,39,36,3,ct_src_dport_ltm|ct_dst_sport_ltm|is_sm_ips_ports,ksf-v4-idsplit::
classical_ext,svc,10,rbf_gscale_x0.1__svc__d10,rbf_gscale_x0.1,id_test,fixed_c1,1.0,,0.008005857467651367,0.8112449799196787,0.8109677419354839,0.81025341699499,0.8239700374531835,0.864,0.8149078165641019,port_protocol_service_ablation,39,36,3,ct_src_dport_ltm|ct_dst_sport_ltm|is_sm_ips_ports,ksf-v4-idsplit::
classical_ext,svc,10,rbf_gscale_x0.1__svc__d10,rbf_gscale_x0.1,ood_test,fixed_c1,1.0,,0.008005857467651367,0.702,0.6959936590286785,0.6847374857708698,0.7585089141004863,0.7319018110198395,0.655007416006445,port_protocol_service_ablation,39,36,3,ct_src_dport_ltm|ct_dst_sport_ltm|is_sm_ips_ports,ksf-v4-idsplit::
classical_ext,svc,10,rbf_gscale_x0.1__svc__d10,rbf_gscale_x0.1,id_val,train_cv,100.0,0.8868211821182118,0.013522148132324219,0.9083665338645418,0.9079999999999999,0.9075210252302763,0.9163636363636364,0.9542857142857143,0.9277120598533438,port_protocol_service_ablation,39,36,3,ct_src_dport_ltm|ct_dst_sport_ltm|is_sm_ips_ports,ksf-v4-idsplit::
classical_ext,svc,10,rbf_gscale_x0.1__svc__d10,rbf_gscale_x0.1,id_test,train_cv,100.0,0.8868211821182118,0.013522148132324219,0.8594377510040161,0.859,0.8576375843311499,0.8736462093862816,0.9310322580645162,0.9028438630921469,port_protocol_service_ablation,39,36,3,ct_src_dport_ltm|ct_dst_sport_ltm|is_sm_ips_ports,ksf-v4-idsplit::
classical_ext,svc,10,rbf_gscale_x0.1__svc__d10,rbf_gscale_x0.1,ood_test,train_cv,100.0,0.8868211821182118,0.013522148132324219,0.76,0.7535347712606684,0.7437255471459568,0.8083067092651757,0.8651102464332038,0.8071253316237564,port_protocol_service_ablation,39,36,3,ct_src_dport_ltm|ct_dst_sport_ltm|is_sm_ips_ports,ksf-v4-idsplit::
classical_ext,svc,10,rbf_gscale_x0.3__svc__d10,rbf_gscale_x0.3,id_val,fixed_c1,1.0,,0.008000612258911133,0.896414342629482,0.896,0.8952016957862281,0.9064748201438849,0.9095873015873016,0.8362783014229496,port_protocol_service_ablation,39,36,3,ct_src_dport_ltm|ct_dst_sport_ltm|is_sm_ips_ports,ksf-v4-idsplit::
classical_ext,svc,10,rbf_gscale_x0.3__svc__d10,rbf_gscale_x0.3,id_test,fixed_c1,1.0,,0.008000612258911133,0.8594377510040161,0.8589032258064516,0.8567671953324021,0.8763250883392226,0.8803225806451613,0.826244975669562,port_protocol_service_ablation,39,36,3,ct_src_dport_ltm|ct_dst_sport_ltm|is_sm_ips_ports,ksf-v4-idsplit::
classical_ext,svc,10,rbf_gscale_x0.3__svc__d10,rbf_gscale_x0.3,ood_test,fixed_c1,1.0,,0.008000612258911133,0.738,0.7309010264047013,0.7167334829672491,0.7943485086342229,0.7358889369265506,0.6300161381238105,port_protocol_service_ablation,39,36,3,ct_src_dport_ltm|ct_dst_sport_ltm|is_sm_ips_ports,ksf-v4-idsplit::
classical_ext,svc,10,rbf_gscale_x0.3__svc__d10,rbf_gscale_x0.3,id_val,train_cv,100.0,0.9044726472647266,0.008514881134033203,0.9243027888446215,0.9240952380952381,0.9240665552105725,0.9283018867924528,0.9728253968253968,0.95931738026584,port_protocol_service_ablation,39,36,3,ct_src_dport_ltm|ct_dst_sport_ltm|is_sm_ips_ports,ksf-v4-idsplit::
classical_ext,svc,10,rbf_gscale_x0.3__svc__d10,rbf_gscale_x0.3,id_test,train_cv,100.0,0.9044726472647266,0.008514881134033203,0.8714859437751004,0.8711935483870967,0.8707332900713822,0.8805970149253731,0.9441935483870969,0.9400439508017078,port_protocol_service_ablation,39,36,3,ct_src_dport_ltm|ct_dst_sport_ltm|is_sm_ips_ports,ksf-v4-idsplit::
classical_ext,svc,10,rbf_gscale_x0.3__svc__d10,rbf_gscale_x0.3,ood_test,train_cv,100.0,0.9044726472647266,0.008514881134033203,0.808,0.8032537509407376,0.8006512060602033,0.8389261744966443,0.900594065747546,0.86103659116457,port_protocol_service_ablation,39,36,3,ct_src_dport_ltm|ct_dst_sport_ltm|is_sm_ips_ports,ksf-v4-idsplit::
classical_ext,svc,10,rbf_gscale_x3__svc__d10,rbf_gscale_x3,id_val,fixed_c1,1.0,,0.007001638412475586,0.9282868525896414,0.9279999999999999,0.9278735632183908,0.9333333333333333,0.9623492063492063,0.9306597355915232,port_protocol_service_ablation,39,36,3,ct_src_dport_ltm|ct_dst_sport_ltm|is_sm_ips_ports,ksf-v4-idsplit::
classical_ext,svc,10,rbf_gscale_x3__svc__d10,rbf_gscale_x3,id_test,fixed_c1,1.0,,0.007001638412475586,0.8634538152610441,0.863,0.8615761935905821,0.8776978417266187,0.9458709677419355,0.93503011264476,port_protocol_service_ablation,39,36,3,ct_src_dport_ltm|ct_dst_sport_ltm|is_sm_ips_ports,ksf-v4-idsplit::
classical_ext,svc,10,rbf_gscale_x3__svc__d10,rbf_gscale_x3,ood_test,fixed_c1,1.0,,0.007001638412475586,0.776,0.7699956766104626,0.762788254629865,0.8187702265372169,0.8759507453843813,0.8002985627466086,port_protocol_service_ablation,39,36,3,ct_src_dport_ltm|ct_dst_sport_ltm|is_sm_ips_ports,ksf-v4-idsplit::
classical_ext,svc,10,rbf_gscale_x3__svc__d10,rbf_gscale_x3,id_val,train_cv,10.0,0.8903314331433142,0.007500171661376953,0.9322709163346613,0.9321587301587302,0.9322020433131544,0.9343629343629344,0.9668571428571429,0.9416603617016537,port_protocol_service_ablation,39,36,3,ct_src_dport_ltm|ct_dst_sport_ltm|is_sm_ips_ports,ksf-v4-idsplit::
classical_ext,svc,10,rbf_gscale_x3__svc__d10,rbf_gscale_x3,id_test,train_cv,10.0,0.8903314331433142,0.007500171661376953,0.8875502008032129,0.8873225806451612,0.8871406371406372,0.8939393939393939,0.9499354838709677,0.9514352973553355,port_protocol_service_ablation,39,36,3,ct_src_dport_ltm|ct_dst_sport_ltm|is_sm_ips_ports,ksf-v4-idsplit::
classical_ext,svc,10,rbf_gscale_x3__svc__d10,rbf_gscale_x3,ood_test,train_cv,10.0,0.8903314331433142,0.007500171661376953,0.802,0.7978655265728332,0.7961075069508805,0.8307692307692308,0.8764791596611744,0.8257047658851642,port_protocol_service_ablation,39,36,3,ct_src_dport_ltm|ct_dst_sport_ltm|is_sm_ips_ports,ksf-v4-idsplit::
classical_ext,svc,10,rbf_gscale_x10__svc__d10,rbf_gscale_x10,id_val,fixed_c1,1.0,,0.006840705871582031,0.9282868525896414,0.9281587301587302,0.9281945327399873,0.9307692307692308,0.9596190476190476,0.9014911490667208,port_protocol_service_ablation,39,36,3,ct_src_dport_ltm|ct_dst_sport_ltm|is_sm_ips_ports,ksf-v4-idsplit::
classical_ext,svc,10,rbf_gscale_x10__svc__d10,rbf_gscale_x10,id_test,fixed_c1,1.0,,0.006840705871582031,0.8835341365461847,0.8832903225806452,0.8830512592112723,0.8905660377358491,0.9449677419354838,0.9353421496811993,port_protocol_service_ablation,39,36,3,ct_src_dport_ltm|ct_dst_sport_ltm|is_sm_ips_ports,ksf-v4-idsplit::
classical_ext,svc,10,rbf_gscale_x10__svc__d10,rbf_gscale_x10,ood_test,fixed_c1,1.0,,0.006840705871582031,0.798,0.7931898608509071,0.790100211562361,0.830820770519263,0.8705465084626348,0.7781704315498905,port_protocol_service_ablation,39,36,3,ct_src_dport_ltm|ct_dst_sport_ltm|is_sm_ips_ports,ksf-v4-idsplit::
classical_ext,svc,10,rbf_gscale_x10__svc__d10,rbf_gscale_x10,id_val,train_cv,100.0,0.8840003000300032,0.01602029800415039,0.9163346613545816,0.9163809523809524,0.9163293490166198,0.9156626506024096,0.9353650793650794,0.9182792917987681,port_protocol_service_ablation,39,36,3,ct_src_dport_ltm|ct_dst_sport_ltm|is_sm_ips_ports,ksf-v4-idsplit::
classical_ext,svc,10,rbf_gscale_x10__svc__d10,rbf_gscale_x10,id_test,train_cv,100.0,0.8840003000300032,0.01602029800415039,0.8714859437751004,0.8713870967741936,0.8713842975206612,0.875,0.9101935483870968,0.8871485020097523,port_protocol_service_ablation,39,36,3,ct_src_dport_ltm|ct_dst_sport_ltm|is_sm_ips_ports,ksf-v4-idsplit::
classical_ext,svc,10,rbf_gscale_x10__svc__d10,rbf_gscale_x10,ood_test,train_cv,100.0,0.8840003000300032,0.01602029800415039,0.834,0.8314598645337945,0.8318142580982448,0.8509874326750448,0.873508830923444,0.8061960466014647,port_protocol_service_ablation,39,36,3,ct_src_dport_ltm|ct_dst_sport_ltm|is_sm_ips_ports,ksf-v4-idsplit::
classical_ext,svc,10,laplacian_med_x0.1__svc__d10,laplacian_med_x0.1,id_val,fixed_c1,1.0,,0.010567665100097656,0.9243027888446215,0.9243174603174603,0.9243027888446215,0.9243027888446215,0.9738412698412697,0.9743849349301924,port_protocol_service_ablation,39,36,3,ct_src_dport_ltm|ct_dst_sport_ltm|is_sm_ips_ports,ksf-v4-idsplit::
classical_ext,svc,10,laplacian_med_x0.1__svc__d10,laplacian_med_x0.1,id_test,fixed_c1,1.0,,0.010567665100097656,0.8755020080321285,0.8753548387096775,0.8753008836690845,0.8803088803088803,0.9370322580645161,0.9251459993293774,port_protocol_service_ablation,39,36,3,ct_src_dport_ltm|ct_dst_sport_ltm|is_sm_ips_ports,ksf-v4-idsplit::
classical_ext,svc,10,laplacian_med_x0.1__svc__d10,laplacian_med_x0.1,ood_test,fixed_c1,1.0,,0.010567665100097656,0.824,0.8206113593056956,0.820273184759166,0.8461538461538461,0.9201133688812029,0.8932385292828883,port_protocol_service_ablation,39,36,3,ct_src_dport_ltm|ct_dst_sport_ltm|is_sm_ips_ports,ksf-v4-idsplit::
classical_ext,svc,10,laplacian_med_x0.1__svc__d10,laplacian_med_x0.1,id_val,train_cv,1.0,0.8800106010601059,0.012006044387817383,0.9243027888446215,0.9243174603174603,0.9243027888446215,0.9243027888446215,0.9738412698412697,0.9743849349301924,port_protocol_service_ablation,39,36,3,ct_src_dport_ltm|ct_dst_sport_ltm|is_sm_ips_ports,ksf-v4-idsplit::
classical_ext,svc,10,laplacian_med_x0.1__svc__d10,laplacian_med_x0.1,id_test,train_cv,1.0,0.8800106010601059,0.012006044387817383,0.8755020080321285,0.8753548387096775,0.8753008836690845,0.8803088803088803,0.9370322580645161,0.9251459993293774,port_protocol_service_ablation,39,36,3,ct_src_dport_ltm|ct_dst_sport_ltm|is_sm_ips_ports,ksf-v4-idsplit::
classical_ext,svc,10,laplacian_med_x0.1__svc__d10,laplacian_med_x0.1,ood_test,train_cv,1.0,0.8800106010601059,0.012006044387817383,0.824,0.8206113593056956,0.820273184759166,0.8461538461538461,0.9201133688812029,0.8932385292828883,port_protocol_service_ablation,39,36,3,ct_src_dport_ltm|ct_dst_sport_ltm|is_sm_ips_ports,ksf-v4-idsplit::
classical_ext,svc,10,laplacian_med_x0.3__svc__d10,laplacian_med_x0.3,id_val,fixed_c1,1.0,,0.0058786869049072266,0.9362549800796812,0.9361587301587302,0.9362053628161139,0.937984496124031,0.9704126984126984,0.9519015668647063,port_protocol_service_ablation,39,36,3,ct_src_dport_ltm|ct_dst_sport_ltm|is_sm_ips_ports,ksf-v4-idsplit::
classical_ext,svc,10,laplacian_med_x0.3__svc__d10,laplacian_med_x0.3,id_test,fixed_c1,1.0,,0.0058786869049072266,0.8795180722891566,0.8792258064516129,0.8788124594419209,0.8880597014925373,0.948,0.9388152079710482,port_protocol_service_ablation,39,36,3,ct_src_dport_ltm|ct_dst_sport_ltm|is_sm_ips_ports,ksf-v4-idsplit::
classical_ext,svc,10,laplacian_med_x0.3__svc__d10,laplacian_med_x0.3,ood_test,fixed_c1,1.0,,0.0058786869049072266,0.802,0.7970809114345647,0.793920873942023,0.8347245409015025,0.9202414693119406,0.8909081625771424,port_protocol_service_ablation,39,36,3,ct_src_dport_ltm|ct_dst_sport_ltm|is_sm_ips_ports,ksf-v4-idsplit::
classical_ext,svc,10,laplacian_med_x0.3__svc__d10,laplacian_med_x0.3,id_val,train_cv,10.0,0.9011520152015201,0.008079051971435547,0.9163346613545816,0.9163492063492064,0.9163346613545816,0.9163346613545816,0.9673015873015873,0.9588302917259521,port_protocol_service_ablation,39,36,3,ct_src_dport_ltm|ct_dst_sport_ltm|is_sm_ips_ports,ksf-v4-idsplit::
classical_ext,svc,10,laplacian_med_x0.3__svc__d10,laplacian_med_x0.3,id_test,train_cv,10.0,0.9011520152015201,0.008079051971435547,0.8875502008032129,0.8873870967741936,0.8873303167420814,0.8923076923076924,0.9479354838709677,0.9394570688299492,port_protocol_service_ablation,39,36,3,ct_src_dport_ltm|ct_dst_sport_ltm|is_sm_ips_ports,ksf-v4-idsplit::
classical_ext,svc,10,laplacian_med_x0.3__svc__d10,laplacian_med_x0.3,ood_test,train_cv,10.0,0.9011520152015201,0.008079051971435547,0.828,0.8248386735200397,0.8247587376108503,0.8485915492957746,0.9281676834638357,0.9037451859491936,port_protocol_service_ablation,39,36,3,ct_src_dport_ltm|ct_dst_sport_ltm|is_sm_ips_ports,ksf-v4-idsplit::
classical_ext,svc,10,laplacian_med_x3__svc__d10,laplacian_med_x3,id_val,fixed_c1,1.0,,0.006003618240356445,0.896414342629482,0.896,0.8952016957862281,0.9064748201438849,0.9443809523809523,0.9026302652790775,port_protocol_service_ablation,39,36,3,ct_src_dport_ltm|ct_dst_sport_ltm|is_sm_ips_ports,ksf-v4-idsplit::
classical_ext,svc,10,laplacian_med_x3__svc__d10,laplacian_med_x3,id_test,fixed_c1,1.0,,0.006003618240356445,0.8714859437751004,0.871,0.8694626474442988,0.8857142857142857,0.9067096774193548,0.8505733674087105,port_protocol_service_ablation,39,36,3,ct_src_dport_ltm|ct_dst_sport_ltm|is_sm_ips_ports,ksf-v4-idsplit::
classical_ext,svc,10,laplacian_med_x3__svc__d10,laplacian_med_x3,ood_test,fixed_c1,1.0,,0.006003618240356445,0.756,0.7494195449232198,0.7388877474145606,0.8057324840764332,0.8461513826840243,0.7726627600396083,port_protocol_service_ablation,39,36,3,ct_src_dport_ltm|ct_dst_sport_ltm|is_sm_ips_ports,ksf-v4-idsplit::
classical_ext,svc,10,laplacian_med_x3__svc__d10,laplacian_med_x3,id_val,train_cv,10.0,0.8994320432043204,0.0060002803802490234,0.9123505976095617,0.9122539682539683,0.9122823738721566,0.9147286821705426,0.9600634920634921,0.9370889740482233,port_protocol_service_ablation,39,36,3,ct_src_dport_ltm|ct_dst_sport_ltm|is_sm_ips_ports,ksf-v4-idsplit::
classical_ext,svc,10,laplacian_med_x3__svc__d10,laplacian_med_x3,id_test,train_cv,10.0,0.8994320432043204,0.0060002803802490234,0.8714859437751004,0.8712903225806452,0.8711346875404322,0.8778625954198473,0.938,0.9031521731102001,port_protocol_service_ablation,39,36,3,ct_src_dport_ltm|ct_dst_sport_ltm|is_sm_ips_ports,ksf-v4-idsplit::
classical_ext,svc,10,laplacian_med_x3__svc__d10,laplacian_med_x3,ood_test,train_cv,10.0,0.8994320432043204,0.0060002803802490234,0.806,0.8011961377720133,0.7984130744707824,0.8375209380234506,0.9253494739876063,0.907687746289555,port_protocol_service_ablation,39,36,3,ct_src_dport_ltm|ct_dst_sport_ltm|is_sm_ips_ports,ksf-v4-idsplit::
classical_ext,svc,10,laplacian_med_x10__svc__d10,laplacian_med_x10,id_val,fixed_c1,1.0,,0.006001710891723633,0.8924302788844621,0.892,0.8910747866338782,0.9032258064516129,0.9201904761904762,0.8433262218329405,port_protocol_service_ablation,39,36,3,ct_src_dport_ltm|ct_dst_sport_ltm|is_sm_ips_ports,ksf-v4-idsplit::
classical_ext,svc,10,laplacian_med_x10__svc__d10,laplacian_med_x10,id_test,fixed_c1,1.0,,0.006001710891723633,0.8594377510040161,0.8589032258064516,0.8567671953324021,0.8763250883392226,0.8861290322580646,0.8045640111943517,port_protocol_service_ablation,39,36,3,ct_src_dport_ltm|ct_dst_sport_ltm|is_sm_ips_ports,ksf-v4-idsplit::
classical_ext,svc,10,laplacian_med_x10__svc__d10,laplacian_med_x10,ood_test,fixed_c1,1.0,,0.006001710891723633,0.736,0.728843413235977,0.7142312821489808,0.7931034482758621,0.7674336679957087,0.6658286991164954,port_protocol_service_ablation,39,36,3,ct_src_dport_ltm|ct_dst_sport_ltm|is_sm_ips_ports,ksf-v4-idsplit::
classical_ext,svc,10,laplacian_med_x10__svc__d10,laplacian_med_x10,id_val,train_cv,100.0,0.9002118211821181,0.008396148681640625,0.900398406374502,0.9003492063492063,0.9003731047074701,0.9019607843137255,0.9566349206349206,0.9408119221691782,port_protocol_service_ablation,39,36,3,ct_src_dport_ltm|ct_dst_sport_ltm|is_sm_ips_ports,ksf-v4-idsplit::
classical_ext,svc,10,laplacian_med_x10__svc__d10,laplacian_med_x10,id_test,train_cv,100.0,0.9002118211821181,0.008396148681640625,0.8795180722891566,0.8793870967741936,0.8793604651162791,0.8837209302325582,0.9330967741935484,0.902821928808799,port_protocol_service_ablation,39,36,3,ct_src_dport_ltm|ct_dst_sport_ltm|is_sm_ips_ports,ksf-v4-idsplit::
classical_ext,svc,10,laplacian_med_x10__svc__d10,laplacian_med_x10,ood_test,train_cv,100.0,0.9002118211821181,0.008396148681640625,0.828,0.8245024098893532,0.8241481408777871,0.8501742160278746,0.921250260204,0.8922007896094094,port_protocol_service_ablation,39,36,3,ct_src_dport_ltm|ct_dst_sport_ltm|is_sm_ips_ports,ksf-v4-idsplit::
classical_ext,svc,10,matern15_med_x0.1__svc__d10,matern15_med_x0.1,id_val,fixed_c1,1.0,,0.00799870491027832,0.9203187250996016,0.9203492063492064,0.9203174603174603,0.92,0.9758095238095238,0.9751282132458527,port_protocol_service_ablation,39,36,3,ct_src_dport_ltm|ct_dst_sport_ltm|is_sm_ips_ports,ksf-v4-idsplit::
classical_ext,svc,10,matern15_med_x0.1__svc__d10,matern15_med_x0.1,id_test,fixed_c1,1.0,,0.00799870491027832,0.8634538152610441,0.8633870967741936,0.8633987349941913,0.8661417322834646,0.9315483870967741,0.9039949933320401,port_protocol_service_ablation,39,36,3,ct_src_dport_ltm|ct_dst_sport_ltm|is_sm_ips_ports,ksf-v4-idsplit::
classical_ext,svc,10,matern15_med_x0.1__svc__d10,matern15_med_x0.1,ood_test,fixed_c1,1.0,,0.00799870491027832,0.808,0.8056075963555428,0.8057340823363714,0.8267148014440433,0.904661254423468,0.8793299741284646,port_protocol_service_ablation,39,36,3,ct_src_dport_ltm|ct_dst_sport_ltm|is_sm_ips_ports,ksf-v4-idsplit::
classical_ext,svc,10,matern15_med_x0.1__svc__d10,matern15_med_x0.1,id_val,train_cv,10.0,0.8727994799479948,0.012771129608154297,0.9243027888446215,0.9243809523809523,0.9242835595776773,0.9230769230769231,0.962031746031746,0.9703466534994691,port_protocol_service_ablation,39,36,3,ct_src_dport_ltm|ct_dst_sport_ltm|is_sm_ips_ports,ksf-v4-idsplit::
classical_ext,svc,10,matern15_med_x0.1__svc__d10,matern15_med_x0.1,id_test,train_cv,10.0,0.8727994799479948,0.012771129608154297,0.8433734939759037,0.8433548387096774,0.843363388551059,0.8446215139442231,0.9317419354838709,0.9047112281924043,port_protocol_service_ablation,39,36,3,ct_src_dport_ltm|ct_dst_sport_ltm|is_sm_ips_ports,ksf-v4-idsplit::
classical_ext,svc,10,matern15_med_x0.1__svc__d10,matern15_med_x0.1,ood_test,train_cv,10.0,0.8727994799479948,0.012771129608154297,0.836,0.8337416534563098,0.8342067805383022,0.8514492753623188,0.920273494419625,0.9066362364126159,port_protocol_service_ablation,39,36,3,ct_src_dport_ltm|ct_dst_sport_ltm|is_sm_ips_ports,ksf-v4-idsplit::
classical_ext,svc,10,matern15_med_x0.3__svc__d10,matern15_med_x0.3,id_val,fixed_c1,1.0,,0.0071909427642822266,0.9243027888446215,0.924063492063492,0.9239939437405371,0.9288389513108615,0.9618412698412698,0.9258084663113804,port_protocol_service_ablation,39,36,3,ct_src_dport_ltm|ct_dst_sport_ltm|is_sm_ips_ports,ksf-v4-idsplit::
classical_ext,svc,10,matern15_med_x0.3__svc__d10,matern15_med_x0.3,id_test,fixed_c1,1.0,,0.0071909427642822266,0.8755020080321285,0.8750967741935484,0.8741296371789646,0.8872727272727273,0.9465806451612904,0.9346766624517044,port_protocol_service_ablation,39,36,3,ct_src_dport_ltm|ct_dst_sport_ltm|is_sm_ips_ports,ksf-v4-idsplit::
classical_ext,svc,10,matern15_med_x0.3__svc__d10,matern15_med_x0.3,ood_test,fixed_c1,1.0,,0.0071909427642822266,0.782,0.7762806039935308,0.7702661119330947,0.8221859706362153,0.8717554562777218,0.7881885378315702,port_protocol_service_ablation,39,36,3,ct_src_dport_ltm|ct_dst_sport_ltm|is_sm_ips_ports,ksf-v4-idsplit::
classical_ext,svc,10,matern15_med_x0.3__svc__d10,matern15_med_x0.3,id_val,train_cv,100.0,0.882060306030603,0.011007308959960938,0.9243027888446215,0.9243492063492064,0.9242979824436084,0.9236947791164659,0.9540952380952381,0.9493828594976648,port_protocol_service_ablation,39,36,3,ct_src_dport_ltm|ct_dst_sport_ltm|is_sm_ips_ports,ksf-v4-idsplit::
classical_ext,svc,10,matern15_med_x0.3__svc__d10,matern15_med_x0.3,id_test,train_cv,100.0,0.882060306030603,0.011007308959960938,0.8795180722891566,0.8793870967741936,0.8793604651162791,0.8837209302325582,0.9341935483870968,0.9102733234265828,port_protocol_service_ablation,39,36,3,ct_src_dport_ltm|ct_dst_sport_ltm|is_sm_ips_ports,ksf-v4-idsplit::
classical_ext,svc,10,matern15_med_x0.3__svc__d10,matern15_med_x0.3,ood_test,train_cv,100.0,0.882060306030603,0.011007308959960938,0.842,0.8394661414549007,0.8399195950573655,0.8581687612208259,0.9066628236537446,0.8679128924793669,port_protocol_service_ablation,39,36,3,ct_src_dport_ltm|ct_dst_sport_ltm|is_sm_ips_ports,ksf-v4-idsplit::
classical_ext,svc,10,matern15_med_x3__svc__d10,matern15_med_x3,id_val,fixed_c1,1.0,,0.0062313079833984375,0.896414342629482,0.896,0.8952016957862281,0.9064748201438849,0.897968253968254,0.8209392421697247,port_protocol_service_ablation,39,36,3,ct_src_dport_ltm|ct_dst_sport_ltm|is_sm_ips_ports,ksf-v4-idsplit::
classical_ext,svc,10,matern15_med_x3__svc__d10,matern15_med_x3,id_test,fixed_c1,1.0,,0.0062313079833984375,0.8594377510040161,0.8589032258064516,0.8567671953324021,0.8763250883392226,0.8843225806451613,0.8383721803161676,port_protocol_service_ablation,39,36,3,ct_src_dport_ltm|ct_dst_sport_ltm|is_sm_ips_ports,ksf-v4-idsplit::
classical_ext,svc,10,matern15_med_x3__svc__d10,matern15_med_x3,ood_test,fixed_c1,1.0,,0.0062313079833984375,0.738,0.7307889385278058,0.7160556444236363,0.7949921752738655,0.7606603577204529,0.6635315013263097,port_protocol_service_ablation,39,36,3,ct_src_dport_ltm|ct_dst_sport_ltm|is_sm_ips_ports,ksf-v4-idsplit::
classical_ext,svc,10,matern15_med_x3__svc__d10,matern15_med_x3,id_val,train_cv,100.0,0.8955518551855185,0.008537769317626953,0.9322709163346613,0.9319999999999999,0.9319208002935686,0.9368029739776952,0.9667936507936508,0.9430711981666494,port_protocol_service_ablation,39,36,3,ct_src_dport_ltm|ct_dst_sport_ltm|is_sm_ips_ports,ksf-v4-idsplit::
classical_ext,svc,10,matern15_med_x3__svc__d10,matern15_med_x3,id_test,train_cv,100.0,0.8955518551855185,0.008537769317626953,0.8755020080321285,0.8751290322580645,0.8743345543345543,0.8864468864468864,0.9462580645161289,0.9418515351552269,port_protocol_service_ablation,39,36,3,ct_src_dport_ltm|ct_dst_sport_ltm|is_sm_ips_ports,ksf-v4-idsplit::
classical_ext,svc,10,matern15_med_x3__svc__d10,matern15_med_x3,ood_test,train_cv,100.0,0.8955518551855185,0.008537769317626953,0.786,0.7803958303309795,0.77490649152849,0.8248772504091653,0.8972154168868393,0.8526463991703879,port_protocol_service_ablation,39,36,3,ct_src_dport_ltm|ct_dst_sport_ltm|is_sm_ips_ports,ksf-v4-idsplit::
classical_ext,svc,10,matern15_med_x10__svc__d10,matern15_med_x10,id_val,fixed_c1,1.0,,0.0074841976165771484,0.8326693227091634,0.8325079365079365,0.8323473282442748,0.8396946564885496,0.9387301587301587,0.9381862917744479,port_protocol_service_ablation,39,36,3,ct_src_dport_ltm|ct_dst_sport_ltm|is_sm_ips_ports,ksf-v4-idsplit::
classical_ext,svc,10,matern15_med_x10__svc__d10,matern15_med_x10,id_test,fixed_c1,1.0,,0.0074841976165771484,0.8072289156626506,0.8069677419354839,0.8063261602281566,0.8195488721804511,0.9080645161290322,0.8905078724454953,port_protocol_service_ablation,39,36,3,ct_src_dport_ltm|ct_dst_sport_ltm|is_sm_ips_ports,ksf-v4-idsplit::
classical_ext,svc,10,matern15_med_x10__svc__d10,matern15_med_x10,ood_test,fixed_c1,1.0,,0.0074841976165771484,0.698,0.6921026084450209,0.6811318762538274,0.7544715447154472,0.8601143296344333,0.8032529575873854,port_protocol_service_ablation,39,36,3,ct_src_dport_ltm|ct_dst_sport_ltm|is_sm_ips_ports,ksf-v4-idsplit::
classical_ext,svc,10,matern15_med_x10__svc__d10,matern15_med_x10,id_val,train_cv,100.0,0.882900790079008,0.007512092590332031,0.896414342629482,0.896,0.8952016957862281,0.9064748201438849,0.8965714285714286,0.7979396573743923,port_protocol_service_ablation,39,36,3,ct_src_dport_ltm|ct_dst_sport_ltm|is_sm_ips_ports,ksf-v4-idsplit::
classical_ext,svc,10,matern15_med_x10__svc__d10,matern15_med_x10,id_test,train_cv,100.0,0.882900790079008,0.007512092590332031,0.8594377510040161,0.8589032258064516,0.8567671953324021,0.8763250883392226,0.8928387096774192,0.8407523604091578,port_protocol_service_ablation,39,36,3,ct_src_dport_ltm|ct_dst_sport_ltm|is_sm_ips_ports,ksf-v4-idsplit::
classical_ext,svc,10,matern15_med_x10__svc__d10,matern15_med_x10,ood_test,train_cv,100.0,0.882900790079008,0.007512092590332031,0.738,0.7307889385278058,0.7160556444236363,0.7949921752738655,0.7310211205585179,0.6248973596104638,port_protocol_service_ablation,39,36,3,ct_src_dport_ltm|ct_dst_sport_ltm|is_sm_ips_ports,ksf-v4-idsplit::
classical_ext,svc,10,matern25_med_x0.1__svc__d10,matern25_med_x0.1,id_val,fixed_c1,1.0,,0.009027957916259766,0.9163346613545816,0.9164126984126985,0.9163134079542747,0.9149797570850202,0.974984126984127,0.9741301917893999,port_protocol_service_ablation,39,36,3,ct_src_dport_ltm|ct_dst_sport_ltm|is_sm_ips_ports,ksf-v4-idsplit::
classical_ext,svc,10,matern25_med_x0.1__svc__d10,matern25_med_x0.1,id_test,fixed_c1,1.0,,0.009027957916259766,0.8594377510040161,0.8593870967741936,0.8594014680971203,0.8616600790513834,0.9315483870967741,0.9198852104551533,port_protocol_service_ablation,39,36,3,ct_src_dport_ltm|ct_dst_sport_ltm|is_sm_ips_ports,ksf-v4-idsplit::
classical_ext,svc,10,matern25_med_x0.1__svc__d10,matern25_med_x0.1,ood_test,fixed_c1,1.0,,0.009027957916259766,0.814,0.8117804358617156,0.8120445110934159,0.8312159709618875,0.9012986181166034,0.8724671139499075,port_protocol_service_ablation,39,36,3,ct_src_dport_ltm|ct_dst_sport_ltm|is_sm_ips_ports,ksf-v4-idsplit::
classical_ext,svc,10,matern25_med_x0.1__svc__d10,matern25_med_x0.1,id_val,train_cv,10.0,0.8717693769376937,0.012006282806396484,0.9043824701195219,0.9045079365079365,0.9043080442241708,0.9016393442622951,0.9527619047619048,0.9656323980787722,port_protocol_service_ablation,39,36,3,ct_src_dport_ltm|ct_dst_sport_ltm|is_sm_ips_ports,ksf-v4-idsplit::
classical_ext,svc,10,matern25_med_x0.1__svc__d10,matern25_med_x0.1,id_test,train_cv,10.0,0.8717693769376937,0.012006282806396484,0.8393574297188755,0.8393870967741935,0.8393548387096774,0.8387096774193549,0.9254838709677419,0.898198102531532,port_protocol_service_ablation,39,36,3,ct_src_dport_ltm|ct_dst_sport_ltm|is_sm_ips_ports,ksf-v4-idsplit::
classical_ext,svc,10,matern25_med_x0.1__svc__d10,matern25_med_x0.1,ood_test,train_cv,10.0,0.8717693769376937,0.012006282806396484,0.83,0.8280171654577189,0.8284844889443119,0.8446069469835467,0.9159661174360698,0.8988726009727844,port_protocol_service_ablation,39,36,3,ct_src_dport_ltm|ct_dst_sport_ltm|is_sm_ips_ports,ksf-v4-idsplit::
classical_ext,svc,10,matern25_med_x0.3__svc__d10,matern25_med_x0.3,id_val,fixed_c1,1.0,,0.006997823715209961,0.9282868525896414,0.928031746031746,0.9279563719862227,0.9328358208955224,0.9605714285714285,0.918956746029659,port_protocol_service_ablation,39,36,3,ct_src_dport_ltm|ct_dst_sport_ltm|is_sm_ips_ports,ksf-v4-idsplit::
classical_ext,svc,10,matern25_med_x0.3__svc__d10,matern25_med_x0.3,id_test,fixed_c1,1.0,,0.006997823715209961,0.8674698795180723,0.8670322580645161,0.865772579512227,0.8808664259927798,0.9449032258064516,0.9314825769026087,port_protocol_service_ablation,39,36,3,ct_src_dport_ltm|ct_dst_sport_ltm|is_sm_ips_ports,ksf-v4-idsplit::
classical_ext,svc,10,matern25_med_x0.3__svc__d10,matern25_med_x0.3,ood_test,fixed_c1,1.0,,0.006997823715209961,0.782,0.7761685161166354,0.7698236722626967,0.8227642276422764,0.8685529455092794,0.7801871178077393,port_protocol_service_ablation,39,36,3,ct_src_dport_ltm|ct_dst_sport_ltm|is_sm_ips_ports,ksf-v4-idsplit::
classical_ext,svc,10,matern25_med_x0.3__svc__d10,matern25_med_x0.3,id_val,train_cv,10.0,0.8902112211221122,0.008362770080566406,0.9322709163346613,0.9322539682539683,0.932266615870597,0.932806324110672,0.9586031746031746,0.9299125590267842,port_protocol_service_ablation,39,36,3,ct_src_dport_ltm|ct_dst_sport_ltm|is_sm_ips_ports,ksf-v4-idsplit::
classical_ext,svc,10,matern25_med_x0.3__svc__d10,matern25_med_x0.3,id_test,train_cv,10.0,0.8902112211221122,0.008362770080566406,0.8995983935742972,0.899483870967742,0.8994946477872677,0.9027237354085603,0.9512258064516128,0.9552142385203153,port_protocol_service_ablation,39,36,3,ct_src_dport_ltm|ct_dst_sport_ltm|is_sm_ips_ports,ksf-v4-idsplit::
classical_ext,svc,10,matern25_med_x0.3__svc__d10,matern25_med_x0.3,ood_test,train_cv,10.0,0.8902112211221122,0.008362770080566406,0.826,0.823117323982002,0.8231930122626823,0.8454706927175843,0.8794895197835102,0.8107343537778091,port_protocol_service_ablation,39,36,3,ct_src_dport_ltm|ct_dst_sport_ltm|is_sm_ips_ports,ksf-v4-idsplit::
classical_ext,svc,10,matern25_med_x3__svc__d10,matern25_med_x3,id_val,fixed_c1,1.0,,0.006204843521118164,0.8366533864541833,0.8365714285714285,0.8365599936472643,0.8404669260700389,0.8926984126984128,0.8149634070530576,port_protocol_service_ablation,39,36,3,ct_src_dport_ltm|ct_dst_sport_ltm|is_sm_ips_ports,ksf-v4-idsplit::
classical_ext,svc,10,matern25_med_x3__svc__d10,matern25_med_x3,id_test,fixed_c1,1.0,,0.006204843521118164,0.8112449799196787,0.8110967741935484,0.8109400494337733,0.8185328185328186,0.8597419354838709,0.8083727910119936,port_protocol_service_ablation,39,36,3,ct_src_dport_ltm|ct_dst_sport_ltm|is_sm_ips_ports,ksf-v4-idsplit::
classical_ext,svc,10,matern25_med_x3__svc__d10,matern25_med_x3,ood_test,fixed_c1,1.0,,0.006204843521118164,0.718,0.7130150037629501,0.7064933659174268,0.7646076794657763,0.7303005556356182,0.6535741587694871,port_protocol_service_ablation,39,36,3,ct_src_dport_ltm|ct_dst_sport_ltm|is_sm_ips_ports,ksf-v4-idsplit::
classical_ext,svc,10,matern25_med_x3__svc__d10,matern25_med_x3,id_val,train_cv,100.0,0.8838409840984098,0.01100468635559082,0.9083665338645418,0.9079999999999999,0.9075210252302763,0.9163636363636364,0.9541587301587302,0.9260452824861493,port_protocol_service_ablation,39,36,3,ct_src_dport_ltm|ct_dst_sport_ltm|is_sm_ips_ports,ksf-v4-idsplit::
classical_ext,svc,10,matern25_med_x3__svc__d10,matern25_med_x3,id_test,train_cv,100.0,0.8838409840984098,0.01100468635559082,0.8594377510040161,0.859,0.8576375843311499,0.8736462093862816,0.9264516129032259,0.898353805587466,port_protocol_service_ablation,39,36,3,ct_src_dport_ltm|ct_dst_sport_ltm|is_sm_ips_ports,ksf-v4-idsplit::
classical_ext,svc,10,matern25_med_x3__svc__d10,matern25_med_x3,ood_test,train_cv,100.0,0.8838409840984098,0.01100468635559082,0.758,0.7514771580919442,0.741310380508913,0.8070175438596491,0.8624521624953965,0.8026901624462313,port_protocol_service_ablation,39,36,3,ct_src_dport_ltm|ct_dst_sport_ltm|is_sm_ips_ports,ksf-v4-idsplit::
classical_ext,svc,10,matern25_med_x10__svc__d10,matern25_med_x10,id_val,fixed_c1,1.0,,0.009002447128295898,0.7091633466135459,0.7085714285714286,0.7023409197979109,0.7474048442906575,0.9076825396825396,0.9226807699312608,port_protocol_service_ablation,39,36,3,ct_src_dport_ltm|ct_dst_sport_ltm|is_sm_ips_ports,ksf-v4-idsplit::
classical_ext,svc,10,matern25_med_x10__svc__d10,matern25_med_x10,id_test,fixed_c1,1.0,,0.009002447128295898,0.7309236947791165,0.7305806451612903,0.7288066713266252,0.7527675276752768,0.8790967741935483,0.8800401723919102,port_protocol_service_ablation,39,36,3,ct_src_dport_ltm|ct_dst_sport_ltm|is_sm_ips_ports,ksf-v4-idsplit::
classical_ext,svc,10,matern25_med_x10__svc__d10,matern25_med_x10,ood_test,fixed_c1,1.0,,0.009002447128295898,0.69,0.6842084194008102,0.6733141958681623,0.7471451876019576,0.85292469295928,0.8075086971882219,port_protocol_service_ablation,39,36,3,ct_src_dport_ltm|ct_dst_sport_ltm|is_sm_ips_ports,ksf-v4-idsplit::
classical_ext,svc,10,matern25_med_x10__svc__d10,matern25_med_x10,id_val,train_cv,100.0,0.8516181618161817,0.007509708404541016,0.8446215139442231,0.8444444444444444,0.8442655551489889,0.8517110266159695,0.8894603174603175,0.805265831938529,port_protocol_service_ablation,39,36,3,ct_src_dport_ltm|ct_dst_sport_ltm|is_sm_ips_ports,ksf-v4-idsplit::
classical_ext,svc,10,matern25_med_x10__svc__d10,matern25_med_x10,id_test,train_cv,100.0,0.8516181618161817,0.007509708404541016,0.8232931726907631,0.8229677419354839,0.822027290448343,0.837037037037037,0.8769677419354838,0.8232819754452236,port_protocol_service_ablation,39,36,3,ct_src_dport_ltm|ct_dst_sport_ltm|is_sm_ips_ports,ksf-v4-idsplit::
classical_ext,svc,10,matern25_med_x10__svc__d10,matern25_med_x10,ood_test,train_cv,100.0,0.8516181618161817,0.007509708404541016,0.716,0.7095002481945846,0.696741897456049,0.7731629392971247,0.7578421482442235,0.6640877580746187,port_protocol_service_ablation,39,36,3,ct_src_dport_ltm|ct_dst_sport_ltm|is_sm_ips_ports,ksf-v4-idsplit::
quantum,svc,10,zz_r1_full__as0.5__svc__d10,zz_r1_full__as0.5,id_val,fixed_c1,1.0,,0.01965045928955078,0.9243027888446215,0.9242539682539683,0.9242835595776773,0.9254901960784314,0.9743492063492063,0.9738243699364748,port_protocol_service_ablation,39,36,3,ct_src_dport_ltm|ct_dst_sport_ltm|is_sm_ips_ports,ksf-v4-idsplit::
quantum,svc,10,zz_r1_full__as0.5__svc__d10,zz_r1_full__as0.5,id_test,fixed_c1,1.0,,0.01965045928955078,0.8835341365461847,0.8833548387096775,0.8832630098452883,0.8888888888888888,0.9285806451612904,0.8916302542869297,port_protocol_service_ablation,39,36,3,ct_src_dport_ltm|ct_dst_sport_ltm|is_sm_ips_ports,ksf-v4-idsplit::
quantum,svc,10,zz_r1_full__as0.5__svc__d10,zz_r1_full__as0.5,ood_test,fixed_c1,1.0,,0.01965045928955078,0.782,0.7781860979007542,0.7764185117267466,0.8117443868739206,0.8971673792253126,0.8739696035238205,port_protocol_service_ablation,39,36,3,ct_src_dport_ltm|ct_dst_sport_ltm|is_sm_ips_ports,ksf-v4-idsplit::
quantum,svc,10,zz_r1_full__as0.5__svc__d10,zz_r1_full__as0.5,id_val,train_cv,1.0,0.8712197219721972,0.007999897003173828,0.9243027888446215,0.9242539682539683,0.9242835595776773,0.9254901960784314,0.9743492063492063,0.9738243699364748,port_protocol_service_ablation,39,36,3,ct_src_dport_ltm|ct_dst_sport_ltm|is_sm_ips_ports,ksf-v4-idsplit::
quantum,svc,10,zz_r1_full__as0.5__svc__d10,zz_r1_full__as0.5,id_test,train_cv,1.0,0.8712197219721972,0.007999897003173828,0.8835341365461847,0.8833548387096775,0.8832630098452883,0.8888888888888888,0.9285806451612904,0.8916302542869297,port_protocol_service_ablation,39,36,3,ct_src_dport_ltm|ct_dst_sport_ltm|is_sm_ips_ports,ksf-v4-idsplit::
quantum,svc,10,zz_r1_full__as0.5__svc__d10,zz_r1_full__as0.5,ood_test,train_cv,1.0,0.8712197219721972,0.007999897003173828,0.782,0.7781860979007542,0.7764185117267466,0.8117443868739206,0.8971673792253126,0.8739696035238205,port_protocol_service_ablation,39,36,3,ct_src_dport_ltm|ct_dst_sport_ltm|is_sm_ips_ports,ksf-v4-idsplit::
quantum,svc,10,zz_r2_full__as0.5__svc__d10,zz_r2_full__as0.5,id_val,fixed_c1,1.0,,0.011852741241455078,0.8605577689243028,0.8609523809523809,0.8592711253504205,0.8458149779735683,0.9660952380952381,0.9684211108521861,port_protocol_service_ablation,39,36,3,ct_src_dport_ltm|ct_dst_sport_ltm|is_sm_ips_ports,ksf-v4-idsplit::
quantum,svc,10,zz_r2_full__as0.5__svc__d10,zz_r2_full__as0.5,id_test,fixed_c1,1.0,,0.011852741241455078,0.7791164658634538,0.7796129032258065,0.7758629155005646,0.7488584474885844,0.9210967741935484,0.904419222358877,port_protocol_service_ablation,39,36,3,ct_src_dport_ltm|ct_dst_sport_ltm|is_sm_ips_ports,ksf-v4-idsplit::
quantum,svc,10,zz_r2_full__as0.5__svc__d10,zz_r2_full__as0.5,ood_test,fixed_c1,1.0,,0.011852741241455078,0.804,0.8050791820787497,0.8039498111516548,0.8008130081300813,0.9017789947318697,0.8908934772466875,port_protocol_service_ablation,39,36,3,ct_src_dport_ltm|ct_dst_sport_ltm|is_sm_ips_ports,ksf-v4-idsplit::
quantum,svc,10,zz_r2_full__as0.5__svc__d10,zz_r2_full__as0.5,id_val,train_cv,10.0,0.8121245124512452,0.011910200119018555,0.852589641434263,0.8529523809523809,0.8514484060335589,0.8384279475982532,0.9631746031746032,0.967950905797349,port_protocol_service_ablation,39,36,3,ct_src_dport_ltm|ct_dst_sport_ltm|is_sm_ips_ports,ksf-v4-idsplit::
quantum,svc,10,zz_r2_full__as0.5__svc__d10,zz_r2_full__as0.5,id_test,train_cv,10.0,0.8121245124512452,0.011910200119018555,0.7951807228915663,0.7955161290322581,0.7938507491761497,0.777292576419214,0.9150967741935484,0.8820673954244533,port_protocol_service_ablation,39,36,3,ct_src_dport_ltm|ct_dst_sport_ltm|is_sm_ips_ports,ksf-v4-idsplit::
quantum,svc,10,zz_r2_full__as0.5__svc__d10,zz_r2_full__as0.5,ood_test,train_cv,10.0,0.8121245124512452,0.011910200119018555,0.82,0.8206433844133801,0.82,0.82,0.9100574850682935,0.9106092942923831,port_protocol_service_ablation,39,36,3,ct_src_dport_ltm|ct_dst_sport_ltm|is_sm_ips_ports,ksf-v4-idsplit::
quantum,svc,10,pauli_xz_r1_full__as0.5__svc__d10,pauli_xz_r1_full__as0.5,id_val,fixed_c1,1.0,,0.0060994625091552734,0.900398406374502,0.9,0.8993180906538307,0.9097472924187726,0.9652063492063492,0.9466192479643583,port_protocol_service_ablation,39,36,3,ct_src_dport_ltm|ct_dst_sport_ltm|is_sm_ips_ports,ksf-v4-idsplit::
quantum,svc,10,pauli_xz_r1_full__as0.5__svc__d10,pauli_xz_r1_full__as0.5,id_test,fixed_c1,1.0,,0.0060994625091552734,0.8634538152610441,0.863,0.8615761935905821,0.8776978417266187,0.9354193548387096,0.9166853292777825,port_protocol_service_ablation,39,36,3,ct_src_dport_ltm|ct_dst_sport_ltm|is_sm_ips_ports,ksf-v4-idsplit::
quantum,svc,10,pauli_xz_r1_full__as0.5__svc__d10,pauli_xz_r1_full__as0.5,ood_test,fixed_c1,1.0,,0.0060994625091552734,0.76,0.7535347712606684,0.7437255471459568,0.8083067092651757,0.861811660341708,0.7959524590180944,port_protocol_service_ablation,39,36,3,ct_src_dport_ltm|ct_dst_sport_ltm|is_sm_ips_ports,ksf-v4-idsplit::
quantum,svc,10,pauli_xz_r1_full__as0.5__svc__d10,pauli_xz_r1_full__as0.5,id_val,train_cv,10.0,0.9004324432443245,0.008699893951416016,0.9243027888446215,0.9241269841269841,0.9241293730213023,0.9277566539923955,0.9718730158730159,0.950816685044936,port_protocol_service_ablation,39,36,3,ct_src_dport_ltm|ct_dst_sport_ltm|is_sm_ips_ports,ksf-v4-idsplit::
quantum,svc,10,pauli_xz_r1_full__as0.5__svc__d10,pauli_xz_r1_full__as0.5,id_test,train_cv,10.0,0.9004324432443245,0.008699893951416016,0.891566265060241,0.891258064516129,0.8908621613285499,0.8996282527881041,0.955741935483871,0.9563011140122216,port_protocol_service_ablation,39,36,3,ct_src_dport_ltm|ct_dst_sport_ltm|is_sm_ips_ports,ksf-v4-idsplit::
quantum,svc,10,pauli_xz_r1_full__as0.5__svc__d10,pauli_xz_r1_full__as0.5,ood_test,train_cv,10.0,0.9004324432443245,0.008699893951416016,0.798,0.7933019487278026,0.7904346923954768,0.8302521008403362,0.8953579606411427,0.849227777377367,port_protocol_service_ablation,39,36,3,ct_src_dport_ltm|ct_dst_sport_ltm|is_sm_ips_ports,ksf-v4-idsplit::
quantum,svc,10,zmap_r2__as0.5__svc__d10,zmap_r2__as0.5,id_val,fixed_c1,1.0,,0.006999969482421875,0.9163346613545816,0.9159999999999999,0.9156869331541821,0.9230769230769231,0.961015873015873,0.9312211254346507,port_protocol_service_ablation,39,36,3,ct_src_dport_ltm|ct_dst_sport_ltm|is_sm_ips_ports,ksf-v4-idsplit::
quantum,svc,10,zmap_r2__as0.5__svc__d10,zmap_r2__as0.5,id_test,fixed_c1,1.0,,0.006999969482421875,0.8634538152610441,0.863,0.8615761935905821,0.8776978417266187,0.9393548387096774,0.9210031089173067,port_protocol_service_ablation,39,36,3,ct_src_dport_ltm|ct_dst_sport_ltm|is_sm_ips_ports,ksf-v4-idsplit::
quantum,svc,10,zmap_r2__as0.5__svc__d10,zmap_r2__as0.5,ood_test,fixed_c1,1.0,,0.006999969482421875,0.766,0.7597076107668412,0.7509271046659656,0.812199036918138,0.8675121295095355,0.7936928963514001,port_protocol_service_ablation,39,36,3,ct_src_dport_ltm|ct_dst_sport_ltm|is_sm_ips_ports,ksf-v4-idsplit::
quantum,svc,10,zmap_r2__as0.5__svc__d10,zmap_r2__as0.5,id_val,train_cv,10.0,0.8923817381738173,0.015561103820800781,0.9322709163346613,0.9320952380952381,0.9321157548085337,0.935361216730038,0.9685714285714285,0.9453276108822037,port_protocol_service_ablation,39,36,3,ct_src_dport_ltm|ct_dst_sport_ltm|is_sm_ips_ports,ksf-v4-idsplit::
quantum,svc,10,zmap_r2__as0.5__svc__d10,zmap_r2__as0.5,id_test,train_cv,10.0,0.8923817381738173,0.015561103820800781,0.8795180722891566,0.879258064516129,0.8789538501425979,0.8872180451127819,0.9542580645161289,0.9547650180815536,port_protocol_service_ablation,39,36,3,ct_src_dport_ltm|ct_dst_sport_ltm|is_sm_ips_ports,ksf-v4-idsplit::
quantum,svc,10,zmap_r2__as0.5__svc__d10,zmap_r2__as0.5,ood_test,train_cv,10.0,0.8923817381738173,0.015561103820800781,0.798,0.7934140366046981,0.790761173560499,0.8296795952782462,0.8783206033530288,0.8243399071974193,port_protocol_service_ablation,39,36,3,ct_src_dport_ltm|ct_dst_sport_ltm|is_sm_ips_ports,ksf-v4-idsplit::
quantum,svc,10,zz_r1_full__svc__d10,zz_r1_full,id_val,fixed_c1,1.0,,0.016748905181884766,0.9123505976095617,0.9124444444444444,0.9123158028455285,0.9105691056910569,0.9749206349206349,0.9753719617047735,port_protocol_service_ablation,39,36,3,ct_src_dport_ltm|ct_dst_sport_ltm|is_sm_ips_ports,ksf-v4-idsplit::
quantum,svc,10,zz_r1_full__svc__d10,zz_r1_full,id_test,fixed_c1,1.0,,0.016748905181884766,0.8554216867469879,0.8553870967741936,0.8554006968641115,0.8571428571428571,0.9279999999999999,0.8930088867160171,port_protocol_service_ablation,39,36,3,ct_src_dport_ltm|ct_dst_sport_ltm|is_sm_ips_ports,ksf-v4-idsplit::
quantum,svc,10,zz_r1_full__svc__d10,zz_r1_full,ood_test,fixed_c1,1.0,,0.016748905181884766,0.792,0.789482954636435,0.7893577030267678,0.8129496402877698,0.9013146306704457,0.8797471025022329,port_protocol_service_ablation,39,36,3,ct_src_dport_ltm|ct_dst_sport_ltm|is_sm_ips_ports,ksf-v4-idsplit::
quantum,svc,10,zz_r1_full__svc__d10,zz_r1_full,id_val,train_cv,1.0,0.8506875687568757,0.011485576629638672,0.9123505976095617,0.9124444444444444,0.9123158028455285,0.9105691056910569,0.9749206349206349,0.9753719617047735,port_protocol_service_ablation,39,36,3,ct_src_dport_ltm|ct_dst_sport_ltm|is_sm_ips_ports,ksf-v4-idsplit::
quantum,svc,10,zz_r1_full__svc__d10,zz_r1_full,id_test,train_cv,1.0,0.8506875687568757,0.011485576629638672,0.8554216867469879,0.8553870967741936,0.8554006968641115,0.8571428571428571,0.9279999999999999,0.8930088867160171,port_protocol_service_ablation,39,36,3,ct_src_dport_ltm|ct_dst_sport_ltm|is_sm_ips_ports,ksf-v4-idsplit::
quantum,svc,10,zz_r1_full__svc__d10,zz_r1_full,ood_test,train_cv,1.0,0.8506875687568757,0.011485576629638672,0.792,0.789482954636435,0.7893577030267678,0.8129496402877698,0.9013146306704457,0.8797471025022329,port_protocol_service_ablation,39,36,3,ct_src_dport_ltm|ct_dst_sport_ltm|is_sm_ips_ports,ksf-v4-idsplit::
quantum,svc,10,zz_r2_full__svc__d10,zz_r2_full,id_val,fixed_c1,1.0,,0.010413646697998047,0.8207171314741036,0.8213333333333332,0.8165115259028217,0.7887323943661971,0.965015873015873,0.9679196986149852,port_protocol_service_ablation,39,36,3,ct_src_dport_ltm|ct_dst_sport_ltm|is_sm_ips_ports,ksf-v4-idsplit::
quantum,svc,10,zz_r2_full__svc__d10,zz_r2_full,id_test,fixed_c1,1.0,,0.010413646697998047,0.7710843373493976,0.7718064516129033,0.7637059851827187,0.7219512195121951,0.9179999999999999,0.9139967774054655,port_protocol_service_ablation,39,36,3,ct_src_dport_ltm|ct_dst_sport_ltm|is_sm_ips_ports,ksf-v4-idsplit::
quantum,svc,10,zz_r2_full__svc__d10,zz_r2_full,ood_test,fixed_c1,1.0,,0.010413646697998047,0.818,0.8206033530287745,0.817103808662446,0.8043010752688172,0.9073994011304863,0.8995271205754981,port_protocol_service_ablation,39,36,3,ct_src_dport_ltm|ct_dst_sport_ltm|is_sm_ips_ports,ksf-v4-idsplit::
quantum,svc,10,zz_r2_full__svc__d10,zz_r2_full,id_val,train_cv,1.0,0.7996937693769377,0.009003639221191406,0.8207171314741036,0.8213333333333332,0.8165115259028217,0.7887323943661971,0.965015873015873,0.9679196986149852,port_protocol_service_ablation,39,36,3,ct_src_dport_ltm|ct_dst_sport_ltm|is_sm_ips_ports,ksf-v4-idsplit::
quantum,svc,10,zz_r2_full__svc__d10,zz_r2_full,id_test,train_cv,1.0,0.7996937693769377,0.009003639221191406,0.7710843373493976,0.7718064516129033,0.7637059851827187,0.7219512195121951,0.9179999999999999,0.9139967774054655,port_protocol_service_ablation,39,36,3,ct_src_dport_ltm|ct_dst_sport_ltm|is_sm_ips_ports,ksf-v4-idsplit::
quantum,svc,10,zz_r2_full__svc__d10,zz_r2_full,ood_test,train_cv,1.0,0.7996937693769377,0.009003639221191406,0.818,0.8206033530287745,0.817103808662446,0.8043010752688172,0.9073994011304863,0.8995271205754981,port_protocol_service_ablation,39,36,3,ct_src_dport_ltm|ct_dst_sport_ltm|is_sm_ips_ports,ksf-v4-idsplit::
quantum,svc,10,pauli_xz_r1_full__svc__d10,pauli_xz_r1_full,id_val,fixed_c1,1.0,,0.009999752044677734,0.9243027888446215,0.924063492063492,0.9239939437405371,0.9288389513108615,0.9620952380952381,0.9279830467610496,port_protocol_service_ablation,39,36,3,ct_src_dport_ltm|ct_dst_sport_ltm|is_sm_ips_ports,ksf-v4-idsplit::
quantum,svc,10,pauli_xz_r1_full__svc__d10,pauli_xz_r1_full,id_test,fixed_c1,1.0,,0.009999752044677734,0.891566265060241,0.8912258064516129,0.8907131362062519,0.9003690036900369,0.9487096774193549,0.9407405646932117,port_protocol_service_ablation,39,36,3,ct_src_dport_ltm|ct_dst_sport_ltm|is_sm_ips_ports,ksf-v4-idsplit::
quantum,svc,10,pauli_xz_r1_full__svc__d10,pauli_xz_r1_full,ood_test,fixed_c1,1.0,,0.009999752044677734,0.798,0.7930777729740116,0.7897576592741852,0.8313856427378965,0.8614753967110214,0.7708213594262789,port_protocol_service_ablation,39,36,3,ct_src_dport_ltm|ct_dst_sport_ltm|is_sm_ips_ports,ksf-v4-idsplit::
quantum,svc,10,pauli_xz_r1_full__svc__d10,pauli_xz_r1_full,id_val,train_cv,100.0,0.8911516151615162,0.018549442291259766,0.9163346613545816,0.9162857142857144,0.9163134079542747,0.9176470588235294,0.9453333333333334,0.9165809367978186,port_protocol_service_ablation,39,36,3,ct_src_dport_ltm|ct_dst_sport_ltm|is_sm_ips_ports,ksf-v4-idsplit::
quantum,svc,10,pauli_xz_r1_full__svc__d10,pauli_xz_r1_full,id_test,train_cv,100.0,0.8911516151615162,0.018549442291259766,0.8795180722891566,0.8793870967741936,0.8793604651162791,0.8837209302325582,0.9311612903225805,0.9132996684576541,port_protocol_service_ablation,39,36,3,ct_src_dport_ltm|ct_dst_sport_ltm|is_sm_ips_ports,ksf-v4-idsplit::
quantum,svc,10,pauli_xz_r1_full__svc__d10,pauli_xz_r1_full,ood_test,train_cv,100.0,0.8911516151615162,0.018549442291259766,0.81,0.8075531216473716,0.8076728413807066,0.8288288288288288,0.841379641639045,0.7569811020465929,port_protocol_service_ablation,39,36,3,ct_src_dport_ltm|ct_dst_sport_ltm|is_sm_ips_ports,ksf-v4-idsplit::
quantum,svc,10,zmap_r2__svc__d10,zmap_r2,id_val,fixed_c1,1.0,,0.005891561508178711,0.9362549800796812,0.9361269841269841,0.9361729179910998,0.9384615384615385,0.9721904761904763,0.9569034072940337,port_protocol_service_ablation,39,36,3,ct_src_dport_ltm|ct_dst_sport_ltm|is_sm_ips_ports,ksf-v4-idsplit::
quantum,svc,10,zmap_r2__svc__d10,zmap_r2,id_test,fixed_c1,1.0,,0.005891561508178711,0.8755020080321285,0.8751612903225806,0.8745224897182893,0.8856088560885609,0.9258064516129032,0.869603249178492,port_protocol_service_ablation,39,36,3,ct_src_dport_ltm|ct_dst_sport_ltm|is_sm_ips_ports,ksf-v4-idsplit::
quantum,svc,10,zmap_r2__svc__d10,zmap_r2,ood_test,fixed_c1,1.0,,0.005891561508178711,0.794,0.7889625466365631,0.785236802488751,0.8286189683860233,0.8735008246465229,0.7977331411789772,port_protocol_service_ablation,39,36,3,ct_src_dport_ltm|ct_dst_sport_ltm|is_sm_ips_ports,ksf-v4-idsplit::
quantum,svc,10,zmap_r2__svc__d10,zmap_r2,id_val,train_cv,1.0,0.8874312431243124,0.0064449310302734375,0.9362549800796812,0.9361269841269841,0.9361729179910998,0.9384615384615385,0.9721904761904763,0.9569034072940337,port_protocol_service_ablation,39,36,3,ct_src_dport_ltm|ct_dst_sport_ltm|is_sm_ips_ports,ksf-v4-idsplit::
quantum,svc,10,zmap_r2__svc__d10,zmap_r2,id_test,train_cv,1.0,0.8874312431243124,0.0064449310302734375,0.8755020080321285,0.8751612903225806,0.8745224897182893,0.8856088560885609,0.9258064516129032,0.869603249178492,port_protocol_service_ablation,39,36,3,ct_src_dport_ltm|ct_dst_sport_ltm|is_sm_ips_ports,ksf-v4-idsplit::
quantum,svc,10,zmap_r2__svc__d10,zmap_r2,ood_test,train_cv,1.0,0.8874312431243124,0.0064449310302734375,0.794,0.7889625466365631,0.785236802488751,0.8286189683860233,0.8735008246465229,0.7977331411789772,port_protocol_service_ablation,39,36,3,ct_src_dport_ltm|ct_dst_sport_ltm|is_sm_ips_ports,ksf-v4-idsplit::
quantum,svc,10,zz_r1_full__as2__svc__d10,zz_r1_full__as2,id_val,fixed_c1,1.0,,0.010253667831420898,0.8764940239043825,0.8768253968253967,0.8757048609447133,0.8658008658008658,0.9713650793650794,0.9715737237441844,port_protocol_service_ablation,39,36,3,ct_src_dport_ltm|ct_dst_sport_ltm|is_sm_ips_ports,ksf-v4-idsplit::
quantum,svc,10,zz_r1_full__as2__svc__d10,zz_r1_full__as2,id_test,fixed_c1,1.0,,0.010253667831420898,0.7991967871485943,0.7996451612903226,0.7968076772424598,0.7747747747747747,0.9350322580645162,0.9336809378611055,port_protocol_service_ablation,39,36,3,ct_src_dport_ltm|ct_dst_sport_ltm|is_sm_ips_ports,ksf-v4-idsplit::
quantum,svc,10,zz_r1_full__as2__svc__d10,zz_r1_full__as2,ood_test,fixed_c1,1.0,,0.010253667831420898,0.81,0.8109157579542361,0.8099809980998101,0.8080808080808081,0.9048694176234168,0.9024217703934142,port_protocol_service_ablation,39,36,3,ct_src_dport_ltm|ct_dst_sport_ltm|is_sm_ips_ports,ksf-v4-idsplit::
quantum,svc,10,zz_r1_full__as2__svc__d10,zz_r1_full__as2,id_val,train_cv,100.0,0.8140946094609461,0.011007547378540039,0.8685258964143426,0.8688888888888888,0.8675080378137147,0.8558951965065502,0.9714920634920634,0.9738554384235587,port_protocol_service_ablation,39,36,3,ct_src_dport_ltm|ct_dst_sport_ltm|is_sm_ips_ports,ksf-v4-idsplit::
quantum,svc,10,zz_r1_full__as2__svc__d10,zz_r1_full__as2,id_test,train_cv,100.0,0.8140946094609461,0.011007547378540039,0.8112449799196787,0.8116451612903226,0.8094749694749694,0.7911111111111111,0.9312903225806453,0.9170152930594326,port_protocol_service_ablation,39,36,3,ct_src_dport_ltm|ct_dst_sport_ltm|is_sm_ips_ports,ksf-v4-idsplit::
quantum,svc,10,zz_r1_full__as2__svc__d10,zz_r1_full__as2,ood_test,train_cv,100.0,0.8140946094609461,0.011007547378540039,0.802,0.802461129525548,0.8019928717433829,0.8031809145129225,0.9043089782389393,0.9092784616659774,port_protocol_service_ablation,39,36,3,ct_src_dport_ltm|ct_dst_sport_ltm|is_sm_ips_ports,ksf-v4-idsplit::
quantum,svc,10,zz_r2_full__as2__svc__d10,zz_r2_full__as2,id_val,fixed_c1,1.0,,0.014526605606079102,0.8207171314741036,0.8213650793650793,0.8160453412810866,0.7867298578199052,0.9382857142857143,0.9464314409813728,port_protocol_service_ablation,39,36,3,ct_src_dport_ltm|ct_dst_sport_ltm|is_sm_ips_ports,ksf-v4-idsplit::
quantum,svc,10,zz_r2_full__as2__svc__d10,zz_r2_full__as2,id_test,fixed_c1,1.0,,0.014526605606079102,0.7630522088353414,0.7638064516129033,0.7546798029556651,0.7093596059113301,0.8944516129032258,0.9081738883188584,port_protocol_service_ablation,39,36,3,ct_src_dport_ltm|ct_dst_sport_ltm|is_sm_ips_ports,ksf-v4-idsplit::
quantum,svc,10,zz_r2_full__as2__svc__d10,zz_r2_full__as2,ood_test,fixed_c1,1.0,,0.014526605606079102,0.82,0.8231093177050808,0.8185952012383901,0.8026315789473685,0.8998735008246466,0.8966012116441809,port_protocol_service_ablation,39,36,3,ct_src_dport_ltm|ct_dst_sport_ltm|is_sm_ips_ports,ksf-v4-idsplit::
quantum,svc,10,zz_r2_full__as2__svc__d10,zz_r2_full__as2,id_val,train_cv,1.0,0.7905428542854286,0.013265848159790039,0.8207171314741036,0.8213650793650793,0.8160453412810866,0.7867298578199052,0.9382857142857143,0.9464314409813728,port_protocol_service_ablation,39,36,3,ct_src_dport_ltm|ct_dst_sport_ltm|is_sm_ips_ports,ksf-v4-idsplit::
quantum,svc,10,zz_r2_full__as2__svc__d10,zz_r2_full__as2,id_test,train_cv,1.0,0.7905428542854286,0.013265848159790039,0.7630522088353414,0.7638064516129033,0.7546798029556651,0.7093596059113301,0.8944516129032258,0.9081738883188584,port_protocol_service_ablation,39,36,3,ct_src_dport_ltm|ct_dst_sport_ltm|is_sm_ips_ports,ksf-v4-idsplit::
quantum,svc,10,zz_r2_full__as2__svc__d10,zz_r2_full__as2,ood_test,train_cv,1.0,0.7905428542854286,0.013265848159790039,0.82,0.8231093177050808,0.8185952012383901,0.8026315789473685,0.8998735008246466,0.8966012116441809,port_protocol_service_ablation,39,36,3,ct_src_dport_ltm|ct_dst_sport_ltm|is_sm_ips_ports,ksf-v4-idsplit::
quantum,svc,10,pauli_xz_r1_full__as2__svc__d10,pauli_xz_r1_full__as2,id_val,fixed_c1,1.0,,0.008501768112182617,0.9442231075697212,0.9441904761904762,0.9442151384302768,0.9448818897637795,0.9734603174603175,0.9447099312696756,port_protocol_service_ablation,39,36,3,ct_src_dport_ltm|ct_dst_sport_ltm|is_sm_ips_ports,ksf-v4-idsplit::
quantum,svc,10,pauli_xz_r1_full__as2__svc__d10,pauli_xz_r1_full__as2,id_test,fixed_c1,1.0,,0.008501768112182617,0.891566265060241,0.8914516129032258,0.8914542196102491,0.8949416342412452,0.9301290322580645,0.9033655105583847,port_protocol_service_ablation,39,36,3,ct_src_dport_ltm|ct_dst_sport_ltm|is_sm_ips_ports,ksf-v4-idsplit::
quantum,svc,10,pauli_xz_r1_full__as2__svc__d10,pauli_xz_r1_full__as2,ood_test,fixed_c1,1.0,,0.008501768112182617,0.82,0.8169444844758291,0.8168080637019426,0.8409893992932862,0.8884565499351492,0.8108977352440171,port_protocol_service_ablation,39,36,3,ct_src_dport_ltm|ct_dst_sport_ltm|is_sm_ips_ports,ksf-v4-idsplit::
quantum,svc,10,pauli_xz_r1_full__as2__svc__d10,pauli_xz_r1_full__as2,id_val,train_cv,1.0,0.8861108110811081,0.008022785186767578,0.9442231075697212,0.9441904761904762,0.9442151384302768,0.9448818897637795,0.9734603174603175,0.9447099312696756,port_protocol_service_ablation,39,36,3,ct_src_dport_ltm|ct_dst_sport_ltm|is_sm_ips_ports,ksf-v4-idsplit::
quantum,svc,10,pauli_xz_r1_full__as2__svc__d10,pauli_xz_r1_full__as2,id_test,train_cv,1.0,0.8861108110811081,0.008022785186767578,0.891566265060241,0.8914516129032258,0.8914542196102491,0.8949416342412452,0.9301290322580645,0.9033655105583847,port_protocol_service_ablation,39,36,3,ct_src_dport_ltm|ct_dst_sport_ltm|is_sm_ips_ports,ksf-v4-idsplit::
quantum,svc,10,pauli_xz_r1_full__as2__svc__d10,pauli_xz_r1_full__as2,ood_test,train_cv,1.0,0.8861108110811081,0.008022785186767578,0.82,0.8169444844758291,0.8168080637019426,0.8409893992932862,0.8884565499351492,0.8108977352440171,port_protocol_service_ablation,39,36,3,ct_src_dport_ltm|ct_dst_sport_ltm|is_sm_ips_ports,ksf-v4-idsplit::
quantum,svc,10,zmap_r2__as2__svc__d10,zmap_r2__as2,id_val,fixed_c1,1.0,,0.01000070571899414,0.9282868525896414,0.9282222222222223,0.9282583841463414,0.9296875,0.9699682539682539,0.9711541190405287,port_protocol_service_ablation,39,36,3,ct_src_dport_ltm|ct_dst_sport_ltm|is_sm_ips_ports,ksf-v4-idsplit::
quantum,svc,10,zmap_r2__as2__svc__d10,zmap_r2__as2,id_test,fixed_c1,1.0,,0.01000070571899414,0.8554216867469879,0.8553225806451613,0.8553073347107438,0.859375,0.9341290322580645,0.9318101306887758,port_protocol_service_ablation,39,36,3,ct_src_dport_ltm|ct_dst_sport_ltm|is_sm_ips_ports,ksf-v4-idsplit::
quantum,svc,10,zmap_r2__as2__svc__d10,zmap_r2__as2,ood_test,fixed_c1,1.0,,0.01000070571899414,0.832,0.8288418119805927,0.8288341158059468,0.852112676056338,0.9033962626699333,0.8692710536573072,port_protocol_service_ablation,39,36,3,ct_src_dport_ltm|ct_dst_sport_ltm|is_sm_ips_ports,ksf-v4-idsplit::
quantum,svc,10,zmap_r2__as2__svc__d10,zmap_r2__as2,id_val,train_cv,1.0,0.8892411241124112,0.007999658584594727,0.9282868525896414,0.9282222222222223,0.9282583841463414,0.9296875,0.9699682539682539,0.9711541190405287,port_protocol_service_ablation,39,36,3,ct_src_dport_ltm|ct_dst_sport_ltm|is_sm_ips_ports,ksf-v4-idsplit::
quantum,svc,10,zmap_r2__as2__svc__d10,zmap_r2__as2,id_test,train_cv,1.0,0.8892411241124112,0.007999658584594727,0.8554216867469879,0.8553225806451613,0.8553073347107438,0.859375,0.9341290322580645,0.9318101306887758,port_protocol_service_ablation,39,36,3,ct_src_dport_ltm|ct_dst_sport_ltm|is_sm_ips_ports,ksf-v4-idsplit::
quantum,svc,10,zmap_r2__as2__svc__d10,zmap_r2__as2,ood_test,train_cv,1.0,0.8892411241124112,0.007999658584594727,0.832,0.8288418119805927,0.8288341158059468,0.852112676056338,0.9033962626699333,0.8692710536573072,port_protocol_service_ablation,39,36,3,ct_src_dport_ltm|ct_dst_sport_ltm|is_sm_ips_ports,ksf-v4-idsplit::
classical_ext,svc,12,linear__svc__d12,linear,id_val,fixed_c1,1.0,,0.00801849365234375,0.8406374501992032,0.8405714285714285,0.8405741869918699,0.84375,0.8912380952380953,0.8116433591792744,port_protocol_service_ablation,39,36,3,ct_src_dport_ltm|ct_dst_sport_ltm|is_sm_ips_ports,ksf-v4-idsplit::
classical_ext,svc,12,linear__svc__d12,linear,id_test,fixed_c1,1.0,,0.00801849365234375,0.7871485943775101,0.7871612903225806,0.7871485943775101,0.7871485943775101,0.8670967741935484,0.7971082459443006,port_protocol_service_ablation,39,36,3,ct_src_dport_ltm|ct_dst_sport_ltm|is_sm_ips_ports,ksf-v4-idsplit::
classical_ext,svc,12,linear__svc__d12,linear,ood_test,fixed_c1,1.0,,0.00801849365234375,0.764,0.7603401066436086,0.7584185010482181,0.7951388888888888,0.7690028982722455,0.6555068504742381,port_protocol_service_ablation,39,36,3,ct_src_dport_ltm|ct_dst_sport_ltm|is_sm_ips_ports,ksf-v4-idsplit::
classical_ext,svc,12,linear__svc__d12,linear,id_val,train_cv,100.0,0.8423975397539755,0.015090465545654297,0.848605577689243,0.8484444444444444,0.8483142493638677,0.8549618320610687,0.9184761904761904,0.8894525294508209,port_protocol_service_ablation,39,36,3,ct_src_dport_ltm|ct_dst_sport_ltm|is_sm_ips_ports,ksf-v4-idsplit::
classical_ext,svc,12,linear__svc__d12,linear,id_test,train_cv,100.0,0.8423975397539755,0.015090465545654297,0.8152610441767069,0.8149677419354839,0.8141791044776119,0.8283582089552238,0.8790322580645161,0.8460044225932355,port_protocol_service_ablation,39,36,3,ct_src_dport_ltm|ct_dst_sport_ltm|is_sm_ips_ports,ksf-v4-idsplit::
classical_ext,svc,12,linear__svc__d12,linear,ood_test,train_cv,100.0,0.8423975397539755,0.015090465545654297,0.758,0.7527101247377944,0.7468354430379747,0.8,0.8295303517958079,0.7903152521590163,port_protocol_service_ablation,39,36,3,ct_src_dport_ltm|ct_dst_sport_ltm|is_sm_ips_ports,ksf-v4-idsplit::
classical_ext,svc,12,rbf_gscale__svc__d12,rbf_gscale,id_val,fixed_c1,1.0,,0.00700068473815918,0.9123505976095617,0.9119999999999999,0.9116084005634524,0.9197080291970803,0.9593015873015873,0.9483011952331217,port_protocol_service_ablation,39,36,3,ct_src_dport_ltm|ct_dst_sport_ltm|is_sm_ips_ports,ksf-v4-idsplit::
classical_ext,svc,12,rbf_gscale__svc__d12,rbf_gscale,id_test,fixed_c1,1.0,,0.00700068473815918,0.8714859437751004,0.871,0.8694626474442988,0.8857142857142857,0.9398709677419355,0.9327427797660667,port_protocol_service_ablation,39,36,3,ct_src_dport_ltm|ct_dst_sport_ltm|is_sm_ips_ports,ksf-v4-idsplit::
classical_ext,svc,12,rbf_gscale__svc__d12,rbf_gscale,ood_test,fixed_c1,1.0,,0.00700068473815918,0.762,0.7555923844293927,0.7461333333333333,0.8096,0.8543017725897103,0.7876446216072723,port_protocol_service_ablation,39,36,3,ct_src_dport_ltm|ct_dst_sport_ltm|is_sm_ips_ports,ksf-v4-idsplit::
classical_ext,svc,12,rbf_gscale__svc__d12,rbf_gscale,id_val,train_cv,100.0,0.9014124412441245,0.014007091522216797,0.9083665338645418,0.9082539682539683,0.9082733527177971,0.9111969111969112,0.968952380952381,0.9630247235116698,port_protocol_service_ablation,39,36,3,ct_src_dport_ltm|ct_dst_sport_ltm|is_sm_ips_ports,ksf-v4-idsplit::
classical_ext,svc,12,rbf_gscale__svc__d12,rbf_gscale,id_test,train_cv,100.0,0.9014124412441245,0.014007091522216797,0.9036144578313253,0.9034516129032257,0.903425985778927,0.9076923076923077,0.9543870967741936,0.9447941678137148,port_protocol_service_ablation,39,36,3,ct_src_dport_ltm|ct_dst_sport_ltm|is_sm_ips_ports,ksf-v4-idsplit::
classical_ext,svc,12,rbf_gscale__svc__d12,rbf_gscale,ood_test,train_cv,100.0,0.9014124412441245,0.014007091522216797,0.83,0.8265600230580775,0.8262973544065295,0.8516579406631762,0.9006100783013883,0.8639951193073745,port_protocol_service_ablation,39,36,3,ct_src_dport_ltm|ct_dst_sport_ltm|is_sm_ips_ports,ksf-v4-idsplit::
classical_ext,svc,12,poly2__svc__d12,poly2,id_val,fixed_c1,1.0,,0.005789518356323242,0.8446215139442231,0.8444444444444444,0.8442655551489889,0.8517110266159695,0.9053968253968254,0.8530124906428147,port_protocol_service_ablation,39,36,3,ct_src_dport_ltm|ct_dst_sport_ltm|is_sm_ips_ports,ksf-v4-idsplit::
classical_ext,svc,12,poly2__svc__d12,poly2,id_test,fixed_c1,1.0,,0.005789518356323242,0.8152610441767069,0.8149354838709677,0.8139376218323586,0.8296296296296296,0.8741935483870967,0.8129252812760546,port_protocol_service_ablation,39,36,3,ct_src_dport_ltm|ct_dst_sport_ltm|is_sm_ips_ports,ksf-v4-idsplit::
classical_ext,svc,12,poly2__svc__d12,poly2,ood_test,fixed_c1,1.0,,0.005789518356323242,0.7,0.6939360458599542,0.6823056981649978,0.7572815533980582,0.742117820371171,0.65367021708423,port_protocol_service_ablation,39,36,3,ct_src_dport_ltm|ct_dst_sport_ltm|is_sm_ips_ports,ksf-v4-idsplit::
classical_ext,svc,12,poly2__svc__d12,poly2,id_val,train_cv,100.0,0.8907415741574157,0.010273456573486328,0.9163346613545816,0.916031746031746,0.91580006709158,0.922509225092251,0.9659047619047618,0.9603743216864667,port_protocol_service_ablation,39,36,3,ct_src_dport_ltm|ct_dst_sport_ltm|is_sm_ips_ports,ksf-v4-idsplit::
classical_ext,svc,12,poly2__svc__d12,poly2,id_test,train_cv,100.0,0.8907415741574157,0.010273456573486328,0.8594377510040161,0.8590322580645161,0.8578883000407664,0.8727272727272727,0.9527741935483871,0.9495427410327797,port_protocol_service_ablation,39,36,3,ct_src_dport_ltm|ct_dst_sport_ltm|is_sm_ips_ports,ksf-v4-idsplit::
classical_ext,svc,12,poly2__svc__d12,poly2,ood_test,train_cv,100.0,0.8907415741574157,0.010273456573486328,0.772,0.7659925381499095,0.7585523306053983,0.8155339805825242,0.8928600022417577,0.865178053991646,port_protocol_service_ablation,39,36,3,ct_src_dport_ltm|ct_dst_sport_ltm|is_sm_ips_ports,ksf-v4-idsplit::
classical_ext,svc,12,poly3__svc__d12,poly3,id_val,fixed_c1,1.0,,0.007007122039794922,0.896414342629482,0.896,0.8952016957862281,0.9064748201438849,0.9027301587301588,0.8270790666928266,port_protocol_service_ablation,39,36,3,ct_src_dport_ltm|ct_dst_sport_ltm|is_sm_ips_ports,ksf-v4-idsplit::
classical_ext,svc,12,poly3__svc__d12,poly3,id_test,fixed_c1,1.0,,0.007007122039794922,0.8594377510040161,0.8589032258064516,0.8567671953324021,0.8763250883392226,0.8885806451612903,0.8371414944162656,port_protocol_service_ablation,39,36,3,ct_src_dport_ltm|ct_dst_sport_ltm|is_sm_ips_ports,ksf-v4-idsplit::
classical_ext,svc,12,poly3__svc__d12,poly3,ood_test,fixed_c1,1.0,,0.007007122039794922,0.736,0.728843413235977,0.7142312821489808,0.7931034482758621,0.752301804614818,0.6505733720651399,port_protocol_service_ablation,39,36,3,ct_src_dport_ltm|ct_dst_sport_ltm|is_sm_ips_ports,ksf-v4-idsplit::
classical_ext,svc,12,poly3__svc__d12,poly3,id_val,train_cv,100.0,0.9016124612461247,0.014881134033203125,0.9322709163346613,0.9319999999999999,0.9319208002935686,0.9368029739776952,0.9751111111111112,0.9711570499660115,port_protocol_service_ablation,39,36,3,ct_src_dport_ltm|ct_dst_sport_ltm|is_sm_ips_ports,ksf-v4-idsplit::
classical_ext,svc,12,poly3__svc__d12,poly3,id_test,train_cv,100.0,0.9016124612461247,0.014881134033203125,0.8634538152610441,0.8630645161290322,0.862063347236705,0.8759124087591241,0.953741935483871,0.9492341888463245,port_protocol_service_ablation,39,36,3,ct_src_dport_ltm|ct_dst_sport_ltm|is_sm_ips_ports,ksf-v4-idsplit::
classical_ext,svc,12,poly3__svc__d12,poly3,ood_test,train_cv,100.0,0.9016124612461247,0.014881134033203125,0.792,0.7864565819602569,0.7814207650273224,0.8295081967213115,0.9050295431618389,0.8765779081918362,port_protocol_service_ablation,39,36,3,ct_src_dport_ltm|ct_dst_sport_ltm|is_sm_ips_ports,ksf-v4-idsplit::
classical_ext,svc,12,laplacian_med__svc__d12,laplacian_med,id_val,fixed_c1,1.0,,0.0070040225982666016,0.9083665338645418,0.908063492063492,0.9077810258622068,0.915129151291513,0.9664761904761905,0.9571664605651932,port_protocol_service_ablation,39,36,3,ct_src_dport_ltm|ct_dst_sport_ltm|is_sm_ips_ports,ksf-v4-idsplit::
classical_ext,svc,12,laplacian_med__svc__d12,laplacian_med,id_test,fixed_c1,1.0,,0.0070040225982666016,0.8714859437751004,0.871,0.8694626474442988,0.8857142857142857,0.9372258064516129,0.9244601303971598,port_protocol_service_ablation,39,36,3,ct_src_dport_ltm|ct_dst_sport_ltm|is_sm_ips_ports,ksf-v4-idsplit::
classical_ext,svc,12,laplacian_med__svc__d12,laplacian_med,ood_test,fixed_c1,1.0,,0.0070040225982666016,0.766,0.7597076107668412,0.7509271046659656,0.812199036918138,0.9188483771276681,0.9075447972285516,port_protocol_service_ablation,39,36,3,ct_src_dport_ltm|ct_dst_sport_ltm|is_sm_ips_ports,ksf-v4-idsplit::
classical_ext,svc,12,laplacian_med__svc__d12,laplacian_med,id_val,train_cv,10.0,0.9081726172617263,0.008248567581176758,0.9203187250996016,0.9203492063492064,0.9203174603174603,0.92,0.962920634920635,0.9542086267705618,port_protocol_service_ablation,39,36,3,ct_src_dport_ltm|ct_dst_sport_ltm|is_sm_ips_ports,ksf-v4-idsplit::
classical_ext,svc,12,laplacian_med__svc__d12,laplacian_med,id_test,train_cv,10.0,0.9081726172617263,0.008248567581176758,0.8755020080321285,0.8753870967741936,0.875373363256212,0.8793774319066148,0.9500645161290322,0.9249486781710936,port_protocol_service_ablation,39,36,3,ct_src_dport_ltm|ct_dst_sport_ltm|is_sm_ips_ports,ksf-v4-idsplit::
classical_ext,svc,12,laplacian_med__svc__d12,laplacian_med,ood_test,train_cv,10.0,0.9081726172617263,0.008248567581176758,0.84,0.8368480889016989,0.8369848721961397,0.8591549295774648,0.9291444492482106,0.9093953888495423,port_protocol_service_ablation,39,36,3,ct_src_dport_ltm|ct_dst_sport_ltm|is_sm_ips_ports,ksf-v4-idsplit::
classical_ext,svc,12,matern15_med__svc__d12,matern15_med,id_val,fixed_c1,1.0,,0.005715370178222656,0.9123505976095617,0.9119999999999999,0.9116084005634524,0.9197080291970803,0.9542222222222223,0.9426367298281266,port_protocol_service_ablation,39,36,3,ct_src_dport_ltm|ct_dst_sport_ltm|is_sm_ips_ports,ksf-v4-idsplit::
classical_ext,svc,12,matern15_med__svc__d12,matern15_med,id_test,fixed_c1,1.0,,0.005715370178222656,0.8714859437751004,0.871,0.8694626474442988,0.8857142857142857,0.9310322580645162,0.9213931409164442,port_protocol_service_ablation,39,36,3,ct_src_dport_ltm|ct_dst_sport_ltm|is_sm_ips_ports,ksf-v4-idsplit::
classical_ext,svc,12,matern15_med__svc__d12,matern15_med,ood_test,fixed_c1,1.0,,0.005715370178222656,0.764,0.7577620854750124,0.749060038449106,0.8102893890675241,0.8265520167811564,0.7514999329283856,port_protocol_service_ablation,39,36,3,ct_src_dport_ltm|ct_dst_sport_ltm|is_sm_ips_ports,ksf-v4-idsplit::
classical_ext,svc,12,matern15_med__svc__d12,matern15_med,id_val,train_cv,100.0,0.8981920192019202,0.011314868927001953,0.9362549800796812,0.9362222222222223,0.936245872491745,0.937007874015748,0.9553015873015872,0.929772801669438,port_protocol_service_ablation,39,36,3,ct_src_dport_ltm|ct_dst_sport_ltm|is_sm_ips_ports,ksf-v4-idsplit::
classical_ext,svc,12,matern15_med__svc__d12,matern15_med,id_test,train_cv,100.0,0.8981920192019202,0.011314868927001953,0.891566265060241,0.8915161290322581,0.891538275389207,0.8932806324110671,0.9554838709677419,0.9541693094215413,port_protocol_service_ablation,39,36,3,ct_src_dport_ltm|ct_dst_sport_ltm|is_sm_ips_ports,ksf-v4-idsplit::
classical_ext,svc,12,matern15_med__svc__d12,matern15_med,ood_test,train_cv,100.0,0.8981920192019202,0.011314868927001953,0.83,0.827120462442555,0.8272575407164138,0.8490230905861457,0.8901378680885815,0.8284674780074605,port_protocol_service_ablation,39,36,3,ct_src_dport_ltm|ct_dst_sport_ltm|is_sm_ips_ports,ksf-v4-idsplit::
classical_ext,svc,12,matern25_med__svc__d12,matern25_med,id_val,fixed_c1,1.0,,0.00800013542175293,0.900398406374502,0.9,0.8993180906538307,0.9097472924187726,0.9527619047619048,0.9443449136590196,port_protocol_service_ablation,39,36,3,ct_src_dport_ltm|ct_dst_sport_ltm|is_sm_ips_ports,ksf-v4-idsplit::
classical_ext,svc,12,matern25_med__svc__d12,matern25_med,id_test,fixed_c1,1.0,,0.00800013542175293,0.8714859437751004,0.871,0.8694626474442988,0.8857142857142857,0.9229032258064516,0.9096961204558162,port_protocol_service_ablation,39,36,3,ct_src_dport_ltm|ct_dst_sport_ltm|is_sm_ips_ports,ksf-v4-idsplit::
classical_ext,svc,12,matern25_med__svc__d12,matern25_med,ood_test,fixed_c1,1.0,,0.00800013542175293,0.76,0.7535347712606684,0.7437255471459568,0.8083067092651757,0.8221966021360747,0.7403311427124213,port_protocol_service_ablation,39,36,3,ct_src_dport_ltm|ct_dst_sport_ltm|is_sm_ips_ports,ksf-v4-idsplit::
classical_ext,svc,12,matern25_med__svc__d12,matern25_med,id_val,train_cv,10.0,0.8925916591659167,0.0056149959564208984,0.9362549800796812,0.9359999999999999,0.9359612195433091,0.9402985074626866,0.9768888888888889,0.9731443853123427,port_protocol_service_ablation,39,36,3,ct_src_dport_ltm|ct_dst_sport_ltm|is_sm_ips_ports,ksf-v4-idsplit::
classical_ext,svc,12,matern25_med__svc__d12,matern25_med,id_test,train_cv,10.0,0.8925916591659167,0.0056149959564208984,0.8714859437751004,0.8710967741935484,0.870177267987487,0.8832116788321168,0.9562580645161289,0.9523411789584635,port_protocol_service_ablation,39,36,3,ct_src_dport_ltm|ct_dst_sport_ltm|is_sm_ips_ports,ksf-v4-idsplit::
classical_ext,svc,12,matern25_med__svc__d12,matern25_med,ood_test,train_cv,10.0,0.8925916591659167,0.0056149959564208984,0.792,0.7864565819602569,0.7814207650273224,0.8295081967213115,0.9075435141150663,0.8738976958754894,port_protocol_service_ablation,39,36,3,ct_src_dport_ltm|ct_dst_sport_ltm|is_sm_ips_ports,ksf-v4-idsplit::
classical_ext,svc,12,rbf_gscale_x0.1__svc__d12,rbf_gscale_x0.1,id_val,fixed_c1,1.0,,0.006510734558105469,0.8366533864541833,0.8365714285714285,0.8365599936472643,0.8404669260700389,0.9005714285714286,0.8264639405917172,port_protocol_service_ablation,39,36,3,ct_src_dport_ltm|ct_dst_sport_ltm|is_sm_ips_ports,ksf-v4-idsplit::
classical_ext,svc,12,rbf_gscale_x0.1__svc__d12,rbf_gscale_x0.1,id_test,fixed_c1,1.0,,0.006510734558105469,0.8072289156626506,0.8070322580645162,0.8067020313106482,0.816793893129771,0.8674193548387097,0.8031439125014266,port_protocol_service_ablation,39,36,3,ct_src_dport_ltm|ct_dst_sport_ltm|is_sm_ips_ports,ksf-v4-idsplit::
classical_ext,svc,12,rbf_gscale_x0.1__svc__d12,rbf_gscale_x0.1,ood_test,fixed_c1,1.0,,0.006510734558105469,0.718,0.7130150037629501,0.7064933659174268,0.7646076794657763,0.7371219035724008,0.6552656245172914,port_protocol_service_ablation,39,36,3,ct_src_dport_ltm|ct_dst_sport_ltm|is_sm_ips_ports,ksf-v4-idsplit::
classical_ext,svc,12,rbf_gscale_x0.1__svc__d12,rbf_gscale_x0.1,id_val,train_cv,100.0,0.8887613761376137,0.012802362442016602,0.9243027888446215,0.9239999999999999,0.9238191083209533,0.9298892988929889,0.9668571428571429,0.9605086378203971,port_protocol_service_ablation,39,36,3,ct_src_dport_ltm|ct_dst_sport_ltm|is_sm_ips_ports,ksf-v4-idsplit::
classical_ext,svc,12,rbf_gscale_x0.1__svc__d12,rbf_gscale_x0.1,id_test,train_cv,100.0,0.8887613761376137,0.012802362442016602,0.8634538152610441,0.863,0.8615761935905821,0.8776978417266187,0.9490967741935483,0.9435388052336492,port_protocol_service_ablation,39,36,3,ct_src_dport_ltm|ct_dst_sport_ltm|is_sm_ips_ports,ksf-v4-idsplit::
classical_ext,svc,12,rbf_gscale_x0.1__svc__d12,rbf_gscale_x0.1,ood_test,train_cv,100.0,0.8887613761376137,0.012802362442016602,0.772,0.7658804502730141,0.7580645161290323,0.8161290322580645,0.8833485452594836,0.8442504947798739,port_protocol_service_ablation,39,36,3,ct_src_dport_ltm|ct_dst_sport_ltm|is_sm_ips_ports,ksf-v4-idsplit::
classical_ext,svc,12,rbf_gscale_x0.3__svc__d12,rbf_gscale_x0.3,id_val,fixed_c1,1.0,,0.007506370544433594,0.896414342629482,0.896,0.8952016957862281,0.9064748201438849,0.9031111111111111,0.829379731286321,port_protocol_service_ablation,39,36,3,ct_src_dport_ltm|ct_dst_sport_ltm|is_sm_ips_ports,ksf-v4-idsplit::
classical_ext,svc,12,rbf_gscale_x0.3__svc__d12,rbf_gscale_x0.3,id_test,fixed_c1,1.0,,0.007506370544433594,0.8594377510040161,0.8589032258064516,0.8567671953324021,0.8763250883392226,0.8843870967741935,0.8289345366749024,port_protocol_service_ablation,39,36,3,ct_src_dport_ltm|ct_dst_sport_ltm|is_sm_ips_ports,ksf-v4-idsplit::
classical_ext,svc,12,rbf_gscale_x0.3__svc__d12,rbf_gscale_x0.3,ood_test,fixed_c1,1.0,,0.007506370544433594,0.738,0.7309010264047013,0.7167334829672491,0.7943485086342229,0.7427743350787017,0.6426474841501146,port_protocol_service_ablation,39,36,3,ct_src_dport_ltm|ct_dst_sport_ltm|is_sm_ips_ports,ksf-v4-idsplit::
classical_ext,svc,12,rbf_gscale_x0.3__svc__d12,rbf_gscale_x0.3,id_val,train_cv,100.0,0.9044326432643264,0.008002281188964844,0.9282868525896414,0.9280952380952381,0.9280939648586708,0.9318181818181818,0.9777777777777777,0.9745257151703397,port_protocol_service_ablation,39,36,3,ct_src_dport_ltm|ct_dst_sport_ltm|is_sm_ips_ports,ksf-v4-idsplit::
classical_ext,svc,12,rbf_gscale_x0.3__svc__d12,rbf_gscale_x0.3,id_test,train_cv,100.0,0.9044326432643264,0.008002281188964844,0.8795180722891566,0.8792258064516129,0.8788124594419209,0.8880597014925373,0.9540000000000001,0.9511740204226945,port_protocol_service_ablation,39,36,3,ct_src_dport_ltm|ct_dst_sport_ltm|is_sm_ips_ports,ksf-v4-idsplit::
classical_ext,svc,12,rbf_gscale_x0.3__svc__d12,rbf_gscale_x0.3,ood_test,train_cv,100.0,0.9044326432643264,0.008002281188964844,0.806,0.8016444892795952,0.7996521796603588,0.8353140916808149,0.9005940657475461,0.8654282772736379,port_protocol_service_ablation,39,36,3,ct_src_dport_ltm|ct_dst_sport_ltm|is_sm_ips_ports,ksf-v4-idsplit::
classical_ext,svc,12,rbf_gscale_x3__svc__d12,rbf_gscale_x3,id_val,fixed_c1,1.0,,0.0064258575439453125,0.9282868525896414,0.928031746031746,0.9279563719862227,0.9328358208955224,0.9702222222222222,0.9642298632799741,port_protocol_service_ablation,39,36,3,ct_src_dport_ltm|ct_dst_sport_ltm|is_sm_ips_ports,ksf-v4-idsplit::
classical_ext,svc,12,rbf_gscale_x3__svc__d12,rbf_gscale_x3,id_test,fixed_c1,1.0,,0.0064258575439453125,0.8634538152610441,0.8630322580645161,0.8618292205248728,0.8768115942028986,0.9538064516129032,0.9504153014544117,port_protocol_service_ablation,39,36,3,ct_src_dport_ltm|ct_dst_sport_ltm|is_sm_ips_ports,ksf-v4-idsplit::
classical_ext,svc,12,rbf_gscale_x3__svc__d12,rbf_gscale_x3,ood_test,fixed_c1,1.0,,0.0064258575439453125,0.79,0.784511056668428,0.7795220037040304,0.8275862068965517,0.8995692623016445,0.8495223741622895,port_protocol_service_ablation,39,36,3,ct_src_dport_ltm|ct_dst_sport_ltm|is_sm_ips_ports,ksf-v4-idsplit::
classical_ext,svc,12,rbf_gscale_x3__svc__d12,rbf_gscale_x3,id_val,train_cv,100.0,0.8952716271627162,0.013562679290771484,0.9163346613545816,0.9163174603174603,0.9163293490166198,0.9169960474308301,0.9495873015873015,0.9257168815714867,port_protocol_service_ablation,39,36,3,ct_src_dport_ltm|ct_dst_sport_ltm|is_sm_ips_ports,ksf-v4-idsplit::
classical_ext,svc,12,rbf_gscale_x3__svc__d12,rbf_gscale_x3,id_test,train_cv,100.0,0.8952716271627162,0.013562679290771484,0.8875502008032129,0.8875161290322581,0.8875338753387534,0.8888888888888888,0.947032258064516,0.9368492712406141,port_protocol_service_ablation,39,36,3,ct_src_dport_ltm|ct_dst_sport_ltm|is_sm_ips_ports,ksf-v4-idsplit::
classical_ext,svc,12,rbf_gscale_x3__svc__d12,rbf_gscale_x3,ood_test,train_cv,100.0,0.8952716271627162,0.013562679290771484,0.834,0.831796128164481,0.8322547787177798,0.8493647912885662,0.8649341083409392,0.7983902936094471,port_protocol_service_ablation,39,36,3,ct_src_dport_ltm|ct_dst_sport_ltm|is_sm_ips_ports,ksf-v4-idsplit::
classical_ext,svc,12,rbf_gscale_x10__svc__d12,rbf_gscale_x10,id_val,fixed_c1,1.0,,0.006043672561645508,0.9243027888446215,0.9241904761904762,0.9242258131147021,0.9266409266409267,0.9598730158730159,0.9295706971461632,port_protocol_service_ablation,39,36,3,ct_src_dport_ltm|ct_dst_sport_ltm|is_sm_ips_ports,ksf-v4-idsplit::
classical_ext,svc,12,rbf_gscale_x10__svc__d12,rbf_gscale_x10,id_test,fixed_c1,1.0,,0.006043672561645508,0.8674698795180723,0.8672580645161291,0.8670495914570019,0.8745247148288974,0.9475483870967742,0.9452246965612962,port_protocol_service_ablation,39,36,3,ct_src_dport_ltm|ct_dst_sport_ltm|is_sm_ips_ports,ksf-v4-idsplit::
classical_ext,svc,12,rbf_gscale_x10__svc__d12,rbf_gscale_x10,ood_test,fixed_c1,1.0,,0.006043672561645508,0.808,0.8040383660790059,0.8026932373107089,0.8350515463917526,0.892595795103361,0.8227917926320747,port_protocol_service_ablation,39,36,3,ct_src_dport_ltm|ct_dst_sport_ltm|is_sm_ips_ports,ksf-v4-idsplit::
classical_ext,svc,12,rbf_gscale_x10__svc__d12,rbf_gscale_x10,id_val,train_cv,10.0,0.8870512051205122,0.009514808654785156,0.9362549800796812,0.9362222222222223,0.936245872491745,0.937007874015748,0.9412698412698411,0.8929400034648725,port_protocol_service_ablation,39,36,3,ct_src_dport_ltm|ct_dst_sport_ltm|is_sm_ips_ports,ksf-v4-idsplit::
classical_ext,svc,12,rbf_gscale_x10__svc__d12,rbf_gscale_x10,id_test,train_cv,10.0,0.8870512051205122,0.009514808654785156,0.8714859437751004,0.8714516129032258,0.8714672861014324,0.873015873015873,0.9478064516129033,0.9423624956484893,port_protocol_service_ablation,39,36,3,ct_src_dport_ltm|ct_dst_sport_ltm|is_sm_ips_ports,ksf-v4-idsplit::
classical_ext,svc,12,rbf_gscale_x10__svc__d12,rbf_gscale_x10,ood_test,train_cv,10.0,0.8870512051205122,0.009514808654785156,0.832,0.8297385149957567,0.8301630434782609,0.8478260869565217,0.874181358184817,0.7954496368073962,port_protocol_service_ablation,39,36,3,ct_src_dport_ltm|ct_dst_sport_ltm|is_sm_ips_ports,ksf-v4-idsplit::
classical_ext,svc,12,laplacian_med_x0.1__svc__d12,laplacian_med_x0.1,id_val,fixed_c1,1.0,,0.011542558670043945,0.9083665338645418,0.9084444444444444,0.9083432563308724,0.9068825910931174,0.9734603174603174,0.9737191288660987,port_protocol_service_ablation,39,36,3,ct_src_dport_ltm|ct_dst_sport_ltm|is_sm_ips_ports,ksf-v4-idsplit::
classical_ext,svc,12,laplacian_med_x0.1__svc__d12,laplacian_med_x0.1,id_test,fixed_c1,1.0,,0.011542558670043945,0.8393574297188755,0.8393548387096774,0.8393548387096774,0.84,0.9385806451612904,0.9329741896443339,port_protocol_service_ablation,39,36,3,ct_src_dport_ltm|ct_dst_sport_ltm|is_sm_ips_ports,ksf-v4-idsplit::
classical_ext,svc,12,laplacian_med_x0.1__svc__d12,laplacian_med_x0.1,ood_test,fixed_c1,1.0,,0.011542558670043945,0.834,0.8314598645337945,0.8318142580982448,0.8509874326750448,0.9227554402651679,0.9054444366414138,port_protocol_service_ablation,39,36,3,ct_src_dport_ltm|ct_dst_sport_ltm|is_sm_ips_ports,ksf-v4-idsplit::
classical_ext,svc,12,laplacian_med_x0.1__svc__d12,laplacian_med_x0.1,id_val,train_cv,10.0,0.880830183018302,0.01511383056640625,0.9083665338645418,0.9085396825396825,0.9082208549943562,0.9045643153526971,0.9765079365079364,0.9771641136032466,port_protocol_service_ablation,39,36,3,ct_src_dport_ltm|ct_dst_sport_ltm|is_sm_ips_ports,ksf-v4-idsplit::
classical_ext,svc,12,laplacian_med_x0.1__svc__d12,laplacian_med_x0.1,id_test,train_cv,10.0,0.880830183018302,0.01511383056640625,0.8473895582329317,0.8474193548387097,0.8473870967741935,0.8467741935483871,0.942258064516129,0.9388400801410665,port_protocol_service_ablation,39,36,3,ct_src_dport_ltm|ct_dst_sport_ltm|is_sm_ips_ports,ksf-v4-idsplit::
classical_ext,svc,12,laplacian_med_x0.1__svc__d12,laplacian_med_x0.1,ood_test,train_cv,10.0,0.880830183018302,0.01511383056640625,0.848,0.8464235960993418,0.8470209339774557,0.8592592592592593,0.9234119549726987,0.8995996022716641,port_protocol_service_ablation,39,36,3,ct_src_dport_ltm|ct_dst_sport_ltm|is_sm_ips_ports,ksf-v4-idsplit::
classical_ext,svc,12,laplacian_med_x0.3__svc__d12,laplacian_med_x0.3,id_val,fixed_c1,1.0,,0.007768154144287109,0.9282868525896414,0.9282222222222223,0.9282583841463414,0.9296875,0.9724444444444444,0.9641783806174294,port_protocol_service_ablation,39,36,3,ct_src_dport_ltm|ct_dst_sport_ltm|is_sm_ips_ports,ksf-v4-idsplit::
classical_ext,svc,12,laplacian_med_x0.3__svc__d12,laplacian_med_x0.3,id_test,fixed_c1,1.0,,0.007768154144287109,0.8755020080321285,0.8752580645161291,0.8749858288120496,0.8830188679245283,0.952,0.9494747835015012,port_protocol_service_ablation,39,36,3,ct_src_dport_ltm|ct_dst_sport_ltm|is_sm_ips_ports,ksf-v4-idsplit::
classical_ext,svc,12,laplacian_med_x0.3__svc__d12,laplacian_med_x0.3,ood_test,fixed_c1,1.0,,0.007768154144287109,0.818,0.8135418167843589,0.8117649005663601,0.8460236886632826,0.9243566956493892,0.9038521351926083,port_protocol_service_ablation,39,36,3,ct_src_dport_ltm|ct_dst_sport_ltm|is_sm_ips_ports,ksf-v4-idsplit::
classical_ext,svc,12,laplacian_med_x0.3__svc__d12,laplacian_med_x0.3,id_val,train_cv,10.0,0.8941213121312132,0.008795022964477539,0.9243027888446215,0.9243492063492064,0.9242979824436084,0.9236947791164659,0.971936507936508,0.9709229870090486,port_protocol_service_ablation,39,36,3,ct_src_dport_ltm|ct_dst_sport_ltm|is_sm_ips_ports,ksf-v4-idsplit::
classical_ext,svc,12,laplacian_med_x0.3__svc__d12,laplacian_med_x0.3,id_test,train_cv,10.0,0.8941213121312132,0.008795022964477539,0.8875502008032129,0.8873870967741936,0.8873303167420814,0.8923076923076924,0.9545806451612904,0.9498958735389458,port_protocol_service_ablation,39,36,3,ct_src_dport_ltm|ct_dst_sport_ltm|is_sm_ips_ports,ksf-v4-idsplit::
classical_ext,svc,12,laplacian_med_x0.3__svc__d12,laplacian_med_x0.3,ood_test,train_cv,10.0,0.8941213121312132,0.008795022964477539,0.838,0.8351267393636611,0.8353865976238767,0.8561278863232682,0.9256216874029239,0.9083346528981114,port_protocol_service_ablation,39,36,3,ct_src_dport_ltm|ct_dst_sport_ltm|is_sm_ips_ports,ksf-v4-idsplit::
classical_ext,svc,12,laplacian_med_x3__svc__d12,laplacian_med_x3,id_val,fixed_c1,1.0,,0.006000518798828125,0.900398406374502,0.9,0.8993180906538307,0.9097472924187726,0.9488888888888889,0.924597970476621,port_protocol_service_ablation,39,36,3,ct_src_dport_ltm|ct_dst_sport_ltm|is_sm_ips_ports,ksf-v4-idsplit::
classical_ext,svc,12,laplacian_med_x3__svc__d12,laplacian_med_x3,id_test,fixed_c1,1.0,,0.006000518798828125,0.8714859437751004,0.871,0.8694626474442988,0.8857142857142857,0.9105161290322581,0.8720825226993187,port_protocol_service_ablation,39,36,3,ct_src_dport_ltm|ct_dst_sport_ltm|is_sm_ips_ports,ksf-v4-idsplit::
classical_ext,svc,12,laplacian_med_x3__svc__d12,laplacian_med_x3,ood_test,fixed_c1,1.0,,0.006000518798828125,0.756,0.7494195449232198,0.7388877474145606,0.8057324840764332,0.8657187234792078,0.8243725721708905,port_protocol_service_ablation,39,36,3,ct_src_dport_ltm|ct_dst_sport_ltm|is_sm_ips_ports,ksf-v4-idsplit::
classical_ext,svc,12,laplacian_med_x3__svc__d12,laplacian_med_x3,id_val,train_cv,100.0,0.900082308230823,0.008749723434448242,0.9243027888446215,0.9243174603174603,0.9243027888446215,0.9243027888446215,0.9696507936507937,0.969601502092997,port_protocol_service_ablation,39,36,3,ct_src_dport_ltm|ct_dst_sport_ltm|is_sm_ips_ports,ksf-v4-idsplit::
classical_ext,svc,12,laplacian_med_x3__svc__d12,laplacian_med_x3,id_test,train_cv,100.0,0.900082308230823,0.008749723434448242,0.8674698795180723,0.8674193548387097,0.867435669920142,0.8695652173913043,0.9409677419354838,0.9223717252303262,port_protocol_service_ablation,39,36,3,ct_src_dport_ltm|ct_dst_sport_ltm|is_sm_ips_ports,ksf-v4-idsplit::
classical_ext,svc,12,laplacian_med_x3__svc__d12,laplacian_med_x3,ood_test,train_cv,100.0,0.900082308230823,0.008749723434448242,0.834,0.831123600903108,0.8313220691701452,0.8525754884547069,0.9108901378680886,0.8861027299734822,port_protocol_service_ablation,39,36,3,ct_src_dport_ltm|ct_dst_sport_ltm|is_sm_ips_ports,ksf-v4-idsplit::
classical_ext,svc,12,laplacian_med_x10__svc__d12,laplacian_med_x10,id_val,fixed_c1,1.0,,0.008473396301269531,0.8924302788844621,0.892,0.8910747866338782,0.9032258064516129,0.906920634920635,0.8156338039810187,port_protocol_service_ablation,39,36,3,ct_src_dport_ltm|ct_dst_sport_ltm|is_sm_ips_ports,ksf-v4-idsplit::
classical_ext,svc,12,laplacian_med_x10__svc__d12,laplacian_med_x10,id_test,fixed_c1,1.0,,0.008473396301269531,0.8594377510040161,0.8589032258064516,0.8567671953324021,0.8763250883392226,0.896258064516129,0.8231621135420095,port_protocol_service_ablation,39,36,3,ct_src_dport_ltm|ct_dst_sport_ltm|is_sm_ips_ports,ksf-v4-idsplit::
classical_ext,svc,12,laplacian_med_x10__svc__d12,laplacian_med_x10,ood_test,fixed_c1,1.0,,0.008473396301269531,0.736,0.728843413235977,0.7142312821489808,0.7931034482758621,0.787593473283054,0.683083405768899,port_protocol_service_ablation,39,36,3,ct_src_dport_ltm|ct_dst_sport_ltm|is_sm_ips_ports,ksf-v4-idsplit::
classical_ext,svc,12,laplacian_med_x10__svc__d12,laplacian_med_x10,id_val,train_cv,100.0,0.9011720172017201,0.008066892623901367,0.9083665338645418,0.9083174603174603,0.9083432563308724,0.9098039215686274,0.9645714285714286,0.9551612668974827,port_protocol_service_ablation,39,36,3,ct_src_dport_ltm|ct_dst_sport_ltm|is_sm_ips_ports,ksf-v4-idsplit::
classical_ext,svc,12,laplacian_med_x10__svc__d12,laplacian_med_x10,id_test,train_cv,100.0,0.9011720172017201,0.008066892623901367,0.8714859437751004,0.8713870967741936,0.8713842975206612,0.875,0.9366451612903226,0.9122065980046514,port_protocol_service_ablation,39,36,3,ct_src_dport_ltm|ct_dst_sport_ltm|is_sm_ips_ports,ksf-v4-idsplit::
classical_ext,svc,12,laplacian_med_x10__svc__d12,laplacian_med_x10,ood_test,train_cv,100.0,0.9011720172017201,0.008066892623901367,0.832,0.8285055483499064,0.8282377189969083,0.8536585365853658,0.9289683111559462,0.9113574778718039,port_protocol_service_ablation,39,36,3,ct_src_dport_ltm|ct_dst_sport_ltm|is_sm_ips_ports,ksf-v4-idsplit::
classical_ext,svc,12,matern15_med_x0.1__svc__d12,matern15_med_x0.1,id_val,fixed_c1,1.0,,0.010000467300415039,0.900398406374502,0.9005079365079365,0.9003414595410149,0.8979591836734694,0.9718730158730159,0.972212024542058,port_protocol_service_ablation,39,36,3,ct_src_dport_ltm|ct_dst_sport_ltm|is_sm_ips_ports,ksf-v4-idsplit::
classical_ext,svc,12,matern15_med_x0.1__svc__d12,matern15_med_x0.1,id_test,fixed_c1,1.0,,0.010000467300415039,0.8393574297188755,0.8393870967741935,0.8393548387096774,0.8387096774193549,0.9314838709677419,0.9197302978537067,port_protocol_service_ablation,39,36,3,ct_src_dport_ltm|ct_dst_sport_ltm|is_sm_ips_ports,ksf-v4-idsplit::
classical_ext,svc,12,matern15_med_x0.1__svc__d12,matern15_med_x0.1,ood_test,fixed_c1,1.0,,0.010000467300415039,0.814,0.8124529631230886,0.8128614490560571,0.8274582560296846,0.9089045811916543,0.8945439644437071,port_protocol_service_ablation,39,36,3,ct_src_dport_ltm|ct_dst_sport_ltm|is_sm_ips_ports,ksf-v4-idsplit::
classical_ext,svc,12,matern15_med_x0.1__svc__d12,matern15_med_x0.1,id_val,train_cv,1.0,0.8697493749374938,0.009025335311889648,0.900398406374502,0.9005079365079365,0.9003414595410149,0.8979591836734694,0.9718730158730159,0.972212024542058,port_protocol_service_ablation,39,36,3,ct_src_dport_ltm|ct_dst_sport_ltm|is_sm_ips_ports,ksf-v4-idsplit::
classical_ext,svc,12,matern15_med_x0.1__svc__d12,matern15_med_x0.1,id_test,train_cv,1.0,0.8697493749374938,0.009025335311889648,0.8393574297188755,0.8393870967741935,0.8393548387096774,0.8387096774193549,0.9314838709677419,0.9197302978537067,port_protocol_service_ablation,39,36,3,ct_src_dport_ltm|ct_dst_sport_ltm|is_sm_ips_ports,ksf-v4-idsplit::
classical_ext,svc,12,matern15_med_x0.1__svc__d12,matern15_med_x0.1,ood_test,train_cv,1.0,0.8697493749374938,0.009025335311889648,0.814,0.8124529631230886,0.8128614490560571,0.8274582560296846,0.9089045811916543,0.8945439644437071,port_protocol_service_ablation,39,36,3,ct_src_dport_ltm|ct_dst_sport_ltm|is_sm_ips_ports,ksf-v4-idsplit::
classical_ext,svc,12,matern15_med_x0.3__svc__d12,matern15_med_x0.3,id_val,fixed_c1,1.0,,0.006819009780883789,0.9282868525896414,0.928063492063492,0.9280298203134956,0.9323308270676691,0.9693968253968255,0.9573895930795201,port_protocol_service_ablation,39,36,3,ct_src_dport_ltm|ct_dst_sport_ltm|is_sm_ips_ports,ksf-v4-idsplit::
classical_ext,svc,12,matern15_med_x0.3__svc__d12,matern15_med_x0.3,id_test,fixed_c1,1.0,,0.006819009780883789,0.8795180722891566,0.8791612903225806,0.8784812597605414,0.8897058823529411,0.9502580645161289,0.9457408541235691,port_protocol_service_ablation,39,36,3,ct_src_dport_ltm|ct_dst_sport_ltm|is_sm_ips_ports,ksf-v4-idsplit::
classical_ext,svc,12,matern15_med_x0.3__svc__d12,matern15_med_x0.3,ood_test,fixed_c1,1.0,,0.006819009780883789,0.792,0.7867928455909433,0.7825941534550807,0.8278145695364238,0.8946854333797698,0.828484241548514,port_protocol_service_ablation,39,36,3,ct_src_dport_ltm|ct_dst_sport_ltm|is_sm_ips_ports,ksf-v4-idsplit::
classical_ext,svc,12,matern15_med_x0.3__svc__d12,matern15_med_x0.3,id_val,train_cv,10.0,0.8851811181118112,0.007499217987060547,0.9282868525896414,0.9282857142857144,0.9282857142857144,0.9285714285714286,0.9466666666666667,0.9167791495287958,port_protocol_service_ablation,39,36,3,ct_src_dport_ltm|ct_dst_sport_ltm|is_sm_ips_ports,ksf-v4-idsplit::
classical_ext,svc,12,matern15_med_x0.3__svc__d12,matern15_med_x0.3,id_test,train_cv,10.0,0.8851811181118112,0.007499217987060547,0.8875502008032129,0.8874516129032258,0.8874612603305785,0.890625,0.9495483870967742,0.9442088787130473,port_protocol_service_ablation,39,36,3,ct_src_dport_ltm|ct_dst_sport_ltm|is_sm_ips_ports,ksf-v4-idsplit::
classical_ext,svc,12,matern15_med_x0.3__svc__d12,matern15_med_x0.3,ood_test,train_cv,10.0,0.8851811181118112,0.007499217987060547,0.826,0.823117323982002,0.8231930122626823,0.8454706927175843,0.8909224832268499,0.8294217491679158,port_protocol_service_ablation,39,36,3,ct_src_dport_ltm|ct_dst_sport_ltm|is_sm_ips_ports,ksf-v4-idsplit::
classical_ext,svc,12,matern15_med_x3__svc__d12,matern15_med_x3,id_val,fixed_c1,1.0,,0.007509469985961914,0.896414342629482,0.896,0.8952016957862281,0.9064748201438849,0.901904761904762,0.8263206410670083,port_protocol_service_ablation,39,36,3,ct_src_dport_ltm|ct_dst_sport_ltm|is_sm_ips_ports,ksf-v4-idsplit::
classical_ext,svc,12,matern15_med_x3__svc__d12,matern15_med_x3,id_test,fixed_c1,1.0,,0.007509469985961914,0.8594377510040161,0.8589032258064516,0.8567671953324021,0.8763250883392226,0.8816774193548388,0.8278598094366589,port_protocol_service_ablation,39,36,3,ct_src_dport_ltm|ct_dst_sport_ltm|is_sm_ips_ports,ksf-v4-idsplit::
classical_ext,svc,12,matern15_med_x3__svc__d12,matern15_med_x3,ood_test,fixed_c1,1.0,,0.007509469985961914,0.736,0.728843413235977,0.7142312821489808,0.7931034482758621,0.7522857920609758,0.6525728240571881,port_protocol_service_ablation,39,36,3,ct_src_dport_ltm|ct_dst_sport_ltm|is_sm_ips_ports,ksf-v4-idsplit::
classical_ext,svc,12,matern15_med_x3__svc__d12,matern15_med_x3,id_val,train_cv,100.0,0.8955219521952195,0.00800013542175293,0.9322709163346613,0.932031746031746,0.9319945812415331,0.9363295880149812,0.9764444444444444,0.9729529197165762,port_protocol_service_ablation,39,36,3,ct_src_dport_ltm|ct_dst_sport_ltm|is_sm_ips_ports,ksf-v4-idsplit::
classical_ext,svc,12,matern15_med_x3__svc__d12,matern15_med_x3,id_test,train_cv,100.0,0.8955219521952195,0.00800013542175293,0.8674698795180723,0.8670967741935484,0.8662271062271063,0.8791208791208791,0.9549677419354838,0.9511226198013116,port_protocol_service_ablation,39,36,3,ct_src_dport_ltm|ct_dst_sport_ltm|is_sm_ips_ports,ksf-v4-idsplit::
classical_ext,svc,12,matern15_med_x3__svc__d12,matern15_med_x3,ood_test,train_cv,100.0,0.8955219521952195,0.00800013542175293,0.798,0.7925173335895341,0.7879211654676863,0.8341543513957307,0.9053017565771565,0.8688362894127851,port_protocol_service_ablation,39,36,3,ct_src_dport_ltm|ct_dst_sport_ltm|is_sm_ips_ports,ksf-v4-idsplit::
classical_ext,svc,12,matern15_med_x10__svc__d12,matern15_med_x10,id_val,fixed_c1,1.0,,0.008054494857788086,0.8326693227091634,0.8325079365079365,0.8323473282442748,0.8396946564885496,0.9406984126984128,0.942789474652639,port_protocol_service_ablation,39,36,3,ct_src_dport_ltm|ct_dst_sport_ltm|is_sm_ips_ports,ksf-v4-idsplit::
classical_ext,svc,12,matern15_med_x10__svc__d12,matern15_med_x10,id_test,fixed_c1,1.0,,0.008054494857788086,0.8032128514056225,0.8029677419354839,0.8023969552190461,0.8150943396226416,0.9069677419354838,0.8924817768343443,port_protocol_service_ablation,39,36,3,ct_src_dport_ltm|ct_dst_sport_ltm|is_sm_ips_ports,ksf-v4-idsplit::
classical_ext,svc,12,matern15_med_x10__svc__d12,matern15_med_x10,ood_test,fixed_c1,1.0,,0.008054494857788086,0.702,0.696105746905574,0.6853552951113926,0.7577235772357723,0.863332852956718,0.8078901910819918,port_protocol_service_ablation,39,36,3,ct_src_dport_ltm|ct_dst_sport_ltm|is_sm_ips_ports,ksf-v4-idsplit::
classical_ext,svc,12,matern15_med_x10__svc__d12,matern15_med_x10,id_val,train_cv,100.0,0.8818906890689069,0.007765769958496094,0.896414342629482,0.896,0.8952016957862281,0.9064748201438849,0.8987936507936509,0.8038599126159575,port_protocol_service_ablation,39,36,3,ct_src_dport_ltm|ct_dst_sport_ltm|is_sm_ips_ports,ksf-v4-idsplit::
classical_ext,svc,12,matern15_med_x10__svc__d12,matern15_med_x10,id_test,train_cv,100.0,0.8818906890689069,0.007765769958496094,0.8594377510040161,0.8589032258064516,0.8567671953324021,0.8763250883392226,0.8941290322580645,0.8421272188552887,port_protocol_service_ablation,39,36,3,ct_src_dport_ltm|ct_dst_sport_ltm|is_sm_ips_ports,ksf-v4-idsplit::
classical_ext,svc,12,matern15_med_x10__svc__d12,matern15_med_x10,ood_test,train_cv,100.0,0.8818906890689069,0.007765769958496094,0.736,0.728843413235977,0.7142312821489808,0.7931034482758621,0.7370578533570319,0.6363038596193944,port_protocol_service_ablation,39,36,3,ct_src_dport_ltm|ct_dst_sport_ltm|is_sm_ips_ports,ksf-v4-idsplit::
classical_ext,svc,12,matern25_med_x0.1__svc__d12,matern25_med_x0.1,id_val,fixed_c1,1.0,,0.009447336196899414,0.896414342629482,0.8965396825396825,0.896333714576185,0.8934426229508197,0.9677460317460317,0.9700991860370541,port_protocol_service_ablation,39,36,3,ct_src_dport_ltm|ct_dst_sport_ltm|is_sm_ips_ports,ksf-v4-idsplit::
classical_ext,svc,12,matern25_med_x0.1__svc__d12,matern25_med_x0.1,id_test,fixed_c1,1.0,,0.009447336196899414,0.8353413654618473,0.8353870967741935,0.8353307418100876,0.8340080971659919,0.9309677419354838,0.9188682513412552,port_protocol_service_ablation,39,36,3,ct_src_dport_ltm|ct_dst_sport_ltm|is_sm_ips_ports,ksf-v4-idsplit::
classical_ext,svc,12,matern25_med_x0.1__svc__d12,matern25_med_x0.1,ood_test,fixed_c1,1.0,,0.009447336196899414,0.81,0.8086740004163264,0.8090644156366193,0.822429906542056,0.9065587420537702,0.8894037972866382,port_protocol_service_ablation,39,36,3,ct_src_dport_ltm|ct_dst_sport_ltm|is_sm_ips_ports,ksf-v4-idsplit::
classical_ext,svc,12,matern25_med_x0.1__svc__d12,matern25_med_x0.1,id_val,train_cv,1.0,0.8677091709170917,0.008291482925415039,0.896414342629482,0.8965396825396825,0.896333714576185,0.8934426229508197,0.9677460317460317,0.9700991860370541,port_protocol_service_ablation,39,36,3,ct_src_dport_ltm|ct_dst_sport_ltm|is_sm_ips_ports,ksf-v4-idsplit::
classical_ext,svc,12,matern25_med_x0.1__svc__d12,matern25_med_x0.1,id_test,train_cv,1.0,0.8677091709170917,0.008291482925415039,0.8353413654618473,0.8353870967741935,0.8353307418100876,0.8340080971659919,0.9309677419354838,0.9188682513412552,port_protocol_service_ablation,39,36,3,ct_src_dport_ltm|ct_dst_sport_ltm|is_sm_ips_ports,ksf-v4-idsplit::
classical_ext,svc,12,matern25_med_x0.1__svc__d12,matern25_med_x0.1,ood_test,train_cv,1.0,0.8677091709170917,0.008291482925415039,0.81,0.8086740004163264,0.8090644156366193,0.822429906542056,0.9065587420537702,0.8894037972866382,port_protocol_service_ablation,39,36,3,ct_src_dport_ltm|ct_dst_sport_ltm|is_sm_ips_ports,ksf-v4-idsplit::
classical_ext,svc,12,matern25_med_x0.3__svc__d12,matern25_med_x0.3,id_val,fixed_c1,1.0,,0.00599980354309082,0.9282868525896414,0.928063492063492,0.9280298203134956,0.9323308270676691,0.9695238095238095,0.9575073013821556,port_protocol_service_ablation,39,36,3,ct_src_dport_ltm|ct_dst_sport_ltm|is_sm_ips_ports,ksf-v4-idsplit::
classical_ext,svc,12,matern25_med_x0.3__svc__d12,matern25_med_x0.3,id_test,fixed_c1,1.0,,0.00599980354309082,0.8714859437751004,0.8710967741935484,0.870177267987487,0.8832116788321168,0.9514838709677419,0.9487441162470613,port_protocol_service_ablation,39,36,3,ct_src_dport_ltm|ct_dst_sport_ltm|is_sm_ips_ports,ksf-v4-idsplit::
classical_ext,svc,12,matern25_med_x0.3__svc__d12,matern25_med_x0.3,ood_test,fixed_c1,1.0,,0.00599980354309082,0.796,0.7907959840514964,0.786775035119406,0.8311258278145696,0.8957902995948824,0.8359082632791419,port_protocol_service_ablation,39,36,3,ct_src_dport_ltm|ct_dst_sport_ltm|is_sm_ips_ports,ksf-v4-idsplit::
classical_ext,svc,12,matern25_med_x0.3__svc__d12,matern25_med_x0.3,id_val,train_cv,10.0,0.8922116211621163,0.008100032806396484,0.9362549800796812,0.9362222222222223,0.936245872491745,0.937007874015748,0.9488253968253968,0.9082864479732067,port_protocol_service_ablation,39,36,3,ct_src_dport_ltm|ct_dst_sport_ltm|is_sm_ips_ports,ksf-v4-idsplit::
classical_ext,svc,12,matern25_med_x0.3__svc__d12,matern25_med_x0.3,id_test,train_cv,10.0,0.8922116211621163,0.008100032806396484,0.8955823293172691,0.895483870967742,0.8954997417355373,0.8984375,0.9519354838709677,0.9493699480830606,port_protocol_service_ablation,39,36,3,ct_src_dport_ltm|ct_dst_sport_ltm|is_sm_ips_ports,ksf-v4-idsplit::
classical_ext,svc,12,matern25_med_x0.3__svc__d12,matern25_med_x0.3,ood_test,train_cv,10.0,0.8922116211621163,0.008100032806396484,0.826,0.8233414997357928,0.8235430129117837,0.8443649373881932,0.8853020768282333,0.8175193935636271,port_protocol_service_ablation,39,36,3,ct_src_dport_ltm|ct_dst_sport_ltm|is_sm_ips_ports,ksf-v4-idsplit::
classical_ext,svc,12,matern25_med_x3__svc__d12,matern25_med_x3,id_val,fixed_c1,1.0,,0.0069997310638427734,0.8366533864541833,0.8365714285714285,0.8365599936472643,0.8404669260700389,0.9005714285714287,0.829532117338732,port_protocol_service_ablation,39,36,3,ct_src_dport_ltm|ct_dst_sport_ltm|is_sm_ips_ports,ksf-v4-idsplit::
classical_ext,svc,12,matern25_med_x3__svc__d12,matern25_med_x3,id_test,fixed_c1,1.0,,0.0069997310638427734,0.8112449799196787,0.8110967741935484,0.8109400494337733,0.8185328185328186,0.8658064516129033,0.8028074561765411,port_protocol_service_ablation,39,36,3,ct_src_dport_ltm|ct_dst_sport_ltm|is_sm_ips_ports,ksf-v4-idsplit::
classical_ext,svc,12,matern25_med_x3__svc__d12,matern25_med_x3,ood_test,fixed_c1,1.0,,0.0069997310638427734,0.716,0.7110694784711213,0.7046539875871479,0.7625418060200669,0.7324942755120014,0.6429615425007322,port_protocol_service_ablation,39,36,3,ct_src_dport_ltm|ct_dst_sport_ltm|is_sm_ips_ports,ksf-v4-idsplit::
classical_ext,svc,12,matern25_med_x3__svc__d12,matern25_med_x3,id_val,train_cv,100.0,0.8917516751675167,0.008999109268188477,0.9243027888446215,0.9239999999999999,0.9238191083209533,0.9298892988929889,0.9665396825396825,0.9584190067798344,port_protocol_service_ablation,39,36,3,ct_src_dport_ltm|ct_dst_sport_ltm|is_sm_ips_ports,ksf-v4-idsplit::
classical_ext,svc,12,matern25_med_x3__svc__d12,matern25_med_x3,id_test,train_cv,100.0,0.8917516751675167,0.008999109268188477,0.8594377510040161,0.859,0.8576375843311499,0.8736462093862816,0.948258064516129,0.94167290577465,port_protocol_service_ablation,39,36,3,ct_src_dport_ltm|ct_dst_sport_ltm|is_sm_ips_ports,ksf-v4-idsplit::
classical_ext,svc,12,matern25_med_x3__svc__d12,matern25_med_x3,ood_test,train_cv,100.0,0.8917516751675167,0.008999109268188477,0.772,0.7658804502730141,0.7580645161290323,0.8161290322580645,0.8801140093833565,0.83428541347497,port_protocol_service_ablation,39,36,3,ct_src_dport_ltm|ct_dst_sport_ltm|is_sm_ips_ports,ksf-v4-idsplit::
classical_ext,svc,12,matern25_med_x10__svc__d12,matern25_med_x10,id_val,fixed_c1,1.0,,0.008999824523925781,0.7091633466135459,0.7085714285714286,0.7023409197979109,0.7474048442906575,0.9078095238095238,0.9252873698453746,port_protocol_service_ablation,39,36,3,ct_src_dport_ltm|ct_dst_sport_ltm|is_sm_ips_ports,ksf-v4-idsplit::
classical_ext,svc,12,matern25_med_x10__svc__d12,matern25_med_x10,id_test,fixed_c1,1.0,,0.008999824523925781,0.7269076305220884,0.7265483870967742,0.7245575221238938,0.75,0.8765806451612903,0.8793150652259234,port_protocol_service_ablation,39,36,3,ct_src_dport_ltm|ct_dst_sport_ltm|is_sm_ips_ports,ksf-v4-idsplit::
classical_ext,svc,12,matern25_med_x10__svc__d12,matern25_med_x10,ood_test,fixed_c1,1.0,,0.008999824523925781,0.698,0.6922146963219165,0.681744797265113,0.7536704730831973,0.8532129189284399,0.8074958119660032,port_protocol_service_ablation,39,36,3,ct_src_dport_ltm|ct_dst_sport_ltm|is_sm_ips_ports,ksf-v4-idsplit::
classical_ext,svc,12,matern25_med_x10__svc__d12,matern25_med_x10,id_val,train_cv,100.0,0.8526082608260825,0.008999824523925781,0.848605577689243,0.8484126984126985,0.8481983702571938,0.8560606060606061,0.8895238095238096,0.8018848897400319,port_protocol_service_ablation,39,36,3,ct_src_dport_ltm|ct_dst_sport_ltm|is_sm_ips_ports,ksf-v4-idsplit::
classical_ext,svc,12,matern25_med_x10__svc__d12,matern25_med_x10,id_test,train_cv,100.0,0.8526082608260825,0.008999824523925781,0.8192771084337349,0.8189354838709677,0.8178552270104199,0.8339483394833949,0.871741935483871,0.809892068312867,port_protocol_service_ablation,39,36,3,ct_src_dport_ltm|ct_dst_sport_ltm|is_sm_ips_ports,ksf-v4-idsplit::
classical_ext,svc,12,matern25_med_x10__svc__d12,matern25_med_x10,ood_test,train_cv,100.0,0.8526082608260825,0.008999824523925781,0.716,0.7095002481945846,0.696741897456049,0.7731629392971247,0.7435269251092858,0.6464767012492975,port_protocol_service_ablation,39,36,3,ct_src_dport_ltm|ct_dst_sport_ltm|is_sm_ips_ports,ksf-v4-idsplit::
quantum,svc,12,zz_r1_full__as0.5__svc__d12,zz_r1_full__as0.5,id_val,fixed_c1,1.0,,0.012999296188354492,0.9203187250996016,0.9203174603174603,0.9203174603174603,0.9206349206349206,0.9744126984126984,0.9735629999372262,port_protocol_service_ablation,39,36,3,ct_src_dport_ltm|ct_dst_sport_ltm|is_sm_ips_ports,ksf-v4-idsplit::
quantum,svc,12,zz_r1_full__as0.5__svc__d12,zz_r1_full__as0.5,id_test,fixed_c1,1.0,,0.012999296188354492,0.8714859437751004,0.8713548387096774,0.8713178294573644,0.875968992248062,0.93,0.9042835967516846,port_protocol_service_ablation,39,36,3,ct_src_dport_ltm|ct_dst_sport_ltm|is_sm_ips_ports,ksf-v4-idsplit::
quantum,svc,12,zz_r1_full__as0.5__svc__d12,zz_r1_full__as0.5,ood_test,fixed_c1,1.0,,0.012999296188354492,0.79,0.7867528142063378,0.7859231198952858,0.8154657293497364,0.9027877856239291,0.8826817531573037,port_protocol_service_ablation,39,36,3,ct_src_dport_ltm|ct_dst_sport_ltm|is_sm_ips_ports,ksf-v4-idsplit::
quantum,svc,12,zz_r1_full__as0.5__svc__d12,zz_r1_full__as0.5,id_val,train_cv,100.0,0.8627786778677867,0.013979911804199219,0.900398406374502,0.9005714285714286,0.9002400597764741,0.8962655601659751,0.9652698412698414,0.9712110365744789,port_protocol_service_ablation,39,36,3,ct_src_dport_ltm|ct_dst_sport_ltm|is_sm_ips_ports,ksf-v4-idsplit::
quantum,svc,12,zz_r1_full__as0.5__svc__d12,zz_r1_full__as0.5,id_test,train_cv,100.0,0.8627786778677867,0.013979911804199219,0.8634538152610441,0.8633548387096774,0.8633458161157025,0.8671875,0.9312903225806451,0.8974771817266765,port_protocol_service_ablation,39,36,3,ct_src_dport_ltm|ct_dst_sport_ltm|is_sm_ips_ports,ksf-v4-idsplit::
quantum,svc,12,zz_r1_full__as0.5__svc__d12,zz_r1_full__as0.5,ood_test,train_cv,100.0,0.8627786778677867,0.013979911804199219,0.802,0.8001072841107428,0.8003831031353967,0.818348623853211,0.9029479111623514,0.903051430973382,port_protocol_service_ablation,39,36,3,ct_src_dport_ltm|ct_dst_sport_ltm|is_sm_ips_ports,ksf-v4-idsplit::
quantum,svc,12,zz_r2_full__as0.5__svc__d12,zz_r2_full__as0.5,id_val,fixed_c1,1.0,,0.010729312896728516,0.8366533864541833,0.8371746031746032,0.8339545315197573,0.8127853881278538,0.9653968253968255,0.9665094683950679,port_protocol_service_ablation,39,36,3,ct_src_dport_ltm|ct_dst_sport_ltm|is_sm_ips_ports,ksf-v4-idsplit::
quantum,svc,12,zz_r2_full__as0.5__svc__d12,zz_r2_full__as0.5,id_test,fixed_c1,1.0,,0.010729312896728516,0.7670682730923695,0.7676774193548387,0.7618089457712098,0.7264150943396226,0.9188387096774193,0.8943438887924386,port_protocol_service_ablation,39,36,3,ct_src_dport_ltm|ct_dst_sport_ltm|is_sm_ips_ports,ksf-v4-idsplit::
quantum,svc,12,zz_r2_full__as0.5__svc__d12,zz_r2_full__as0.5,ood_test,fixed_c1,1.0,,0.010729312896728516,0.804,0.8059758850939136,0.8035473731477323,0.7941176470588235,0.9109061504219307,0.89838076000093,port_protocol_service_ablation,39,36,3,ct_src_dport_ltm|ct_dst_sport_ltm|is_sm_ips_ports,ksf-v4-idsplit::
quantum,svc,12,zz_r2_full__as0.5__svc__d12,zz_r2_full__as0.5,id_val,train_cv,100.0,0.8028638863886389,0.013622045516967773,0.848605577689243,0.8490793650793651,0.8465572715572716,0.8288288288288288,0.9530158730158731,0.9616573850368739,port_protocol_service_ablation,39,36,3,ct_src_dport_ltm|ct_dst_sport_ltm|is_sm_ips_ports,ksf-v4-idsplit::
quantum,svc,12,zz_r2_full__as0.5__svc__d12,zz_r2_full__as0.5,id_test,train_cv,100.0,0.8028638863886389,0.013622045516967773,0.7831325301204819,0.7836129032258065,0.7801504251144539,0.7545454545454545,0.9164516129032259,0.8905757537792539,port_protocol_service_ablation,39,36,3,ct_src_dport_ltm|ct_dst_sport_ltm|is_sm_ips_ports,ksf-v4-idsplit::
quantum,svc,12,zz_r2_full__as0.5__svc__d12,zz_r2_full__as0.5,ood_test,train_cv,100.0,0.8028638863886389,0.013622045516967773,0.802,0.8039182719251894,0.8015801435838235,0.7924528301886793,0.8990248354710094,0.9034297649629293,port_protocol_service_ablation,39,36,3,ct_src_dport_ltm|ct_dst_sport_ltm|is_sm_ips_ports,ksf-v4-idsplit::
quantum,svc,12,pauli_xz_r1_full__as0.5__svc__d12,pauli_xz_r1_full__as0.5,id_val,fixed_c1,1.0,,0.006650209426879883,0.9203187250996016,0.9199999999999999,0.9197570332480818,0.9264705882352942,0.9662857142857142,0.9590022060695844,port_protocol_service_ablation,39,36,3,ct_src_dport_ltm|ct_dst_sport_ltm|is_sm_ips_ports,ksf-v4-idsplit::
quantum,svc,12,pauli_xz_r1_full__as0.5__svc__d12,pauli_xz_r1_full__as0.5,id_test,fixed_c1,1.0,,0.006650209426879883,0.8674698795180723,0.867,0.8655177493003388,0.8817204301075269,0.9464516129032258,0.9408518862595341,port_protocol_service_ablation,39,36,3,ct_src_dport_ltm|ct_dst_sport_ltm|is_sm_ips_ports,ksf-v4-idsplit::
quantum,svc,12,pauli_xz_r1_full__as0.5__svc__d12,pauli_xz_r1_full__as0.5,ood_test,fixed_c1,1.0,,0.006650209426879883,0.768,0.7618773118124609,0.7538200339558574,0.8129032258064516,0.8728443099389922,0.8156077232049339,port_protocol_service_ablation,39,36,3,ct_src_dport_ltm|ct_dst_sport_ltm|is_sm_ips_ports,ksf-v4-idsplit::
quantum,svc,12,pauli_xz_r1_full__as0.5__svc__d12,pauli_xz_r1_full__as0.5,id_val,train_cv,100.0,0.9002522252225222,0.015232563018798828,0.9163346613545816,0.9162539682539683,0.9162868260144524,0.9182879377431906,0.9586666666666667,0.9388933864487592,port_protocol_service_ablation,39,36,3,ct_src_dport_ltm|ct_dst_sport_ltm|is_sm_ips_ports,ksf-v4-idsplit::
quantum,svc,12,pauli_xz_r1_full__as0.5__svc__d12,pauli_xz_r1_full__as0.5,id_test,train_cv,100.0,0.9002522252225222,0.015232563018798828,0.8955823293172691,0.8954516129032258,0.8954457364341086,0.8992248062015504,0.9508387096774193,0.9492142705407157,port_protocol_service_ablation,39,36,3,ct_src_dport_ltm|ct_dst_sport_ltm|is_sm_ips_ports,ksf-v4-idsplit::
quantum,svc,12,pauli_xz_r1_full__as0.5__svc__d12,pauli_xz_r1_full__as0.5,ood_test,train_cv,100.0,0.9002522252225222,0.015232563018798828,0.828,0.8249507613969351,0.8249499275374119,0.8480565371024735,0.880818561752414,0.8322602255573377,port_protocol_service_ablation,39,36,3,ct_src_dport_ltm|ct_dst_sport_ltm|is_sm_ips_ports,ksf-v4-idsplit::
quantum,svc,12,zmap_r2__as0.5__svc__d12,zmap_r2__as0.5,id_val,fixed_c1,1.0,,0.007776498794555664,0.9282868525896414,0.928031746031746,0.9279563719862227,0.9328358208955224,0.9704761904761905,0.9646431967097147,port_protocol_service_ablation,39,36,3,ct_src_dport_ltm|ct_dst_sport_ltm|is_sm_ips_ports,ksf-v4-idsplit::
quantum,svc,12,zmap_r2__as0.5__svc__d12,zmap_r2__as0.5,id_test,fixed_c1,1.0,,0.007776498794555664,0.8634538152610441,0.8630322580645161,0.8618292205248728,0.8768115942028986,0.9501290322580644,0.9473237443377109,port_protocol_service_ablation,39,36,3,ct_src_dport_ltm|ct_dst_sport_ltm|is_sm_ips_ports,ksf-v4-idsplit::
quantum,svc,12,zmap_r2__as0.5__svc__d12,zmap_r2__as0.5,ood_test,fixed_c1,1.0,,0.007776498794555664,0.784,0.7782261292853597,0.7721557442068488,0.8241042345276873,0.8960304879025155,0.8520978924474312,port_protocol_service_ablation,39,36,3,ct_src_dport_ltm|ct_dst_sport_ltm|is_sm_ips_ports,ksf-v4-idsplit::
quantum,svc,12,zmap_r2__as0.5__svc__d12,zmap_r2__as0.5,id_val,train_cv,100.0,0.8942017201720173,0.01283121109008789,0.9203187250996016,0.9202857142857144,0.9203073406146812,0.9212598425196851,0.9535238095238094,0.9351598018032691,port_protocol_service_ablation,39,36,3,ct_src_dport_ltm|ct_dst_sport_ltm|is_sm_ips_ports,ksf-v4-idsplit::
quantum,svc,12,zmap_r2__as0.5__svc__d12,zmap_r2__as0.5,id_test,train_cv,100.0,0.8942017201720173,0.01283121109008789,0.8995983935742972,0.8995161290322581,0.8995400629387558,0.9019607843137255,0.9519354838709677,0.953719285598692,port_protocol_service_ablation,39,36,3,ct_src_dport_ltm|ct_dst_sport_ltm|is_sm_ips_ports,ksf-v4-idsplit::
quantum,svc,12,zmap_r2__as0.5__svc__d12,zmap_r2__as0.5,ood_test,train_cv,100.0,0.8942017201720173,0.01283121109008789,0.828,0.8256232886583081,0.8259701154263328,0.8447653429602888,0.8768154232918608,0.8169323002592205,port_protocol_service_ablation,39,36,3,ct_src_dport_ltm|ct_dst_sport_ltm|is_sm_ips_ports,ksf-v4-idsplit::
quantum,svc,12,zz_r1_full__svc__d12,zz_r1_full,id_val,fixed_c1,1.0,,0.012670516967773438,0.900398406374502,0.9005396825396825,0.9002971225193448,0.897119341563786,0.9761269841269842,0.9750860191289051,port_protocol_service_ablation,39,36,3,ct_src_dport_ltm|ct_dst_sport_ltm|is_sm_ips_ports,ksf-v4-idsplit::
quantum,svc,12,zz_r1_full__svc__d12,zz_r1_full,id_test,fixed_c1,1.0,,0.012670516967773438,0.8152610441767069,0.8154838709677419,0.8147561133393713,0.8050847457627118,0.9292258064516129,0.8981303338844939,port_protocol_service_ablation,39,36,3,ct_src_dport_ltm|ct_dst_sport_ltm|is_sm_ips_ports,ksf-v4-idsplit::
quantum,svc,12,zz_r1_full__svc__d12,zz_r1_full,ood_test,fixed_c1,1.0,,0.012670516967773438,0.812,0.8108437014619462,0.8112267849109955,0.8233082706766918,0.9086804054378633,0.9008944614346984,port_protocol_service_ablation,39,36,3,ct_src_dport_ltm|ct_dst_sport_ltm|is_sm_ips_ports,ksf-v4-idsplit::
quantum,svc,12,zz_r1_full__svc__d12,zz_r1_full,id_val,train_cv,100.0,0.8444067406740674,0.015631675720214844,0.8804780876494024,0.8807301587301587,0.8800497005224927,0.8728813559322034,0.9632380952380951,0.9708020606554786,port_protocol_service_ablation,39,36,3,ct_src_dport_ltm|ct_dst_sport_ltm|is_sm_ips_ports,ksf-v4-idsplit::
quantum,svc,12,zz_r1_full__svc__d12,zz_r1_full,id_test,train_cv,100.0,0.8444067406740674,0.015631675720214844,0.8112449799196787,0.8114193548387096,0.8109400494337733,0.803347280334728,0.9290967741935484,0.9036781333132867,port_protocol_service_ablation,39,36,3,ct_src_dport_ltm|ct_dst_sport_ltm|is_sm_ips_ports,ksf-v4-idsplit::
quantum,svc,12,zz_r1_full__svc__d12,zz_r1_full,ood_test,train_cv,100.0,0.8444067406740674,0.015631675720214844,0.798,0.7972250244191446,0.7974937343358396,0.8076190476190476,0.8882964243967271,0.8891734085993548,port_protocol_service_ablation,39,36,3,ct_src_dport_ltm|ct_dst_sport_ltm|is_sm_ips_ports,ksf-v4-idsplit::
quantum,svc,12,zz_r2_full__svc__d12,zz_r2_full,id_val,fixed_c1,1.0,,0.012504816055297852,0.8247011952191236,0.8253333333333333,0.8203643461288224,0.7924528301886793,0.9596825396825397,0.962169391846981,port_protocol_service_ablation,39,36,3,ct_src_dport_ltm|ct_dst_sport_ltm|is_sm_ips_ports,ksf-v4-idsplit::
quantum,svc,12,zz_r2_full__svc__d12,zz_r2_full,id_test,fixed_c1,1.0,,0.012504816055297852,0.7751004016064257,0.7758387096774193,0.7675070028011204,0.7254901960784313,0.9125806451612902,0.912140356523418,port_protocol_service_ablation,39,36,3,ct_src_dport_ltm|ct_dst_sport_ltm|is_sm_ips_ports,ksf-v4-idsplit::
quantum,svc,12,zz_r2_full__svc__d12,zz_r2_full,ood_test,fixed_c1,1.0,,0.012504816055297852,0.818,0.8212758802901474,0.8163775116933222,0.7991169977924945,0.9135642343597381,0.9008360482604578,port_protocol_service_ablation,39,36,3,ct_src_dport_ltm|ct_dst_sport_ltm|is_sm_ips_ports,ksf-v4-idsplit::
quantum,svc,12,zz_r2_full__svc__d12,zz_r2_full,id_val,train_cv,10.0,0.7915727572757276,0.014398813247680664,0.8247011952191236,0.8253650793650793,0.8198956294846705,0.7904761904761904,0.9523809523809523,0.9605867415546185,port_protocol_service_ablation,39,36,3,ct_src_dport_ltm|ct_dst_sport_ltm|is_sm_ips_ports,ksf-v4-idsplit::
quantum,svc,12,zz_r2_full__svc__d12,zz_r2_full,id_test,train_cv,10.0,0.7915727572757276,0.014398813247680664,0.7751004016064257,0.7758064516129033,0.7681872589440085,0.7281553398058253,0.9094838709677419,0.8969817209368564,port_protocol_service_ablation,39,36,3,ct_src_dport_ltm|ct_dst_sport_ltm|is_sm_ips_ports,ksf-v4-idsplit::
quantum,svc,12,zz_r2_full__svc__d12,zz_r2_full,ood_test,train_cv,10.0,0.7915727572757276,0.014398813247680664,0.812,0.8152151286608701,0.810395184844524,0.7929515418502202,0.9111783638372485,0.9007638681937304,port_protocol_service_ablation,39,36,3,ct_src_dport_ltm|ct_dst_sport_ltm|is_sm_ips_ports,ksf-v4-idsplit::
quantum,svc,12,pauli_xz_r1_full__svc__d12,pauli_xz_r1_full,id_val,fixed_c1,1.0,,0.007666349411010742,0.9243027888446215,0.9241269841269841,0.9241293730213023,0.9277566539923955,0.9671746031746031,0.9575884165274736,port_protocol_service_ablation,39,36,3,ct_src_dport_ltm|ct_dst_sport_ltm|is_sm_ips_ports,ksf-v4-idsplit::
quantum,svc,12,pauli_xz_r1_full__svc__d12,pauli_xz_r1_full,id_test,fixed_c1,1.0,,0.007666349411010742,0.8674698795180723,0.8671612903225806,0.8666093082904498,0.8773234200743495,0.9507096774193549,0.949356183261745,port_protocol_service_ablation,39,36,3,ct_src_dport_ltm|ct_dst_sport_ltm|is_sm_ips_ports,ksf-v4-idsplit::
quantum,svc,12,pauli_xz_r1_full__svc__d12,pauli_xz_r1_full,ood_test,fixed_c1,1.0,,0.007666349411010742,0.802,0.7977534386959375,0.7958181915679101,0.8313458262350937,0.8908904581191656,0.8239088212294758,port_protocol_service_ablation,39,36,3,ct_src_dport_ltm|ct_dst_sport_ltm|is_sm_ips_ports,ksf-v4-idsplit::
quantum,svc,12,pauli_xz_r1_full__svc__d12,pauli_xz_r1_full,id_val,train_cv,10.0,0.8972023202320232,0.008580207824707031,0.9282868525896414,0.9281904761904762,0.928231033168128,0.9302325581395349,0.9566349206349206,0.9083990777093699,port_protocol_service_ablation,39,36,3,ct_src_dport_ltm|ct_dst_sport_ltm|is_sm_ips_ports,ksf-v4-idsplit::
quantum,svc,12,pauli_xz_r1_full__svc__d12,pauli_xz_r1_full,id_test,train_cv,10.0,0.8972023202320232,0.008580207824707031,0.891566265060241,0.8913548387096775,0.8912223930102743,0.8973384030418251,0.9506451612903224,0.9517884751289258,port_protocol_service_ablation,39,36,3,ct_src_dport_ltm|ct_dst_sport_ltm|is_sm_ips_ports,ksf-v4-idsplit::
quantum,svc,12,pauli_xz_r1_full__svc__d12,pauli_xz_r1_full,ood_test,train_cv,10.0,0.8972023202320232,0.008580207824707031,0.822,0.8191141855214488,0.819128483808951,0.8419182948490231,0.8762389713535411,0.8021639625019727,port_protocol_service_ablation,39,36,3,ct_src_dport_ltm|ct_dst_sport_ltm|is_sm_ips_ports,ksf-v4-idsplit::
quantum,svc,12,zmap_r2__svc__d12,zmap_r2,id_val,fixed_c1,1.0,,0.0060007572174072266,0.9322709163346613,0.9321269841269841,0.9321632406480025,0.9348659003831418,0.9717460317460318,0.9656899682405797,port_protocol_service_ablation,39,36,3,ct_src_dport_ltm|ct_dst_sport_ltm|is_sm_ips_ports,ksf-v4-idsplit::
quantum,svc,12,zmap_r2__svc__d12,zmap_r2,id_test,fixed_c1,1.0,,0.0060007572174072266,0.8634538152610441,0.863225806451613,0.8629564879564879,0.8712121212121212,0.9355483870967742,0.9040547636196923,port_protocol_service_ablation,39,36,3,ct_src_dport_ltm|ct_dst_sport_ltm|is_sm_ips_ports,ksf-v4-idsplit::
quantum,svc,12,zmap_r2__svc__d12,zmap_r2,ood_test,fixed_c1,1.0,,0.0060007572174072266,0.802,0.7978655265728332,0.7961075069508805,0.8307692307692308,0.8870314326431923,0.8179631485715525,port_protocol_service_ablation,39,36,3,ct_src_dport_ltm|ct_dst_sport_ltm|is_sm_ips_ports,ksf-v4-idsplit::
quantum,svc,12,zmap_r2__svc__d12,zmap_r2,id_val,train_cv,1.0,0.8914314431443143,0.005999326705932617,0.9322709163346613,0.9321269841269841,0.9321632406480025,0.9348659003831418,0.9717460317460318,0.9656899682405797,port_protocol_service_ablation,39,36,3,ct_src_dport_ltm|ct_dst_sport_ltm|is_sm_ips_ports,ksf-v4-idsplit::
quantum,svc,12,zmap_r2__svc__d12,zmap_r2,id_test,train_cv,1.0,0.8914314431443143,0.005999326705932617,0.8634538152610441,0.863225806451613,0.8629564879564879,0.8712121212121212,0.9355483870967742,0.9040547636196923,port_protocol_service_ablation,39,36,3,ct_src_dport_ltm|ct_dst_sport_ltm|is_sm_ips_ports,ksf-v4-idsplit::
quantum,svc,12,zmap_r2__svc__d12,zmap_r2,ood_test,train_cv,1.0,0.8914314431443143,0.005999326705932617,0.802,0.7978655265728332,0.7961075069508805,0.8307692307692308,0.8870314326431923,0.8179631485715525,port_protocol_service_ablation,39,36,3,ct_src_dport_ltm|ct_dst_sport_ltm|is_sm_ips_ports,ksf-v4-idsplit::
quantum,svc,12,zz_r1_full__as2__svc__d12,zz_r1_full__as2,id_val,fixed_c1,1.0,,0.011880636215209961,0.8326693227091634,0.8331746031746032,0.8300773694390715,0.8090909090909091,0.9755555555555555,0.9744964071827142,port_protocol_service_ablation,39,36,3,ct_src_dport_ltm|ct_dst_sport_ltm|is_sm_ips_ports,ksf-v4-idsplit::
quantum,svc,12,zz_r1_full__as2__svc__d12,zz_r1_full__as2,id_test,fixed_c1,1.0,,0.011880636215209961,0.7710843373493976,0.7716774193548387,0.7661971830985916,0.7323943661971831,0.9351612903225806,0.9336961018739537,port_protocol_service_ablation,39,36,3,ct_src_dport_ltm|ct_dst_sport_ltm|is_sm_ips_ports,ksf-v4-idsplit::
quantum,svc,12,zz_r1_full__as2__svc__d12,zz_r1_full__as2,ood_test,fixed_c1,1.0,,0.011880636215209961,0.808,0.8099790235544667,0.8075566104304317,0.7983193277310925,0.912283230052361,0.8966812625270695,port_protocol_service_ablation,39,36,3,ct_src_dport_ltm|ct_dst_sport_ltm|is_sm_ips_ports,ksf-v4-idsplit::
quantum,svc,12,zz_r1_full__as2__svc__d12,zz_r1_full__as2,id_val,train_cv,10.0,0.80493399339934,0.011526823043823242,0.852589641434263,0.8530793650793651,0.8504532938277967,0.832579185520362,0.9684444444444444,0.973107364366648,port_protocol_service_ablation,39,36,3,ct_src_dport_ltm|ct_dst_sport_ltm|is_sm_ips_ports,ksf-v4-idsplit::
quantum,svc,12,zz_r1_full__as2__svc__d12,zz_r1_full__as2,id_test,train_cv,10.0,0.80493399339934,0.011526823043823242,0.7831325301204819,0.7836451612903226,0.7797182175622543,0.7522935779816514,0.9318709677419355,0.9176190776325661,port_protocol_service_ablation,39,36,3,ct_src_dport_ltm|ct_dst_sport_ltm|is_sm_ips_ports,ksf-v4-idsplit::
quantum,svc,12,zz_r1_full__as2__svc__d12,zz_r1_full__as2,ood_test,train_cv,10.0,0.80493399339934,0.011526823043823242,0.808,0.8097548478006757,0.8076923076923077,0.8,0.9064546604537959,0.8862310952216235,port_protocol_service_ablation,39,36,3,ct_src_dport_ltm|ct_dst_sport_ltm|is_sm_ips_ports,ksf-v4-idsplit::
quantum,svc,12,zz_r2_full__as2__svc__d12,zz_r2_full__as2,id_val,fixed_c1,1.0,,0.012852907180786133,0.8167330677290837,0.8174285714285714,0.8111917844060701,0.7788461538461539,0.9538412698412699,0.9576000911589607,port_protocol_service_ablation,39,36,3,ct_src_dport_ltm|ct_dst_sport_ltm|is_sm_ips_ports,ksf-v4-idsplit::
quantum,svc,12,zz_r2_full__as2__svc__d12,zz_r2_full__as2,id_test,fixed_c1,1.0,,0.012852907180786133,0.7710843373493976,0.7718709677419355,0.7622493592642846,0.7164179104477612,0.9129032258064517,0.9203091880942204,port_protocol_service_ablation,39,36,3,ct_src_dport_ltm|ct_dst_sport_ltm|is_sm_ips_ports,ksf-v4-idsplit::
quantum,svc,12,zz_r2_full__as2__svc__d12,zz_r2_full__as2,ood_test,fixed_c1,1.0,,0.012852907180786133,0.82,0.8236697570895581,0.8178757021903482,0.7982062780269058,0.9079758530688059,0.8952021990543474,port_protocol_service_ablation,39,36,3,ct_src_dport_ltm|ct_dst_sport_ltm|is_sm_ips_ports,ksf-v4-idsplit::
quantum,svc,12,zz_r2_full__as2__svc__d12,zz_r2_full__as2,id_val,train_cv,10.0,0.7844020402040204,0.012825727462768555,0.8167330677290837,0.8174603174603174,0.8106468118604041,0.7766990291262136,0.946984126984127,0.9568723251784536,port_protocol_service_ablation,39,36,3,ct_src_dport_ltm|ct_dst_sport_ltm|is_sm_ips_ports,ksf-v4-idsplit::
quantum,svc,12,zz_r2_full__as2__svc__d12,zz_r2_full__as2,id_test,train_cv,10.0,0.7844020402040204,0.012825727462768555,0.7710843373493976,0.7718387096774193,0.7629957418385238,0.7192118226600985,0.9134193548387096,0.921282961751079,port_protocol_service_ablation,39,36,3,ct_src_dport_ltm|ct_dst_sport_ltm|is_sm_ips_ports,ksf-v4-idsplit::
quantum,svc,12,zz_r2_full__as2__svc__d12,zz_r2_full__as2,ood_test,train_cv,10.0,0.7844020402040204,0.012825727462768555,0.8,0.8041024162943748,0.7968767773281984,0.771689497716895,0.8896735040271574,0.8693412405214931,port_protocol_service_ablation,39,36,3,ct_src_dport_ltm|ct_dst_sport_ltm|is_sm_ips_ports,ksf-v4-idsplit::
quantum,svc,12,pauli_xz_r1_full__as2__svc__d12,pauli_xz_r1_full__as2,id_val,fixed_c1,1.0,,0.014999628067016602,0.9163346613545816,0.9164126984126985,0.9163134079542747,0.9149797570850202,0.9686984126984126,0.9701247788621346,port_protocol_service_ablation,39,36,3,ct_src_dport_ltm|ct_dst_sport_ltm|is_sm_ips_ports,ksf-v4-idsplit::
quantum,svc,12,pauli_xz_r1_full__as2__svc__d12,pauli_xz_r1_full__as2,id_test,fixed_c1,1.0,,0.014999628067016602,0.8634538152610441,0.8634193548387097,0.863433991482772,0.8650793650793651,0.9334838709677419,0.9175124675467464,port_protocol_service_ablation,39,36,3,ct_src_dport_ltm|ct_dst_sport_ltm|is_sm_ips_ports,ksf-v4-idsplit::
quantum,svc,12,pauli_xz_r1_full__as2__svc__d12,pauli_xz_r1_full__as2,ood_test,fixed_c1,1.0,,0.014999628067016602,0.824,0.821620150197755,0.8219229088083404,0.8411552346570397,0.9011064674704967,0.8423417329489946,port_protocol_service_ablation,39,36,3,ct_src_dport_ltm|ct_dst_sport_ltm|is_sm_ips_ports,ksf-v4-idsplit::
quantum,svc,12,pauli_xz_r1_full__as2__svc__d12,pauli_xz_r1_full__as2,id_val,train_cv,1.0,0.889981098109811,0.007651090621948242,0.9163346613545816,0.9164126984126985,0.9163134079542747,0.9149797570850202,0.9686984126984126,0.9701247788621346,port_protocol_service_ablation,39,36,3,ct_src_dport_ltm|ct_dst_sport_ltm|is_sm_ips_ports,ksf-v4-idsplit::
quantum,svc,12,pauli_xz_r1_full__as2__svc__d12,pauli_xz_r1_full__as2,id_test,train_cv,1.0,0.889981098109811,0.007651090621948242,0.8634538152610441,0.8634193548387097,0.863433991482772,0.8650793650793651,0.9334838709677419,0.9175124675467464,port_protocol_service_ablation,39,36,3,ct_src_dport_ltm|ct_dst_sport_ltm|is_sm_ips_ports,ksf-v4-idsplit::
quantum,svc,12,pauli_xz_r1_full__as2__svc__d12,pauli_xz_r1_full__as2,ood_test,train_cv,1.0,0.889981098109811,0.007651090621948242,0.824,0.821620150197755,0.8219229088083404,0.8411552346570397,0.9011064674704967,0.8423417329489946,port_protocol_service_ablation,39,36,3,ct_src_dport_ltm|ct_dst_sport_ltm|is_sm_ips_ports,ksf-v4-idsplit::
quantum,svc,12,zmap_r2__as2__svc__d12,zmap_r2__as2,id_val,fixed_c1,1.0,,0.008809566497802734,0.9083665338645418,0.9083492063492064,0.9083607155896312,0.9090909090909091,0.950095238095238,0.9563109879037387,port_protocol_service_ablation,39,36,3,ct_src_dport_ltm|ct_dst_sport_ltm|is_sm_ips_ports,ksf-v4-idsplit::
quantum,svc,12,zmap_r2__as2__svc__d12,zmap_r2__as2,id_test,fixed_c1,1.0,,0.008809566497802734,0.8473895582329317,0.8473225806451613,0.8473279979346844,0.8503937007874016,0.9347741935483871,0.9270213567581557,port_protocol_service_ablation,39,36,3,ct_src_dport_ltm|ct_dst_sport_ltm|is_sm_ips_ports,ksf-v4-idsplit::
quantum,svc,12,zmap_r2__as2__svc__d12,zmap_r2__as2,ood_test,fixed_c1,1.0,,0.008809566497802734,0.834,0.8313477766568991,0.8316559778353798,0.851520572450805,0.9216825991577396,0.9064571786958184,port_protocol_service_ablation,39,36,3,ct_src_dport_ltm|ct_dst_sport_ltm|is_sm_ips_ports,ksf-v4-idsplit::
quantum,svc,12,zmap_r2__as2__svc__d12,zmap_r2__as2,id_val,train_cv,1.0,0.883000700070007,0.00940084457397461,0.9083665338645418,0.9083492063492064,0.9083607155896312,0.9090909090909091,0.950095238095238,0.9563109879037387,port_protocol_service_ablation,39,36,3,ct_src_dport_ltm|ct_dst_sport_ltm|is_sm_ips_ports,ksf-v4-idsplit::
quantum,svc,12,zmap_r2__as2__svc__d12,zmap_r2__as2,id_test,train_cv,1.0,0.883000700070007,0.00940084457397461,0.8473895582329317,0.8473225806451613,0.8473279979346844,0.8503937007874016,0.9347741935483871,0.9270213567581557,port_protocol_service_ablation,39,36,3,ct_src_dport_ltm|ct_dst_sport_ltm|is_sm_ips_ports,ksf-v4-idsplit::
quantum,svc,12,zmap_r2__as2__svc__d12,zmap_r2__as2,ood_test,train_cv,1.0,0.883000700070007,0.00940084457397461,0.834,0.8313477766568991,0.8316559778353798,0.851520572450805,0.9216825991577396,0.9064571786958184,port_protocol_service_ablation,39,36,3,ct_src_dport_ltm|ct_dst_sport_ltm|is_sm_ips_ports,ksf-v4-idsplit::
