n_id,n_val,n_test,pos_rate_val,pos_rate_test,overlap,class_balance_gap
1800,901,899,0.48834628190899,0.4883203559510567,0,2.592595793327046e-05
