family,model,dim,cfg,kernel,split,regularization,c_selected,c_cv_score,fit_seconds,accuracy,balanced_accuracy,f1_macro,f1_pos,roc_auc,pr_auc,feature_policy,n_input_features,n_retained_features,n_removed_features,removed_features,id_split_hash_salt
classical_ext,svc,4,linear__svc__d4,linear,id_val,fixed_c1,1.0,,0.006013631820678711,0.8207171314741036,0.8247455470737913,0.8201576307618821,0.810126582278481,0.8512086513994912,0.8380194618616348,port_protocol_service_ablation,39,36,3,ct_src_dport_ltm|ct_dst_sport_ltm|is_sm_ips_ports,ksf-v4-idsplit::
classical_ext,svc,4,linear__svc__d4,linear,id_test,fixed_c1,1.0,,0.006013631820678711,0.8072289156626506,0.8118293471234648,0.8063261602281566,0.7931034482758621,0.8297349709114415,0.852861729806941,port_protocol_service_ablation,39,36,3,ct_src_dport_ltm|ct_dst_sport_ltm|is_sm_ips_ports,ksf-v4-idsplit::
classical_ext,svc,4,linear__svc__d4,linear,ood_test,fixed_c1,1.0,,0.006013631820678711,0.638,0.6548589544513458,0.634772852928476,0.6004415011037527,0.7668219461697723,0.7014050593675512,port_protocol_service_ablation,39,36,3,ct_src_dport_ltm|ct_dst_sport_ltm|is_sm_ips_ports,ksf-v4-idsplit::
classical_ext,svc,4,linear__svc__d4,linear,id_val,train_cv,100.0,0.8125285192570748,0.012009620666503906,0.8446215139442231,0.8448473282442748,0.8444635111301777,0.8494208494208494,0.8853053435114503,0.8430608643278361,port_protocol_service_ablation,39,36,3,ct_src_dport_ltm|ct_dst_sport_ltm|is_sm_ips_ports,ksf-v4-idsplit::
classical_ext,svc,4,linear__svc__d4,linear,id_test,train_cv,100.0,0.8125285192570748,0.012009620666503906,0.8473895582329317,0.8474466709760827,0.8471899224806201,0.8527131782945736,0.8888817065287653,0.8712354925934828,port_protocol_service_ablation,39,36,3,ct_src_dport_ltm|ct_dst_sport_ltm|is_sm_ips_ports,ksf-v4-idsplit::
classical_ext,svc,4,linear__svc__d4,linear,ood_test,train_cv,100.0,0.8125285192570748,0.012009620666503906,0.808,0.7861348343685299,0.7901033740882615,0.8513931888544891,0.7846790890269151,0.7231966517286047,port_protocol_service_ablation,39,36,3,ct_src_dport_ltm|ct_dst_sport_ltm|is_sm_ips_ports,ksf-v4-idsplit::
classical_ext,svc,4,rbf_gscale__svc__d4,rbf_gscale,id_val,fixed_c1,1.0,,0.006364107131958008,0.9243027888446215,0.921533078880407,0.9234817488969114,0.9314079422382672,0.9627226463104326,0.9493061749023324,port_protocol_service_ablation,39,36,3,ct_src_dport_ltm|ct_dst_sport_ltm|is_sm_ips_ports,ksf-v4-idsplit::
classical_ext,svc,4,rbf_gscale__svc__d4,rbf_gscale,id_test,fixed_c1,1.0,,0.006364107131958008,0.9156626506024096,0.9117647058823529,0.9142463551831018,0.9252669039145908,0.9776987718164188,0.975611126074071,port_protocol_service_ablation,39,36,3,ct_src_dport_ltm|ct_dst_sport_ltm|is_sm_ips_ports,ksf-v4-idsplit::
classical_ext,svc,4,rbf_gscale__svc__d4,rbf_gscale,ood_test,fixed_c1,1.0,,0.006364107131958008,0.78,0.7544642857142857,0.7541965355118969,0.8338368580060423,0.9155344202898551,0.901812401937998,port_protocol_service_ablation,39,36,3,ct_src_dport_ltm|ct_dst_sport_ltm|is_sm_ips_ports,ksf-v4-idsplit::
classical_ext,svc,4,rbf_gscale__svc__d4,rbf_gscale,id_val,train_cv,10.0,0.8812795939422404,0.007637500762939453,0.9282868525896414,0.9260496183206106,0.9276796004610065,0.9343065693430657,0.9557888040712469,0.9238021853471545,port_protocol_service_ablation,39,36,3,ct_src_dport_ltm|ct_dst_sport_ltm|is_sm_ips_ports,ksf-v4-idsplit::
classical_ext,svc,4,rbf_gscale__svc__d4,rbf_gscale,id_test,train_cv,10.0,0.8812795939422404,0.007637500762939453,0.927710843373494,0.9247252747252748,0.9268507638072856,0.9347826086956522,0.9778280542986425,0.9717871109429183,port_protocol_service_ablation,39,36,3,ct_src_dport_ltm|ct_dst_sport_ltm|is_sm_ips_ports,ksf-v4-idsplit::
classical_ext,svc,4,rbf_gscale__svc__d4,rbf_gscale,ood_test,train_cv,10.0,0.8812795939422404,0.007637500762939453,0.792,0.7686982401656315,0.7708201114166844,0.8404907975460123,0.911523033126294,0.8930333001364896,port_protocol_service_ablation,39,36,3,ct_src_dport_ltm|ct_dst_sport_ltm|is_sm_ips_ports,ksf-v4-idsplit::
classical_ext,svc,4,poly2__svc__d4,poly2,id_val,fixed_c1,1.0,,0.005999326705932617,0.9043824701195219,0.9013994910941476,0.9032631038026722,0.9136690647482014,0.9367048346055981,0.9153260300852428,port_protocol_service_ablation,39,36,3,ct_src_dport_ltm|ct_dst_sport_ltm|is_sm_ips_ports,ksf-v4-idsplit::
classical_ext,svc,4,poly2__svc__d4,poly2,id_test,fixed_c1,1.0,,0.005999326705932617,0.9076305220883534,0.9037168713639302,0.9060793413910163,0.9181494661921709,0.9215255332902392,0.8744713788598166,port_protocol_service_ablation,39,36,3,ct_src_dport_ltm|ct_dst_sport_ltm|is_sm_ips_ports,ksf-v4-idsplit::
classical_ext,svc,4,poly2__svc__d4,poly2,ood_test,fixed_c1,1.0,,0.005999326705932617,0.754,0.7254464285714286,0.7196581196581197,0.8177777777777778,0.8264913302277432,0.7865642830730938,port_protocol_service_ablation,39,36,3,ct_src_dport_ltm|ct_dst_sport_ltm|is_sm_ips_ports,ksf-v4-idsplit::
classical_ext,svc,4,poly2__svc__d4,poly2,id_val,train_cv,100.0,0.88042882825312,0.010889530181884766,0.9243027888446215,0.921533078880407,0.9234817488969114,0.9314079422382672,0.9595419847328244,0.93721316753064,port_protocol_service_ablation,39,36,3,ct_src_dport_ltm|ct_dst_sport_ltm|is_sm_ips_ports,ksf-v4-idsplit::
classical_ext,svc,4,poly2__svc__d4,poly2,id_test,train_cv,100.0,0.88042882825312,0.010889530181884766,0.9236947791164659,0.9201680672268908,0.9225708253547404,0.931899641577061,0.9729799612152553,0.965267998247444,port_protocol_service_ablation,39,36,3,ct_src_dport_ltm|ct_dst_sport_ltm|is_sm_ips_ports,ksf-v4-idsplit::
classical_ext,svc,4,poly2__svc__d4,poly2,ood_test,train_cv,100.0,0.88042882825312,0.010889530181884766,0.78,0.7548848343685299,0.7549019607843137,0.8333333333333334,0.8895736283643892,0.8172337035914035,port_protocol_service_ablation,39,36,3,ct_src_dport_ltm|ct_dst_sport_ltm|is_sm_ips_ports,ksf-v4-idsplit::
classical_ext,svc,4,poly3__svc__d4,poly3,id_val,fixed_c1,1.0,,0.005012989044189453,0.9123505976095617,0.9090330788804071,0.9111647361647361,0.9214285714285714,0.9515267175572519,0.9303011003350659,port_protocol_service_ablation,39,36,3,ct_src_dport_ltm|ct_dst_sport_ltm|is_sm_ips_ports,ksf-v4-idsplit::
classical_ext,svc,4,poly3__svc__d4,poly3,id_test,fixed_c1,1.0,,0.005012989044189453,0.9116465863453815,0.907563025210084,0.9100669818754925,0.9219858156028369,0.9318681318681319,0.8849490571466058,port_protocol_service_ablation,39,36,3,ct_src_dport_ltm|ct_dst_sport_ltm|is_sm_ips_ports,ksf-v4-idsplit::
classical_ext,svc,4,poly3__svc__d4,poly3,ood_test,fixed_c1,1.0,,0.005012989044189453,0.754,0.7254464285714286,0.7196581196581197,0.8177777777777778,0.8331715838509317,0.7839522911360868,port_protocol_service_ablation,39,36,3,ct_src_dport_ltm|ct_dst_sport_ltm|is_sm_ips_ports,ksf-v4-idsplit::
classical_ext,svc,4,poly3__svc__d4,poly3,id_val,train_cv,100.0,0.8813396479908843,0.010999679565429688,0.9282868525896414,0.9256997455470738,0.9275682954982686,0.9347826086956522,0.9620865139949109,0.9436376581963452,port_protocol_service_ablation,39,36,3,ct_src_dport_ltm|ct_dst_sport_ltm|is_sm_ips_ports,ksf-v4-idsplit::
classical_ext,svc,4,poly3__svc__d4,poly3,id_test,train_cv,100.0,0.8813396479908843,0.010999679565429688,0.9236947791164659,0.9205235940530059,0.9227175457797671,0.9314079422382672,0.973109243697479,0.9670341411068241,port_protocol_service_ablation,39,36,3,ct_src_dport_ltm|ct_dst_sport_ltm|is_sm_ips_ports,ksf-v4-idsplit::
classical_ext,svc,4,poly3__svc__d4,poly3,ood_test,train_cv,100.0,0.8813396479908843,0.010999679565429688,0.788,0.7642339544513457,0.765781053896873,0.8379204892966361,0.8859666149068323,0.8247262926200719,port_protocol_service_ablation,39,36,3,ct_src_dport_ltm|ct_dst_sport_ltm|is_sm_ips_ports,ksf-v4-idsplit::
classical_ext,svc,4,laplacian_med__svc__d4,laplacian_med,id_val,fixed_c1,1.0,,0.0042552947998046875,0.9243027888446215,0.921533078880407,0.9234817488969114,0.9314079422382672,0.9638676844783715,0.9536952273154307,port_protocol_service_ablation,39,36,3,ct_src_dport_ltm|ct_dst_sport_ltm|is_sm_ips_ports,ksf-v4-idsplit::
classical_ext,svc,4,laplacian_med__svc__d4,laplacian_med,id_test,fixed_c1,1.0,,0.0042552947998046875,0.9156626506024096,0.9117647058823529,0.9142463551831018,0.9252669039145908,0.9787330316742081,0.9716937522839494,port_protocol_service_ablation,39,36,3,ct_src_dport_ltm|ct_dst_sport_ltm|is_sm_ips_ports,ksf-v4-idsplit::
classical_ext,svc,4,laplacian_med__svc__d4,laplacian_med,ood_test,fixed_c1,1.0,,0.0042552947998046875,0.78,0.7544642857142857,0.7541965355118969,0.8338368580060423,0.9079483695652173,0.8747588935894339,port_protocol_service_ablation,39,36,3,ct_src_dport_ltm|ct_dst_sport_ltm|is_sm_ips_ports,ksf-v4-idsplit::
classical_ext,svc,4,laplacian_med__svc__d4,laplacian_med,id_val,train_cv,1.0,0.876845603350708,0.00499272346496582,0.9243027888446215,0.921533078880407,0.9234817488969114,0.9314079422382672,0.9638676844783715,0.9536952273154307,port_protocol_service_ablation,39,36,3,ct_src_dport_ltm|ct_dst_sport_ltm|is_sm_ips_ports,ksf-v4-idsplit::
classical_ext,svc,4,laplacian_med__svc__d4,laplacian_med,id_test,train_cv,1.0,0.876845603350708,0.00499272346496582,0.9156626506024096,0.9117647058823529,0.9142463551831018,0.9252669039145908,0.9787330316742081,0.9716937522839494,port_protocol_service_ablation,39,36,3,ct_src_dport_ltm|ct_dst_sport_ltm|is_sm_ips_ports,ksf-v4-idsplit::
classical_ext,svc,4,laplacian_med__svc__d4,laplacian_med,ood_test,train_cv,1.0,0.876845603350708,0.00499272346496582,0.78,0.7544642857142857,0.7541965355118969,0.8338368580060423,0.9079483695652173,0.8747588935894339,port_protocol_service_ablation,39,36,3,ct_src_dport_ltm|ct_dst_sport_ltm|is_sm_ips_ports,ksf-v4-idsplit::
classical_ext,svc,4,matern15_med__svc__d4,matern15_med,id_val,fixed_c1,1.0,,0.004990816116333008,0.9123505976095617,0.9090330788804071,0.9111647361647361,0.9214285714285714,0.95706106870229,0.9365134719450474,port_protocol_service_ablation,39,36,3,ct_src_dport_ltm|ct_dst_sport_ltm|is_sm_ips_ports,ksf-v4-idsplit::
classical_ext,svc,4,matern15_med__svc__d4,matern15_med,id_test,fixed_c1,1.0,,0.004990816116333008,0.9116465863453815,0.907563025210084,0.9100669818754925,0.9219858156028369,0.97349709114415,0.9652883856170321,port_protocol_service_ablation,39,36,3,ct_src_dport_ltm|ct_dst_sport_ltm|is_sm_ips_ports,ksf-v4-idsplit::
classical_ext,svc,4,matern15_med__svc__d4,matern15_med,ood_test,fixed_c1,1.0,,0.004990816116333008,0.754,0.7254464285714286,0.7196581196581197,0.8177777777777778,0.9030958850931676,0.8628067197731443,port_protocol_service_ablation,39,36,3,ct_src_dport_ltm|ct_dst_sport_ltm|is_sm_ips_ports,ksf-v4-idsplit::
classical_ext,svc,4,matern15_med__svc__d4,matern15_med,id_val,train_cv,100.0,0.8819808420527192,0.007612943649291992,0.9282868525896414,0.9256997455470738,0.9275682954982686,0.9347826086956522,0.9650763358778626,0.9516107668724355,port_protocol_service_ablation,39,36,3,ct_src_dport_ltm|ct_dst_sport_ltm|is_sm_ips_ports,ksf-v4-idsplit::
classical_ext,svc,4,matern15_med__svc__d4,matern15_med,id_test,train_cv,100.0,0.8819808420527192,0.007612943649291992,0.9357429718875502,0.9327731092436975,0.9349784567175872,0.9420289855072463,0.9668390433096317,0.9403130220900833,port_protocol_service_ablation,39,36,3,ct_src_dport_ltm|ct_dst_sport_ltm|is_sm_ips_ports,ksf-v4-idsplit::
classical_ext,svc,4,matern15_med__svc__d4,matern15_med,ood_test,train_cv,100.0,0.8819808420527192,0.007612943649291992,0.818,0.7977160973084886,0.8027562110118389,0.8575899843505478,0.9380822981366459,0.9367120885015024,port_protocol_service_ablation,39,36,3,ct_src_dport_ltm|ct_dst_sport_ltm|is_sm_ips_ports,ksf-v4-idsplit::
classical_ext,svc,4,matern25_med__svc__d4,matern25_med,id_val,fixed_c1,1.0,,0.004000186920166016,0.9123505976095617,0.9090330788804071,0.9111647361647361,0.9214285714285714,0.9598600508905852,0.938803328998375,port_protocol_service_ablation,39,36,3,ct_src_dport_ltm|ct_dst_sport_ltm|is_sm_ips_ports,ksf-v4-idsplit::
classical_ext,svc,4,matern25_med__svc__d4,matern25_med,id_test,fixed_c1,1.0,,0.004000186920166016,0.9116465863453815,0.907563025210084,0.9100669818754925,0.9219858156028369,0.9546864899806076,0.9216080809738676,port_protocol_service_ablation,39,36,3,ct_src_dport_ltm|ct_dst_sport_ltm|is_sm_ips_ports,ksf-v4-idsplit::
classical_ext,svc,4,matern25_med__svc__d4,matern25_med,ood_test,fixed_c1,1.0,,0.004000186920166016,0.754,0.7254464285714286,0.7196581196581197,0.8177777777777778,0.8669287008281573,0.7794549922773696,port_protocol_service_ablation,39,36,3,ct_src_dport_ltm|ct_dst_sport_ltm|is_sm_ips_ports,ksf-v4-idsplit::
classical_ext,svc,4,matern25_med__svc__d4,matern25_med,id_val,train_cv,10.0,0.8813997020395277,0.00499725341796875,0.9322709163346613,0.9298664122137404,0.9316459751702042,0.9381818181818182,0.9622773536895675,0.9445635853541631,port_protocol_service_ablation,39,36,3,ct_src_dport_ltm|ct_dst_sport_ltm|is_sm_ips_ports,ksf-v4-idsplit::
classical_ext,svc,4,matern25_med__svc__d4,matern25_med,id_test,train_cv,10.0,0.8813997020395277,0.00499725341796875,0.9196787148594378,0.916321913380737,0.9185742315238719,0.9280575539568345,0.9792501616031027,0.9758900044140462,port_protocol_service_ablation,39,36,3,ct_src_dport_ltm|ct_dst_sport_ltm|is_sm_ips_ports,ksf-v4-idsplit::
classical_ext,svc,4,matern25_med__svc__d4,matern25_med,ood_test,train_cv,10.0,0.8813997020395277,0.00499725341796875,0.786,0.7620018115942029,0.763248146918907,0.8366412213740458,0.9163755175983437,0.9090298044584586,port_protocol_service_ablation,39,36,3,ct_src_dport_ltm|ct_dst_sport_ltm|is_sm_ips_ports,ksf-v4-idsplit::
classical_ext,svc,4,rbf_gscale_x0.1__svc__d4,rbf_gscale_x0.1,id_val,fixed_c1,1.0,,0.0049991607666015625,0.900398406374502,0.8975826972010179,0.8993180906538307,0.9097472924187726,0.9216921119592876,0.877221497962272,port_protocol_service_ablation,39,36,3,ct_src_dport_ltm|ct_dst_sport_ltm|is_sm_ips_ports,ksf-v4-idsplit::
classical_ext,svc,4,rbf_gscale_x0.1__svc__d4,rbf_gscale_x0.1,id_test,fixed_c1,1.0,,0.0049991607666015625,0.9036144578313253,0.8998707175177764,0.9020969855832242,0.9142857142857143,0.9007110536522301,0.8346284097783012,port_protocol_service_ablation,39,36,3,ct_src_dport_ltm|ct_dst_sport_ltm|is_sm_ips_ports,ksf-v4-idsplit::
classical_ext,svc,4,rbf_gscale_x0.1__svc__d4,rbf_gscale_x0.1,ood_test,fixed_c1,1.0,,0.0049991607666015625,0.754,0.7254464285714286,0.7196581196581197,0.8177777777777778,0.767193969979296,0.7225948407963683,port_protocol_service_ablation,39,36,3,ct_src_dport_ltm|ct_dst_sport_ltm|is_sm_ips_ports,ksf-v4-idsplit::
classical_ext,svc,4,rbf_gscale_x0.1__svc__d4,rbf_gscale_x0.1,id_val,train_cv,100.0,0.8784270266316607,0.012020349502563477,0.9243027888446215,0.921533078880407,0.9234817488969114,0.9314079422382672,0.9601145038167939,0.9412462128194896,port_protocol_service_ablation,39,36,3,ct_src_dport_ltm|ct_dst_sport_ltm|is_sm_ips_ports,ksf-v4-idsplit::
classical_ext,svc,4,rbf_gscale_x0.1__svc__d4,rbf_gscale_x0.1,id_test,train_cv,100.0,0.8784270266316607,0.012020349502563477,0.9236947791164659,0.9205235940530059,0.9227175457797671,0.9314079422382672,0.97349709114415,0.9664378856162835,port_protocol_service_ablation,39,36,3,ct_src_dport_ltm|ct_dst_sport_ltm|is_sm_ips_ports,ksf-v4-idsplit::
classical_ext,svc,4,rbf_gscale_x0.1__svc__d4,rbf_gscale_x0.1,ood_test,train_cv,100.0,0.8784270266316607,0.012020349502563477,0.786,0.7620018115942029,0.763248146918907,0.8366412213740458,0.8798201345755693,0.8209046743017664,port_protocol_service_ablation,39,36,3,ct_src_dport_ltm|ct_dst_sport_ltm|is_sm_ips_ports,ksf-v4-idsplit::
classical_ext,svc,4,rbf_gscale_x0.3__svc__d4,rbf_gscale_x0.3,id_val,fixed_c1,1.0,,0.004452943801879883,0.9123505976095617,0.9090330788804071,0.9111647361647361,0.9214285714285714,0.9560432569974555,0.9433976399420473,port_protocol_service_ablation,39,36,3,ct_src_dport_ltm|ct_dst_sport_ltm|is_sm_ips_ports,ksf-v4-idsplit::
classical_ext,svc,4,rbf_gscale_x0.3__svc__d4,rbf_gscale_x0.3,id_test,fixed_c1,1.0,,0.004452943801879883,0.9116465863453815,0.907563025210084,0.9100669818754925,0.9219858156028369,0.9481577246283128,0.9057555419782481,port_protocol_service_ablation,39,36,3,ct_src_dport_ltm|ct_dst_sport_ltm|is_sm_ips_ports,ksf-v4-idsplit::
classical_ext,svc,4,rbf_gscale_x0.3__svc__d4,rbf_gscale_x0.3,ood_test,fixed_c1,1.0,,0.004452943801879883,0.754,0.7254464285714286,0.7196581196581197,0.8177777777777778,0.8486510093167703,0.7681079978802107,port_protocol_service_ablation,39,36,3,ct_src_dport_ltm|ct_dst_sport_ltm|is_sm_ips_ports,ksf-v4-idsplit::
classical_ext,svc,4,rbf_gscale_x0.3__svc__d4,rbf_gscale_x0.3,id_val,train_cv,100.0,0.8802486661071889,0.00899958610534668,0.9243027888446215,0.9222328244274809,0.9237167490442599,0.9304029304029304,0.9570610687022901,0.9308611576411607,port_protocol_service_ablation,39,36,3,ct_src_dport_ltm|ct_dst_sport_ltm|is_sm_ips_ports,ksf-v4-idsplit::
classical_ext,svc,4,rbf_gscale_x0.3__svc__d4,rbf_gscale_x0.3,id_test,train_cv,100.0,0.8802486661071889,0.00899958610534668,0.9357429718875502,0.9331286360698126,0.9350886339937434,0.9416058394160584,0.9796380090497737,0.976079814271906,port_protocol_service_ablation,39,36,3,ct_src_dport_ltm|ct_dst_sport_ltm|is_sm_ips_ports,ksf-v4-idsplit::
classical_ext,svc,4,rbf_gscale_x0.3__svc__d4,rbf_gscale_x0.3,ood_test,train_cv,100.0,0.8802486661071889,0.00899958610534668,0.796,0.7731625258799172,0.7758241758241757,0.8430769230769231,0.9057485766045548,0.8855957822097356,port_protocol_service_ablation,39,36,3,ct_src_dport_ltm|ct_dst_sport_ltm|is_sm_ips_ports,ksf-v4-idsplit::
classical_ext,svc,4,rbf_gscale_x3__svc__d4,rbf_gscale_x3,id_val,fixed_c1,1.0,,0.0064754486083984375,0.9243027888446215,0.921533078880407,0.9234817488969114,0.9314079422382672,0.9608142493638676,0.9407709732521452,port_protocol_service_ablation,39,36,3,ct_src_dport_ltm|ct_dst_sport_ltm|is_sm_ips_ports,ksf-v4-idsplit::
classical_ext,svc,4,rbf_gscale_x3__svc__d4,rbf_gscale_x3,id_test,fixed_c1,1.0,,0.0064754486083984375,0.9156626506024096,0.9117647058823529,0.9142463551831018,0.9252669039145908,0.9789269553975437,0.9732556550882314,port_protocol_service_ablation,39,36,3,ct_src_dport_ltm|ct_dst_sport_ltm|is_sm_ips_ports,ksf-v4-idsplit::
classical_ext,svc,4,rbf_gscale_x3__svc__d4,rbf_gscale_x3,ood_test,fixed_c1,1.0,,0.0064754486083984375,0.78,0.7553053830227743,0.75559466040989,0.8328267477203647,0.928134704968944,0.9340995812863984,port_protocol_service_ablation,39,36,3,ct_src_dport_ltm|ct_dst_sport_ltm|is_sm_ips_ports,ksf-v4-idsplit::
classical_ext,svc,4,rbf_gscale_x3__svc__d4,rbf_gscale_x3,id_val,train_cv,100.0,0.8845544483625005,0.018815040588378906,0.9203187250996016,0.9187659033078881,0.9198595146871009,0.9259259259259259,0.9543893129770993,0.9358172551664716,port_protocol_service_ablation,39,36,3,ct_src_dport_ltm|ct_dst_sport_ltm|is_sm_ips_ports,ksf-v4-idsplit::
classical_ext,svc,4,rbf_gscale_x3__svc__d4,rbf_gscale_x3,id_test,train_cv,100.0,0.8845544483625005,0.018815040588378906,0.9437751004016064,0.9418875242404654,0.9433723196881092,0.9481481481481482,0.9679379444085328,0.9454481767233942,port_protocol_service_ablation,39,36,3,ct_src_dport_ltm|ct_dst_sport_ltm|is_sm_ips_ports,ksf-v4-idsplit::
classical_ext,svc,4,rbf_gscale_x3__svc__d4,rbf_gscale_x3,ood_test,train_cv,100.0,0.8845544483625005,0.018815040588378906,0.832,0.8133410973084886,0.8194138690148596,0.8670886075949367,0.920694228778468,0.9038571094615424,port_protocol_service_ablation,39,36,3,ct_src_dport_ltm|ct_dst_sport_ltm|is_sm_ips_ports,ksf-v4-idsplit::
classical_ext,svc,4,rbf_gscale_x10__svc__d4,rbf_gscale_x10,id_val,fixed_c1,1.0,,0.008111715316772461,0.9282868525896414,0.9256997455470738,0.9275682954982686,0.9347826086956522,0.9495547073791349,0.9181968165792376,port_protocol_service_ablation,39,36,3,ct_src_dport_ltm|ct_dst_sport_ltm|is_sm_ips_ports,ksf-v4-idsplit::
classical_ext,svc,4,rbf_gscale_x10__svc__d4,rbf_gscale_x10,id_test,fixed_c1,1.0,,0.008111715316772461,0.9357429718875502,0.9327731092436975,0.9349784567175872,0.9420289855072463,0.9721396250808015,0.954206467964136,port_protocol_service_ablation,39,36,3,ct_src_dport_ltm|ct_dst_sport_ltm|is_sm_ips_ports,ksf-v4-idsplit::
classical_ext,svc,4,rbf_gscale_x10__svc__d4,rbf_gscale_x10,ood_test,fixed_c1,1.0,,0.008111715316772461,0.808,0.7865553830227743,0.7906343778351594,0.8509316770186336,0.9233469202898551,0.9042881819121174,port_protocol_service_ablation,39,36,3,ct_src_dport_ltm|ct_dst_sport_ltm|is_sm_ips_ports,ksf-v4-idsplit::
classical_ext,svc,4,rbf_gscale_x10__svc__d4,rbf_gscale_x10,id_val,train_cv,1.0,0.8812702586173711,0.0059967041015625,0.9282868525896414,0.9256997455470738,0.9275682954982686,0.9347826086956522,0.9495547073791349,0.9181968165792376,port_protocol_service_ablation,39,36,3,ct_src_dport_ltm|ct_dst_sport_ltm|is_sm_ips_ports,ksf-v4-idsplit::
classical_ext,svc,4,rbf_gscale_x10__svc__d4,rbf_gscale_x10,id_test,train_cv,1.0,0.8812702586173711,0.0059967041015625,0.9357429718875502,0.9327731092436975,0.9349784567175872,0.9420289855072463,0.9721396250808015,0.954206467964136,port_protocol_service_ablation,39,36,3,ct_src_dport_ltm|ct_dst_sport_ltm|is_sm_ips_ports,ksf-v4-idsplit::
classical_ext,svc,4,rbf_gscale_x10__svc__d4,rbf_gscale_x10,ood_test,train_cv,1.0,0.8812702586173711,0.0059967041015625,0.808,0.7865553830227743,0.7906343778351594,0.8509316770186336,0.9233469202898551,0.9042881819121174,port_protocol_service_ablation,39,36,3,ct_src_dport_ltm|ct_dst_sport_ltm|is_sm_ips_ports,ksf-v4-idsplit::
classical_ext,svc,4,laplacian_med_x0.1__svc__d4,laplacian_med_x0.1,id_val,fixed_c1,1.0,,0.005701780319213867,0.9282868525896414,0.9263994910941475,0.9277813299232737,0.9338235294117647,0.9680025445292622,0.9560161977203817,port_protocol_service_ablation,39,36,3,ct_src_dport_ltm|ct_dst_sport_ltm|is_sm_ips_ports,ksf-v4-idsplit::
classical_ext,svc,4,laplacian_med_x0.1__svc__d4,laplacian_med_x0.1,id_test,fixed_c1,1.0,,0.005701780319213867,0.9397590361445783,0.9373303167420814,0.9391941391941392,0.945054945054945,0.976535229476406,0.967287988884033,port_protocol_service_ablation,39,36,3,ct_src_dport_ltm|ct_dst_sport_ltm|is_sm_ips_ports,ksf-v4-idsplit::
classical_ext,svc,4,laplacian_med_x0.1__svc__d4,laplacian_med_x0.1,ood_test,fixed_c1,1.0,,0.005701780319213867,0.82,0.8003687888198758,0.8056189093924944,0.8584905660377359,0.9078836697722568,0.8932123620672737,port_protocol_service_ablation,39,36,3,ct_src_dport_ltm|ct_dst_sport_ltm|is_sm_ips_ports,ksf-v4-idsplit::
classical_ext,svc,4,laplacian_med_x0.1__svc__d4,laplacian_med_x0.1,id_val,train_cv,0.1,0.8759948376615878,0.004984617233276367,0.9123505976095617,0.9090330788804071,0.9111647361647361,0.9214285714285714,0.9573791348600509,0.930775617639688,port_protocol_service_ablation,39,36,3,ct_src_dport_ltm|ct_dst_sport_ltm|is_sm_ips_ports,ksf-v4-idsplit::
classical_ext,svc,4,laplacian_med_x0.1__svc__d4,laplacian_med_x0.1,id_test,train_cv,0.1,0.8759948376615878,0.004984617233276367,0.9076305220883534,0.9033613445378151,0.9058755855041498,0.9187279151943463,0.9691014867485456,0.9452809328245211,port_protocol_service_ablation,39,36,3,ct_src_dport_ltm|ct_dst_sport_ltm|is_sm_ips_ports,ksf-v4-idsplit::
classical_ext,svc,4,laplacian_med_x0.1__svc__d4,laplacian_med_x0.1,ood_test,train_cv,0.1,0.8759948376615878,0.004984617233276367,0.754,0.7254464285714286,0.7196581196581197,0.8177777777777778,0.8874385351966875,0.8722260313601866,port_protocol_service_ablation,39,36,3,ct_src_dport_ltm|ct_dst_sport_ltm|is_sm_ips_ports,ksf-v4-idsplit::
classical_ext,svc,4,laplacian_med_x0.3__svc__d4,laplacian_med_x0.3,id_val,fixed_c1,1.0,,0.005000591278076172,0.9282868525896414,0.9256997455470738,0.9275682954982686,0.9347826086956522,0.9648218829516539,0.9468073695857593,port_protocol_service_ablation,39,36,3,ct_src_dport_ltm|ct_dst_sport_ltm|is_sm_ips_ports,ksf-v4-idsplit::
classical_ext,svc,4,laplacian_med_x0.3__svc__d4,laplacian_med_x0.3,id_test,fixed_c1,1.0,,0.005000591278076172,0.927710843373494,0.9243697478991597,0.9267168083714846,0.935251798561151,0.9769230769230768,0.9681474971119399,port_protocol_service_ablation,39,36,3,ct_src_dport_ltm|ct_dst_sport_ltm|is_sm_ips_ports,ksf-v4-idsplit::
classical_ext,svc,4,laplacian_med_x0.3__svc__d4,laplacian_med_x0.3,ood_test,fixed_c1,1.0,,0.005000591278076172,0.798,0.7753946687370601,0.7783133376353715,0.8443759630200308,0.9161167184265009,0.8978047812652812,port_protocol_service_ablation,39,36,3,ct_src_dport_ltm|ct_dst_sport_ltm|is_sm_ips_ports,ksf-v4-idsplit::
classical_ext,svc,4,laplacian_med_x0.3__svc__d4,laplacian_med_x0.3,id_val,train_cv,10.0,0.8842360127319715,0.006000518798828125,0.9282868525896414,0.9270992366412214,0.9279563719862227,0.9328358208955224,0.9636132315521628,0.9621685946075269,port_protocol_service_ablation,39,36,3,ct_src_dport_ltm|ct_dst_sport_ltm|is_sm_ips_ports,ksf-v4-idsplit::
classical_ext,svc,4,laplacian_med_x0.3__svc__d4,laplacian_med_x0.3,id_test,train_cv,10.0,0.8842360127319715,0.006000518798828125,0.9317269076305221,0.931060116354234,0.9315103955990616,0.935361216730038,0.9764705882352941,0.9705426988308601,port_protocol_service_ablation,39,36,3,ct_src_dport_ltm|ct_dst_sport_ltm|is_sm_ips_ports,ksf-v4-idsplit::
classical_ext,svc,4,laplacian_med_x0.3__svc__d4,laplacian_med_x0.3,ood_test,train_cv,10.0,0.8842360127319715,0.006000518798828125,0.81,0.7976190476190477,0.8019174391886539,0.8419301164725458,0.9028047360248448,0.8915110461503526,port_protocol_service_ablation,39,36,3,ct_src_dport_ltm|ct_dst_sport_ltm|is_sm_ips_ports,ksf-v4-idsplit::
classical_ext,svc,4,laplacian_med_x3__svc__d4,laplacian_med_x3,id_val,fixed_c1,1.0,,0.005998849868774414,0.9123505976095617,0.9090330788804071,0.9111647361647361,0.9214285714285714,0.9536259541984733,0.9326307362862112,port_protocol_service_ablation,39,36,3,ct_src_dport_ltm|ct_dst_sport_ltm|is_sm_ips_ports,ksf-v4-idsplit::
classical_ext,svc,4,laplacian_med_x3__svc__d4,laplacian_med_x3,id_test,fixed_c1,1.0,,0.005998849868774414,0.9116465863453815,0.907563025210084,0.9100669818754925,0.9219858156028369,0.9610213316095668,0.9419072965142224,port_protocol_service_ablation,39,36,3,ct_src_dport_ltm|ct_dst_sport_ltm|is_sm_ips_ports,ksf-v4-idsplit::
classical_ext,svc,4,laplacian_med_x3__svc__d4,laplacian_med_x3,ood_test,fixed_c1,1.0,,0.005998849868774414,0.754,0.7254464285714286,0.7196581196581197,0.8177777777777778,0.8648259575569357,0.7897809937485845,port_protocol_service_ablation,39,36,3,ct_src_dport_ltm|ct_dst_sport_ltm|is_sm_ips_ports,ksf-v4-idsplit::
classical_ext,svc,4,laplacian_med_x3__svc__d4,laplacian_med_x3,id_val,train_cv,100.0,0.8793603345575122,0.006186723709106445,0.9243027888446215,0.9236323155216285,0.9240665552105725,0.9283018867924528,0.9669211195928753,0.9656170281194909,port_protocol_service_ablation,39,36,3,ct_src_dport_ltm|ct_dst_sport_ltm|is_sm_ips_ports,ksf-v4-idsplit::
classical_ext,svc,4,laplacian_med_x3__svc__d4,laplacian_med_x3,id_test,train_cv,100.0,0.8793603345575122,0.006186723709106445,0.927710843373494,0.9268584356819651,0.9274475524475525,0.9318181818181818,0.9659987071751777,0.9476992463189019,port_protocol_service_ablation,39,36,3,ct_src_dport_ltm|ct_dst_sport_ltm|is_sm_ips_ports,ksf-v4-idsplit::
classical_ext,svc,4,laplacian_med_x3__svc__d4,laplacian_med_x3,ood_test,train_cv,100.0,0.8793603345575122,0.006186723709106445,0.81,0.7984601449275363,0.8025695059249931,0.8408710217755444,0.8895736283643892,0.866620461613526,port_protocol_service_ablation,39,36,3,ct_src_dport_ltm|ct_dst_sport_ltm|is_sm_ips_ports,ksf-v4-idsplit::
classical_ext,svc,4,laplacian_med_x10__svc__d4,laplacian_med_x10,id_val,fixed_c1,1.0,,0.005356550216674805,0.9043824701195219,0.9013994910941476,0.9032631038026722,0.9136690647482014,0.9431297709923665,0.9068662287932503,port_protocol_service_ablation,39,36,3,ct_src_dport_ltm|ct_dst_sport_ltm|is_sm_ips_ports,ksf-v4-idsplit::
classical_ext,svc,4,laplacian_med_x10__svc__d4,laplacian_med_x10,id_test,fixed_c1,1.0,,0.005356550216674805,0.9076305220883534,0.9037168713639302,0.9060793413910163,0.9181494661921709,0.9340659340659341,0.8790096551967728,port_protocol_service_ablation,39,36,3,ct_src_dport_ltm|ct_dst_sport_ltm|is_sm_ips_ports,ksf-v4-idsplit::
classical_ext,svc,4,laplacian_med_x10__svc__d4,laplacian_med_x10,ood_test,fixed_c1,1.0,,0.005356550216674805,0.754,0.7254464285714286,0.7196581196581197,0.8177777777777778,0.8032641045548654,0.7400103407743156,port_protocol_service_ablation,39,36,3,ct_src_dport_ltm|ct_dst_sport_ltm|is_sm_ips_ports,ksf-v4-idsplit::
classical_ext,svc,4,laplacian_med_x10__svc__d4,laplacian_med_x10,id_val,train_cv,10.0,0.8769056573993519,0.004596710205078125,0.9243027888446215,0.921533078880407,0.9234817488969114,0.9314079422382672,0.9602417302798982,0.9470090076591559,port_protocol_service_ablation,39,36,3,ct_src_dport_ltm|ct_dst_sport_ltm|is_sm_ips_ports,ksf-v4-idsplit::
classical_ext,svc,4,laplacian_med_x10__svc__d4,laplacian_med_x10,id_test,train_cv,10.0,0.8769056573993519,0.004596710205078125,0.9156626506024096,0.9117647058823529,0.9142463551831018,0.9252669039145908,0.9738849385908209,0.9661851233116225,port_protocol_service_ablation,39,36,3,ct_src_dport_ltm|ct_dst_sport_ltm|is_sm_ips_ports,ksf-v4-idsplit::
classical_ext,svc,4,laplacian_med_x10__svc__d4,laplacian_med_x10,ood_test,train_cv,10.0,0.8769056573993519,0.004596710205078125,0.778,0.7522321428571428,0.7516011654604777,0.832579185520362,0.8808068064182195,0.8172371609442927,port_protocol_service_ablation,39,36,3,ct_src_dport_ltm|ct_dst_sport_ltm|is_sm_ips_ports,ksf-v4-idsplit::
classical_ext,svc,4,matern15_med_x0.1__svc__d4,matern15_med_x0.1,id_val,fixed_c1,1.0,,0.005968332290649414,0.9322709163346613,0.9298664122137404,0.9316459751702042,0.9381818181818182,0.9625318066157761,0.941575774737371,port_protocol_service_ablation,39,36,3,ct_src_dport_ltm|ct_dst_sport_ltm|is_sm_ips_ports,ksf-v4-idsplit::
classical_ext,svc,4,matern15_med_x0.1__svc__d4,matern15_med_x0.1,id_test,fixed_c1,1.0,,0.005968332290649414,0.9437751004016064,0.9411764705882353,0.9432025547445255,0.948905109489051,0.9755009696186167,0.9670068396861928,port_protocol_service_ablation,39,36,3,ct_src_dport_ltm|ct_dst_sport_ltm|is_sm_ips_ports,ksf-v4-idsplit::
classical_ext,svc,4,matern15_med_x0.1__svc__d4,matern15_med_x0.1,ood_test,fixed_c1,1.0,,0.005968332290649414,0.816,0.7954839544513457,0.8003472222222222,0.85625,0.9014298654244306,0.8836615875665637,port_protocol_service_ablation,39,36,3,ct_src_dport_ltm|ct_dst_sport_ltm|is_sm_ips_ports,ksf-v4-idsplit::
classical_ext,svc,4,matern15_med_x0.1__svc__d4,matern15_med_x0.1,id_val,train_cv,10.0,0.8769193155249981,0.007000923156738281,0.9362549800796812,0.9350826972010178,0.9359612195433091,0.9402985074626866,0.9687022900763358,0.9638632611057493,port_protocol_service_ablation,39,36,3,ct_src_dport_ltm|ct_dst_sport_ltm|is_sm_ips_ports,ksf-v4-idsplit::
classical_ext,svc,4,matern15_med_x0.1__svc__d4,matern15_med_x0.1,id_test,train_cv,10.0,0.8769193155249981,0.007000923156738281,0.9437751004016064,0.9425985778926955,0.9435117967332123,0.9473684210526315,0.9792501616031029,0.9762359515091115,port_protocol_service_ablation,39,36,3,ct_src_dport_ltm|ct_dst_sport_ltm|is_sm_ips_ports,ksf-v4-idsplit::
classical_ext,svc,4,matern15_med_x0.1__svc__d4,matern15_med_x0.1,ood_test,train_cv,10.0,0.8769193155249981,0.007000923156738281,0.82,0.8066770186335404,0.8115293762878826,0.8514851485148515,0.8883605072463768,0.8560383296307721,port_protocol_service_ablation,39,36,3,ct_src_dport_ltm|ct_dst_sport_ltm|is_sm_ips_ports,ksf-v4-idsplit::
classical_ext,svc,4,matern15_med_x0.3__svc__d4,matern15_med_x0.3,id_val,fixed_c1,1.0,,0.004728555679321289,0.9282868525896414,0.9256997455470738,0.9275682954982686,0.9347826086956522,0.9578880407124681,0.9360843580606599,port_protocol_service_ablation,39,36,3,ct_src_dport_ltm|ct_dst_sport_ltm|is_sm_ips_ports,ksf-v4-idsplit::
classical_ext,svc,4,matern15_med_x0.3__svc__d4,matern15_med_x0.3,id_test,fixed_c1,1.0,,0.004728555679321289,0.9196787148594378,0.9159663865546219,0.9184141546526867,0.9285714285714286,0.9714285714285715,0.9589638406479942,port_protocol_service_ablation,39,36,3,ct_src_dport_ltm|ct_dst_sport_ltm|is_sm_ips_ports,ksf-v4-idsplit::
classical_ext,svc,4,matern15_med_x0.3__svc__d4,matern15_med_x0.3,ood_test,fixed_c1,1.0,,0.004728555679321289,0.784,0.7597696687370601,0.7607061826432218,0.8353658536585366,0.9406055900621118,0.9482258624580435,port_protocol_service_ablation,39,36,3,ct_src_dport_ltm|ct_dst_sport_ltm|is_sm_ips_ports,ksf-v4-idsplit::
classical_ext,svc,4,matern15_med_x0.3__svc__d4,matern15_med_x0.3,id_val,train_cv,10.0,0.8787985950175671,0.00562286376953125,0.9322709163346613,0.9298664122137404,0.9316459751702042,0.9381818181818182,0.9693384223918575,0.9572972492077038,port_protocol_service_ablation,39,36,3,ct_src_dport_ltm|ct_dst_sport_ltm|is_sm_ips_ports,ksf-v4-idsplit::
classical_ext,svc,4,matern15_med_x0.3__svc__d4,matern15_med_x0.3,id_test,train_cv,10.0,0.8787985950175671,0.00562286376953125,0.9357429718875502,0.9327731092436975,0.9349784567175872,0.9420289855072463,0.9813833225597931,0.978808450443307,port_protocol_service_ablation,39,36,3,ct_src_dport_ltm|ct_dst_sport_ltm|is_sm_ips_ports,ksf-v4-idsplit::
classical_ext,svc,4,matern15_med_x0.3__svc__d4,matern15_med_x0.3,ood_test,train_cv,10.0,0.8787985950175671,0.00562286376953125,0.818,0.7977160973084886,0.8027562110118389,0.8575899843505478,0.9329548395445135,0.9249106454766016,port_protocol_service_ablation,39,36,3,ct_src_dport_ltm|ct_dst_sport_ltm|is_sm_ips_ports,ksf-v4-idsplit::
classical_ext,svc,4,matern15_med_x3__svc__d4,matern15_med_x3,id_val,fixed_c1,1.0,,0.00500035285949707,0.9043824701195219,0.9013994910941476,0.9032631038026722,0.9136690647482014,0.9255725190839694,0.8893730500794621,port_protocol_service_ablation,39,36,3,ct_src_dport_ltm|ct_dst_sport_ltm|is_sm_ips_ports,ksf-v4-idsplit::
classical_ext,svc,4,matern15_med_x3__svc__d4,matern15_med_x3,id_test,fixed_c1,1.0,,0.00500035285949707,0.9076305220883534,0.9037168713639302,0.9060793413910163,0.9181494661921709,0.8994828700711054,0.8380173943108371,port_protocol_service_ablation,39,36,3,ct_src_dport_ltm|ct_dst_sport_ltm|is_sm_ips_ports,ksf-v4-idsplit::
classical_ext,svc,4,matern15_med_x3__svc__d4,matern15_med_x3,ood_test,fixed_c1,1.0,,0.00500035285949707,0.754,0.7254464285714286,0.7196581196581197,0.8177777777777778,0.7575213509316769,0.7064362626366207,port_protocol_service_ablation,39,36,3,ct_src_dport_ltm|ct_dst_sport_ltm|is_sm_ips_ports,ksf-v4-idsplit::
classical_ext,svc,4,matern15_med_x3__svc__d4,matern15_med_x3,id_val,train_cv,100.0,0.8823705758259358,0.0069997310638427734,0.9282868525896414,0.9256997455470738,0.9275682954982686,0.9347826086956522,0.9598600508905852,0.9448925933186482,port_protocol_service_ablation,39,36,3,ct_src_dport_ltm|ct_dst_sport_ltm|is_sm_ips_ports,ksf-v4-idsplit::
classical_ext,svc,4,matern15_med_x3__svc__d4,matern15_med_x3,id_test,train_cv,100.0,0.8823705758259358,0.0069997310638427734,0.9196787148594378,0.916321913380737,0.9185742315238719,0.9280575539568345,0.9798319327731092,0.9771071937200734,port_protocol_service_ablation,39,36,3,ct_src_dport_ltm|ct_dst_sport_ltm|is_sm_ips_ports,ksf-v4-idsplit::
classical_ext,svc,4,matern15_med_x3__svc__d4,matern15_med_x3,ood_test,train_cv,100.0,0.8823705758259358,0.0069997310638427734,0.786,0.7620018115942029,0.763248146918907,0.8366412213740458,0.9267436594202899,0.9270357771407937,port_protocol_service_ablation,39,36,3,ct_src_dport_ltm|ct_dst_sport_ltm|is_sm_ips_ports,ksf-v4-idsplit::
classical_ext,svc,4,matern15_med_x10__svc__d4,matern15_med_x10,id_val,fixed_c1,1.0,,0.007105827331542969,0.852589641434263,0.8524809160305343,0.8523552884691817,0.8582375478927203,0.9330152671755725,0.9046444896014343,port_protocol_service_ablation,39,36,3,ct_src_dport_ltm|ct_dst_sport_ltm|is_sm_ips_ports,ksf-v4-idsplit::
classical_ext,svc,4,matern15_med_x10__svc__d4,matern15_med_x10,id_test,fixed_c1,1.0,,0.007105827331542969,0.8473895582329317,0.8460245636716225,0.8466748768472906,0.8571428571428571,0.913251454427925,0.8664519653756104,port_protocol_service_ablation,39,36,3,ct_src_dport_ltm|ct_dst_sport_ltm|is_sm_ips_ports,ksf-v4-idsplit::
classical_ext,svc,4,matern15_med_x10__svc__d4,matern15_med_x10,ood_test,fixed_c1,1.0,,0.007105827331542969,0.774,0.7481884057971014,0.74712551078409,0.8295625942684767,0.7671939699792961,0.7252822542988798,port_protocol_service_ablation,39,36,3,ct_src_dport_ltm|ct_dst_sport_ltm|is_sm_ips_ports,ksf-v4-idsplit::
classical_ext,svc,4,matern15_med_x10__svc__d4,matern15_med_x10,id_val,train_cv,100.0,0.8759948376615878,0.0049932003021240234,0.9123505976095617,0.9090330788804071,0.9111647361647361,0.9214285714285714,0.9554071246819339,0.939507730708379,port_protocol_service_ablation,39,36,3,ct_src_dport_ltm|ct_dst_sport_ltm|is_sm_ips_ports,ksf-v4-idsplit::
classical_ext,svc,4,matern15_med_x10__svc__d4,matern15_med_x10,id_test,train_cv,100.0,0.8759948376615878,0.0049932003021240234,0.9116465863453815,0.907563025210084,0.9100669818754925,0.9219858156028369,0.9352941176470588,0.8859314440444177,port_protocol_service_ablation,39,36,3,ct_src_dport_ltm|ct_dst_sport_ltm|is_sm_ips_ports,ksf-v4-idsplit::
classical_ext,svc,4,matern15_med_x10__svc__d4,matern15_med_x10,ood_test,train_cv,100.0,0.8759948376615878,0.0049932003021240234,0.754,0.7254464285714286,0.7196581196581197,0.8177777777777778,0.8139557453416149,0.7408040848256567,port_protocol_service_ablation,39,36,3,ct_src_dport_ltm|ct_dst_sport_ltm|is_sm_ips_ports,ksf-v4-idsplit::
classical_ext,svc,4,matern25_med_x0.1__svc__d4,matern25_med_x0.1,id_val,fixed_c1,1.0,,0.006936788558959961,0.9322709163346613,0.9298664122137404,0.9316459751702042,0.9381818181818182,0.9627226463104325,0.9431402952949874,port_protocol_service_ablation,39,36,3,ct_src_dport_ltm|ct_dst_sport_ltm|is_sm_ips_ports,ksf-v4-idsplit::
classical_ext,svc,4,matern25_med_x0.1__svc__d4,matern25_med_x0.1,id_test,fixed_c1,1.0,,0.006936788558959961,0.9397590361445783,0.9369747899159664,0.939094985731757,0.9454545454545454,0.9746606334841629,0.9644121067658353,port_protocol_service_ablation,39,36,3,ct_src_dport_ltm|ct_dst_sport_ltm|is_sm_ips_ports,ksf-v4-idsplit::
classical_ext,svc,4,matern25_med_x0.1__svc__d4,matern25_med_x0.1,ood_test,fixed_c1,1.0,,0.006936788558959961,0.816,0.7954839544513457,0.8003472222222222,0.85625,0.9016239648033126,0.8801775050105546,port_protocol_service_ablation,39,36,3,ct_src_dport_ltm|ct_dst_sport_ltm|is_sm_ips_ports,ksf-v4-idsplit::
classical_ext,svc,4,matern25_med_x0.1__svc__d4,matern25_med_x0.1,id_val,train_cv,10.0,0.8770288532114799,0.007267475128173828,0.9322709163346613,0.9305661577608142,0.9318381495503267,0.9372693726937269,0.9682569974554708,0.9672454248735356,port_protocol_service_ablation,39,36,3,ct_src_dport_ltm|ct_dst_sport_ltm|is_sm_ips_ports,ksf-v4-idsplit::
classical_ext,svc,4,matern25_med_x0.1__svc__d4,matern25_med_x0.1,id_test,train_cv,10.0,0.8770288532114799,0.007267475128173828,0.9437751004016064,0.9425985778926955,0.9435117967332123,0.9473684210526315,0.978409825468649,0.9753972994598704,port_protocol_service_ablation,39,36,3,ct_src_dport_ltm|ct_dst_sport_ltm|is_sm_ips_ports,ksf-v4-idsplit::
classical_ext,svc,4,matern25_med_x0.1__svc__d4,matern25_med_x0.1,ood_test,train_cv,10.0,0.8770288532114799,0.007267475128173828,0.828,0.8151850414078674,0.820222088434009,0.8576158940397351,0.8920160455486543,0.8558393912085253,port_protocol_service_ablation,39,36,3,ct_src_dport_ltm|ct_dst_sport_ltm|is_sm_ips_ports,ksf-v4-idsplit::
classical_ext,svc,4,matern25_med_x0.3__svc__d4,matern25_med_x0.3,id_val,fixed_c1,1.0,,0.006005287170410156,0.9282868525896414,0.9256997455470738,0.9275682954982686,0.9347826086956522,0.957824427480916,0.9350615486114646,port_protocol_service_ablation,39,36,3,ct_src_dport_ltm|ct_dst_sport_ltm|is_sm_ips_ports,ksf-v4-idsplit::
classical_ext,svc,4,matern25_med_x0.3__svc__d4,matern25_med_x0.3,id_test,fixed_c1,1.0,,0.006005287170410156,0.9236947791164659,0.9201680672268908,0.9225708253547404,0.931899641577061,0.9790562378797674,0.9733526893144139,port_protocol_service_ablation,39,36,3,ct_src_dport_ltm|ct_dst_sport_ltm|is_sm_ips_ports,ksf-v4-idsplit::
classical_ext,svc,4,matern25_med_x0.3__svc__d4,matern25_med_x0.3,ood_test,fixed_c1,1.0,,0.006005287170410156,0.784,0.7597696687370601,0.7607061826432218,0.8353658536585366,0.9406055900621118,0.9494568299601305,port_protocol_service_ablation,39,36,3,ct_src_dport_ltm|ct_dst_sport_ltm|is_sm_ips_ports,ksf-v4-idsplit::
classical_ext,svc,4,matern25_med_x0.3__svc__d4,matern25_med_x0.3,id_val,train_cv,100.0,0.8826119709661772,0.009999752044677734,0.9243027888446215,0.9225826972010178,0.9238191083209533,0.9298892988929889,0.9656488549618321,0.9644781485177427,port_protocol_service_ablation,39,36,3,ct_src_dport_ltm|ct_dst_sport_ltm|is_sm_ips_ports,ksf-v4-idsplit::
classical_ext,svc,4,matern25_med_x0.3__svc__d4,matern25_med_x0.3,id_test,train_cv,100.0,0.8826119709661772,0.009999752044677734,0.9317269076305221,0.9296380090497738,0.9311897524261585,0.9372693726937269,0.9725921137685845,0.955030156513432,port_protocol_service_ablation,39,36,3,ct_src_dport_ltm|ct_dst_sport_ltm|is_sm_ips_ports,ksf-v4-idsplit::
classical_ext,svc,4,matern25_med_x0.3__svc__d4,matern25_med_x0.3,ood_test,train_cv,100.0,0.8826119709661772,0.009999752044677734,0.83,0.81152950310559,0.8174704409484665,0.8652931854199684,0.9297036749482402,0.9243008315477779,port_protocol_service_ablation,39,36,3,ct_src_dport_ltm|ct_dst_sport_ltm|is_sm_ips_ports,ksf-v4-idsplit::
classical_ext,svc,4,matern25_med_x3__svc__d4,matern25_med_x3,id_val,fixed_c1,1.0,,0.0060040950775146484,0.8804780876494024,0.878498727735369,0.8796355498721227,0.8897058823529411,0.8971374045801527,0.8394523309088294,port_protocol_service_ablation,39,36,3,ct_src_dport_ltm|ct_dst_sport_ltm|is_sm_ips_ports,ksf-v4-idsplit::
classical_ext,svc,4,matern25_med_x3__svc__d4,matern25_med_x3,id_test,fixed_c1,1.0,,0.0060040950775146484,0.891566265060241,0.8883322559793148,0.8901775650554584,0.9025270758122743,0.8971557853910795,0.8362280413366456,port_protocol_service_ablation,39,36,3,ct_src_dport_ltm|ct_dst_sport_ltm|is_sm_ips_ports,ksf-v4-idsplit::
classical_ext,svc,4,matern25_med_x3__svc__d4,matern25_med_x3,ood_test,fixed_c1,1.0,,0.0060040950775146484,0.752,0.72363483436853,0.7178278203564472,0.8160237388724035,0.7014913302277433,0.658982688959586,port_protocol_service_ablation,39,36,3,ct_src_dport_ltm|ct_dst_sport_ltm|is_sm_ips_ports,ksf-v4-idsplit::
classical_ext,svc,4,matern25_med_x3__svc__d4,matern25_med_x3,id_val,train_cv,100.0,0.8786071887775921,0.006998777389526367,0.9243027888446215,0.921533078880407,0.9234817488969114,0.9314079422382672,0.9580788804071246,0.934231309282559,port_protocol_service_ablation,39,36,3,ct_src_dport_ltm|ct_dst_sport_ltm|is_sm_ips_ports,ksf-v4-idsplit::
classical_ext,svc,4,matern25_med_x3__svc__d4,matern25_med_x3,id_test,train_cv,100.0,0.8786071887775921,0.006998777389526367,0.9236947791164659,0.9201680672268908,0.9225708253547404,0.931899641577061,0.9717517776341306,0.9601589045307423,port_protocol_service_ablation,39,36,3,ct_src_dport_ltm|ct_dst_sport_ltm|is_sm_ips_ports,ksf-v4-idsplit::
classical_ext,svc,4,matern25_med_x3__svc__d4,matern25_med_x3,ood_test,train_cv,100.0,0.8786071887775921,0.006998777389526367,0.78,0.7544642857142857,0.7541965355118969,0.8338368580060423,0.8815346790890269,0.8155261121832709,port_protocol_service_ablation,39,36,3,ct_src_dport_ltm|ct_dst_sport_ltm|is_sm_ips_ports,ksf-v4-idsplit::
classical_ext,svc,4,matern25_med_x10__svc__d4,matern25_med_x10,id_val,fixed_c1,1.0,,0.0070056915283203125,0.852589641434263,0.8524809160305343,0.8523552884691817,0.8582375478927203,0.9172391857506361,0.92358759486311,port_protocol_service_ablation,39,36,3,ct_src_dport_ltm|ct_dst_sport_ltm|is_sm_ips_ports,ksf-v4-idsplit::
classical_ext,svc,4,matern25_med_x10__svc__d4,matern25_med_x10,id_test,fixed_c1,1.0,,0.0070056915283203125,0.8393574297188755,0.8390433096315449,0.8390433096315449,0.8461538461538461,0.8902391725921137,0.8841857419324719,port_protocol_service_ablation,39,36,3,ct_src_dport_ltm|ct_dst_sport_ltm|is_sm_ips_ports,ksf-v4-idsplit::
classical_ext,svc,4,matern25_med_x10__svc__d4,matern25_med_x10,ood_test,fixed_c1,1.0,,0.0070056915283203125,0.798,0.7749741200828157,0.7777278949291151,0.8448540706605223,0.8234019151138716,0.8070927542913299,port_protocol_service_ablation,39,36,3,ct_src_dport_ltm|ct_dst_sport_ltm|is_sm_ips_ports,ksf-v4-idsplit::
classical_ext,svc,4,matern25_med_x10__svc__d4,matern25_med_x10,id_val,train_cv,100.0,0.8449962097297824,0.0055539608001708984,0.8844621513944223,0.8823155216284988,0.8835676695938706,0.8937728937728938,0.8995547073791349,0.84010454418875,port_protocol_service_ablation,39,36,3,ct_src_dport_ltm|ct_dst_sport_ltm|is_sm_ips_ports,ksf-v4-idsplit::
classical_ext,svc,4,matern25_med_x10__svc__d4,matern25_med_x10,id_test,train_cv,100.0,0.8449962097297824,0.0055539608001708984,0.891566265060241,0.8883322559793148,0.8901775650554584,0.9025270758122743,0.8882999353587588,0.8174875602482448,port_protocol_service_ablation,39,36,3,ct_src_dport_ltm|ct_dst_sport_ltm|is_sm_ips_ports,ksf-v4-idsplit::
classical_ext,svc,4,matern25_med_x10__svc__d4,matern25_med_x10,ood_test,train_cv,100.0,0.8449962097297824,0.0055539608001708984,0.754,0.7254464285714286,0.7196581196581197,0.8177777777777778,0.6978681418219461,0.6629438819935782,port_protocol_service_ablation,39,36,3,ct_src_dport_ltm|ct_dst_sport_ltm|is_sm_ips_ports,ksf-v4-idsplit::
quantum,svc,4,zz_r1_full__as0.5__svc__d4,zz_r1_full__as0.5,id_val,fixed_c1,1.0,,0.00599980354309082,0.9322709163346613,0.9295165394402036,0.9315363016446049,0.9386281588447654,0.9492366412213741,0.9105551998999315,port_protocol_service_ablation,39,36,3,ct_src_dport_ltm|ct_dst_sport_ltm|is_sm_ips_ports,ksf-v4-idsplit::
quantum,svc,4,zz_r1_full__as0.5__svc__d4,zz_r1_full__as0.5,id_test,fixed_c1,1.0,,0.00599980354309082,0.9236947791164659,0.9201680672268908,0.9225708253547404,0.931899641577061,0.9665158371040725,0.9482663626457473,port_protocol_service_ablation,39,36,3,ct_src_dport_ltm|ct_dst_sport_ltm|is_sm_ips_ports,ksf-v4-idsplit::
quantum,svc,4,zz_r1_full__as0.5__svc__d4,zz_r1_full__as0.5,ood_test,fixed_c1,1.0,,0.00599980354309082,0.784,0.7597696687370601,0.7607061826432218,0.8353658536585366,0.8934232660455486,0.8595009642413011,port_protocol_service_ablation,39,36,3,ct_src_dport_ltm|ct_dst_sport_ltm|is_sm_ips_ports,ksf-v4-idsplit::
quantum,svc,4,zz_r1_full__as0.5__svc__d4,zz_r1_full__as0.5,id_val,train_cv,100.0,0.8871081489366069,0.018595218658447266,0.9282868525896414,0.9263994910941475,0.9277813299232737,0.9338235294117647,0.9662849872773538,0.9543100657273451,port_protocol_service_ablation,39,36,3,ct_src_dport_ltm|ct_dst_sport_ltm|is_sm_ips_ports,ksf-v4-idsplit::
quantum,svc,4,zz_r1_full__as0.5__svc__d4,zz_r1_full__as0.5,id_test,train_cv,100.0,0.8871081489366069,0.018595218658447266,0.9357429718875502,0.9341952165481577,0.9353666450356911,0.9402985074626866,0.9754363283775048,0.9704614155306741,port_protocol_service_ablation,39,36,3,ct_src_dport_ltm|ct_dst_sport_ltm|is_sm_ips_ports,ksf-v4-idsplit::
quantum,svc,4,zz_r1_full__as0.5__svc__d4,zz_r1_full__as0.5,ood_test,train_cv,100.0,0.8871081489366069,0.018595218658447266,0.828,0.8101384575569358,0.8159372645709198,0.8630573248407644,0.9281832298136645,0.9208476007169605,port_protocol_service_ablation,39,36,3,ct_src_dport_ltm|ct_dst_sport_ltm|is_sm_ips_ports,ksf-v4-idsplit::
quantum,svc,4,zz_r2_full__as0.5__svc__d4,zz_r2_full__as0.5,id_val,fixed_c1,1.0,,0.005999326705932617,0.9243027888446215,0.9222328244274809,0.9237167490442599,0.9304029304029304,0.9541984732824428,0.9376820167316037,port_protocol_service_ablation,39,36,3,ct_src_dport_ltm|ct_dst_sport_ltm|is_sm_ips_ports,ksf-v4-idsplit::
quantum,svc,4,zz_r2_full__as0.5__svc__d4,zz_r2_full__as0.5,id_test,fixed_c1,1.0,,0.005999326705932617,0.9357429718875502,0.9331286360698126,0.9350886339937434,0.9416058394160584,0.9698125404007757,0.9612066678152223,port_protocol_service_ablation,39,36,3,ct_src_dport_ltm|ct_dst_sport_ltm|is_sm_ips_ports,ksf-v4-idsplit::
quantum,svc,4,zz_r2_full__as0.5__svc__d4,zz_r2_full__as0.5,ood_test,fixed_c1,1.0,,0.005999326705932617,0.782,0.7575375258799172,0.7581550558905885,0.8340943683409436,0.8587603519668736,0.8208479528588157,port_protocol_service_ablation,39,36,3,ct_src_dport_ltm|ct_dst_sport_ltm|is_sm_ips_ports,ksf-v4-idsplit::
quantum,svc,4,zz_r2_full__as0.5__svc__d4,zz_r2_full__as0.5,id_val,train_cv,10.0,0.8775274509879404,0.009009599685668945,0.9163346613545816,0.9149491094147583,0.915902165068526,0.9219330855018587,0.9551526717557252,0.9443490439547264,port_protocol_service_ablation,39,36,3,ct_src_dport_ltm|ct_dst_sport_ltm|is_sm_ips_ports,ksf-v4-idsplit::
quantum,svc,4,zz_r2_full__as0.5__svc__d4,zz_r2_full__as0.5,id_test,train_cv,10.0,0.8775274509879404,0.009009599685668945,0.9357429718875502,0.9338396897220427,0.9352826510721248,0.9407407407407408,0.9755009696186168,0.9723583321143854,port_protocol_service_ablation,39,36,3,ct_src_dport_ltm|ct_dst_sport_ltm|is_sm_ips_ports,ksf-v4-idsplit::
quantum,svc,4,zz_r2_full__as0.5__svc__d4,zz_r2_full__as0.5,ood_test,train_cv,10.0,0.8775274509879404,0.009009599685668945,0.816,0.79590450310559,0.8008278633159562,0.8557993730407524,0.8891369047619048,0.8569329996714319,port_protocol_service_ablation,39,36,3,ct_src_dport_ltm|ct_dst_sport_ltm|is_sm_ips_ports,ksf-v4-idsplit::
quantum,svc,4,pauli_xz_r1_full__as0.5__svc__d4,pauli_xz_r1_full__as0.5,id_val,fixed_c1,1.0,,0.006032705307006836,0.9243027888446215,0.921533078880407,0.9234817488969114,0.9314079422382672,0.9611959287531806,0.9428833474034841,port_protocol_service_ablation,39,36,3,ct_src_dport_ltm|ct_dst_sport_ltm|is_sm_ips_ports,ksf-v4-idsplit::
quantum,svc,4,pauli_xz_r1_full__as0.5__svc__d4,pauli_xz_r1_full__as0.5,id_test,fixed_c1,1.0,,0.006032705307006836,0.9156626506024096,0.9117647058823529,0.9142463551831018,0.9252669039145908,0.9652230122818358,0.9520995866591476,port_protocol_service_ablation,39,36,3,ct_src_dport_ltm|ct_dst_sport_ltm|is_sm_ips_ports,ksf-v4-idsplit::
quantum,svc,4,pauli_xz_r1_full__as0.5__svc__d4,pauli_xz_r1_full__as0.5,ood_test,fixed_c1,1.0,,0.006032705307006836,0.766,0.7388392857142857,0.7358188936908132,0.8251121076233184,0.872654632505176,0.8050123437585488,port_protocol_service_ablation,39,36,3,ct_src_dport_ltm|ct_dst_sport_ltm|is_sm_ips_ports,ksf-v4-idsplit::
quantum,svc,4,pauli_xz_r1_full__as0.5__svc__d4,pauli_xz_r1_full__as0.5,id_val,train_cv,10.0,0.8803087201558325,0.008020401000976562,0.9243027888446215,0.9222328244274809,0.9237167490442599,0.9304029304029304,0.9581424936386769,0.9359444072309508,port_protocol_service_ablation,39,36,3,ct_src_dport_ltm|ct_dst_sport_ltm|is_sm_ips_ports,ksf-v4-idsplit::
quantum,svc,4,pauli_xz_r1_full__as0.5__svc__d4,pauli_xz_r1_full__as0.5,id_test,train_cv,10.0,0.8803087201558325,0.008020401000976562,0.9236947791164659,0.9205235940530059,0.9227175457797671,0.9314079422382672,0.9764705882352941,0.9711507508966719,port_protocol_service_ablation,39,36,3,ct_src_dport_ltm|ct_dst_sport_ltm|is_sm_ips_ports,ksf-v4-idsplit::
quantum,svc,4,pauli_xz_r1_full__as0.5__svc__d4,pauli_xz_r1_full__as0.5,ood_test,train_cv,10.0,0.8803087201558325,0.008020401000976562,0.788,0.7642339544513457,0.765781053896873,0.8379204892966361,0.9076248706004141,0.8907661903435806,port_protocol_service_ablation,39,36,3,ct_src_dport_ltm|ct_dst_sport_ltm|is_sm_ips_ports,ksf-v4-idsplit::
quantum,svc,4,zmap_r2__as0.5__svc__d4,zmap_r2__as0.5,id_val,fixed_c1,1.0,,0.004999637603759766,0.9243027888446215,0.921533078880407,0.9234817488969114,0.9314079422382672,0.9552798982188295,0.9372124728723065,port_protocol_service_ablation,39,36,3,ct_src_dport_ltm|ct_dst_sport_ltm|is_sm_ips_ports,ksf-v4-idsplit::
quantum,svc,4,zmap_r2__as0.5__svc__d4,zmap_r2__as0.5,id_test,fixed_c1,1.0,,0.004999637603759766,0.9156626506024096,0.9117647058823529,0.9142463551831018,0.9252669039145908,0.9725921137685843,0.9626182516870389,port_protocol_service_ablation,39,36,3,ct_src_dport_ltm|ct_dst_sport_ltm|is_sm_ips_ports,ksf-v4-idsplit::
quantum,svc,4,zmap_r2__as0.5__svc__d4,zmap_r2__as0.5,ood_test,fixed_c1,1.0,,0.004999637603759766,0.78,0.7544642857142857,0.7541965355118969,0.8338368580060423,0.9038884575569359,0.9055815347311341,port_protocol_service_ablation,39,36,3,ct_src_dport_ltm|ct_dst_sport_ltm|is_sm_ips_ports,ksf-v4-idsplit::
quantum,svc,4,zmap_r2__as0.5__svc__d4,zmap_r2__as0.5,id_val,train_cv,10.0,0.8803087201558325,0.0060024261474609375,0.9282868525896414,0.9260496183206106,0.9276796004610065,0.9343065693430657,0.9548346055979644,0.9269878035043334,port_protocol_service_ablation,39,36,3,ct_src_dport_ltm|ct_dst_sport_ltm|is_sm_ips_ports,ksf-v4-idsplit::
quantum,svc,4,zmap_r2__as0.5__svc__d4,zmap_r2__as0.5,id_test,train_cv,10.0,0.8803087201558325,0.0060024261474609375,0.927710843373494,0.9247252747252748,0.9268507638072856,0.9347826086956522,0.9743374272786037,0.9618386732734467,port_protocol_service_ablation,39,36,3,ct_src_dport_ltm|ct_dst_sport_ltm|is_sm_ips_ports,ksf-v4-idsplit::
quantum,svc,4,zmap_r2__as0.5__svc__d4,zmap_r2__as0.5,ood_test,train_cv,10.0,0.8803087201558325,0.0060024261474609375,0.79,0.7664660973084886,0.7683050077011002,0.8392036753445635,0.9075439958592133,0.8943371254130561,port_protocol_service_ablation,39,36,3,ct_src_dport_ltm|ct_dst_sport_ltm|is_sm_ips_ports,ksf-v4-idsplit::
quantum,svc,4,zz_r1_full__svc__d4,zz_r1_full,id_val,fixed_c1,1.0,,0.0072460174560546875,0.9282868525896414,0.9256997455470738,0.9275682954982686,0.9347826086956522,0.9391221374045802,0.9048314416704317,port_protocol_service_ablation,39,36,3,ct_src_dport_ltm|ct_dst_sport_ltm|is_sm_ips_ports,ksf-v4-idsplit::
quantum,svc,4,zz_r1_full__svc__d4,zz_r1_full,id_test,fixed_c1,1.0,,0.0072460174560546875,0.9236947791164659,0.9205235940530059,0.9227175457797671,0.9314079422382672,0.9707175177763413,0.9584953131497082,port_protocol_service_ablation,39,36,3,ct_src_dport_ltm|ct_dst_sport_ltm|is_sm_ips_ports,ksf-v4-idsplit::
quantum,svc,4,zz_r1_full__svc__d4,zz_r1_full,ood_test,fixed_c1,1.0,,0.0072460174560546875,0.794,0.7705098343685299,0.7727182456496506,0.8422664624808576,0.8820199275362319,0.8555408424557698,port_protocol_service_ablation,39,36,3,ct_src_dport_ltm|ct_dst_sport_ltm|is_sm_ips_ports,ksf-v4-idsplit::
quantum,svc,4,zz_r1_full__svc__d4,zz_r1_full,id_val,train_cv,10.0,0.8765165973093734,0.010843038558959961,0.9203187250996016,0.9184160305343512,0.9197570332480818,0.9264705882352942,0.9581424936386768,0.9414071518044753,port_protocol_service_ablation,39,36,3,ct_src_dport_ltm|ct_dst_sport_ltm|is_sm_ips_ports,ksf-v4-idsplit::
quantum,svc,4,zz_r1_full__svc__d4,zz_r1_full,id_test,train_cv,10.0,0.8765165973093734,0.010843038558959961,0.9397590361445783,0.9373303167420814,0.9391941391941392,0.945054945054945,0.980349062702004,0.9773195137266926,port_protocol_service_ablation,39,36,3,ct_src_dport_ltm|ct_dst_sport_ltm|is_sm_ips_ports,ksf-v4-idsplit::
quantum,svc,4,zz_r1_full__svc__d4,zz_r1_full,ood_test,train_cv,10.0,0.8765165973093734,0.010843038558959961,0.82,0.7999482401656315,0.8051576923743051,0.8589341692789969,0.9329871894409938,0.9206256164161615,port_protocol_service_ablation,39,36,3,ct_src_dport_ltm|ct_dst_sport_ltm|is_sm_ips_ports,ksf-v4-idsplit::
quantum,svc,4,zz_r2_full__svc__d4,zz_r2_full,id_val,fixed_c1,1.0,,0.007911205291748047,0.9163346613545816,0.9135496183206107,0.9154271961492177,0.924187725631769,0.9314249363867685,0.8966901088351056,port_protocol_service_ablation,39,36,3,ct_src_dport_ltm|ct_dst_sport_ltm|is_sm_ips_ports,ksf-v4-idsplit::
quantum,svc,4,zz_r2_full__svc__d4,zz_r2_full,id_test,fixed_c1,1.0,,0.007911205291748047,0.9196787148594378,0.9173884938590822,0.9189875065070277,0.9264705882352942,0.9702003878474467,0.9660013648023935,port_protocol_service_ablation,39,36,3,ct_src_dport_ltm|ct_dst_sport_ltm|is_sm_ips_ports,ksf-v4-idsplit::
quantum,svc,4,zz_r2_full__svc__d4,zz_r2_full,ood_test,fixed_c1,1.0,,0.007911205291748047,0.804,0.7820910973084886,0.7857305277151003,0.848297213622291,0.8618335921325052,0.8312622463380633,port_protocol_service_ablation,39,36,3,ct_src_dport_ltm|ct_dst_sport_ltm|is_sm_ips_ports,ksf-v4-idsplit::
quantum,svc,4,zz_r2_full__svc__d4,zz_r2_full,id_val,train_cv,1.0,0.8627334633221182,0.0072176456451416016,0.9163346613545816,0.9135496183206107,0.9154271961492177,0.924187725631769,0.9314249363867685,0.8966901088351056,port_protocol_service_ablation,39,36,3,ct_src_dport_ltm|ct_dst_sport_ltm|is_sm_ips_ports,ksf-v4-idsplit::
quantum,svc,4,zz_r2_full__svc__d4,zz_r2_full,id_test,train_cv,1.0,0.8627334633221182,0.0072176456451416016,0.9196787148594378,0.9173884938590822,0.9189875065070277,0.9264705882352942,0.9702003878474467,0.9660013648023935,port_protocol_service_ablation,39,36,3,ct_src_dport_ltm|ct_dst_sport_ltm|is_sm_ips_ports,ksf-v4-idsplit::
quantum,svc,4,zz_r2_full__svc__d4,zz_r2_full,ood_test,train_cv,1.0,0.8627334633221182,0.0072176456451416016,0.804,0.7820910973084886,0.7857305277151003,0.848297213622291,0.8618335921325052,0.8312622463380633,port_protocol_service_ablation,39,36,3,ct_src_dport_ltm|ct_dst_sport_ltm|is_sm_ips_ports,ksf-v4-idsplit::
quantum,svc,4,pauli_xz_r1_full__svc__d4,pauli_xz_r1_full,id_val,fixed_c1,1.0,,0.0064544677734375,0.9243027888446215,0.921533078880407,0.9234817488969114,0.9314079422382672,0.9557888040712469,0.9318606463870713,port_protocol_service_ablation,39,36,3,ct_src_dport_ltm|ct_dst_sport_ltm|is_sm_ips_ports,ksf-v4-idsplit::
quantum,svc,4,pauli_xz_r1_full__svc__d4,pauli_xz_r1_full,id_test,fixed_c1,1.0,,0.0064544677734375,0.9196787148594378,0.9159663865546219,0.9184141546526867,0.9285714285714286,0.9778926955397544,0.9743106225020053,port_protocol_service_ablation,39,36,3,ct_src_dport_ltm|ct_dst_sport_ltm|is_sm_ips_ports,ksf-v4-idsplit::
quantum,svc,4,pauli_xz_r1_full__svc__d4,pauli_xz_r1_full,ood_test,fixed_c1,1.0,,0.0064544677734375,0.784,0.7597696687370601,0.7607061826432218,0.8353658536585366,0.8897677277432712,0.8572014427263865,port_protocol_service_ablation,39,36,3,ct_src_dport_ltm|ct_dst_sport_ltm|is_sm_ips_ports,ksf-v4-idsplit::
quantum,svc,4,pauli_xz_r1_full__svc__d4,pauli_xz_r1_full,id_val,train_cv,100.0,0.8905705920584938,0.017215490341186523,0.9243027888446215,0.921882951653944,0.9236043251902283,0.9309090909090909,0.9564249363867685,0.9431831971912732,port_protocol_service_ablation,39,36,3,ct_src_dport_ltm|ct_dst_sport_ltm|is_sm_ips_ports,ksf-v4-idsplit::
quantum,svc,4,pauli_xz_r1_full__svc__d4,pauli_xz_r1_full,id_test,train_cv,100.0,0.8905705920584938,0.017215490341186523,0.9477911646586346,0.9457336780866192,0.9473803989141213,0.9520295202952029,0.9681965093729799,0.9364920057473354,port_protocol_service_ablation,39,36,3,ct_src_dport_ltm|ct_dst_sport_ltm|is_sm_ips_ports,ksf-v4-idsplit::
quantum,svc,4,pauli_xz_r1_full__svc__d4,pauli_xz_r1_full,ood_test,train_cv,100.0,0.8905705920584938,0.017215490341186523,0.826,0.8066446687370601,0.8123179808003451,0.862992125984252,0.9079807194616978,0.8732987440418168,port_protocol_service_ablation,39,36,3,ct_src_dport_ltm|ct_dst_sport_ltm|is_sm_ips_ports,ksf-v4-idsplit::
quantum,svc,4,zmap_r2__svc__d4,zmap_r2,id_val,fixed_c1,1.0,,0.0062830448150634766,0.9203187250996016,0.9177162849872773,0.9195203283314095,0.927536231884058,0.9537531806615775,0.938151398947822,port_protocol_service_ablation,39,36,3,ct_src_dport_ltm|ct_dst_sport_ltm|is_sm_ips_ports,ksf-v4-idsplit::
quantum,svc,4,zmap_r2__svc__d4,zmap_r2,id_test,fixed_c1,1.0,,0.0062830448150634766,0.9116465863453815,0.9079185520361991,0.9102555701179554,0.9214285714285714,0.9509372979961215,0.928330359400179,port_protocol_service_ablation,39,36,3,ct_src_dport_ltm|ct_dst_sport_ltm|is_sm_ips_ports,ksf-v4-idsplit::
quantum,svc,4,zmap_r2__svc__d4,zmap_r2,ood_test,fixed_c1,1.0,,0.0062830448150634766,0.782,0.7566964285714286,0.7567822062754654,0.8350983358547656,0.826572204968944,0.7405586467056638,port_protocol_service_ablation,39,36,3,ct_src_dport_ltm|ct_dst_sport_ltm|is_sm_ips_ports,ksf-v4-idsplit::
quantum,svc,4,zmap_r2__svc__d4,zmap_r2,id_val,train_cv,1.0,0.8745327926544146,0.00620579719543457,0.9203187250996016,0.9177162849872773,0.9195203283314095,0.927536231884058,0.9537531806615775,0.938151398947822,port_protocol_service_ablation,39,36,3,ct_src_dport_ltm|ct_dst_sport_ltm|is_sm_ips_ports,ksf-v4-idsplit::
quantum,svc,4,zmap_r2__svc__d4,zmap_r2,id_test,train_cv,1.0,0.8745327926544146,0.00620579719543457,0.9116465863453815,0.9079185520361991,0.9102555701179554,0.9214285714285714,0.9509372979961215,0.928330359400179,port_protocol_service_ablation,39,36,3,ct_src_dport_ltm|ct_dst_sport_ltm|is_sm_ips_ports,ksf-v4-idsplit::
quantum,svc,4,zmap_r2__svc__d4,zmap_r2,ood_test,train_cv,1.0,0.8745327926544146,0.00620579719543457,0.782,0.7566964285714286,0.7567822062754654,0.8350983358547656,0.826572204968944,0.7405586467056638,port_protocol_service_ablation,39,36,3,ct_src_dport_ltm|ct_dst_sport_ltm|is_sm_ips_ports,ksf-v4-idsplit::
quantum,svc,4,zz_r1_full__as2__svc__d4,zz_r1_full__as2,id_val,fixed_c1,1.0,,0.007000923156738281,0.9243027888446215,0.9229325699745548,0.9239114826810473,0.929368029739777,0.9573791348600508,0.9478845078121801,port_protocol_service_ablation,39,36,3,ct_src_dport_ltm|ct_dst_sport_ltm|is_sm_ips_ports,ksf-v4-idsplit::
quantum,svc,4,zz_r1_full__as2__svc__d4,zz_r1_full__as2,id_test,fixed_c1,1.0,,0.007000923156738281,0.9156626506024096,0.9135423400129283,0.9149991059381959,0.922509225092251,0.9694246929541046,0.9549043484251043,port_protocol_service_ablation,39,36,3,ct_src_dport_ltm|ct_dst_sport_ltm|is_sm_ips_ports,ksf-v4-idsplit::
quantum,svc,4,zz_r1_full__as2__svc__d4,zz_r1_full__as2,ood_test,fixed_c1,1.0,,0.007000923156738281,0.792,0.7720626293995859,0.775381850853549,0.8364779874213837,0.8642274844720497,0.8332453203978782,port_protocol_service_ablation,39,36,3,ct_src_dport_ltm|ct_dst_sport_ltm|is_sm_ips_ports,ksf-v4-idsplit::
quantum,svc,4,zz_r1_full__as2__svc__d4,zz_r1_full__as2,id_val,train_cv,1.0,0.8559753617999789,0.007069826126098633,0.9243027888446215,0.9229325699745548,0.9239114826810473,0.929368029739777,0.9573791348600508,0.9478845078121801,port_protocol_service_ablation,39,36,3,ct_src_dport_ltm|ct_dst_sport_ltm|is_sm_ips_ports,ksf-v4-idsplit::
quantum,svc,4,zz_r1_full__as2__svc__d4,zz_r1_full__as2,id_test,train_cv,1.0,0.8559753617999789,0.007069826126098633,0.9156626506024096,0.9135423400129283,0.9149991059381959,0.922509225092251,0.9694246929541046,0.9549043484251043,port_protocol_service_ablation,39,36,3,ct_src_dport_ltm|ct_dst_sport_ltm|is_sm_ips_ports,ksf-v4-idsplit::
quantum,svc,4,zz_r1_full__as2__svc__d4,zz_r1_full__as2,ood_test,train_cv,1.0,0.8559753617999789,0.007069826126098633,0.792,0.7720626293995859,0.775381850853549,0.8364779874213837,0.8642274844720497,0.8332453203978782,port_protocol_service_ablation,39,36,3,ct_src_dport_ltm|ct_dst_sport_ltm|is_sm_ips_ports,ksf-v4-idsplit::
quantum,svc,4,zz_r2_full__as2__svc__d4,zz_r2_full__as2,id_val,fixed_c1,1.0,,0.006682872772216797,0.8884462151394422,0.8861323155216285,0.8875016007171213,0.8978102189781022,0.9564885496183206,0.9512178081381159,port_protocol_service_ablation,39,36,3,ct_src_dport_ltm|ct_dst_sport_ltm|is_sm_ips_ports,ksf-v4-idsplit::
quantum,svc,4,zz_r2_full__as2__svc__d4,zz_r2_full__as2,id_test,fixed_c1,1.0,,0.006682872772216797,0.8795180722891566,0.8785714285714286,0.879079254079254,0.8863636363636364,0.9434389140271493,0.9266017332019341,port_protocol_service_ablation,39,36,3,ct_src_dport_ltm|ct_dst_sport_ltm|is_sm_ips_ports,ksf-v4-idsplit::
quantum,svc,4,zz_r2_full__as2__svc__d4,zz_r2_full__as2,ood_test,fixed_c1,1.0,,0.006682872772216797,0.744,0.7285843685300207,0.7304763829930597,0.7908496732026143,0.8113839285714286,0.7817168943310473,port_protocol_service_ablation,39,36,3,ct_src_dport_ltm|ct_dst_sport_ltm|is_sm_ips_ports,ksf-v4-idsplit::
quantum,svc,4,zz_r2_full__as2__svc__d4,zz_r2_full__as2,id_val,train_cv,10.0,0.828180121724937,0.010641336441040039,0.8764940239043825,0.8757315521628499,0.8761085900804076,0.8830188679245283,0.9333969465648856,0.9081362499013073,port_protocol_service_ablation,39,36,3,ct_src_dport_ltm|ct_dst_sport_ltm|is_sm_ips_ports,ksf-v4-idsplit::
quantum,svc,4,zz_r2_full__as2__svc__d4,zz_r2_full__as2,id_test,train_cv,10.0,0.828180121724937,0.010641336441040039,0.8835341365461847,0.8831286360698125,0.8832630098452883,0.8888888888888888,0.9189398836457661,0.8885424317680685,port_protocol_service_ablation,39,36,3,ct_src_dport_ltm|ct_dst_sport_ltm|is_sm_ips_ports,ksf-v4-idsplit::
quantum,svc,4,zz_r2_full__as2__svc__d4,zz_r2_full__as2,ood_test,train_cv,10.0,0.828180121724937,0.010641336441040039,0.758,0.744629917184265,0.7472753779381849,0.7993366500829188,0.830955615942029,0.8124740528331635,port_protocol_service_ablation,39,36,3,ct_src_dport_ltm|ct_dst_sport_ltm|is_sm_ips_ports,ksf-v4-idsplit::
quantum,svc,4,pauli_xz_r1_full__as2__svc__d4,pauli_xz_r1_full__as2,id_val,fixed_c1,1.0,,0.009329557418823242,0.9123505976095617,0.909382951653944,0.9113245118191162,0.920863309352518,0.935559796437659,0.8810858805646291,port_protocol_service_ablation,39,36,3,ct_src_dport_ltm|ct_dst_sport_ltm|is_sm_ips_ports,ksf-v4-idsplit::
quantum,svc,4,pauli_xz_r1_full__as2__svc__d4,pauli_xz_r1_full__as2,id_test,fixed_c1,1.0,,0.009329557418823242,0.9196787148594378,0.916321913380737,0.9185742315238719,0.9280575539568345,0.9575953458306399,0.9256633293779426,port_protocol_service_ablation,39,36,3,ct_src_dport_ltm|ct_dst_sport_ltm|is_sm_ips_ports,ksf-v4-idsplit::
quantum,svc,4,pauli_xz_r1_full__as2__svc__d4,pauli_xz_r1_full__as2,ood_test,fixed_c1,1.0,,0.009329557418823242,0.792,0.7682776915113871,0.7702002792950452,0.8409785932721713,0.8819552277432713,0.8327547686845009,port_protocol_service_ablation,39,36,3,ct_src_dport_ltm|ct_dst_sport_ltm|is_sm_ips_ports,ksf-v4-idsplit::
quantum,svc,4,pauli_xz_r1_full__as2__svc__d4,pauli_xz_r1_full__as2,id_val,train_cv,1.0,0.8783375631016632,0.005525827407836914,0.9123505976095617,0.909382951653944,0.9113245118191162,0.920863309352518,0.935559796437659,0.8810858805646291,port_protocol_service_ablation,39,36,3,ct_src_dport_ltm|ct_dst_sport_ltm|is_sm_ips_ports,ksf-v4-idsplit::
quantum,svc,4,pauli_xz_r1_full__as2__svc__d4,pauli_xz_r1_full__as2,id_test,train_cv,1.0,0.8783375631016632,0.005525827407836914,0.9196787148594378,0.916321913380737,0.9185742315238719,0.9280575539568345,0.9575953458306399,0.9256633293779426,port_protocol_service_ablation,39,36,3,ct_src_dport_ltm|ct_dst_sport_ltm|is_sm_ips_ports,ksf-v4-idsplit::
quantum,svc,4,pauli_xz_r1_full__as2__svc__d4,pauli_xz_r1_full__as2,ood_test,train_cv,1.0,0.8783375631016632,0.005525827407836914,0.792,0.7682776915113871,0.7702002792950452,0.8409785932721713,0.8819552277432713,0.8327547686845009,port_protocol_service_ablation,39,36,3,ct_src_dport_ltm|ct_dst_sport_ltm|is_sm_ips_ports,ksf-v4-idsplit::
quantum,svc,4,zmap_r2__as2__svc__d4,zmap_r2__as2,id_val,fixed_c1,1.0,,0.004999399185180664,0.900398406374502,0.896882951653944,0.8989549282620247,0.9110320284697508,0.9410941475826972,0.9172886902248713,port_protocol_service_ablation,39,36,3,ct_src_dport_ltm|ct_dst_sport_ltm|is_sm_ips_ports,ksf-v4-idsplit::
quantum,svc,4,zmap_r2__as2__svc__d4,zmap_r2__as2,id_test,fixed_c1,1.0,,0.004999399185180664,0.9156626506024096,0.9128312863606981,0.9147329800244598,0.9236363636363636,0.965481577246283,0.9550100647298848,port_protocol_service_ablation,39,36,3,ct_src_dport_ltm|ct_dst_sport_ltm|is_sm_ips_ports,ksf-v4-idsplit::
quantum,svc,4,zmap_r2__as2__svc__d4,zmap_r2__as2,ood_test,fixed_c1,1.0,,0.004999399185180664,0.782,0.7575375258799172,0.7581550558905885,0.8340943683409436,0.8799010093167703,0.8116014019220938,port_protocol_service_ablation,39,36,3,ct_src_dport_ltm|ct_dst_sport_ltm|is_sm_ips_ports,ksf-v4-idsplit::
quantum,svc,4,zmap_r2__as2__svc__d4,zmap_r2__as2,id_val,train_cv,10.0,0.8667064219977467,0.00760197639465332,0.8884462151394422,0.8861323155216285,0.8875016007171213,0.8978102189781022,0.9369592875318066,0.9292030105582434,port_protocol_service_ablation,39,36,3,ct_src_dport_ltm|ct_dst_sport_ltm|is_sm_ips_ports,ksf-v4-idsplit::
quantum,svc,4,zmap_r2__as2__svc__d4,zmap_r2__as2,id_test,train_cv,10.0,0.8667064219977467,0.00760197639465332,0.9156626506024096,0.9135423400129283,0.9149991059381959,0.922509225092251,0.9712992889463478,0.9616578552422399,port_protocol_service_ablation,39,36,3,ct_src_dport_ltm|ct_dst_sport_ltm|is_sm_ips_ports,ksf-v4-idsplit::
quantum,svc,4,zmap_r2__as2__svc__d4,zmap_r2__as2,ood_test,train_cv,10.0,0.8667064219977467,0.00760197639465332,0.798,0.7753946687370601,0.7783133376353715,0.8443759630200308,0.8877620341614907,0.8181236324259104,port_protocol_service_ablation,39,36,3,ct_src_dport_ltm|ct_dst_sport_ltm|is_sm_ips_ports,ksf-v4-idsplit::
classical_ext,svc,6,linear__svc__d6,linear,id_val,fixed_c1,1.0,,0.004999876022338867,0.8725099601593626,0.8705152671755725,0.8716112531969309,0.8823529411764706,0.9099872773536896,0.8425963681382476,port_protocol_service_ablation,39,36,3,ct_src_dport_ltm|ct_dst_sport_ltm|is_sm_ips_ports,ksf-v4-idsplit::
classical_ext,svc,6,linear__svc__d6,linear,id_test,fixed_c1,1.0,,0.004999876022338867,0.8634538152610441,0.8614091790562379,0.8624756335282651,0.8740740740740741,0.8947640594699419,0.8162083678588404,port_protocol_service_ablation,39,36,3,ct_src_dport_ltm|ct_dst_sport_ltm|is_sm_ips_ports,ksf-v4-idsplit::
classical_ext,svc,6,linear__svc__d6,linear,ood_test,fixed_c1,1.0,,0.004999876022338867,0.782,0.7566964285714286,0.7567822062754654,0.8350983358547656,0.7494824016563146,0.6914184406047016,port_protocol_service_ablation,39,36,3,ct_src_dport_ltm|ct_dst_sport_ltm|is_sm_ips_ports,ksf-v4-idsplit::
classical_ext,svc,6,linear__svc__d6,linear,id_val,train_cv,10.0,0.8364827142505178,0.0077364444732666016,0.8804780876494024,0.878148854961832,0.8794660007683442,0.8905109489051095,0.9094147582697201,0.8453865375075531,port_protocol_service_ablation,39,36,3,ct_src_dport_ltm|ct_dst_sport_ltm|is_sm_ips_ports,ksf-v4-idsplit::
classical_ext,svc,6,linear__svc__d6,linear,id_test,train_cv,10.0,0.8364827142505178,0.0077364444732666016,0.8755020080321285,0.8729476405946994,0.8743345543345543,0.8864468864468864,0.8911441499676793,0.8156627397302475,port_protocol_service_ablation,39,36,3,ct_src_dport_ltm|ct_dst_sport_ltm|is_sm_ips_ports,ksf-v4-idsplit::
classical_ext,svc,6,linear__svc__d6,linear,ood_test,train_cv,10.0,0.8364827142505178,0.0077364444732666016,0.778,0.7522321428571428,0.7516011654604777,0.832579185520362,0.7520056935817805,0.7100136481124751,port_protocol_service_ablation,39,36,3,ct_src_dport_ltm|ct_dst_sport_ltm|is_sm_ips_ports,ksf-v4-idsplit::
classical_ext,svc,6,rbf_gscale__svc__d6,rbf_gscale,id_val,fixed_c1,1.0,,0.0060024261474609375,0.9243027888446215,0.921533078880407,0.9234817488969114,0.9314079422382672,0.9643129770992367,0.9499857519428101,port_protocol_service_ablation,39,36,3,ct_src_dport_ltm|ct_dst_sport_ltm|is_sm_ips_ports,ksf-v4-idsplit::
classical_ext,svc,6,rbf_gscale__svc__d6,rbf_gscale,id_test,fixed_c1,1.0,,0.0060024261474609375,0.9156626506024096,0.9117647058823529,0.9142463551831018,0.9252669039145908,0.9803490627020038,0.9788728894845126,port_protocol_service_ablation,39,36,3,ct_src_dport_ltm|ct_dst_sport_ltm|is_sm_ips_ports,ksf-v4-idsplit::
classical_ext,svc,6,rbf_gscale__svc__d6,rbf_gscale,ood_test,fixed_c1,1.0,,0.0060024261474609375,0.78,0.7544642857142857,0.7541965355118969,0.8338368580060423,0.9159226190476191,0.9012736745313229,port_protocol_service_ablation,39,36,3,ct_src_dport_ltm|ct_dst_sport_ltm|is_sm_ips_ports,ksf-v4-idsplit::
classical_ext,svc,6,rbf_gscale__svc__d6,rbf_gscale,id_val,train_cv,100.0,0.89088087130982,0.01280665397644043,0.9083665338645418,0.9073155216284987,0.9079926687385449,0.9138576779026217,0.9479643765903307,0.9186518140081346,port_protocol_service_ablation,39,36,3,ct_src_dport_ltm|ct_dst_sport_ltm|is_sm_ips_ports,ksf-v4-idsplit::
classical_ext,svc,6,rbf_gscale__svc__d6,rbf_gscale,id_test,train_cv,100.0,0.89088087130982,0.01280665397644043,0.9357429718875502,0.9341952165481577,0.9353666450356911,0.9402985074626866,0.9739495798319328,0.9645148542567108,port_protocol_service_ablation,39,36,3,ct_src_dport_ltm|ct_dst_sport_ltm|is_sm_ips_ports,ksf-v4-idsplit::
classical_ext,svc,6,rbf_gscale__svc__d6,rbf_gscale,ood_test,train_cv,100.0,0.89088087130982,0.01280665397644043,0.838,0.8204580745341614,0.8268276100927434,0.8708133971291866,0.931935817805383,0.9309414418256878,port_protocol_service_ablation,39,36,3,ct_src_dport_ltm|ct_dst_sport_ltm|is_sm_ips_ports,ksf-v4-idsplit::
classical_ext,svc,6,poly2__svc__d6,poly2,id_val,fixed_c1,1.0,,0.005956172943115234,0.9123505976095617,0.9090330788804071,0.9111647361647361,0.9214285714285714,0.9048982188295166,0.8499595552563389,port_protocol_service_ablation,39,36,3,ct_src_dport_ltm|ct_dst_sport_ltm|is_sm_ips_ports,ksf-v4-idsplit::
classical_ext,svc,6,poly2__svc__d6,poly2,id_test,fixed_c1,1.0,,0.005956172943115234,0.9116465863453815,0.907563025210084,0.9100669818754925,0.9219858156028369,0.8951519069166128,0.813970779036745,port_protocol_service_ablation,39,36,3,ct_src_dport_ltm|ct_dst_sport_ltm|is_sm_ips_ports,ksf-v4-idsplit::
classical_ext,svc,6,poly2__svc__d6,poly2,ood_test,fixed_c1,1.0,,0.005956172943115234,0.754,0.7254464285714286,0.7196581196581197,0.8177777777777778,0.7655926501035196,0.7431628990666747,port_protocol_service_ablation,39,36,3,ct_src_dport_ltm|ct_dst_sport_ltm|is_sm_ips_ports,ksf-v4-idsplit::
classical_ext,svc,6,poly2__svc__d6,poly2,id_val,train_cv,100.0,0.8804888823017638,0.011001825332641602,0.9243027888446215,0.921533078880407,0.9234817488969114,0.9314079422382672,0.9728371501272264,0.9689152156717057,port_protocol_service_ablation,39,36,3,ct_src_dport_ltm|ct_dst_sport_ltm|is_sm_ips_ports,ksf-v4-idsplit::
classical_ext,svc,6,poly2__svc__d6,poly2,id_test,train_cv,100.0,0.8804888823017638,0.011001825332641602,0.9236947791164659,0.9201680672268908,0.9225708253547404,0.931899641577061,0.9682611506140918,0.9563157500556098,port_protocol_service_ablation,39,36,3,ct_src_dport_ltm|ct_dst_sport_ltm|is_sm_ips_ports,ksf-v4-idsplit::
classical_ext,svc,6,poly2__svc__d6,poly2,ood_test,train_cv,100.0,0.8804888823017638,0.011001825332641602,0.782,0.7566964285714286,0.7567822062754654,0.8350983358547656,0.8823919513457558,0.8251319861463644,port_protocol_service_ablation,39,36,3,ct_src_dport_ltm|ct_dst_sport_ltm|is_sm_ips_ports,ksf-v4-idsplit::
classical_ext,svc,6,poly3__svc__d6,poly3,id_val,fixed_c1,1.0,,0.005990505218505859,0.9123505976095617,0.9090330788804071,0.9111647361647361,0.9214285714285714,0.9277989821882953,0.8938959898052579,port_protocol_service_ablation,39,36,3,ct_src_dport_ltm|ct_dst_sport_ltm|is_sm_ips_ports,ksf-v4-idsplit::
classical_ext,svc,6,poly3__svc__d6,poly3,id_test,fixed_c1,1.0,,0.005990505218505859,0.9116465863453815,0.907563025210084,0.9100669818754925,0.9219858156028369,0.9120232708468002,0.8480894945193229,port_protocol_service_ablation,39,36,3,ct_src_dport_ltm|ct_dst_sport_ltm|is_sm_ips_ports,ksf-v4-idsplit::
classical_ext,svc,6,poly3__svc__d6,poly3,ood_test,fixed_c1,1.0,,0.005990505218505859,0.754,0.7254464285714286,0.7196581196581197,0.8177777777777778,0.7806515269151139,0.7386144743971791,port_protocol_service_ablation,39,36,3,ct_src_dport_ltm|ct_dst_sport_ltm|is_sm_ips_ports,ksf-v4-idsplit::
classical_ext,svc,6,poly3__svc__d6,poly3,id_val,train_cv,100.0,0.8823705758259358,0.013998031616210938,0.9282868525896414,0.9256997455470738,0.9275682954982686,0.9347826086956522,0.9654580152671756,0.9520143775274195,port_protocol_service_ablation,39,36,3,ct_src_dport_ltm|ct_dst_sport_ltm|is_sm_ips_ports,ksf-v4-idsplit::
classical_ext,svc,6,poly3__svc__d6,poly3,id_test,train_cv,100.0,0.8823705758259358,0.013998031616210938,0.9236947791164659,0.9205235940530059,0.9227175457797671,0.9314079422382672,0.9791855203619909,0.9775369397072516,port_protocol_service_ablation,39,36,3,ct_src_dport_ltm|ct_dst_sport_ltm|is_sm_ips_ports,ksf-v4-idsplit::
classical_ext,svc,6,poly3__svc__d6,poly3,ood_test,train_cv,100.0,0.8823705758259358,0.013998031616210938,0.788,0.7642339544513457,0.765781053896873,0.8379204892966361,0.895606884057971,0.8491843529373093,port_protocol_service_ablation,39,36,3,ct_src_dport_ltm|ct_dst_sport_ltm|is_sm_ips_ports,ksf-v4-idsplit::
classical_ext,svc,6,laplacian_med__svc__d6,laplacian_med,id_val,fixed_c1,1.0,,0.0053560733795166016,0.9243027888446215,0.921533078880407,0.9234817488969114,0.9314079422382672,0.9643765903307888,0.9505991922306115,port_protocol_service_ablation,39,36,3,ct_src_dport_ltm|ct_dst_sport_ltm|is_sm_ips_ports,ksf-v4-idsplit::
classical_ext,svc,6,laplacian_med__svc__d6,laplacian_med,id_test,fixed_c1,1.0,,0.0053560733795166016,0.9116465863453815,0.907563025210084,0.9100669818754925,0.9219858156028369,0.9782805429864254,0.970815246384434,port_protocol_service_ablation,39,36,3,ct_src_dport_ltm|ct_dst_sport_ltm|is_sm_ips_ports,ksf-v4-idsplit::
classical_ext,svc,6,laplacian_med__svc__d6,laplacian_med,ood_test,fixed_c1,1.0,,0.0053560733795166016,0.778,0.7522321428571428,0.7516011654604777,0.832579185520362,0.8917734213250517,0.8605727874338186,port_protocol_service_ablation,39,36,3,ct_src_dport_ltm|ct_dst_sport_ltm|is_sm_ips_ports,ksf-v4-idsplit::
classical_ext,svc,6,laplacian_med__svc__d6,laplacian_med,id_val,train_cv,10.0,0.88757851617738,0.005514860153198242,0.9243027888446215,0.9239821882951653,0.9241293730213023,0.9277566539923955,0.970737913486005,0.9655951513059802,port_protocol_service_ablation,39,36,3,ct_src_dport_ltm|ct_dst_sport_ltm|is_sm_ips_ports,ksf-v4-idsplit::
classical_ext,svc,6,laplacian_med__svc__d6,laplacian_med,id_test,train_cv,10.0,0.88757851617738,0.005514860153198242,0.9236947791164659,0.9230122818358113,0.9234527950813041,0.9277566539923955,0.9782805429864254,0.973094995996821,port_protocol_service_ablation,39,36,3,ct_src_dport_ltm|ct_dst_sport_ltm|is_sm_ips_ports,ksf-v4-idsplit::
classical_ext,svc,6,laplacian_med__svc__d6,laplacian_med,ood_test,train_cv,10.0,0.88757851617738,0.005514860153198242,0.82,0.806256469979296,0.8111909237379162,0.8519736842105263,0.8941511387163562,0.8754480822361443,port_protocol_service_ablation,39,36,3,ct_src_dport_ltm|ct_dst_sport_ltm|is_sm_ips_ports,ksf-v4-idsplit::
classical_ext,svc,6,matern15_med__svc__d6,matern15_med,id_val,fixed_c1,1.0,,0.0039997100830078125,0.9123505976095617,0.9090330788804071,0.9111647361647361,0.9214285714285714,0.9597964376590331,0.9413929656915164,port_protocol_service_ablation,39,36,3,ct_src_dport_ltm|ct_dst_sport_ltm|is_sm_ips_ports,ksf-v4-idsplit::
classical_ext,svc,6,matern15_med__svc__d6,matern15_med,id_test,fixed_c1,1.0,,0.0039997100830078125,0.9116465863453815,0.907563025210084,0.9100669818754925,0.9219858156028369,0.9759534583063995,0.9732284826483121,port_protocol_service_ablation,39,36,3,ct_src_dport_ltm|ct_dst_sport_ltm|is_sm_ips_ports,ksf-v4-idsplit::
classical_ext,svc,6,matern15_med__svc__d6,matern15_med,ood_test,fixed_c1,1.0,,0.0039997100830078125,0.754,0.7254464285714286,0.7196581196581197,0.8177777777777778,0.8882311076604554,0.8427941829900195,port_protocol_service_ablation,39,36,3,ct_src_dport_ltm|ct_dst_sport_ltm|is_sm_ips_ports,ksf-v4-idsplit::
classical_ext,svc,6,matern15_med__svc__d6,matern15_med,id_val,train_cv,10.0,0.8852138078116459,0.0065174102783203125,0.9243027888446215,0.9222328244274809,0.9237167490442599,0.9304029304029304,0.9625954198473282,0.9472119441032155,port_protocol_service_ablation,39,36,3,ct_src_dport_ltm|ct_dst_sport_ltm|is_sm_ips_ports,ksf-v4-idsplit::
classical_ext,svc,6,matern15_med__svc__d6,matern15_med,id_test,train_cv,10.0,0.8852138078116459,0.0065174102783203125,0.9236947791164659,0.9205235940530059,0.9227175457797671,0.9314079422382672,0.9823529411764707,0.9802150351641397,port_protocol_service_ablation,39,36,3,ct_src_dport_ltm|ct_dst_sport_ltm|is_sm_ips_ports,ksf-v4-idsplit::
classical_ext,svc,6,matern15_med__svc__d6,matern15_med,ood_test,train_cv,10.0,0.8852138078116459,0.0065174102783203125,0.796,0.7731625258799172,0.7758241758241757,0.8430769230769231,0.9276818064182194,0.9222272004630896,port_protocol_service_ablation,39,36,3,ct_src_dport_ltm|ct_dst_sport_ltm|is_sm_ips_ports,ksf-v4-idsplit::
classical_ext,svc,6,matern25_med__svc__d6,matern25_med,id_val,fixed_c1,1.0,,0.0039997100830078125,0.9123505976095617,0.9090330788804071,0.9111647361647361,0.9214285714285714,0.9629134860050891,0.9542068830625564,port_protocol_service_ablation,39,36,3,ct_src_dport_ltm|ct_dst_sport_ltm|is_sm_ips_ports,ksf-v4-idsplit::
classical_ext,svc,6,matern25_med__svc__d6,matern25_med,id_test,fixed_c1,1.0,,0.0039997100830078125,0.9116465863453815,0.907563025210084,0.9100669818754925,0.9219858156028369,0.9595345830639949,0.933478693577406,port_protocol_service_ablation,39,36,3,ct_src_dport_ltm|ct_dst_sport_ltm|is_sm_ips_ports,ksf-v4-idsplit::
classical_ext,svc,6,matern25_med__svc__d6,matern25_med,ood_test,fixed_c1,1.0,,0.0039997100830078125,0.754,0.7254464285714286,0.7196581196581197,0.8177777777777778,0.8651494565217391,0.7898995015862456,port_protocol_service_ablation,39,36,3,ct_src_dport_ltm|ct_dst_sport_ltm|is_sm_ips_ports,ksf-v4-idsplit::
classical_ext,svc,6,matern25_med__svc__d6,matern25_med,id_val,train_cv,100.0,0.8835622653336721,0.011003494262695312,0.9123505976095617,0.9111323155216284,0.91194667687205,0.917910447761194,0.9504452926208652,0.9220211067207593,port_protocol_service_ablation,39,36,3,ct_src_dport_ltm|ct_dst_sport_ltm|is_sm_ips_ports,ksf-v4-idsplit::
classical_ext,svc,6,matern25_med__svc__d6,matern25_med,id_test,train_cv,100.0,0.8835622653336721,0.011003494262695312,0.9357429718875502,0.9341952165481577,0.9353666450356911,0.9402985074626866,0.9773755656108597,0.9725946908573624,port_protocol_service_ablation,39,36,3,ct_src_dport_ltm|ct_dst_sport_ltm|is_sm_ips_ports,ksf-v4-idsplit::
classical_ext,svc,6,matern25_med__svc__d6,matern25_med,ood_test,train_cv,100.0,0.8835622653336721,0.011003494262695312,0.818,0.7977160973084886,0.8027562110118389,0.8575899843505478,0.9315637939958592,0.9301844885760614,port_protocol_service_ablation,39,36,3,ct_src_dport_ltm|ct_dst_sport_ltm|is_sm_ips_ports,ksf-v4-idsplit::
classical_ext,svc,6,rbf_gscale_x0.1__svc__d6,rbf_gscale_x0.1,id_val,fixed_c1,1.0,,0.0057528018951416016,0.9123505976095617,0.9090330788804071,0.9111647361647361,0.9214285714285714,0.906615776081425,0.8583684673271766,port_protocol_service_ablation,39,36,3,ct_src_dport_ltm|ct_dst_sport_ltm|is_sm_ips_ports,ksf-v4-idsplit::
classical_ext,svc,6,rbf_gscale_x0.1__svc__d6,rbf_gscale_x0.1,id_test,fixed_c1,1.0,,0.0057528018951416016,0.9116465863453815,0.907563025210084,0.9100669818754925,0.9219858156028369,0.892436974789916,0.8148688367565604,port_protocol_service_ablation,39,36,3,ct_src_dport_ltm|ct_dst_sport_ltm|is_sm_ips_ports,ksf-v4-idsplit::
classical_ext,svc,6,rbf_gscale_x0.1__svc__d6,rbf_gscale_x0.1,ood_test,fixed_c1,1.0,,0.0057528018951416016,0.754,0.7254464285714286,0.7196581196581197,0.8177777777777778,0.7476708074534161,0.7281971741719083,port_protocol_service_ablation,39,36,3,ct_src_dport_ltm|ct_dst_sport_ltm|is_sm_ips_ports,ksf-v4-idsplit::
classical_ext,svc,6,rbf_gscale_x0.1__svc__d6,rbf_gscale_x0.1,id_val,train_cv,100.0,0.88042882825312,0.013410568237304688,0.9243027888446215,0.921533078880407,0.9234817488969114,0.9314079422382672,0.9653944020356233,0.955401301205054,port_protocol_service_ablation,39,36,3,ct_src_dport_ltm|ct_dst_sport_ltm|is_sm_ips_ports,ksf-v4-idsplit::
classical_ext,svc,6,rbf_gscale_x0.1__svc__d6,rbf_gscale_x0.1,id_test,train_cv,100.0,0.88042882825312,0.013410568237304688,0.9236947791164659,0.9201680672268908,0.9225708253547404,0.931899641577061,0.9780866192630898,0.9766957170785004,port_protocol_service_ablation,39,36,3,ct_src_dport_ltm|ct_dst_sport_ltm|is_sm_ips_ports,ksf-v4-idsplit::
classical_ext,svc,6,rbf_gscale_x0.1__svc__d6,rbf_gscale_x0.1,ood_test,train_cv,100.0,0.88042882825312,0.013410568237304688,0.782,0.7566964285714286,0.7567822062754654,0.8350983358547656,0.9007990424430642,0.8575653466228892,port_protocol_service_ablation,39,36,3,ct_src_dport_ltm|ct_dst_sport_ltm|is_sm_ips_ports,ksf-v4-idsplit::
classical_ext,svc,6,rbf_gscale_x0.3__svc__d6,rbf_gscale_x0.3,id_val,fixed_c1,1.0,,0.0057621002197265625,0.9123505976095617,0.9090330788804071,0.9111647361647361,0.9214285714285714,0.9551526717557252,0.9440789848754098,port_protocol_service_ablation,39,36,3,ct_src_dport_ltm|ct_dst_sport_ltm|is_sm_ips_ports,ksf-v4-idsplit::
classical_ext,svc,6,rbf_gscale_x0.3__svc__d6,rbf_gscale_x0.3,id_test,fixed_c1,1.0,,0.0057621002197265625,0.9116465863453815,0.907563025210084,0.9100669818754925,0.9219858156028369,0.9418228829993536,0.8935929770379579,port_protocol_service_ablation,39,36,3,ct_src_dport_ltm|ct_dst_sport_ltm|is_sm_ips_ports,ksf-v4-idsplit::
classical_ext,svc,6,rbf_gscale_x0.3__svc__d6,rbf_gscale_x0.3,ood_test,fixed_c1,1.0,,0.0057621002197265625,0.754,0.7254464285714286,0.7196581196581197,0.8177777777777778,0.8036361283643892,0.7310650678062626,port_protocol_service_ablation,39,36,3,ct_src_dport_ltm|ct_dst_sport_ltm|is_sm_ips_ports,ksf-v4-idsplit::
classical_ext,svc,6,rbf_gscale_x0.3__svc__d6,rbf_gscale_x0.3,id_val,train_cv,100.0,0.8820609702578475,0.012033224105834961,0.9282868525896414,0.9263994910941475,0.9277813299232737,0.9338235294117647,0.9534987277353689,0.9302434805563673,port_protocol_service_ablation,39,36,3,ct_src_dport_ltm|ct_dst_sport_ltm|is_sm_ips_ports,ksf-v4-idsplit::
classical_ext,svc,6,rbf_gscale_x0.3__svc__d6,rbf_gscale_x0.3,id_test,train_cv,100.0,0.8820609702578475,0.012033224105834961,0.9397590361445783,0.9373303167420814,0.9391941391941392,0.945054945054945,0.9837750484809309,0.9828463415865742,port_protocol_service_ablation,39,36,3,ct_src_dport_ltm|ct_dst_sport_ltm|is_sm_ips_ports,ksf-v4-idsplit::
classical_ext,svc,6,rbf_gscale_x0.3__svc__d6,rbf_gscale_x0.3,ood_test,train_cv,100.0,0.8820609702578475,0.012033224105834961,0.81,0.7887875258799172,0.7930743059276588,0.8522550544323484,0.9398130175983437,0.9412190537568361,port_protocol_service_ablation,39,36,3,ct_src_dport_ltm|ct_dst_sport_ltm|is_sm_ips_ports,ksf-v4-idsplit::
classical_ext,svc,6,rbf_gscale_x3__svc__d6,rbf_gscale_x3,id_val,fixed_c1,1.0,,0.005999565124511719,0.9243027888446215,0.921882951653944,0.9236043251902283,0.9309090909090909,0.9665394402035623,0.9565690988353559,port_protocol_service_ablation,39,36,3,ct_src_dport_ltm|ct_dst_sport_ltm|is_sm_ips_ports,ksf-v4-idsplit::
classical_ext,svc,6,rbf_gscale_x3__svc__d6,rbf_gscale_x3,id_test,fixed_c1,1.0,,0.005999565124511719,0.9196787148594378,0.916321913380737,0.9185742315238719,0.9280575539568345,0.978021978021978,0.9728153948340018,port_protocol_service_ablation,39,36,3,ct_src_dport_ltm|ct_dst_sport_ltm|is_sm_ips_ports,ksf-v4-idsplit::
classical_ext,svc,6,rbf_gscale_x3__svc__d6,rbf_gscale_x3,ood_test,fixed_c1,1.0,,0.005999565124511719,0.788,0.7642339544513457,0.765781053896873,0.8379204892966361,0.9324695910973084,0.9339897628161282,port_protocol_service_ablation,39,36,3,ct_src_dport_ltm|ct_dst_sport_ltm|is_sm_ips_ports,ksf-v4-idsplit::
classical_ext,svc,6,rbf_gscale_x3__svc__d6,rbf_gscale_x3,id_val,train_cv,1.0,0.8833921683361179,0.006911754608154297,0.9243027888446215,0.921882951653944,0.9236043251902283,0.9309090909090909,0.9665394402035623,0.9565690988353559,port_protocol_service_ablation,39,36,3,ct_src_dport_ltm|ct_dst_sport_ltm|is_sm_ips_ports,ksf-v4-idsplit::
classical_ext,svc,6,rbf_gscale_x3__svc__d6,rbf_gscale_x3,id_test,train_cv,1.0,0.8833921683361179,0.006911754608154297,0.9196787148594378,0.916321913380737,0.9185742315238719,0.9280575539568345,0.978021978021978,0.9728153948340018,port_protocol_service_ablation,39,36,3,ct_src_dport_ltm|ct_dst_sport_ltm|is_sm_ips_ports,ksf-v4-idsplit::
classical_ext,svc,6,rbf_gscale_x3__svc__d6,rbf_gscale_x3,ood_test,train_cv,1.0,0.8833921683361179,0.006911754608154297,0.788,0.7642339544513457,0.765781053896873,0.8379204892966361,0.9324695910973084,0.9339897628161282,port_protocol_service_ablation,39,36,3,ct_src_dport_ltm|ct_dst_sport_ltm|is_sm_ips_ports,ksf-v4-idsplit::
classical_ext,svc,6,rbf_gscale_x10__svc__d6,rbf_gscale_x10,id_val,fixed_c1,1.0,,0.007003068923950195,0.9203187250996016,0.9184160305343512,0.9197570332480818,0.9264705882352942,0.9507633587786259,0.9203257066762595,port_protocol_service_ablation,39,36,3,ct_src_dport_ltm|ct_dst_sport_ltm|is_sm_ips_ports,ksf-v4-idsplit::
classical_ext,svc,6,rbf_gscale_x10__svc__d6,rbf_gscale_x10,id_test,fixed_c1,1.0,,0.007003068923950195,0.9196787148594378,0.916677440206852,0.918723070896984,0.927536231884058,0.9721396250808015,0.9620193273267678,port_protocol_service_ablation,39,36,3,ct_src_dport_ltm|ct_dst_sport_ltm|is_sm_ips_ports,ksf-v4-idsplit::
classical_ext,svc,6,rbf_gscale_x10__svc__d6,rbf_gscale_x10,ood_test,fixed_c1,1.0,,0.007003068923950195,0.804,0.7816705486542443,0.7851781705948373,0.8487654320987654,0.8761645962732919,0.8428471073072182,port_protocol_service_ablation,39,36,3,ct_src_dport_ltm|ct_dst_sport_ltm|is_sm_ips_ports,ksf-v4-idsplit::
classical_ext,svc,6,rbf_gscale_x10__svc__d6,rbf_gscale_x10,id_val,train_cv,10.0,0.8854351287954032,0.011000633239746094,0.9083665338645418,0.9080152671755726,0.9081566094468396,0.9125475285171103,0.9411577608142494,0.9252423507256246,port_protocol_service_ablation,39,36,3,ct_src_dport_ltm|ct_dst_sport_ltm|is_sm_ips_ports,ksf-v4-idsplit::
classical_ext,svc,6,rbf_gscale_x10__svc__d6,rbf_gscale_x10,id_test,train_cv,10.0,0.8854351287954032,0.011000633239746094,0.9357429718875502,0.9352617970265029,0.9355673437702161,0.9389312977099237,0.9666451195862961,0.9541054984264514,port_protocol_service_ablation,39,36,3,ct_src_dport_ltm|ct_dst_sport_ltm|is_sm_ips_ports,ksf-v4-idsplit::
classical_ext,svc,6,rbf_gscale_x10__svc__d6,rbf_gscale_x10,ood_test,train_cv,10.0,0.8854351287954032,0.011000633239746094,0.818,0.8065476190476191,0.8108823688334144,0.847571189279732,0.8850931677018634,0.8620263238713604,port_protocol_service_ablation,39,36,3,ct_src_dport_ltm|ct_dst_sport_ltm|is_sm_ips_ports,ksf-v4-idsplit::
classical_ext,svc,6,laplacian_med_x0.1__svc__d6,laplacian_med_x0.1,id_val,fixed_c1,1.0,,0.008081912994384766,0.9123505976095617,0.9111323155216284,0.91194667687205,0.917910447761194,0.9708651399491095,0.9680752540377884,port_protocol_service_ablation,39,36,3,ct_src_dport_ltm|ct_dst_sport_ltm|is_sm_ips_ports,ksf-v4-idsplit::
classical_ext,svc,6,laplacian_med_x0.1__svc__d6,laplacian_med_x0.1,id_test,fixed_c1,1.0,,0.008081912994384766,0.9357429718875502,0.9345507433742728,0.9354420534093855,0.9398496240601504,0.9735617323852618,0.9688071262828697,port_protocol_service_ablation,39,36,3,ct_src_dport_ltm|ct_dst_sport_ltm|is_sm_ips_ports,ksf-v4-idsplit::
classical_ext,svc,6,laplacian_med_x0.1__svc__d6,laplacian_med_x0.1,ood_test,fixed_c1,1.0,,0.008081912994384766,0.8,0.7830939440993789,0.7873390156348357,0.8392282958199357,0.8762131211180124,0.8517467542183174,port_protocol_service_ablation,39,36,3,ct_src_dport_ltm|ct_dst_sport_ltm|is_sm_ips_ports,ksf-v4-idsplit::
classical_ext,svc,6,laplacian_med_x0.1__svc__d6,laplacian_med_x0.1,id_val,train_cv,1.0,0.8849233781557247,0.0076141357421875,0.9123505976095617,0.9111323155216284,0.91194667687205,0.917910447761194,0.9708651399491095,0.9680752540377884,port_protocol_service_ablation,39,36,3,ct_src_dport_ltm|ct_dst_sport_ltm|is_sm_ips_ports,ksf-v4-idsplit::
classical_ext,svc,6,laplacian_med_x0.1__svc__d6,laplacian_med_x0.1,id_test,train_cv,1.0,0.8849233781557247,0.0076141357421875,0.9357429718875502,0.9345507433742728,0.9354420534093855,0.9398496240601504,0.9735617323852618,0.9688071262828697,port_protocol_service_ablation,39,36,3,ct_src_dport_ltm|ct_dst_sport_ltm|is_sm_ips_ports,ksf-v4-idsplit::
classical_ext,svc,6,laplacian_med_x0.1__svc__d6,laplacian_med_x0.1,ood_test,train_cv,1.0,0.8849233781557247,0.0076141357421875,0.8,0.7830939440993789,0.7873390156348357,0.8392282958199357,0.8762131211180124,0.8517467542183174,port_protocol_service_ablation,39,36,3,ct_src_dport_ltm|ct_dst_sport_ltm|is_sm_ips_ports,ksf-v4-idsplit::
classical_ext,svc,6,laplacian_med_x0.3__svc__d6,laplacian_med_x0.3,id_val,fixed_c1,1.0,,0.005991458892822266,0.9282868525896414,0.9263994910941475,0.9277813299232737,0.9338235294117647,0.9713740458015268,0.9672850819966267,port_protocol_service_ablation,39,36,3,ct_src_dport_ltm|ct_dst_sport_ltm|is_sm_ips_ports,ksf-v4-idsplit::
classical_ext,svc,6,laplacian_med_x0.3__svc__d6,laplacian_med_x0.3,id_test,fixed_c1,1.0,,0.005991458892822266,0.9116465863453815,0.9089851325145443,0.9107468717413973,0.9197080291970803,0.977310924369748,0.9662329743324013,port_protocol_service_ablation,39,36,3,ct_src_dport_ltm|ct_dst_sport_ltm|is_sm_ips_ports,ksf-v4-idsplit::
classical_ext,svc,6,laplacian_med_x0.3__svc__d6,laplacian_med_x0.3,ood_test,fixed_c1,1.0,,0.005991458892822266,0.802,0.7811206004140787,0.7848939027198971,0.8455538221528861,0.8987933488612837,0.8727544945037892,port_protocol_service_ablation,39,36,3,ct_src_dport_ltm|ct_dst_sport_ltm|is_sm_ips_ports,ksf-v4-idsplit::
classical_ext,svc,6,laplacian_med_x0.3__svc__d6,laplacian_med_x0.3,id_val,train_cv,1.0,0.887946267024938,0.004958391189575195,0.9282868525896414,0.9263994910941475,0.9277813299232737,0.9338235294117647,0.9713740458015268,0.9672850819966267,port_protocol_service_ablation,39,36,3,ct_src_dport_ltm|ct_dst_sport_ltm|is_sm_ips_ports,ksf-v4-idsplit::
classical_ext,svc,6,laplacian_med_x0.3__svc__d6,laplacian_med_x0.3,id_test,train_cv,1.0,0.887946267024938,0.004958391189575195,0.9116465863453815,0.9089851325145443,0.9107468717413973,0.9197080291970803,0.977310924369748,0.9662329743324013,port_protocol_service_ablation,39,36,3,ct_src_dport_ltm|ct_dst_sport_ltm|is_sm_ips_ports,ksf-v4-idsplit::
classical_ext,svc,6,laplacian_med_x0.3__svc__d6,laplacian_med_x0.3,ood_test,train_cv,1.0,0.887946267024938,0.004958391189575195,0.802,0.7811206004140787,0.7848939027198971,0.8455538221528861,0.8987933488612837,0.8727544945037892,port_protocol_service_ablation,39,36,3,ct_src_dport_ltm|ct_dst_sport_ltm|is_sm_ips_ports,ksf-v4-idsplit::
classical_ext,svc,6,laplacian_med_x3__svc__d6,laplacian_med_x3,id_val,fixed_c1,1.0,,0.005383729934692383,0.9123505976095617,0.9090330788804071,0.9111647361647361,0.9214285714285714,0.9550254452926209,0.9372826342418297,port_protocol_service_ablation,39,36,3,ct_src_dport_ltm|ct_dst_sport_ltm|is_sm_ips_ports,ksf-v4-idsplit::
classical_ext,svc,6,laplacian_med_x3__svc__d6,laplacian_med_x3,id_test,fixed_c1,1.0,,0.005383729934692383,0.9116465863453815,0.907563025210084,0.9100669818754925,0.9219858156028369,0.9574660633484163,0.9320984574123748,port_protocol_service_ablation,39,36,3,ct_src_dport_ltm|ct_dst_sport_ltm|is_sm_ips_ports,ksf-v4-idsplit::
classical_ext,svc,6,laplacian_med_x3__svc__d6,laplacian_med_x3,ood_test,fixed_c1,1.0,,0.005383729934692383,0.754,0.7254464285714286,0.7196581196581197,0.8177777777777778,0.8283029244306418,0.762823352980313,port_protocol_service_ablation,39,36,3,ct_src_dport_ltm|ct_dst_sport_ltm|is_sm_ips_ports,ksf-v4-idsplit::
classical_ext,svc,6,laplacian_med_x3__svc__d6,laplacian_med_x3,id_val,train_cv,100.0,0.8872072846330928,0.007140398025512695,0.9163346613545816,0.915998727735369,0.9161429912340711,0.9201520912547528,0.9625318066157761,0.9555340991042327,port_protocol_service_ablation,39,36,3,ct_src_dport_ltm|ct_dst_sport_ltm|is_sm_ips_ports,ksf-v4-idsplit::
classical_ext,svc,6,laplacian_med_x3__svc__d6,laplacian_med_x3,id_test,train_cv,100.0,0.8872072846330928,0.007140398025512695,0.9156626506024096,0.9153199741435036,0.9154663174741743,0.9195402298850575,0.9754363283775048,0.9701255777532486,port_protocol_service_ablation,39,36,3,ct_src_dport_ltm|ct_dst_sport_ltm|is_sm_ips_ports,ksf-v4-idsplit::
classical_ext,svc,6,laplacian_med_x3__svc__d6,laplacian_med_x3,ood_test,train_cv,100.0,0.8872072846330928,0.007140398025512695,0.814,0.8020833333333333,0.8064105179455368,0.8447412353923205,0.8830065993788818,0.8659724662452992,port_protocol_service_ablation,39,36,3,ct_src_dport_ltm|ct_dst_sport_ltm|is_sm_ips_ports,ksf-v4-idsplit::
classical_ext,svc,6,laplacian_med_x10__svc__d6,laplacian_med_x10,id_val,fixed_c1,1.0,,0.004996299743652344,0.9123505976095617,0.9090330788804071,0.9111647361647361,0.9214285714285714,0.9510814249363868,0.9192920765616756,port_protocol_service_ablation,39,36,3,ct_src_dport_ltm|ct_dst_sport_ltm|is_sm_ips_ports,ksf-v4-idsplit::
classical_ext,svc,6,laplacian_med_x10__svc__d6,laplacian_med_x10,id_test,fixed_c1,1.0,,0.004996299743652344,0.9116465863453815,0.907563025210084,0.9100669818754925,0.9219858156028369,0.9336134453781513,0.8562636558233537,port_protocol_service_ablation,39,36,3,ct_src_dport_ltm|ct_dst_sport_ltm|is_sm_ips_ports,ksf-v4-idsplit::
classical_ext,svc,6,laplacian_med_x10__svc__d6,laplacian_med_x10,ood_test,fixed_c1,1.0,,0.004996299743652344,0.754,0.7254464285714286,0.7196581196581197,0.8177777777777778,0.7807485766045549,0.6994435117965543,port_protocol_service_ablation,39,36,3,ct_src_dport_ltm|ct_dst_sport_ltm|is_sm_ips_ports,ksf-v4-idsplit::
classical_ext,svc,6,laplacian_med_x10__svc__d6,laplacian_med_x10,id_val,train_cv,100.0,0.8789301156297077,0.005000114440917969,0.9203187250996016,0.9194656488549618,0.9200331336816618,0.924812030075188,0.9676844783715013,0.96381956012373,port_protocol_service_ablation,39,36,3,ct_src_dport_ltm|ct_dst_sport_ltm|is_sm_ips_ports,ksf-v4-idsplit::
classical_ext,svc,6,laplacian_med_x10__svc__d6,laplacian_med_x10,id_test,train_cv,100.0,0.8789301156297077,0.005000114440917969,0.9156626506024096,0.9146089204912735,0.9153129808081626,0.9207547169811321,0.976923076923077,0.9697951896759933,port_protocol_service_ablation,39,36,3,ct_src_dport_ltm|ct_dst_sport_ltm|is_sm_ips_ports,ksf-v4-idsplit::
classical_ext,svc,6,laplacian_med_x10__svc__d6,laplacian_med_x10,ood_test,train_cv,100.0,0.8789301156297077,0.005000114440917969,0.816,0.8009510869565217,0.8059104487687971,0.8501628664495114,0.883410973084886,0.8572885410570675,port_protocol_service_ablation,39,36,3,ct_src_dport_ltm|ct_dst_sport_ltm|is_sm_ips_ports,ksf-v4-idsplit::
classical_ext,svc,6,matern15_med_x0.1__svc__d6,matern15_med_x0.1,id_val,fixed_c1,1.0,,0.006999969482421875,0.9123505976095617,0.9118320610687023,0.9121148459383753,0.9166666666666666,0.9599236641221373,0.9483176716090831,port_protocol_service_ablation,39,36,3,ct_src_dport_ltm|ct_dst_sport_ltm|is_sm_ips_ports,ksf-v4-idsplit::
classical_ext,svc,6,matern15_med_x0.1__svc__d6,matern15_med_x0.1,id_test,fixed_c1,1.0,,0.006999969482421875,0.9236947791164659,0.9223012281835812,0.9232939345298896,0.9288389513108615,0.9644473173884939,0.9325954208255984,port_protocol_service_ablation,39,36,3,ct_src_dport_ltm|ct_dst_sport_ltm|is_sm_ips_ports,ksf-v4-idsplit::
classical_ext,svc,6,matern15_med_x0.1__svc__d6,matern15_med_x0.1,ood_test,fixed_c1,1.0,,0.006999969482421875,0.784,0.7677600931677019,0.7712601026787984,0.8252427184466019,0.8627717391304347,0.823352810311871,port_protocol_service_ablation,39,36,3,ct_src_dport_ltm|ct_dst_sport_ltm|is_sm_ips_ports,ksf-v4-idsplit::
classical_ext,svc,6,matern15_med_x0.1__svc__d6,matern15_med_x0.1,id_val,train_cv,1.0,0.8740222209604027,0.005994081497192383,0.9123505976095617,0.9118320610687023,0.9121148459383753,0.9166666666666666,0.9599236641221373,0.9483176716090831,port_protocol_service_ablation,39,36,3,ct_src_dport_ltm|ct_dst_sport_ltm|is_sm_ips_ports,ksf-v4-idsplit::
classical_ext,svc,6,matern15_med_x0.1__svc__d6,matern15_med_x0.1,id_test,train_cv,1.0,0.8740222209604027,0.005994081497192383,0.9236947791164659,0.9223012281835812,0.9232939345298896,0.9288389513108615,0.9644473173884939,0.9325954208255984,port_protocol_service_ablation,39,36,3,ct_src_dport_ltm|ct_dst_sport_ltm|is_sm_ips_ports,ksf-v4-idsplit::
classical_ext,svc,6,matern15_med_x0.1__svc__d6,matern15_med_x0.1,ood_test,train_cv,1.0,0.8740222209604027,0.005994081497192383,0.784,0.7677600931677019,0.7712601026787984,0.8252427184466019,0.8627717391304347,0.823352810311871,port_protocol_service_ablation,39,36,3,ct_src_dport_ltm|ct_dst_sport_ltm|is_sm_ips_ports,ksf-v4-idsplit::
classical_ext,svc,6,matern15_med_x0.3__svc__d6,matern15_med_x0.3,id_val,fixed_c1,1.0,,0.004998445510864258,0.9243027888446215,0.921882951653944,0.9236043251902283,0.9309090909090909,0.9710559796437659,0.9626380251410643,port_protocol_service_ablation,39,36,3,ct_src_dport_ltm|ct_dst_sport_ltm|is_sm_ips_ports,ksf-v4-idsplit::
classical_ext,svc,6,matern15_med_x0.3__svc__d6,matern15_med_x0.3,id_test,fixed_c1,1.0,,0.004998445510864258,0.9196787148594378,0.916321913380737,0.9185742315238719,0.9280575539568345,0.9762120232708469,0.9725683452625514,port_protocol_service_ablation,39,36,3,ct_src_dport_ltm|ct_dst_sport_ltm|is_sm_ips_ports,ksf-v4-idsplit::
classical_ext,svc,6,matern15_med_x0.3__svc__d6,matern15_med_x0.3,ood_test,fixed_c1,1.0,,0.004998445510864258,0.792,0.7682776915113871,0.7702002792950452,0.8409785932721713,0.909080615942029,0.8944271097798921,port_protocol_service_ablation,39,36,3,ct_src_dport_ltm|ct_dst_sport_ltm|is_sm_ips_ports,ksf-v4-idsplit::
classical_ext,svc,6,matern15_med_x0.3__svc__d6,matern15_med_x0.3,id_val,train_cv,1.0,0.8852138078116459,0.005999326705932617,0.9243027888446215,0.921882951653944,0.9236043251902283,0.9309090909090909,0.9710559796437659,0.9626380251410643,port_protocol_service_ablation,39,36,3,ct_src_dport_ltm|ct_dst_sport_ltm|is_sm_ips_ports,ksf-v4-idsplit::
classical_ext,svc,6,matern15_med_x0.3__svc__d6,matern15_med_x0.3,id_test,train_cv,1.0,0.8852138078116459,0.005999326705932617,0.9196787148594378,0.916321913380737,0.9185742315238719,0.9280575539568345,0.9762120232708469,0.9725683452625514,port_protocol_service_ablation,39,36,3,ct_src_dport_ltm|ct_dst_sport_ltm|is_sm_ips_ports,ksf-v4-idsplit::
classical_ext,svc,6,matern15_med_x0.3__svc__d6,matern15_med_x0.3,ood_test,train_cv,1.0,0.8852138078116459,0.005999326705932617,0.792,0.7682776915113871,0.7702002792950452,0.8409785932721713,0.909080615942029,0.8944271097798921,port_protocol_service_ablation,39,36,3,ct_src_dport_ltm|ct_dst_sport_ltm|is_sm_ips_ports,ksf-v4-idsplit::
classical_ext,svc,6,matern15_med_x3__svc__d6,matern15_med_x3,id_val,fixed_c1,1.0,,0.00543212890625,0.9123505976095617,0.9090330788804071,0.9111647361647361,0.9214285714285714,0.9248727735368957,0.8858412538542529,port_protocol_service_ablation,39,36,3,ct_src_dport_ltm|ct_dst_sport_ltm|is_sm_ips_ports,ksf-v4-idsplit::
classical_ext,svc,6,matern15_med_x3__svc__d6,matern15_med_x3,id_test,fixed_c1,1.0,,0.00543212890625,0.9116465863453815,0.907563025210084,0.9100669818754925,0.9219858156028369,0.9016806722689076,0.8292599789506245,port_protocol_service_ablation,39,36,3,ct_src_dport_ltm|ct_dst_sport_ltm|is_sm_ips_ports,ksf-v4-idsplit::
classical_ext,svc,6,matern15_med_x3__svc__d6,matern15_med_x3,ood_test,fixed_c1,1.0,,0.00543212890625,0.754,0.7254464285714286,0.7196581196581197,0.8177777777777778,0.7817837732919255,0.7400187755283016,port_protocol_service_ablation,39,36,3,ct_src_dport_ltm|ct_dst_sport_ltm|is_sm_ips_ports,ksf-v4-idsplit::
classical_ext,svc,6,matern15_med_x3__svc__d6,matern15_med_x3,id_val,train_cv,100.0,0.8852738618602898,0.007742643356323242,0.9243027888446215,0.9222328244274809,0.9237167490442599,0.9304029304029304,0.9623409669211196,0.9459782051916943,port_protocol_service_ablation,39,36,3,ct_src_dport_ltm|ct_dst_sport_ltm|is_sm_ips_ports,ksf-v4-idsplit::
classical_ext,svc,6,matern15_med_x3__svc__d6,matern15_med_x3,id_test,train_cv,100.0,0.8852738618602898,0.007742643356323242,0.927710843373494,0.9247252747252748,0.9268507638072856,0.9347826086956522,0.9817065287653522,0.9793038189219927,port_protocol_service_ablation,39,36,3,ct_src_dport_ltm|ct_dst_sport_ltm|is_sm_ips_ports,ksf-v4-idsplit::
classical_ext,svc,6,matern15_med_x3__svc__d6,matern15_med_x3,ood_test,train_cv,100.0,0.8852738618602898,0.007742643356323242,0.792,0.7686982401656315,0.7708201114166844,0.8404907975460123,0.9285714285714286,0.9248002387567706,port_protocol_service_ablation,39,36,3,ct_src_dport_ltm|ct_dst_sport_ltm|is_sm_ips_ports,ksf-v4-idsplit::
classical_ext,svc,6,matern15_med_x10__svc__d6,matern15_med_x10,id_val,fixed_c1,1.0,,0.005999088287353516,0.8565737051792829,0.8559478371501272,0.8561879297173415,0.8636363636363636,0.9411577608142493,0.9164895755142259,port_protocol_service_ablation,39,36,3,ct_src_dport_ltm|ct_dst_sport_ltm|is_sm_ips_ports,ksf-v4-idsplit::
classical_ext,svc,6,matern15_med_x10__svc__d6,matern15_med_x10,id_test,fixed_c1,1.0,,0.005999088287353516,0.8554216867469879,0.8537168713639303,0.8545749513303049,0.8656716417910447,0.9184227537168712,0.8670442119585258,port_protocol_service_ablation,39,36,3,ct_src_dport_ltm|ct_dst_sport_ltm|is_sm_ips_ports,ksf-v4-idsplit::
classical_ext,svc,6,matern15_med_x10__svc__d6,matern15_med_x10,ood_test,fixed_c1,1.0,,0.005999088287353516,0.768,0.7414919772256728,0.7392602183021345,0.8258258258258259,0.7956942287784678,0.7616192957574824,port_protocol_service_ablation,39,36,3,ct_src_dport_ltm|ct_dst_sport_ltm|is_sm_ips_ports,ksf-v4-idsplit::
classical_ext,svc,6,matern15_med_x10__svc__d6,matern15_med_x10,id_val,train_cv,100.0,0.8759948376615878,0.005999565124511719,0.9123505976095617,0.9090330788804071,0.9111647361647361,0.9214285714285714,0.94764631043257,0.9300664573699752,port_protocol_service_ablation,39,36,3,ct_src_dport_ltm|ct_dst_sport_ltm|is_sm_ips_ports,ksf-v4-idsplit::
classical_ext,svc,6,matern15_med_x10__svc__d6,matern15_med_x10,id_test,train_cv,100.0,0.8759948376615878,0.005999565124511719,0.9116465863453815,0.907563025210084,0.9100669818754925,0.9219858156028369,0.9343244990303814,0.8720802441682484,port_protocol_service_ablation,39,36,3,ct_src_dport_ltm|ct_dst_sport_ltm|is_sm_ips_ports,ksf-v4-idsplit::
classical_ext,svc,6,matern15_med_x10__svc__d6,matern15_med_x10,ood_test,train_cv,100.0,0.8759948376615878,0.005999565124511719,0.754,0.7254464285714286,0.7196581196581197,0.8177777777777778,0.7755564182194618,0.7061754196169765,port_protocol_service_ablation,39,36,3,ct_src_dport_ltm|ct_dst_sport_ltm|is_sm_ips_ports,ksf-v4-idsplit::
classical_ext,svc,6,matern25_med_x0.1__svc__d6,matern25_med_x0.1,id_val,fixed_c1,1.0,,0.008997440338134766,0.9123505976095617,0.9118320610687023,0.9121148459383753,0.9166666666666666,0.9599872773536895,0.9508560503038448,port_protocol_service_ablation,39,36,3,ct_src_dport_ltm|ct_dst_sport_ltm|is_sm_ips_ports,ksf-v4-idsplit::
classical_ext,svc,6,matern25_med_x0.1__svc__d6,matern25_med_x0.1,id_test,fixed_c1,1.0,,0.008997440338134766,0.9236947791164659,0.9223012281835812,0.9232939345298896,0.9288389513108615,0.964447317388494,0.9352167344125989,port_protocol_service_ablation,39,36,3,ct_src_dport_ltm|ct_dst_sport_ltm|is_sm_ips_ports,ksf-v4-idsplit::
classical_ext,svc,6,matern25_med_x0.1__svc__d6,matern25_med_x0.1,ood_test,fixed_c1,1.0,,0.008997440338134766,0.786,0.7695716873706004,0.7731503271299489,0.827140549273021,0.8614777432712215,0.8217381811246386,port_protocol_service_ablation,39,36,3,ct_src_dport_ltm|ct_dst_sport_ltm|is_sm_ips_ports,ksf-v4-idsplit::
classical_ext,svc,6,matern25_med_x0.1__svc__d6,matern25_med_x0.1,id_val,train_cv,1.0,0.8739528315868897,0.007898807525634766,0.9123505976095617,0.9118320610687023,0.9121148459383753,0.9166666666666666,0.9599872773536895,0.9508560503038448,port_protocol_service_ablation,39,36,3,ct_src_dport_ltm|ct_dst_sport_ltm|is_sm_ips_ports,ksf-v4-idsplit::
classical_ext,svc,6,matern25_med_x0.1__svc__d6,matern25_med_x0.1,id_test,train_cv,1.0,0.8739528315868897,0.007898807525634766,0.9236947791164659,0.9223012281835812,0.9232939345298896,0.9288389513108615,0.964447317388494,0.9352167344125989,port_protocol_service_ablation,39,36,3,ct_src_dport_ltm|ct_dst_sport_ltm|is_sm_ips_ports,ksf-v4-idsplit::
classical_ext,svc,6,matern25_med_x0.1__svc__d6,matern25_med_x0.1,ood_test,train_cv,1.0,0.8739528315868897,0.007898807525634766,0.786,0.7695716873706004,0.7731503271299489,0.827140549273021,0.8614777432712215,0.8217381811246386,port_protocol_service_ablation,39,36,3,ct_src_dport_ltm|ct_dst_sport_ltm|is_sm_ips_ports,ksf-v4-idsplit::
classical_ext,svc,6,matern25_med_x0.3__svc__d6,matern25_med_x0.3,id_val,fixed_c1,1.0,,0.006999492645263672,0.9243027888446215,0.921882951653944,0.9236043251902283,0.9309090909090909,0.9701017811704835,0.9621752343568838,port_protocol_service_ablation,39,36,3,ct_src_dport_ltm|ct_dst_sport_ltm|is_sm_ips_ports,ksf-v4-idsplit::
classical_ext,svc,6,matern25_med_x0.3__svc__d6,matern25_med_x0.3,id_test,fixed_c1,1.0,,0.006999492645263672,0.9196787148594378,0.916321913380737,0.9185742315238719,0.9280575539568345,0.9786683904330964,0.9754304471058819,port_protocol_service_ablation,39,36,3,ct_src_dport_ltm|ct_dst_sport_ltm|is_sm_ips_ports,ksf-v4-idsplit::
classical_ext,svc,6,matern25_med_x0.3__svc__d6,matern25_med_x0.3,ood_test,fixed_c1,1.0,,0.006999492645263672,0.792,0.7682776915113871,0.7702002792950452,0.8409785932721713,0.9148550724637682,0.9017229536507965,port_protocol_service_ablation,39,36,3,ct_src_dport_ltm|ct_dst_sport_ltm|is_sm_ips_ports,ksf-v4-idsplit::
classical_ext,svc,6,matern25_med_x0.3__svc__d6,matern25_med_x0.3,id_val,train_cv,1.0,0.8853339159089335,0.004999399185180664,0.9243027888446215,0.921882951653944,0.9236043251902283,0.9309090909090909,0.9701017811704835,0.9621752343568838,port_protocol_service_ablation,39,36,3,ct_src_dport_ltm|ct_dst_sport_ltm|is_sm_ips_ports,ksf-v4-idsplit::
classical_ext,svc,6,matern25_med_x0.3__svc__d6,matern25_med_x0.3,id_test,train_cv,1.0,0.8853339159089335,0.004999399185180664,0.9196787148594378,0.916321913380737,0.9185742315238719,0.9280575539568345,0.9786683904330964,0.9754304471058819,port_protocol_service_ablation,39,36,3,ct_src_dport_ltm|ct_dst_sport_ltm|is_sm_ips_ports,ksf-v4-idsplit::
classical_ext,svc,6,matern25_med_x0.3__svc__d6,matern25_med_x0.3,ood_test,train_cv,1.0,0.8853339159089335,0.004999399185180664,0.792,0.7682776915113871,0.7702002792950452,0.8409785932721713,0.9148550724637682,0.9017229536507965,port_protocol_service_ablation,39,36,3,ct_src_dport_ltm|ct_dst_sport_ltm|is_sm_ips_ports,ksf-v4-idsplit::
classical_ext,svc,6,matern25_med_x3__svc__d6,matern25_med_x3,id_val,fixed_c1,1.0,,0.005445241928100586,0.8884462151394422,0.8861323155216285,0.8875016007171213,0.8978102189781022,0.8947837150127226,0.8257160806601933,port_protocol_service_ablation,39,36,3,ct_src_dport_ltm|ct_dst_sport_ltm|is_sm_ips_ports,ksf-v4-idsplit::
classical_ext,svc,6,matern25_med_x3__svc__d6,matern25_med_x3,id_test,fixed_c1,1.0,,0.005445241928100586,0.8955823293172691,0.8921784098254686,0.8941465009810334,0.9064748201438849,0.8939883645765998,0.8206694513064885,port_protocol_service_ablation,39,36,3,ct_src_dport_ltm|ct_dst_sport_ltm|is_sm_ips_ports,ksf-v4-idsplit::
classical_ext,svc,6,matern25_med_x3__svc__d6,matern25_med_x3,ood_test,fixed_c1,1.0,,0.005445241928100586,0.754,0.7254464285714286,0.7196581196581197,0.8177777777777778,0.7137842908902692,0.6686119989052635,port_protocol_service_ablation,39,36,3,ct_src_dport_ltm|ct_dst_sport_ltm|is_sm_ips_ports,ksf-v4-idsplit::
classical_ext,svc,6,matern25_med_x3__svc__d6,matern25_med_x3,id_val,train_cv,100.0,0.8796381166126437,0.00664067268371582,0.9243027888446215,0.921533078880407,0.9234817488969114,0.9314079422382672,0.966412213740458,0.9538109164909341,port_protocol_service_ablation,39,36,3,ct_src_dport_ltm|ct_dst_sport_ltm|is_sm_ips_ports,ksf-v4-idsplit::
classical_ext,svc,6,matern25_med_x3__svc__d6,matern25_med_x3,id_test,train_cv,100.0,0.8796381166126437,0.00664067268371582,0.9236947791164659,0.9201680672268908,0.9225708253547404,0.931899641577061,0.9788623141564319,0.9770445150462949,port_protocol_service_ablation,39,36,3,ct_src_dport_ltm|ct_dst_sport_ltm|is_sm_ips_ports,ksf-v4-idsplit::
classical_ext,svc,6,matern25_med_x3__svc__d6,matern25_med_x3,ood_test,train_cv,100.0,0.8796381166126437,0.00664067268371582,0.78,0.7544642857142857,0.7541965355118969,0.8338368580060423,0.8955583592132504,0.8468832614110136,port_protocol_service_ablation,39,36,3,ct_src_dport_ltm|ct_dst_sport_ltm|is_sm_ips_ports,ksf-v4-idsplit::
classical_ext,svc,6,matern25_med_x10__svc__d6,matern25_med_x10,id_val,fixed_c1,1.0,,0.005986452102661133,0.7450199203187251,0.7399809160305344,0.739356178608515,0.7777777777777778,0.9168575063613231,0.9258078902315066,port_protocol_service_ablation,39,36,3,ct_src_dport_ltm|ct_dst_sport_ltm|is_sm_ips_ports,ksf-v4-idsplit::
classical_ext,svc,6,matern25_med_x10__svc__d6,matern25_med_x10,id_test,fixed_c1,1.0,,0.005986452102661133,0.7269076305220884,0.7206851971557855,0.7185131001462961,0.7671232876712328,0.8897220426632191,0.8853691465487192,port_protocol_service_ablation,39,36,3,ct_src_dport_ltm|ct_dst_sport_ltm|is_sm_ips_ports,ksf-v4-idsplit::
classical_ext,svc,6,matern25_med_x10__svc__d6,matern25_med_x10,ood_test,fixed_c1,1.0,,0.005986452102661133,0.744,0.7147062629399585,0.7068469557888566,0.8112094395280236,0.8286425983436854,0.8119343118659595,port_protocol_service_ablation,39,36,3,ct_src_dport_ltm|ct_dst_sport_ltm|is_sm_ips_ports,ksf-v4-idsplit::
classical_ext,svc,6,matern25_med_x10__svc__d6,matern25_med_x10,id_val,train_cv,100.0,0.8376381291239039,0.0050165653228759766,0.9043824701195219,0.9013994910941476,0.9032631038026722,0.9136690647482014,0.8916666666666667,0.8190338952266214,port_protocol_service_ablation,39,36,3,ct_src_dport_ltm|ct_dst_sport_ltm|is_sm_ips_ports,ksf-v4-idsplit::
classical_ext,svc,6,matern25_med_x10__svc__d6,matern25_med_x10,id_test,train_cv,100.0,0.8376381291239039,0.0050165653228759766,0.9116465863453815,0.907563025210084,0.9100669818754925,0.9219858156028369,0.8879767291531997,0.8066359998407522,port_protocol_service_ablation,39,36,3,ct_src_dport_ltm|ct_dst_sport_ltm|is_sm_ips_ports,ksf-v4-idsplit::
classical_ext,svc,6,matern25_med_x10__svc__d6,matern25_med_x10,ood_test,train_cv,100.0,0.8376381291239039,0.0050165653228759766,0.754,0.7254464285714286,0.7196581196581197,0.8177777777777778,0.7179250776397514,0.6904171926051073,port_protocol_service_ablation,39,36,3,ct_src_dport_ltm|ct_dst_sport_ltm|is_sm_ips_ports,ksf-v4-idsplit::
quantum,svc,6,zz_r1_full__as0.5__svc__d6,zz_r1_full__as0.5,id_val,fixed_c1,1.0,,0.008541584014892578,0.9163346613545816,0.9149491094147583,0.915902165068526,0.9219330855018587,0.9619592875318066,0.940599827977928,port_protocol_service_ablation,39,36,3,ct_src_dport_ltm|ct_dst_sport_ltm|is_sm_ips_ports,ksf-v4-idsplit::
quantum,svc,6,zz_r1_full__as0.5__svc__d6,zz_r1_full__as0.5,id_test,fixed_c1,1.0,,0.008541584014892578,0.9156626506024096,0.9131868131868132,0.9148717948717948,0.9230769230769231,0.9712992889463476,0.9678002494868223,port_protocol_service_ablation,39,36,3,ct_src_dport_ltm|ct_dst_sport_ltm|is_sm_ips_ports,ksf-v4-idsplit::
quantum,svc,6,zz_r1_full__as0.5__svc__d6,zz_r1_full__as0.5,ood_test,fixed_c1,1.0,,0.008541584014892578,0.786,0.7653662008281573,0.7680759843765579,0.8325508607198748,0.8563664596273292,0.7980636102075837,port_protocol_service_ablation,39,36,3,ct_src_dport_ltm|ct_dst_sport_ltm|is_sm_ips_ports,ksf-v4-idsplit::
quantum,svc,6,zz_r1_full__as0.5__svc__d6,zz_r1_full__as0.5,id_val,train_cv,1.0,0.8795479232591383,0.005856513977050781,0.9163346613545816,0.9149491094147583,0.915902165068526,0.9219330855018587,0.9619592875318066,0.940599827977928,port_protocol_service_ablation,39,36,3,ct_src_dport_ltm|ct_dst_sport_ltm|is_sm_ips_ports,ksf-v4-idsplit::
quantum,svc,6,zz_r1_full__as0.5__svc__d6,zz_r1_full__as0.5,id_test,train_cv,1.0,0.8795479232591383,0.005856513977050781,0.9156626506024096,0.9131868131868132,0.9148717948717948,0.9230769230769231,0.9712992889463476,0.9678002494868223,port_protocol_service_ablation,39,36,3,ct_src_dport_ltm|ct_dst_sport_ltm|is_sm_ips_ports,ksf-v4-idsplit::
quantum,svc,6,zz_r1_full__as0.5__svc__d6,zz_r1_full__as0.5,ood_test,train_cv,1.0,0.8795479232591383,0.005856513977050781,0.786,0.7653662008281573,0.7680759843765579,0.8325508607198748,0.8563664596273292,0.7980636102075837,port_protocol_service_ablation,39,36,3,ct_src_dport_ltm|ct_dst_sport_ltm|is_sm_ips_ports,ksf-v4-idsplit::
quantum,svc,6,zz_r2_full__as0.5__svc__d6,zz_r2_full__as0.5,id_val,fixed_c1,1.0,,0.008997678756713867,0.8924302788844621,0.8923982188295165,0.8922592645585921,0.896551724137931,0.9583969465648854,0.952202059023481,port_protocol_service_ablation,39,36,3,ct_src_dport_ltm|ct_dst_sport_ltm|is_sm_ips_ports,ksf-v4-idsplit::
quantum,svc,6,zz_r2_full__as0.5__svc__d6,zz_r2_full__as0.5,id_test,fixed_c1,1.0,,0.008997678756713867,0.9156626506024096,0.9153199741435036,0.9154663174741743,0.9195402298850575,0.9593406593406594,0.9509689850653777,port_protocol_service_ablation,39,36,3,ct_src_dport_ltm|ct_dst_sport_ltm|is_sm_ips_ports,ksf-v4-idsplit::
quantum,svc,6,zz_r2_full__as0.5__svc__d6,zz_r2_full__as0.5,ood_test,fixed_c1,1.0,,0.008997678756713867,0.8,0.7856172360248448,0.7898276586801177,0.8360655737704918,0.8619629917184265,0.8166451108987646,port_protocol_service_ablation,39,36,3,ct_src_dport_ltm|ct_dst_sport_ltm|is_sm_ips_ports,ksf-v4-idsplit::
quantum,svc,6,zz_r2_full__as0.5__svc__d6,zz_r2_full__as0.5,id_val,train_cv,1.0,0.8694487217983365,0.006999969482421875,0.8924302788844621,0.8923982188295165,0.8922592645585921,0.896551724137931,0.9583969465648854,0.952202059023481,port_protocol_service_ablation,39,36,3,ct_src_dport_ltm|ct_dst_sport_ltm|is_sm_ips_ports,ksf-v4-idsplit::
quantum,svc,6,zz_r2_full__as0.5__svc__d6,zz_r2_full__as0.5,id_test,train_cv,1.0,0.8694487217983365,0.006999969482421875,0.9156626506024096,0.9153199741435036,0.9154663174741743,0.9195402298850575,0.9593406593406594,0.9509689850653777,port_protocol_service_ablation,39,36,3,ct_src_dport_ltm|ct_dst_sport_ltm|is_sm_ips_ports,ksf-v4-idsplit::
quantum,svc,6,zz_r2_full__as0.5__svc__d6,zz_r2_full__as0.5,ood_test,train_cv,1.0,0.8694487217983365,0.006999969482421875,0.8,0.7856172360248448,0.7898276586801177,0.8360655737704918,0.8619629917184265,0.8166451108987646,port_protocol_service_ablation,39,36,3,ct_src_dport_ltm|ct_dst_sport_ltm|is_sm_ips_ports,ksf-v4-idsplit::
quantum,svc,6,pauli_xz_r1_full__as0.5__svc__d6,pauli_xz_r1_full__as0.5,id_val,fixed_c1,1.0,,0.005003213882446289,0.9243027888446215,0.921533078880407,0.9234817488969114,0.9314079422382672,0.9702290076335878,0.9665919242333316,port_protocol_service_ablation,39,36,3,ct_src_dport_ltm|ct_dst_sport_ltm|is_sm_ips_ports,ksf-v4-idsplit::
quantum,svc,6,pauli_xz_r1_full__as0.5__svc__d6,pauli_xz_r1_full__as0.5,id_test,fixed_c1,1.0,,0.005003213882446289,0.9156626506024096,0.9117647058823529,0.9142463551831018,0.9252669039145908,0.9754363283775048,0.9696218491538445,port_protocol_service_ablation,39,36,3,ct_src_dport_ltm|ct_dst_sport_ltm|is_sm_ips_ports,ksf-v4-idsplit::
quantum,svc,6,pauli_xz_r1_full__as0.5__svc__d6,pauli_xz_r1_full__as0.5,ood_test,fixed_c1,1.0,,0.005003213882446289,0.774,0.7477678571428572,0.746380877567052,0.8300751879699249,0.8827478002070394,0.8297515179225325,port_protocol_service_ablation,39,36,3,ct_src_dport_ltm|ct_dst_sport_ltm|is_sm_ips_ports,ksf-v4-idsplit::
quantum,svc,6,pauli_xz_r1_full__as0.5__svc__d6,pauli_xz_r1_full__as0.5,id_val,train_cv,100.0,0.8869373221155449,0.012003660202026367,0.9083665338645418,0.9073155216284987,0.9079926687385449,0.9138576779026217,0.9445928753180662,0.9088956323110837,port_protocol_service_ablation,39,36,3,ct_src_dport_ltm|ct_dst_sport_ltm|is_sm_ips_ports,ksf-v4-idsplit::
quantum,svc,6,pauli_xz_r1_full__as0.5__svc__d6,pauli_xz_r1_full__as0.5,id_test,train_cv,100.0,0.8869373221155449,0.012003660202026367,0.9397590361445783,0.9380413703943116,0.9393678674047499,0.9442379182156134,0.9746606334841628,0.9638305335335547,port_protocol_service_ablation,39,36,3,ct_src_dport_ltm|ct_dst_sport_ltm|is_sm_ips_ports,ksf-v4-idsplit::
quantum,svc,6,pauli_xz_r1_full__as0.5__svc__d6,pauli_xz_r1_full__as0.5,ood_test,train_cv,100.0,0.8869373221155449,0.012003660202026367,0.834,0.8155732401656315,0.8217652541026202,0.8684627575277337,0.9397159679089027,0.9451112348538399,port_protocol_service_ablation,39,36,3,ct_src_dport_ltm|ct_dst_sport_ltm|is_sm_ips_ports,ksf-v4-idsplit::
quantum,svc,6,zmap_r2__as0.5__svc__d6,zmap_r2__as0.5,id_val,fixed_c1,1.0,,0.0050046443939208984,0.9243027888446215,0.921533078880407,0.9234817488969114,0.9314079422382672,0.9622137404580152,0.9478206483624618,port_protocol_service_ablation,39,36,3,ct_src_dport_ltm|ct_dst_sport_ltm|is_sm_ips_ports,ksf-v4-idsplit::
quantum,svc,6,zmap_r2__as0.5__svc__d6,zmap_r2__as0.5,id_test,fixed_c1,1.0,,0.0050046443939208984,0.9196787148594378,0.9159663865546219,0.9184141546526867,0.9285714285714286,0.9815772462831286,0.9800097644636747,port_protocol_service_ablation,39,36,3,ct_src_dport_ltm|ct_dst_sport_ltm|is_sm_ips_ports,ksf-v4-idsplit::
quantum,svc,6,zmap_r2__as0.5__svc__d6,zmap_r2__as0.5,ood_test,fixed_c1,1.0,,0.0050046443939208984,0.78,0.7544642857142857,0.7541965355118969,0.8338368580060423,0.9321460921325051,0.9368876943304894,port_protocol_service_ablation,39,36,3,ct_src_dport_ltm|ct_dst_sport_ltm|is_sm_ips_ports,ksf-v4-idsplit::
quantum,svc,6,zmap_r2__as0.5__svc__d6,zmap_r2__as0.5,id_val,train_cv,100.0,0.8886388534937855,0.014008522033691406,0.9083665338645418,0.9073155216284987,0.9079926687385449,0.9138576779026217,0.9533715012722646,0.9322497531102917,port_protocol_service_ablation,39,36,3,ct_src_dport_ltm|ct_dst_sport_ltm|is_sm_ips_ports,ksf-v4-idsplit::
quantum,svc,6,zmap_r2__as0.5__svc__d6,zmap_r2__as0.5,id_test,train_cv,100.0,0.8886388534937855,0.014008522033691406,0.9317269076305221,0.930704589528119,0.9314438416066078,0.9358490566037736,0.9755009696186167,0.9661249490284775,port_protocol_service_ablation,39,36,3,ct_src_dport_ltm|ct_dst_sport_ltm|is_sm_ips_ports,ksf-v4-idsplit::
quantum,svc,6,zmap_r2__as0.5__svc__d6,zmap_r2__as0.5,ood_test,train_cv,100.0,0.8886388534937855,0.014008522033691406,0.842,0.8257634575569358,0.8321712787698792,0.8727858293075684,0.9251423395445135,0.919361012103429,port_protocol_service_ablation,39,36,3,ct_src_dport_ltm|ct_dst_sport_ltm|is_sm_ips_ports,ksf-v4-idsplit::
quantum,svc,6,zz_r1_full__svc__d6,zz_r1_full,id_val,fixed_c1,1.0,,0.006195783615112305,0.9163346613545816,0.915998727735369,0.9161429912340711,0.9201520912547528,0.9661577608142493,0.9569763129544584,port_protocol_service_ablation,39,36,3,ct_src_dport_ltm|ct_dst_sport_ltm|is_sm_ips_ports,ksf-v4-idsplit::
quantum,svc,6,zz_r1_full__svc__d6,zz_r1_full,id_test,fixed_c1,1.0,,0.006195783615112305,0.9116465863453815,0.9104072398190045,0.911232823437905,0.9172932330827067,0.9627666451195864,0.9453429989667524,port_protocol_service_ablation,39,36,3,ct_src_dport_ltm|ct_dst_sport_ltm|is_sm_ips_ports,ksf-v4-idsplit::
quantum,svc,6,zz_r1_full__svc__d6,zz_r1_full,ood_test,fixed_c1,1.0,,0.006195783615112305,0.776,0.7588315217391304,0.7618196975110159,0.819935691318328,0.854393115942029,0.8195999827282268,port_protocol_service_ablation,39,36,3,ct_src_dport_ltm|ct_dst_sport_ltm|is_sm_ips_ports,ksf-v4-idsplit::
quantum,svc,6,zz_r1_full__svc__d6,zz_r1_full,id_val,train_cv,1.0,0.8691799943667249,0.0070133209228515625,0.9163346613545816,0.915998727735369,0.9161429912340711,0.9201520912547528,0.9661577608142493,0.9569763129544584,port_protocol_service_ablation,39,36,3,ct_src_dport_ltm|ct_dst_sport_ltm|is_sm_ips_ports,ksf-v4-idsplit::
quantum,svc,6,zz_r1_full__svc__d6,zz_r1_full,id_test,train_cv,1.0,0.8691799943667249,0.0070133209228515625,0.9116465863453815,0.9104072398190045,0.911232823437905,0.9172932330827067,0.9627666451195864,0.9453429989667524,port_protocol_service_ablation,39,36,3,ct_src_dport_ltm|ct_dst_sport_ltm|is_sm_ips_ports,ksf-v4-idsplit::
quantum,svc,6,zz_r1_full__svc__d6,zz_r1_full,ood_test,train_cv,1.0,0.8691799943667249,0.0070133209228515625,0.776,0.7588315217391304,0.7618196975110159,0.819935691318328,0.854393115942029,0.8195999827282268,port_protocol_service_ablation,39,36,3,ct_src_dport_ltm|ct_dst_sport_ltm|is_sm_ips_ports,ksf-v4-idsplit::
quantum,svc,6,zz_r2_full__svc__d6,zz_r2_full,id_val,fixed_c1,1.0,,0.008099555969238281,0.900398406374502,0.9014312977099237,0.9003731047074701,0.9019607843137255,0.9608778625954199,0.9485328783462925,port_protocol_service_ablation,39,36,3,ct_src_dport_ltm|ct_dst_sport_ltm|is_sm_ips_ports,ksf-v4-idsplit::
quantum,svc,6,zz_r2_full__svc__d6,zz_r2_full,id_test,fixed_c1,1.0,,0.008099555969238281,0.8955823293172691,0.8960892049127342,0.8954997417355373,0.8984375,0.9608274078862314,0.9533431944733235,port_protocol_service_ablation,39,36,3,ct_src_dport_ltm|ct_dst_sport_ltm|is_sm_ips_ports,ksf-v4-idsplit::
quantum,svc,6,zz_r2_full__svc__d6,zz_r2_full,ood_test,fixed_c1,1.0,,0.008099555969238281,0.782,0.770995082815735,0.7741878011692513,0.8161888701517707,0.8454968944099377,0.7952301808875292,port_protocol_service_ablation,39,36,3,ct_src_dport_ltm|ct_dst_sport_ltm|is_sm_ips_ports,ksf-v4-idsplit::
quantum,svc,6,zz_r2_full__svc__d6,zz_r2_full,id_val,train_cv,1.0,0.8664340855487888,0.006596803665161133,0.900398406374502,0.9014312977099237,0.9003731047074701,0.9019607843137255,0.9608778625954199,0.9485328783462925,port_protocol_service_ablation,39,36,3,ct_src_dport_ltm|ct_dst_sport_ltm|is_sm_ips_ports,ksf-v4-idsplit::
quantum,svc,6,zz_r2_full__svc__d6,zz_r2_full,id_test,train_cv,1.0,0.8664340855487888,0.006596803665161133,0.8955823293172691,0.8960892049127342,0.8954997417355373,0.8984375,0.9608274078862314,0.9533431944733235,port_protocol_service_ablation,39,36,3,ct_src_dport_ltm|ct_dst_sport_ltm|is_sm_ips_ports,ksf-v4-idsplit::
quantum,svc,6,zz_r2_full__svc__d6,zz_r2_full,ood_test,train_cv,1.0,0.8664340855487888,0.006596803665161133,0.782,0.770995082815735,0.7741878011692513,0.8161888701517707,0.8454968944099377,0.7952301808875292,port_protocol_service_ablation,39,36,3,ct_src_dport_ltm|ct_dst_sport_ltm|is_sm_ips_ports,ksf-v4-idsplit::
quantum,svc,6,pauli_xz_r1_full__svc__d6,pauli_xz_r1_full,id_val,fixed_c1,1.0,,0.004984855651855469,0.9243027888446215,0.921533078880407,0.9234817488969114,0.9314079422382672,0.9601145038167939,0.9461714584837785,port_protocol_service_ablation,39,36,3,ct_src_dport_ltm|ct_dst_sport_ltm|is_sm_ips_ports,ksf-v4-idsplit::
quantum,svc,6,pauli_xz_r1_full__svc__d6,pauli_xz_r1_full,id_test,fixed_c1,1.0,,0.004984855651855469,0.9236947791164659,0.9201680672268908,0.9225708253547404,0.931899641577061,0.9730446024563673,0.9641342913699418,port_protocol_service_ablation,39,36,3,ct_src_dport_ltm|ct_dst_sport_ltm|is_sm_ips_ports,ksf-v4-idsplit::
quantum,svc,6,pauli_xz_r1_full__svc__d6,pauli_xz_r1_full,ood_test,fixed_c1,1.0,,0.004984855651855469,0.792,0.7682776915113871,0.7702002792950452,0.8409785932721713,0.9173621894409938,0.9186226057009932,port_protocol_service_ablation,39,36,3,ct_src_dport_ltm|ct_dst_sport_ltm|is_sm_ips_ports,ksf-v4-idsplit::
quantum,svc,6,pauli_xz_r1_full__svc__d6,pauli_xz_r1_full,id_val,train_cv,1.0,0.8863648437439849,0.0050008296966552734,0.9243027888446215,0.921533078880407,0.9234817488969114,0.9314079422382672,0.9601145038167939,0.9461714584837785,port_protocol_service_ablation,39,36,3,ct_src_dport_ltm|ct_dst_sport_ltm|is_sm_ips_ports,ksf-v4-idsplit::
quantum,svc,6,pauli_xz_r1_full__svc__d6,pauli_xz_r1_full,id_test,train_cv,1.0,0.8863648437439849,0.0050008296966552734,0.9236947791164659,0.9201680672268908,0.9225708253547404,0.931899641577061,0.9730446024563673,0.9641342913699418,port_protocol_service_ablation,39,36,3,ct_src_dport_ltm|ct_dst_sport_ltm|is_sm_ips_ports,ksf-v4-idsplit::
quantum,svc,6,pauli_xz_r1_full__svc__d6,pauli_xz_r1_full,ood_test,train_cv,1.0,0.8863648437439849,0.0050008296966552734,0.792,0.7682776915113871,0.7702002792950452,0.8409785932721713,0.9173621894409938,0.9186226057009932,port_protocol_service_ablation,39,36,3,ct_src_dport_ltm|ct_dst_sport_ltm|is_sm_ips_ports,ksf-v4-idsplit::
quantum,svc,6,zmap_r2__svc__d6,zmap_r2,id_val,fixed_c1,1.0,,0.00599980354309082,0.9203187250996016,0.9177162849872773,0.9195203283314095,0.927536231884058,0.9434478371501273,0.9045266779968681,port_protocol_service_ablation,39,36,3,ct_src_dport_ltm|ct_dst_sport_ltm|is_sm_ips_ports,ksf-v4-idsplit::
quantum,svc,6,zmap_r2__svc__d6,zmap_r2,id_test,fixed_c1,1.0,,0.00599980354309082,0.9236947791164659,0.9201680672268908,0.9225708253547404,0.931899641577061,0.9611506140917905,0.9425405221996762,port_protocol_service_ablation,39,36,3,ct_src_dport_ltm|ct_dst_sport_ltm|is_sm_ips_ports,ksf-v4-idsplit::
quantum,svc,6,zmap_r2__svc__d6,zmap_r2,ood_test,fixed_c1,1.0,,0.00599980354309082,0.784,0.7593491200828157,0.7600383938569829,0.8358662613981763,0.8719591097308489,0.8318710320388663,port_protocol_service_ablation,39,36,3,ct_src_dport_ltm|ct_dst_sport_ltm|is_sm_ips_ports,ksf-v4-idsplit::
quantum,svc,6,zmap_r2__svc__d6,zmap_r2,id_val,train_cv,1.0,0.879448619141843,0.0049991607666015625,0.9203187250996016,0.9177162849872773,0.9195203283314095,0.927536231884058,0.9434478371501273,0.9045266779968681,port_protocol_service_ablation,39,36,3,ct_src_dport_ltm|ct_dst_sport_ltm|is_sm_ips_ports,ksf-v4-idsplit::
quantum,svc,6,zmap_r2__svc__d6,zmap_r2,id_test,train_cv,1.0,0.879448619141843,0.0049991607666015625,0.9236947791164659,0.9201680672268908,0.9225708253547404,0.931899641577061,0.9611506140917905,0.9425405221996762,port_protocol_service_ablation,39,36,3,ct_src_dport_ltm|ct_dst_sport_ltm|is_sm_ips_ports,ksf-v4-idsplit::
quantum,svc,6,zmap_r2__svc__d6,zmap_r2,ood_test,train_cv,1.0,0.879448619141843,0.0049991607666015625,0.784,0.7593491200828157,0.7600383938569829,0.8358662613981763,0.8719591097308489,0.8318710320388663,port_protocol_service_ablation,39,36,3,ct_src_dport_ltm|ct_dst_sport_ltm|is_sm_ips_ports,ksf-v4-idsplit::
quantum,svc,6,zz_r1_full__as2__svc__d6,zz_r1_full__as2,id_val,fixed_c1,1.0,,0.007002592086791992,0.8804780876494024,0.8805979643765903,0.8803242212333121,0.8846153846153846,0.9560432569974555,0.9508135385304346,port_protocol_service_ablation,39,36,3,ct_src_dport_ltm|ct_dst_sport_ltm|is_sm_ips_ports,ksf-v4-idsplit::
quantum,svc,6,zz_r1_full__as2__svc__d6,zz_r1_full__as2,id_test,fixed_c1,1.0,,0.007002592086791992,0.8554216867469879,0.8547834518422754,0.8550265234829861,0.8625954198473282,0.9521008403361345,0.935308015007843,port_protocol_service_ablation,39,36,3,ct_src_dport_ltm|ct_dst_sport_ltm|is_sm_ips_ports,ksf-v4-idsplit::
quantum,svc,6,zz_r1_full__as2__svc__d6,zz_r1_full__as2,ood_test,fixed_c1,1.0,,0.007002592086791992,0.75,0.7399068322981367,0.7421946863231187,0.787052810902896,0.8295483954451346,0.8278728910797952,port_protocol_service_ablation,39,36,3,ct_src_dport_ltm|ct_dst_sport_ltm|is_sm_ips_ports,ksf-v4-idsplit::
quantum,svc,6,zz_r1_full__as2__svc__d6,zz_r1_full__as2,id_val,train_cv,1.0,0.864956754348144,0.006997585296630859,0.8804780876494024,0.8805979643765903,0.8803242212333121,0.8846153846153846,0.9560432569974555,0.9508135385304346,port_protocol_service_ablation,39,36,3,ct_src_dport_ltm|ct_dst_sport_ltm|is_sm_ips_ports,ksf-v4-idsplit::
quantum,svc,6,zz_r1_full__as2__svc__d6,zz_r1_full__as2,id_test,train_cv,1.0,0.864956754348144,0.006997585296630859,0.8554216867469879,0.8547834518422754,0.8550265234829861,0.8625954198473282,0.9521008403361345,0.935308015007843,port_protocol_service_ablation,39,36,3,ct_src_dport_ltm|ct_dst_sport_ltm|is_sm_ips_ports,ksf-v4-idsplit::
quantum,svc,6,zz_r1_full__as2__svc__d6,zz_r1_full__as2,ood_test,train_cv,1.0,0.864956754348144,0.006997585296630859,0.75,0.7399068322981367,0.7421946863231187,0.787052810902896,0.8295483954451346,0.8278728910797952,port_protocol_service_ablation,39,36,3,ct_src_dport_ltm|ct_dst_sport_ltm|is_sm_ips_ports,ksf-v4-idsplit::
quantum,svc,6,zz_r2_full__as2__svc__d6,zz_r2_full__as2,id_val,fixed_c1,1.0,,0.009184598922729492,0.8605577689243028,0.8639631043256997,0.8603360836870637,0.8547717842323651,0.9375954198473282,0.9393209079139522,port_protocol_service_ablation,39,36,3,ct_src_dport_ltm|ct_dst_sport_ltm|is_sm_ips_ports,ksf-v4-idsplit::
quantum,svc,6,zz_r2_full__as2__svc__d6,zz_r2_full__as2,id_test,fixed_c1,1.0,,0.009184598922729492,0.8514056224899599,0.8537815126050421,0.8513672662740985,0.8489795918367347,0.9456367162249515,0.9521574792221636,port_protocol_service_ablation,39,36,3,ct_src_dport_ltm|ct_dst_sport_ltm|is_sm_ips_ports,ksf-v4-idsplit::
quantum,svc,6,zz_r2_full__as2__svc__d6,zz_r2_full__as2,ood_test,fixed_c1,1.0,,0.009184598922729492,0.708,0.7144798136645962,0.707957945944216,0.7114624505928854,0.8015333850931676,0.821282233462272,port_protocol_service_ablation,39,36,3,ct_src_dport_ltm|ct_dst_sport_ltm|is_sm_ips_ports,ksf-v4-idsplit::
quantum,svc,6,zz_r2_full__as2__svc__d6,zz_r2_full__as2,id_val,train_cv,1.0,0.8047795660325061,0.00762176513671875,0.8605577689243028,0.8639631043256997,0.8603360836870637,0.8547717842323651,0.9375954198473282,0.9393209079139522,port_protocol_service_ablation,39,36,3,ct_src_dport_ltm|ct_dst_sport_ltm|is_sm_ips_ports,ksf-v4-idsplit::
quantum,svc,6,zz_r2_full__as2__svc__d6,zz_r2_full__as2,id_test,train_cv,1.0,0.8047795660325061,0.00762176513671875,0.8514056224899599,0.8537815126050421,0.8513672662740985,0.8489795918367347,0.9456367162249515,0.9521574792221636,port_protocol_service_ablation,39,36,3,ct_src_dport_ltm|ct_dst_sport_ltm|is_sm_ips_ports,ksf-v4-idsplit::
quantum,svc,6,zz_r2_full__as2__svc__d6,zz_r2_full__as2,ood_test,train_cv,1.0,0.8047795660325061,0.00762176513671875,0.708,0.7144798136645962,0.707957945944216,0.7114624505928854,0.8015333850931676,0.821282233462272,port_protocol_service_ablation,39,36,3,ct_src_dport_ltm|ct_dst_sport_ltm|is_sm_ips_ports,ksf-v4-idsplit::
quantum,svc,6,pauli_xz_r1_full__as2__svc__d6,pauli_xz_r1_full__as2,id_val,fixed_c1,1.0,,0.005467414855957031,0.9123505976095617,0.9107824427480916,0.911845466155811,0.9185185185185185,0.94529262086514,0.9135148885605514,port_protocol_service_ablation,39,36,3,ct_src_dport_ltm|ct_dst_sport_ltm|is_sm_ips_ports,ksf-v4-idsplit::
quantum,svc,6,pauli_xz_r1_full__as2__svc__d6,pauli_xz_r1_full__as2,id_test,fixed_c1,1.0,,0.005467414855957031,0.9196787148594378,0.9177440206851972,0.9191033138401559,0.9259259259259259,0.9514544279250161,0.9235257968052017,port_protocol_service_ablation,39,36,3,ct_src_dport_ltm|ct_dst_sport_ltm|is_sm_ips_ports,ksf-v4-idsplit::
quantum,svc,6,pauli_xz_r1_full__as2__svc__d6,pauli_xz_r1_full__as2,ood_test,fixed_c1,1.0,,0.005467414855957031,0.778,0.7555965320910973,0.7569956784636873,0.8284389489953632,0.8556709368530021,0.8069810309465915,port_protocol_service_ablation,39,36,3,ct_src_dport_ltm|ct_dst_sport_ltm|is_sm_ips_ports,ksf-v4-idsplit::
quantum,svc,6,pauli_xz_r1_full__as2__svc__d6,pauli_xz_r1_full__as2,id_val,train_cv,1.0,0.8727504032475382,0.004999637603759766,0.9123505976095617,0.9107824427480916,0.911845466155811,0.9185185185185185,0.94529262086514,0.9135148885605514,port_protocol_service_ablation,39,36,3,ct_src_dport_ltm|ct_dst_sport_ltm|is_sm_ips_ports,ksf-v4-idsplit::
quantum,svc,6,pauli_xz_r1_full__as2__svc__d6,pauli_xz_r1_full__as2,id_test,train_cv,1.0,0.8727504032475382,0.004999637603759766,0.9196787148594378,0.9177440206851972,0.9191033138401559,0.9259259259259259,0.9514544279250161,0.9235257968052017,port_protocol_service_ablation,39,36,3,ct_src_dport_ltm|ct_dst_sport_ltm|is_sm_ips_ports,ksf-v4-idsplit::
quantum,svc,6,pauli_xz_r1_full__as2__svc__d6,pauli_xz_r1_full__as2,ood_test,train_cv,1.0,0.8727504032475382,0.004999637603759766,0.778,0.7555965320910973,0.7569956784636873,0.8284389489953632,0.8556709368530021,0.8069810309465915,port_protocol_service_ablation,39,36,3,ct_src_dport_ltm|ct_dst_sport_ltm|is_sm_ips_ports,ksf-v4-idsplit::
quantum,svc,6,zmap_r2__as2__svc__d6,zmap_r2__as2,id_val,fixed_c1,1.0,,0.004992961883544922,0.896414342629482,0.8951653944020357,0.8959369817578773,0.9029850746268657,0.9562977099236641,0.9581483473551713,port_protocol_service_ablation,39,36,3,ct_src_dport_ltm|ct_dst_sport_ltm|is_sm_ips_ports,ksf-v4-idsplit::
quantum,svc,6,zmap_r2__as2__svc__d6,zmap_r2__as2,id_test,fixed_c1,1.0,,0.004992961883544922,0.9076305220883534,0.9058500323206206,0.9070307300206165,0.9144981412639405,0.9615384615384616,0.9429083668798897,port_protocol_service_ablation,39,36,3,ct_src_dport_ltm|ct_dst_sport_ltm|is_sm_ips_ports,ksf-v4-idsplit::
quantum,svc,6,zmap_r2__as2__svc__d6,zmap_r2__as2,ood_test,fixed_c1,1.0,,0.004992961883544922,0.788,0.7688599896480331,0.7721175013758943,0.8322784810126582,0.8613483436853002,0.8142668983906849,port_protocol_service_ablation,39,36,3,ct_src_dport_ltm|ct_dst_sport_ltm|is_sm_ips_ports,ksf-v4-idsplit::
quantum,svc,6,zmap_r2__as2__svc__d6,zmap_r2__as2,id_val,train_cv,10.0,0.8760993628239774,0.010001659393310547,0.900398406374502,0.9007315521628498,0.9002971225193448,0.9034749034749034,0.9502544529262086,0.9533796724684545,port_protocol_service_ablation,39,36,3,ct_src_dport_ltm|ct_dst_sport_ltm|is_sm_ips_ports,ksf-v4-idsplit::
quantum,svc,6,zmap_r2__as2__svc__d6,zmap_r2__as2,id_test,train_cv,10.0,0.8760993628239774,0.010001659393310547,0.9236947791164659,0.9226567550096962,0.9233784112073853,0.9283018867924528,0.9616677440206852,0.9492596705385027,port_protocol_service_ablation,39,36,3,ct_src_dport_ltm|ct_dst_sport_ltm|is_sm_ips_ports,ksf-v4-idsplit::
quantum,svc,6,zmap_r2__as2__svc__d6,zmap_r2__as2,ood_test,train_cv,10.0,0.8760993628239774,0.010001659393310547,0.806,0.7931547619047619,0.7974025757025118,0.8391376451077943,0.839156314699793,0.783111298832303,port_protocol_service_ablation,39,36,3,ct_src_dport_ltm|ct_dst_sport_ltm|is_sm_ips_ports,ksf-v4-idsplit::
classical_ext,svc,8,linear__svc__d8,linear,id_val,fixed_c1,1.0,,0.005999326705932617,0.8764940239043825,0.8750318066157761,0.8758555770059192,0.8847583643122676,0.9166030534351145,0.8378631347803016,port_protocol_service_ablation,39,36,3,ct_src_dport_ltm|ct_dst_sport_ltm|is_sm_ips_ports,ksf-v4-idsplit::
classical_ext,svc,8,linear__svc__d8,linear,id_test,fixed_c1,1.0,,0.005999326705932617,0.8674698795180723,0.8652553329023918,0.866427166474308,0.8782287822878229,0.902262443438914,0.811078775814687,port_protocol_service_ablation,39,36,3,ct_src_dport_ltm|ct_dst_sport_ltm|is_sm_ips_ports,ksf-v4-idsplit::
classical_ext,svc,8,linear__svc__d8,linear,ood_test,fixed_c1,1.0,,0.005999326705932617,0.782,0.757116977225673,0.7574748908637008,0.834597875569044,0.7380952380952381,0.6749739528262568,port_protocol_service_ablation,39,36,3,ct_src_dport_ltm|ct_dst_sport_ltm|is_sm_ips_ports,ksf-v4-idsplit::
classical_ext,svc,8,linear__svc__d8,linear,id_val,train_cv,100.0,0.8443418066644595,0.015002012252807617,0.896414342629482,0.8941157760814249,0.8955372006658984,0.9051094890510949,0.9149491094147583,0.840325174370379,port_protocol_service_ablation,39,36,3,ct_src_dport_ltm|ct_dst_sport_ltm|is_sm_ips_ports,ksf-v4-idsplit::
classical_ext,svc,8,linear__svc__d8,linear,id_test,train_cv,100.0,0.8443418066644595,0.015002012252807617,0.891566265060241,0.8883322559793148,0.8901775650554584,0.9025270758122743,0.9009049773755656,0.8149271772924683,port_protocol_service_ablation,39,36,3,ct_src_dport_ltm|ct_dst_sport_ltm|is_sm_ips_ports,ksf-v4-idsplit::
classical_ext,svc,8,linear__svc__d8,linear,ood_test,train_cv,100.0,0.8443418066644595,0.015002012252807617,0.776,0.75,0.748995983935743,0.8313253012048193,0.7400038819875776,0.6987702470275776,port_protocol_service_ablation,39,36,3,ct_src_dport_ltm|ct_dst_sport_ltm|is_sm_ips_ports,ksf-v4-idsplit::
classical_ext,svc,8,rbf_gscale__svc__d8,rbf_gscale,id_val,fixed_c1,1.0,,0.0050008296966552734,0.9243027888446215,0.921533078880407,0.9234817488969114,0.9314079422382672,0.9697201017811705,0.9682552479878501,port_protocol_service_ablation,39,36,3,ct_src_dport_ltm|ct_dst_sport_ltm|is_sm_ips_ports,ksf-v4-idsplit::
classical_ext,svc,8,rbf_gscale__svc__d8,rbf_gscale,id_test,fixed_c1,1.0,,0.0050008296966552734,0.9196787148594378,0.9159663865546219,0.9184141546526867,0.9285714285714286,0.9782805429864254,0.9710483898908395,port_protocol_service_ablation,39,36,3,ct_src_dport_ltm|ct_dst_sport_ltm|is_sm_ips_ports,ksf-v4-idsplit::
classical_ext,svc,8,rbf_gscale__svc__d8,rbf_gscale,ood_test,fixed_c1,1.0,,0.0050008296966552734,0.78,0.7544642857142857,0.7541965355118969,0.8338368580060423,0.8888134057971013,0.869207199177199,port_protocol_service_ablation,39,36,3,ct_src_dport_ltm|ct_dst_sport_ltm|is_sm_ips_ports,ksf-v4-idsplit::
classical_ext,svc,8,rbf_gscale__svc__d8,rbf_gscale,id_val,train_cv,100.0,0.8887496262662037,0.008987188339233398,0.9203187250996016,0.9194656488549618,0.9200331336816618,0.924812030075188,0.9613231552162849,0.9483603112658534,port_protocol_service_ablation,39,36,3,ct_src_dport_ltm|ct_dst_sport_ltm|is_sm_ips_ports,ksf-v4-idsplit::
classical_ext,svc,8,rbf_gscale__svc__d8,rbf_gscale,id_test,train_cv,100.0,0.8887496262662037,0.008987188339233398,0.927710843373494,0.9272139625080802,0.9275132617414931,0.9312977099236641,0.9820297349709115,0.9820779657559421,port_protocol_service_ablation,39,36,3,ct_src_dport_ltm|ct_dst_sport_ltm|is_sm_ips_ports,ksf-v4-idsplit::
classical_ext,svc,8,rbf_gscale__svc__d8,rbf_gscale,ood_test,train_cv,100.0,0.8887496262662037,0.008987188339233398,0.824,0.8086180124223603,0.8139880952380952,0.8571428571428571,0.9115392080745341,0.9014688124196526,port_protocol_service_ablation,39,36,3,ct_src_dport_ltm|ct_dst_sport_ltm|is_sm_ips_ports,ksf-v4-idsplit::
classical_ext,svc,8,poly2__svc__d8,poly2,id_val,fixed_c1,1.0,,0.00599980354309082,0.9123505976095617,0.9090330788804071,0.9111647361647361,0.9214285714285714,0.9103689567430026,0.864963947068499,port_protocol_service_ablation,39,36,3,ct_src_dport_ltm|ct_dst_sport_ltm|is_sm_ips_ports,ksf-v4-idsplit::
classical_ext,svc,8,poly2__svc__d8,poly2,id_test,fixed_c1,1.0,,0.00599980354309082,0.9116465863453815,0.907563025210084,0.9100669818754925,0.9219858156028369,0.902650290885585,0.8414388989581247,port_protocol_service_ablation,39,36,3,ct_src_dport_ltm|ct_dst_sport_ltm|is_sm_ips_ports,ksf-v4-idsplit::
classical_ext,svc,8,poly2__svc__d8,poly2,ood_test,fixed_c1,1.0,,0.00599980354309082,0.754,0.7254464285714286,0.7196581196581197,0.8177777777777778,0.7507278726708074,0.7200470754932645,port_protocol_service_ablation,39,36,3,ct_src_dport_ltm|ct_dst_sport_ltm|is_sm_ips_ports,ksf-v4-idsplit::
classical_ext,svc,8,poly2__svc__d8,poly2,id_val,train_cv,100.0,0.8805489363504077,0.012662649154663086,0.9282868525896414,0.9256997455470738,0.9275682954982686,0.9347826086956522,0.9767811704834606,0.9765306463658343,port_protocol_service_ablation,39,36,3,ct_src_dport_ltm|ct_dst_sport_ltm|is_sm_ips_ports,ksf-v4-idsplit::
classical_ext,svc,8,poly2__svc__d8,poly2,id_test,train_cv,100.0,0.8805489363504077,0.012662649154663086,0.9236947791164659,0.9201680672268908,0.9225708253547404,0.931899641577061,0.9779573367808663,0.9734132583483819,port_protocol_service_ablation,39,36,3,ct_src_dport_ltm|ct_dst_sport_ltm|is_sm_ips_ports,ksf-v4-idsplit::
classical_ext,svc,8,poly2__svc__d8,poly2,ood_test,train_cv,100.0,0.8805489363504077,0.012662649154663086,0.786,0.7611607142857143,0.7619248928662017,0.8376327769347496,0.8844623447204969,0.8465812305706231,port_protocol_service_ablation,39,36,3,ct_src_dport_ltm|ct_dst_sport_ltm|is_sm_ips_ports,ksf-v4-idsplit::
classical_ext,svc,8,poly3__svc__d8,poly3,id_val,fixed_c1,1.0,,0.00621795654296875,0.9123505976095617,0.9090330788804071,0.9111647361647361,0.9214285714285714,0.9388040712468193,0.9218995028690244,port_protocol_service_ablation,39,36,3,ct_src_dport_ltm|ct_dst_sport_ltm|is_sm_ips_ports,ksf-v4-idsplit::
classical_ext,svc,8,poly3__svc__d8,poly3,id_test,fixed_c1,1.0,,0.00621795654296875,0.9116465863453815,0.907563025210084,0.9100669818754925,0.9219858156028369,0.92579185520362,0.8920771976192328,port_protocol_service_ablation,39,36,3,ct_src_dport_ltm|ct_dst_sport_ltm|is_sm_ips_ports,ksf-v4-idsplit::
classical_ext,svc,8,poly3__svc__d8,poly3,ood_test,fixed_c1,1.0,,0.00621795654296875,0.754,0.7254464285714286,0.7196581196581197,0.8177777777777778,0.7944487577639752,0.7709857194947464,port_protocol_service_ablation,39,36,3,ct_src_dport_ltm|ct_dst_sport_ltm|is_sm_ips_ports,ksf-v4-idsplit::
classical_ext,svc,8,poly3__svc__d8,poly3,id_val,train_cv,100.0,0.8802393307823195,0.012000322341918945,0.9282868525896414,0.9260496183206106,0.9276796004610065,0.9343065693430657,0.9625318066157761,0.9507960597028243,port_protocol_service_ablation,39,36,3,ct_src_dport_ltm|ct_dst_sport_ltm|is_sm_ips_ports,ksf-v4-idsplit::
classical_ext,svc,8,poly3__svc__d8,poly3,id_test,train_cv,100.0,0.8802393307823195,0.012000322341918945,0.9317269076305221,0.9289269553975437,0.930974317162658,0.9381818181818182,0.9793148028442147,0.9787601301438656,port_protocol_service_ablation,39,36,3,ct_src_dport_ltm|ct_dst_sport_ltm|is_sm_ips_ports,ksf-v4-idsplit::
classical_ext,svc,8,poly3__svc__d8,poly3,ood_test,train_cv,100.0,0.8802393307823195,0.012000322341918945,0.788,0.7638134057971014,0.7651375496313102,0.8384146341463414,0.8926145186335402,0.862557152972715,port_protocol_service_ablation,39,36,3,ct_src_dport_ltm|ct_dst_sport_ltm|is_sm_ips_ports,ksf-v4-idsplit::
classical_ext,svc,8,laplacian_med__svc__d8,laplacian_med,id_val,fixed_c1,1.0,,0.005002021789550781,0.9243027888446215,0.921533078880407,0.9234817488969114,0.9314079422382672,0.9648854961832062,0.9497784832563376,port_protocol_service_ablation,39,36,3,ct_src_dport_ltm|ct_dst_sport_ltm|is_sm_ips_ports,ksf-v4-idsplit::
classical_ext,svc,8,laplacian_med__svc__d8,laplacian_med,id_test,fixed_c1,1.0,,0.005002021789550781,0.9156626506024096,0.9117647058823529,0.9142463551831018,0.9252669039145908,0.9791855203619909,0.9783337848682562,port_protocol_service_ablation,39,36,3,ct_src_dport_ltm|ct_dst_sport_ltm|is_sm_ips_ports,ksf-v4-idsplit::
classical_ext,svc,8,laplacian_med__svc__d8,laplacian_med,ood_test,fixed_c1,1.0,,0.005002021789550781,0.78,0.7544642857142857,0.7541965355118969,0.8338368580060423,0.8798039596273293,0.8470706413463802,port_protocol_service_ablation,39,36,3,ct_src_dport_ltm|ct_dst_sport_ltm|is_sm_ips_ports,ksf-v4-idsplit::
classical_ext,svc,8,laplacian_med__svc__d8,laplacian_med,id_val,train_cv,10.0,0.8952667817702599,0.0060002803802490234,0.9203187250996016,0.919115776081425,0.9199515244291363,0.9253731343283582,0.9636768447837151,0.9491248380648243,port_protocol_service_ablation,39,36,3,ct_src_dport_ltm|ct_dst_sport_ltm|is_sm_ips_ports,ksf-v4-idsplit::
classical_ext,svc,8,laplacian_med__svc__d8,laplacian_med,id_test,train_cv,10.0,0.8952667817702599,0.0060002803802490234,0.927710843373494,0.9275694893341953,0.9275694893341953,0.9307692307692308,0.9809308338720103,0.9801978087411948,port_protocol_service_ablation,39,36,3,ct_src_dport_ltm|ct_dst_sport_ltm|is_sm_ips_ports,ksf-v4-idsplit::
classical_ext,svc,8,laplacian_med__svc__d8,laplacian_med,ood_test,train_cv,10.0,0.8952667817702599,0.0060002803802490234,0.82,0.8083592132505175,0.8128088653721359,0.8494983277591973,0.8893471790890269,0.8648277978139983,port_protocol_service_ablation,39,36,3,ct_src_dport_ltm|ct_dst_sport_ltm|is_sm_ips_ports,ksf-v4-idsplit::
classical_ext,svc,8,matern15_med__svc__d8,matern15_med,id_val,fixed_c1,1.0,,0.003999233245849609,0.9243027888446215,0.921533078880407,0.9234817488969114,0.9314079422382672,0.9616412213740458,0.9503266935932565,port_protocol_service_ablation,39,36,3,ct_src_dport_ltm|ct_dst_sport_ltm|is_sm_ips_ports,ksf-v4-idsplit::
classical_ext,svc,8,matern15_med__svc__d8,matern15_med,id_test,fixed_c1,1.0,,0.003999233245849609,0.9156626506024096,0.9117647058823529,0.9142463551831018,0.9252669039145908,0.9718810601163542,0.9645082067235692,port_protocol_service_ablation,39,36,3,ct_src_dport_ltm|ct_dst_sport_ltm|is_sm_ips_ports,ksf-v4-idsplit::
classical_ext,svc,8,matern15_med__svc__d8,matern15_med,ood_test,fixed_c1,1.0,,0.003999233245849609,0.776,0.75,0.748995983935743,0.8313253012048193,0.8729619565217391,0.8301765434958557,port_protocol_service_ablation,39,36,3,ct_src_dport_ltm|ct_dst_sport_ltm|is_sm_ips_ports,ksf-v4-idsplit::
classical_ext,svc,8,matern15_med__svc__d8,matern15_med,id_val,train_cv,10.0,0.8847133012660112,0.0049970149993896484,0.9243027888446215,0.9225826972010178,0.9238191083209533,0.9298892988929889,0.9682569974554708,0.9590505444286769,port_protocol_service_ablation,39,36,3,ct_src_dport_ltm|ct_dst_sport_ltm|is_sm_ips_ports,ksf-v4-idsplit::
classical_ext,svc,8,matern15_med__svc__d8,matern15_med,id_test,train_cv,10.0,0.8847133012660112,0.0049970149993896484,0.9236947791164659,0.9215901745313511,0.9230944291821772,0.9298892988929889,0.9816418875242404,0.9822725200130615,port_protocol_service_ablation,39,36,3,ct_src_dport_ltm|ct_dst_sport_ltm|is_sm_ips_ports,ksf-v4-idsplit::
classical_ext,svc,8,matern15_med__svc__d8,matern15_med,ood_test,train_cv,10.0,0.8847133012660112,0.0049970149993896484,0.804,0.7820910973084886,0.7857305277151003,0.848297213622291,0.9091614906832298,0.901823163452567,port_protocol_service_ablation,39,36,3,ct_src_dport_ltm|ct_dst_sport_ltm|is_sm_ips_ports,ksf-v4-idsplit::
classical_ext,svc,8,matern25_med__svc__d8,matern25_med,id_val,fixed_c1,1.0,,0.0057256221771240234,0.9123505976095617,0.9090330788804071,0.9111647361647361,0.9214285714285714,0.9569338422391859,0.9436235422423515,port_protocol_service_ablation,39,36,3,ct_src_dport_ltm|ct_dst_sport_ltm|is_sm_ips_ports,ksf-v4-idsplit::
classical_ext,svc,8,matern25_med__svc__d8,matern25_med,id_test,fixed_c1,1.0,,0.0057256221771240234,0.9116465863453815,0.907563025210084,0.9100669818754925,0.9219858156028369,0.9658047834518423,0.9443867582145031,port_protocol_service_ablation,39,36,3,ct_src_dport_ltm|ct_dst_sport_ltm|is_sm_ips_ports,ksf-v4-idsplit::
classical_ext,svc,8,matern25_med__svc__d8,matern25_med,ood_test,fixed_c1,1.0,,0.0057256221771240234,0.754,0.7254464285714286,0.7196581196581197,0.8177777777777778,0.858501552795031,0.8025951006885308,port_protocol_service_ablation,39,36,3,ct_src_dport_ltm|ct_dst_sport_ltm|is_sm_ips_ports,ksf-v4-idsplit::
classical_ext,svc,8,matern25_med__svc__d8,matern25_med,id_val,train_cv,100.0,0.8858370049069804,0.009000062942504883,0.9163346613545816,0.9152989821882952,0.915993306239541,0.9213483146067416,0.9619592875318066,0.9491448264832412,port_protocol_service_ablation,39,36,3,ct_src_dport_ltm|ct_dst_sport_ltm|is_sm_ips_ports,ksf-v4-idsplit::
classical_ext,svc,8,matern25_med__svc__d8,matern25_med,id_test,train_cv,100.0,0.8858370049069804,0.009000062942504883,0.927710843373494,0.9272139625080802,0.9275132617414931,0.9312977099236641,0.9806076276664513,0.9811421291754506,port_protocol_service_ablation,39,36,3,ct_src_dport_ltm|ct_dst_sport_ltm|is_sm_ips_ports,ksf-v4-idsplit::
classical_ext,svc,8,matern25_med__svc__d8,matern25_med,ood_test,train_cv,100.0,0.8858370049069804,0.009000062942504883,0.822,0.8059653209109732,0.8113119543417331,0.8562197092084006,0.9072528467908902,0.8986166432519628,port_protocol_service_ablation,39,36,3,ct_src_dport_ltm|ct_dst_sport_ltm|is_sm_ips_ports,ksf-v4-idsplit::
classical_ext,svc,8,rbf_gscale_x0.1__svc__d8,rbf_gscale_x0.1,id_val,fixed_c1,1.0,,0.0060002803802490234,0.9123505976095617,0.9090330788804071,0.9111647361647361,0.9214285714285714,0.91793893129771,0.8936892625860873,port_protocol_service_ablation,39,36,3,ct_src_dport_ltm|ct_dst_sport_ltm|is_sm_ips_ports,ksf-v4-idsplit::
classical_ext,svc,8,rbf_gscale_x0.1__svc__d8,rbf_gscale_x0.1,id_test,fixed_c1,1.0,,0.0060002803802490234,0.9116465863453815,0.907563025210084,0.9100669818754925,0.9219858156028369,0.9024563671622495,0.8579314262388011,port_protocol_service_ablation,39,36,3,ct_src_dport_ltm|ct_dst_sport_ltm|is_sm_ips_ports,ksf-v4-idsplit::
classical_ext,svc,8,rbf_gscale_x0.1__svc__d8,rbf_gscale_x0.1,ood_test,fixed_c1,1.0,,0.0060002803802490234,0.754,0.7254464285714286,0.7196581196581197,0.8177777777777778,0.7445166925465838,0.7423873238352758,port_protocol_service_ablation,39,36,3,ct_src_dport_ltm|ct_dst_sport_ltm|is_sm_ips_ports,ksf-v4-idsplit::
classical_ext,svc,8,rbf_gscale_x0.1__svc__d8,rbf_gscale_x0.1,id_val,train_cv,100.0,0.8784870806803046,0.011250495910644531,0.9282868525896414,0.9256997455470738,0.9275682954982686,0.9347826086956522,0.9731552162849872,0.9725669593328,port_protocol_service_ablation,39,36,3,ct_src_dport_ltm|ct_dst_sport_ltm|is_sm_ips_ports,ksf-v4-idsplit::
classical_ext,svc,8,rbf_gscale_x0.1__svc__d8,rbf_gscale_x0.1,id_test,train_cv,100.0,0.8784870806803046,0.011250495910644531,0.9236947791164659,0.9201680672268908,0.9225708253547404,0.931899641577061,0.9797026502908855,0.9754462668002069,port_protocol_service_ablation,39,36,3,ct_src_dport_ltm|ct_dst_sport_ltm|is_sm_ips_ports,ksf-v4-idsplit::
classical_ext,svc,8,rbf_gscale_x0.1__svc__d8,rbf_gscale_x0.1,ood_test,train_cv,100.0,0.8784870806803046,0.011250495910644531,0.786,0.7611607142857143,0.7619248928662017,0.8376327769347496,0.8941673136645962,0.8789098137425176,port_protocol_service_ablation,39,36,3,ct_src_dport_ltm|ct_dst_sport_ltm|is_sm_ips_ports,ksf-v4-idsplit::
classical_ext,svc,8,rbf_gscale_x0.3__svc__d8,rbf_gscale_x0.3,id_val,fixed_c1,1.0,,0.0060024261474609375,0.9123505976095617,0.9090330788804071,0.9111647361647361,0.9214285714285714,0.9473918575063613,0.9292474843942242,port_protocol_service_ablation,39,36,3,ct_src_dport_ltm|ct_dst_sport_ltm|is_sm_ips_ports,ksf-v4-idsplit::
classical_ext,svc,8,rbf_gscale_x0.3__svc__d8,rbf_gscale_x0.3,id_test,fixed_c1,1.0,,0.0060024261474609375,0.9116465863453815,0.907563025210084,0.9100669818754925,0.9219858156028369,0.9434389140271493,0.9082065440211428,port_protocol_service_ablation,39,36,3,ct_src_dport_ltm|ct_dst_sport_ltm|is_sm_ips_ports,ksf-v4-idsplit::
classical_ext,svc,8,rbf_gscale_x0.3__svc__d8,rbf_gscale_x0.3,ood_test,fixed_c1,1.0,,0.0060024261474609375,0.754,0.7254464285714286,0.7196581196581197,0.8177777777777778,0.7832880434782609,0.7293052998561218,port_protocol_service_ablation,39,36,3,ct_src_dport_ltm|ct_dst_sport_ltm|is_sm_ips_ports,ksf-v4-idsplit::
classical_ext,svc,8,rbf_gscale_x0.3__svc__d8,rbf_gscale_x0.3,id_val,train_cv,10.0,0.8806690444476952,0.007008790969848633,0.9282868525896414,0.9256997455470738,0.9275682954982686,0.9347826086956522,0.9729643765903307,0.97273135586156,port_protocol_service_ablation,39,36,3,ct_src_dport_ltm|ct_dst_sport_ltm|is_sm_ips_ports,ksf-v4-idsplit::
classical_ext,svc,8,rbf_gscale_x0.3__svc__d8,rbf_gscale_x0.3,id_test,train_cv,10.0,0.8806690444476952,0.007008790969848633,0.9236947791164659,0.9201680672268908,0.9225708253547404,0.931899641577061,0.9808661926308985,0.976841135575892,port_protocol_service_ablation,39,36,3,ct_src_dport_ltm|ct_dst_sport_ltm|is_sm_ips_ports,ksf-v4-idsplit::
classical_ext,svc,8,rbf_gscale_x0.3__svc__d8,rbf_gscale_x0.3,ood_test,train_cv,10.0,0.8806690444476952,0.007008790969848633,0.782,0.7566964285714286,0.7567822062754654,0.8350983358547656,0.8909323240165632,0.8697032439186131,port_protocol_service_ablation,39,36,3,ct_src_dport_ltm|ct_dst_sport_ltm|is_sm_ips_ports,ksf-v4-idsplit::
classical_ext,svc,8,rbf_gscale_x3__svc__d8,rbf_gscale_x3,id_val,fixed_c1,1.0,,0.004789113998413086,0.9203187250996016,0.9184160305343512,0.9197570332480818,0.9264705882352942,0.9622773536895675,0.9528333848469088,port_protocol_service_ablation,39,36,3,ct_src_dport_ltm|ct_dst_sport_ltm|is_sm_ips_ports,ksf-v4-idsplit::
classical_ext,svc,8,rbf_gscale_x3__svc__d8,rbf_gscale_x3,id_test,fixed_c1,1.0,,0.004789113998413086,0.9196787148594378,0.916677440206852,0.918723070896984,0.927536231884058,0.975759534583064,0.9738735136884982,port_protocol_service_ablation,39,36,3,ct_src_dport_ltm|ct_dst_sport_ltm|is_sm_ips_ports,ksf-v4-idsplit::
classical_ext,svc,8,rbf_gscale_x3__svc__d8,rbf_gscale_x3,ood_test,fixed_c1,1.0,,0.004789113998413086,0.79,0.7664660973084886,0.7683050077011002,0.8392036753445635,0.8941026138716357,0.8890458837149187,port_protocol_service_ablation,39,36,3,ct_src_dport_ltm|ct_dst_sport_ltm|is_sm_ips_ports,ksf-v4-idsplit::
classical_ext,svc,8,rbf_gscale_x3__svc__d8,rbf_gscale_x3,id_val,train_cv,1.0,0.8851537537630021,0.004002809524536133,0.9203187250996016,0.9184160305343512,0.9197570332480818,0.9264705882352942,0.9622773536895675,0.9528333848469088,port_protocol_service_ablation,39,36,3,ct_src_dport_ltm|ct_dst_sport_ltm|is_sm_ips_ports,ksf-v4-idsplit::
classical_ext,svc,8,rbf_gscale_x3__svc__d8,rbf_gscale_x3,id_test,train_cv,1.0,0.8851537537630021,0.004002809524536133,0.9196787148594378,0.916677440206852,0.918723070896984,0.927536231884058,0.975759534583064,0.9738735136884982,port_protocol_service_ablation,39,36,3,ct_src_dport_ltm|ct_dst_sport_ltm|is_sm_ips_ports,ksf-v4-idsplit::
classical_ext,svc,8,rbf_gscale_x3__svc__d8,rbf_gscale_x3,ood_test,train_cv,1.0,0.8851537537630021,0.004002809524536133,0.79,0.7664660973084886,0.7683050077011002,0.8392036753445635,0.8941026138716357,0.8890458837149187,port_protocol_service_ablation,39,36,3,ct_src_dport_ltm|ct_dst_sport_ltm|is_sm_ips_ports,ksf-v4-idsplit::
classical_ext,svc,8,rbf_gscale_x10__svc__d8,rbf_gscale_x10,id_val,fixed_c1,1.0,,0.0062961578369140625,0.9163346613545816,0.9149491094147583,0.915902165068526,0.9219330855018587,0.9490458015267176,0.9239841324668728,port_protocol_service_ablation,39,36,3,ct_src_dport_ltm|ct_dst_sport_ltm|is_sm_ips_ports,ksf-v4-idsplit::
classical_ext,svc,8,rbf_gscale_x10__svc__d8,rbf_gscale_x10,id_test,fixed_c1,1.0,,0.0062961578369140625,0.9076305220883534,0.9062055591467356,0.9071452891677612,0.9138576779026217,0.9703296703296703,0.9656196850897242,port_protocol_service_ablation,39,36,3,ct_src_dport_ltm|ct_dst_sport_ltm|is_sm_ips_ports,ksf-v4-idsplit::
classical_ext,svc,8,rbf_gscale_x10__svc__d8,rbf_gscale_x10,ood_test,fixed_c1,1.0,,0.0062961578369140625,0.788,0.7701216356107661,0.7736242333122618,0.8306709265175719,0.861138069358178,0.8160655289241914,port_protocol_service_ablation,39,36,3,ct_src_dport_ltm|ct_dst_sport_ltm|is_sm_ips_ports,ksf-v4-idsplit::
classical_ext,svc,8,rbf_gscale_x10__svc__d8,rbf_gscale_x10,id_val,train_cv,10.0,0.8829435594599243,0.008008241653442383,0.9083665338645418,0.9076653944020356,0.9080805668338507,0.9132075471698113,0.9415394402035622,0.9137941931074802,port_protocol_service_ablation,39,36,3,ct_src_dport_ltm|ct_dst_sport_ltm|is_sm_ips_ports,ksf-v4-idsplit::
classical_ext,svc,8,rbf_gscale_x10__svc__d8,rbf_gscale_x10,id_test,train_cv,10.0,0.8829435594599243,0.008008241653442383,0.9236947791164659,0.9233678086619264,0.9235171443813959,0.9272030651340997,0.9665804783451842,0.9564955547201334,port_protocol_service_ablation,39,36,3,ct_src_dport_ltm|ct_dst_sport_ltm|is_sm_ips_ports,ksf-v4-idsplit::
classical_ext,svc,8,rbf_gscale_x10__svc__d8,rbf_gscale_x10,ood_test,train_cv,10.0,0.8829435594599243,0.008008241653442383,0.828,0.8181288819875776,0.8222405952873089,0.8542372881355932,0.8693711180124223,0.8132811092952137,port_protocol_service_ablation,39,36,3,ct_src_dport_ltm|ct_dst_sport_ltm|is_sm_ips_ports,ksf-v4-idsplit::
classical_ext,svc,8,laplacian_med_x0.1__svc__d8,laplacian_med_x0.1,id_val,fixed_c1,1.0,,0.008998870849609375,0.9163346613545816,0.915998727735369,0.9161429912340711,0.9201520912547528,0.9688931297709924,0.9687560386521702,port_protocol_service_ablation,39,36,3,ct_src_dport_ltm|ct_dst_sport_ltm|is_sm_ips_ports,ksf-v4-idsplit::
classical_ext,svc,8,laplacian_med_x0.1__svc__d8,laplacian_med_x0.1,id_test,fixed_c1,1.0,,0.008998870849609375,0.9156626506024096,0.9146089204912735,0.9153129808081626,0.9207547169811321,0.9718810601163543,0.9701910990182798,port_protocol_service_ablation,39,36,3,ct_src_dport_ltm|ct_dst_sport_ltm|is_sm_ips_ports,ksf-v4-idsplit::
classical_ext,svc,8,laplacian_med_x0.1__svc__d8,laplacian_med_x0.1,ood_test,fixed_c1,1.0,,0.008998870849609375,0.798,0.7854878364389234,0.7894069616637267,0.831946755407654,0.8747088509316769,0.8538748454005638,port_protocol_service_ablation,39,36,3,ct_src_dport_ltm|ct_dst_sport_ltm|is_sm_ips_ports,ksf-v4-idsplit::
classical_ext,svc,8,laplacian_med_x0.1__svc__d8,laplacian_med_x0.1,id_val,train_cv,1.0,0.8784789243011017,0.007999420166015625,0.9163346613545816,0.915998727735369,0.9161429912340711,0.9201520912547528,0.9688931297709924,0.9687560386521702,port_protocol_service_ablation,39,36,3,ct_src_dport_ltm|ct_dst_sport_ltm|is_sm_ips_ports,ksf-v4-idsplit::
classical_ext,svc,8,laplacian_med_x0.1__svc__d8,laplacian_med_x0.1,id_test,train_cv,1.0,0.8784789243011017,0.007999420166015625,0.9156626506024096,0.9146089204912735,0.9153129808081626,0.9207547169811321,0.9718810601163543,0.9701910990182798,port_protocol_service_ablation,39,36,3,ct_src_dport_ltm|ct_dst_sport_ltm|is_sm_ips_ports,ksf-v4-idsplit::
classical_ext,svc,8,laplacian_med_x0.1__svc__d8,laplacian_med_x0.1,ood_test,train_cv,1.0,0.8784789243011017,0.007999420166015625,0.798,0.7854878364389234,0.7894069616637267,0.831946755407654,0.8747088509316769,0.8538748454005638,port_protocol_service_ablation,39,36,3,ct_src_dport_ltm|ct_dst_sport_ltm|is_sm_ips_ports,ksf-v4-idsplit::
classical_ext,svc,8,laplacian_med_x0.3__svc__d8,laplacian_med_x0.3,id_val,fixed_c1,1.0,,0.006001949310302734,0.9163346613545816,0.9149491094147583,0.915902165068526,0.9219330855018587,0.9678753180661578,0.9456240166660547,port_protocol_service_ablation,39,36,3,ct_src_dport_ltm|ct_dst_sport_ltm|is_sm_ips_ports,ksf-v4-idsplit::
classical_ext,svc,8,laplacian_med_x0.3__svc__d8,laplacian_med_x0.3,id_test,fixed_c1,1.0,,0.006001949310302734,0.9196787148594378,0.9180995475113123,0.9192083062946139,0.9253731343283582,0.9766645119586297,0.97521803293103,port_protocol_service_ablation,39,36,3,ct_src_dport_ltm|ct_dst_sport_ltm|is_sm_ips_ports,ksf-v4-idsplit::
classical_ext,svc,8,laplacian_med_x0.3__svc__d8,laplacian_med_x0.3,ood_test,fixed_c1,1.0,,0.006001949310302734,0.8,0.7797295548654244,0.7835085470825611,0.8432601880877743,0.8898162525879917,0.8614661654480447,port_protocol_service_ablation,39,36,3,ct_src_dport_ltm|ct_dst_sport_ltm|is_sm_ips_ports,ksf-v4-idsplit::
classical_ext,svc,8,laplacian_med_x0.3__svc__d8,laplacian_med_x0.3,id_val,train_cv,10.0,0.8889130265315707,0.006268024444580078,0.9362549800796812,0.9354325699745547,0.9360265069453294,0.9398496240601504,0.9720737913486005,0.9642277254310376,port_protocol_service_ablation,39,36,3,ct_src_dport_ltm|ct_dst_sport_ltm|is_sm_ips_ports,ksf-v4-idsplit::
classical_ext,svc,8,laplacian_med_x0.3__svc__d8,laplacian_med_x0.3,id_test,train_cv,10.0,0.8889130265315707,0.006268024444580078,0.9317269076305221,0.9321266968325792,0.9316563604953421,0.933852140077821,0.9762766645119586,0.9756974297870756,port_protocol_service_ablation,39,36,3,ct_src_dport_ltm|ct_dst_sport_ltm|is_sm_ips_ports,ksf-v4-idsplit::
classical_ext,svc,8,laplacian_med_x0.3__svc__d8,laplacian_med_x0.3,ood_test,train_cv,10.0,0.8889130265315707,0.006268024444580078,0.814,0.8062888198757764,0.8092378127576828,0.8393782383419689,0.8788496376811593,0.852456511599114,port_protocol_service_ablation,39,36,3,ct_src_dport_ltm|ct_dst_sport_ltm|is_sm_ips_ports,ksf-v4-idsplit::
classical_ext,svc,8,laplacian_med_x3__svc__d8,laplacian_med_x3,id_val,fixed_c1,1.0,,0.0039958953857421875,0.9123505976095617,0.9090330788804071,0.9111647361647361,0.9214285714285714,0.9541348600508905,0.9419215437731361,port_protocol_service_ablation,39,36,3,ct_src_dport_ltm|ct_dst_sport_ltm|is_sm_ips_ports,ksf-v4-idsplit::
classical_ext,svc,8,laplacian_med_x3__svc__d8,laplacian_med_x3,id_test,fixed_c1,1.0,,0.0039958953857421875,0.9116465863453815,0.907563025210084,0.9100669818754925,0.9219858156028369,0.9642533936651584,0.948788093845788,port_protocol_service_ablation,39,36,3,ct_src_dport_ltm|ct_dst_sport_ltm|is_sm_ips_ports,ksf-v4-idsplit::
classical_ext,svc,8,laplacian_med_x3__svc__d8,laplacian_med_x3,ood_test,fixed_c1,1.0,,0.0039958953857421875,0.754,0.7254464285714286,0.7196581196581197,0.8177777777777778,0.8305512422360248,0.7650481805059383,port_protocol_service_ablation,39,36,3,ct_src_dport_ltm|ct_dst_sport_ltm|is_sm_ips_ports,ksf-v4-idsplit::
classical_ext,svc,8,laplacian_med_x3__svc__d8,laplacian_med_x3,id_val,train_cv,100.0,0.8900226790650047,0.007000923156738281,0.9243027888446215,0.9232824427480917,0.9239939437405371,0.9288389513108615,0.9639312977099237,0.9624775677158589,port_protocol_service_ablation,39,36,3,ct_src_dport_ltm|ct_dst_sport_ltm|is_sm_ips_ports,ksf-v4-idsplit::
classical_ext,svc,8,laplacian_med_x3__svc__d8,laplacian_med_x3,id_test,train_cv,100.0,0.8900226790650047,0.007000923156738281,0.9357429718875502,0.935972850678733,0.9356589147286822,0.937984496124031,0.9778926955397543,0.9757755765825245,port_protocol_service_ablation,39,36,3,ct_src_dport_ltm|ct_dst_sport_ltm|is_sm_ips_ports,ksf-v4-idsplit::
classical_ext,svc,8,laplacian_med_x3__svc__d8,laplacian_med_x3,ood_test,train_cv,100.0,0.8900226790650047,0.007000923156738281,0.84,0.8319422877846792,0.835577697758924,0.8625429553264605,0.8867753623188406,0.8703922183762295,port_protocol_service_ablation,39,36,3,ct_src_dport_ltm|ct_dst_sport_ltm|is_sm_ips_ports,ksf-v4-idsplit::
classical_ext,svc,8,laplacian_med_x10__svc__d8,laplacian_med_x10,id_val,fixed_c1,1.0,,0.006000995635986328,0.9123505976095617,0.9090330788804071,0.9111647361647361,0.9214285714285714,0.9478371501272265,0.9239199905195656,port_protocol_service_ablation,39,36,3,ct_src_dport_ltm|ct_dst_sport_ltm|is_sm_ips_ports,ksf-v4-idsplit::
classical_ext,svc,8,laplacian_med_x10__svc__d8,laplacian_med_x10,id_test,fixed_c1,1.0,,0.006000995635986328,0.9116465863453815,0.907563025210084,0.9100669818754925,0.9219858156028369,0.9411118293471235,0.8834978838159027,port_protocol_service_ablation,39,36,3,ct_src_dport_ltm|ct_dst_sport_ltm|is_sm_ips_ports,ksf-v4-idsplit::
classical_ext,svc,8,laplacian_med_x10__svc__d8,laplacian_med_x10,ood_test,fixed_c1,1.0,,0.006000995635986328,0.754,0.7254464285714286,0.7196581196581197,0.8177777777777778,0.7861024844720497,0.7144397560414764,port_protocol_service_ablation,39,36,3,ct_src_dport_ltm|ct_dst_sport_ltm|is_sm_ips_ports,ksf-v4-idsplit::
classical_ext,svc,8,laplacian_med_x10__svc__d8,laplacian_med_x10,id_val,train_cv,100.0,0.8943158137195271,0.006000041961669922,0.9243027888446215,0.9229325699745548,0.9239114826810473,0.929368029739777,0.9513994910941476,0.9394576465497031,port_protocol_service_ablation,39,36,3,ct_src_dport_ltm|ct_dst_sport_ltm|is_sm_ips_ports,ksf-v4-idsplit::
classical_ext,svc,8,laplacian_med_x10__svc__d8,laplacian_med_x10,id_test,train_cv,100.0,0.8943158137195271,0.006000041961669922,0.9116465863453815,0.9114738202973497,0.9114738202973497,0.9153846153846154,0.9808661926308986,0.9806437758609884,port_protocol_service_ablation,39,36,3,ct_src_dport_ltm|ct_dst_sport_ltm|is_sm_ips_ports,ksf-v4-idsplit::
classical_ext,svc,8,laplacian_med_x10__svc__d8,laplacian_med_x10,ood_test,train_cv,100.0,0.8943158137195271,0.006000041961669922,0.828,0.8156055900621118,0.8205312275664034,0.8571428571428571,0.8808553312629399,0.8489150901446894,port_protocol_service_ablation,39,36,3,ct_src_dport_ltm|ct_dst_sport_ltm|is_sm_ips_ports,ksf-v4-idsplit::
classical_ext,svc,8,matern15_med_x0.1__svc__d8,matern15_med_x0.1,id_val,fixed_c1,1.0,,0.006589651107788086,0.9123505976095617,0.9121819338422392,0.9121819338422392,0.916030534351145,0.9599236641221374,0.9572008392428756,port_protocol_service_ablation,39,36,3,ct_src_dport_ltm|ct_dst_sport_ltm|is_sm_ips_ports,ksf-v4-idsplit::
classical_ext,svc,8,matern15_med_x0.1__svc__d8,matern15_med_x0.1,id_test,fixed_c1,1.0,,0.006589651107788086,0.9116465863453815,0.9107627666451197,0.9113247863247863,0.9166666666666666,0.9627020038784745,0.9469960038935838,port_protocol_service_ablation,39,36,3,ct_src_dport_ltm|ct_dst_sport_ltm|is_sm_ips_ports,ksf-v4-idsplit::
classical_ext,svc,8,matern15_med_x0.1__svc__d8,matern15_med_x0.1,ood_test,fixed_c1,1.0,,0.006589651107788086,0.788,0.7760093167701863,0.7795304414382935,0.822742474916388,0.8543769409937887,0.8117115699053283,port_protocol_service_ablation,39,36,3,ct_src_dport_ltm|ct_dst_sport_ltm|is_sm_ips_ports,ksf-v4-idsplit::
classical_ext,svc,8,matern15_med_x0.1__svc__d8,matern15_med_x0.1,id_val,train_cv,1.0,0.8814315255524845,0.00800013542175293,0.9123505976095617,0.9121819338422392,0.9121819338422392,0.916030534351145,0.9599236641221374,0.9572008392428756,port_protocol_service_ablation,39,36,3,ct_src_dport_ltm|ct_dst_sport_ltm|is_sm_ips_ports,ksf-v4-idsplit::
classical_ext,svc,8,matern15_med_x0.1__svc__d8,matern15_med_x0.1,id_test,train_cv,1.0,0.8814315255524845,0.00800013542175293,0.9116465863453815,0.9107627666451197,0.9113247863247863,0.9166666666666666,0.9627020038784745,0.9469960038935838,port_protocol_service_ablation,39,36,3,ct_src_dport_ltm|ct_dst_sport_ltm|is_sm_ips_ports,ksf-v4-idsplit::
classical_ext,svc,8,matern15_med_x0.1__svc__d8,matern15_med_x0.1,ood_test,train_cv,1.0,0.8814315255524845,0.00800013542175293,0.788,0.7760093167701863,0.7795304414382935,0.822742474916388,0.8543769409937887,0.8117115699053283,port_protocol_service_ablation,39,36,3,ct_src_dport_ltm|ct_dst_sport_ltm|is_sm_ips_ports,ksf-v4-idsplit::
classical_ext,svc,8,matern15_med_x0.3__svc__d8,matern15_med_x0.3,id_val,fixed_c1,1.0,,0.0049991607666015625,0.9243027888446215,0.9225826972010178,0.9238191083209533,0.9298892988929889,0.9662213740458016,0.9488575019245415,port_protocol_service_ablation,39,36,3,ct_src_dport_ltm|ct_dst_sport_ltm|is_sm_ips_ports,ksf-v4-idsplit::
classical_ext,svc,8,matern15_med_x0.3__svc__d8,matern15_med_x0.3,id_test,fixed_c1,1.0,,0.0049991607666015625,0.9156626506024096,0.9138978668390434,0.9151150143666499,0.9219330855018587,0.9758888170652876,0.9761301903898998,port_protocol_service_ablation,39,36,3,ct_src_dport_ltm|ct_dst_sport_ltm|is_sm_ips_ports,ksf-v4-idsplit::
classical_ext,svc,8,matern15_med_x0.3__svc__d8,matern15_med_x0.3,ood_test,fixed_c1,1.0,,0.0049991607666015625,0.786,0.7645251035196687,0.7669363235185209,0.833592534992224,0.8815832039337473,0.8559000729483455,port_protocol_service_ablation,39,36,3,ct_src_dport_ltm|ct_dst_sport_ltm|is_sm_ips_ports,ksf-v4-idsplit::
classical_ext,svc,8,matern15_med_x0.3__svc__d8,matern15_med_x0.3,id_val,train_cv,10.0,0.8892398992426518,0.007005214691162109,0.9163346613545816,0.9152989821882952,0.915993306239541,0.9213483146067416,0.9504452926208652,0.9401382737650098,port_protocol_service_ablation,39,36,3,ct_src_dport_ltm|ct_dst_sport_ltm|is_sm_ips_ports,ksf-v4-idsplit::
classical_ext,svc,8,matern15_med_x0.3__svc__d8,matern15_med_x0.3,id_test,train_cv,10.0,0.8892398992426518,0.007005214691162109,0.9357429718875502,0.9352617970265029,0.9355673437702161,0.9389312977099237,0.9681318681318681,0.9649035547397562,port_protocol_service_ablation,39,36,3,ct_src_dport_ltm|ct_dst_sport_ltm|is_sm_ips_ports,ksf-v4-idsplit::
classical_ext,svc,8,matern15_med_x0.3__svc__d8,matern15_med_x0.3,ood_test,train_cv,10.0,0.8892398992426518,0.007005214691162109,0.818,0.8082298136645962,0.8120448283411614,0.8455008488964346,0.868465320910973,0.8213600510077459,port_protocol_service_ablation,39,36,3,ct_src_dport_ltm|ct_dst_sport_ltm|is_sm_ips_ports,ksf-v4-idsplit::
classical_ext,svc,8,matern15_med_x3__svc__d8,matern15_med_x3,id_val,fixed_c1,1.0,,0.00570225715637207,0.9123505976095617,0.9090330788804071,0.9111647361647361,0.9214285714285714,0.9287531806615776,0.9077976606192504,port_protocol_service_ablation,39,36,3,ct_src_dport_ltm|ct_dst_sport_ltm|is_sm_ips_ports,ksf-v4-idsplit::
classical_ext,svc,8,matern15_med_x3__svc__d8,matern15_med_x3,id_test,fixed_c1,1.0,,0.00570225715637207,0.9116465863453815,0.907563025210084,0.9100669818754925,0.9219858156028369,0.9096315449256626,0.8705913868871699,port_protocol_service_ablation,39,36,3,ct_src_dport_ltm|ct_dst_sport_ltm|is_sm_ips_ports,ksf-v4-idsplit::
classical_ext,svc,8,matern15_med_x3__svc__d8,matern15_med_x3,ood_test,fixed_c1,1.0,,0.00570225715637207,0.754,0.7254464285714286,0.7196581196581197,0.8177777777777778,0.7811044254658385,0.7582649097500183,port_protocol_service_ablation,39,36,3,ct_src_dport_ltm|ct_dst_sport_ltm|is_sm_ips_ports,ksf-v4-idsplit::
classical_ext,svc,8,matern15_med_x3__svc__d8,matern15_med_x3,id_val,train_cv,100.0,0.8829717899956113,0.00599980354309082,0.9203187250996016,0.9184160305343512,0.9197570332480818,0.9264705882352942,0.9652671755725191,0.954930095612309,port_protocol_service_ablation,39,36,3,ct_src_dport_ltm|ct_dst_sport_ltm|is_sm_ips_ports,ksf-v4-idsplit::
classical_ext,svc,8,matern15_med_x3__svc__d8,matern15_med_x3,id_test,train_cv,100.0,0.8829717899956113,0.00599980354309082,0.927710843373494,0.9250808015513898,0.9269747132429613,0.9343065693430657,0.9828054298642535,0.9831488300537593,port_protocol_service_ablation,39,36,3,ct_src_dport_ltm|ct_dst_sport_ltm|is_sm_ips_ports,ksf-v4-idsplit::
classical_ext,svc,8,matern15_med_x3__svc__d8,matern15_med_x3,ood_test,train_cv,100.0,0.8829717899956113,0.00599980354309082,0.79,0.7664660973084886,0.7683050077011002,0.8392036753445635,0.9173136645962734,0.9106338237092013,port_protocol_service_ablation,39,36,3,ct_src_dport_ltm|ct_dst_sport_ltm|is_sm_ips_ports,ksf-v4-idsplit::
classical_ext,svc,8,matern15_med_x10__svc__d8,matern15_med_x10,id_val,fixed_c1,1.0,,0.006403923034667969,0.8725099601593626,0.8708651399491094,0.8717752234993614,0.8814814814814815,0.9534987277353688,0.9446570814037938,port_protocol_service_ablation,39,36,3,ct_src_dport_ltm|ct_dst_sport_ltm|is_sm_ips_ports,ksf-v4-idsplit::
classical_ext,svc,8,matern15_med_x10__svc__d8,matern15_med_x10,id_test,fixed_c1,1.0,,0.006403923034667969,0.8714859437751004,0.8691014867485456,0.8703800104112441,0.8823529411764706,0.9387201034259858,0.909900114822561,port_protocol_service_ablation,39,36,3,ct_src_dport_ltm|ct_dst_sport_ltm|is_sm_ips_ports,ksf-v4-idsplit::
classical_ext,svc,8,matern15_med_x10__svc__d8,matern15_med_x10,ood_test,fixed_c1,1.0,,0.006403923034667969,0.752,0.72363483436853,0.7178278203564472,0.8160237388724035,0.844332298136646,0.8100357678893866,port_protocol_service_ablation,39,36,3,ct_src_dport_ltm|ct_dst_sport_ltm|is_sm_ips_ports,ksf-v4-idsplit::
classical_ext,svc,8,matern15_med_x10__svc__d8,matern15_med_x10,id_val,train_cv,100.0,0.8759948376615878,0.00804448127746582,0.9123505976095617,0.9090330788804071,0.9111647361647361,0.9214285714285714,0.9452290076335879,0.9221868021505367,port_protocol_service_ablation,39,36,3,ct_src_dport_ltm|ct_dst_sport_ltm|is_sm_ips_ports,ksf-v4-idsplit::
classical_ext,svc,8,matern15_med_x10__svc__d8,matern15_med_x10,id_test,train_cv,100.0,0.8759948376615878,0.00804448127746582,0.9116465863453815,0.907563025210084,0.9100669818754925,0.9219858156028369,0.9429864253393665,0.9103024832983095,port_protocol_service_ablation,39,36,3,ct_src_dport_ltm|ct_dst_sport_ltm|is_sm_ips_ports,ksf-v4-idsplit::
classical_ext,svc,8,matern15_med_x10__svc__d8,matern15_med_x10,ood_test,train_cv,100.0,0.8759948376615878,0.00804448127746582,0.754,0.7254464285714286,0.7196581196581197,0.8177777777777778,0.7993335921325052,0.7442314238437098,port_protocol_service_ablation,39,36,3,ct_src_dport_ltm|ct_dst_sport_ltm|is_sm_ips_ports,ksf-v4-idsplit::
classical_ext,svc,8,matern25_med_x0.1__svc__d8,matern25_med_x0.1,id_val,fixed_c1,1.0,,0.009003877639770508,0.9123505976095617,0.9121819338422392,0.9121819338422392,0.916030534351145,0.9543256997455472,0.9497881166501146,port_protocol_service_ablation,39,36,3,ct_src_dport_ltm|ct_dst_sport_ltm|is_sm_ips_ports,ksf-v4-idsplit::
classical_ext,svc,8,matern25_med_x0.1__svc__d8,matern25_med_x0.1,id_test,fixed_c1,1.0,,0.009003877639770508,0.9116465863453815,0.9107627666451197,0.9113247863247863,0.9166666666666666,0.963283775048481,0.9447018401810267,port_protocol_service_ablation,39,36,3,ct_src_dport_ltm|ct_dst_sport_ltm|is_sm_ips_ports,ksf-v4-idsplit::
classical_ext,svc,8,matern25_med_x0.1__svc__d8,matern25_med_x0.1,ood_test,fixed_c1,1.0,,0.009003877639770508,0.792,0.7800530538302277,0.7836902444300238,0.8260869565217391,0.8553959627329193,0.8115314517019199,port_protocol_service_ablation,39,36,3,ct_src_dport_ltm|ct_dst_sport_ltm|is_sm_ips_ports,ksf-v4-idsplit::
classical_ext,svc,8,matern25_med_x0.1__svc__d8,matern25_med_x0.1,id_val,train_cv,1.0,0.8793696698823814,0.006194353103637695,0.9123505976095617,0.9121819338422392,0.9121819338422392,0.916030534351145,0.9543256997455472,0.9497881166501146,port_protocol_service_ablation,39,36,3,ct_src_dport_ltm|ct_dst_sport_ltm|is_sm_ips_ports,ksf-v4-idsplit::
classical_ext,svc,8,matern25_med_x0.1__svc__d8,matern25_med_x0.1,id_test,train_cv,1.0,0.8793696698823814,0.006194353103637695,0.9116465863453815,0.9107627666451197,0.9113247863247863,0.9166666666666666,0.963283775048481,0.9447018401810267,port_protocol_service_ablation,39,36,3,ct_src_dport_ltm|ct_dst_sport_ltm|is_sm_ips_ports,ksf-v4-idsplit::
classical_ext,svc,8,matern25_med_x0.1__svc__d8,matern25_med_x0.1,ood_test,train_cv,1.0,0.8793696698823814,0.006194353103637695,0.792,0.7800530538302277,0.7836902444300238,0.8260869565217391,0.8553959627329193,0.8115314517019199,port_protocol_service_ablation,39,36,3,ct_src_dport_ltm|ct_dst_sport_ltm|is_sm_ips_ports,ksf-v4-idsplit::
classical_ext,svc,8,matern25_med_x0.3__svc__d8,matern25_med_x0.3,id_val,fixed_c1,1.0,,0.006008625030517578,0.9243027888446215,0.9225826972010178,0.9238191083209533,0.9298892988929889,0.9650763358778626,0.9489103621286582,port_protocol_service_ablation,39,36,3,ct_src_dport_ltm|ct_dst_sport_ltm|is_sm_ips_ports,ksf-v4-idsplit::
classical_ext,svc,8,matern25_med_x0.3__svc__d8,matern25_med_x0.3,id_test,fixed_c1,1.0,,0.006008625030517578,0.9116465863453815,0.9093406593406593,0.9108862571577303,0.9191176470588235,0.9770523594053006,0.9773983762039127,port_protocol_service_ablation,39,36,3,ct_src_dport_ltm|ct_dst_sport_ltm|is_sm_ips_ports,ksf-v4-idsplit::
classical_ext,svc,8,matern25_med_x0.3__svc__d8,matern25_med_x0.3,ood_test,fixed_c1,1.0,,0.006008625030517578,0.792,0.7703804347826086,0.7731872426547561,0.8385093167701864,0.8861930641821946,0.8673565020608607,port_protocol_service_ablation,39,36,3,ct_src_dport_ltm|ct_dst_sport_ltm|is_sm_ips_ports,ksf-v4-idsplit::
classical_ext,svc,8,matern25_med_x0.3__svc__d8,matern25_med_x0.3,id_val,train_cv,1.0,0.8838718709017602,0.003999471664428711,0.9243027888446215,0.9225826972010178,0.9238191083209533,0.9298892988929889,0.9650763358778626,0.9489103621286582,port_protocol_service_ablation,39,36,3,ct_src_dport_ltm|ct_dst_sport_ltm|is_sm_ips_ports,ksf-v4-idsplit::
classical_ext,svc,8,matern25_med_x0.3__svc__d8,matern25_med_x0.3,id_test,train_cv,1.0,0.8838718709017602,0.003999471664428711,0.9116465863453815,0.9093406593406593,0.9108862571577303,0.9191176470588235,0.9770523594053006,0.9773983762039127,port_protocol_service_ablation,39,36,3,ct_src_dport_ltm|ct_dst_sport_ltm|is_sm_ips_ports,ksf-v4-idsplit::
classical_ext,svc,8,matern25_med_x0.3__svc__d8,matern25_med_x0.3,ood_test,train_cv,1.0,0.8838718709017602,0.003999471664428711,0.792,0.7703804347826086,0.7731872426547561,0.8385093167701864,0.8861930641821946,0.8673565020608607,port_protocol_service_ablation,39,36,3,ct_src_dport_ltm|ct_dst_sport_ltm|is_sm_ips_ports,ksf-v4-idsplit::
classical_ext,svc,8,matern25_med_x3__svc__d8,matern25_med_x3,id_val,fixed_c1,1.0,,0.005999326705932617,0.9083665338645418,0.9052162849872774,0.9072118552807111,0.9175627240143369,0.9042620865139949,0.860432605377533,port_protocol_service_ablation,39,36,3,ct_src_dport_ltm|ct_dst_sport_ltm|is_sm_ips_ports,ksf-v4-idsplit::
classical_ext,svc,8,matern25_med_x3__svc__d8,matern25_med_x3,id_test,fixed_c1,1.0,,0.005999326705932617,0.9076305220883534,0.9037168713639302,0.9060793413910163,0.9181494661921709,0.9028442146089205,0.8539009514211136,port_protocol_service_ablation,39,36,3,ct_src_dport_ltm|ct_dst_sport_ltm|is_sm_ips_ports,ksf-v4-idsplit::
classical_ext,svc,8,matern25_med_x3__svc__d8,matern25_med_x3,ood_test,fixed_c1,1.0,,0.005999326705932617,0.754,0.7254464285714286,0.7196581196581197,0.8177777777777778,0.7012810559006212,0.6728728456604839,port_protocol_service_ablation,39,36,3,ct_src_dport_ltm|ct_dst_sport_ltm|is_sm_ips_ports,ksf-v4-idsplit::
classical_ext,svc,8,matern25_med_x3__svc__d8,matern25_med_x3,id_val,train_cv,100.0,0.8796381166126437,0.00798487663269043,0.9282868525896414,0.9256997455470738,0.9275682954982686,0.9347826086956522,0.971882951653944,0.9683959057808793,port_protocol_service_ablation,39,36,3,ct_src_dport_ltm|ct_dst_sport_ltm|is_sm_ips_ports,ksf-v4-idsplit::
classical_ext,svc,8,matern25_med_x3__svc__d8,matern25_med_x3,id_test,train_cv,100.0,0.8796381166126437,0.00798487663269043,0.9236947791164659,0.9201680672268908,0.9225708253547404,0.931899641577061,0.9783451842275371,0.9761422994173078,port_protocol_service_ablation,39,36,3,ct_src_dport_ltm|ct_dst_sport_ltm|is_sm_ips_ports,ksf-v4-idsplit::
classical_ext,svc,8,matern25_med_x3__svc__d8,matern25_med_x3,ood_test,train_cv,100.0,0.8796381166126437,0.00798487663269043,0.782,0.7566964285714286,0.7567822062754654,0.8350983358547656,0.8948628364389234,0.8785419986978837,port_protocol_service_ablation,39,36,3,ct_src_dport_ltm|ct_dst_sport_ltm|is_sm_ips_ports,ksf-v4-idsplit::
classical_ext,svc,8,matern25_med_x10__svc__d8,matern25_med_x10,id_val,fixed_c1,1.0,,0.0062716007232666016,0.7370517928286853,0.7312977099236642,0.7298434442270059,0.773972602739726,0.9180661577608142,0.9296767129460553,port_protocol_service_ablation,39,36,3,ct_src_dport_ltm|ct_dst_sport_ltm|is_sm_ips_ports,ksf-v4-idsplit::
classical_ext,svc,8,matern25_med_x10__svc__d8,matern25_med_x10,id_test,fixed_c1,1.0,,0.0062716007232666016,0.6827309236947792,0.6751777634130576,0.6694005142770709,0.7357859531772575,0.8869424692954104,0.8845255493536784,port_protocol_service_ablation,39,36,3,ct_src_dport_ltm|ct_dst_sport_ltm|is_sm_ips_ports,ksf-v4-idsplit::
classical_ext,svc,8,matern25_med_x10__svc__d8,matern25_med_x10,ood_test,fixed_c1,1.0,,0.0062716007232666016,0.734,0.7035455486542443,0.6928562521072832,0.8052708638360175,0.8313761645962733,0.8180031032504423,port_protocol_service_ablation,39,36,3,ct_src_dport_ltm|ct_dst_sport_ltm|is_sm_ips_ports,ksf-v4-idsplit::
classical_ext,svc,8,matern25_med_x10__svc__d8,matern25_med_x10,id_val,train_cv,100.0,0.8438622725196266,0.008056163787841797,0.900398406374502,0.8979325699745547,0.8994793752503003,0.9090909090909091,0.9262086513994912,0.8945360682310646,port_protocol_service_ablation,39,36,3,ct_src_dport_ltm|ct_dst_sport_ltm|is_sm_ips_ports,ksf-v4-idsplit::
classical_ext,svc,8,matern25_med_x10__svc__d8,matern25_med_x10,id_test,train_cv,100.0,0.8438622725196266,0.008056163787841797,0.8835341365461847,0.8806399482870071,0.8822503057480635,0.8945454545454545,0.9090497737556561,0.8666527229722942,port_protocol_service_ablation,39,36,3,ct_src_dport_ltm|ct_dst_sport_ltm|is_sm_ips_ports,ksf-v4-idsplit::
classical_ext,svc,8,matern25_med_x10__svc__d8,matern25_med_x10,ood_test,train_cv,100.0,0.8438622725196266,0.008056163787841797,0.754,0.7254464285714286,0.7196581196581197,0.8177777777777778,0.8135837215320911,0.789230982960484,port_protocol_service_ablation,39,36,3,ct_src_dport_ltm|ct_dst_sport_ltm|is_sm_ips_ports,ksf-v4-idsplit::
quantum,svc,8,zz_r1_full__as0.5__svc__d8,zz_r1_full__as0.5,id_val,fixed_c1,1.0,,0.006998300552368164,0.9163346613545816,0.9152989821882952,0.915993306239541,0.9213483146067416,0.9496183206106871,0.9145579589102325,port_protocol_service_ablation,39,36,3,ct_src_dport_ltm|ct_dst_sport_ltm|is_sm_ips_ports,ksf-v4-idsplit::
quantum,svc,8,zz_r1_full__as0.5__svc__d8,zz_r1_full__as0.5,id_test,fixed_c1,1.0,,0.006998300552368164,0.9156626506024096,0.9146089204912735,0.9153129808081626,0.9207547169811321,0.9627020038784745,0.9521690311942292,port_protocol_service_ablation,39,36,3,ct_src_dport_ltm|ct_dst_sport_ltm|is_sm_ips_ports,ksf-v4-idsplit::
quantum,svc,8,zz_r1_full__as0.5__svc__d8,zz_r1_full__as0.5,ood_test,fixed_c1,1.0,,0.006998300552368164,0.78,0.7653985507246377,0.7688104245481295,0.819672131147541,0.8608145703933747,0.8381724266669437,port_protocol_service_ablation,39,36,3,ct_src_dport_ltm|ct_dst_sport_ltm|is_sm_ips_ports,ksf-v4-idsplit::
quantum,svc,8,zz_r1_full__as0.5__svc__d8,zz_r1_full__as0.5,id_val,train_cv,1.0,0.8801891173209736,0.006006002426147461,0.9163346613545816,0.9152989821882952,0.915993306239541,0.9213483146067416,0.9496183206106871,0.9145579589102325,port_protocol_service_ablation,39,36,3,ct_src_dport_ltm|ct_dst_sport_ltm|is_sm_ips_ports,ksf-v4-idsplit::
quantum,svc,8,zz_r1_full__as0.5__svc__d8,zz_r1_full__as0.5,id_test,train_cv,1.0,0.8801891173209736,0.006006002426147461,0.9156626506024096,0.9146089204912735,0.9153129808081626,0.9207547169811321,0.9627020038784745,0.9521690311942292,port_protocol_service_ablation,39,36,3,ct_src_dport_ltm|ct_dst_sport_ltm|is_sm_ips_ports,ksf-v4-idsplit::
quantum,svc,8,zz_r1_full__as0.5__svc__d8,zz_r1_full__as0.5,ood_test,train_cv,1.0,0.8801891173209736,0.006006002426147461,0.78,0.7653985507246377,0.7688104245481295,0.819672131147541,0.8608145703933747,0.8381724266669437,port_protocol_service_ablation,39,36,3,ct_src_dport_ltm|ct_dst_sport_ltm|is_sm_ips_ports,ksf-v4-idsplit::
quantum,svc,8,zz_r2_full__as0.5__svc__d8,zz_r2_full__as0.5,id_val,fixed_c1,1.0,,0.00745701789855957,0.896414342629482,0.897264631043257,0.8963732215447154,0.8984375,0.9594147582697201,0.9489870620725593,port_protocol_service_ablation,39,36,3,ct_src_dport_ltm|ct_dst_sport_ltm|is_sm_ips_ports,ksf-v4-idsplit::
quantum,svc,8,zz_r2_full__as0.5__svc__d8,zz_r2_full__as0.5,id_test,fixed_c1,1.0,,0.00745701789855957,0.8875502008032129,0.8876858435681965,0.8874031007751938,0.8914728682170543,0.9576599870717517,0.9467706527059795,port_protocol_service_ablation,39,36,3,ct_src_dport_ltm|ct_dst_sport_ltm|is_sm_ips_ports,ksf-v4-idsplit::
quantum,svc,8,zz_r2_full__as0.5__svc__d8,zz_r2_full__as0.5,ood_test,fixed_c1,1.0,,0.00745701789855957,0.776,0.7689246894409938,0.770983625329211,0.8048780487804879,0.8503655538302277,0.8293652184357705,port_protocol_service_ablation,39,36,3,ct_src_dport_ltm|ct_dst_sport_ltm|is_sm_ips_ports,ksf-v4-idsplit::
quantum,svc,8,zz_r2_full__as0.5__svc__d8,zz_r2_full__as0.5,id_val,train_cv,10.0,0.8556799757602354,0.01115870475769043,0.8924302788844621,0.8930979643765904,0.892368776304296,0.8949416342412452,0.9542620865139948,0.9492311987975866,port_protocol_service_ablation,39,36,3,ct_src_dport_ltm|ct_dst_sport_ltm|is_sm_ips_ports,ksf-v4-idsplit::
quantum,svc,8,zz_r2_full__as0.5__svc__d8,zz_r2_full__as0.5,id_test,train_cv,10.0,0.8556799757602354,0.01115870475769043,0.8835341365461847,0.8845507433742728,0.8835040735661854,0.8853754940711462,0.9235940530058178,0.9102236565758143,port_protocol_service_ablation,39,36,3,ct_src_dport_ltm|ct_dst_sport_ltm|is_sm_ips_ports,ksf-v4-idsplit::
quantum,svc,8,zz_r2_full__as0.5__svc__d8,zz_r2_full__as0.5,ood_test,train_cv,10.0,0.8556799757602354,0.01115870475769043,0.778,0.7741006728778468,0.7748652233702068,0.8014311270125224,0.8221726190476191,0.7749987949908805,port_protocol_service_ablation,39,36,3,ct_src_dport_ltm|ct_dst_sport_ltm|is_sm_ips_ports,ksf-v4-idsplit::
quantum,svc,8,pauli_xz_r1_full__as0.5__svc__d8,pauli_xz_r1_full__as0.5,id_val,fixed_c1,1.0,,0.00685429573059082,0.9243027888446215,0.921533078880407,0.9234817488969114,0.9314079422382672,0.9742366412213741,0.9747069210371135,port_protocol_service_ablation,39,36,3,ct_src_dport_ltm|ct_dst_sport_ltm|is_sm_ips_ports,ksf-v4-idsplit::
quantum,svc,8,pauli_xz_r1_full__as0.5__svc__d8,pauli_xz_r1_full__as0.5,id_test,fixed_c1,1.0,,0.00685429573059082,0.9196787148594378,0.9159663865546219,0.9184141546526867,0.9285714285714286,0.978409825468649,0.9725307118097791,port_protocol_service_ablation,39,36,3,ct_src_dport_ltm|ct_dst_sport_ltm|is_sm_ips_ports,ksf-v4-idsplit::
quantum,svc,8,pauli_xz_r1_full__as0.5__svc__d8,pauli_xz_r1_full__as0.5,ood_test,fixed_c1,1.0,,0.00685429573059082,0.78,0.7544642857142857,0.7541965355118969,0.8338368580060423,0.890430900621118,0.8705991019395902,port_protocol_service_ablation,39,36,3,ct_src_dport_ltm|ct_dst_sport_ltm|is_sm_ips_ports,ksf-v4-idsplit::
quantum,svc,8,pauli_xz_r1_full__as0.5__svc__d8,pauli_xz_r1_full__as0.5,id_val,train_cv,100.0,0.8866277165474568,0.010008573532104492,0.9163346613545816,0.915648854961832,0.9160735610222116,0.9207547169811321,0.9617684478371502,0.9507815321578073,port_protocol_service_ablation,39,36,3,ct_src_dport_ltm|ct_dst_sport_ltm|is_sm_ips_ports,ksf-v4-idsplit::
quantum,svc,8,pauli_xz_r1_full__as0.5__svc__d8,pauli_xz_r1_full__as0.5,id_test,train_cv,100.0,0.8866277165474568,0.010008573532104492,0.927710843373494,0.9272139625080802,0.9275132617414931,0.9312977099236641,0.9816418875242405,0.9816348372705569,port_protocol_service_ablation,39,36,3,ct_src_dport_ltm|ct_dst_sport_ltm|is_sm_ips_ports,ksf-v4-idsplit::
quantum,svc,8,pauli_xz_r1_full__as0.5__svc__d8,pauli_xz_r1_full__as0.5,ood_test,train_cv,100.0,0.8866277165474568,0.010008573532104492,0.832,0.8171260351966874,0.8227878010497713,0.8631921824104235,0.9099055383022775,0.8987599214393138,port_protocol_service_ablation,39,36,3,ct_src_dport_ltm|ct_dst_sport_ltm|is_sm_ips_ports,ksf-v4-idsplit::
quantum,svc,8,zmap_r2__as0.5__svc__d8,zmap_r2__as0.5,id_val,fixed_c1,1.0,,0.00500035285949707,0.9243027888446215,0.921533078880407,0.9234817488969114,0.9314079422382672,0.9625318066157761,0.9567217767303055,port_protocol_service_ablation,39,36,3,ct_src_dport_ltm|ct_dst_sport_ltm|is_sm_ips_ports,ksf-v4-idsplit::
quantum,svc,8,zmap_r2__as0.5__svc__d8,zmap_r2__as0.5,id_test,fixed_c1,1.0,,0.00500035285949707,0.9196787148594378,0.9159663865546219,0.9184141546526867,0.9285714285714286,0.9760827407886231,0.9732502076190372,port_protocol_service_ablation,39,36,3,ct_src_dport_ltm|ct_dst_sport_ltm|is_sm_ips_ports,ksf-v4-idsplit::
quantum,svc,8,zmap_r2__as0.5__svc__d8,zmap_r2__as0.5,ood_test,fixed_c1,1.0,,0.00500035285949707,0.782,0.7566964285714286,0.7567822062754654,0.8350983358547656,0.900200569358178,0.8911363393551871,port_protocol_service_ablation,39,36,3,ct_src_dport_ltm|ct_dst_sport_ltm|is_sm_ips_ports,ksf-v4-idsplit::
quantum,svc,8,zmap_r2__as0.5__svc__d8,zmap_r2__as0.5,id_val,train_cv,10.0,0.886396161994513,0.006000041961669922,0.9203187250996016,0.9187659033078881,0.9198595146871009,0.9259259259259259,0.9636768447837151,0.9502635063842313,port_protocol_service_ablation,39,36,3,ct_src_dport_ltm|ct_dst_sport_ltm|is_sm_ips_ports,ksf-v4-idsplit::
quantum,svc,8,zmap_r2__as0.5__svc__d8,zmap_r2__as0.5,id_test,train_cv,10.0,0.886396161994513,0.006000041961669922,0.927710843373494,0.9265029088558501,0.9273723100855586,0.9323308270676691,0.9813186813186813,0.9820074713658157,port_protocol_service_ablation,39,36,3,ct_src_dport_ltm|ct_dst_sport_ltm|is_sm_ips_ports,ksf-v4-idsplit::
quantum,svc,8,zmap_r2__as0.5__svc__d8,zmap_r2__as0.5,ood_test,train_cv,10.0,0.886396161994513,0.006000041961669922,0.814,0.7957751035196687,0.8007362047317652,0.8521462639109698,0.9069616977225674,0.900915368128093,port_protocol_service_ablation,39,36,3,ct_src_dport_ltm|ct_dst_sport_ltm|is_sm_ips_ports,ksf-v4-idsplit::
quantum,svc,8,zz_r1_full__svc__d8,zz_r1_full,id_val,fixed_c1,1.0,,0.008411407470703125,0.9123505976095617,0.9118320610687023,0.9121148459383753,0.9166666666666666,0.9567430025445293,0.9127920835124118,port_protocol_service_ablation,39,36,3,ct_src_dport_ltm|ct_dst_sport_ltm|is_sm_ips_ports,ksf-v4-idsplit::
quantum,svc,8,zz_r1_full__svc__d8,zz_r1_full,id_test,fixed_c1,1.0,,0.008411407470703125,0.9036144578313253,0.9023594053005818,0.9031630801140783,0.9097744360902256,0.9643180349062702,0.9537958587374039,port_protocol_service_ablation,39,36,3,ct_src_dport_ltm|ct_dst_sport_ltm|is_sm_ips_ports,ksf-v4-idsplit::
quantum,svc,8,zz_r1_full__svc__d8,zz_r1_full,ood_test,fixed_c1,1.0,,0.008411407470703125,0.768,0.755370082815735,0.7583333333333333,0.8066666666666666,0.8523550724637682,0.8343140467951591,port_protocol_service_ablation,39,36,3,ct_src_dport_ltm|ct_dst_sport_ltm|is_sm_ips_ports,ksf-v4-idsplit::
quantum,svc,8,zz_r1_full__svc__d8,zz_r1_full,id_val,train_cv,1.0,0.8755663029418784,0.008000850677490234,0.9123505976095617,0.9118320610687023,0.9121148459383753,0.9166666666666666,0.9567430025445293,0.9127920835124118,port_protocol_service_ablation,39,36,3,ct_src_dport_ltm|ct_dst_sport_ltm|is_sm_ips_ports,ksf-v4-idsplit::
quantum,svc,8,zz_r1_full__svc__d8,zz_r1_full,id_test,train_cv,1.0,0.8755663029418784,0.008000850677490234,0.9036144578313253,0.9023594053005818,0.9031630801140783,0.9097744360902256,0.9643180349062702,0.9537958587374039,port_protocol_service_ablation,39,36,3,ct_src_dport_ltm|ct_dst_sport_ltm|is_sm_ips_ports,ksf-v4-idsplit::
quantum,svc,8,zz_r1_full__svc__d8,zz_r1_full,ood_test,train_cv,1.0,0.8755663029418784,0.008000850677490234,0.768,0.755370082815735,0.7583333333333333,0.8066666666666666,0.8523550724637682,0.8343140467951591,port_protocol_service_ablation,39,36,3,ct_src_dport_ltm|ct_dst_sport_ltm|is_sm_ips_ports,ksf-v4-idsplit::
quantum,svc,8,zz_r2_full__svc__d8,zz_r2_full,id_val,fixed_c1,1.0,,0.007843017578125,0.8725099601593626,0.8747137404580153,0.8724917449834899,0.8709677419354839,0.956615776081425,0.9462734120180967,port_protocol_service_ablation,39,36,3,ct_src_dport_ltm|ct_dst_sport_ltm|is_sm_ips_ports,ksf-v4-idsplit::
quantum,svc,8,zz_r2_full__svc__d8,zz_r2_full,id_test,fixed_c1,1.0,,0.007843017578125,0.8433734939759037,0.8468002585649645,0.8431204665514289,0.8368200836820083,0.9545572074983839,0.9529150358374456,port_protocol_service_ablation,39,36,3,ct_src_dport_ltm|ct_dst_sport_ltm|is_sm_ips_ports,ksf-v4-idsplit::
quantum,svc,8,zz_r2_full__svc__d8,zz_r2_full,ood_test,fixed_c1,1.0,,0.007843017578125,0.752,0.7547554347826086,0.7513275898028269,0.7642585551330798,0.8482466356107659,0.8628548776804046,port_protocol_service_ablation,39,36,3,ct_src_dport_ltm|ct_dst_sport_ltm|is_sm_ips_ports,ksf-v4-idsplit::
quantum,svc,8,zz_r2_full__svc__d8,zz_r2_full,id_val,train_cv,10.0,0.8361314285420981,0.00800013542175293,0.8804780876494024,0.8819974554707379,0.8804761904761904,0.8809523809523809,0.9498091603053436,0.9411958681365012,port_protocol_service_ablation,39,36,3,ct_src_dport_ltm|ct_dst_sport_ltm|is_sm_ips_ports,ksf-v4-idsplit::
quantum,svc,8,zz_r2_full__svc__d8,zz_r2_full,id_test,train_cv,10.0,0.8361314285420981,0.00800013542175293,0.8433734939759037,0.8464447317388494,0.8432116505481376,0.8381742738589212,0.9399482870071105,0.9407452278219668,port_protocol_service_ablation,39,36,3,ct_src_dport_ltm|ct_dst_sport_ltm|is_sm_ips_ports,ksf-v4-idsplit::
quantum,svc,8,zz_r2_full__svc__d8,zz_r2_full,ood_test,train_cv,10.0,0.8361314285420981,0.00800013542175293,0.778,0.7783061594202898,0.7766410843572293,0.7940630797773655,0.8369888716356106,0.8476521742683021,port_protocol_service_ablation,39,36,3,ct_src_dport_ltm|ct_dst_sport_ltm|is_sm_ips_ports,ksf-v4-idsplit::
quantum,svc,8,pauli_xz_r1_full__svc__d8,pauli_xz_r1_full,id_val,fixed_c1,1.0,,0.004999399185180664,0.9163346613545816,0.9145992366412214,0.91580006709158,0.922509225092251,0.9565521628498728,0.939379972033586,port_protocol_service_ablation,39,36,3,ct_src_dport_ltm|ct_dst_sport_ltm|is_sm_ips_ports,ksf-v4-idsplit::
quantum,svc,8,pauli_xz_r1_full__svc__d8,pauli_xz_r1_full,id_test,fixed_c1,1.0,,0.004999399185180664,0.9076305220883534,0.9054945054945055,0.9069037826942146,0.915129151291513,0.9732385261797026,0.9687273159929104,port_protocol_service_ablation,39,36,3,ct_src_dport_ltm|ct_dst_sport_ltm|is_sm_ips_ports,ksf-v4-idsplit::
quantum,svc,8,pauli_xz_r1_full__svc__d8,pauli_xz_r1_full,ood_test,fixed_c1,1.0,,0.004999399185180664,0.788,0.7663366977225673,0.7688254588596553,0.8354037267080745,0.8864518633540373,0.8825512194559291,port_protocol_service_ablation,39,36,3,ct_src_dport_ltm|ct_dst_sport_ltm|is_sm_ips_ports,ksf-v4-idsplit::
quantum,svc,8,pauli_xz_r1_full__svc__d8,pauli_xz_r1_full,id_val,train_cv,1.0,0.8858136184745758,0.005455970764160156,0.9163346613545816,0.9145992366412214,0.91580006709158,0.922509225092251,0.9565521628498728,0.939379972033586,port_protocol_service_ablation,39,36,3,ct_src_dport_ltm|ct_dst_sport_ltm|is_sm_ips_ports,ksf-v4-idsplit::
quantum,svc,8,pauli_xz_r1_full__svc__d8,pauli_xz_r1_full,id_test,train_cv,1.0,0.8858136184745758,0.005455970764160156,0.9076305220883534,0.9054945054945055,0.9069037826942146,0.915129151291513,0.9732385261797026,0.9687273159929104,port_protocol_service_ablation,39,36,3,ct_src_dport_ltm|ct_dst_sport_ltm|is_sm_ips_ports,ksf-v4-idsplit::
quantum,svc,8,pauli_xz_r1_full__svc__d8,pauli_xz_r1_full,ood_test,train_cv,1.0,0.8858136184745758,0.005455970764160156,0.788,0.7663366977225673,0.7688254588596553,0.8354037267080745,0.8864518633540373,0.8825512194559291,port_protocol_service_ablation,39,36,3,ct_src_dport_ltm|ct_dst_sport_ltm|is_sm_ips_ports,ksf-v4-idsplit::
quantum,svc,8,zmap_r2__svc__d8,zmap_r2,id_val,fixed_c1,1.0,,0.004995584487915039,0.9083665338645418,0.9069656488549618,0.9078928474560046,0.9144981412639405,0.9573155216284989,0.9340797775889489,port_protocol_service_ablation,39,36,3,ct_src_dport_ltm|ct_dst_sport_ltm|is_sm_ips_ports,ksf-v4-idsplit::
quantum,svc,8,zmap_r2__svc__d8,zmap_r2,id_test,fixed_c1,1.0,,0.004995584487915039,0.9036144578313253,0.9016483516483516,0.9029239766081871,0.9111111111111111,0.9586296056884291,0.9362891806538587,port_protocol_service_ablation,39,36,3,ct_src_dport_ltm|ct_dst_sport_ltm|is_sm_ips_ports,ksf-v4-idsplit::
quantum,svc,8,zmap_r2__svc__d8,zmap_r2,ood_test,fixed_c1,1.0,,0.004995584487915039,0.788,0.7659161490683231,0.7682391422224555,0.8359133126934984,0.8344332298136646,0.7661043464782111,port_protocol_service_ablation,39,36,3,ct_src_dport_ltm|ct_dst_sport_ltm|is_sm_ips_ports,ksf-v4-idsplit::
quantum,svc,8,zmap_r2__svc__d8,zmap_r2,id_val,train_cv,1.0,0.881880808111916,0.004691600799560547,0.9083665338645418,0.9069656488549618,0.9078928474560046,0.9144981412639405,0.9573155216284989,0.9340797775889489,port_protocol_service_ablation,39,36,3,ct_src_dport_ltm|ct_dst_sport_ltm|is_sm_ips_ports,ksf-v4-idsplit::
quantum,svc,8,zmap_r2__svc__d8,zmap_r2,id_test,train_cv,1.0,0.881880808111916,0.004691600799560547,0.9036144578313253,0.9016483516483516,0.9029239766081871,0.9111111111111111,0.9586296056884291,0.9362891806538587,port_protocol_service_ablation,39,36,3,ct_src_dport_ltm|ct_dst_sport_ltm|is_sm_ips_ports,ksf-v4-idsplit::
quantum,svc,8,zmap_r2__svc__d8,zmap_r2,ood_test,train_cv,1.0,0.881880808111916,0.004691600799560547,0.788,0.7659161490683231,0.7682391422224555,0.8359133126934984,0.8344332298136646,0.7661043464782111,port_protocol_service_ablation,39,36,3,ct_src_dport_ltm|ct_dst_sport_ltm|is_sm_ips_ports,ksf-v4-idsplit::
quantum,svc,8,zz_r1_full__as2__svc__d8,zz_r1_full__as2,id_val,fixed_c1,1.0,,0.00752568244934082,0.8844621513944223,0.8851145038167939,0.8843960930675772,0.8871595330739299,0.9628498727735368,0.9579394621279747,port_protocol_service_ablation,39,36,3,ct_src_dport_ltm|ct_dst_sport_ltm|is_sm_ips_ports,ksf-v4-idsplit::
quantum,svc,8,zz_r1_full__as2__svc__d8,zz_r1_full__as2,id_test,fixed_c1,1.0,,0.00752568244934082,0.9036144578313253,0.903781512605042,0.9034883720930232,0.9069767441860465,0.9649644473173885,0.9598585534364006,port_protocol_service_ablation,39,36,3,ct_src_dport_ltm|ct_dst_sport_ltm|is_sm_ips_ports,ksf-v4-idsplit::
quantum,svc,8,zz_r1_full__as2__svc__d8,zz_r1_full__as2,ood_test,fixed_c1,1.0,,0.00752568244934082,0.774,0.7675336438923396,0.7693491563894366,0.8021015761821366,0.8557841614906833,0.8491333383302119,port_protocol_service_ablation,39,36,3,ct_src_dport_ltm|ct_dst_sport_ltm|is_sm_ips_ports,ksf-v4-idsplit::
quantum,svc,8,zz_r1_full__as2__svc__d8,zz_r1_full__as2,id_val,train_cv,1.0,0.8503899422942185,0.007570981979370117,0.8844621513944223,0.8851145038167939,0.8843960930675772,0.8871595330739299,0.9628498727735368,0.9579394621279747,port_protocol_service_ablation,39,36,3,ct_src_dport_ltm|ct_dst_sport_ltm|is_sm_ips_ports,ksf-v4-idsplit::
quantum,svc,8,zz_r1_full__as2__svc__d8,zz_r1_full__as2,id_test,train_cv,1.0,0.8503899422942185,0.007570981979370117,0.9036144578313253,0.903781512605042,0.9034883720930232,0.9069767441860465,0.9649644473173885,0.9598585534364006,port_protocol_service_ablation,39,36,3,ct_src_dport_ltm|ct_dst_sport_ltm|is_sm_ips_ports,ksf-v4-idsplit::
quantum,svc,8,zz_r1_full__as2__svc__d8,zz_r1_full__as2,ood_test,train_cv,1.0,0.8503899422942185,0.007570981979370117,0.774,0.7675336438923396,0.7693491563894366,0.8021015761821366,0.8557841614906833,0.8491333383302119,port_protocol_service_ablation,39,36,3,ct_src_dport_ltm|ct_dst_sport_ltm|is_sm_ips_ports,ksf-v4-idsplit::
quantum,svc,8,zz_r2_full__as2__svc__d8,zz_r2_full__as2,id_val,fixed_c1,1.0,,0.007824420928955078,0.8446215139442231,0.8500954198473283,0.843418590143481,0.8296943231441049,0.9489185750636132,0.9508012248934645,port_protocol_service_ablation,39,36,3,ct_src_dport_ltm|ct_dst_sport_ltm|is_sm_ips_ports,ksf-v4-idsplit::
quantum,svc,8,zz_r2_full__as2__svc__d8,zz_r2_full__as2,id_test,fixed_c1,1.0,,0.007824420928955078,0.8152610441767069,0.8212992889463477,0.8133798227320125,0.7946428571428571,0.9330963154492566,0.9386408808278761,port_protocol_service_ablation,39,36,3,ct_src_dport_ltm|ct_dst_sport_ltm|is_sm_ips_ports,ksf-v4-idsplit::
quantum,svc,8,zz_r2_full__as2__svc__d8,zz_r2_full__as2,ood_test,fixed_c1,1.0,,0.007824420928955078,0.692,0.7105007763975155,0.6886322463768115,0.65625,0.8108016304347827,0.8327171238367274,port_protocol_service_ablation,39,36,3,ct_src_dport_ltm|ct_dst_sport_ltm|is_sm_ips_ports,ksf-v4-idsplit::
quantum,svc,8,zz_r2_full__as2__svc__d8,zz_r2_full__as2,id_val,train_cv,10.0,0.8008342203495967,0.009654045104980469,0.8446215139442231,0.8490458015267175,0.8439875687305761,0.8340425531914893,0.9397582697201017,0.9410116887529875,port_protocol_service_ablation,39,36,3,ct_src_dport_ltm|ct_dst_sport_ltm|is_sm_ips_ports,ksf-v4-idsplit::
quantum,svc,8,zz_r2_full__as2__svc__d8,zz_r2_full__as2,id_test,train_cv,10.0,0.8008342203495967,0.009654045104980469,0.8232931726907631,0.8289915966386554,0.8217725143154607,0.8053097345132744,0.9260504201680672,0.9293073252733641,port_protocol_service_ablation,39,36,3,ct_src_dport_ltm|ct_dst_sport_ltm|is_sm_ips_ports,ksf-v4-idsplit::
quantum,svc,8,zz_r2_full__as2__svc__d8,zz_r2_full__as2,ood_test,train_cv,10.0,0.8008342203495967,0.009654045104980469,0.676,0.691802536231884,0.6739130434782609,0.6478260869565218,0.7855363612836439,0.8328391116075777,port_protocol_service_ablation,39,36,3,ct_src_dport_ltm|ct_dst_sport_ltm|is_sm_ips_ports,ksf-v4-idsplit::
quantum,svc,8,pauli_xz_r1_full__as2__svc__d8,pauli_xz_r1_full__as2,id_val,fixed_c1,1.0,,0.0067598819732666016,0.9083665338645418,0.9073155216284987,0.9079926687385449,0.9138576779026217,0.9491730279898218,0.9273104426044645,port_protocol_service_ablation,39,36,3,ct_src_dport_ltm|ct_dst_sport_ltm|is_sm_ips_ports,ksf-v4-idsplit::
quantum,svc,8,pauli_xz_r1_full__as2__svc__d8,pauli_xz_r1_full__as2,id_test,fixed_c1,1.0,,0.0067598819732666016,0.9116465863453815,0.9104072398190045,0.911232823437905,0.9172932330827067,0.962120232708468,0.9542555056118683,port_protocol_service_ablation,39,36,3,ct_src_dport_ltm|ct_dst_sport_ltm|is_sm_ips_ports,ksf-v4-idsplit::
quantum,svc,8,pauli_xz_r1_full__as2__svc__d8,pauli_xz_r1_full__as2,ood_test,fixed_c1,1.0,,0.0067598819732666016,0.792,0.7745859213250517,0.7783687943262412,0.8333333333333334,0.8566576086956522,0.8034541616125753,port_protocol_service_ablation,39,36,3,ct_src_dport_ltm|ct_dst_sport_ltm|is_sm_ips_ports,ksf-v4-idsplit::
quantum,svc,8,pauli_xz_r1_full__as2__svc__d8,pauli_xz_r1_full__as2,id_val,train_cv,10.0,0.8765804688963656,0.007999897003173828,0.9043824701195219,0.9041984732824427,0.9041984732824427,0.9083969465648855,0.9353689567430026,0.9151145943236209,port_protocol_service_ablation,39,36,3,ct_src_dport_ltm|ct_dst_sport_ltm|is_sm_ips_ports,ksf-v4-idsplit::
quantum,svc,8,pauli_xz_r1_full__as2__svc__d8,pauli_xz_r1_full__as2,id_test,train_cv,10.0,0.8765804688963656,0.007999897003173828,0.9156626506024096,0.9156755009696186,0.915526405066154,0.918918918918919,0.9569489334195217,0.9542548740439477,port_protocol_service_ablation,39,36,3,ct_src_dport_ltm|ct_dst_sport_ltm|is_sm_ips_ports,ksf-v4-idsplit::
quantum,svc,8,pauli_xz_r1_full__as2__svc__d8,pauli_xz_r1_full__as2,ood_test,train_cv,10.0,0.8765804688963656,0.007999897003173828,0.814,0.8050271739130435,0.8084646277417362,0.841025641025641,0.8399812370600415,0.7745986247080804,port_protocol_service_ablation,39,36,3,ct_src_dport_ltm|ct_dst_sport_ltm|is_sm_ips_ports,ksf-v4-idsplit::
quantum,svc,8,zmap_r2__as2__svc__d8,zmap_r2__as2,id_val,fixed_c1,1.0,,0.005742311477661133,0.9123505976095617,0.9111323155216284,0.91194667687205,0.917910447761194,0.9586513994910941,0.9564529174469862,port_protocol_service_ablation,39,36,3,ct_src_dport_ltm|ct_dst_sport_ltm|is_sm_ips_ports,ksf-v4-idsplit::
quantum,svc,8,zmap_r2__as2__svc__d8,zmap_r2__as2,id_test,fixed_c1,1.0,,0.005742311477661133,0.9076305220883534,0.9058500323206206,0.9070307300206165,0.9144981412639405,0.9689075630252101,0.9719227812835287,port_protocol_service_ablation,39,36,3,ct_src_dport_ltm|ct_dst_sport_ltm|is_sm_ips_ports,ksf-v4-idsplit::
quantum,svc,8,zmap_r2__as2__svc__d8,zmap_r2__as2,ood_test,fixed_c1,1.0,,0.005742311477661133,0.806,0.7893698240165632,0.7939318232997251,0.8438003220611916,0.8756146480331263,0.8392870112941403,port_protocol_service_ablation,39,36,3,ct_src_dport_ltm|ct_dst_sport_ltm|is_sm_ips_ports,ksf-v4-idsplit::
quantum,svc,8,zmap_r2__as2__svc__d8,zmap_r2__as2,id_val,train_cv,10.0,0.8654725470872503,0.008998870849609375,0.9123505976095617,0.9118320610687023,0.9121148459383753,0.9166666666666666,0.9479643765903307,0.945487457351357,port_protocol_service_ablation,39,36,3,ct_src_dport_ltm|ct_dst_sport_ltm|is_sm_ips_ports,ksf-v4-idsplit::
quantum,svc,8,zmap_r2__as2__svc__d8,zmap_r2__as2,id_test,train_cv,10.0,0.8654725470872503,0.008998870849609375,0.9076305220883534,0.9065610859728507,0.90724755040894,0.9132075471698113,0.9545572074983839,0.9510184998121223,port_protocol_service_ablation,39,36,3,ct_src_dport_ltm|ct_dst_sport_ltm|is_sm_ips_ports,ksf-v4-idsplit::
quantum,svc,8,zmap_r2__as2__svc__d8,zmap_r2__as2,ood_test,train_cv,10.0,0.8654725470872503,0.008998870849609375,0.78,0.7704451345755694,0.7732931031640039,0.8122866894197952,0.8381211180124224,0.7816018471144741,port_protocol_service_ablation,39,36,3,ct_src_dport_ltm|ct_dst_sport_ltm|is_sm_ips_ports,ksf-v4-idsplit::
classical_ext,svc,10,linear__svc__d10,linear,id_val,fixed_c1,1.0,,0.004961252212524414,0.8685258964143426,0.8673982188295166,0.8679894812335645,0.8764044943820225,0.9138676844783715,0.841325884239168,port_protocol_service_ablation,39,36,3,ct_src_dport_ltm|ct_dst_sport_ltm|is_sm_ips_ports,ksf-v4-idsplit::
classical_ext,svc,10,linear__svc__d10,linear,id_test,fixed_c1,1.0,,0.004961252212524414,0.8674698795180723,0.8663219133807369,0.866920398412827,0.8754716981132076,0.9005171299288947,0.8153168783734458,port_protocol_service_ablation,39,36,3,ct_src_dport_ltm|ct_dst_sport_ltm|is_sm_ips_ports,ksf-v4-idsplit::
classical_ext,svc,10,linear__svc__d10,linear,ood_test,fixed_c1,1.0,,0.004961252212524414,0.798,0.7749741200828157,0.7777278949291151,0.8448540706605223,0.7417184265010351,0.6969177290501615,port_protocol_service_ablation,39,36,3,ct_src_dport_ltm|ct_dst_sport_ltm|is_sm_ips_ports,ksf-v4-idsplit::
classical_ext,svc,10,linear__svc__d10,linear,id_val,train_cv,100.0,0.8455021779216679,0.015783309936523438,0.8844621513944223,0.8823155216284988,0.8835676695938706,0.8937728937728938,0.9184478371501273,0.8470441551339497,port_protocol_service_ablation,39,36,3,ct_src_dport_ltm|ct_dst_sport_ltm|is_sm_ips_ports,ksf-v4-idsplit::
classical_ext,svc,10,linear__svc__d10,linear,id_test,train_cv,100.0,0.8455021779216679,0.015783309936523438,0.891566265060241,0.8883322559793148,0.8901775650554584,0.9025270758122743,0.9032320620555915,0.8205177225287767,port_protocol_service_ablation,39,36,3,ct_src_dport_ltm|ct_dst_sport_ltm|is_sm_ips_ports,ksf-v4-idsplit::
classical_ext,svc,10,linear__svc__d10,linear,ood_test,train_cv,100.0,0.8455021779216679,0.015783309936523438,0.778,0.7522321428571428,0.7516011654604777,0.832579185520362,0.7303150879917184,0.6863755634340817,port_protocol_service_ablation,39,36,3,ct_src_dport_ltm|ct_dst_sport_ltm|is_sm_ips_ports,ksf-v4-idsplit::
classical_ext,svc,10,rbf_gscale__svc__d10,rbf_gscale,id_val,fixed_c1,1.0,,0.00639653205871582,0.9203187250996016,0.9177162849872773,0.9195203283314095,0.927536231884058,0.960941475826972,0.9511236560700979,port_protocol_service_ablation,39,36,3,ct_src_dport_ltm|ct_dst_sport_ltm|is_sm_ips_ports,ksf-v4-idsplit::
classical_ext,svc,10,rbf_gscale__svc__d10,rbf_gscale,id_test,fixed_c1,1.0,,0.00639653205871582,0.9156626506024096,0.9117647058823529,0.9142463551831018,0.9252669039145908,0.9734324499030381,0.9582809980561725,port_protocol_service_ablation,39,36,3,ct_src_dport_ltm|ct_dst_sport_ltm|is_sm_ips_ports,ksf-v4-idsplit::
classical_ext,svc,10,rbf_gscale__svc__d10,rbf_gscale,ood_test,fixed_c1,1.0,,0.00639653205871582,0.78,0.7544642857142857,0.7541965355118969,0.8338368580060423,0.8950245859213252,0.8822496290430946,port_protocol_service_ablation,39,36,3,ct_src_dport_ltm|ct_dst_sport_ltm|is_sm_ips_ports,ksf-v4-idsplit::
classical_ext,svc,10,rbf_gscale__svc__d10,rbf_gscale,id_val,train_cv,10.0,0.8815282472173674,0.008154630661010742,0.9123505976095617,0.9111323155216284,0.91194667687205,0.917910447761194,0.9651399491094148,0.9567661875684751,port_protocol_service_ablation,39,36,3,ct_src_dport_ltm|ct_dst_sport_ltm|is_sm_ips_ports,ksf-v4-idsplit::
classical_ext,svc,10,rbf_gscale__svc__d10,rbf_gscale,id_test,train_cv,10.0,0.8815282472173674,0.008154630661010742,0.9357429718875502,0.9341952165481577,0.9353666450356911,0.9402985074626866,0.979185520361991,0.975472333749187,port_protocol_service_ablation,39,36,3,ct_src_dport_ltm|ct_dst_sport_ltm|is_sm_ips_ports,ksf-v4-idsplit::
classical_ext,svc,10,rbf_gscale__svc__d10,rbf_gscale,ood_test,train_cv,10.0,0.8815282472173674,0.008154630661010742,0.834,0.8151526915113871,0.8213601594414384,0.8688783570300158,0.9057485766045548,0.8911629693355394,port_protocol_service_ablation,39,36,3,ct_src_dport_ltm|ct_dst_sport_ltm|is_sm_ips_ports,ksf-v4-idsplit::
classical_ext,svc,10,poly2__svc__d10,poly2,id_val,fixed_c1,1.0,,0.00500035285949707,0.9123505976095617,0.9090330788804071,0.9111647361647361,0.9214285714285714,0.9071882951653945,0.8547316245323622,port_protocol_service_ablation,39,36,3,ct_src_dport_ltm|ct_dst_sport_ltm|is_sm_ips_ports,ksf-v4-idsplit::
classical_ext,svc,10,poly2__svc__d10,poly2,id_test,fixed_c1,1.0,,0.00500035285949707,0.9116465863453815,0.907563025210084,0.9100669818754925,0.9219858156028369,0.9019392372333549,0.8376954055394992,port_protocol_service_ablation,39,36,3,ct_src_dport_ltm|ct_dst_sport_ltm|is_sm_ips_ports,ksf-v4-idsplit::
classical_ext,svc,10,poly2__svc__d10,poly2,ood_test,fixed_c1,1.0,,0.00500035285949707,0.754,0.7254464285714286,0.7196581196581197,0.8177777777777778,0.7332427536231884,0.6999789761264347,port_protocol_service_ablation,39,36,3,ct_src_dport_ltm|ct_dst_sport_ltm|is_sm_ips_ports,ksf-v4-idsplit::
classical_ext,svc,10,poly2__svc__d10,poly2,id_val,train_cv,100.0,0.8807090243398547,0.008890390396118164,0.9203187250996016,0.9177162849872773,0.9195203283314095,0.927536231884058,0.9617684478371502,0.9553270030727118,port_protocol_service_ablation,39,36,3,ct_src_dport_ltm|ct_dst_sport_ltm|is_sm_ips_ports,ksf-v4-idsplit::
classical_ext,svc,10,poly2__svc__d10,poly2,id_test,train_cv,100.0,0.8807090243398547,0.008890390396118164,0.9196787148594378,0.9159663865546219,0.9184141546526867,0.9285714285714286,0.9782805429864254,0.9701224130022476,port_protocol_service_ablation,39,36,3,ct_src_dport_ltm|ct_dst_sport_ltm|is_sm_ips_ports,ksf-v4-idsplit::
classical_ext,svc,10,poly2__svc__d10,poly2,ood_test,train_cv,100.0,0.8807090243398547,0.008890390396118164,0.78,0.7544642857142857,0.7541965355118969,0.8338368580060423,0.9073013716356108,0.8960810560521882,port_protocol_service_ablation,39,36,3,ct_src_dport_ltm|ct_dst_sport_ltm|is_sm_ips_ports,ksf-v4-idsplit::
classical_ext,svc,10,poly3__svc__d10,poly3,id_val,fixed_c1,1.0,,0.006308317184448242,0.9123505976095617,0.9090330788804071,0.9111647361647361,0.9214285714285714,0.9296437659033079,0.9065767750619672,port_protocol_service_ablation,39,36,3,ct_src_dport_ltm|ct_dst_sport_ltm|is_sm_ips_ports,ksf-v4-idsplit::
classical_ext,svc,10,poly3__svc__d10,poly3,id_test,fixed_c1,1.0,,0.006308317184448242,0.9116465863453815,0.907563025210084,0.9100669818754925,0.9219858156028369,0.9156431803490628,0.8757410691662224,port_protocol_service_ablation,39,36,3,ct_src_dport_ltm|ct_dst_sport_ltm|is_sm_ips_ports,ksf-v4-idsplit::
classical_ext,svc,10,poly3__svc__d10,poly3,ood_test,fixed_c1,1.0,,0.006308317184448242,0.754,0.7254464285714286,0.7196581196581197,0.8177777777777778,0.7931385869565217,0.7793200989085864,port_protocol_service_ablation,39,36,3,ct_src_dport_ltm|ct_dst_sport_ltm|is_sm_ips_ports,ksf-v4-idsplit::
classical_ext,svc,10,poly3__svc__d10,poly3,id_val,train_cv,100.0,0.8792976980564559,0.007997512817382812,0.9243027888446215,0.9222328244274809,0.9237167490442599,0.9304029304029304,0.9607506361323155,0.9529468604055342,port_protocol_service_ablation,39,36,3,ct_src_dport_ltm|ct_dst_sport_ltm|is_sm_ips_ports,ksf-v4-idsplit::
classical_ext,svc,10,poly3__svc__d10,poly3,id_test,train_cv,100.0,0.8792976980564559,0.007997512817382812,0.9477911646586346,0.9453781512605042,0.9473015873015873,0.9523809523809523,0.9778280542986426,0.9691621433017705,port_protocol_service_ablation,39,36,3,ct_src_dport_ltm|ct_dst_sport_ltm|is_sm_ips_ports,ksf-v4-idsplit::
classical_ext,svc,10,poly3__svc__d10,poly3,ood_test,train_cv,100.0,0.8792976980564559,0.007997512817382812,0.804,0.7816705486542443,0.7851781705948373,0.8487654320987654,0.917378364389234,0.9120586612163093,port_protocol_service_ablation,39,36,3,ct_src_dport_ltm|ct_dst_sport_ltm|is_sm_ips_ports,ksf-v4-idsplit::
classical_ext,svc,10,laplacian_med__svc__d10,laplacian_med,id_val,fixed_c1,1.0,,0.004999876022338867,0.9243027888446215,0.921533078880407,0.9234817488969114,0.9314079422382672,0.9605597964376591,0.9478494323777042,port_protocol_service_ablation,39,36,3,ct_src_dport_ltm|ct_dst_sport_ltm|is_sm_ips_ports,ksf-v4-idsplit::
classical_ext,svc,10,laplacian_med__svc__d10,laplacian_med,id_test,fixed_c1,1.0,,0.004999876022338867,0.9196787148594378,0.9159663865546219,0.9184141546526867,0.9285714285714286,0.9800258564964448,0.9787568688387076,port_protocol_service_ablation,39,36,3,ct_src_dport_ltm|ct_dst_sport_ltm|is_sm_ips_ports,ksf-v4-idsplit::
classical_ext,svc,10,laplacian_med__svc__d10,laplacian_med,ood_test,fixed_c1,1.0,,0.004999876022338867,0.78,0.7544642857142857,0.7541965355118969,0.8338368580060423,0.8844299948240165,0.8598317098454415,port_protocol_service_ablation,39,36,3,ct_src_dport_ltm|ct_dst_sport_ltm|is_sm_ips_ports,ksf-v4-idsplit::
classical_ext,svc,10,laplacian_med__svc__d10,laplacian_med,id_val,train_cv,10.0,0.8960266804226368,0.006971836090087891,0.9203187250996016,0.9194656488549618,0.9200331336816618,0.924812030075188,0.9723282442748092,0.9724909024991509,port_protocol_service_ablation,39,36,3,ct_src_dport_ltm|ct_dst_sport_ltm|is_sm_ips_ports,ksf-v4-idsplit::
classical_ext,svc,10,laplacian_med__svc__d10,laplacian_med,id_test,train_cv,10.0,0.8960266804226368,0.006971836090087891,0.9317269076305221,0.9321266968325792,0.9316563604953421,0.933852140077821,0.9775694893341952,0.9782606087159692,port_protocol_service_ablation,39,36,3,ct_src_dport_ltm|ct_dst_sport_ltm|is_sm_ips_ports,ksf-v4-idsplit::
classical_ext,svc,10,laplacian_med__svc__d10,laplacian_med,ood_test,train_cv,10.0,0.8960266804226368,0.006971836090087891,0.812,0.8027950310559007,0.8062686517946942,0.8395904436860068,0.8855622412008282,0.8662318636473848,port_protocol_service_ablation,39,36,3,ct_src_dport_ltm|ct_dst_sport_ltm|is_sm_ips_ports,ksf-v4-idsplit::
classical_ext,svc,10,matern15_med__svc__d10,matern15_med,id_val,fixed_c1,1.0,,0.004271984100341797,0.9203187250996016,0.9177162849872773,0.9195203283314095,0.927536231884058,0.9645038167938931,0.9610015685545747,port_protocol_service_ablation,39,36,3,ct_src_dport_ltm|ct_dst_sport_ltm|is_sm_ips_ports,ksf-v4-idsplit::
classical_ext,svc,10,matern15_med__svc__d10,matern15_med,id_test,fixed_c1,1.0,,0.004271984100341797,0.9156626506024096,0.9117647058823529,0.9142463551831018,0.9252669039145908,0.9716871363930188,0.9603282870451585,port_protocol_service_ablation,39,36,3,ct_src_dport_ltm|ct_dst_sport_ltm|is_sm_ips_ports,ksf-v4-idsplit::
classical_ext,svc,10,matern15_med__svc__d10,matern15_med,ood_test,fixed_c1,1.0,,0.004271984100341797,0.78,0.7544642857142857,0.7541965355118969,0.8338368580060423,0.899505046583851,0.8841313882163975,port_protocol_service_ablation,39,36,3,ct_src_dport_ltm|ct_dst_sport_ltm|is_sm_ips_ports,ksf-v4-idsplit::
classical_ext,svc,10,matern15_med__svc__d10,matern15_med,id_val,train_cv,10.0,0.880367875960159,0.0062978267669677734,0.9123505976095617,0.9111323155216284,0.91194667687205,0.917910447761194,0.9760178117048346,0.9757669679600476,port_protocol_service_ablation,39,36,3,ct_src_dport_ltm|ct_dst_sport_ltm|is_sm_ips_ports,ksf-v4-idsplit::
classical_ext,svc,10,matern15_med__svc__d10,matern15_med,id_test,train_cv,10.0,0.880367875960159,0.0062978267669677734,0.927710843373494,0.9265029088558501,0.9273723100855586,0.9323308270676691,0.9819650937297996,0.9822521918999741,port_protocol_service_ablation,39,36,3,ct_src_dport_ltm|ct_dst_sport_ltm|is_sm_ips_ports,ksf-v4-idsplit::
classical_ext,svc,10,matern15_med__svc__d10,matern15_med,ood_test,train_cv,10.0,0.880367875960159,0.0062978267669677734,0.832,0.8133410973084886,0.8194138690148596,0.8670886075949367,0.888958980331263,0.8686804486807603,port_protocol_service_ablation,39,36,3,ct_src_dport_ltm|ct_dst_sport_ltm|is_sm_ips_ports,ksf-v4-idsplit::
classical_ext,svc,10,matern25_med__svc__d10,matern25_med,id_val,fixed_c1,1.0,,0.005997896194458008,0.9203187250996016,0.9177162849872773,0.9195203283314095,0.927536231884058,0.9565521628498728,0.9489723780189283,port_protocol_service_ablation,39,36,3,ct_src_dport_ltm|ct_dst_sport_ltm|is_sm_ips_ports,ksf-v4-idsplit::
classical_ext,svc,10,matern25_med__svc__d10,matern25_med,id_test,fixed_c1,1.0,,0.005997896194458008,0.9156626506024096,0.9117647058823529,0.9142463551831018,0.9252669039145908,0.970458952811894,0.955998819590117,port_protocol_service_ablation,39,36,3,ct_src_dport_ltm|ct_dst_sport_ltm|is_sm_ips_ports,ksf-v4-idsplit::
classical_ext,svc,10,matern25_med__svc__d10,matern25_med,ood_test,fixed_c1,1.0,,0.005997896194458008,0.774,0.7477678571428572,0.746380877567052,0.8300751879699249,0.8806288819875776,0.8582495645322831,port_protocol_service_ablation,39,36,3,ct_src_dport_ltm|ct_dst_sport_ltm|is_sm_ips_ports,ksf-v4-idsplit::
classical_ext,svc,10,matern25_med__svc__d10,matern25_med,id_val,train_cv,10.0,0.8809284365544375,0.006021022796630859,0.9203187250996016,0.9184160305343512,0.9197570332480818,0.9264705882352942,0.9660941475826972,0.9579727833791735,port_protocol_service_ablation,39,36,3,ct_src_dport_ltm|ct_dst_sport_ltm|is_sm_ips_ports,ksf-v4-idsplit::
classical_ext,svc,10,matern25_med__svc__d10,matern25_med,id_test,train_cv,10.0,0.8809284365544375,0.006021022796630859,0.9397590361445783,0.9376858435681965,0.93928507567014,0.9446494464944649,0.9806076276664512,0.978913970850238,port_protocol_service_ablation,39,36,3,ct_src_dport_ltm|ct_dst_sport_ltm|is_sm_ips_ports,ksf-v4-idsplit::
classical_ext,svc,10,matern25_med__svc__d10,matern25_med,ood_test,train_cv,10.0,0.8809284365544375,0.006021022796630859,0.812,0.7905991200828157,0.7949961616302603,0.8540372670807453,0.9098246635610765,0.8981624591213391,port_protocol_service_ablation,39,36,3,ct_src_dport_ltm|ct_dst_sport_ltm|is_sm_ips_ports,ksf-v4-idsplit::
classical_ext,svc,10,rbf_gscale_x0.1__svc__d10,rbf_gscale_x0.1,id_val,fixed_c1,1.0,,0.005828857421875,0.9083665338645418,0.9055661577608143,0.9073726434015243,0.9169675090252708,0.9054707379134861,0.8467037747938718,port_protocol_service_ablation,39,36,3,ct_src_dport_ltm|ct_dst_sport_ltm|is_sm_ips_ports,ksf-v4-idsplit::
classical_ext,svc,10,rbf_gscale_x0.1__svc__d10,rbf_gscale_x0.1,id_test,fixed_c1,1.0,,0.005828857421875,0.8995983935742972,0.8960245636716224,0.8981195070457112,0.910394265232975,0.9061409179056238,0.8585612198432917,port_protocol_service_ablation,39,36,3,ct_src_dport_ltm|ct_dst_sport_ltm|is_sm_ips_ports,ksf-v4-idsplit::
classical_ext,svc,10,rbf_gscale_x0.1__svc__d10,rbf_gscale_x0.1,ood_test,fixed_c1,1.0,,0.005828857421875,0.754,0.7254464285714286,0.7196581196581197,0.8177777777777778,0.6990650879917185,0.6668095158259243,port_protocol_service_ablation,39,36,3,ct_src_dport_ltm|ct_dst_sport_ltm|is_sm_ips_ports,ksf-v4-idsplit::
classical_ext,svc,10,rbf_gscale_x0.1__svc__d10,rbf_gscale_x0.1,id_val,train_cv,100.0,0.8796180424561593,0.009008169174194336,0.9203187250996016,0.9177162849872773,0.9195203283314095,0.927536231884058,0.9607506361323155,0.9517401482792732,port_protocol_service_ablation,39,36,3,ct_src_dport_ltm|ct_dst_sport_ltm|is_sm_ips_ports,ksf-v4-idsplit::
classical_ext,svc,10,rbf_gscale_x0.1__svc__d10,rbf_gscale_x0.1,id_test,train_cv,100.0,0.8796180424561593,0.009008169174194336,0.9196787148594378,0.9159663865546219,0.9184141546526867,0.9285714285714286,0.9813186813186814,0.9746109470266673,port_protocol_service_ablation,39,36,3,ct_src_dport_ltm|ct_dst_sport_ltm|is_sm_ips_ports,ksf-v4-idsplit::
classical_ext,svc,10,rbf_gscale_x0.1__svc__d10,rbf_gscale_x0.1,ood_test,train_cv,100.0,0.8796180424561593,0.009008169174194336,0.782,0.7566964285714286,0.7567822062754654,0.8350983358547656,0.9235086697722568,0.9144655423548282,port_protocol_service_ablation,39,36,3,ct_src_dport_ltm|ct_dst_sport_ltm|is_sm_ips_ports,ksf-v4-idsplit::
classical_ext,svc,10,rbf_gscale_x0.3__svc__d10,rbf_gscale_x0.3,id_val,fixed_c1,1.0,,0.006039142608642578,0.9123505976095617,0.9090330788804071,0.9111647361647361,0.9214285714285714,0.9390585241730279,0.9199861766042094,port_protocol_service_ablation,39,36,3,ct_src_dport_ltm|ct_dst_sport_ltm|is_sm_ips_ports,ksf-v4-idsplit::
classical_ext,svc,10,rbf_gscale_x0.3__svc__d10,rbf_gscale_x0.3,id_test,fixed_c1,1.0,,0.006039142608642578,0.9116465863453815,0.907563025210084,0.9100669818754925,0.9219858156028369,0.9297349709114414,0.8920372988047359,port_protocol_service_ablation,39,36,3,ct_src_dport_ltm|ct_dst_sport_ltm|is_sm_ips_ports,ksf-v4-idsplit::
classical_ext,svc,10,rbf_gscale_x0.3__svc__d10,rbf_gscale_x0.3,ood_test,fixed_c1,1.0,,0.006039142608642578,0.754,0.7254464285714286,0.7196581196581197,0.8177777777777778,0.7574243012422359,0.7119622189378825,port_protocol_service_ablation,39,36,3,ct_src_dport_ltm|ct_dst_sport_ltm|is_sm_ips_ports,ksf-v4-idsplit::
classical_ext,svc,10,rbf_gscale_x0.3__svc__d10,rbf_gscale_x0.3,id_val,train_cv,100.0,0.8824404704618771,0.01000070571899414,0.9043824701195219,0.9031488549618321,0.9039418293149637,0.9104477611940298,0.9659033078880408,0.95648492131009,port_protocol_service_ablation,39,36,3,ct_src_dport_ltm|ct_dst_sport_ltm|is_sm_ips_ports,ksf-v4-idsplit::
classical_ext,svc,10,rbf_gscale_x0.3__svc__d10,rbf_gscale_x0.3,id_test,train_cv,100.0,0.8824404704618771,0.01000070571899414,0.9397590361445783,0.9380413703943116,0.9393678674047499,0.9442379182156134,0.9823529411764707,0.9781810774117522,port_protocol_service_ablation,39,36,3,ct_src_dport_ltm|ct_dst_sport_ltm|is_sm_ips_ports,ksf-v4-idsplit::
classical_ext,svc,10,rbf_gscale_x0.3__svc__d10,rbf_gscale_x0.3,ood_test,train_cv,100.0,0.8824404704618771,0.01000070571899414,0.84,0.8218491200828157,0.8283998283998284,0.873015873015873,0.9157285196687371,0.9104358347714667,port_protocol_service_ablation,39,36,3,ct_src_dport_ltm|ct_dst_sport_ltm|is_sm_ips_ports,ksf-v4-idsplit::
classical_ext,svc,10,rbf_gscale_x3__svc__d10,rbf_gscale_x3,id_val,fixed_c1,1.0,,0.004999876022338867,0.9203187250996016,0.9184160305343512,0.9197570332480818,0.9264705882352942,0.9706106870229008,0.9666912370199616,port_protocol_service_ablation,39,36,3,ct_src_dport_ltm|ct_dst_sport_ltm|is_sm_ips_ports,ksf-v4-idsplit::
classical_ext,svc,10,rbf_gscale_x3__svc__d10,rbf_gscale_x3,id_test,fixed_c1,1.0,,0.004999876022338867,0.927710843373494,0.9250808015513898,0.9269747132429613,0.9343065693430657,0.9787976729153199,0.9752019642093732,port_protocol_service_ablation,39,36,3,ct_src_dport_ltm|ct_dst_sport_ltm|is_sm_ips_ports,ksf-v4-idsplit::
classical_ext,svc,10,rbf_gscale_x3__svc__d10,rbf_gscale_x3,ood_test,fixed_c1,1.0,,0.004999876022338867,0.804,0.7816705486542443,0.7851781705948373,0.8487654320987654,0.8808229813664595,0.8463740728846114,port_protocol_service_ablation,39,36,3,ct_src_dport_ltm|ct_dst_sport_ltm|is_sm_ips_ports,ksf-v4-idsplit::
classical_ext,svc,10,rbf_gscale_x3__svc__d10,rbf_gscale_x3,id_val,train_cv,10.0,0.8815009149259975,0.0062601566314697266,0.9043824701195219,0.903498727735369,0.9040397604179942,0.9097744360902256,0.9631043256997456,0.9536835751261932,port_protocol_service_ablation,39,36,3,ct_src_dport_ltm|ct_dst_sport_ltm|is_sm_ips_ports,ksf-v4-idsplit::
classical_ext,svc,10,rbf_gscale_x3__svc__d10,rbf_gscale_x3,id_test,train_cv,10.0,0.8815009149259975,0.0062601566314697266,0.9156626506024096,0.9156755009696186,0.915526405066154,0.918918918918919,0.977246283128636,0.9794091683967293,port_protocol_service_ablation,39,36,3,ct_src_dport_ltm|ct_dst_sport_ltm|is_sm_ips_ports,ksf-v4-idsplit::
classical_ext,svc,10,rbf_gscale_x3__svc__d10,rbf_gscale_x3,ood_test,train_cv,10.0,0.8815009149259975,0.0062601566314697266,0.832,0.8204904244306419,0.8252882743473269,0.8595317725752508,0.891207298136646,0.8598766259598528,port_protocol_service_ablation,39,36,3,ct_src_dport_ltm|ct_dst_sport_ltm|is_sm_ips_ports,ksf-v4-idsplit::
classical_ext,svc,10,rbf_gscale_x10__svc__d10,rbf_gscale_x10,id_val,fixed_c1,1.0,,0.007005929946899414,0.9123505976095617,0.9118320610687023,0.9121148459383753,0.9166666666666666,0.9628498727735368,0.9579887269289941,port_protocol_service_ablation,39,36,3,ct_src_dport_ltm|ct_dst_sport_ltm|is_sm_ips_ports,ksf-v4-idsplit::
classical_ext,svc,10,rbf_gscale_x10__svc__d10,rbf_gscale_x10,id_test,fixed_c1,1.0,,0.007005929946899414,0.9156626506024096,0.9153199741435036,0.9154663174741743,0.9195402298850575,0.9747899159663866,0.9776353721371259,port_protocol_service_ablation,39,36,3,ct_src_dport_ltm|ct_dst_sport_ltm|is_sm_ips_ports,ksf-v4-idsplit::
classical_ext,svc,10,rbf_gscale_x10__svc__d10,rbf_gscale_x10,ood_test,fixed_c1,1.0,,0.007005929946899414,0.792,0.7825763457556936,0.7856589339005128,0.8225255972696246,0.8644377587991718,0.8277949330808557,port_protocol_service_ablation,39,36,3,ct_src_dport_ltm|ct_dst_sport_ltm|is_sm_ips_ports,ksf-v4-idsplit::
classical_ext,svc,10,rbf_gscale_x10__svc__d10,rbf_gscale_x10,id_val,train_cv,100.0,0.8802651312463269,0.013000249862670898,0.9203187250996016,0.9201653944020356,0.9201653944020356,0.9236641221374046,0.9318066157760813,0.9339829498584297,port_protocol_service_ablation,39,36,3,ct_src_dport_ltm|ct_dst_sport_ltm|is_sm_ips_ports,ksf-v4-idsplit::
classical_ext,svc,10,rbf_gscale_x10__svc__d10,rbf_gscale_x10,id_test,train_cv,100.0,0.8802651312463269,0.013000249862670898,0.9116465863453815,0.912540400775695,0.911610946172712,0.9133858267716536,0.9531997414350356,0.9609088006159716,port_protocol_service_ablation,39,36,3,ct_src_dport_ltm|ct_dst_sport_ltm|is_sm_ips_ports,ksf-v4-idsplit::
classical_ext,svc,10,rbf_gscale_x10__svc__d10,rbf_gscale_x10,ood_test,train_cv,100.0,0.8802651312463269,0.013000249862670898,0.746,0.7459562629399585,0.7444452046249381,0.764378478664193,0.7976028726708073,0.756919675258602,port_protocol_service_ablation,39,36,3,ct_src_dport_ltm|ct_dst_sport_ltm|is_sm_ips_ports,ksf-v4-idsplit::
classical_ext,svc,10,laplacian_med_x0.1__svc__d10,laplacian_med_x0.1,id_val,fixed_c1,1.0,,0.008935928344726562,0.900398406374502,0.9007315521628498,0.9002971225193448,0.9034749034749034,0.9648854961832061,0.9689554865489527,port_protocol_service_ablation,39,36,3,ct_src_dport_ltm|ct_dst_sport_ltm|is_sm_ips_ports,ksf-v4-idsplit::
classical_ext,svc,10,laplacian_med_x0.1__svc__d10,laplacian_med_x0.1,id_test,fixed_c1,1.0,,0.008935928344726562,0.9076305220883534,0.9076276664511959,0.9074813007867402,0.9111969111969112,0.9725921137685845,0.9720741359592191,port_protocol_service_ablation,39,36,3,ct_src_dport_ltm|ct_dst_sport_ltm|is_sm_ips_ports,ksf-v4-idsplit::
classical_ext,svc,10,laplacian_med_x0.1__svc__d10,laplacian_med_x0.1,ood_test,fixed_c1,1.0,,0.008935928344726562,0.786,0.7784032091097308,0.7808014880915799,0.8145580589254766,0.8734957298136645,0.8951231903473884,port_protocol_service_ablation,39,36,3,ct_src_dport_ltm|ct_dst_sport_ltm|is_sm_ips_ports,ksf-v4-idsplit::
classical_ext,svc,10,laplacian_med_x0.1__svc__d10,laplacian_med_x0.1,id_val,train_cv,10.0,0.8729456270258616,0.009013175964355469,0.9043824701195219,0.9048982188295165,0.9043080442241708,0.9069767441860465,0.9723918575063614,0.9766355461972518,port_protocol_service_ablation,39,36,3,ct_src_dport_ltm|ct_dst_sport_ltm|is_sm_ips_ports,ksf-v4-idsplit::
classical_ext,svc,10,laplacian_med_x0.1__svc__d10,laplacian_med_x0.1,id_test,train_cv,10.0,0.8729456270258616,0.009013175964355469,0.9036144578313253,0.9041370394311571,0.9035382231404958,0.90625,0.9753070458952812,0.9759839634777309,port_protocol_service_ablation,39,36,3,ct_src_dport_ltm|ct_dst_sport_ltm|is_sm_ips_ports,ksf-v4-idsplit::
classical_ext,svc,10,laplacian_med_x0.1__svc__d10,laplacian_med_x0.1,ood_test,train_cv,10.0,0.8729456270258616,0.009013175964355469,0.782,0.7794060559006211,0.7795227172510326,0.8028933092224232,0.8740456780538302,0.8813686776506635,port_protocol_service_ablation,39,36,3,ct_src_dport_ltm|ct_dst_sport_ltm|is_sm_ips_ports,ksf-v4-idsplit::
classical_ext,svc,10,laplacian_med_x0.3__svc__d10,laplacian_med_x0.3,id_val,fixed_c1,1.0,,0.006000041961669922,0.9043824701195219,0.9027989821882951,0.903831417624521,0.9111111111111111,0.9729007633587787,0.9726644525075203,port_protocol_service_ablation,39,36,3,ct_src_dport_ltm|ct_dst_sport_ltm|is_sm_ips_ports,ksf-v4-idsplit::
classical_ext,svc,10,laplacian_med_x0.3__svc__d10,laplacian_med_x0.3,id_test,fixed_c1,1.0,,0.006000041961669922,0.9236947791164659,0.9219457013574661,0.9231992987126832,0.929368029739777,0.9806722689075631,0.9808493246217943,port_protocol_service_ablation,39,36,3,ct_src_dport_ltm|ct_dst_sport_ltm|is_sm_ips_ports,ksf-v4-idsplit::
classical_ext,svc,10,laplacian_med_x0.3__svc__d10,laplacian_med_x0.3,ood_test,fixed_c1,1.0,,0.006000041961669922,0.81,0.7946752070393375,0.7993876042656531,0.8455284552845529,0.8809685559006212,0.8552663653272929,port_protocol_service_ablation,39,36,3,ct_src_dport_ltm|ct_dst_sport_ltm|is_sm_ips_ports,ksf-v4-idsplit::
classical_ext,svc,10,laplacian_med_x0.3__svc__d10,laplacian_med_x0.3,id_val,train_cv,10.0,0.89061158247551,0.00690913200378418,0.9203187250996016,0.9198155216284987,0.920104405398523,0.9242424242424242,0.9736641221374046,0.9765586984508772,port_protocol_service_ablation,39,36,3,ct_src_dport_ltm|ct_dst_sport_ltm|is_sm_ips_ports,ksf-v4-idsplit::
classical_ext,svc,10,laplacian_med_x0.3__svc__d10,laplacian_med_x0.3,id_test,train_cv,10.0,0.89061158247551,0.00690913200378418,0.9236947791164659,0.9240788623141565,0.9236159323183235,0.9260700389105059,0.9832579185520363,0.984733904503483,port_protocol_service_ablation,39,36,3,ct_src_dport_ltm|ct_dst_sport_ltm|is_sm_ips_ports,ksf-v4-idsplit::
classical_ext,svc,10,laplacian_med_x0.3__svc__d10,laplacian_med_x0.3,ood_test,train_cv,10.0,0.89061158247551,0.00690913200378418,0.796,0.7891433747412009,0.7914315159248172,0.8222996515679443,0.8791407867494824,0.8670412192537926,port_protocol_service_ablation,39,36,3,ct_src_dport_ltm|ct_dst_sport_ltm|is_sm_ips_ports,ksf-v4-idsplit::
classical_ext,svc,10,laplacian_med_x3__svc__d10,laplacian_med_x3,id_val,fixed_c1,1.0,,0.00553131103515625,0.9243027888446215,0.921533078880407,0.9234817488969114,0.9314079422382672,0.9437659033078881,0.9263237877840166,port_protocol_service_ablation,39,36,3,ct_src_dport_ltm|ct_dst_sport_ltm|is_sm_ips_ports,ksf-v4-idsplit::
classical_ext,svc,10,laplacian_med_x3__svc__d10,laplacian_med_x3,id_test,fixed_c1,1.0,,0.00553131103515625,0.9156626506024096,0.9117647058823529,0.9142463551831018,0.9252669039145908,0.9626373626373627,0.9437785826954721,port_protocol_service_ablation,39,36,3,ct_src_dport_ltm|ct_dst_sport_ltm|is_sm_ips_ports,ksf-v4-idsplit::
classical_ext,svc,10,laplacian_med_x3__svc__d10,laplacian_med_x3,ood_test,fixed_c1,1.0,,0.00553131103515625,0.772,0.7455357142857143,0.7437557317796839,0.8288288288288288,0.8388328157349896,0.7887838394218604,port_protocol_service_ablation,39,36,3,ct_src_dport_ltm|ct_dst_sport_ltm|is_sm_ips_ports,ksf-v4-idsplit::
classical_ext,svc,10,laplacian_med_x3__svc__d10,laplacian_med_x3,id_val,train_cv,10.0,0.8921120354472871,0.00527191162109375,0.9123505976095617,0.9107824427480916,0.911845466155811,0.9185185185185185,0.9599236641221374,0.954422496773122,port_protocol_service_ablation,39,36,3,ct_src_dport_ltm|ct_dst_sport_ltm|is_sm_ips_ports,ksf-v4-idsplit::
classical_ext,svc,10,laplacian_med_x3__svc__d10,laplacian_med_x3,id_test,train_cv,10.0,0.8921120354472871,0.00527191162109375,0.9236947791164659,0.9223012281835812,0.9232939345298896,0.9288389513108615,0.9826761473820298,0.9826727826811423,port_protocol_service_ablation,39,36,3,ct_src_dport_ltm|ct_dst_sport_ltm|is_sm_ips_ports,ksf-v4-idsplit::
classical_ext,svc,10,laplacian_med_x3__svc__d10,laplacian_med_x3,ood_test,train_cv,10.0,0.8921120354472871,0.00527191162109375,0.82,0.8041537267080745,0.8093834188989986,0.8543689320388349,0.8956392339544514,0.8798722443728039,port_protocol_service_ablation,39,36,3,ct_src_dport_ltm|ct_dst_sport_ltm|is_sm_ips_ports,ksf-v4-idsplit::
classical_ext,svc,10,laplacian_med_x10__svc__d10,laplacian_med_x10,id_val,fixed_c1,1.0,,0.005001068115234375,0.9123505976095617,0.9090330788804071,0.9111647361647361,0.9214285714285714,0.9486641221374046,0.9305235876618287,port_protocol_service_ablation,39,36,3,ct_src_dport_ltm|ct_dst_sport_ltm|is_sm_ips_ports,ksf-v4-idsplit::
classical_ext,svc,10,laplacian_med_x10__svc__d10,laplacian_med_x10,id_test,fixed_c1,1.0,,0.005001068115234375,0.9116465863453815,0.907563025210084,0.9100669818754925,0.9219858156028369,0.936005171299289,0.8804087461083718,port_protocol_service_ablation,39,36,3,ct_src_dport_ltm|ct_dst_sport_ltm|is_sm_ips_ports,ksf-v4-idsplit::
classical_ext,svc,10,laplacian_med_x10__svc__d10,laplacian_med_x10,ood_test,fixed_c1,1.0,,0.005001068115234375,0.754,0.7254464285714286,0.7196581196581197,0.8177777777777778,0.8001908643892339,0.7282592196287725,port_protocol_service_ablation,39,36,3,ct_src_dport_ltm|ct_dst_sport_ltm|is_sm_ips_ports,ksf-v4-idsplit::
classical_ext,svc,10,laplacian_med_x10__svc__d10,laplacian_med_x10,id_val,train_cv,100.0,0.8972391739103655,0.005999326705932617,0.9163346613545816,0.9149491094147583,0.915902165068526,0.9219330855018587,0.9610050890585241,0.9611635764838417,port_protocol_service_ablation,39,36,3,ct_src_dport_ltm|ct_dst_sport_ltm|is_sm_ips_ports,ksf-v4-idsplit::
classical_ext,svc,10,laplacian_med_x10__svc__d10,laplacian_med_x10,id_test,train_cv,100.0,0.8972391739103655,0.005999326705932617,0.9156626506024096,0.9156755009696186,0.915526405066154,0.918918918918919,0.9806076276664512,0.980124114425744,port_protocol_service_ablation,39,36,3,ct_src_dport_ltm|ct_dst_sport_ltm|is_sm_ips_ports,ksf-v4-idsplit::
classical_ext,svc,10,laplacian_med_x10__svc__d10,laplacian_med_x10,ood_test,train_cv,100.0,0.8972391739103655,0.005999326705932617,0.814,0.8041860766045549,0.8079139454475606,0.8421052631578947,0.8905603002070394,0.8796419172371202,port_protocol_service_ablation,39,36,3,ct_src_dport_ltm|ct_dst_sport_ltm|is_sm_ips_ports,ksf-v4-idsplit::
classical_ext,svc,10,matern15_med_x0.1__svc__d10,matern15_med_x0.1,id_val,fixed_c1,1.0,,0.005990743637084961,0.896414342629482,0.897264631043257,0.8963732215447154,0.8984375,0.9594147582697202,0.9673398302037538,port_protocol_service_ablation,39,36,3,ct_src_dport_ltm|ct_dst_sport_ltm|is_sm_ips_ports,ksf-v4-idsplit::
classical_ext,svc,10,matern15_med_x0.1__svc__d10,matern15_med_x0.1,id_test,fixed_c1,1.0,,0.005990743637084961,0.8995983935742972,0.8999353587588882,0.8994946477872677,0.9027237354085603,0.9676793794440852,0.9663706562344316,port_protocol_service_ablation,39,36,3,ct_src_dport_ltm|ct_dst_sport_ltm|is_sm_ips_ports,ksf-v4-idsplit::
classical_ext,svc,10,matern15_med_x0.1__svc__d10,matern15_med_x0.1,ood_test,fixed_c1,1.0,,0.005990743637084961,0.796,0.7899844720496894,0.791921664626683,0.8210526315789474,0.8665566770186336,0.8872254118183416,port_protocol_service_ablation,39,36,3,ct_src_dport_ltm|ct_dst_sport_ltm|is_sm_ips_ports,ksf-v4-idsplit::
classical_ext,svc,10,matern15_med_x0.1__svc__d10,matern15_med_x0.1,id_val,train_cv,10.0,0.8709330865727873,0.009999513626098633,0.8884462151394422,0.8892811704834606,0.888401930894309,0.890625,0.9659669211195929,0.9676632206579823,port_protocol_service_ablation,39,36,3,ct_src_dport_ltm|ct_dst_sport_ltm|is_sm_ips_ports,ksf-v4-idsplit::
classical_ext,svc,10,matern15_med_x0.1__svc__d10,matern15_med_x0.1,id_test,train_cv,10.0,0.8709330865727873,0.009999513626098633,0.8835341365461847,0.8849062702003878,0.8835266222559156,0.8844621513944223,0.9559793148028441,0.9538848590241682,port_protocol_service_ablation,39,36,3,ct_src_dport_ltm|ct_dst_sport_ltm|is_sm_ips_ports,ksf-v4-idsplit::
classical_ext,svc,10,matern15_med_x0.1__svc__d10,matern15_med_x0.1,ood_test,train_cv,10.0,0.8709330865727873,0.009999513626098633,0.804,0.8001746894409938,0.8011363636363635,0.825,0.8685785455486543,0.8722057674850942,port_protocol_service_ablation,39,36,3,ct_src_dport_ltm|ct_dst_sport_ltm|is_sm_ips_ports,ksf-v4-idsplit::
classical_ext,svc,10,matern15_med_x0.3__svc__d10,matern15_med_x0.3,id_val,fixed_c1,1.0,,0.004997730255126953,0.9123505976095617,0.9111323155216284,0.91194667687205,0.917910447761194,0.9710559796437659,0.9682463065056938,port_protocol_service_ablation,39,36,3,ct_src_dport_ltm|ct_dst_sport_ltm|is_sm_ips_ports,ksf-v4-idsplit::
classical_ext,svc,10,matern15_med_x0.3__svc__d10,matern15_med_x0.3,id_test,fixed_c1,1.0,,0.004997730255126953,0.927710843373494,0.9265029088558501,0.9273723100855586,0.9323308270676691,0.9794440853264382,0.9804885284878149,port_protocol_service_ablation,39,36,3,ct_src_dport_ltm|ct_dst_sport_ltm|is_sm_ips_ports,ksf-v4-idsplit::
classical_ext,svc,10,matern15_med_x0.3__svc__d10,matern15_med_x0.3,ood_test,fixed_c1,1.0,,0.004997730255126953,0.802,0.7849055383022774,0.7892460116404324,0.841091492776886,0.8803862577639752,0.8593443477118405,port_protocol_service_ablation,39,36,3,ct_src_dport_ltm|ct_dst_sport_ltm|is_sm_ips_ports,ksf-v4-idsplit::
classical_ext,svc,10,matern15_med_x0.3__svc__d10,matern15_med_x0.3,id_val,train_cv,100.0,0.8803901957274368,0.007998943328857422,0.9163346613545816,0.915998727735369,0.9161429912340711,0.9201520912547528,0.9659669211195928,0.9648035431440205,port_protocol_service_ablation,39,36,3,ct_src_dport_ltm|ct_dst_sport_ltm|is_sm_ips_ports,ksf-v4-idsplit::
classical_ext,svc,10,matern15_med_x0.3__svc__d10,matern15_med_x0.3,id_test,train_cv,100.0,0.8803901957274368,0.007998943328857422,0.9236947791164659,0.9240788623141565,0.9236159323183235,0.9260700389105059,0.9532643826761473,0.9576453341806181,port_protocol_service_ablation,39,36,3,ct_src_dport_ltm|ct_dst_sport_ltm|is_sm_ips_ports,ksf-v4-idsplit::
classical_ext,svc,10,matern15_med_x0.3__svc__d10,matern15_med_x0.3,ood_test,train_cv,100.0,0.8803901957274368,0.007998943328857422,0.79,0.786231884057971,0.787034670755601,0.8121645796064401,0.851174301242236,0.8248647938398868,port_protocol_service_ablation,39,36,3,ct_src_dport_ltm|ct_dst_sport_ltm|is_sm_ips_ports,ksf-v4-idsplit::
classical_ext,svc,10,matern15_med_x3__svc__d10,matern15_med_x3,id_val,fixed_c1,1.0,,0.004999637603759766,0.9123505976095617,0.9090330788804071,0.9111647361647361,0.9214285714285714,0.9248727735368957,0.9041710458301083,port_protocol_service_ablation,39,36,3,ct_src_dport_ltm|ct_dst_sport_ltm|is_sm_ips_ports,ksf-v4-idsplit::
classical_ext,svc,10,matern15_med_x3__svc__d10,matern15_med_x3,id_test,fixed_c1,1.0,,0.004999637603759766,0.9116465863453815,0.907563025210084,0.9100669818754925,0.9219858156028369,0.9135746606334841,0.8794881152672223,port_protocol_service_ablation,39,36,3,ct_src_dport_ltm|ct_dst_sport_ltm|is_sm_ips_ports,ksf-v4-idsplit::
classical_ext,svc,10,matern15_med_x3__svc__d10,matern15_med_x3,ood_test,fixed_c1,1.0,,0.004999637603759766,0.754,0.7254464285714286,0.7196581196581197,0.8177777777777778,0.7778856107660455,0.7699443896797712,port_protocol_service_ablation,39,36,3,ct_src_dport_ltm|ct_dst_sport_ltm|is_sm_ips_ports,ksf-v4-idsplit::
classical_ext,svc,10,matern15_med_x3__svc__d10,matern15_med_x3,id_val,train_cv,100.0,0.8817792022435575,0.006382942199707031,0.9203187250996016,0.9187659033078881,0.9198595146871009,0.9259259259259259,0.9627226463104326,0.9599242063475815,port_protocol_service_ablation,39,36,3,ct_src_dport_ltm|ct_dst_sport_ltm|is_sm_ips_ports,ksf-v4-idsplit::
classical_ext,svc,10,matern15_med_x3__svc__d10,matern15_med_x3,id_test,train_cv,100.0,0.8817792022435575,0.006382942199707031,0.9397590361445783,0.9380413703943116,0.9393678674047499,0.9442379182156134,0.9847446670976083,0.9850876884262633,port_protocol_service_ablation,39,36,3,ct_src_dport_ltm|ct_dst_sport_ltm|is_sm_ips_ports,ksf-v4-idsplit::
classical_ext,svc,10,matern15_med_x3__svc__d10,matern15_med_x3,ood_test,train_cv,100.0,0.8817792022435575,0.006382942199707031,0.824,0.803991977225673,0.8094875214326538,0.8620689655172413,0.908498317805383,0.8961417413885645,port_protocol_service_ablation,39,36,3,ct_src_dport_ltm|ct_dst_sport_ltm|is_sm_ips_ports,ksf-v4-idsplit::
classical_ext,svc,10,matern15_med_x10__svc__d10,matern15_med_x10,id_val,fixed_c1,1.0,,0.006257772445678711,0.8764940239043825,0.8746819338422391,0.8757048609447133,0.8856088560885609,0.9539440203562342,0.9519362167256904,port_protocol_service_ablation,39,36,3,ct_src_dport_ltm|ct_dst_sport_ltm|is_sm_ips_ports,ksf-v4-idsplit::
classical_ext,svc,10,matern15_med_x10__svc__d10,matern15_med_x10,id_test,fixed_c1,1.0,,0.006257772445678711,0.8835341365461847,0.8806399482870071,0.8822503057480635,0.8945454545454545,0.936005171299289,0.90758806396558,port_protocol_service_ablation,39,36,3,ct_src_dport_ltm|ct_dst_sport_ltm|is_sm_ips_ports,ksf-v4-idsplit::
classical_ext,svc,10,matern15_med_x10__svc__d10,matern15_med_x10,ood_test,fixed_c1,1.0,,0.006257772445678711,0.752,0.72363483436853,0.7178278203564472,0.8160237388724035,0.8659096790890269,0.8470902351992446,port_protocol_service_ablation,39,36,3,ct_src_dport_ltm|ct_dst_sport_ltm|is_sm_ips_ports,ksf-v4-idsplit::
classical_ext,svc,10,matern15_med_x10__svc__d10,matern15_med_x10,id_val,train_cv,100.0,0.8759948376615878,0.006996631622314453,0.9123505976095617,0.9090330788804071,0.9111647361647361,0.9214285714285714,0.9454834605597964,0.9277847209822025,port_protocol_service_ablation,39,36,3,ct_src_dport_ltm|ct_dst_sport_ltm|is_sm_ips_ports,ksf-v4-idsplit::
classical_ext,svc,10,matern15_med_x10__svc__d10,matern15_med_x10,id_test,train_cv,100.0,0.8759948376615878,0.006996631622314453,0.9116465863453815,0.907563025210084,0.9100669818754925,0.9219858156028369,0.9424692954104719,0.9113386850145705,port_protocol_service_ablation,39,36,3,ct_src_dport_ltm|ct_dst_sport_ltm|is_sm_ips_ports,ksf-v4-idsplit::
classical_ext,svc,10,matern15_med_x10__svc__d10,matern15_med_x10,ood_test,train_cv,100.0,0.8759948376615878,0.006996631622314453,0.754,0.7254464285714286,0.7196581196581197,0.8177777777777778,0.7784193840579711,0.7299451218295405,port_protocol_service_ablation,39,36,3,ct_src_dport_ltm|ct_dst_sport_ltm|is_sm_ips_ports,ksf-v4-idsplit::
classical_ext,svc,10,matern25_med_x0.1__svc__d10,matern25_med_x0.1,id_val,fixed_c1,1.0,,0.007998943328857422,0.896414342629482,0.897264631043257,0.8963732215447154,0.8984375,0.9591603053435114,0.9681915974628903,port_protocol_service_ablation,39,36,3,ct_src_dport_ltm|ct_dst_sport_ltm|is_sm_ips_ports,ksf-v4-idsplit::
classical_ext,svc,10,matern25_med_x0.1__svc__d10,matern25_med_x0.1,id_test,fixed_c1,1.0,,0.007998943328857422,0.8955823293172691,0.8960892049127342,0.8954997417355373,0.8984375,0.9663219133807369,0.9647092523803629,port_protocol_service_ablation,39,36,3,ct_src_dport_ltm|ct_dst_sport_ltm|is_sm_ips_ports,ksf-v4-idsplit::
classical_ext,svc,10,matern25_med_x0.1__svc__d10,matern25_med_x0.1,ood_test,fixed_c1,1.0,,0.007998943328857422,0.796,0.7899844720496894,0.791921664626683,0.8210526315789474,0.861623317805383,0.8670020585737189,port_protocol_service_ablation,39,36,3,ct_src_dport_ltm|ct_dst_sport_ltm|is_sm_ips_ports,ksf-v4-idsplit::
classical_ext,svc,10,matern25_med_x0.1__svc__d10,matern25_med_x0.1,id_val,train_cv,10.0,0.8656490039753727,0.008170604705810547,0.8844621513944223,0.8854643765903307,0.8844328014606653,0.8862745098039215,0.9608142493638676,0.9625641516196797,port_protocol_service_ablation,39,36,3,ct_src_dport_ltm|ct_dst_sport_ltm|is_sm_ips_ports,ksf-v4-idsplit::
classical_ext,svc,10,matern25_med_x0.1__svc__d10,matern25_med_x0.1,id_test,train_cv,10.0,0.8656490039753727,0.008170604705810547,0.8875502008032129,0.8887524240465416,0.8875338753387534,0.8888888888888888,0.946218487394958,0.9413360142738908,port_protocol_service_ablation,39,36,3,ct_src_dport_ltm|ct_dst_sport_ltm|is_sm_ips_ports,ksf-v4-idsplit::
classical_ext,svc,10,matern25_med_x0.1__svc__d10,matern25_med_x0.1,ood_test,train_cv,10.0,0.8656490039753727,0.008170604705810547,0.8,0.796972049689441,0.7974593298334305,0.8201438848920863,0.8556709368530021,0.8415531910333278,port_protocol_service_ablation,39,36,3,ct_src_dport_ltm|ct_dst_sport_ltm|is_sm_ips_ports,ksf-v4-idsplit::
classical_ext,svc,10,matern25_med_x0.3__svc__d10,matern25_med_x0.3,id_val,fixed_c1,1.0,,0.004737138748168945,0.9083665338645418,0.9073155216284987,0.9079926687385449,0.9138576779026217,0.9706106870229008,0.9672231149421531,port_protocol_service_ablation,39,36,3,ct_src_dport_ltm|ct_dst_sport_ltm|is_sm_ips_ports,ksf-v4-idsplit::
classical_ext,svc,10,matern25_med_x0.3__svc__d10,matern25_med_x0.3,id_test,fixed_c1,1.0,,0.004737138748168945,0.9196787148594378,0.9184550743374273,0.9193025667617319,0.924812030075188,0.9804137039431158,0.9818028621053865,port_protocol_service_ablation,39,36,3,ct_src_dport_ltm|ct_dst_sport_ltm|is_sm_ips_ports,ksf-v4-idsplit::
classical_ext,svc,10,matern25_med_x0.3__svc__d10,matern25_med_x0.3,ood_test,fixed_c1,1.0,,0.004737138748168945,0.806,0.7876876293995859,0.7921657189137766,0.8457869634340223,0.876261645962733,0.8504610132239367,port_protocol_service_ablation,39,36,3,ct_src_dport_ltm|ct_dst_sport_ltm|is_sm_ips_ports,ksf-v4-idsplit::
classical_ext,svc,10,matern25_med_x0.3__svc__d10,matern25_med_x0.3,id_val,train_cv,10.0,0.8791093795313216,0.008613109588623047,0.9243027888446215,0.9239821882951653,0.9241293730213023,0.9277566539923955,0.958969465648855,0.9540820990566478,port_protocol_service_ablation,39,36,3,ct_src_dport_ltm|ct_dst_sport_ltm|is_sm_ips_ports,ksf-v4-idsplit::
classical_ext,svc,10,matern25_med_x0.3__svc__d10,matern25_med_x0.3,id_test,train_cv,10.0,0.8791093795313216,0.008613109588623047,0.9317269076305221,0.9314156431803491,0.9315679712886173,0.9348659003831418,0.976147382029735,0.9803569502483839,port_protocol_service_ablation,39,36,3,ct_src_dport_ltm|ct_dst_sport_ltm|is_sm_ips_ports,ksf-v4-idsplit::
classical_ext,svc,10,matern25_med_x0.3__svc__d10,matern25_med_x0.3,ood_test,train_cv,10.0,0.8791093795313216,0.008613109588623047,0.798,0.791796066252588,0.7938430512861336,0.8231173380035026,0.8752749741200827,0.8485155201335923,port_protocol_service_ablation,39,36,3,ct_src_dport_ltm|ct_dst_sport_ltm|is_sm_ips_ports,ksf-v4-idsplit::
classical_ext,svc,10,matern25_med_x3__svc__d10,matern25_med_x3,id_val,fixed_c1,1.0,,0.004999399185180664,0.8844621513944223,0.8826653944020356,0.8837239021740867,0.8929889298892989,0.9017175572519084,0.8545625219247857,port_protocol_service_ablation,39,36,3,ct_src_dport_ltm|ct_dst_sport_ltm|is_sm_ips_ports,ksf-v4-idsplit::
classical_ext,svc,10,matern25_med_x3__svc__d10,matern25_med_x3,id_test,fixed_c1,1.0,,0.004999399185180664,0.8634538152610441,0.8614091790562379,0.8624756335282651,0.8740740740740741,0.902650290885585,0.8524634985738739,port_protocol_service_ablation,39,36,3,ct_src_dport_ltm|ct_dst_sport_ltm|is_sm_ips_ports,ksf-v4-idsplit::
classical_ext,svc,10,matern25_med_x3__svc__d10,matern25_med_x3,ood_test,fixed_c1,1.0,,0.004999399185180664,0.756,0.7276785714285714,0.7223789845442464,0.8189910979228486,0.6929347826086957,0.6613277180530315,port_protocol_service_ablation,39,36,3,ct_src_dport_ltm|ct_dst_sport_ltm|is_sm_ips_ports,ksf-v4-idsplit::
classical_ext,svc,10,matern25_med_x3__svc__d10,matern25_med_x3,id_val,train_cv,100.0,0.8816906369578774,0.007002830505371094,0.9203187250996016,0.9177162849872773,0.9195203283314095,0.927536231884058,0.9610050890585242,0.9538949330905074,port_protocol_service_ablation,39,36,3,ct_src_dport_ltm|ct_dst_sport_ltm|is_sm_ips_ports,ksf-v4-idsplit::
classical_ext,svc,10,matern25_med_x3__svc__d10,matern25_med_x3,id_test,train_cv,100.0,0.8816906369578774,0.007002830505371094,0.9196787148594378,0.9159663865546219,0.9184141546526867,0.9285714285714286,0.9760180995475113,0.9656161594363188,port_protocol_service_ablation,39,36,3,ct_src_dport_ltm|ct_dst_sport_ltm|is_sm_ips_ports,ksf-v4-idsplit::
classical_ext,svc,10,matern25_med_x3__svc__d10,matern25_med_x3,ood_test,train_cv,100.0,0.8816906369578774,0.007002830505371094,0.782,0.7566964285714286,0.7567822062754654,0.8350983358547656,0.9224734730848861,0.9154062348496115,port_protocol_service_ablation,39,36,3,ct_src_dport_ltm|ct_dst_sport_ltm|is_sm_ips_ports,ksf-v4-idsplit::
classical_ext,svc,10,matern25_med_x10__svc__d10,matern25_med_x10,id_val,fixed_c1,1.0,,0.006872892379760742,0.749003984063745,0.7437977099236641,0.7431161362639505,0.7820069204152249,0.9192748091603054,0.9318909861522482,port_protocol_service_ablation,39,36,3,ct_src_dport_ltm|ct_dst_sport_ltm|is_sm_ips_ports,ksf-v4-idsplit::
classical_ext,svc,10,matern25_med_x10__svc__d10,matern25_med_x10,id_test,fixed_c1,1.0,,0.006872892379760742,0.7228915662650602,0.7171945701357466,0.715551067035314,0.7612456747404844,0.8965093729799611,0.8956795047111111,port_protocol_service_ablation,39,36,3,ct_src_dport_ltm|ct_dst_sport_ltm|is_sm_ips_ports,ksf-v4-idsplit::
classical_ext,svc,10,matern25_med_x10__svc__d10,matern25_med_x10,ood_test,fixed_c1,1.0,,0.006872892379760742,0.756,0.7280991200828157,0.7232505807200929,0.8184523809523809,0.8457395186335404,0.8440552608871787,port_protocol_service_ablation,39,36,3,ct_src_dport_ltm|ct_dst_sport_ltm|is_sm_ips_ports,ksf-v4-idsplit::
classical_ext,svc,10,matern25_med_x10__svc__d10,matern25_med_x10,id_val,train_cv,100.0,0.8490383893581146,0.008045196533203125,0.9043824701195219,0.9017493638676846,0.9034243939976914,0.9130434782608695,0.9251272264631043,0.8861935777189451,port_protocol_service_ablation,39,36,3,ct_src_dport_ltm|ct_dst_sport_ltm|is_sm_ips_ports,ksf-v4-idsplit::
classical_ext,svc,10,matern25_med_x10__svc__d10,matern25_med_x10,id_test,train_cv,100.0,0.8490383893581146,0.008045196533203125,0.8755020080321285,0.8729476405946994,0.8743345543345543,0.8864468864468864,0.9147382029734971,0.8843577577072369,port_protocol_service_ablation,39,36,3,ct_src_dport_ltm|ct_dst_sport_ltm|is_sm_ips_ports,ksf-v4-idsplit::
classical_ext,svc,10,matern25_med_x10__svc__d10,matern25_med_x10,ood_test,train_cv,100.0,0.8490383893581146,0.008045196533203125,0.754,0.7254464285714286,0.7196581196581197,0.8177777777777778,0.7493691770186335,0.7206036306793637,port_protocol_service_ablation,39,36,3,ct_src_dport_ltm|ct_dst_sport_ltm|is_sm_ips_ports,ksf-v4-idsplit::
quantum,svc,10,zz_r1_full__as0.5__svc__d10,zz_r1_full__as0.5,id_val,fixed_c1,1.0,,0.008968830108642578,0.9163346613545816,0.9163486005089059,0.9162016502122383,0.9195402298850575,0.9642493638676843,0.9704477245851808,port_protocol_service_ablation,39,36,3,ct_src_dport_ltm|ct_dst_sport_ltm|is_sm_ips_ports,ksf-v4-idsplit::
quantum,svc,10,zz_r1_full__as0.5__svc__d10,zz_r1_full__as0.5,id_test,fixed_c1,1.0,,0.008968830108642578,0.9236947791164659,0.9226567550096962,0.9233784112073853,0.9283018867924528,0.9679379444085326,0.9641332238764204,port_protocol_service_ablation,39,36,3,ct_src_dport_ltm|ct_dst_sport_ltm|is_sm_ips_ports,ksf-v4-idsplit::
quantum,svc,10,zz_r1_full__as0.5__svc__d10,zz_r1_full__as0.5,ood_test,fixed_c1,1.0,,0.008968830108642578,0.782,0.7718361801242236,0.7748668822987537,0.8149405772495756,0.8668316511387162,0.8675303307688036,port_protocol_service_ablation,39,36,3,ct_src_dport_ltm|ct_dst_sport_ltm|is_sm_ips_ports,ksf-v4-idsplit::
quantum,svc,10,zz_r1_full__as0.5__svc__d10,zz_r1_full__as0.5,id_val,train_cv,1.0,0.8753646631327168,0.008057117462158203,0.9163346613545816,0.9163486005089059,0.9162016502122383,0.9195402298850575,0.9642493638676843,0.9704477245851808,port_protocol_service_ablation,39,36,3,ct_src_dport_ltm|ct_dst_sport_ltm|is_sm_ips_ports,ksf-v4-idsplit::
quantum,svc,10,zz_r1_full__as0.5__svc__d10,zz_r1_full__as0.5,id_test,train_cv,1.0,0.8753646631327168,0.008057117462158203,0.9236947791164659,0.9226567550096962,0.9233784112073853,0.9283018867924528,0.9679379444085326,0.9641332238764204,port_protocol_service_ablation,39,36,3,ct_src_dport_ltm|ct_dst_sport_ltm|is_sm_ips_ports,ksf-v4-idsplit::
quantum,svc,10,zz_r1_full__as0.5__svc__d10,zz_r1_full__as0.5,ood_test,train_cv,1.0,0.8753646631327168,0.008057117462158203,0.782,0.7718361801242236,0.7748668822987537,0.8149405772495756,0.8668316511387162,0.8675303307688036,port_protocol_service_ablation,39,36,3,ct_src_dport_ltm|ct_dst_sport_ltm|is_sm_ips_ports,ksf-v4-idsplit::
quantum,svc,10,zz_r2_full__as0.5__svc__d10,zz_r2_full__as0.5,id_val,fixed_c1,1.0,,0.007999420166015625,0.8725099601593626,0.8754134860050891,0.8724107256322278,0.8688524590163934,0.9610050890585241,0.9633264676473742,port_protocol_service_ablation,39,36,3,ct_src_dport_ltm|ct_dst_sport_ltm|is_sm_ips_ports,ksf-v4-idsplit::
quantum,svc,10,zz_r2_full__as0.5__svc__d10,zz_r2_full__as0.5,id_test,fixed_c1,1.0,,0.007999420166015625,0.8353413654618473,0.8391079508726568,0.8349580484019594,0.8270042194092827,0.9576599870717518,0.9572486962585142,port_protocol_service_ablation,39,36,3,ct_src_dport_ltm|ct_dst_sport_ltm|is_sm_ips_ports,ksf-v4-idsplit::
quantum,svc,10,zz_r2_full__as0.5__svc__d10,zz_r2_full__as0.5,ood_test,fixed_c1,1.0,,0.007999420166015625,0.782,0.7857142857142857,0.7815377338448156,0.7915869980879541,0.8632569875776397,0.8921727559368505,port_protocol_service_ablation,39,36,3,ct_src_dport_ltm|ct_dst_sport_ltm|is_sm_ips_ports,ksf-v4-idsplit::
quantum,svc,10,zz_r2_full__as0.5__svc__d10,zz_r2_full__as0.5,id_val,train_cv,100.0,0.8389704500075709,0.011002779006958008,0.8725099601593626,0.875763358778626,0.8723458359821996,0.8677685950413223,0.9565521628498728,0.9528098181527691,port_protocol_service_ablation,39,36,3,ct_src_dport_ltm|ct_dst_sport_ltm|is_sm_ips_ports,ksf-v4-idsplit::
quantum,svc,10,zz_r2_full__as0.5__svc__d10,zz_r2_full__as0.5,id_test,train_cv,100.0,0.8389704500075709,0.011002779006958008,0.8554216867469879,0.8586942469295411,0.8552325581395348,0.85,0.9418875242404654,0.9454289172719309,port_protocol_service_ablation,39,36,3,ct_src_dport_ltm|ct_dst_sport_ltm|is_sm_ips_ports,ksf-v4-idsplit::
quantum,svc,10,zz_r2_full__as0.5__svc__d10,zz_r2_full__as0.5,ood_test,train_cv,100.0,0.8389704500075709,0.011002779006958008,0.806,0.8087150621118013,0.8053451811895216,0.8166351606805293,0.8628202639751552,0.8898599184270533,port_protocol_service_ablation,39,36,3,ct_src_dport_ltm|ct_dst_sport_ltm|is_sm_ips_ports,ksf-v4-idsplit::
quantum,svc,10,pauli_xz_r1_full__as0.5__svc__d10,pauli_xz_r1_full__as0.5,id_val,fixed_c1,1.0,,0.006380319595336914,0.9203187250996016,0.9177162849872773,0.9195203283314095,0.927536231884058,0.9649491094147583,0.9563009675990707,port_protocol_service_ablation,39,36,3,ct_src_dport_ltm|ct_dst_sport_ltm|is_sm_ips_ports,ksf-v4-idsplit::
quantum,svc,10,pauli_xz_r1_full__as0.5__svc__d10,pauli_xz_r1_full__as0.5,id_test,fixed_c1,1.0,,0.006380319595336914,0.9196787148594378,0.9159663865546219,0.9184141546526867,0.9285714285714286,0.9751777634130574,0.9673039430060008,port_protocol_service_ablation,39,36,3,ct_src_dport_ltm|ct_dst_sport_ltm|is_sm_ips_ports,ksf-v4-idsplit::
quantum,svc,10,pauli_xz_r1_full__as0.5__svc__d10,pauli_xz_r1_full__as0.5,ood_test,fixed_c1,1.0,,0.006380319595336914,0.78,0.7544642857142857,0.7541965355118969,0.8338368580060423,0.8966906055900621,0.8825047967162314,port_protocol_service_ablation,39,36,3,ct_src_dport_ltm|ct_dst_sport_ltm|is_sm_ips_ports,ksf-v4-idsplit::
quantum,svc,10,pauli_xz_r1_full__as0.5__svc__d10,pauli_xz_r1_full__as0.5,id_val,train_cv,10.0,0.8804973193823157,0.006996870040893555,0.9043824701195219,0.903498727735369,0.9040397604179942,0.9097744360902256,0.9653307888040713,0.9575167021333462,port_protocol_service_ablation,39,36,3,ct_src_dport_ltm|ct_dst_sport_ltm|is_sm_ips_ports,ksf-v4-idsplit::
quantum,svc,10,pauli_xz_r1_full__as0.5__svc__d10,pauli_xz_r1_full__as0.5,id_test,train_cv,10.0,0.8804973193823157,0.006996870040893555,0.927710843373494,0.9265029088558501,0.9273723100855586,0.9323308270676691,0.9771816418875242,0.9710739694307153,port_protocol_service_ablation,39,36,3,ct_src_dport_ltm|ct_dst_sport_ltm|is_sm_ips_ports,ksf-v4-idsplit::
quantum,svc,10,pauli_xz_r1_full__as0.5__svc__d10,pauli_xz_r1_full__as0.5,ood_test,train_cv,10.0,0.8804973193823157,0.006996870040893555,0.84,0.8226902173913043,0.8291503647639713,0.8722044728434505,0.9029988354037267,0.8847329456784082,port_protocol_service_ablation,39,36,3,ct_src_dport_ltm|ct_dst_sport_ltm|is_sm_ips_ports,ksf-v4-idsplit::
quantum,svc,10,zmap_r2__as0.5__svc__d10,zmap_r2__as0.5,id_val,fixed_c1,1.0,,0.005001068115234375,0.9203187250996016,0.9177162849872773,0.9195203283314095,0.927536231884058,0.9632951653944021,0.9554793081309115,port_protocol_service_ablation,39,36,3,ct_src_dport_ltm|ct_dst_sport_ltm|is_sm_ips_ports,ksf-v4-idsplit::
quantum,svc,10,zmap_r2__as0.5__svc__d10,zmap_r2__as0.5,id_test,fixed_c1,1.0,,0.005001068115234375,0.9196787148594378,0.9159663865546219,0.9184141546526867,0.9285714285714286,0.9764705882352942,0.9698309376266043,port_protocol_service_ablation,39,36,3,ct_src_dport_ltm|ct_dst_sport_ltm|is_sm_ips_ports,ksf-v4-idsplit::
quantum,svc,10,zmap_r2__as0.5__svc__d10,zmap_r2__as0.5,ood_test,fixed_c1,1.0,,0.005001068115234375,0.786,0.7611607142857143,0.7619248928662017,0.8376327769347496,0.8878105590062112,0.8620191684041706,port_protocol_service_ablation,39,36,3,ct_src_dport_ltm|ct_dst_sport_ltm|is_sm_ips_ports,ksf-v4-idsplit::
quantum,svc,10,zmap_r2__as0.5__svc__d10,zmap_r2__as0.5,id_val,train_cv,10.0,0.8846444171549266,0.004992246627807617,0.9083665338645418,0.9073155216284987,0.9079926687385449,0.9138576779026217,0.9667302798982188,0.9648196067773975,port_protocol_service_ablation,39,36,3,ct_src_dport_ltm|ct_dst_sport_ltm|is_sm_ips_ports,ksf-v4-idsplit::
quantum,svc,10,zmap_r2__as0.5__svc__d10,zmap_r2__as0.5,id_test,train_cv,10.0,0.8846444171549266,0.004992246627807617,0.9317269076305221,0.931060116354234,0.9315103955990616,0.935361216730038,0.9800904977375566,0.9786510666559038,port_protocol_service_ablation,39,36,3,ct_src_dport_ltm|ct_dst_sport_ltm|is_sm_ips_ports,ksf-v4-idsplit::
quantum,svc,10,zmap_r2__as0.5__svc__d10,zmap_r2__as0.5,ood_test,train_cv,10.0,0.8846444171549266,0.004992246627807617,0.832,0.8171260351966874,0.8227878010497713,0.8631921824104235,0.8960436076604555,0.8716315528656995,port_protocol_service_ablation,39,36,3,ct_src_dport_ltm|ct_dst_sport_ltm|is_sm_ips_ports,ksf-v4-idsplit::
quantum,svc,10,zz_r1_full__svc__d10,zz_r1_full,id_val,fixed_c1,1.0,,0.008556127548217773,0.900398406374502,0.9010814249363868,0.9003414595410149,0.9027237354085603,0.9648218829516539,0.9680902190753147,port_protocol_service_ablation,39,36,3,ct_src_dport_ltm|ct_dst_sport_ltm|is_sm_ips_ports,ksf-v4-idsplit::
quantum,svc,10,zz_r1_full__svc__d10,zz_r1_full,id_test,fixed_c1,1.0,,0.008556127548217773,0.8995983935742972,0.8999353587588882,0.8994946477872677,0.9027237354085603,0.9661279896574014,0.9647483081427713,port_protocol_service_ablation,39,36,3,ct_src_dport_ltm|ct_dst_sport_ltm|is_sm_ips_ports,ksf-v4-idsplit::
quantum,svc,10,zz_r1_full__svc__d10,zz_r1_full,ood_test,fixed_c1,1.0,,0.008556127548217773,0.79,0.7824469461697723,0.7848986565384662,0.8180242634315424,0.873528079710145,0.8989304685653434,port_protocol_service_ablation,39,36,3,ct_src_dport_ltm|ct_dst_sport_ltm|is_sm_ips_ports,ksf-v4-idsplit::
quantum,svc,10,zz_r1_full__svc__d10,zz_r1_full,id_val,train_cv,10.0,0.86591582263781,0.011292457580566406,0.9083665338645418,0.9090648854961833,0.9083141427777337,0.9105058365758755,0.9667302798982187,0.9676202030098099,port_protocol_service_ablation,39,36,3,ct_src_dport_ltm|ct_dst_sport_ltm|is_sm_ips_ports,ksf-v4-idsplit::
quantum,svc,10,zz_r1_full__svc__d10,zz_r1_full,id_test,train_cv,10.0,0.86591582263781,0.011292457580566406,0.891566265060241,0.8929541047188106,0.891559268996887,0.8924302788844621,0.9562378797672916,0.9540605056193956,port_protocol_service_ablation,39,36,3,ct_src_dport_ltm|ct_dst_sport_ltm|is_sm_ips_ports,ksf-v4-idsplit::
quantum,svc,10,zz_r1_full__svc__d10,zz_r1_full,ood_test,train_cv,10.0,0.86591582263781,0.011292457580566406,0.812,0.807421066252588,0.808868501529052,0.8333333333333334,0.8750161749482401,0.8843918302038056,port_protocol_service_ablation,39,36,3,ct_src_dport_ltm|ct_dst_sport_ltm|is_sm_ips_ports,ksf-v4-idsplit::
quantum,svc,10,zz_r2_full__svc__d10,zz_r2_full,id_val,fixed_c1,1.0,,0.009000062942504883,0.848605577689243,0.8535623409669211,0.8477330779054917,0.8362068965517241,0.9567430025445292,0.9630022380244826,port_protocol_service_ablation,39,36,3,ct_src_dport_ltm|ct_dst_sport_ltm|is_sm_ips_ports,ksf-v4-idsplit::
quantum,svc,10,zz_r2_full__svc__d10,zz_r2_full,id_test,fixed_c1,1.0,,0.009000062942504883,0.8072289156626506,0.8139625080801551,0.8045781556572924,0.7818181818181819,0.9486102133160956,0.9544539133404168,port_protocol_service_ablation,39,36,3,ct_src_dport_ltm|ct_dst_sport_ltm|is_sm_ips_ports,ksf-v4-idsplit::
quantum,svc,10,zz_r2_full__svc__d10,zz_r2_full,ood_test,fixed_c1,1.0,,0.009000062942504883,0.73,0.7428183229813665,0.7294274685233955,0.7169811320754716,0.8526300465838509,0.889940378258186,port_protocol_service_ablation,39,36,3,ct_src_dport_ltm|ct_dst_sport_ltm|is_sm_ips_ports,ksf-v4-idsplit::
quantum,svc,10,zz_r2_full__svc__d10,zz_r2_full,id_val,train_cv,100.0,0.8192015923305334,0.008860588073730469,0.852589641434263,0.8573791348600509,0.8518276241683552,0.8412017167381974,0.9512086513994911,0.9551925093138489,port_protocol_service_ablation,39,36,3,ct_src_dport_ltm|ct_dst_sport_ltm|is_sm_ips_ports,ksf-v4-idsplit::
quantum,svc,10,zz_r2_full__svc__d10,zz_r2_full,id_test,train_cv,100.0,0.8192015923305334,0.008860588073730469,0.8152610441767069,0.8216548157724628,0.8130630630630631,0.7927927927927928,0.9387847446670976,0.9439429430209585,port_protocol_service_ablation,39,36,3,ct_src_dport_ltm|ct_dst_sport_ltm|is_sm_ips_ports,ksf-v4-idsplit::
quantum,svc,10,zz_r2_full__svc__d10,zz_r2_full,ood_test,train_cv,100.0,0.8192015923305334,0.008860588073730469,0.77,0.7803118530020704,0.7699254558476947,0.7657841140529531,0.8519668737060041,0.890103317115704,port_protocol_service_ablation,39,36,3,ct_src_dport_ltm|ct_dst_sport_ltm|is_sm_ips_ports,ksf-v4-idsplit::
quantum,svc,10,pauli_xz_r1_full__svc__d10,pauli_xz_r1_full,id_val,fixed_c1,1.0,,0.005999088287353516,0.9123505976095617,0.9111323155216284,0.91194667687205,0.917910447761194,0.9658396946564884,0.9595933588657225,port_protocol_service_ablation,39,36,3,ct_src_dport_ltm|ct_dst_sport_ltm|is_sm_ips_ports,ksf-v4-idsplit::
quantum,svc,10,pauli_xz_r1_full__svc__d10,pauli_xz_r1_full,id_test,fixed_c1,1.0,,0.005999088287353516,0.9196787148594378,0.9184550743374273,0.9193025667617319,0.924812030075188,0.9758241758241759,0.972916226533662,port_protocol_service_ablation,39,36,3,ct_src_dport_ltm|ct_dst_sport_ltm|is_sm_ips_ports,ksf-v4-idsplit::
quantum,svc,10,pauli_xz_r1_full__svc__d10,pauli_xz_r1_full,ood_test,fixed_c1,1.0,,0.005999088287353516,0.802,0.7840644409937889,0.7883448567800198,0.8421052631578947,0.8691123188405797,0.8355014718283682,port_protocol_service_ablation,39,36,3,ct_src_dport_ltm|ct_dst_sport_ltm|is_sm_ips_ports,ksf-v4-idsplit::
quantum,svc,10,pauli_xz_r1_full__svc__d10,pauli_xz_r1_full,id_val,train_cv,10.0,0.8783973925892277,0.007000446319580078,0.9123505976095617,0.9121819338422392,0.9121819338422392,0.916030534351145,0.9604325699745546,0.9402415777651748,port_protocol_service_ablation,39,36,3,ct_src_dport_ltm|ct_dst_sport_ltm|is_sm_ips_ports,ksf-v4-idsplit::
quantum,svc,10,pauli_xz_r1_full__svc__d10,pauli_xz_r1_full,id_test,train_cv,10.0,0.8783973925892277,0.007000446319580078,0.9076305220883534,0.9079831932773109,0.9075350759642863,0.9105058365758755,0.9726567550096962,0.9779770178815498,port_protocol_service_ablation,39,36,3,ct_src_dport_ltm|ct_dst_sport_ltm|is_sm_ips_ports,ksf-v4-idsplit::
quantum,svc,10,pauli_xz_r1_full__svc__d10,pauli_xz_r1_full,ood_test,train_cv,10.0,0.8783973925892277,0.007000446319580078,0.804,0.7984924948240166,0.8003064684402712,0.8274647887323944,0.885351966873706,0.8656361631254722,port_protocol_service_ablation,39,36,3,ct_src_dport_ltm|ct_dst_sport_ltm|is_sm_ips_ports,ksf-v4-idsplit::
quantum,svc,10,zmap_r2__svc__d10,zmap_r2,id_val,fixed_c1,1.0,,0.006779909133911133,0.9163346613545816,0.9149491094147583,0.915902165068526,0.9219330855018587,0.9606234096692111,0.9423149674181465,port_protocol_service_ablation,39,36,3,ct_src_dport_ltm|ct_dst_sport_ltm|is_sm_ips_ports,ksf-v4-idsplit::
quantum,svc,10,zmap_r2__svc__d10,zmap_r2,id_test,fixed_c1,1.0,,0.006779909133911133,0.9076305220883534,0.9062055591467356,0.9071452891677612,0.9138576779026217,0.967097608274079,0.9574286020770366,port_protocol_service_ablation,39,36,3,ct_src_dport_ltm|ct_dst_sport_ltm|is_sm_ips_ports,ksf-v4-idsplit::
quantum,svc,10,zmap_r2__svc__d10,zmap_r2,ood_test,fixed_c1,1.0,,0.006779909133911133,0.788,0.7705421842650103,0.774106655755592,0.8301282051282052,0.850090579710145,0.804556652821304,port_protocol_service_ablation,39,36,3,ct_src_dport_ltm|ct_dst_sport_ltm|is_sm_ips_ports,ksf-v4-idsplit::
quantum,svc,10,zmap_r2__svc__d10,zmap_r2,id_val,train_cv,10.0,0.8729838665696562,0.008569717407226562,0.9163346613545816,0.9163486005089059,0.9162016502122383,0.9195402298850575,0.9508905852417302,0.9340181181520785,port_protocol_service_ablation,39,36,3,ct_src_dport_ltm|ct_dst_sport_ltm|is_sm_ips_ports,ksf-v4-idsplit::
quantum,svc,10,zmap_r2__svc__d10,zmap_r2,id_test,train_cv,10.0,0.8729838665696562,0.008569717407226562,0.9116465863453815,0.9114738202973497,0.9114738202973497,0.9153846153846154,0.9667097608274079,0.9687136641221124,port_protocol_service_ablation,39,36,3,ct_src_dport_ltm|ct_dst_sport_ltm|is_sm_ips_ports,ksf-v4-idsplit::
quantum,svc,10,zmap_r2__svc__d10,zmap_r2,ood_test,train_cv,10.0,0.8729838665696562,0.008569717407226562,0.778,0.7719979296066253,0.7736901553178736,0.804920913884007,0.8584692028985508,0.8226523745950236,port_protocol_service_ablation,39,36,3,ct_src_dport_ltm|ct_dst_sport_ltm|is_sm_ips_ports,ksf-v4-idsplit::
quantum,svc,10,zz_r1_full__as2__svc__d10,zz_r1_full__as2,id_val,fixed_c1,1.0,,0.00864410400390625,0.8924302788844621,0.894147582697201,0.8924302788844621,0.8924302788844621,0.9671755725190839,0.9713956848221025,port_protocol_service_ablation,39,36,3,ct_src_dport_ltm|ct_dst_sport_ltm|is_sm_ips_ports,ksf-v4-idsplit::
quantum,svc,10,zz_r1_full__as2__svc__d10,zz_r1_full__as2,id_test,fixed_c1,1.0,,0.00864410400390625,0.8634538152610441,0.8656755009696186,0.863433991482772,0.8617886178861789,0.9623787976729153,0.9609230531075076,port_protocol_service_ablation,39,36,3,ct_src_dport_ltm|ct_dst_sport_ltm|is_sm_ips_ports,ksf-v4-idsplit::
quantum,svc,10,zz_r1_full__as2__svc__d10,zz_r1_full__as2,ood_test,fixed_c1,1.0,,0.00864410400390625,0.756,0.7545936853002071,0.7539171547982121,0.7765567765567766,0.8649068322981367,0.8918201873818352,port_protocol_service_ablation,39,36,3,ct_src_dport_ltm|ct_dst_sport_ltm|is_sm_ips_ports,ksf-v4-idsplit::
quantum,svc,10,zz_r1_full__as2__svc__d10,zz_r1_full__as2,id_val,train_cv,100.0,0.8385817828994814,0.009115219116210938,0.896414342629482,0.8979643765903308,0.8964126984126984,0.8968253968253969,0.967239185750636,0.9676198702758552,port_protocol_service_ablation,39,36,3,ct_src_dport_ltm|ct_dst_sport_ltm|is_sm_ips_ports,ksf-v4-idsplit::
quantum,svc,10,zz_r1_full__as2__svc__d10,zz_r1_full__as2,id_test,train_cv,100.0,0.8385817828994814,0.009115219116210938,0.8674698795180723,0.8702327084680026,0.8673928830791575,0.8641975308641975,0.9556561085972851,0.9478882122089554,port_protocol_service_ablation,39,36,3,ct_src_dport_ltm|ct_dst_sport_ltm|is_sm_ips_ports,ksf-v4-idsplit::
quantum,svc,10,zz_r1_full__as2__svc__d10,zz_r1_full__as2,ood_test,train_cv,100.0,0.8385817828994814,0.009115219116210938,0.756,0.7604813664596273,0.7556833656418719,0.7644787644787645,0.8651656314699792,0.8924956388839591,port_protocol_service_ablation,39,36,3,ct_src_dport_ltm|ct_dst_sport_ltm|is_sm_ips_ports,ksf-v4-idsplit::
quantum,svc,10,zz_r2_full__as2__svc__d10,zz_r2_full__as2,id_val,fixed_c1,1.0,,0.009000539779663086,0.8286852589641435,0.8344783715012722,0.8271045254305166,0.8105726872246696,0.9504452926208651,0.9575343579806773,port_protocol_service_ablation,39,36,3,ct_src_dport_ltm|ct_dst_sport_ltm|is_sm_ips_ports,ksf-v4-idsplit::
quantum,svc,10,zz_r2_full__as2__svc__d10,zz_r2_full__as2,id_test,fixed_c1,1.0,,0.009000539779663086,0.7791164658634538,0.7870394311570782,0.7744007907091672,0.7417840375586855,0.9204912734324499,0.9343109762941932,port_protocol_service_ablation,39,36,3,ct_src_dport_ltm|ct_dst_sport_ltm|is_sm_ips_ports,ksf-v4-idsplit::
quantum,svc,10,zz_r2_full__as2__svc__d10,zz_r2_full__as2,ood_test,fixed_c1,1.0,,0.009000539779663086,0.682,0.7039660973084886,0.6758264386985757,0.6310904872389791,0.8421325051759833,0.8805057374454008,port_protocol_service_ablation,39,36,3,ct_src_dport_ltm|ct_dst_sport_ltm|is_sm_ips_ports,ksf-v4-idsplit::
quantum,svc,10,zz_r2_full__as2__svc__d10,zz_r2_full__as2,id_val,train_cv,10.0,0.7811333485393265,0.008714914321899414,0.8406374501992032,0.8462786259541984,0.839288001024459,0.8245614035087719,0.9515903307888041,0.9560988146039312,port_protocol_service_ablation,39,36,3,ct_src_dport_ltm|ct_dst_sport_ltm|is_sm_ips_ports,ksf-v4-idsplit::
quantum,svc,10,zz_r2_full__as2__svc__d10,zz_r2_full__as2,id_test,train_cv,10.0,0.7811333485393265,0.008714914321899414,0.7911646586345381,0.7989334195216549,0.7869553771225484,0.7570093457943925,0.9191984486102133,0.932540566373669,port_protocol_service_ablation,39,36,3,ct_src_dport_ltm|ct_dst_sport_ltm|is_sm_ips_ports,ksf-v4-idsplit::
quantum,svc,10,zz_r2_full__as2__svc__d10,zz_r2_full__as2,ood_test,train_cv,10.0,0.7811333485393265,0.008714914321899414,0.694,0.7156767598343685,0.6884050001832911,0.6466512702078522,0.8362448240165632,0.8797022463015484,port_protocol_service_ablation,39,36,3,ct_src_dport_ltm|ct_dst_sport_ltm|is_sm_ips_ports,ksf-v4-idsplit::
quantum,svc,10,pauli_xz_r1_full__as2__svc__d10,pauli_xz_r1_full__as2,id_val,fixed_c1,1.0,,0.006523847579956055,0.9043824701195219,0.9045483460559796,0.9042593769866497,0.9076923076923077,0.9617684478371501,0.9670690468503114,port_protocol_service_ablation,39,36,3,ct_src_dport_ltm|ct_dst_sport_ltm|is_sm_ips_ports,ksf-v4-idsplit::
quantum,svc,10,pauli_xz_r1_full__as2__svc__d10,pauli_xz_r1_full__as2,id_test,fixed_c1,1.0,,0.006523847579956055,0.891566265060241,0.8922430510665804,0.8915032679738562,0.8941176470588236,0.9610213316095669,0.956502951550947,port_protocol_service_ablation,39,36,3,ct_src_dport_ltm|ct_dst_sport_ltm|is_sm_ips_ports,ksf-v4-idsplit::
quantum,svc,10,pauli_xz_r1_full__as2__svc__d10,pauli_xz_r1_full__as2,ood_test,fixed_c1,1.0,,0.006523847579956055,0.776,0.7697657867494825,0.7715218278253775,0.8035087719298246,0.838768115942029,0.7882591058634951,port_protocol_service_ablation,39,36,3,ct_src_dport_ltm|ct_dst_sport_ltm|is_sm_ips_ports,ksf-v4-idsplit::
quantum,svc,10,pauli_xz_r1_full__as2__svc__d10,pauli_xz_r1_full__as2,id_val,train_cv,1.0,0.860750107789318,0.006000995635986328,0.9043824701195219,0.9045483460559796,0.9042593769866497,0.9076923076923077,0.9617684478371501,0.9670690468503114,port_protocol_service_ablation,39,36,3,ct_src_dport_ltm|ct_dst_sport_ltm|is_sm_ips_ports,ksf-v4-idsplit::
quantum,svc,10,pauli_xz_r1_full__as2__svc__d10,pauli_xz_r1_full__as2,id_test,train_cv,1.0,0.860750107789318,0.006000995635986328,0.891566265060241,0.8922430510665804,0.8915032679738562,0.8941176470588236,0.9610213316095669,0.956502951550947,port_protocol_service_ablation,39,36,3,ct_src_dport_ltm|ct_dst_sport_ltm|is_sm_ips_ports,ksf-v4-idsplit::
quantum,svc,10,pauli_xz_r1_full__as2__svc__d10,pauli_xz_r1_full__as2,ood_test,train_cv,1.0,0.860750107789318,0.006000995635986328,0.776,0.7697657867494825,0.7715218278253775,0.8035087719298246,0.838768115942029,0.7882591058634951,port_protocol_service_ablation,39,36,3,ct_src_dport_ltm|ct_dst_sport_ltm|is_sm_ips_ports,ksf-v4-idsplit::
quantum,svc,10,zmap_r2__as2__svc__d10,zmap_r2__as2,id_val,fixed_c1,1.0,,0.008996009826660156,0.9043824701195219,0.9038486005089059,0.9041252864782277,0.9090909090909091,0.9605597964376591,0.9662509426906837,port_protocol_service_ablation,39,36,3,ct_src_dport_ltm|ct_dst_sport_ltm|is_sm_ips_ports,ksf-v4-idsplit::
quantum,svc,10,zmap_r2__as2__svc__d10,zmap_r2__as2,id_test,fixed_c1,1.0,,0.008996009826660156,0.9236947791164659,0.9226567550096962,0.9233784112073853,0.9283018867924528,0.966709760827408,0.9713529171807475,port_protocol_service_ablation,39,36,3,ct_src_dport_ltm|ct_dst_sport_ltm|is_sm_ips_ports,ksf-v4-idsplit::
quantum,svc,10,zmap_r2__as2__svc__d10,zmap_r2__as2,ood_test,fixed_c1,1.0,,0.008996009826660156,0.818,0.8065476190476191,0.8108823688334144,0.847571189279732,0.8656832298136645,0.8439539150722142,port_protocol_service_ablation,39,36,3,ct_src_dport_ltm|ct_dst_sport_ltm|is_sm_ips_ports,ksf-v4-idsplit::
quantum,svc,10,zmap_r2__as2__svc__d10,zmap_r2__as2,id_val,train_cv,1.0,0.8637735019209597,0.005998849868774414,0.9043824701195219,0.9038486005089059,0.9041252864782277,0.9090909090909091,0.9605597964376591,0.9662509426906837,port_protocol_service_ablation,39,36,3,ct_src_dport_ltm|ct_dst_sport_ltm|is_sm_ips_ports,ksf-v4-idsplit::
quantum,svc,10,zmap_r2__as2__svc__d10,zmap_r2__as2,id_test,train_cv,1.0,0.8637735019209597,0.005998849868774414,0.9236947791164659,0.9226567550096962,0.9233784112073853,0.9283018867924528,0.966709760827408,0.9713529171807475,port_protocol_service_ablation,39,36,3,ct_src_dport_ltm|ct_dst_sport_ltm|is_sm_ips_ports,ksf-v4-idsplit::
quantum,svc,10,zmap_r2__as2__svc__d10,zmap_r2__as2,ood_test,train_cv,1.0,0.8637735019209597,0.005998849868774414,0.818,0.8065476190476191,0.8108823688334144,0.847571189279732,0.8656832298136645,0.8439539150722142,port_protocol_service_ablation,39,36,3,ct_src_dport_ltm|ct_dst_sport_ltm|is_sm_ips_ports,ksf-v4-idsplit::
classical_ext,svc,12,linear__svc__d12,linear,id_val,fixed_c1,1.0,,0.006000995635986328,0.8605577689243028,0.8601145038167939,0.8602383187234517,0.8669201520912547,0.9123409669211195,0.836818497043811,port_protocol_service_ablation,39,36,3,ct_src_dport_ltm|ct_dst_sport_ltm|is_sm_ips_ports,ksf-v4-idsplit::
classical_ext,svc,12,linear__svc__d12,linear,id_test,fixed_c1,1.0,,0.006000995635986328,0.8594377510040161,0.8586296056884293,0.8589919909392444,0.8669201520912547,0.8979961215255333,0.8076798568817806,port_protocol_service_ablation,39,36,3,ct_src_dport_ltm|ct_dst_sport_ltm|is_sm_ips_ports,ksf-v4-idsplit::
classical_ext,svc,12,linear__svc__d12,linear,ood_test,fixed_c1,1.0,,0.006000995635986328,0.8,0.7772062629399585,0.7802197802197802,0.8461538461538461,0.7333559782608695,0.6834695226448122,port_protocol_service_ablation,39,36,3,ct_src_dport_ltm|ct_dst_sport_ltm|is_sm_ips_ports,ksf-v4-idsplit::
classical_ext,svc,12,linear__svc__d12,linear,id_val,train_cv,100.0,0.8516770061003621,0.009797096252441406,0.896414342629482,0.8937659033078881,0.8953764268308324,0.9057971014492754,0.942620865139949,0.9098251930738191,port_protocol_service_ablation,39,36,3,ct_src_dport_ltm|ct_dst_sport_ltm|is_sm_ips_ports,ksf-v4-idsplit::
classical_ext,svc,12,linear__svc__d12,linear,id_test,train_cv,100.0,0.8516770061003621,0.009797096252441406,0.891566265060241,0.8886877828054298,0.8903709743171626,0.9018181818181819,0.9172592113768585,0.8746965791085126,port_protocol_service_ablation,39,36,3,ct_src_dport_ltm|ct_dst_sport_ltm|is_sm_ips_ports,ksf-v4-idsplit::
classical_ext,svc,12,linear__svc__d12,linear,ood_test,train_cv,100.0,0.8516770061003621,0.009797096252441406,0.78,0.7544642857142857,0.7541965355118969,0.8338368580060423,0.7493530020703933,0.6972633252201407,port_protocol_service_ablation,39,36,3,ct_src_dport_ltm|ct_dst_sport_ltm|is_sm_ips_ports,ksf-v4-idsplit::
classical_ext,svc,12,rbf_gscale__svc__d12,rbf_gscale,id_val,fixed_c1,1.0,,0.00531315803527832,0.9203187250996016,0.9177162849872773,0.9195203283314095,0.927536231884058,0.9591603053435115,0.9406999411262947,port_protocol_service_ablation,39,36,3,ct_src_dport_ltm|ct_dst_sport_ltm|is_sm_ips_ports,ksf-v4-idsplit::
classical_ext,svc,12,rbf_gscale__svc__d12,rbf_gscale,id_test,fixed_c1,1.0,,0.00531315803527832,0.9196787148594378,0.9159663865546219,0.9184141546526867,0.9285714285714286,0.9751777634130575,0.9650035377782824,port_protocol_service_ablation,39,36,3,ct_src_dport_ltm|ct_dst_sport_ltm|is_sm_ips_ports,ksf-v4-idsplit::
classical_ext,svc,12,rbf_gscale__svc__d12,rbf_gscale,ood_test,fixed_c1,1.0,,0.00531315803527832,0.78,0.7544642857142857,0.7541965355118969,0.8338368580060423,0.8782996894409938,0.8598429999980801,port_protocol_service_ablation,39,36,3,ct_src_dport_ltm|ct_dst_sport_ltm|is_sm_ips_ports,ksf-v4-idsplit::
classical_ext,svc,12,rbf_gscale__svc__d12,rbf_gscale,id_val,train_cv,10.0,0.8810891982271223,0.00635528564453125,0.9043824701195219,0.903498727735369,0.9040397604179942,0.9097744360902256,0.9598600508905852,0.9474284049439069,port_protocol_service_ablation,39,36,3,ct_src_dport_ltm|ct_dst_sport_ltm|is_sm_ips_ports,ksf-v4-idsplit::
classical_ext,svc,12,rbf_gscale__svc__d12,rbf_gscale,id_test,train_cv,10.0,0.8810891982271223,0.00635528564453125,0.927710843373494,0.9268584356819651,0.9274475524475525,0.9318181818181818,0.9794440853264382,0.973258720356869,port_protocol_service_ablation,39,36,3,ct_src_dport_ltm|ct_dst_sport_ltm|is_sm_ips_ports,ksf-v4-idsplit::
classical_ext,svc,12,rbf_gscale__svc__d12,rbf_gscale,ood_test,train_cv,10.0,0.8810891982271223,0.00635528564453125,0.822,0.8063858695652174,0.8116888337826,0.8557536466774717,0.889056030020704,0.8601665815311855,port_protocol_service_ablation,39,36,3,ct_src_dport_ltm|ct_dst_sport_ltm|is_sm_ips_ports,ksf-v4-idsplit::
classical_ext,svc,12,poly2__svc__d12,poly2,id_val,fixed_c1,1.0,,0.005124330520629883,0.9123505976095617,0.909382951653944,0.9113245118191162,0.920863309352518,0.9099872773536896,0.8473979471827117,port_protocol_service_ablation,39,36,3,ct_src_dport_ltm|ct_dst_sport_ltm|is_sm_ips_ports,ksf-v4-idsplit::
classical_ext,svc,12,poly2__svc__d12,poly2,id_test,fixed_c1,1.0,,0.005124330520629883,0.9076305220883534,0.9037168713639302,0.9060793413910163,0.9181494661921709,0.9080801551389787,0.8585744943776072,port_protocol_service_ablation,39,36,3,ct_src_dport_ltm|ct_dst_sport_ltm|is_sm_ips_ports,ksf-v4-idsplit::
classical_ext,svc,12,poly2__svc__d12,poly2,ood_test,fixed_c1,1.0,,0.005124330520629883,0.754,0.7254464285714286,0.7196581196581197,0.8177777777777778,0.7240230331262941,0.6684608827338718,port_protocol_service_ablation,39,36,3,ct_src_dport_ltm|ct_dst_sport_ltm|is_sm_ips_ports,ksf-v4-idsplit::
classical_ext,svc,12,poly2__svc__d12,poly2,id_val,train_cv,100.0,0.8816798981262624,0.012099742889404297,0.9203187250996016,0.9180661577608142,0.9196440005122295,0.927007299270073,0.948027989821883,0.9301945613352426,port_protocol_service_ablation,39,36,3,ct_src_dport_ltm|ct_dst_sport_ltm|is_sm_ips_ports,ksf-v4-idsplit::
classical_ext,svc,12,poly2__svc__d12,poly2,id_test,train_cv,100.0,0.8816798981262624,0.012099742889404297,0.9236947791164659,0.9201680672268908,0.9225708253547404,0.931899641577061,0.97879767291532,0.9708760166884027,port_protocol_service_ablation,39,36,3,ct_src_dport_ltm|ct_dst_sport_ltm|is_sm_ips_ports,ksf-v4-idsplit::
classical_ext,svc,12,poly2__svc__d12,poly2,ood_test,train_cv,100.0,0.8816798981262624,0.012099742889404297,0.786,0.7611607142857143,0.7619248928662017,0.8376327769347496,0.8956877587991717,0.8801226923694969,port_protocol_service_ablation,39,36,3,ct_src_dport_ltm|ct_dst_sport_ltm|is_sm_ips_ports,ksf-v4-idsplit::
classical_ext,svc,12,poly3__svc__d12,poly3,id_val,fixed_c1,1.0,,0.005103588104248047,0.9123505976095617,0.9090330788804071,0.9111647361647361,0.9214285714285714,0.9295801526717558,0.8761793909294997,port_protocol_service_ablation,39,36,3,ct_src_dport_ltm|ct_dst_sport_ltm|is_sm_ips_ports,ksf-v4-idsplit::
classical_ext,svc,12,poly3__svc__d12,poly3,id_test,fixed_c1,1.0,,0.005103588104248047,0.9116465863453815,0.907563025210084,0.9100669818754925,0.9219858156028369,0.9365869424692954,0.9069187904147344,port_protocol_service_ablation,39,36,3,ct_src_dport_ltm|ct_dst_sport_ltm|is_sm_ips_ports,ksf-v4-idsplit::
classical_ext,svc,12,poly3__svc__d12,poly3,ood_test,fixed_c1,1.0,,0.005103588104248047,0.754,0.7254464285714286,0.7196581196581197,0.8177777777777778,0.7616459627329193,0.6937722297630033,port_protocol_service_ablation,39,36,3,ct_src_dport_ltm|ct_dst_sport_ltm|is_sm_ips_ports,ksf-v4-idsplit::
classical_ext,svc,12,poly3__svc__d12,poly3,id_val,train_cv,100.0,0.8827807205972554,0.009999990463256836,0.9163346613545816,0.9145992366412214,0.91580006709158,0.922509225092251,0.9475826972010177,0.9325463201986766,port_protocol_service_ablation,39,36,3,ct_src_dport_ltm|ct_dst_sport_ltm|is_sm_ips_ports,ksf-v4-idsplit::
classical_ext,svc,12,poly3__svc__d12,poly3,id_test,train_cv,100.0,0.8827807205972554,0.009999990463256836,0.9437751004016064,0.9411764705882353,0.9432025547445255,0.948905109489051,0.9792501616031029,0.9730937697078288,port_protocol_service_ablation,39,36,3,ct_src_dport_ltm|ct_dst_sport_ltm|is_sm_ips_ports,ksf-v4-idsplit::
classical_ext,svc,12,poly3__svc__d12,poly3,ood_test,train_cv,100.0,0.8827807205972554,0.009999990463256836,0.82,0.7991071428571428,0.8042082180337284,0.8598130841121495,0.9018342391304348,0.8854691978395999,port_protocol_service_ablation,39,36,3,ct_src_dport_ltm|ct_dst_sport_ltm|is_sm_ips_ports,ksf-v4-idsplit::
classical_ext,svc,12,laplacian_med__svc__d12,laplacian_med,id_val,fixed_c1,1.0,,0.0040035247802734375,0.9203187250996016,0.9177162849872773,0.9195203283314095,0.927536231884058,0.9723282442748091,0.9708281986375564,port_protocol_service_ablation,39,36,3,ct_src_dport_ltm|ct_dst_sport_ltm|is_sm_ips_ports,ksf-v4-idsplit::
classical_ext,svc,12,laplacian_med__svc__d12,laplacian_med,id_test,fixed_c1,1.0,,0.0040035247802734375,0.9236947791164659,0.9201680672268908,0.9225708253547404,0.931899641577061,0.9806076276664512,0.9747889315441242,port_protocol_service_ablation,39,36,3,ct_src_dport_ltm|ct_dst_sport_ltm|is_sm_ips_ports,ksf-v4-idsplit::
classical_ext,svc,12,laplacian_med__svc__d12,laplacian_med,ood_test,fixed_c1,1.0,,0.0040035247802734375,0.786,0.7611607142857143,0.7619248928662017,0.8376327769347496,0.896286231884058,0.9011126438965176,port_protocol_service_ablation,39,36,3,ct_src_dport_ltm|ct_dst_sport_ltm|is_sm_ips_ports,ksf-v4-idsplit::
classical_ext,svc,12,laplacian_med__svc__d12,laplacian_med,id_val,train_cv,100.0,0.9011244094043616,0.00699925422668457,0.9322709163346613,0.9323155216284987,0.9321632406480025,0.9348659003831418,0.9732188295165395,0.9742836694970876,port_protocol_service_ablation,39,36,3,ct_src_dport_ltm|ct_dst_sport_ltm|is_sm_ips_ports,ksf-v4-idsplit::
classical_ext,svc,12,laplacian_med__svc__d12,laplacian_med,id_test,train_cv,100.0,0.9011244094043616,0.00699925422668457,0.927710843373494,0.9279250161603103,0.9276162790697675,0.9302325581395349,0.9872656755009696,0.9895102568640576,port_protocol_service_ablation,39,36,3,ct_src_dport_ltm|ct_dst_sport_ltm|is_sm_ips_ports,ksf-v4-idsplit::
classical_ext,svc,12,laplacian_med__svc__d12,laplacian_med,ood_test,train_cv,100.0,0.9011244094043616,0.00699925422668457,0.8,0.7944487577639752,0.7962310902451748,0.823943661971831,0.8882958074534162,0.8987362079720006,port_protocol_service_ablation,39,36,3,ct_src_dport_ltm|ct_dst_sport_ltm|is_sm_ips_ports,ksf-v4-idsplit::
classical_ext,svc,12,matern15_med__svc__d12,matern15_med,id_val,fixed_c1,1.0,,0.005217313766479492,0.9203187250996016,0.9177162849872773,0.9195203283314095,0.927536231884058,0.9573791348600509,0.9408160921181045,port_protocol_service_ablation,39,36,3,ct_src_dport_ltm|ct_dst_sport_ltm|is_sm_ips_ports,ksf-v4-idsplit::
classical_ext,svc,12,matern15_med__svc__d12,matern15_med,id_test,fixed_c1,1.0,,0.005217313766479492,0.9156626506024096,0.9117647058823529,0.9142463551831018,0.9252669039145908,0.975307045895281,0.9677463781840495,port_protocol_service_ablation,39,36,3,ct_src_dport_ltm|ct_dst_sport_ltm|is_sm_ips_ports,ksf-v4-idsplit::
classical_ext,svc,12,matern15_med__svc__d12,matern15_med,ood_test,fixed_c1,1.0,,0.005217313766479492,0.78,0.7544642857142857,0.7541965355118969,0.8338368580060423,0.858792701863354,0.8280110617983467,port_protocol_service_ablation,39,36,3,ct_src_dport_ltm|ct_dst_sport_ltm|is_sm_ips_ports,ksf-v4-idsplit::
classical_ext,svc,12,matern15_med__svc__d12,matern15_med,id_val,train_cv,100.0,0.880972402405755,0.007550477981567383,0.9243027888446215,0.9239821882951653,0.9241293730213023,0.9277566539923955,0.9606870229007634,0.9682297808223668,port_protocol_service_ablation,39,36,3,ct_src_dport_ltm|ct_dst_sport_ltm|is_sm_ips_ports,ksf-v4-idsplit::
classical_ext,svc,12,matern15_med__svc__d12,matern15_med,id_test,train_cv,100.0,0.880972402405755,0.007550477981567383,0.927710843373494,0.9275694893341953,0.9275694893341953,0.9307692307692308,0.9762120232708469,0.9825489291035943,port_protocol_service_ablation,39,36,3,ct_src_dport_ltm|ct_dst_sport_ltm|is_sm_ips_ports,ksf-v4-idsplit::
classical_ext,svc,12,matern15_med__svc__d12,matern15_med,ood_test,train_cv,100.0,0.880972402405755,0.007550477981567383,0.79,0.7849702380952381,0.7863899908452854,0.8141592920353983,0.8862901138716356,0.8790314736824195,port_protocol_service_ablation,39,36,3,ct_src_dport_ltm|ct_dst_sport_ltm|is_sm_ips_ports,ksf-v4-idsplit::
classical_ext,svc,12,matern25_med__svc__d12,matern25_med,id_val,fixed_c1,1.0,,0.006286144256591797,0.9203187250996016,0.9177162849872773,0.9195203283314095,0.927536231884058,0.9569974554707379,0.9439819484570056,port_protocol_service_ablation,39,36,3,ct_src_dport_ltm|ct_dst_sport_ltm|is_sm_ips_ports,ksf-v4-idsplit::
classical_ext,svc,12,matern25_med__svc__d12,matern25_med,id_test,fixed_c1,1.0,,0.006286144256591797,0.9156626506024096,0.9117647058823529,0.9142463551831018,0.9252669039145908,0.9698771816418875,0.9573508787031688,port_protocol_service_ablation,39,36,3,ct_src_dport_ltm|ct_dst_sport_ltm|is_sm_ips_ports,ksf-v4-idsplit::
classical_ext,svc,12,matern25_med__svc__d12,matern25_med,ood_test,fixed_c1,1.0,,0.006286144256591797,0.78,0.7544642857142857,0.7541965355118969,0.8338368580060423,0.8506890527950312,0.8131734276836384,port_protocol_service_ablation,39,36,3,ct_src_dport_ltm|ct_dst_sport_ltm|is_sm_ips_ports,ksf-v4-idsplit::
classical_ext,svc,12,matern25_med__svc__d12,matern25_med,id_val,train_cv,10.0,0.8814602613506001,0.006998538970947266,0.9163346613545816,0.9149491094147583,0.915902165068526,0.9219330855018587,0.9579516539440203,0.9430568733092957,port_protocol_service_ablation,39,36,3,ct_src_dport_ltm|ct_dst_sport_ltm|is_sm_ips_ports,ksf-v4-idsplit::
classical_ext,svc,12,matern25_med__svc__d12,matern25_med,id_test,train_cv,10.0,0.8814602613506001,0.006998538970947266,0.9357429718875502,0.9341952165481577,0.9353666450356911,0.9402985074626866,0.9825468648998061,0.9815474154716864,port_protocol_service_ablation,39,36,3,ct_src_dport_ltm|ct_dst_sport_ltm|is_sm_ips_ports,ksf-v4-idsplit::
classical_ext,svc,12,matern25_med__svc__d12,matern25_med,ood_test,train_cv,10.0,0.8814602613506001,0.006998538970947266,0.836,0.8169642857142857,0.8233093723604143,0.8706624605678234,0.8879723084886129,0.8560397720656321,port_protocol_service_ablation,39,36,3,ct_src_dport_ltm|ct_dst_sport_ltm|is_sm_ips_ports,ksf-v4-idsplit::
classical_ext,svc,12,rbf_gscale_x0.1__svc__d12,rbf_gscale_x0.1,id_val,fixed_c1,1.0,,0.006311178207397461,0.9123505976095617,0.909382951653944,0.9113245118191162,0.920863309352518,0.9110050890585242,0.8743470463911143,port_protocol_service_ablation,39,36,3,ct_src_dport_ltm|ct_dst_sport_ltm|is_sm_ips_ports,ksf-v4-idsplit::
classical_ext,svc,12,rbf_gscale_x0.1__svc__d12,rbf_gscale_x0.1,id_test,fixed_c1,1.0,,0.006311178207397461,0.891566265060241,0.8883322559793148,0.8901775650554584,0.9025270758122743,0.9245636716224952,0.8920469250242307,port_protocol_service_ablation,39,36,3,ct_src_dport_ltm|ct_dst_sport_ltm|is_sm_ips_ports,ksf-v4-idsplit::
classical_ext,svc,12,rbf_gscale_x0.1__svc__d12,rbf_gscale_x0.1,ood_test,fixed_c1,1.0,,0.006311178207397461,0.754,0.7254464285714286,0.7196581196581197,0.8177777777777778,0.7250582298136645,0.705243351892506,port_protocol_service_ablation,39,36,3,ct_src_dport_ltm|ct_dst_sport_ltm|is_sm_ips_ports,ksf-v4-idsplit::
classical_ext,svc,12,rbf_gscale_x0.1__svc__d12,rbf_gscale_x0.1,id_val,train_cv,100.0,0.8794671213707723,0.010998725891113281,0.9163346613545816,0.9138994910941476,0.9155626752102523,0.9236363636363636,0.9520356234096692,0.9391229354922284,port_protocol_service_ablation,39,36,3,ct_src_dport_ltm|ct_dst_sport_ltm|is_sm_ips_ports,ksf-v4-idsplit::
classical_ext,svc,12,rbf_gscale_x0.1__svc__d12,rbf_gscale_x0.1,id_test,train_cv,100.0,0.8794671213707723,0.010998725891113281,0.9317269076305221,0.9285714285714286,0.9308525409608442,0.9386281588447654,0.9791208791208791,0.970000698461782,port_protocol_service_ablation,39,36,3,ct_src_dport_ltm|ct_dst_sport_ltm|is_sm_ips_ports,ksf-v4-idsplit::
classical_ext,svc,12,rbf_gscale_x0.1__svc__d12,rbf_gscale_x0.1,ood_test,train_cv,100.0,0.8794671213707723,0.010998725891113281,0.794,0.7700892857142857,0.7720986834826862,0.8427480916030534,0.9046163302277433,0.892933094602045,port_protocol_service_ablation,39,36,3,ct_src_dport_ltm|ct_dst_sport_ltm|is_sm_ips_ports,ksf-v4-idsplit::
classical_ext,svc,12,rbf_gscale_x0.3__svc__d12,rbf_gscale_x0.3,id_val,fixed_c1,1.0,,0.004999876022338867,0.9123505976095617,0.9090330788804071,0.9111647361647361,0.9214285714285714,0.9511450381679389,0.9424465619311874,port_protocol_service_ablation,39,36,3,ct_src_dport_ltm|ct_dst_sport_ltm|is_sm_ips_ports,ksf-v4-idsplit::
classical_ext,svc,12,rbf_gscale_x0.3__svc__d12,rbf_gscale_x0.3,id_test,fixed_c1,1.0,,0.004999876022338867,0.9116465863453815,0.907563025210084,0.9100669818754925,0.9219858156028369,0.9460245636716225,0.903891953121732,port_protocol_service_ablation,39,36,3,ct_src_dport_ltm|ct_dst_sport_ltm|is_sm_ips_ports,ksf-v4-idsplit::
classical_ext,svc,12,rbf_gscale_x0.3__svc__d12,rbf_gscale_x0.3,ood_test,fixed_c1,1.0,,0.004999876022338867,0.754,0.7254464285714286,0.7196581196581197,0.8177777777777778,0.7479134316770186,0.7101586542041841,port_protocol_service_ablation,39,36,3,ct_src_dport_ltm|ct_dst_sport_ltm|is_sm_ips_ports,ksf-v4-idsplit::
classical_ext,svc,12,rbf_gscale_x0.3__svc__d12,rbf_gscale_x0.3,id_val,train_cv,100.0,0.8812693603730535,0.01100015640258789,0.9123505976095617,0.9114821882951654,0.9120364470498279,0.9172932330827067,0.9521628498727736,0.9462814183081873,port_protocol_service_ablation,39,36,3,ct_src_dport_ltm|ct_dst_sport_ltm|is_sm_ips_ports,ksf-v4-idsplit::
classical_ext,svc,12,rbf_gscale_x0.3__svc__d12,rbf_gscale_x0.3,id_test,train_cv,100.0,0.8812693603730535,0.01100015640258789,0.9317269076305221,0.9303490627020039,0.9313682572109538,0.9363295880149812,0.9840336134453781,0.9834106473229447,port_protocol_service_ablation,39,36,3,ct_src_dport_ltm|ct_dst_sport_ltm|is_sm_ips_ports,ksf-v4-idsplit::
classical_ext,svc,12,rbf_gscale_x0.3__svc__d12,rbf_gscale_x0.3,ood_test,train_cv,100.0,0.8812693603730535,0.01100015640258789,0.83,0.8127911490683231,0.8186666666666667,0.864,0.8945393374741202,0.871434141100523,port_protocol_service_ablation,39,36,3,ct_src_dport_ltm|ct_dst_sport_ltm|is_sm_ips_ports,ksf-v4-idsplit::
classical_ext,svc,12,rbf_gscale_x3__svc__d12,rbf_gscale_x3,id_val,fixed_c1,1.0,,0.0052912235260009766,0.9163346613545816,0.9145992366412214,0.91580006709158,0.922509225092251,0.9604325699745546,0.9435802474843311,port_protocol_service_ablation,39,36,3,ct_src_dport_ltm|ct_dst_sport_ltm|is_sm_ips_ports,ksf-v4-idsplit::
classical_ext,svc,12,rbf_gscale_x3__svc__d12,rbf_gscale_x3,id_test,fixed_c1,1.0,,0.0052912235260009766,0.9156626506024096,0.9135423400129283,0.9149991059381959,0.922509225092251,0.9798319327731093,0.9798184774389703,port_protocol_service_ablation,39,36,3,ct_src_dport_ltm|ct_dst_sport_ltm|is_sm_ips_ports,ksf-v4-idsplit::
classical_ext,svc,12,rbf_gscale_x3__svc__d12,rbf_gscale_x3,ood_test,fixed_c1,1.0,,0.0052912235260009766,0.806,0.7851643374741202,0.7892394804427274,0.8486739469578783,0.8808876811594204,0.8509958156187921,port_protocol_service_ablation,39,36,3,ct_src_dport_ltm|ct_dst_sport_ltm|is_sm_ips_ports,ksf-v4-idsplit::
classical_ext,svc,12,rbf_gscale_x3__svc__d12,rbf_gscale_x3,id_val,train_cv,100.0,0.8827646323999291,0.011006355285644531,0.9123505976095617,0.9121819338422392,0.9121819338422392,0.916030534351145,0.9595419847328244,0.9640105736924808,port_protocol_service_ablation,39,36,3,ct_src_dport_ltm|ct_dst_sport_ltm|is_sm_ips_ports,ksf-v4-idsplit::
classical_ext,svc,12,rbf_gscale_x3__svc__d12,rbf_gscale_x3,id_test,train_cv,100.0,0.8827646323999291,0.011006355285644531,0.9076305220883534,0.9083387201034261,0.9075768579036553,0.9098039215686274,0.9751131221719458,0.9788254477980424,port_protocol_service_ablation,39,36,3,ct_src_dport_ltm|ct_dst_sport_ltm|is_sm_ips_ports,ksf-v4-idsplit::
classical_ext,svc,12,rbf_gscale_x3__svc__d12,rbf_gscale_x3,ood_test,train_cv,100.0,0.8827646323999291,0.011006355285644531,0.786,0.7805059523809523,0.7820871569909291,0.8112874779541446,0.8739001035196687,0.869104002120908,port_protocol_service_ablation,39,36,3,ct_src_dport_ltm|ct_dst_sport_ltm|is_sm_ips_ports,ksf-v4-idsplit::
classical_ext,svc,12,rbf_gscale_x10__svc__d12,rbf_gscale_x10,id_val,fixed_c1,1.0,,0.006445646286010742,0.900398406374502,0.9000318066157761,0.9001702276596083,0.9049429657794676,0.9617048346055981,0.970688644847167,port_protocol_service_ablation,39,36,3,ct_src_dport_ltm|ct_dst_sport_ltm|is_sm_ips_ports,ksf-v4-idsplit::
classical_ext,svc,12,rbf_gscale_x10__svc__d12,rbf_gscale_x10,id_test,fixed_c1,1.0,,0.006445646286010742,0.9156626506024096,0.9153199741435036,0.9154663174741743,0.9195402298850575,0.9748545572074984,0.9756432493461344,port_protocol_service_ablation,39,36,3,ct_src_dport_ltm|ct_dst_sport_ltm|is_sm_ips_ports,ksf-v4-idsplit::
classical_ext,svc,12,rbf_gscale_x10__svc__d12,rbf_gscale_x10,ood_test,fixed_c1,1.0,,0.006445646286010742,0.768,0.7620988612836439,0.7636280646844027,0.795774647887324,0.8664758022774327,0.8476834142906294,port_protocol_service_ablation,39,36,3,ct_src_dport_ltm|ct_dst_sport_ltm|is_sm_ips_ports,ksf-v4-idsplit::
classical_ext,svc,12,rbf_gscale_x10__svc__d12,rbf_gscale_x10,id_val,train_cv,100.0,0.8846468311865294,0.012688398361206055,0.9282868525896414,0.9288486005089058,0.928231033168128,0.9302325581395349,0.9406488549618319,0.9202485172918378,port_protocol_service_ablation,39,36,3,ct_src_dport_ltm|ct_dst_sport_ltm|is_sm_ips_ports,ksf-v4-idsplit::
classical_ext,svc,12,rbf_gscale_x10__svc__d12,rbf_gscale_x10,id_test,train_cv,100.0,0.8846468311865294,0.012688398361206055,0.9036144578313253,0.9048480930833872,0.9036004645760743,0.9047619047619048,0.9434389140271493,0.9459997613700938,port_protocol_service_ablation,39,36,3,ct_src_dport_ltm|ct_dst_sport_ltm|is_sm_ips_ports,ksf-v4-idsplit::
classical_ext,svc,12,rbf_gscale_x10__svc__d12,rbf_gscale_x10,ood_test,train_cv,100.0,0.8846468311865294,0.012688398361206055,0.754,0.7515204451345756,0.7514137082203243,0.7767695099818511,0.8282543995859213,0.8112302598941759,port_protocol_service_ablation,39,36,3,ct_src_dport_ltm|ct_dst_sport_ltm|is_sm_ips_ports,ksf-v4-idsplit::
classical_ext,svc,12,laplacian_med_x0.1__svc__d12,laplacian_med_x0.1,id_val,fixed_c1,1.0,,0.008708000183105469,0.900398406374502,0.9010814249363868,0.9003414595410149,0.9027237354085603,0.9658396946564884,0.9683002857372498,port_protocol_service_ablation,39,36,3,ct_src_dport_ltm|ct_dst_sport_ltm|is_sm_ips_ports,ksf-v4-idsplit::
classical_ext,svc,12,laplacian_med_x0.1__svc__d12,laplacian_med_x0.1,id_test,fixed_c1,1.0,,0.008708000183105469,0.9116465863453815,0.9114738202973497,0.9114738202973497,0.9153846153846154,0.9729153199741436,0.972709921050816,port_protocol_service_ablation,39,36,3,ct_src_dport_ltm|ct_dst_sport_ltm|is_sm_ips_ports,ksf-v4-idsplit::
classical_ext,svc,12,laplacian_med_x0.1__svc__d12,laplacian_med_x0.1,ood_test,fixed_c1,1.0,,0.008708000183105469,0.79,0.7845496894409938,0.7861602942434351,0.8148148148148148,0.8765689699792961,0.9011399036825468,port_protocol_service_ablation,39,36,3,ct_src_dport_ltm|ct_dst_sport_ltm|is_sm_ips_ports,ksf-v4-idsplit::
classical_ext,svc,12,laplacian_med_x0.1__svc__d12,laplacian_med_x0.1,id_val,train_cv,1.0,0.8704121690290492,0.008000373840332031,0.900398406374502,0.9010814249363868,0.9003414595410149,0.9027237354085603,0.9658396946564884,0.9683002857372498,port_protocol_service_ablation,39,36,3,ct_src_dport_ltm|ct_dst_sport_ltm|is_sm_ips_ports,ksf-v4-idsplit::
classical_ext,svc,12,laplacian_med_x0.1__svc__d12,laplacian_med_x0.1,id_test,train_cv,1.0,0.8704121690290492,0.008000373840332031,0.9116465863453815,0.9114738202973497,0.9114738202973497,0.9153846153846154,0.9729153199741436,0.972709921050816,port_protocol_service_ablation,39,36,3,ct_src_dport_ltm|ct_dst_sport_ltm|is_sm_ips_ports,ksf-v4-idsplit::
classical_ext,svc,12,laplacian_med_x0.1__svc__d12,laplacian_med_x0.1,ood_test,train_cv,1.0,0.8704121690290492,0.008000373840332031,0.79,0.7845496894409938,0.7861602942434351,0.8148148148148148,0.8765689699792961,0.9011399036825468,port_protocol_service_ablation,39,36,3,ct_src_dport_ltm|ct_dst_sport_ltm|is_sm_ips_ports,ksf-v4-idsplit::
classical_ext,svc,12,laplacian_med_x0.3__svc__d12,laplacian_med_x0.3,id_val,fixed_c1,1.0,,0.006855964660644531,0.896414342629482,0.8951653944020357,0.8959369817578773,0.9029850746268657,0.9692111959287533,0.973446116390328,port_protocol_service_ablation,39,36,3,ct_src_dport_ltm|ct_dst_sport_ltm|is_sm_ips_ports,ksf-v4-idsplit::
classical_ext,svc,12,laplacian_med_x0.3__svc__d12,laplacian_med_x0.3,id_test,fixed_c1,1.0,,0.006855964660644531,0.9236947791164659,0.9226567550096962,0.9233784112073853,0.9283018867924528,0.9828700711053652,0.9837304915156964,port_protocol_service_ablation,39,36,3,ct_src_dport_ltm|ct_dst_sport_ltm|is_sm_ips_ports,ksf-v4-idsplit::
classical_ext,svc,12,laplacian_med_x0.3__svc__d12,laplacian_med_x0.3,ood_test,fixed_c1,1.0,,0.006855964660644531,0.79,0.776559265010352,0.7803117480908045,0.8264462809917356,0.8900427018633541,0.8965810891826611,port_protocol_service_ablation,39,36,3,ct_src_dport_ltm|ct_dst_sport_ltm|is_sm_ips_ports,ksf-v4-idsplit::
classical_ext,svc,12,laplacian_med_x0.3__svc__d12,laplacian_med_x0.3,id_val,train_cv,10.0,0.8984800102143211,0.0070002079010009766,0.9203187250996016,0.9201653944020356,0.9201653944020356,0.9236641221374046,0.9714376590330789,0.9739959085679065,port_protocol_service_ablation,39,36,3,ct_src_dport_ltm|ct_dst_sport_ltm|is_sm_ips_ports,ksf-v4-idsplit::
classical_ext,svc,12,laplacian_med_x0.3__svc__d12,laplacian_med_x0.3,id_test,train_cv,10.0,0.8984800102143211,0.0070002079010009766,0.9236947791164659,0.9237233354880414,0.9235715093455679,0.9266409266409267,0.9882999353587589,0.9894508700688579,port_protocol_service_ablation,39,36,3,ct_src_dport_ltm|ct_dst_sport_ltm|is_sm_ips_ports,ksf-v4-idsplit::
classical_ext,svc,12,laplacian_med_x0.3__svc__d12,laplacian_med_x0.3,ood_test,train_cv,10.0,0.8984800102143211,0.0070002079010009766,0.766,0.7632311076604554,0.7633408983336772,0.7884267631103075,0.879205486542443,0.8996638051850074,port_protocol_service_ablation,39,36,3,ct_src_dport_ltm|ct_dst_sport_ltm|is_sm_ips_ports,ksf-v4-idsplit::
classical_ext,svc,12,laplacian_med_x3__svc__d12,laplacian_med_x3,id_val,fixed_c1,1.0,,0.005998849868774414,0.9243027888446215,0.921533078880407,0.9234817488969114,0.9314079422382672,0.9645674300254453,0.9650904942714248,port_protocol_service_ablation,39,36,3,ct_src_dport_ltm|ct_dst_sport_ltm|is_sm_ips_ports,ksf-v4-idsplit::
classical_ext,svc,12,laplacian_med_x3__svc__d12,laplacian_med_x3,id_test,fixed_c1,1.0,,0.005998849868774414,0.9156626506024096,0.9117647058823529,0.9142463551831018,0.9252669039145908,0.9714285714285714,0.9547279730140203,port_protocol_service_ablation,39,36,3,ct_src_dport_ltm|ct_dst_sport_ltm|is_sm_ips_ports,ksf-v4-idsplit::
classical_ext,svc,12,laplacian_med_x3__svc__d12,laplacian_med_x3,ood_test,fixed_c1,1.0,,0.005998849868774414,0.78,0.7544642857142857,0.7541965355118969,0.8338368580060423,0.8502038043478259,0.8469213098902048,port_protocol_service_ablation,39,36,3,ct_src_dport_ltm|ct_dst_sport_ltm|is_sm_ips_ports,ksf-v4-idsplit::
classical_ext,svc,12,laplacian_med_x3__svc__d12,laplacian_med_x3,id_val,train_cv,10.0,0.8949459321081281,0.0050008296966552734,0.9043824701195219,0.9031488549618321,0.9039418293149637,0.9104477611940298,0.9722010178117049,0.973161050358587,port_protocol_service_ablation,39,36,3,ct_src_dport_ltm|ct_dst_sport_ltm|is_sm_ips_ports,ksf-v4-idsplit::
classical_ext,svc,12,laplacian_med_x3__svc__d12,laplacian_med_x3,id_test,train_cv,10.0,0.8949459321081281,0.0050008296966552734,0.9236947791164659,0.9230122818358113,0.9234527950813041,0.9277566539923955,0.9846800258564965,0.9835168161693202,port_protocol_service_ablation,39,36,3,ct_src_dport_ltm|ct_dst_sport_ltm|is_sm_ips_ports,ksf-v4-idsplit::
classical_ext,svc,12,laplacian_med_x3__svc__d12,laplacian_med_x3,ood_test,train_cv,10.0,0.8949459321081281,0.0050008296966552734,0.81,0.7976190476190477,0.8019174391886539,0.8419301164725458,0.8965288561076605,0.9004363927563184,port_protocol_service_ablation,39,36,3,ct_src_dport_ltm|ct_dst_sport_ltm|is_sm_ips_ports,ksf-v4-idsplit::
classical_ext,svc,12,laplacian_med_x10__svc__d12,laplacian_med_x10,id_val,fixed_c1,1.0,,0.004999637603759766,0.9123505976095617,0.9090330788804071,0.9111647361647361,0.9214285714285714,0.9583333333333334,0.9534008043027791,port_protocol_service_ablation,39,36,3,ct_src_dport_ltm|ct_dst_sport_ltm|is_sm_ips_ports,ksf-v4-idsplit::
classical_ext,svc,12,laplacian_med_x10__svc__d12,laplacian_med_x10,id_test,fixed_c1,1.0,,0.004999637603759766,0.9116465863453815,0.907563025210084,0.9100669818754925,0.9219858156028369,0.9550743374272785,0.9258327773389369,port_protocol_service_ablation,39,36,3,ct_src_dport_ltm|ct_dst_sport_ltm|is_sm_ips_ports,ksf-v4-idsplit::
classical_ext,svc,12,laplacian_med_x10__svc__d12,laplacian_med_x10,ood_test,fixed_c1,1.0,,0.004999637603759766,0.754,0.7254464285714286,0.7196581196581197,0.8177777777777778,0.8171745600414078,0.7957884578445195,port_protocol_service_ablation,39,36,3,ct_src_dport_ltm|ct_dst_sport_ltm|is_sm_ips_ports,ksf-v4-idsplit::
classical_ext,svc,12,laplacian_med_x10__svc__d12,laplacian_med_x10,id_val,train_cv,100.0,0.8989806851807651,0.0060045719146728516,0.9203187250996016,0.9194656488549618,0.9200331336816618,0.924812030075188,0.9729007633587786,0.9762071462092993,port_protocol_service_ablation,39,36,3,ct_src_dport_ltm|ct_dst_sport_ltm|is_sm_ips_ports,ksf-v4-idsplit::
classical_ext,svc,12,laplacian_med_x10__svc__d12,laplacian_med_x10,id_test,train_cv,100.0,0.8989806851807651,0.0060045719146728516,0.9236947791164659,0.9237233354880414,0.9235715093455679,0.9266409266409267,0.9886877828054299,0.9896466758140683,port_protocol_service_ablation,39,36,3,ct_src_dport_ltm|ct_dst_sport_ltm|is_sm_ips_ports,ksf-v4-idsplit::
classical_ext,svc,12,laplacian_med_x10__svc__d12,laplacian_med_x10,ood_test,train_cv,100.0,0.8989806851807651,0.0060045719146728516,0.804,0.796389751552795,0.7991111694189803,0.8304498269896193,0.8896545031055901,0.8857894021447923,port_protocol_service_ablation,39,36,3,ct_src_dport_ltm|ct_dst_sport_ltm|is_sm_ips_ports,ksf-v4-idsplit::
classical_ext,svc,12,matern15_med_x0.1__svc__d12,matern15_med_x0.1,id_val,fixed_c1,1.0,,0.008002758026123047,0.9043824701195219,0.9052480916030534,0.9043445121951219,0.90625,0.9576335877862596,0.9628009207753015,port_protocol_service_ablation,39,36,3,ct_src_dport_ltm|ct_dst_sport_ltm|is_sm_ips_ports,ksf-v4-idsplit::
classical_ext,svc,12,matern15_med_x0.1__svc__d12,matern15_med_x0.1,id_test,fixed_c1,1.0,,0.008002758026123047,0.8995983935742972,0.9002908855850031,0.8995400629387558,0.9019607843137255,0.9676147382029735,0.967334267252087,port_protocol_service_ablation,39,36,3,ct_src_dport_ltm|ct_dst_sport_ltm|is_sm_ips_ports,ksf-v4-idsplit::
classical_ext,svc,12,matern15_med_x0.1__svc__d12,matern15_med_x0.1,ood_test,fixed_c1,1.0,,0.008002758026123047,0.79,0.7858113354037267,0.7868271350785085,0.8128342245989305,0.8662978778467909,0.8903075449042287,port_protocol_service_ablation,39,36,3,ct_src_dport_ltm|ct_dst_sport_ltm|is_sm_ips_ports,ksf-v4-idsplit::
classical_ext,svc,12,matern15_med_x0.1__svc__d12,matern15_med_x0.1,id_val,train_cv,10.0,0.8624345404453753,0.007999420166015625,0.896414342629482,0.897614503816794,0.8963995427990856,0.8976377952755905,0.962086513994911,0.9667315514522541,port_protocol_service_ablation,39,36,3,ct_src_dport_ltm|ct_dst_sport_ltm|is_sm_ips_ports,ksf-v4-idsplit::
classical_ext,svc,12,matern15_med_x0.1__svc__d12,matern15_med_x0.1,id_test,train_cv,10.0,0.8624345404453753,0.007999420166015625,0.8835341365461847,0.8849062702003878,0.8835266222559156,0.8844621513944223,0.96289592760181,0.9670428873020488,port_protocol_service_ablation,39,36,3,ct_src_dport_ltm|ct_dst_sport_ltm|is_sm_ips_ports,ksf-v4-idsplit::
classical_ext,svc,12,matern15_med_x0.1__svc__d12,matern15_med_x0.1,ood_test,train_cv,10.0,0.8624345404453753,0.007999420166015625,0.782,0.7819293478260869,0.7805242450235383,0.7985212569316081,0.8625452898550724,0.883476154900785,port_protocol_service_ablation,39,36,3,ct_src_dport_ltm|ct_dst_sport_ltm|is_sm_ips_ports,ksf-v4-idsplit::
classical_ext,svc,12,matern15_med_x0.3__svc__d12,matern15_med_x0.3,id_val,fixed_c1,1.0,,0.004999876022338867,0.9043824701195219,0.9031488549618321,0.9039418293149637,0.9104477611940298,0.9688295165394402,0.9731569807240997,port_protocol_service_ablation,39,36,3,ct_src_dport_ltm|ct_dst_sport_ltm|is_sm_ips_ports,ksf-v4-idsplit::
classical_ext,svc,12,matern15_med_x0.3__svc__d12,matern15_med_x0.3,id_test,fixed_c1,1.0,,0.004999876022338867,0.9236947791164659,0.9223012281835812,0.9232939345298896,0.9288389513108615,0.979573367808662,0.9805242133846799,port_protocol_service_ablation,39,36,3,ct_src_dport_ltm|ct_dst_sport_ltm|is_sm_ips_ports,ksf-v4-idsplit::
classical_ext,svc,12,matern15_med_x0.3__svc__d12,matern15_med_x0.3,ood_test,fixed_c1,1.0,,0.004999876022338867,0.796,0.7828351449275363,0.786775035119406,0.8311258278145696,0.8768277691511388,0.8597737711659607,port_protocol_service_ablation,39,36,3,ct_src_dport_ltm|ct_dst_sport_ltm|is_sm_ips_ports,ksf-v4-idsplit::
classical_ext,svc,12,matern15_med_x0.3__svc__d12,matern15_med_x0.3,id_val,train_cv,100.0,0.8850363965389363,0.008559942245483398,0.9163346613545816,0.9163486005089059,0.9162016502122383,0.9195402298850575,0.9603053435114504,0.9616625990682821,port_protocol_service_ablation,39,36,3,ct_src_dport_ltm|ct_dst_sport_ltm|is_sm_ips_ports,ksf-v4-idsplit::
classical_ext,svc,12,matern15_med_x0.3__svc__d12,matern15_med_x0.3,id_test,train_cv,100.0,0.8850363965389363,0.008559942245483398,0.9036144578313253,0.9041370394311571,0.9035382231404958,0.90625,0.9535875888817065,0.9662072419603291,port_protocol_service_ablation,39,36,3,ct_src_dport_ltm|ct_dst_sport_ltm|is_sm_ips_ports,ksf-v4-idsplit::
classical_ext,svc,12,matern15_med_x0.3__svc__d12,matern15_med_x0.3,ood_test,train_cv,100.0,0.8850363965389363,0.008559942245483398,0.774,0.7730007763975155,0.7721544510535336,0.7926605504587156,0.8531799948240165,0.8519102727804713,port_protocol_service_ablation,39,36,3,ct_src_dport_ltm|ct_dst_sport_ltm|is_sm_ips_ports,ksf-v4-idsplit::
classical_ext,svc,12,matern15_med_x3__svc__d12,matern15_med_x3,id_val,fixed_c1,1.0,,0.006281375885009766,0.9123505976095617,0.9090330788804071,0.9111647361647361,0.9214285714285714,0.931997455470738,0.8880529019147919,port_protocol_service_ablation,39,36,3,ct_src_dport_ltm|ct_dst_sport_ltm|is_sm_ips_ports,ksf-v4-idsplit::
classical_ext,svc,12,matern15_med_x3__svc__d12,matern15_med_x3,id_test,fixed_c1,1.0,,0.006281375885009766,0.9116465863453815,0.907563025210084,0.9100669818754925,0.9219858156028369,0.9376212023270847,0.9096408897486048,port_protocol_service_ablation,39,36,3,ct_src_dport_ltm|ct_dst_sport_ltm|is_sm_ips_ports,ksf-v4-idsplit::
classical_ext,svc,12,matern15_med_x3__svc__d12,matern15_med_x3,ood_test,fixed_c1,1.0,,0.006281375885009766,0.754,0.7254464285714286,0.7196581196581197,0.8177777777777778,0.77537849378882,0.7104647819850238,port_protocol_service_ablation,39,36,3,ct_src_dport_ltm|ct_dst_sport_ltm|is_sm_ips_ports,ksf-v4-idsplit::
classical_ext,svc,12,matern15_med_x3__svc__d12,matern15_med_x3,id_val,train_cv,100.0,0.8832819008261282,0.009714841842651367,0.9123505976095617,0.9111323155216284,0.91194667687205,0.917910447761194,0.9566793893129771,0.95357453964291,port_protocol_service_ablation,39,36,3,ct_src_dport_ltm|ct_dst_sport_ltm|is_sm_ips_ports,ksf-v4-idsplit::
classical_ext,svc,12,matern15_med_x3__svc__d12,matern15_med_x3,id_test,train_cv,100.0,0.8832819008261282,0.009714841842651367,0.9317269076305221,0.9303490627020039,0.9313682572109538,0.9363295880149812,0.9824822236586943,0.9805933575288464,port_protocol_service_ablation,39,36,3,ct_src_dport_ltm|ct_dst_sport_ltm|is_sm_ips_ports,ksf-v4-idsplit::
classical_ext,svc,12,matern15_med_x3__svc__d12,matern15_med_x3,ood_test,train_cv,100.0,0.8832819008261282,0.009714841842651367,0.834,0.8151526915113871,0.8213601594414384,0.8688783570300158,0.893261516563147,0.8709154740890999,port_protocol_service_ablation,39,36,3,ct_src_dport_ltm|ct_dst_sport_ltm|is_sm_ips_ports,ksf-v4-idsplit::
classical_ext,svc,12,matern15_med_x10__svc__d12,matern15_med_x10,id_val,fixed_c1,1.0,,0.006999015808105469,0.8725099601593626,0.8712150127226463,0.8719224390866183,0.8805970149253731,0.9520992366412214,0.9570274494900504,port_protocol_service_ablation,39,36,3,ct_src_dport_ltm|ct_dst_sport_ltm|is_sm_ips_ports,ksf-v4-idsplit::
classical_ext,svc,12,matern15_med_x10__svc__d12,matern15_med_x10,id_test,fixed_c1,1.0,,0.006999015808105469,0.8554216867469879,0.8533613445378152,0.8543859649122807,0.8666666666666667,0.9400775694893342,0.9228054364486835,port_protocol_service_ablation,39,36,3,ct_src_dport_ltm|ct_dst_sport_ltm|is_sm_ips_ports,ksf-v4-idsplit::
classical_ext,svc,12,matern15_med_x10__svc__d12,matern15_med_x10,ood_test,fixed_c1,1.0,,0.006999015808105469,0.754,0.7258669772256728,0.7205447332906199,0.8172362555720654,0.8711988871635611,0.8620265561542334,port_protocol_service_ablation,39,36,3,ct_src_dport_ltm|ct_dst_sport_ltm|is_sm_ips_ports,ksf-v4-idsplit::
classical_ext,svc,12,matern15_med_x10__svc__d12,matern15_med_x10,id_val,train_cv,100.0,0.8759948376615878,0.006291389465332031,0.9123505976095617,0.9090330788804071,0.9111647361647361,0.9214285714285714,0.9520356234096692,0.9387915237333464,port_protocol_service_ablation,39,36,3,ct_src_dport_ltm|ct_dst_sport_ltm|is_sm_ips_ports,ksf-v4-idsplit::
classical_ext,svc,12,matern15_med_x10__svc__d12,matern15_med_x10,id_test,train_cv,100.0,0.8759948376615878,0.006291389465332031,0.9116465863453815,0.907563025210084,0.9100669818754925,0.9219858156028369,0.9516483516483516,0.9170007761405002,port_protocol_service_ablation,39,36,3,ct_src_dport_ltm|ct_dst_sport_ltm|is_sm_ips_ports,ksf-v4-idsplit::
classical_ext,svc,12,matern15_med_x10__svc__d12,matern15_med_x10,ood_test,train_cv,100.0,0.8759948376615878,0.006291389465332031,0.754,0.7254464285714286,0.7196581196581197,0.8177777777777778,0.7609827898550725,0.7183485753954463,port_protocol_service_ablation,39,36,3,ct_src_dport_ltm|ct_dst_sport_ltm|is_sm_ips_ports,ksf-v4-idsplit::
classical_ext,svc,12,matern25_med_x0.1__svc__d12,matern25_med_x0.1,id_val,fixed_c1,1.0,,0.008901357650756836,0.900398406374502,0.9014312977099237,0.9003731047074701,0.9019607843137255,0.9561704834605597,0.9593667583915122,port_protocol_service_ablation,39,36,3,ct_src_dport_ltm|ct_dst_sport_ltm|is_sm_ips_ports,ksf-v4-idsplit::
classical_ext,svc,12,matern25_med_x0.1__svc__d12,matern25_med_x0.1,id_test,fixed_c1,1.0,,0.008901357650756836,0.8995983935742972,0.9002908855850031,0.8995400629387558,0.9019607843137255,0.9664511958629606,0.9664943441927423,port_protocol_service_ablation,39,36,3,ct_src_dport_ltm|ct_dst_sport_ltm|is_sm_ips_ports,ksf-v4-idsplit::
classical_ext,svc,12,matern25_med_x0.1__svc__d12,matern25_med_x0.1,ood_test,fixed_c1,1.0,,0.008901357650756836,0.788,0.7835791925465838,0.7846893839678903,0.8113879003558719,0.8643892339544514,0.8818056811992676,port_protocol_service_ablation,39,36,3,ct_src_dport_ltm|ct_dst_sport_ltm|is_sm_ips_ports,ksf-v4-idsplit::
classical_ext,svc,12,matern25_med_x0.1__svc__d12,matern25_med_x0.1,id_val,train_cv,10.0,0.8615344595392264,0.008005619049072266,0.8924302788844621,0.8937977099236641,0.892423448735654,0.8932806324110671,0.9568702290076336,0.9598182223111555,port_protocol_service_ablation,39,36,3,ct_src_dport_ltm|ct_dst_sport_ltm|is_sm_ips_ports,ksf-v4-idsplit::
classical_ext,svc,12,matern25_med_x0.1__svc__d12,matern25_med_x0.1,id_test,train_cv,10.0,0.8615344595392264,0.008005619049072266,0.8755020080321285,0.87650290885585,0.8754698717431637,0.8774703557312253,0.9541693600517129,0.9629125698050572,port_protocol_service_ablation,39,36,3,ct_src_dport_ltm|ct_dst_sport_ltm|is_sm_ips_ports,ksf-v4-idsplit::
classical_ext,svc,12,matern25_med_x0.1__svc__d12,matern25_med_x0.1,ood_test,train_cv,10.0,0.8615344595392264,0.008005619049072266,0.8,0.7978131469979296,0.7978131469979296,0.8188405797101449,0.863079063146998,0.8791945396524705,port_protocol_service_ablation,39,36,3,ct_src_dport_ltm|ct_dst_sport_ltm|is_sm_ips_ports,ksf-v4-idsplit::
classical_ext,svc,12,matern25_med_x0.3__svc__d12,matern25_med_x0.3,id_val,fixed_c1,1.0,,0.006000041961669922,0.900398406374502,0.8993320610687023,0.8999920312375488,0.9063670411985019,0.9706106870229007,0.9759985736272049,port_protocol_service_ablation,39,36,3,ct_src_dport_ltm|ct_dst_sport_ltm|is_sm_ips_ports,ksf-v4-idsplit::
classical_ext,svc,12,matern25_med_x0.3__svc__d12,matern25_med_x0.3,id_test,fixed_c1,1.0,,0.006000041961669922,0.9236947791164659,0.9223012281835812,0.9232939345298896,0.9288389513108615,0.9790562378797673,0.9794482024283195,port_protocol_service_ablation,39,36,3,ct_src_dport_ltm|ct_dst_sport_ltm|is_sm_ips_ports,ksf-v4-idsplit::
classical_ext,svc,12,matern25_med_x0.3__svc__d12,matern25_med_x0.3,ood_test,fixed_c1,1.0,,0.006000041961669922,0.802,0.7874288302277432,0.7917359127226218,0.8379705400981997,0.8791569616977226,0.863203173715288,port_protocol_service_ablation,39,36,3,ct_src_dport_ltm|ct_dst_sport_ltm|is_sm_ips_ports,ksf-v4-idsplit::
classical_ext,svc,12,matern25_med_x0.3__svc__d12,matern25_med_x0.3,id_val,train_cv,100.0,0.8950161635856887,0.008000850677490234,0.9282868525896414,0.9284987277353689,0.9281945327399873,0.9307692307692308,0.9522264631043256,0.9523151586463775,port_protocol_service_ablation,39,36,3,ct_src_dport_ltm|ct_dst_sport_ltm|is_sm_ips_ports,ksf-v4-idsplit::
classical_ext,svc,12,matern25_med_x0.3__svc__d12,matern25_med_x0.3,id_test,train_cv,100.0,0.8950161635856887,0.008000850677490234,0.9116465863453815,0.9121848739495799,0.9115767045454546,0.9140625,0.9565610859728507,0.9607118383669597,port_protocol_service_ablation,39,36,3,ct_src_dport_ltm|ct_dst_sport_ltm|is_sm_ips_ports,ksf-v4-idsplit::
classical_ext,svc,12,matern25_med_x0.3__svc__d12,matern25_med_x0.3,ood_test,train_cv,100.0,0.8950161635856887,0.008000850677490234,0.768,0.7629399585921326,0.7641355976315961,0.7943262411347518,0.84962150621118,0.8351592126726626,port_protocol_service_ablation,39,36,3,ct_src_dport_ltm|ct_dst_sport_ltm|is_sm_ips_ports,ksf-v4-idsplit::
classical_ext,svc,12,matern25_med_x3__svc__d12,matern25_med_x3,id_val,fixed_c1,1.0,,0.0050013065338134766,0.900398406374502,0.8979325699745547,0.8994793752503003,0.9090909090909091,0.9055979643765903,0.8666924480022998,port_protocol_service_ablation,39,36,3,ct_src_dport_ltm|ct_dst_sport_ltm|is_sm_ips_ports,ksf-v4-idsplit::
classical_ext,svc,12,matern25_med_x3__svc__d12,matern25_med_x3,id_test,fixed_c1,1.0,,0.0050013065338134766,0.8835341365461847,0.8806399482870071,0.8822503057480635,0.8945454545454545,0.9140271493212669,0.8788639810899258,port_protocol_service_ablation,39,36,3,ct_src_dport_ltm|ct_dst_sport_ltm|is_sm_ips_ports,ksf-v4-idsplit::
classical_ext,svc,12,matern25_med_x3__svc__d12,matern25_med_x3,ood_test,fixed_c1,1.0,,0.0050013065338134766,0.754,0.7254464285714286,0.7196581196581197,0.8177777777777778,0.7150297619047619,0.6869069427481119,port_protocol_service_ablation,39,36,3,ct_src_dport_ltm|ct_dst_sport_ltm|is_sm_ips_ports,ksf-v4-idsplit::
classical_ext,svc,12,matern25_med_x3__svc__d12,matern25_med_x3,id_val,train_cv,100.0,0.881419607775203,0.010344505310058594,0.9203187250996016,0.9180661577608142,0.9196440005122295,0.927007299270073,0.9540076335877863,0.9405064672224842,port_protocol_service_ablation,39,36,3,ct_src_dport_ltm|ct_dst_sport_ltm|is_sm_ips_ports,ksf-v4-idsplit::
classical_ext,svc,12,matern25_med_x3__svc__d12,matern25_med_x3,id_test,train_cv,100.0,0.881419607775203,0.010344505310058594,0.9317269076305221,0.9285714285714286,0.9308525409608442,0.9386281588447654,0.9734970911441501,0.959204192535327,port_protocol_service_ablation,39,36,3,ct_src_dport_ltm|ct_dst_sport_ltm|is_sm_ips_ports,ksf-v4-idsplit::
classical_ext,svc,12,matern25_med_x3__svc__d12,matern25_med_x3,ood_test,train_cv,100.0,0.881419607775203,0.010344505310058594,0.79,0.765625,0.7670300997111172,0.8401826484018264,0.9094526397515528,0.9088454544736949,port_protocol_service_ablation,39,36,3,ct_src_dport_ltm|ct_dst_sport_ltm|is_sm_ips_ports,ksf-v4-idsplit::
classical_ext,svc,12,matern25_med_x10__svc__d12,matern25_med_x10,id_val,fixed_c1,1.0,,0.007760047912597656,0.749003984063745,0.7437977099236641,0.7431161362639505,0.7820069204152249,0.9223282442748091,0.9379722146325935,port_protocol_service_ablation,39,36,3,ct_src_dport_ltm|ct_dst_sport_ltm|is_sm_ips_ports,ksf-v4-idsplit::
classical_ext,svc,12,matern25_med_x10__svc__d12,matern25_med_x10,id_test,fixed_c1,1.0,,0.007760047912597656,0.7228915662650602,0.7171945701357466,0.715551067035314,0.7612456747404844,0.89469941822883,0.8972332755215733,port_protocol_service_ablation,39,36,3,ct_src_dport_ltm|ct_dst_sport_ltm|is_sm_ips_ports,ksf-v4-idsplit::
classical_ext,svc,12,matern25_med_x10__svc__d12,matern25_med_x10,ood_test,fixed_c1,1.0,,0.007760047912597656,0.758,0.7303312629399585,0.7259454880661718,0.819672131147541,0.8392048395445135,0.8322752038599079,port_protocol_service_ablation,39,36,3,ct_src_dport_ltm|ct_dst_sport_ltm|is_sm_ips_ports,ksf-v4-idsplit::
classical_ext,svc,12,matern25_med_x10__svc__d12,matern25_med_x10,id_val,train_cv,100.0,0.8469121006983208,0.0056154727935791016,0.9123505976095617,0.909382951653944,0.9113245118191162,0.920863309352518,0.9395038167938932,0.9179411632199799,port_protocol_service_ablation,39,36,3,ct_src_dport_ltm|ct_dst_sport_ltm|is_sm_ips_ports,ksf-v4-idsplit::
classical_ext,svc,12,matern25_med_x10__svc__d12,matern25_med_x10,id_test,train_cv,100.0,0.8469121006983208,0.0056154727935791016,0.891566265060241,0.8883322559793148,0.8901775650554584,0.9025270758122743,0.9418228829993537,0.924412772210506,port_protocol_service_ablation,39,36,3,ct_src_dport_ltm|ct_dst_sport_ltm|is_sm_ips_ports,ksf-v4-idsplit::
classical_ext,svc,12,matern25_med_x10__svc__d12,matern25_med_x10,ood_test,train_cv,100.0,0.8469121006983208,0.0056154727935791016,0.754,0.7254464285714286,0.7196581196581197,0.8177777777777778,0.7844202898550725,0.7529100926236214,port_protocol_service_ablation,39,36,3,ct_src_dport_ltm|ct_dst_sport_ltm|is_sm_ips_ports,ksf-v4-idsplit::
quantum,svc,12,zz_r1_full__as0.5__svc__d12,zz_r1_full__as0.5,id_val,fixed_c1,1.0,,0.008999347686767578,0.9163346613545816,0.915648854961832,0.9160735610222116,0.9207547169811321,0.9652671755725191,0.9683176658863012,port_protocol_service_ablation,39,36,3,ct_src_dport_ltm|ct_dst_sport_ltm|is_sm_ips_ports,ksf-v4-idsplit::
quantum,svc,12,zz_r1_full__as0.5__svc__d12,zz_r1_full__as0.5,id_test,fixed_c1,1.0,,0.008999347686767578,0.9156626506024096,0.9149644473173886,0.9153951945635466,0.9201520912547528,0.9696832579185519,0.9685667489649611,port_protocol_service_ablation,39,36,3,ct_src_dport_ltm|ct_dst_sport_ltm|is_sm_ips_ports,ksf-v4-idsplit::
quantum,svc,12,zz_r1_full__as0.5__svc__d12,zz_r1_full__as0.5,ood_test,fixed_c1,1.0,,0.008999347686767578,0.772,0.761516563146998,0.7643654402645721,0.8067796610169492,0.8756631728778468,0.8986120433413924,port_protocol_service_ablation,39,36,3,ct_src_dport_ltm|ct_dst_sport_ltm|is_sm_ips_ports,ksf-v4-idsplit::
quantum,svc,12,zz_r1_full__as0.5__svc__d12,zz_r1_full__as0.5,id_val,train_cv,1.0,0.8773678682609221,0.006686687469482422,0.9163346613545816,0.915648854961832,0.9160735610222116,0.9207547169811321,0.9652671755725191,0.9683176658863012,port_protocol_service_ablation,39,36,3,ct_src_dport_ltm|ct_dst_sport_ltm|is_sm_ips_ports,ksf-v4-idsplit::
quantum,svc,12,zz_r1_full__as0.5__svc__d12,zz_r1_full__as0.5,id_test,train_cv,1.0,0.8773678682609221,0.006686687469482422,0.9156626506024096,0.9149644473173886,0.9153951945635466,0.9201520912547528,0.9696832579185519,0.9685667489649611,port_protocol_service_ablation,39,36,3,ct_src_dport_ltm|ct_dst_sport_ltm|is_sm_ips_ports,ksf-v4-idsplit::
quantum,svc,12,zz_r1_full__as0.5__svc__d12,zz_r1_full__as0.5,ood_test,train_cv,1.0,0.8773678682609221,0.006686687469482422,0.772,0.761516563146998,0.7643654402645721,0.8067796610169492,0.8756631728778468,0.8986120433413924,port_protocol_service_ablation,39,36,3,ct_src_dport_ltm|ct_dst_sport_ltm|is_sm_ips_ports,ksf-v4-idsplit::
quantum,svc,12,zz_r2_full__as0.5__svc__d12,zz_r2_full__as0.5,id_val,fixed_c1,1.0,,0.011512994766235352,0.8565737051792829,0.86014631043257,0.8562977099236642,0.85,0.9610687022900763,0.9570516458181355,port_protocol_service_ablation,39,36,3,ct_src_dport_ltm|ct_dst_sport_ltm|is_sm_ips_ports,ksf-v4-idsplit::
quantum,svc,12,zz_r2_full__as0.5__svc__d12,zz_r2_full__as0.5,id_test,fixed_c1,1.0,,0.011512994766235352,0.8232931726907631,0.8286360698125403,0.822027290448343,0.8070175438596491,0.9544925662572721,0.9576490129521504,port_protocol_service_ablation,39,36,3,ct_src_dport_ltm|ct_dst_sport_ltm|is_sm_ips_ports,ksf-v4-idsplit::
quantum,svc,12,zz_r2_full__as0.5__svc__d12,zz_r2_full__as0.5,ood_test,fixed_c1,1.0,,0.011512994766235352,0.784,0.7904697204968945,0.7839135654261704,0.788235294117647,0.8576766304347827,0.8914886195752174,port_protocol_service_ablation,39,36,3,ct_src_dport_ltm|ct_dst_sport_ltm|is_sm_ips_ports,ksf-v4-idsplit::
quantum,svc,12,zz_r2_full__as0.5__svc__d12,zz_r2_full__as0.5,id_val,train_cv,10.0,0.8175481410833854,0.01037454605102539,0.8565737051792829,0.8608460559796438,0.8560596406269911,0.847457627118644,0.9589058524173029,0.9626439890859807,port_protocol_service_ablation,39,36,3,ct_src_dport_ltm|ct_dst_sport_ltm|is_sm_ips_ports,ksf-v4-idsplit::
quantum,svc,12,zz_r2_full__as0.5__svc__d12,zz_r2_full__as0.5,id_test,train_cv,10.0,0.8175481410833854,0.01037454605102539,0.8232931726907631,0.8282805429864253,0.8222582738481505,0.808695652173913,0.9522301228183582,0.9572513095728997,port_protocol_service_ablation,39,36,3,ct_src_dport_ltm|ct_dst_sport_ltm|is_sm_ips_ports,ksf-v4-idsplit::
quantum,svc,12,zz_r2_full__as0.5__svc__d12,zz_r2_full__as0.5,ood_test,train_cv,10.0,0.8175481410833854,0.01037454605102539,0.79,0.7954839544513457,0.7898108297467721,0.7961165048543689,0.8551371635610765,0.8952474892230101,port_protocol_service_ablation,39,36,3,ct_src_dport_ltm|ct_dst_sport_ltm|is_sm_ips_ports,ksf-v4-idsplit::
quantum,svc,12,pauli_xz_r1_full__as0.5__svc__d12,pauli_xz_r1_full__as0.5,id_val,fixed_c1,1.0,,0.00537562370300293,0.9203187250996016,0.9177162849872773,0.9195203283314095,0.927536231884058,0.9592239185750636,0.9370724680778367,port_protocol_service_ablation,39,36,3,ct_src_dport_ltm|ct_dst_sport_ltm|is_sm_ips_ports,ksf-v4-idsplit::
quantum,svc,12,pauli_xz_r1_full__as0.5__svc__d12,pauli_xz_r1_full__as0.5,id_test,fixed_c1,1.0,,0.00537562370300293,0.9236947791164659,0.9201680672268908,0.9225708253547404,0.931899641577061,0.9778280542986426,0.9732663688297114,port_protocol_service_ablation,39,36,3,ct_src_dport_ltm|ct_dst_sport_ltm|is_sm_ips_ports,ksf-v4-idsplit::
quantum,svc,12,pauli_xz_r1_full__as0.5__svc__d12,pauli_xz_r1_full__as0.5,ood_test,fixed_c1,1.0,,0.00537562370300293,0.78,0.7544642857142857,0.7541965355118969,0.8338368580060423,0.8759057971014492,0.8384774660509453,port_protocol_service_ablation,39,36,3,ct_src_dport_ltm|ct_dst_sport_ltm|is_sm_ips_ports,ksf-v4-idsplit::
quantum,svc,12,pauli_xz_r1_full__as0.5__svc__d12,pauli_xz_r1_full__as0.5,id_val,train_cv,10.0,0.8837616033917705,0.005999565124511719,0.900398406374502,0.8996819338422392,0.90008757264549,0.9056603773584906,0.9612595419847327,0.9482457596045694,port_protocol_service_ablation,39,36,3,ct_src_dport_ltm|ct_dst_sport_ltm|is_sm_ips_ports,ksf-v4-idsplit::
quantum,svc,12,pauli_xz_r1_full__as0.5__svc__d12,pauli_xz_r1_full__as0.5,id_test,train_cv,10.0,0.8837616033917705,0.005999565124511719,0.9317269076305221,0.931060116354234,0.9315103955990616,0.935361216730038,0.980284421460892,0.976079200101644,port_protocol_service_ablation,39,36,3,ct_src_dport_ltm|ct_dst_sport_ltm|is_sm_ips_ports,ksf-v4-idsplit::
quantum,svc,12,pauli_xz_r1_full__as0.5__svc__d12,pauli_xz_r1_full__as0.5,ood_test,train_cv,10.0,0.8837616033917705,0.005999565124511719,0.834,0.8189376293995859,0.8247281174110442,0.865040650406504,0.8977258022774326,0.8763097724853458,port_protocol_service_ablation,39,36,3,ct_src_dport_ltm|ct_dst_sport_ltm|is_sm_ips_ports,ksf-v4-idsplit::
quantum,svc,12,zmap_r2__as0.5__svc__d12,zmap_r2__as0.5,id_val,fixed_c1,1.0,,0.005999326705932617,0.9123505976095617,0.9104325699745548,0.91173273657289,0.9191176470588235,0.9581424936386769,0.9386468928134051,port_protocol_service_ablation,39,36,3,ct_src_dport_ltm|ct_dst_sport_ltm|is_sm_ips_ports,ksf-v4-idsplit::
quantum,svc,12,zmap_r2__as0.5__svc__d12,zmap_r2__as0.5,id_test,fixed_c1,1.0,,0.005999326705932617,0.927710843373494,0.9243697478991597,0.9267168083714846,0.935251798561151,0.980349062702004,0.9806338918471545,port_protocol_service_ablation,39,36,3,ct_src_dport_ltm|ct_dst_sport_ltm|is_sm_ips_ports,ksf-v4-idsplit::
quantum,svc,12,zmap_r2__as0.5__svc__d12,zmap_r2__as0.5,ood_test,fixed_c1,1.0,,0.005999326705932617,0.794,0.7700892857142857,0.7720986834826862,0.8427480916030534,0.8708106884057971,0.833861083783628,port_protocol_service_ablation,39,36,3,ct_src_dport_ltm|ct_dst_sport_ltm|is_sm_ips_ports,ksf-v4-idsplit::
quantum,svc,12,zmap_r2__as0.5__svc__d12,zmap_r2__as0.5,id_val,train_cv,100.0,0.8799508098955726,0.01100015640258789,0.9123505976095617,0.9121819338422392,0.9121819338422392,0.916030534351145,0.9560432569974555,0.948976280155699,port_protocol_service_ablation,39,36,3,ct_src_dport_ltm|ct_dst_sport_ltm|is_sm_ips_ports,ksf-v4-idsplit::
quantum,svc,12,zmap_r2__as0.5__svc__d12,zmap_r2__as0.5,id_test,train_cv,100.0,0.8799508098955726,0.01100015640258789,0.9076305220883534,0.908694246929541,0.9076066790352504,0.9090909090909091,0.9745959922430512,0.9798196563368106,port_protocol_service_ablation,39,36,3,ct_src_dport_ltm|ct_dst_sport_ltm|is_sm_ips_ports,ksf-v4-idsplit::
quantum,svc,12,zmap_r2__as0.5__svc__d12,zmap_r2__as0.5,ood_test,train_cv,100.0,0.8799508098955726,0.01100015640258789,0.794,0.7898550724637681,0.7908875706008227,0.8163992869875223,0.8933100414078674,0.8859523027673954,port_protocol_service_ablation,39,36,3,ct_src_dport_ltm|ct_dst_sport_ltm|is_sm_ips_ports,ksf-v4-idsplit::
quantum,svc,12,zz_r1_full__svc__d12,zz_r1_full,id_val,fixed_c1,1.0,,0.009999275207519531,0.9083665338645418,0.9087150127226462,0.9082733527177971,0.9111969111969112,0.9654580152671756,0.9643812190411165,port_protocol_service_ablation,39,36,3,ct_src_dport_ltm|ct_dst_sport_ltm|is_sm_ips_ports,ksf-v4-idsplit::
quantum,svc,12,zz_r1_full__svc__d12,zz_r1_full,id_test,fixed_c1,1.0,,0.009999275207519531,0.9036144578313253,0.903425985778927,0.903425985778927,0.9076923076923077,0.9663865546218486,0.96573182922348,port_protocol_service_ablation,39,36,3,ct_src_dport_ltm|ct_dst_sport_ltm|is_sm_ips_ports,ksf-v4-idsplit::
quantum,svc,12,zz_r1_full__svc__d12,zz_r1_full,ood_test,fixed_c1,1.0,,0.009999275207519531,0.784,0.7774327122153208,0.7794261812953401,0.8111888111888111,0.8715223861283643,0.8935644022167798,port_protocol_service_ablation,39,36,3,ct_src_dport_ltm|ct_dst_sport_ltm|is_sm_ips_ports,ksf-v4-idsplit::
quantum,svc,12,zz_r1_full__svc__d12,zz_r1_full,id_val,train_cv,1.0,0.861600705057629,0.00800013542175293,0.9083665338645418,0.9087150127226462,0.9082733527177971,0.9111969111969112,0.9654580152671756,0.9643812190411165,port_protocol_service_ablation,39,36,3,ct_src_dport_ltm|ct_dst_sport_ltm|is_sm_ips_ports,ksf-v4-idsplit::
quantum,svc,12,zz_r1_full__svc__d12,zz_r1_full,id_test,train_cv,1.0,0.861600705057629,0.00800013542175293,0.9036144578313253,0.903425985778927,0.903425985778927,0.9076923076923077,0.9663865546218486,0.96573182922348,port_protocol_service_ablation,39,36,3,ct_src_dport_ltm|ct_dst_sport_ltm|is_sm_ips_ports,ksf-v4-idsplit::
quantum,svc,12,zz_r1_full__svc__d12,zz_r1_full,ood_test,train_cv,1.0,0.861600705057629,0.00800013542175293,0.784,0.7774327122153208,0.7794261812953401,0.8111888111888111,0.8715223861283643,0.8935644022167798,port_protocol_service_ablation,39,36,3,ct_src_dport_ltm|ct_dst_sport_ltm|is_sm_ips_ports,ksf-v4-idsplit::
quantum,svc,12,zz_r2_full__svc__d12,zz_r2_full,id_val,fixed_c1,1.0,,0.009999752044677734,0.8446215139442231,0.8500954198473283,0.843418590143481,0.8296943231441049,0.9587150127226464,0.9622060271465096,port_protocol_service_ablation,39,36,3,ct_src_dport_ltm|ct_dst_sport_ltm|is_sm_ips_ports,ksf-v4-idsplit::
quantum,svc,12,zz_r2_full__svc__d12,zz_r2_full,id_test,fixed_c1,1.0,,0.009999752044677734,0.7751004016064257,0.7831932773109244,0.7700224303997889,0.7358490566037735,0.9388493859082094,0.9484386679305605,port_protocol_service_ablation,39,36,3,ct_src_dport_ltm|ct_dst_sport_ltm|is_sm_ips_ports,ksf-v4-idsplit::
quantum,svc,12,zz_r2_full__svc__d12,zz_r2_full,ood_test,fixed_c1,1.0,,0.009999752044677734,0.716,0.7351837474120082,0.7126483301225495,0.6816143497757847,0.8445102225672878,0.8850392838247657,port_protocol_service_ablation,39,36,3,ct_src_dport_ltm|ct_dst_sport_ltm|is_sm_ips_ports,ksf-v4-idsplit::
quantum,svc,12,zz_r2_full__svc__d12,zz_r2_full,id_val,train_cv,10.0,0.7938943847539709,0.007977962493896484,0.8446215139442231,0.8500954198473283,0.843418590143481,0.8296943231441049,0.9547709923664123,0.9589964984411494,port_protocol_service_ablation,39,36,3,ct_src_dport_ltm|ct_dst_sport_ltm|is_sm_ips_ports,ksf-v4-idsplit::
quantum,svc,12,zz_r2_full__svc__d12,zz_r2_full,id_test,train_cv,10.0,0.7938943847539709,0.007977962493896484,0.8032128514056225,0.8104718810601164,0.7999081620939043,0.7741935483870968,0.9431157078215902,0.9528552019787022,port_protocol_service_ablation,39,36,3,ct_src_dport_ltm|ct_dst_sport_ltm|is_sm_ips_ports,ksf-v4-idsplit::
quantum,svc,12,zz_r2_full__svc__d12,zz_r2_full,ood_test,train_cv,10.0,0.7938943847539709,0.007977962493896484,0.746,0.7623576604554865,0.7444452046249381,0.7245119305856833,0.8542475414078675,0.8969194802372128,port_protocol_service_ablation,39,36,3,ct_src_dport_ltm|ct_dst_sport_ltm|is_sm_ips_ports,ksf-v4-idsplit::
quantum,svc,12,pauli_xz_r1_full__svc__d12,pauli_xz_r1_full,id_val,fixed_c1,1.0,,0.006013631820678711,0.900398406374502,0.8993320610687023,0.8999920312375488,0.9063670411985019,0.9671119592875318,0.9726271047410008,port_protocol_service_ablation,39,36,3,ct_src_dport_ltm|ct_dst_sport_ltm|is_sm_ips_ports,ksf-v4-idsplit::
quantum,svc,12,pauli_xz_r1_full__svc__d12,pauli_xz_r1_full,id_test,fixed_c1,1.0,,0.006013631820678711,0.9156626506024096,0.9146089204912735,0.9153129808081626,0.9207547169811321,0.9770523594053007,0.9772278997615726,port_protocol_service_ablation,39,36,3,ct_src_dport_ltm|ct_dst_sport_ltm|is_sm_ips_ports,ksf-v4-idsplit::
quantum,svc,12,pauli_xz_r1_full__svc__d12,pauli_xz_r1_full,ood_test,fixed_c1,1.0,,0.006013631820678711,0.798,0.7846467391304348,0.788680824354012,0.8330578512396695,0.8808229813664595,0.867138952181754,port_protocol_service_ablation,39,36,3,ct_src_dport_ltm|ct_dst_sport_ltm|is_sm_ips_ports,ksf-v4-idsplit::
quantum,svc,12,pauli_xz_r1_full__svc__d12,pauli_xz_r1_full,id_val,train_cv,1.0,0.8787978651940593,0.006006002426147461,0.900398406374502,0.8993320610687023,0.8999920312375488,0.9063670411985019,0.9671119592875318,0.9726271047410008,port_protocol_service_ablation,39,36,3,ct_src_dport_ltm|ct_dst_sport_ltm|is_sm_ips_ports,ksf-v4-idsplit::
quantum,svc,12,pauli_xz_r1_full__svc__d12,pauli_xz_r1_full,id_test,train_cv,1.0,0.8787978651940593,0.006006002426147461,0.9156626506024096,0.9146089204912735,0.9153129808081626,0.9207547169811321,0.9770523594053007,0.9772278997615726,port_protocol_service_ablation,39,36,3,ct_src_dport_ltm|ct_dst_sport_ltm|is_sm_ips_ports,ksf-v4-idsplit::
quantum,svc,12,pauli_xz_r1_full__svc__d12,pauli_xz_r1_full,ood_test,train_cv,1.0,0.8787978651940593,0.006006002426147461,0.798,0.7846467391304348,0.788680824354012,0.8330578512396695,0.8808229813664595,0.867138952181754,port_protocol_service_ablation,39,36,3,ct_src_dport_ltm|ct_dst_sport_ltm|is_sm_ips_ports,ksf-v4-idsplit::
quantum,svc,12,zmap_r2__svc__d12,zmap_r2,id_val,fixed_c1,1.0,,0.005807161331176758,0.900398406374502,0.9000318066157761,0.9001702276596083,0.9049429657794676,0.9657124681933842,0.9727045142238526,port_protocol_service_ablation,39,36,3,ct_src_dport_ltm|ct_dst_sport_ltm|is_sm_ips_ports,ksf-v4-idsplit::
quantum,svc,12,zmap_r2__svc__d12,zmap_r2,id_test,fixed_c1,1.0,,0.005807161331176758,0.8955823293172691,0.8953781512605042,0.8953781512605042,0.9,0.9700064641241112,0.9701574604035308,port_protocol_service_ablation,39,36,3,ct_src_dport_ltm|ct_dst_sport_ltm|is_sm_ips_ports,ksf-v4-idsplit::
quantum,svc,12,zmap_r2__svc__d12,zmap_r2,ood_test,fixed_c1,1.0,,0.005807161331176758,0.762,0.754981884057971,0.7568162961691414,0.7923211169284468,0.8590515010351967,0.8557053505291613,port_protocol_service_ablation,39,36,3,ct_src_dport_ltm|ct_dst_sport_ltm|is_sm_ips_ports,ksf-v4-idsplit::
quantum,svc,12,zmap_r2__svc__d12,zmap_r2,id_val,train_cv,1.0,0.8776468292617201,0.004999876022338867,0.900398406374502,0.9000318066157761,0.9001702276596083,0.9049429657794676,0.9657124681933842,0.9727045142238526,port_protocol_service_ablation,39,36,3,ct_src_dport_ltm|ct_dst_sport_ltm|is_sm_ips_ports,ksf-v4-idsplit::
quantum,svc,12,zmap_r2__svc__d12,zmap_r2,id_test,train_cv,1.0,0.8776468292617201,0.004999876022338867,0.8955823293172691,0.8953781512605042,0.8953781512605042,0.9,0.9700064641241112,0.9701574604035308,port_protocol_service_ablation,39,36,3,ct_src_dport_ltm|ct_dst_sport_ltm|is_sm_ips_ports,ksf-v4-idsplit::
quantum,svc,12,zmap_r2__svc__d12,zmap_r2,ood_test,train_cv,1.0,0.8776468292617201,0.004999876022338867,0.762,0.754981884057971,0.7568162961691414,0.7923211169284468,0.8590515010351967,0.8557053505291613,port_protocol_service_ablation,39,36,3,ct_src_dport_ltm|ct_dst_sport_ltm|is_sm_ips_ports,ksf-v4-idsplit::
quantum,svc,12,zz_r1_full__as2__svc__d12,zz_r1_full__as2,id_val,fixed_c1,1.0,,0.009216785430908203,0.8804780876494024,0.8830470737913486,0.8804306402439024,0.8780487804878049,0.9671755725190839,0.9641242734396653,port_protocol_service_ablation,39,36,3,ct_src_dport_ltm|ct_dst_sport_ltm|is_sm_ips_ports,ksf-v4-idsplit::
quantum,svc,12,zz_r1_full__as2__svc__d12,zz_r1_full__as2,id_test,fixed_c1,1.0,,0.009216785430908203,0.8313253012048193,0.835617323852618,0.8307109557109558,0.8205128205128205,0.9654815772462831,0.9652204034247192,port_protocol_service_ablation,39,36,3,ct_src_dport_ltm|ct_dst_sport_ltm|is_sm_ips_ports,ksf-v4-idsplit::
quantum,svc,12,zz_r1_full__as2__svc__d12,zz_r1_full__as2,ood_test,fixed_c1,1.0,,0.009216785430908203,0.794,0.7953222049689441,0.7929856295849663,0.8074766355140187,0.8766174948240166,0.8965529845445046,port_protocol_service_ablation,39,36,3,ct_src_dport_ltm|ct_dst_sport_ltm|is_sm_ips_ports,ksf-v4-idsplit::
quantum,svc,12,zz_r1_full__as2__svc__d12,zz_r1_full__as2,id_val,train_cv,10.0,0.8384327705832686,0.009776115417480469,0.900398406374502,0.9031806615776081,0.9003414595410149,0.8979591836734694,0.968384223918575,0.9667251143618396,port_protocol_service_ablation,39,36,3,ct_src_dport_ltm|ct_dst_sport_ltm|is_sm_ips_ports,ksf-v4-idsplit::
quantum,svc,12,zz_r1_full__as2__svc__d12,zz_r1_full__as2,id_test,train_cv,10.0,0.8384327705832686,0.009776115417480469,0.8353413654618473,0.8394634776987718,0.834819189385972,0.825531914893617,0.9667097608274079,0.9680581831167524,port_protocol_service_ablation,39,36,3,ct_src_dport_ltm|ct_dst_sport_ltm|is_sm_ips_ports,ksf-v4-idsplit::
quantum,svc,12,zz_r1_full__as2__svc__d12,zz_r1_full__as2,ood_test,train_cv,10.0,0.8384327705832686,0.009776115417480469,0.8,0.8041213768115942,0.7996120489267222,0.8084291187739464,0.8846079192546583,0.9068295264733537,port_protocol_service_ablation,39,36,3,ct_src_dport_ltm|ct_dst_sport_ltm|is_sm_ips_ports,ksf-v4-idsplit::
quantum,svc,12,zz_r2_full__as2__svc__d12,zz_r2_full__as2,id_val,fixed_c1,1.0,,0.009975433349609375,0.8247011952191236,0.8313613231552163,0.8223294723294723,0.8018018018018018,0.9372137404580153,0.944772378741032,port_protocol_service_ablation,39,36,3,ct_src_dport_ltm|ct_dst_sport_ltm|is_sm_ips_ports,ksf-v4-idsplit::
quantum,svc,12,zz_r2_full__as2__svc__d12,zz_r2_full__as2,id_test,fixed_c1,1.0,,0.009975433349609375,0.7751004016064257,0.7839043309631545,0.7688328912466843,0.7307692307692307,0.9414350355526826,0.9497904789100188,port_protocol_service_ablation,39,36,3,ct_src_dport_ltm|ct_dst_sport_ltm|is_sm_ips_ports,ksf-v4-idsplit::
quantum,svc,12,zz_r2_full__as2__svc__d12,zz_r2_full__as2,ood_test,fixed_c1,1.0,,0.009975433349609375,0.686,0.7117947722567288,0.6761965260218372,0.6198547215496368,0.8342229554865425,0.8780160757759576,port_protocol_service_ablation,39,36,3,ct_src_dport_ltm|ct_dst_sport_ltm|is_sm_ips_ports,ksf-v4-idsplit::
quantum,svc,12,zz_r2_full__as2__svc__d12,zz_r2_full__as2,id_val,train_cv,100.0,0.7767865197267284,0.01100301742553711,0.8446215139442231,0.850795165394402,0.8429362214199759,0.8266666666666667,0.9318066157760814,0.9411352210912923,port_protocol_service_ablation,39,36,3,ct_src_dport_ltm|ct_dst_sport_ltm|is_sm_ips_ports,ksf-v4-idsplit::
quantum,svc,12,zz_r2_full__as2__svc__d12,zz_r2_full__as2,id_test,train_cv,100.0,0.7767865197267284,0.01100301742553711,0.7751004016064257,0.7835488041370394,0.7694444444444444,0.7333333333333333,0.9460245636716225,0.955388887444688,port_protocol_service_ablation,39,36,3,ct_src_dport_ltm|ct_dst_sport_ltm|is_sm_ips_ports,ksf-v4-idsplit::
quantum,svc,12,zz_r2_full__as2__svc__d12,zz_r2_full__as2,ood_test,train_cv,100.0,0.7767865197267284,0.01100301742553711,0.684,0.7095626293995859,0.6743664572719328,0.6183574879227053,0.8403209109730848,0.8836428629718289,port_protocol_service_ablation,39,36,3,ct_src_dport_ltm|ct_dst_sport_ltm|is_sm_ips_ports,ksf-v4-idsplit::
quantum,svc,12,pauli_xz_r1_full__as2__svc__d12,pauli_xz_r1_full__as2,id_val,fixed_c1,1.0,,0.0069997310638427734,0.9083665338645418,0.9087150127226462,0.9082733527177971,0.9111969111969112,0.957442748091603,0.9668958480725702,port_protocol_service_ablation,39,36,3,ct_src_dport_ltm|ct_dst_sport_ltm|is_sm_ips_ports,ksf-v4-idsplit::
quantum,svc,12,pauli_xz_r1_full__as2__svc__d12,pauli_xz_r1_full__as2,id_test,fixed_c1,1.0,,0.0069997310638427734,0.891566265060241,0.8918875242404654,0.8914542196102491,0.8949416342412452,0.9620555914673562,0.9585524129822397,port_protocol_service_ablation,39,36,3,ct_src_dport_ltm|ct_dst_sport_ltm|is_sm_ips_ports,ksf-v4-idsplit::
quantum,svc,12,pauli_xz_r1_full__as2__svc__d12,pauli_xz_r1_full__as2,ood_test,fixed_c1,1.0,,0.0069997310638427734,0.768,0.7646221532091098,0.7650528226067794,0.7913669064748201,0.8496700310559006,0.8353623529220988,port_protocol_service_ablation,39,36,3,ct_src_dport_ltm|ct_dst_sport_ltm|is_sm_ips_ports,ksf-v4-idsplit::
quantum,svc,12,pauli_xz_r1_full__as2__svc__d12,pauli_xz_r1_full__as2,id_val,train_cv,100.0,0.869179938226455,0.015686750411987305,0.8884462151394422,0.8899809160305343,0.8884444444444444,0.8888888888888888,0.9376590330788803,0.934974268394181,port_protocol_service_ablation,39,36,3,ct_src_dport_ltm|ct_dst_sport_ltm|is_sm_ips_ports,ksf-v4-idsplit::
quantum,svc,12,pauli_xz_r1_full__as2__svc__d12,pauli_xz_r1_full__as2,id_test,train_cv,100.0,0.869179938226455,0.015686750411987305,0.8795180722891566,0.8807045895281189,0.8795005807200929,0.8809523809523809,0.9294764059469941,0.9347754152891465,port_protocol_service_ablation,39,36,3,ct_src_dport_ltm|ct_dst_sport_ltm|is_sm_ips_ports,ksf-v4-idsplit::
quantum,svc,12,pauli_xz_r1_full__as2__svc__d12,pauli_xz_r1_full__as2,ood_test,train_cv,100.0,0.869179938226455,0.015686750411987305,0.766,0.7657543995859213,0.764415932731688,0.7837338262476895,0.8188244047619047,0.8199479461755397,port_protocol_service_ablation,39,36,3,ct_src_dport_ltm|ct_dst_sport_ltm|is_sm_ips_ports,ksf-v4-idsplit::
quantum,svc,12,zmap_r2__as2__svc__d12,zmap_r2__as2,id_val,fixed_c1,1.0,,0.00900578498840332,0.9123505976095617,0.912531806615776,0.9122377622377622,0.9153846153846154,0.958206106870229,0.9666423596061502,port_protocol_service_ablation,39,36,3,ct_src_dport_ltm|ct_dst_sport_ltm|is_sm_ips_ports,ksf-v4-idsplit::
quantum,svc,12,zmap_r2__as2__svc__d12,zmap_r2__as2,id_test,fixed_c1,1.0,,0.00900578498840332,0.9116465863453815,0.9111182934712347,0.9114050976840471,0.916030534351145,0.964382676147382,0.9688487630469432,port_protocol_service_ablation,39,36,3,ct_src_dport_ltm|ct_dst_sport_ltm|is_sm_ips_ports,ksf-v4-idsplit::
quantum,svc,12,zmap_r2__as2__svc__d12,zmap_r2__as2,ood_test,fixed_c1,1.0,,0.00900578498840332,0.806,0.797360248447205,0.8005026510523999,0.8336192109777015,0.87988483436853,0.8809120301232586,port_protocol_service_ablation,39,36,3,ct_src_dport_ltm|ct_dst_sport_ltm|is_sm_ips_ports,ksf-v4-idsplit::
quantum,svc,12,zmap_r2__as2__svc__d12,zmap_r2__as2,id_val,train_cv,10.0,0.8698928234128666,0.00897216796875,0.9083665338645418,0.9087150127226462,0.9082733527177971,0.9111969111969112,0.9534351145038169,0.955282580178946,port_protocol_service_ablation,39,36,3,ct_src_dport_ltm|ct_dst_sport_ltm|is_sm_ips_ports,ksf-v4-idsplit::
quantum,svc,12,zmap_r2__as2__svc__d12,zmap_r2__as2,id_test,train_cv,10.0,0.8698928234128666,0.00897216796875,0.8875502008032129,0.8880413703943115,0.8874612603305785,0.890625,0.9510019392372333,0.9627638852596745,port_protocol_service_ablation,39,36,3,ct_src_dport_ltm|ct_dst_sport_ltm|is_sm_ips_ports,ksf-v4-idsplit::
quantum,svc,12,zmap_r2__as2__svc__d12,zmap_r2__as2,ood_test,train_cv,10.0,0.8698928234128666,0.00897216796875,0.78,0.7750711697722568,0.7763354805127204,0.8049645390070922,0.8580971790890269,0.8603161414856708,port_protocol_service_ablation,39,36,3,ct_src_dport_ltm|ct_dst_sport_ltm|is_sm_ips_ports,ksf-v4-idsplit::
