n_id,n_val,n_test,pos_rate_val,pos_rate_test,overlap,class_balance_gap
1800,901,899,0.4872364039955605,0.4872080088987764,0,2.839509678409513e-05
