family,model,dim,cfg,kernel,split,regularization,c_selected,c_cv_score,fit_seconds,accuracy,balanced_accuracy,f1_macro,f1_pos,roc_auc,pr_auc,feature_policy,n_input_features,n_retained_features,n_removed_features,removed_features,id_split_hash_salt
classical_ext,svc,4,linear__svc__d4,linear,id_val,fixed_c1,1.0,,0.009448528289794922,0.736,0.7344480748286245,0.7346242923314462,0.753731343283582,0.7664808764174514,0.717408198853537,full_v4_features,524,524,0,,ksf-v4-idsplit::
classical_ext,svc,4,linear__svc__d4,linear,id_test,fixed_c1,1.0,,0.009448528289794922,0.712,0.7106797360497149,0.7108155002891845,0.7293233082706767,0.7747453392273689,0.794730139702309,full_v4_features,524,524,0,,ksf-v4-idsplit::
classical_ext,svc,4,linear__svc__d4,linear,ood_test,fixed_c1,1.0,,0.009448528289794922,0.7,0.701844262295082,0.6989160979526294,0.7169811320754716,0.7009157274590163,0.6713728395024889,full_v4_features,524,524,0,,ksf-v4-idsplit::
classical_ext,svc,4,rbf_gscale__svc__d4,rbf_gscale,id_val,fixed_c1,1.0,,0.009833812713623047,0.72,0.7199692485104747,0.7198386270491803,0.7265625,0.7864693446088795,0.7711786665056963,full_v4_features,524,524,0,,ksf-v4-idsplit::
classical_ext,svc,4,rbf_gscale__svc__d4,rbf_gscale,id_test,fixed_c1,1.0,,0.009833812713623047,0.7,0.6998206163111026,0.6997646154585195,0.708171206225681,0.7868537382279454,0.8029000218111204,full_v4_features,524,524,0,,ksf-v4-idsplit::
classical_ext,svc,4,rbf_gscale__svc__d4,rbf_gscale,ood_test,fixed_c1,1.0,,0.009833812713623047,0.572,0.570984887295082,0.5706535695942476,0.5466101694915254,0.6593717981557379,0.6207558394263761,full_v4_features,524,524,0,,ksf-v4-idsplit::
classical_ext,svc,4,poly2__svc__d4,poly2,id_val,fixed_c1,1.0,,0.009654998779296875,0.74,0.7385803062335832,0.7387921750172799,0.7565543071161048,0.7676981228778269,0.7212299171853374,full_v4_features,524,524,0,,ksf-v4-idsplit::
classical_ext,svc,4,poly2__svc__d4,poly2,id_test,fixed_c1,1.0,,0.009654998779296875,0.712,0.7106797360497149,0.7108155002891845,0.7293233082706767,0.7739765519892371,0.7975300110415638,full_v4_features,524,524,0,,ksf-v4-idsplit::
classical_ext,svc,4,poly2__svc__d4,poly2,ood_test,fixed_c1,1.0,,0.009654998779296875,0.69,0.6918865266393442,0.6888037616598204,0.7080979284369114,0.6883644979508197,0.6650168584799926,full_v4_features,524,524,0,,ksf-v4-idsplit::
classical_ext,svc,4,poly3__svc__d4,poly3,id_val,fixed_c1,1.0,,0.010128259658813477,0.736,0.7349605996540458,0.7351694915254237,0.75,0.772310846306618,0.764722216290577,full_v4_features,524,524,0,,ksf-v4-idsplit::
classical_ext,svc,4,poly3__svc__d4,poly3,id_test,fixed_c1,1.0,,0.010128259658813477,0.72,0.7189441988596323,0.7191191576784797,0.7348484848484849,0.7717342558780191,0.7995781762721741,full_v4_features,524,524,0,,ksf-v4-idsplit::
classical_ext,svc,4,poly3__svc__d4,poly3,ood_test,fixed_c1,1.0,,0.010128259658813477,0.696,0.6976498463114754,0.6951757552421749,0.7110266159695817,0.6900294569672131,0.6728946048653222,full_v4_features,524,524,0,,ksf-v4-idsplit::
classical_ext,svc,4,laplacian_med__svc__d4,laplacian_med,id_val,fixed_c1,1.0,,0.010004520416259766,0.788,0.7889358703312193,0.7879966079457271,0.7871485943775101,0.8506630789928886,0.8095057525262679,full_v4_features,524,524,0,,ksf-v4-idsplit::
classical_ext,svc,4,laplacian_med__svc__d4,laplacian_med,id_test,fixed_c1,1.0,,0.010004520416259766,0.784,0.7845473765135499,0.7839861751152073,0.7857142857142857,0.8602729194695369,0.8582757000941684,full_v4_features,524,524,0,,ksf-v4-idsplit::
classical_ext,svc,4,laplacian_med__svc__d4,laplacian_med,ood_test,fixed_c1,1.0,,0.010004520416259766,0.768,0.7659451844262295,0.7654632505175983,0.7410714285714286,0.8031666239754099,0.752406303011389,full_v4_features,524,524,0,,ksf-v4-idsplit::
classical_ext,svc,4,matern15_med__svc__d4,matern15_med,id_val,fixed_c1,1.0,,0.009971141815185547,0.752,0.7525145749247228,0.751984126984127,0.753968253968254,0.829521429944263,0.7946944753143572,full_v4_features,524,524,0,,ksf-v4-idsplit::
classical_ext,svc,4,matern15_med__svc__d4,matern15_med,id_test,fixed_c1,1.0,,0.009971141815185547,0.728,0.7274649240822602,0.7275641025641026,0.7384615384615385,0.8479082580562496,0.8471333365987929,full_v4_features,524,524,0,,ksf-v4-idsplit::
classical_ext,svc,4,matern15_med__svc__d4,matern15_med,ood_test,fixed_c1,1.0,,0.009971141815185547,0.766,0.766297387295082,0.765991575696725,0.7645875251509054,0.8143090420081969,0.7611375232466766,full_v4_features,524,524,0,,ksf-v4-idsplit::
classical_ext,svc,4,matern25_med__svc__d4,matern25_med,id_val,fixed_c1,1.0,,0.010656356811523438,0.76,0.7594977256710872,0.7596153846153846,0.7692307692307693,0.8214491639438786,0.78572215687913,full_v4_features,524,524,0,,ksf-v4-idsplit::
classical_ext,svc,4,matern25_med__svc__d4,matern25_med,id_test,fixed_c1,1.0,,0.010656356811523438,0.724,0.7230764302645909,0.7232516725225009,0.7376425855513308,0.8444487154846562,0.8444591412518733,full_v4_features,524,524,0,,ksf-v4-idsplit::
classical_ext,svc,4,matern25_med__svc__d4,matern25_med,ood_test,fixed_c1,1.0,,0.010656356811523438,0.75,0.7508644979508197,0.7499189737474942,0.7544204322200393,0.8139088114754098,0.7549078048757112,full_v4_features,524,524,0,,ksf-v4-idsplit::
classical_ext,svc,4,rbf_gscale_x0.1__svc__d4,rbf_gscale_x0.1,id_val,fixed_c1,1.0,,0.00990915298461914,0.728,0.7254148247805753,0.7250258799171843,0.7536231884057971,0.7692997629572682,0.7220753485482857,full_v4_features,524,524,0,,ksf-v4-idsplit::
classical_ext,svc,4,rbf_gscale_x0.1__svc__d4,rbf_gscale_x0.1,id_test,fixed_c1,1.0,,0.00990915298461914,0.708,0.7052661925812032,0.7045539168865649,0.7364620938628159,0.7775001601640079,0.7948689258113335,full_v4_features,524,524,0,,ksf-v4-idsplit::
classical_ext,svc,4,rbf_gscale_x0.1__svc__d4,rbf_gscale_x0.1,ood_test,fixed_c1,1.0,,0.00990915298461914,0.708,0.7102330942622951,0.7063036096493346,0.7286245353159851,0.7414830942622951,0.7164660695995818,full_v4_features,524,524,0,,ksf-v4-idsplit::
classical_ext,svc,4,rbf_gscale_x0.3__svc__d4,rbf_gscale_x0.3,id_val,fixed_c1,1.0,,0.009453296661376953,0.744,0.7429688000512524,0.7431946584488958,0.7575757575757576,0.7791018002434493,0.7715758552208019,full_v4_features,524,524,0,,ksf-v4-idsplit::
classical_ext,svc,4,rbf_gscale_x0.3__svc__d4,rbf_gscale_x0.3,id_test,fixed_c1,1.0,,0.009453296661376953,0.712,0.7109359984624255,0.7110939907550078,0.7272727272727273,0.7766032417195209,0.7976705824841102,full_v4_features,524,524,0,,ksf-v4-idsplit::
classical_ext,svc,4,rbf_gscale_x0.3__svc__d4,rbf_gscale_x0.3,ood_test,fixed_c1,1.0,,0.009453296661376953,0.684,0.6860271516393442,0.6825320280979248,0.704119850187266,0.6927670338114753,0.6713881719611542,full_v4_features,524,524,0,,ksf-v4-idsplit::
classical_ext,svc,4,rbf_gscale_x3__svc__d4,rbf_gscale_x3,id_val,fixed_c1,1.0,,0.0097503662109375,0.732,0.7326222051380614,0.7319957119313909,0.7330677290836654,0.792875904926645,0.7878223360376857,full_v4_features,524,524,0,,ksf-v4-idsplit::
classical_ext,svc,4,rbf_gscale_x3__svc__d4,rbf_gscale_x3,id_test,fixed_c1,1.0,,0.0097503662109375,0.724,0.7246140047408547,0.7239955839293428,0.7250996015936255,0.8106220770068551,0.8271147201194913,full_v4_features,524,524,0,,ksf-v4-idsplit::
classical_ext,svc,4,rbf_gscale_x3__svc__d4,rbf_gscale_x3,ood_test,fixed_c1,1.0,,0.0097503662109375,0.604,0.6010822233606558,0.596537558685446,0.5416666666666666,0.6948002049180328,0.6684380630332727,full_v4_features,524,524,0,,ksf-v4-idsplit::
classical_ext,svc,4,rbf_gscale_x10__svc__d4,rbf_gscale_x10,id_val,fixed_c1,1.0,,0.010256528854370117,0.756,0.7553654942661285,0.7555266996906009,0.7662835249042146,0.8082516496892818,0.7821761396484599,full_v4_features,524,524,0,,ksf-v4-idsplit::
classical_ext,svc,4,rbf_gscale_x10__svc__d4,rbf_gscale_x10,id_test,fixed_c1,1.0,,0.010256528854370117,0.724,0.7230764302645909,0.7232516725225009,0.7376425855513308,0.8380421551668908,0.8515230889855969,full_v4_features,524,524,0,,ksf-v4-idsplit::
classical_ext,svc,4,rbf_gscale_x10__svc__d4,rbf_gscale_x10,ood_test,fixed_c1,1.0,,0.010256528854370117,0.748,0.7489113729508197,0.7478991596638656,0.7529411764705882,0.8056160348360655,0.7407226887562803,full_v4_features,524,524,0,,ksf-v4-idsplit::
classical_ext,svc,4,laplacian_med_x0.1__svc__d4,laplacian_med_x0.1,id_val,fixed_c1,1.0,,0.017208576202392578,0.8,0.800820039720674,0.8,0.8,0.8875008008200398,0.871844792673342,full_v4_features,524,524,0,,ksf-v4-idsplit::
classical_ext,svc,4,laplacian_med_x0.1__svc__d4,laplacian_med_x0.1,id_test,fixed_c1,1.0,,0.017208576202392578,0.796,0.7972003331411366,0.7959706197692469,0.7935222672064778,0.8650778397078608,0.841619327077369,full_v4_features,524,524,0,,ksf-v4-idsplit::
classical_ext,svc,4,laplacian_med_x0.1__svc__d4,laplacian_med_x0.1,ood_test,fixed_c1,1.0,,0.017208576202392578,0.732,0.7273309426229508,0.7193881824730697,0.6598984771573604,0.7786885245901639,0.7987205022499136,full_v4_features,524,524,0,,ksf-v4-idsplit::
classical_ext,svc,4,laplacian_med_x0.3__svc__d4,laplacian_med_x0.3,id_val,fixed_c1,1.0,,0.012008905410766602,0.816,0.815811390864245,0.815811390864245,0.8217054263565892,0.8795566660260106,0.8476477842242113,full_v4_features,524,524,0,,ksf-v4-idsplit::
classical_ext,svc,4,laplacian_med_x0.3__svc__d4,laplacian_med_x0.3,id_test,fixed_c1,1.0,,0.012008905410766602,0.816,0.8160676532769556,0.8158939549180328,0.8203125,0.8762893202639502,0.8839534569853931,full_v4_features,524,524,0,,ksf-v4-idsplit::
classical_ext,svc,4,laplacian_med_x0.3__svc__d4,laplacian_med_x0.3,ood_test,fixed_c1,1.0,,0.012008905410766602,0.776,0.773469518442623,0.7725019906075822,0.7442922374429224,0.7828349129098361,0.7686436977335038,full_v4_features,524,524,0,,ksf-v4-idsplit::
classical_ext,svc,4,laplacian_med_x3__svc__d4,laplacian_med_x3,id_val,fixed_c1,1.0,,0.009036064147949219,0.756,0.7571593311551028,0.7559648589396872,0.7530364372469636,0.8352873342302518,0.8039267992829853,full_v4_features,524,524,0,,ksf-v4-idsplit::
classical_ext,svc,4,laplacian_med_x3__svc__d4,laplacian_med_x3,id_test,fixed_c1,1.0,,0.009036064147949219,0.752,0.7530270997501441,0.751984126984127,0.75,0.8345185469921199,0.8326261670291546,full_v4_features,524,524,0,,ksf-v4-idsplit::
classical_ext,svc,4,laplacian_med_x3__svc__d4,laplacian_med_x3,ood_test,fixed_c1,1.0,,0.009036064147949219,0.772,0.7697553790983607,0.7691036360101109,0.7432432432432432,0.8128682120901639,0.7462505801790278,full_v4_features,524,524,0,,ksf-v4-idsplit::
classical_ext,svc,4,laplacian_med_x10__svc__d4,laplacian_med_x10,id_val,fixed_c1,1.0,,0.01865243911743164,0.748,0.7473572938689218,0.7475111816476698,0.7586206896551724,0.8096610929591902,0.77068569857868,full_v4_features,524,524,0,,ksf-v4-idsplit::
classical_ext,svc,4,laplacian_med_x10__svc__d4,laplacian_med_x10,id_test,fixed_c1,1.0,,0.01865243911743164,0.732,0.7313408930745082,0.7314801455618076,0.7432950191570882,0.8131847011339612,0.807615221159373,full_v4_features,524,524,0,,ksf-v4-idsplit::
classical_ext,svc,4,laplacian_med_x10__svc__d4,laplacian_med_x10,ood_test,fixed_c1,1.0,,0.01865243911743164,0.75,0.7505763319672132,0.7499909996759884,0.7514910536779325,0.7953221055327869,0.7583350875024049,full_v4_features,524,524,0,,ksf-v4-idsplit::
classical_ext,svc,4,matern15_med_x0.1__svc__d4,matern15_med_x0.1,id_val,fixed_c1,1.0,,0.013422727584838867,0.8,0.8010763021333847,0.7999871991807476,0.7983870967741935,0.8860913575501314,0.8900249556328208,full_v4_features,524,524,0,,ksf-v4-idsplit::
classical_ext,svc,4,matern15_med_x0.1__svc__d4,matern15_med_x0.1,id_test,fixed_c1,1.0,,0.013422727584838867,0.792,0.7933243641488885,0.7919467383650214,0.7886178861788617,0.872637580882824,0.8586800903223759,full_v4_features,524,524,0,,ksf-v4-idsplit::
classical_ext,svc,4,matern15_med_x0.1__svc__d4,matern15_med_x0.1,ood_test,fixed_c1,1.0,,0.013422727584838867,0.744,0.7394339139344263,0.7324235734831761,0.6767676767676768,0.7860287525614754,0.8282102133441569,full_v4_features,524,524,0,,ksf-v4-idsplit::
classical_ext,svc,4,matern15_med_x0.3__svc__d4,matern15_med_x0.3,id_val,fixed_c1,1.0,,0.00932765007019043,0.796,0.7954064962521622,0.7956042899052567,0.8045977011494253,0.8492536357229803,0.8249179737859251,full_v4_features,524,524,0,,ksf-v4-idsplit::
classical_ext,svc,4,matern15_med_x0.3__svc__d4,matern15_med_x0.3,id_test,fixed_c1,1.0,,0.00932765007019043,0.828,0.8274392978409891,0.8276663620769811,0.8352490421455939,0.8748798769940419,0.8770412250638775,full_v4_features,524,524,0,,ksf-v4-idsplit::
classical_ext,svc,4,matern15_med_x0.3__svc__d4,matern15_med_x0.3,ood_test,fixed_c1,1.0,,0.00932765007019043,0.772,0.7697553790983607,0.7691036360101109,0.7432432432432432,0.7954821977459017,0.7643814245657066,full_v4_features,524,524,0,,ksf-v4-idsplit::
classical_ext,svc,4,matern15_med_x3__svc__d4,matern15_med_x3,id_val,fixed_c1,1.0,,0.00956869125366211,0.736,0.7357293868921776,0.7357293868921776,0.7441860465116279,0.798385546799923,0.7914700829620636,full_v4_features,524,524,0,,ksf-v4-idsplit::
classical_ext,svc,4,matern15_med_x3__svc__d4,matern15_med_x3,id_test,fixed_c1,1.0,,0.00956869125366211,0.728,0.728233711320392,0.7279303501696435,0.7322834645669292,0.8133128323403164,0.8284640522178519,full_v4_features,524,524,0,,ksf-v4-idsplit::
classical_ext,svc,4,matern15_med_x3__svc__d4,matern15_med_x3,ood_test,fixed_c1,1.0,,0.00956869125366211,0.584,0.5823194159836065,0.5810438453729516,0.5458515283842795,0.7055103739754098,0.6734311820691388,full_v4_features,524,524,0,,ksf-v4-idsplit::
classical_ext,svc,4,matern15_med_x10__svc__d4,matern15_med_x10,id_val,fixed_c1,1.0,,0.010920524597167969,0.748,0.7468447690435005,0.7470895222802088,0.7622641509433963,0.775642257671856,0.7554684297858383,full_v4_features,524,524,0,,ksf-v4-idsplit::
classical_ext,svc,4,matern15_med_x10__svc__d4,matern15_med_x10,id_test,fixed_c1,1.0,,0.010920524597167969,0.712,0.7109359984624255,0.7110939907550078,0.7272727272727273,0.7767954385290539,0.7939772114292236,full_v4_features,524,524,0,,ksf-v4-idsplit::
classical_ext,svc,4,matern15_med_x10__svc__d4,matern15_med_x10,ood_test,fixed_c1,1.0,,0.010920524597167969,0.684,0.6860271516393442,0.6825320280979248,0.704119850187266,0.7092405225409836,0.6832902824964413,full_v4_features,524,524,0,,ksf-v4-idsplit::
classical_ext,svc,4,matern25_med_x0.1__svc__d4,matern25_med_x0.1,id_val,fixed_c1,1.0,,0.011322498321533203,0.8,0.8010763021333847,0.7999871991807476,0.7983870967741935,0.8807418796847972,0.8820675174012247,full_v4_features,524,524,0,,ksf-v4-idsplit::
classical_ext,svc,4,matern25_med_x0.1__svc__d4,matern25_med_x0.1,id_test,fixed_c1,1.0,,0.011322498321533203,0.796,0.7972003331411366,0.7959706197692469,0.7935222672064778,0.871548465628804,0.855129650017858,full_v4_features,524,524,0,,ksf-v4-idsplit::
classical_ext,svc,4,matern25_med_x0.1__svc__d4,matern25_med_x0.1,ood_test,fixed_c1,1.0,,0.011322498321533203,0.74,0.7354316086065573,0.7282426918188507,0.6717171717171717,0.7834432633196722,0.8125504973685164,full_v4_features,524,524,0,,ksf-v4-idsplit::
classical_ext,svc,4,matern25_med_x0.3__svc__d4,matern25_med_x0.3,id_val,fixed_c1,1.0,,0.011439323425292969,0.792,0.7915305272599141,0.7916666666666667,0.8,0.8338138253571656,0.8137773697643156,full_v4_features,524,524,0,,ksf-v4-idsplit::
classical_ext,svc,4,matern25_med_x0.3__svc__d4,matern25_med_x0.3,id_test,fixed_c1,1.0,,0.011439323425292969,0.816,0.815811390864245,0.815811390864245,0.8217054263565892,0.8662950861682363,0.8661078377326258,full_v4_features,524,524,0,,ksf-v4-idsplit::
classical_ext,svc,4,matern25_med_x0.3__svc__d4,matern25_med_x0.3,ood_test,fixed_c1,1.0,,0.011439323425292969,0.776,0.7737576844262295,0.7731544494134422,0.7477477477477478,0.7924724641393444,0.7555577376690548,full_v4_features,524,524,0,,ksf-v4-idsplit::
classical_ext,svc,4,matern25_med_x3__svc__d4,matern25_med_x3,id_val,fixed_c1,1.0,,0.010366678237915039,0.728,0.7274649240822602,0.7275641025641026,0.7384615384615385,0.7903132807995387,0.7845140769841012,full_v4_features,524,524,0,,ksf-v4-idsplit::
classical_ext,svc,4,matern25_med_x3__svc__d4,matern25_med_x3,id_test,fixed_c1,1.0,,0.010366678237915039,0.716,0.7153244922800948,0.7154491094759454,0.7279693486590039,0.7994105964507656,0.8155640405332847,full_v4_features,524,524,0,,ksf-v4-idsplit::
classical_ext,svc,4,matern25_med_x3__svc__d4,matern25_med_x3,ood_test,fixed_c1,1.0,,0.010366678237915039,0.562,0.561219262295082,0.5610712267157305,0.5408805031446541,0.6740362448770492,0.650440810571159,full_v4_features,524,524,0,,ksf-v4-idsplit::
classical_ext,svc,4,matern25_med_x10__svc__d4,matern25_med_x10,id_val,fixed_c1,1.0,,0.009865045547485352,0.74,0.7383240438208726,0.7384895154411883,0.758364312267658,0.7703888782112884,0.7337886076808152,full_v4_features,524,524,0,,ksf-v4-idsplit::
classical_ext,svc,4,matern25_med_x10__svc__d4,matern25_med_x10,id_test,fixed_c1,1.0,,0.009865045547485352,0.708,0.7062912422320456,0.7063036096493346,0.7286245353159851,0.7770517009417643,0.7959686275970884,full_v4_features,524,524,0,,ksf-v4-idsplit::
classical_ext,svc,4,matern25_med_x10__svc__d4,matern25_med_x10,ood_test,fixed_c1,1.0,,0.009865045547485352,0.7,0.7021324282786885,0.698436695831189,0.7201492537313433,0.7328861424180327,0.7070821305218147,full_v4_features,524,524,0,,ksf-v4-idsplit::
quantum,svc,4,zz_r1_full__as0.5__svc__d4,zz_r1_full__as0.5,id_val,fixed_c1,1.0,,0.011005878448486328,0.756,0.7556217566788391,0.7556833656418719,0.7644787644787645,0.8111346018322761,0.7793462098694083,full_v4_features,524,524,0,,ksf-v4-idsplit::
quantum,svc,4,zz_r1_full__as0.5__svc__d4,zz_r1_full__as0.5,id_test,fixed_c1,1.0,,0.011005878448486328,0.728,0.7272086616695497,0.7273718647764449,0.7404580152671756,0.8423345505797937,0.8442821933639243,full_v4_features,524,524,0,,ksf-v4-idsplit::
quantum,svc,4,zz_r1_full__as0.5__svc__d4,zz_r1_full__as0.5,ood_test,fixed_c1,1.0,,0.011005878448486328,0.732,0.7334784836065573,0.7314801455618076,0.7432950191570882,0.8251472848360656,0.7485485334217715,full_v4_features,524,524,0,,ksf-v4-idsplit::
quantum,svc,4,zz_r2_full__as0.5__svc__d4,zz_r2_full__as0.5,id_val,fixed_c1,1.0,,0.012964010238647461,0.748,0.7476135562816324,0.747672984187507,0.7567567567567568,0.8148504068165802,0.7871551365083558,full_v4_features,524,524,0,,ksf-v4-idsplit::
quantum,svc,4,zz_r2_full__as0.5__svc__d4,zz_r2_full__as0.5,id_test,fixed_c1,1.0,,0.012964010238647461,0.728,0.7274649240822602,0.7275641025641026,0.7384615384615385,0.8415657633416618,0.8503840855367535,full_v4_features,524,524,0,,ksf-v4-idsplit::
quantum,svc,4,zz_r2_full__as0.5__svc__d4,zz_r2_full__as0.5,ood_test,fixed_c1,1.0,,0.012964010238647461,0.732,0.7332863729508197,0.7316522212787773,0.7413127413127413,0.8048636014344263,0.7380120103938783,full_v4_features,524,524,0,,ksf-v4-idsplit::
quantum,svc,4,pauli_xz_r1_full__as0.5__svc__d4,pauli_xz_r1_full__as0.5,id_val,fixed_c1,1.0,,0.012518167495727539,0.728,0.7277211864949709,0.7277211864949709,0.7364341085271318,0.7838426548785957,0.757128188916897,full_v4_features,524,524,0,,ksf-v4-idsplit::
quantum,svc,4,pauli_xz_r1_full__as0.5__svc__d4,pauli_xz_r1_full__as0.5,id_test,fixed_c1,1.0,,0.012518167495727539,0.696,0.6951758600807226,0.6952979665148502,0.7099236641221374,0.7808956371324235,0.7968989656020862,full_v4_features,524,524,0,,ksf-v4-idsplit::
quantum,svc,4,pauli_xz_r1_full__as0.5__svc__d4,pauli_xz_r1_full__as0.5,ood_test,fixed_c1,1.0,,0.012518167495727539,0.658,0.6597720286885246,0.6568456286949298,0.6767485822306238,0.6453157018442623,0.6025015017250687,full_v4_features,524,524,0,,ksf-v4-idsplit::
quantum,svc,4,zmap_r2__as0.5__svc__d4,zmap_r2__as0.5,id_val,fixed_c1,1.0,,0.009301900863647461,0.736,0.7364981741303094,0.7359831029185868,0.7380952380952381,0.7917227240694471,0.7893625631894589,full_v4_features,524,524,0,,ksf-v4-idsplit::
quantum,svc,4,zmap_r2__as0.5__svc__d4,zmap_r2__as0.5,id_test,fixed_c1,1.0,,0.009301900863647461,0.712,0.7127298353513998,0.712,0.712,0.8010122365302068,0.8198924655443591,full_v4_features,524,524,0,,ksf-v4-idsplit::
quantum,svc,4,zmap_r2__as0.5__svc__d4,zmap_r2__as0.5,ood_test,fixed_c1,1.0,,0.009301900863647461,0.6,0.5971759733606558,0.5929068082265392,0.5391705069124424,0.7129066342213115,0.6675454209411671,full_v4_features,524,524,0,,ksf-v4-idsplit::
quantum,svc,4,zz_r1_full__svc__d4,zz_r1_full,id_val,fixed_c1,1.0,,0.011407136917114258,0.76,0.7605227753219297,0.7599846390168971,0.7619047619047619,0.8064578128003075,0.7525498626498318,full_v4_features,524,524,0,,ksf-v4-idsplit::
quantum,svc,4,zz_r1_full__svc__d4,zz_r1_full,id_test,fixed_c1,1.0,,0.011407136917114258,0.74,0.7398616182971363,0.7397960000640502,0.7470817120622568,0.8324043820872572,0.8335601677027026,full_v4_features,524,524,0,,ksf-v4-idsplit::
quantum,svc,4,zz_r1_full__svc__d4,zz_r1_full,ood_test,fixed_c1,1.0,,0.011407136917114258,0.734,0.734375,0.733998935995744,0.7334669338677354,0.805327868852459,0.754317987552098,full_v4_features,524,524,0,,ksf-v4-idsplit::
quantum,svc,4,zz_r2_full__svc__d4,zz_r2_full,id_val,fixed_c1,1.0,,0.010746240615844727,0.776,0.7765391761163432,0.7759856630824373,0.7777777777777778,0.8270869370235121,0.7756411035992794,full_v4_features,524,524,0,,ksf-v4-idsplit::
quantum,svc,4,zz_r2_full__svc__d4,zz_r2_full,id_test,fixed_c1,1.0,,0.010746240615844727,0.756,0.7566468063296816,0.7559960959375349,0.7569721115537849,0.842270484976616,0.8393673312348423,full_v4_features,524,524,0,,ksf-v4-idsplit::
quantum,svc,4,zz_r2_full__svc__d4,zz_r2_full,ood_test,fixed_c1,1.0,,0.010746240615844727,0.736,0.7346951844262295,0.7346242923314462,0.7155172413793104,0.7670178022540983,0.7002821203942179,full_v4_features,524,524,0,,ksf-v4-idsplit::
quantum,svc,4,pauli_xz_r1_full__svc__d4,pauli_xz_r1_full,id_val,fixed_c1,1.0,,0.009893417358398438,0.732,0.7323659427253507,0.7319614024419516,0.7351778656126482,0.7857646229739252,0.7698708371266949,full_v4_features,524,524,0,,ksf-v4-idsplit::
quantum,svc,4,pauli_xz_r1_full__svc__d4,pauli_xz_r1_full,id_test,fixed_c1,1.0,,0.009893417358398438,0.72,0.7207380357486066,0.72,0.72,0.8167083093087322,0.8280700565708412,full_v4_features,524,524,0,,ksf-v4-idsplit::
quantum,svc,4,pauli_xz_r1_full__svc__d4,pauli_xz_r1_full,ood_test,fixed_c1,1.0,,0.009893417358398438,0.6,0.5970799180327868,0.5924621804903496,0.5370370370370371,0.6836417776639345,0.6468896000525142,full_v4_features,524,524,0,,ksf-v4-idsplit::
quantum,svc,4,zmap_r2__svc__d4,zmap_r2,id_val,fixed_c1,1.0,,0.009479284286499023,0.756,0.7558780190915497,0.7558085539062624,0.7626459143968871,0.7983855467999232,0.7844507018258006,full_v4_features,524,524,0,,ksf-v4-idsplit::
quantum,svc,4,zmap_r2__svc__d4,zmap_r2,id_test,fixed_c1,1.0,,0.009479284286499023,0.74,0.7396053558844257,0.7396626027331421,0.749034749034749,0.8276635274521108,0.8403012073054201,full_v4_features,524,524,0,,ksf-v4-idsplit::
quantum,svc,4,zmap_r2__svc__d4,zmap_r2,ood_test,fixed_c1,1.0,,0.009479284286499023,0.748,0.7488153176229508,0.747935471480699,0.7519685039370079,0.7546907018442623,0.6951922056207964,full_v4_features,524,524,0,,ksf-v4-idsplit::
quantum,svc,4,zz_r1_full__as2__svc__d4,zz_r1_full__as2,id_val,fixed_c1,1.0,,0.009538412094116211,0.76,0.7592414632583766,0.7594457630380396,0.7709923664122137,0.8247805753091165,0.7883485779557063,full_v4_features,524,524,0,,ksf-v4-idsplit::
quantum,svc,4,zz_r1_full__as2__svc__d4,zz_r1_full__as2,id_test,fixed_c1,1.0,,0.009538412094116211,0.788,0.7879108206803767,0.7878336615906871,0.7937743190661478,0.8591838042155167,0.8380321055854307,full_v4_features,524,524,0,,ksf-v4-idsplit::
quantum,svc,4,zz_r1_full__as2__svc__d4,zz_r1_full__as2,ood_test,fixed_c1,1.0,,0.009538412094116211,0.748,0.7463178790983607,0.7460332817337462,0.7236842105263158,0.7807537141393442,0.7411226903310654,full_v4_features,524,524,0,,ksf-v4-idsplit::
quantum,svc,4,zz_r2_full__as2__svc__d4,zz_r2_full__as2,id_val,fixed_c1,1.0,,0.00999307632446289,0.792,0.7922993144980459,0.7919467383650214,0.7952755905511811,0.8431033378179256,0.813851767591951,full_v4_features,524,524,0,,ksf-v4-idsplit::
quantum,svc,4,zz_r2_full__as2__svc__d4,zz_r2_full__as2,id_test,fixed_c1,1.0,,0.00999307632446289,0.772,0.7711256326478313,0.7713818164316312,0.7832699619771863,0.8302902171823948,0.8274929841204827,full_v4_features,524,524,0,,ksf-v4-idsplit::
quantum,svc,4,zz_r2_full__as2__svc__d4,zz_r2_full__as2,ood_test,fixed_c1,1.0,,0.00999307632446289,0.592,0.5923411885245902,0.592,0.592,0.5911404969262295,0.5687093570332925,full_v4_features,524,524,0,,ksf-v4-idsplit::
quantum,svc,4,pauli_xz_r1_full__as2__svc__d4,pauli_xz_r1_full__as2,id_val,fixed_c1,1.0,,0.009509563446044922,0.74,0.7390928310590044,0.7392950538255443,0.752851711026616,0.8044077134986226,0.7735499790085946,full_v4_features,524,524,0,,ksf-v4-idsplit::
quantum,svc,4,pauli_xz_r1_full__as2__svc__d4,pauli_xz_r1_full__as2,id_test,fixed_c1,1.0,,0.009509563446044922,0.724,0.7230764302645909,0.7232516725225009,0.7376425855513308,0.8444487154846563,0.8522975568008099,full_v4_features,524,524,0,,ksf-v4-idsplit::
quantum,svc,4,pauli_xz_r1_full__as2__svc__d4,pauli_xz_r1_full__as2,ood_test,fixed_c1,1.0,,0.009509563446044922,0.744,0.7452932889344263,0.7436677934603246,0.752895752895753,0.8064965420081966,0.7277572212562522,full_v4_features,524,524,0,,ksf-v4-idsplit::
quantum,svc,4,zmap_r2__as2__svc__d4,zmap_r2__as2,id_val,fixed_c1,1.0,,0.011854887008666992,0.732,0.7323659427253507,0.7319614024419516,0.7351778656126482,0.797488628355436,0.7542855538894727,full_v4_features,524,524,0,,ksf-v4-idsplit::
quantum,svc,4,zmap_r2__as2__svc__d4,zmap_r2__as2,id_test,fixed_c1,1.0,,0.011854887008666992,0.724,0.7230764302645909,0.7232516725225009,0.7376425855513308,0.8418860913575502,0.8511128768169544,full_v4_features,524,524,0,,ksf-v4-idsplit::
quantum,svc,4,zmap_r2__as2__svc__d4,zmap_r2__as2,ood_test,fixed_c1,1.0,,0.011854887008666992,0.704,0.7052702356557377,0.7036158861885002,0.7142857142857143,0.7968910092213114,0.7363001434976921,full_v4_features,524,524,0,,ksf-v4-idsplit::
classical_ext,svc,6,linear__svc__d6,linear,id_val,fixed_c1,1.0,,0.009007453918457031,0.708,0.7055224549939138,0.705050505050505,0.7345454545454545,0.7768595041322314,0.7376559211875913,full_v4_features,524,524,0,,ksf-v4-idsplit::
classical_ext,svc,6,linear__svc__d6,linear,id_test,fixed_c1,1.0,,0.009007453918457031,0.684,0.681241591389583,0.6802706771786113,0.7148014440433214,0.7823691460055096,0.7924866154142582,full_v4_features,524,524,0,,ksf-v4-idsplit::
classical_ext,svc,6,linear__svc__d6,linear,ood_test,fixed_c1,1.0,,0.009007453918457031,0.718,0.7199026639344263,0.716911808993772,0.7344632768361582,0.7549788678278689,0.6849889871147166,full_v4_features,524,524,0,,ksf-v4-idsplit::
classical_ext,svc,6,rbf_gscale__svc__d6,rbf_gscale,id_val,fixed_c1,1.0,,0.011506319046020508,0.748,0.7465885066307899,0.746829338862902,0.7640449438202247,0.8080594528797489,0.797888960973691,full_v4_features,524,524,0,,ksf-v4-idsplit::
classical_ext,svc,6,rbf_gscale__svc__d6,rbf_gscale,id_test,fixed_c1,1.0,,0.011506319046020508,0.732,0.7305721058363766,0.7307550111716578,0.7490636704119851,0.8136972259593824,0.8286658703077706,full_v4_features,524,524,0,,ksf-v4-idsplit::
classical_ext,svc,6,rbf_gscale__svc__d6,rbf_gscale,ood_test,fixed_c1,1.0,,0.011506319046020508,0.708,0.7108094262295082,0.705050505050505,0.7345454545454545,0.7000672387295082,0.6540367948114606,full_v4_features,524,524,0,,ksf-v4-idsplit::
classical_ext,svc,6,poly2__svc__d6,poly2,id_val,fixed_c1,1.0,,0.009323358535766602,0.712,0.7096546863988724,0.7093211032879012,0.7372262773722628,0.7782048817989621,0.7386776081136239,full_v4_features,524,524,0,,ksf-v4-idsplit::
classical_ext,svc,6,poly2__svc__d6,poly2,id_test,fixed_c1,1.0,,0.009323358535766602,0.688,0.6856300852072522,0.6850978618952264,0.7153284671532847,0.7844833109103722,0.7931167607960034,full_v4_features,524,524,0,,ksf-v4-idsplit::
classical_ext,svc,6,poly2__svc__d6,poly2,ood_test,fixed_c1,1.0,,0.009323358535766602,0.684,0.6866995389344263,0.6810606549964473,0.7116788321167883,0.7192462858606559,0.6176879860822888,full_v4_features,524,524,0,,ksf-v4-idsplit::
classical_ext,svc,6,poly3__svc__d6,poly3,id_val,fixed_c1,1.0,,0.009020805358886719,0.748,0.7458197193926581,0.7458488647915961,0.7692307692307693,0.7823050804023319,0.7438801097117456,full_v4_features,524,524,0,,ksf-v4-idsplit::
classical_ext,svc,6,poly3__svc__d6,poly3,id_test,fixed_c1,1.0,,0.009020805358886719,0.724,0.7220513806137485,0.7220387051032082,0.7453874538745388,0.7880069190851431,0.7945559814195376,full_v4_features,524,524,0,,ksf-v4-idsplit::
classical_ext,svc,6,poly3__svc__d6,poly3,ood_test,fixed_c1,1.0,,0.009020805358886719,0.706,0.7094326331967213,0.7012571586507391,0.738898756660746,0.6681768698770492,0.5605326249147515,full_v4_features,524,524,0,,ksf-v4-idsplit::
classical_ext,svc,6,laplacian_med__svc__d6,laplacian_med,id_val,fixed_c1,1.0,,0.009009599685668945,0.784,0.7855724261643924,0.783875512295082,0.7786885245901639,0.8522006534691523,0.8007746427043787,full_v4_features,524,524,0,,ksf-v4-idsplit::
classical_ext,svc,6,laplacian_med__svc__d6,laplacian_med,id_test,fixed_c1,1.0,,0.009009599685668945,0.784,0.7845473765135499,0.7839861751152073,0.7857142857142857,0.8737907617400217,0.876347178745326,full_v4_features,524,524,0,,ksf-v4-idsplit::
classical_ext,svc,6,laplacian_med__svc__d6,laplacian_med,ood_test,fixed_c1,1.0,,0.009009599685668945,0.764,0.7614626024590163,0.760314597247274,0.730593607305936,0.7981717469262295,0.7452480163474536,full_v4_features,524,524,0,,ksf-v4-idsplit::
classical_ext,svc,6,matern15_med__svc__d6,matern15_med,id_val,fixed_c1,1.0,,0.008415699005126953,0.764,0.764911269139599,0.763996223939583,0.7630522088353414,0.8202319174835031,0.7647489792798773,full_v4_features,524,524,0,,ksf-v4-idsplit::
classical_ext,svc,6,matern15_med__svc__d6,matern15_med,id_test,fixed_c1,1.0,,0.008415699005126953,0.736,0.7362419117175988,0.7359323986940657,0.7401574803149606,0.8384906143891345,0.8380536490930601,full_v4_features,524,524,0,,ksf-v4-idsplit::
classical_ext,svc,6,matern15_med__svc__d6,matern15_med,ood_test,fixed_c1,1.0,,0.008415699005126953,0.738,0.737608862704918,0.7376967774747608,0.7287784679089027,0.7579886014344263,0.6968389684154345,full_v4_features,524,524,0,,ksf-v4-idsplit::
classical_ext,svc,6,matern25_med__svc__d6,matern25_med,id_val,fixed_c1,1.0,,0.008515596389770508,0.756,0.7556217566788391,0.7556833656418719,0.7644787644787645,0.8177974245627523,0.7832018581478217,full_v4_features,524,524,0,,ksf-v4-idsplit::
classical_ext,svc,6,matern25_med__svc__d6,matern25_med,id_test,fixed_c1,1.0,,0.008515596389770508,0.736,0.7359856493048882,0.7358478483606558,0.7421875,0.832276250880902,0.8408576929756999,full_v4_features,524,524,0,,ksf-v4-idsplit::
classical_ext,svc,6,matern25_med__svc__d6,matern25_med,ood_test,fixed_c1,1.0,,0.008515596389770508,0.726,0.7255058913934427,0.7256037718465465,0.7151767151767152,0.7497438524590164,0.6963215831565139,full_v4_features,524,524,0,,ksf-v4-idsplit::
classical_ext,svc,6,rbf_gscale_x0.1__svc__d6,rbf_gscale_x0.1,id_val,fixed_c1,1.0,,0.010009765625,0.708,0.7055224549939138,0.705050505050505,0.7345454545454545,0.7800627842911141,0.7424901916267439,full_v4_features,524,524,0,,ksf-v4-idsplit::
classical_ext,svc,6,rbf_gscale_x0.1__svc__d6,rbf_gscale_x0.1,id_test,fixed_c1,1.0,,0.010009765625,0.676,0.6732333909923762,0.6721762639426268,0.7075812274368231,0.7785252098148505,0.7891825102995363,full_v4_features,524,524,0,,ksf-v4-idsplit::
classical_ext,svc,6,rbf_gscale_x0.1__svc__d6,rbf_gscale_x0.1,ood_test,fixed_c1,1.0,,0.010009765625,0.7,0.7023245389344263,0.6980676328502415,0.7222222222222222,0.7289798924180328,0.6396534641057469,full_v4_features,524,524,0,,ksf-v4-idsplit::
classical_ext,svc,6,rbf_gscale_x0.3__svc__d6,rbf_gscale_x0.3,id_val,fixed_c1,1.0,,0.008457660675048828,0.748,0.7458197193926581,0.7458488647915961,0.7692307692307693,0.7949260042283298,0.756231054205965,full_v4_features,524,524,0,,ksf-v4-idsplit::
classical_ext,svc,6,rbf_gscale_x0.3__svc__d6,rbf_gscale_x0.3,id_test,fixed_c1,1.0,,0.008457660675048828,0.724,0.7220513806137485,0.7220387051032082,0.7453874538745388,0.7915945928630918,0.800538642186442,full_v4_features,524,524,0,,ksf-v4-idsplit::
classical_ext,svc,6,rbf_gscale_x0.3__svc__d6,rbf_gscale_x0.3,ood_test,fixed_c1,1.0,,0.008457660675048828,0.706,0.7093365778688525,0.701557989109912,0.7379679144385026,0.6731557377049181,0.5678136227658217,full_v4_features,524,524,0,,ksf-v4-idsplit::
classical_ext,svc,6,rbf_gscale_x3__svc__d6,rbf_gscale_x3,id_val,fixed_c1,1.0,,0.012023687362670898,0.748,0.7483823435197643,0.7479637067737754,0.7509881422924901,0.814145685181626,0.79387928186672,full_v4_features,524,524,0,,ksf-v4-idsplit::
classical_ext,svc,6,rbf_gscale_x3__svc__d6,rbf_gscale_x3,id_test,fixed_c1,1.0,,0.012023687362670898,0.712,0.7122173105259786,0.7119262531207988,0.7165354330708661,0.8311230700237042,0.8371615239731103,full_v4_features,524,524,0,,ksf-v4-idsplit::
classical_ext,svc,6,rbf_gscale_x3__svc__d6,rbf_gscale_x3,ood_test,fixed_c1,1.0,,0.012023687362670898,0.594,0.5903560450819672,0.5824952388003835,0.513189448441247,0.7263543801229508,0.6721598898289692,full_v4_features,524,524,0,,ksf-v4-idsplit::
classical_ext,svc,6,rbf_gscale_x10__svc__d6,rbf_gscale_x10,id_val,fixed_c1,1.0,,0.009290218353271484,0.76,0.760266512909219,0.7599385442673324,0.7637795275590551,0.8217054263565892,0.7688476371541818,full_v4_features,524,524,0,,ksf-v4-idsplit::
classical_ext,svc,6,rbf_gscale_x10__svc__d6,rbf_gscale_x10,id_test,fixed_c1,1.0,,0.009290218353271484,0.76,0.7594977256710872,0.7596153846153846,0.7692307692307693,0.8558523928502787,0.8652096837833296,full_v4_features,524,524,0,,ksf-v4-idsplit::
classical_ext,svc,6,rbf_gscale_x10__svc__d6,rbf_gscale_x10,ood_test,fixed_c1,1.0,,0.009290218353271484,0.74,0.7397540983606558,0.7397960000640502,0.7325102880658436,0.8008693007172131,0.7701123679414016,full_v4_features,524,524,0,,ksf-v4-idsplit::
classical_ext,svc,6,laplacian_med_x0.1__svc__d6,laplacian_med_x0.1,id_val,fixed_c1,1.0,,0.013131380081176758,0.828,0.8289768723172528,0.8279972479559673,0.8273092369477911,0.8935229675187392,0.8756245662193557,full_v4_features,524,524,0,,ksf-v4-idsplit::
classical_ext,svc,6,laplacian_med_x0.1__svc__d6,laplacian_med_x0.1,id_test,fixed_c1,1.0,,0.013131380081176758,0.792,0.7933243641488885,0.7919467383650214,0.7886178861788617,0.8753283362162855,0.8575790107446915,full_v4_features,524,524,0,,ksf-v4-idsplit::
classical_ext,svc,6,laplacian_med_x0.1__svc__d6,laplacian_med_x0.1,ood_test,fixed_c1,1.0,,0.013131380081176758,0.742,0.7373847336065573,0.7300972905115598,0.6734177215189874,0.7735015368852459,0.8099624297103043,full_v4_features,524,524,0,,ksf-v4-idsplit::
classical_ext,svc,6,laplacian_med_x0.3__svc__d6,laplacian_med_x0.3,id_val,fixed_c1,1.0,,0.012948751449584961,0.816,0.815811390864245,0.815811390864245,0.8217054263565892,0.8725094496764686,0.8252310565238065,full_v4_features,524,524,0,,ksf-v4-idsplit::
classical_ext,svc,6,laplacian_med_x0.3__svc__d6,laplacian_med_x0.3,id_test,fixed_c1,1.0,,0.012948751449584961,0.832,0.8315715292459478,0.8317307692307692,0.8384615384615385,0.8872445384073291,0.8788112758311616,full_v4_features,524,524,0,,ksf-v4-idsplit::
classical_ext,svc,6,laplacian_med_x0.3__svc__d6,laplacian_med_x0.3,ood_test,fixed_c1,1.0,,0.012948751449584961,0.748,0.7455494364754098,0.7443181818181819,0.7136363636363636,0.7745741547131146,0.7874351350588763,full_v4_features,524,524,0,,ksf-v4-idsplit::
classical_ext,svc,6,laplacian_med_x3__svc__d6,laplacian_med_x3,id_val,fixed_c1,1.0,,0.007014036178588867,0.752,0.7530270997501441,0.751984126984127,0.75,0.8363764494842719,0.7996420878366262,full_v4_features,524,524,0,,ksf-v4-idsplit::
classical_ext,svc,6,laplacian_med_x3__svc__d6,laplacian_med_x3,id_test,fixed_c1,1.0,,0.007014036178588867,0.74,0.7401178807098469,0.7398959583833533,0.7450980392156863,0.8468191428022294,0.8553570986665734,full_v4_features,524,524,0,,ksf-v4-idsplit::
classical_ext,svc,6,laplacian_med_x3__svc__d6,laplacian_med_x3,ood_test,fixed_c1,1.0,,0.007014036178588867,0.748,0.747374487704918,0.7475111816476698,0.7364016736401674,0.8039830942622951,0.7440261578589702,full_v4_features,524,524,0,,ksf-v4-idsplit::
classical_ext,svc,6,laplacian_med_x10__svc__d6,laplacian_med_x10,id_val,fixed_c1,1.0,,0.009596586227416992,0.752,0.7509770004484593,0.7512198253723678,0.7651515151515151,0.8201678518803254,0.7882879661717679,full_v4_features,524,524,0,,ksf-v4-idsplit::
classical_ext,svc,6,laplacian_med_x10__svc__d6,laplacian_med_x10,id_test,fixed_c1,1.0,,0.009596586227416992,0.732,0.7313408930745082,0.7314801455618076,0.7432950191570882,0.8378499583573579,0.8417783818824836,full_v4_features,524,524,0,,ksf-v4-idsplit::
classical_ext,svc,6,laplacian_med_x10__svc__d6,laplacian_med_x10,ood_test,fixed_c1,1.0,,0.009596586227416992,0.738,0.7386654713114754,0.737973797379738,0.7405940594059406,0.7618148053278687,0.6955223953439751,full_v4_features,524,524,0,,ksf-v4-idsplit::
classical_ext,svc,6,matern15_med_x0.1__svc__d6,matern15_med_x0.1,id_val,fixed_c1,1.0,,0.010337114334106445,0.828,0.828208085079121,0.8279311724689876,0.8313725490196079,0.876353385867128,0.8422332861872945,full_v4_features,524,524,0,,ksf-v4-idsplit::
classical_ext,svc,6,matern15_med_x0.1__svc__d6,matern15_med_x0.1,id_test,fixed_c1,1.0,,0.010337114334106445,0.816,0.8165801781023768,0.8159882232462878,0.8174603174603174,0.8804535844704977,0.8545835557635529,full_v4_features,524,524,0,,ksf-v4-idsplit::
classical_ext,svc,6,matern15_med_x0.1__svc__d6,matern15_med_x0.1,ood_test,fixed_c1,1.0,,0.010337114334106445,0.742,0.7377689549180328,0.7319101712034115,0.6799007444168734,0.7849321209016393,0.8143560786195694,full_v4_features,524,524,0,,ksf-v4-idsplit::
classical_ext,svc,6,matern15_med_x0.3__svc__d6,matern15_med_x0.3,id_val,fixed_c1,1.0,,0.011277437210083008,0.776,0.7765391761163432,0.7759856630824373,0.7777777777777778,0.8448331091037222,0.7974008100963634,full_v4_features,524,524,0,,ksf-v4-idsplit::
classical_ext,svc,6,matern15_med_x0.3__svc__d6,matern15_med_x0.3,id_test,fixed_c1,1.0,,0.011277437210083008,0.804,0.8041834838875008,0.803921568627451,0.807843137254902,0.8668716765968352,0.8470221852404207,full_v4_features,524,524,0,,ksf-v4-idsplit::
classical_ext,svc,6,matern15_med_x0.3__svc__d6,matern15_med_x0.3,ood_test,fixed_c1,1.0,,0.011277437210083008,0.758,0.7556992827868853,0.7548135569865978,0.7268623024830699,0.7884381403688524,0.7828995027392827,full_v4_features,524,524,0,,ksf-v4-idsplit::
classical_ext,svc,6,matern15_med_x3__svc__d6,matern15_med_x3,id_val,fixed_c1,1.0,,0.008784770965576172,0.752,0.7502082132103274,0.750402576489533,0.7703703703703704,0.810429880197322,0.8000073823941455,full_v4_features,524,524,0,,ksf-v4-idsplit::
classical_ext,svc,6,matern15_med_x3__svc__d6,matern15_med_x3,id_test,fixed_c1,1.0,,0.008784770965576172,0.728,0.7264398744314178,0.7265826042202779,0.746268656716418,0.8095970273560125,0.8261413543347443,full_v4_features,524,524,0,,ksf-v4-idsplit::
classical_ext,svc,6,matern15_med_x3__svc__d6,matern15_med_x3,ood_test,fixed_c1,1.0,,0.008784770965576172,0.724,0.726530481557377,0.7218459752321982,0.7463235294117647,0.7114497950819672,0.640643980243266,full_v4_features,524,524,0,,ksf-v4-idsplit::
classical_ext,svc,6,matern15_med_x10__svc__d6,matern15_med_x10,id_val,fixed_c1,1.0,,0.01194310188293457,0.708,0.7055224549939138,0.705050505050505,0.7345454545454545,0.7867896726247677,0.7782196217079933,full_v4_features,524,524,0,,ksf-v4-idsplit::
classical_ext,svc,6,matern15_med_x10__svc__d6,matern15_med_x10,id_test,fixed_c1,1.0,,0.01194310188293457,0.688,0.6856300852072522,0.6850978618952264,0.7153284671532847,0.7793580626561598,0.7870928141159085,full_v4_features,524,524,0,,ksf-v4-idsplit::
classical_ext,svc,6,matern15_med_x10__svc__d6,matern15_med_x10,ood_test,fixed_c1,1.0,,0.01194310188293457,0.722,0.7236168032786885,0.7213032581453633,0.7352380952380952,0.7492155481557375,0.6705441569435344,full_v4_features,524,524,0,,ksf-v4-idsplit::
classical_ext,svc,6,matern25_med_x0.1__svc__d6,matern25_med_x0.1,id_val,fixed_c1,1.0,,0.009608030319213867,0.82,0.8201998846819143,0.8199279711884754,0.8235294117647058,0.8703952847716061,0.8313143533232541,full_v4_features,524,524,0,,ksf-v4-idsplit::
classical_ext,svc,6,matern25_med_x0.1__svc__d6,matern25_med_x0.1,id_test,fixed_c1,1.0,,0.009608030319213867,0.816,0.8165801781023768,0.8159882232462878,0.8174603174603174,0.8778909603433916,0.8509294170556455,full_v4_features,524,524,0,,ksf-v4-idsplit::
classical_ext,svc,6,matern25_med_x0.1__svc__d6,matern25_med_x0.1,ood_test,fixed_c1,1.0,,0.009608030319213867,0.746,0.7418673155737705,0.7364871874675796,0.6864197530864198,0.7807697233606559,0.8056657375119229,full_v4_features,524,524,0,,ksf-v4-idsplit::
classical_ext,svc,6,matern25_med_x0.3__svc__d6,matern25_med_x0.3,id_val,fixed_c1,1.0,,0.010296344757080078,0.776,0.7767954385290538,0.776,0.776,0.8334934973412773,0.7864164041994801,full_v4_features,524,524,0,,ksf-v4-idsplit::
classical_ext,svc,6,matern25_med_x0.3__svc__d6,matern25_med_x0.3,id_test,fixed_c1,1.0,,0.010296344757080078,0.788,0.7886796079185086,0.7879966079457271,0.7888446215139442,0.8649497085015057,0.8525751285759932,full_v4_features,524,524,0,,ksf-v4-idsplit::
classical_ext,svc,6,matern25_med_x0.3__svc__d6,matern25_med_x0.3,ood_test,fixed_c1,1.0,,0.010296344757080078,0.762,0.7597015881147541,0.7588662254661582,0.7313769751693002,0.7956102715163934,0.7750026446336491,full_v4_features,524,524,0,,ksf-v4-idsplit::
classical_ext,svc,6,matern25_med_x3__svc__d6,matern25_med_x3,id_val,fixed_c1,1.0,,0.007808208465576172,0.748,0.7460759818053687,0.7462092524855379,0.7675276752767528,0.8004356461016082,0.7635479154643052,full_v4_features,524,524,0,,ksf-v4-idsplit::
classical_ext,svc,6,matern25_med_x3__svc__d6,matern25_med_x3,id_test,fixed_c1,1.0,,0.007808208465576172,0.724,0.7220513806137485,0.7220387051032082,0.7453874538745388,0.8027420078160037,0.8207517683206536,full_v4_features,524,524,0,,ksf-v4-idsplit::
classical_ext,svc,6,matern25_med_x3__svc__d6,matern25_med_x3,ood_test,fixed_c1,1.0,,0.007808208465576172,0.716,0.7190061475409837,0.7126483301225495,0.7436823104693141,0.6976178278688525,0.5979754672782142,full_v4_features,524,524,0,,ksf-v4-idsplit::
classical_ext,svc,6,matern25_med_x10__svc__d6,matern25_med_x10,id_val,fixed_c1,1.0,,0.010364055633544922,0.708,0.7057787174066243,0.7055074147585161,0.7326007326007326,0.7787174066243834,0.7749079138721601,full_v4_features,524,524,0,,ksf-v4-idsplit::
classical_ext,svc,6,matern25_med_x10__svc__d6,matern25_med_x10,id_test,fixed_c1,1.0,,0.010364055633544922,0.676,0.6734896534050868,0.6727272727272727,0.7054545454545454,0.7680184508937152,0.7783834804468239,full_v4_features,524,524,0,,ksf-v4-idsplit::
classical_ext,svc,6,matern25_med_x10__svc__d6,matern25_med_x10,ood_test,fixed_c1,1.0,,0.010364055633544922,0.706,0.7069351946721312,0.7058576350953861,0.7123287671232876,0.747678662909836,0.6690016598676493,full_v4_features,524,524,0,,ksf-v4-idsplit::
quantum,svc,6,zz_r1_full__as0.5__svc__d6,zz_r1_full__as0.5,id_val,fixed_c1,1.0,,0.010512828826904297,0.764,0.7643987443141778,0.7639660111055993,0.766798418972332,0.8279197898648216,0.7611003057932282,full_v4_features,524,524,0,,ksf-v4-idsplit::
quantum,svc,6,zz_r1_full__as0.5__svc__d6,zz_r1_full__as0.5,id_test,fixed_c1,1.0,,0.010512828826904297,0.796,0.7969440707284259,0.7959967359477751,0.7951807228915663,0.8629636748029982,0.8371701401354685,full_v4_features,524,524,0,,ksf-v4-idsplit::
quantum,svc,6,zz_r1_full__as0.5__svc__d6,zz_r1_full__as0.5,ood_test,fixed_c1,1.0,,0.010512828826904297,0.736,0.7332543545081966,0.7313184934295158,0.695852534562212,0.804415343237705,0.7990518089583147,full_v4_features,524,524,0,,ksf-v4-idsplit::
quantum,svc,6,zz_r2_full__as0.5__svc__d6,zz_r2_full__as0.5,id_val,fixed_c1,1.0,,0.010100603103637695,0.76,0.760266512909219,0.7599385442673324,0.7637795275590551,0.837081171119226,0.7807841640657918,full_v4_features,524,524,0,,ksf-v4-idsplit::
quantum,svc,6,zz_r2_full__as0.5__svc__d6,zz_r2_full__as0.5,id_test,fixed_c1,1.0,,0.010100603103637695,0.8,0.800820039720674,0.8,0.8,0.8687295790889871,0.8433932320152324,full_v4_features,524,524,0,,ksf-v4-idsplit::
quantum,svc,6,zz_r2_full__as0.5__svc__d6,zz_r2_full__as0.5,ood_test,fixed_c1,1.0,,0.010100603103637695,0.748,0.7460297131147541,0.7454545454545454,0.72,0.7886462602459017,0.7668245988638155,full_v4_features,524,524,0,,ksf-v4-idsplit::
quantum,svc,6,pauli_xz_r1_full__as0.5__svc__d6,pauli_xz_r1_full__as0.5,id_val,fixed_c1,1.0,,0.01228952407836914,0.752,0.7507207380357486,0.7509800141379088,0.7669172932330827,0.8111346018322763,0.7969850322884062,full_v4_features,524,524,0,,ksf-v4-idsplit::
quantum,svc,6,pauli_xz_r1_full__as0.5__svc__d6,pauli_xz_r1_full__as0.5,id_test,fixed_c1,1.0,,0.01228952407836914,0.724,0.7228201678518804,0.7230028101164191,0.7396226415094339,0.8179255557691075,0.8313037979169042,full_v4_features,524,524,0,,ksf-v4-idsplit::
quantum,svc,6,pauli_xz_r1_full__as0.5__svc__d6,pauli_xz_r1_full__as0.5,ood_test,fixed_c1,1.0,,0.01228952407836914,0.708,0.7104252049180328,0.7059250068483218,0.7306273062730627,0.6982421875,0.6483815104145543,full_v4_features,524,524,0,,ksf-v4-idsplit::
quantum,svc,6,zmap_r2__as0.5__svc__d6,zmap_r2__as0.5,id_val,fixed_c1,1.0,,0.008173227310180664,0.748,0.7473572938689218,0.7475111816476698,0.7586206896551724,0.8156191940547121,0.7961738045008901,full_v4_features,524,524,0,,ksf-v4-idsplit::
quantum,svc,6,zmap_r2__as0.5__svc__d6,zmap_r2__as0.5,id_test,fixed_c1,1.0,,0.008173227310180664,0.732,0.7315971554872189,0.7316522212787773,0.7413127413127413,0.8297136267537959,0.8355223119945916,full_v4_features,524,524,0,,ksf-v4-idsplit::
quantum,svc,6,zmap_r2__as0.5__svc__d6,zmap_r2__as0.5,ood_test,fixed_c1,1.0,,0.008173227310180664,0.61,0.6072297643442623,0.6032956972841013,0.5517241379310345,0.7488153176229508,0.6918054079709534,full_v4_features,524,524,0,,ksf-v4-idsplit::
quantum,svc,6,zz_r1_full__svc__d6,zz_r1_full,id_val,fixed_c1,1.0,,0.012003898620605469,0.756,0.7563905439169709,0.7559648589396872,0.758893280632411,0.8358639246588507,0.7651092624729448,full_v4_features,524,524,0,,ksf-v4-idsplit::
quantum,svc,6,zz_r1_full__svc__d6,zz_r1_full,id_test,fixed_c1,1.0,,0.012003898620605469,0.804,0.8041834838875008,0.803921568627451,0.807843137254902,0.8545710807867255,0.7950471611942234,full_v4_features,524,524,0,,ksf-v4-idsplit::
quantum,svc,6,zz_r1_full__svc__d6,zz_r1_full,ood_test,fixed_c1,1.0,,0.012003898620605469,0.738,0.735687756147541,0.734550214588796,0.7042889390519187,0.8065125512295083,0.7981865131068165,full_v4_features,524,524,0,,ksf-v4-idsplit::
quantum,svc,6,zz_r2_full__svc__d6,zz_r2_full,id_val,fixed_c1,1.0,,0.010982751846313477,0.756,0.7569030687423922,0.7559960959375349,0.7550200803212851,0.8399000576590429,0.7787162749166086,full_v4_features,524,524,0,,ksf-v4-idsplit::
quantum,svc,6,zz_r2_full__svc__d6,zz_r2_full,id_test,fixed_c1,1.0,,0.010982751846313477,0.796,0.7966878083157154,0.7959967359477751,0.796812749003984,0.8586072137869178,0.8273631554159682,full_v4_features,524,524,0,,ksf-v4-idsplit::
quantum,svc,6,zz_r2_full__svc__d6,zz_r2_full,ood_test,fixed_c1,1.0,,0.010982751846313477,0.698,0.695952868852459,0.6948249588721054,0.6636971046770601,0.7840996413934426,0.7946481449151042,full_v4_features,524,524,0,,ksf-v4-idsplit::
quantum,svc,6,pauli_xz_r1_full__svc__d6,pauli_xz_r1_full,id_val,fixed_c1,1.0,,0.009439945220947266,0.76,0.7607790377346403,0.76,0.76,0.8190146710231277,0.7745651977511705,full_v4_features,524,524,0,,ksf-v4-idsplit::
quantum,svc,6,pauli_xz_r1_full__svc__d6,pauli_xz_r1_full,id_test,fixed_c1,1.0,,0.009439945220947266,0.728,0.7277211864949709,0.7277211864949709,0.7364341085271318,0.8245243128964059,0.8154505983496413,full_v4_features,524,524,0,,ksf-v4-idsplit::
quantum,svc,6,pauli_xz_r1_full__svc__d6,pauli_xz_r1_full,ood_test,fixed_c1,1.0,,0.009439945220947266,0.74,0.740234375,0.7399833589349718,0.7379032258064516,0.7518570696721312,0.706217268601674,full_v4_features,524,524,0,,ksf-v4-idsplit::
quantum,svc,6,zmap_r2__svc__d6,zmap_r2,id_val,fixed_c1,1.0,,0.008619308471679688,0.764,0.7643987443141778,0.7639660111055993,0.766798418972332,0.8169645717214428,0.778700569978318,full_v4_features,524,524,0,,ksf-v4-idsplit::
quantum,svc,6,zmap_r2__svc__d6,zmap_r2,id_test,fixed_c1,1.0,,0.008619308471679688,0.732,0.7315971554872189,0.7316522212787773,0.7413127413127413,0.8525209814850407,0.8666143482359434,full_v4_features,524,524,0,,ksf-v4-idsplit::
quantum,svc,6,zmap_r2__svc__d6,zmap_r2,ood_test,fixed_c1,1.0,,0.008619308471679688,0.726,0.7262743340163935,0.7259901356448832,0.7243460764587525,0.8110271516393444,0.7754031141308748,full_v4_features,524,524,0,,ksf-v4-idsplit::
quantum,svc,6,zz_r1_full__as2__svc__d6,zz_r1_full__as2,id_val,fixed_c1,1.0,,0.019720792770385742,0.804,0.804696008712922,0.8039968639498232,0.8047808764940239,0.8734704337241335,0.8418382329473366,full_v4_features,524,524,0,,ksf-v4-idsplit::
quantum,svc,6,zz_r1_full__as2__svc__d6,zz_r1_full__as2,id_test,fixed_c1,1.0,,0.019720792770385742,0.8,0.800051252482542,0.7998847336065573,0.8046875,0.8718047280415145,0.8365996967361736,full_v4_features,524,524,0,,ksf-v4-idsplit::
quantum,svc,6,zz_r1_full__as2__svc__d6,zz_r1_full__as2,ood_test,fixed_c1,1.0,,0.019720792770385742,0.734,0.7310130635245902,0.7285259982282749,0.6899766899766899,0.7683465676229508,0.7909977480698229,full_v4_features,524,524,0,,ksf-v4-idsplit::
quantum,svc,6,zz_r2_full__as2__svc__d6,zz_r2_full__as2,id_val,fixed_c1,1.0,,0.010514259338378906,0.796,0.7969440707284259,0.7959967359477751,0.7951807228915663,0.8866679479787303,0.8596643794537266,full_v4_features,524,524,0,,ksf-v4-idsplit::
quantum,svc,6,zz_r2_full__as2__svc__d6,zz_r2_full__as2,id_test,fixed_c1,1.0,,0.010514259338378906,0.812,0.8121916842847076,0.8119247699079633,0.8156862745098039,0.8695624319302966,0.845255541348008,full_v4_features,524,524,0,,ksf-v4-idsplit::
quantum,svc,6,zz_r2_full__as2__svc__d6,zz_r2_full__as2,ood_test,fixed_c1,1.0,,0.010514259338378906,0.702,0.6988025102459017,0.6951406649616368,0.6494117647058824,0.7598616803278689,0.7845414827079765,full_v4_features,524,524,0,,ksf-v4-idsplit::
quantum,svc,6,pauli_xz_r1_full__as2__svc__d6,pauli_xz_r1_full__as2,id_val,fixed_c1,1.0,,0.009007692337036133,0.772,0.7726632071240951,0.7719963519416311,0.7729083665338645,0.805817156768531,0.7437909140542456,full_v4_features,524,524,0,,ksf-v4-idsplit::
quantum,svc,6,pauli_xz_r1_full__as2__svc__d6,pauli_xz_r1_full__as2,id_test,fixed_c1,1.0,,0.009007692337036133,0.772,0.7718944198859632,0.7718211077484748,0.7782101167315175,0.8611057723108464,0.8727155033842544,full_v4_features,524,524,0,,ksf-v4-idsplit::
quantum,svc,6,pauli_xz_r1_full__as2__svc__d6,pauli_xz_r1_full__as2,ood_test,fixed_c1,1.0,,0.009007692337036133,0.752,0.7502241290983607,0.7498830097949041,0.7268722466960352,0.811555455942623,0.7890503178976065,full_v4_features,524,524,0,,ksf-v4-idsplit::
quantum,svc,6,zmap_r2__as2__svc__d6,zmap_r2__as2,id_val,fixed_c1,1.0,,0.008805990219116211,0.768,0.7685309757191364,0.7679851510496671,0.7698412698412699,0.8221538855788327,0.7611561839944387,full_v4_features,524,524,0,,ksf-v4-idsplit::
quantum,svc,6,zmap_r2__as2__svc__d6,zmap_r2__as2,id_test,fixed_c1,1.0,,0.008805990219116211,0.788,0.7889358703312193,0.7879966079457271,0.7871485943775101,0.855980524056634,0.860022750519006,full_v4_features,524,524,0,,ksf-v4-idsplit::
quantum,svc,6,zmap_r2__as2__svc__d6,zmap_r2__as2,ood_test,fixed_c1,1.0,,0.008805990219116211,0.734,0.732453893442623,0.7321993081479871,0.710239651416122,0.8107549948770493,0.7813939901864955,full_v4_features,524,524,0,,ksf-v4-idsplit::
classical_ext,svc,8,linear__svc__d8,linear,id_val,fixed_c1,1.0,,0.008000850677490234,0.744,0.7422000128131206,0.7423510466988728,0.762962962962963,0.7971042347363699,0.7848512864504,full_v4_features,524,524,0,,ksf-v4-idsplit::
classical_ext,svc,8,linear__svc__d8,linear,id_test,fixed_c1,1.0,,0.008000850677490234,0.724,0.721026330962906,0.7202354887364375,0.7526881720430108,0.7981933499903902,0.8054516746699747,full_v4_features,524,524,0,,ksf-v4-idsplit::
classical_ext,svc,8,linear__svc__d8,linear,ood_test,fixed_c1,1.0,,0.008000850677490234,0.706,0.7087602459016393,0.7031490434129379,0.73224043715847,0.7235207479508197,0.6248349164540958,full_v4_features,524,524,0,,ksf-v4-idsplit::
classical_ext,svc,8,rbf_gscale__svc__d8,rbf_gscale,id_val,fixed_c1,1.0,,0.008521080017089844,0.76,0.7597539880837978,0.7597539880837978,0.7674418604651163,0.8245243128964059,0.8197900121860093,full_v4_features,524,524,0,,ksf-v4-idsplit::
classical_ext,svc,8,rbf_gscale__svc__d8,rbf_gscale,id_test,fixed_c1,1.0,,0.008521080017089844,0.732,0.730828368249087,0.7310317141710156,0.7471698113207547,0.8170286373246204,0.8343205388708769,full_v4_features,524,524,0,,ksf-v4-idsplit::
classical_ext,svc,8,rbf_gscale__svc__d8,rbf_gscale,ood_test,fixed_c1,1.0,,0.008521080017089844,0.708,0.7108094262295082,0.705050505050505,0.7345454545454545,0.7305487961065574,0.6741835170222222,full_v4_features,524,524,0,,ksf-v4-idsplit::
classical_ext,svc,8,poly2__svc__d8,poly2,id_val,fixed_c1,1.0,,0.00879049301147461,0.752,0.7502082132103274,0.750402576489533,0.7703703703703704,0.8059452879748863,0.7933745818155973,full_v4_features,524,524,0,,ksf-v4-idsplit::
classical_ext,svc,8,poly2__svc__d8,poly2,id_test,fixed_c1,1.0,,0.00879049301147461,0.716,0.7142994426292524,0.714350086097298,0.7360594795539034,0.8031264014350694,0.810785259763876,full_v4_features,524,524,0,,ksf-v4-idsplit::
classical_ext,svc,8,poly2__svc__d8,poly2,ood_test,fixed_c1,1.0,,0.00879049301147461,0.706,0.708952356557377,0.7026590773935945,0.7341772151898734,0.7270107581967213,0.6248161719149897,full_v4_features,524,524,0,,ksf-v4-idsplit::
classical_ext,svc,8,poly3__svc__d8,poly3,id_val,fixed_c1,1.0,,0.008669376373291016,0.76,0.7582164136075341,0.7584541062801933,0.7777777777777778,0.8046639759113332,0.7676326577459391,full_v4_features,524,524,0,,ksf-v4-idsplit::
classical_ext,svc,8,poly3__svc__d8,poly3,id_test,fixed_c1,1.0,,0.008669376373291016,0.724,0.7225639054391697,0.7227178473260356,0.7415730337078652,0.8081875840861041,0.8233744782210108,full_v4_features,524,524,0,,ksf-v4-idsplit::
classical_ext,svc,8,poly3__svc__d8,poly3,ood_test,fixed_c1,1.0,,0.008669376373291016,0.692,0.6949923155737705,0.6883650904145959,0.7220216606498195,0.6954085553278688,0.5917768398750545,full_v4_features,524,524,0,,ksf-v4-idsplit::
classical_ext,svc,8,laplacian_med__svc__d8,laplacian_med,id_val,fixed_c1,1.0,,0.009010076522827148,0.78,0.7809276699340124,0.7799964799436792,0.7791164658634538,0.8486770452943815,0.7954570857723259,full_v4_features,524,524,0,,ksf-v4-idsplit::
classical_ext,svc,8,laplacian_med__svc__d8,laplacian_med,id_test,fixed_c1,1.0,,0.009010076522827148,0.788,0.7886796079185086,0.7879966079457271,0.7888446215139442,0.8631558716125312,0.8567911577274806,full_v4_features,524,524,0,,ksf-v4-idsplit::
classical_ext,svc,8,laplacian_med__svc__d8,laplacian_med,ood_test,fixed_c1,1.0,,0.009010076522827148,0.76,0.757844518442623,0.7571676029204644,0.7309417040358744,0.7739017674180328,0.7234763110179541,full_v4_features,524,524,0,,ksf-v4-idsplit::
classical_ext,svc,8,matern15_med__svc__d8,matern15_med,id_val,fixed_c1,1.0,,0.009255647659301758,0.768,0.7685309757191364,0.7679851510496671,0.7698412698412699,0.8277916586584662,0.7956045730763578,full_v4_features,524,524,0,,ksf-v4-idsplit::
classical_ext,svc,8,matern15_med__svc__d8,matern15_med,id_test,fixed_c1,1.0,,0.009255647659301758,0.728,0.7274649240822602,0.7275641025641026,0.7384615384615385,0.830994938817349,0.8520151923806323,full_v4_features,524,524,0,,ksf-v4-idsplit::
classical_ext,svc,8,matern15_med__svc__d8,matern15_med,ood_test,fixed_c1,1.0,,0.009255647659301758,0.738,0.7381851946721312,0.737973797379738,0.7353535353535353,0.7873174948770493,0.7475176000647441,full_v4_features,524,524,0,,ksf-v4-idsplit::
classical_ext,svc,8,matern25_med__svc__d8,matern25_med,id_val,fixed_c1,1.0,,0.008513689041137695,0.768,0.7685309757191364,0.7679851510496671,0.7698412698412699,0.8218976231661221,0.7879452800832975,full_v4_features,524,524,0,,ksf-v4-idsplit::
classical_ext,svc,8,matern25_med__svc__d8,matern25_med,id_test,fixed_c1,1.0,,0.008513689041137695,0.732,0.7313408930745082,0.7314801455618076,0.7432950191570882,0.8225382791978988,0.8369797317007395,full_v4_features,524,524,0,,ksf-v4-idsplit::
classical_ext,svc,8,matern25_med__svc__d8,matern25_med,ood_test,fixed_c1,1.0,,0.008513689041137695,0.74,0.7403304303278688,0.739995839933439,0.7389558232931727,0.7525294569672131,0.7062743935578243,full_v4_features,524,524,0,,ksf-v4-idsplit::
classical_ext,svc,8,rbf_gscale_x0.1__svc__d8,rbf_gscale_x0.1,id_val,fixed_c1,1.0,,0.00799870491027832,0.732,0.7287782689474022,0.7278148816197858,0.7615658362989324,0.7929399705298225,0.7742518536589567,full_v4_features,524,524,0,,ksf-v4-idsplit::
classical_ext,svc,8,rbf_gscale_x0.1__svc__d8,rbf_gscale_x0.1,id_test,fixed_c1,1.0,,0.00799870491027832,0.712,0.7078608495098981,0.7051886792452831,0.75,0.8017169581651611,0.8111320156673729,full_v4_features,524,524,0,,ksf-v4-idsplit::
classical_ext,svc,8,rbf_gscale_x0.1__svc__d8,rbf_gscale_x0.1,ood_test,fixed_c1,1.0,,0.00799870491027832,0.668,0.6719390368852459,0.6605650161129378,0.710801393728223,0.7158843493852459,0.6238050602249408,full_v4_features,524,524,0,,ksf-v4-idsplit::
classical_ext,svc,8,rbf_gscale_x0.3__svc__d8,rbf_gscale_x0.3,id_val,fixed_c1,1.0,,0.00800180435180664,0.76,0.7582164136075341,0.7584541062801933,0.7777777777777778,0.8118393234672305,0.7966871504284119,full_v4_features,524,524,0,,ksf-v4-idsplit::
classical_ext,svc,8,rbf_gscale_x0.3__svc__d8,rbf_gscale_x0.3,id_test,fixed_c1,1.0,,0.00800180435180664,0.72,0.718431674034211,0.7185409161091096,0.7388059701492538,0.8115189954513422,0.8275506085141798,full_v4_features,524,524,0,,ksf-v4-idsplit::
classical_ext,svc,8,rbf_gscale_x0.3__svc__d8,rbf_gscale_x0.3,ood_test,fixed_c1,1.0,,0.00800180435180664,0.694,0.6969454405737705,0.6905227132055779,0.7233273056057866,0.6887967469262296,0.5886438754971024,full_v4_features,524,524,0,,ksf-v4-idsplit::
classical_ext,svc,8,rbf_gscale_x3__svc__d8,rbf_gscale_x3,id_val,fixed_c1,1.0,,0.009503841400146484,0.764,0.7646550067268884,0.763996223939583,0.7649402390438247,0.8222179511820104,0.7965653173453768,full_v4_features,524,524,0,,ksf-v4-idsplit::
classical_ext,svc,8,rbf_gscale_x3__svc__d8,rbf_gscale_x3,id_test,fixed_c1,1.0,,0.009503841400146484,0.74,0.7396053558844257,0.7396626027331421,0.749034749034749,0.8208725735152795,0.8314880273480605,full_v4_features,524,524,0,,ksf-v4-idsplit::
classical_ext,svc,8,rbf_gscale_x3__svc__d8,rbf_gscale_x3,ood_test,fixed_c1,1.0,,0.009503841400146484,0.748,0.748046875,0.747935471480699,0.7439024390243902,0.7559234118852458,0.7034020751387402,full_v4_features,524,524,0,,ksf-v4-idsplit::
classical_ext,svc,8,rbf_gscale_x10__svc__d8,rbf_gscale_x10,id_val,fixed_c1,1.0,,0.01024484634399414,0.764,0.7643987443141778,0.7639660111055993,0.766798418972332,0.8144019475943366,0.778430688443556,full_v4_features,524,524,0,,ksf-v4-idsplit::
classical_ext,svc,8,rbf_gscale_x10__svc__d8,rbf_gscale_x10,id_test,fixed_c1,1.0,,0.01024484634399414,0.752,0.7514895252738805,0.7516025641025641,0.7615384615384615,0.8445768466910115,0.8643609736831166,full_v4_features,524,524,0,,ksf-v4-idsplit::
classical_ext,svc,8,rbf_gscale_x10__svc__d8,rbf_gscale_x10,ood_test,fixed_c1,1.0,,0.01024484634399414,0.738,0.73828125,0.7379905676604358,0.7364185110663984,0.7944736168032788,0.7665361028577458,full_v4_features,524,524,0,,ksf-v4-idsplit::
classical_ext,svc,8,laplacian_med_x0.1__svc__d8,laplacian_med_x0.1,id_val,fixed_c1,1.0,,0.011088848114013672,0.816,0.8165801781023768,0.8159882232462878,0.8174603174603174,0.8899352937407905,0.8703837043364959,full_v4_features,524,524,0,,ksf-v4-idsplit::
classical_ext,svc,8,laplacian_med_x0.1__svc__d8,laplacian_med_x0.1,id_test,fixed_c1,1.0,,0.011088848114013672,0.816,0.8170927029277981,0.8159882232462878,0.8145161290322581,0.8880773912486386,0.8643935248032766,full_v4_features,524,524,0,,ksf-v4-idsplit::
classical_ext,svc,8,laplacian_med_x0.1__svc__d8,laplacian_med_x0.1,ood_test,fixed_c1,1.0,,0.011088848114013672,0.74,0.735047387295082,0.7262650764773263,0.6649484536082474,0.7742059426229508,0.8091199598754775,full_v4_features,524,524,0,,ksf-v4-idsplit::
classical_ext,svc,8,laplacian_med_x0.3__svc__d8,laplacian_med_x0.3,id_val,fixed_c1,1.0,,0.010016679763793945,0.832,0.8310590044205266,0.8314714946070878,0.8409090909090909,0.8752642706131079,0.8361900373453771,full_v4_features,524,524,0,,ksf-v4-idsplit::
classical_ext,svc,8,laplacian_med_x0.3__svc__d8,laplacian_med_x0.3,id_test,fixed_c1,1.0,,0.010016679763793945,0.832,0.8318277916586585,0.8318277916586585,0.8372093023255814,0.8891024408994811,0.8679555003163467,full_v4_features,524,524,0,,ksf-v4-idsplit::
classical_ext,svc,8,laplacian_med_x0.3__svc__d8,laplacian_med_x0.3,ood_test,fixed_c1,1.0,,0.010016679763793945,0.742,0.7391137295081966,0.7369912615856369,0.7006960556844548,0.7735815829918032,0.7926514430546996,full_v4_features,524,524,0,,ksf-v4-idsplit::
classical_ext,svc,8,laplacian_med_x3__svc__d8,laplacian_med_x3,id_val,fixed_c1,1.0,,0.007999658584594727,0.764,0.764911269139599,0.763996223939583,0.7630522088353414,0.840989172913063,0.8105627208168461,full_v4_features,524,524,0,,ksf-v4-idsplit::
classical_ext,svc,8,laplacian_med_x3__svc__d8,laplacian_med_x3,id_test,fixed_c1,1.0,,0.007999658584594727,0.72,0.719712986097764,0.719712986097764,0.7286821705426356,0.8455378307386763,0.8499810154206734,full_v4_features,524,524,0,,ksf-v4-idsplit::
classical_ext,svc,8,laplacian_med_x3__svc__d8,laplacian_med_x3,ood_test,fixed_c1,1.0,,0.007999658584594727,0.74,0.7399462090163935,0.7398959583833533,0.7346938775510204,0.7971951844262295,0.7103440240901929,full_v4_features,524,524,0,,ksf-v4-idsplit::
classical_ext,svc,8,laplacian_med_x10__svc__d8,laplacian_med_x10,id_val,fixed_c1,1.0,,0.009512662887573242,0.772,0.7708693702351208,0.7711762344439984,0.7849056603773585,0.8229226728169646,0.7909542501421754,full_v4_features,524,524,0,,ksf-v4-idsplit::
classical_ext,svc,8,laplacian_med_x10__svc__d8,laplacian_med_x10,id_test,fixed_c1,1.0,,0.009512662887573242,0.732,0.730828368249087,0.7310317141710156,0.7471698113207547,0.8308668076109937,0.8357122844949926,full_v4_features,524,524,0,,ksf-v4-idsplit::
classical_ext,svc,8,laplacian_med_x10__svc__d8,laplacian_med_x10,ood_test,fixed_c1,1.0,,0.009512662887573242,0.736,0.7375768442622951,0.7353903393418436,0.7480916030534351,0.747102330942623,0.6631401310670006,full_v4_features,524,524,0,,ksf-v4-idsplit::
classical_ext,svc,8,matern15_med_x0.1__svc__d8,matern15_med_x0.1,id_val,fixed_c1,1.0,,0.011421918869018555,0.84,0.8403485168812865,0.8399590295115549,0.84251968503937,0.8771862387084374,0.8450493311435401,full_v4_features,524,524,0,,ksf-v4-idsplit::
classical_ext,svc,8,matern15_med_x0.1__svc__d8,matern15_med_x0.1,id_test,fixed_c1,1.0,,0.011421918869018555,0.836,0.8362162854763278,0.8359343737494997,0.8392156862745098,0.8805817156768531,0.8411385957559829,full_v4_features,524,524,0,,ksf-v4-idsplit::
classical_ext,svc,8,matern15_med_x0.1__svc__d8,matern15_med_x0.1,ood_test,fixed_c1,1.0,,0.011421918869018555,0.746,0.7413870389344263,0.7342818286431635,0.6784810126582278,0.7819864241803279,0.8177876534897335,full_v4_features,524,524,0,,ksf-v4-idsplit::
classical_ext,svc,8,matern15_med_x0.3__svc__d8,matern15_med_x0.3,id_val,fixed_c1,1.0,,0.009516239166259766,0.776,0.7762829137036326,0.775942641316177,0.7795275590551181,0.8441283874687681,0.8033192492589109,full_v4_features,524,524,0,,ksf-v4-idsplit::
classical_ext,svc,8,matern15_med_x0.3__svc__d8,matern15_med_x0.3,id_test,fixed_c1,1.0,,0.009516239166259766,0.804,0.8044397463002114,0.8039717719351587,0.8063241106719368,0.8679607918508553,0.8474858875851334,full_v4_features,524,524,0,,ksf-v4-idsplit::
classical_ext,svc,8,matern15_med_x0.3__svc__d8,matern15_med_x0.3,ood_test,fixed_c1,1.0,,0.009516239166259766,0.74,0.7373527151639344,0.7356692042423059,0.7018348623853211,0.7961385758196723,0.7777895400577006,full_v4_features,524,524,0,,ksf-v4-idsplit::
classical_ext,svc,8,matern15_med_x3__svc__d8,matern15_med_x3,id_val,fixed_c1,1.0,,0.008548974990844727,0.76,0.7597539880837978,0.7597539880837978,0.7674418604651163,0.8246524441027612,0.8244846693042268,full_v4_features,524,524,0,,ksf-v4-idsplit::
classical_ext,svc,8,matern15_med_x3__svc__d8,matern15_med_x3,id_test,fixed_c1,1.0,,0.008548974990844727,0.728,0.7266961368441285,0.7268813058286743,0.7443609022556391,0.8170286373246204,0.8328800040221341,full_v4_features,524,524,0,,ksf-v4-idsplit::
classical_ext,svc,8,matern15_med_x3__svc__d8,matern15_med_x3,ood_test,fixed_c1,1.0,,0.008548974990844727,0.708,0.7104252049180328,0.7059250068483218,0.7306273062730627,0.7194383965163935,0.6534267833716195,full_v4_features,524,524,0,,ksf-v4-idsplit::
classical_ext,svc,8,matern15_med_x10__svc__d8,matern15_med_x10,id_val,fixed_c1,1.0,,0.009002685546875,0.736,0.7331667627650714,0.7326463153801284,0.762589928057554,0.8097251585623677,0.7981889122319991,full_v4_features,524,524,0,,ksf-v4-idsplit::
classical_ext,svc,8,matern15_med_x10__svc__d8,matern15_med_x10,id_test,fixed_c1,1.0,,0.009002685546875,0.716,0.7114805560894355,0.7081504135220902,0.7560137457044673,0.8040873854827342,0.8097522980128667,full_v4_features,524,524,0,,ksf-v4-idsplit::
classical_ext,svc,8,matern15_med_x10__svc__d8,matern15_med_x10,ood_test,fixed_c1,1.0,,0.009002685546875,0.606,0.6123527151639344,0.5797333333333333,0.6848,0.7113537397540983,0.6290649260806844,full_v4_features,524,524,0,,ksf-v4-idsplit::
classical_ext,svc,8,matern25_med_x0.1__svc__d8,matern25_med_x0.1,id_val,fixed_c1,1.0,,0.011519908905029297,0.832,0.8325965788967904,0.831989247311828,0.8333333333333334,0.8716445640335704,0.8297401781064009,full_v4_features,524,524,0,,ksf-v4-idsplit::
classical_ext,svc,8,matern25_med_x0.1__svc__d8,matern25_med_x0.1,id_test,fixed_c1,1.0,,0.011519908905029297,0.832,0.8323403164840797,0.8319569809871327,0.8346456692913385,0.8756486642321737,0.8294927601517638,full_v4_features,524,524,0,,ksf-v4-idsplit::
classical_ext,svc,8,matern25_med_x0.1__svc__d8,matern25_med_x0.1,ood_test,fixed_c1,1.0,,0.011519908905029297,0.75,0.7453893442622951,0.7384663667747673,0.6835443037974683,0.7801133452868854,0.8078262295092292,full_v4_features,524,524,0,,ksf-v4-idsplit::
classical_ext,svc,8,matern25_med_x0.3__svc__d8,matern25_med_x0.3,id_val,fixed_c1,1.0,,0.008977413177490234,0.776,0.7762829137036326,0.775942641316177,0.7795275590551181,0.8261900185790249,0.7788501035852755,full_v4_features,524,524,0,,ksf-v4-idsplit::
classical_ext,svc,8,matern25_med_x0.3__svc__d8,matern25_med_x0.3,id_test,fixed_c1,1.0,,0.008977413177490234,0.784,0.7853161637516817,0.7839446898405993,0.7804878048780488,0.8653981677237491,0.8582768869446136,full_v4_features,524,524,0,,ksf-v4-idsplit::
classical_ext,svc,8,matern25_med_x0.3__svc__d8,matern25_med_x0.3,ood_test,fixed_c1,1.0,,0.008977413177490234,0.742,0.7394018954918034,0.7378379147343221,0.7048054919908466,0.8022380891393442,0.7800900015930871,full_v4_features,524,524,0,,ksf-v4-idsplit::
classical_ext,svc,8,matern25_med_x3__svc__d8,matern25_med_x3,id_val,fixed_c1,1.0,,0.008321046829223633,0.76,0.7584726760202447,0.7587493566649511,0.7761194029850746,0.8192068678326606,0.8209865564006904,full_v4_features,524,524,0,,ksf-v4-idsplit::
classical_ext,svc,8,matern25_med_x3__svc__d8,matern25_med_x3,id_test,fixed_c1,1.0,,0.008321046829223633,0.716,0.714555705041963,0.7146806834804134,0.7340823970037453,0.8106220770068548,0.8295548559674996,full_v4_features,524,524,0,,ksf-v4-idsplit::
classical_ext,svc,8,matern25_med_x3__svc__d8,matern25_med_x3,ood_test,fixed_c1,1.0,,0.008321046829223633,0.706,0.7087602459016393,0.7031490434129379,0.73224043715847,0.7045658299180328,0.6287280588225341,full_v4_features,524,524,0,,ksf-v4-idsplit::
classical_ext,svc,8,matern25_med_x10__svc__d8,matern25_med_x10,id_val,fixed_c1,1.0,,0.009011983871459961,0.732,0.7298033185982447,0.7297122847783641,0.7545787545787546,0.7932602985457108,0.7798936594442312,full_v4_features,524,524,0,,ksf-v4-idsplit::
classical_ext,svc,8,matern25_med_x10__svc__d8,matern25_med_x10,id_test,fixed_c1,1.0,,0.009011983871459961,0.712,0.7081171119226088,0.7059015750604536,0.7482517482517482,0.797488628355436,0.8036093811524311,full_v4_features,524,524,0,,ksf-v4-idsplit::
classical_ext,svc,8,matern25_med_x10__svc__d8,matern25_med_x10,ood_test,fixed_c1,1.0,,0.009011983871459961,0.582,0.5873783299180328,0.5627157652474108,0.6545454545454545,0.6756531762295082,0.6037214332651324,full_v4_features,524,524,0,,ksf-v4-idsplit::
quantum,svc,8,zz_r1_full__as0.5__svc__d8,zz_r1_full__as0.5,id_val,fixed_c1,1.0,,0.010521173477172852,0.792,0.7922993144980459,0.7919467383650214,0.7952755905511811,0.847267602024473,0.7917239981332553,full_v4_features,524,524,0,,ksf-v4-idsplit::
quantum,svc,8,zz_r1_full__as0.5__svc__d8,zz_r1_full__as0.5,id_test,fixed_c1,1.0,,0.010521173477172852,0.812,0.8129604715228393,0.8119969919518712,0.8112449799196787,0.8694343007239415,0.8559188395823942,full_v4_features,524,524,0,,ksf-v4-idsplit::
quantum,svc,8,zz_r1_full__as0.5__svc__d8,zz_r1_full__as0.5,ood_test,fixed_c1,1.0,,0.010521173477172852,0.742,0.7394018954918034,0.7378379147343221,0.7048054919908466,0.7860207479508197,0.7671351341987763,full_v4_features,524,524,0,,ksf-v4-idsplit::
quantum,svc,8,zz_r2_full__as0.5__svc__d8,zz_r2_full__as0.5,id_val,fixed_c1,1.0,,0.010412931442260742,0.82,0.8196873598564931,0.8197664172767907,0.8262548262548263,0.8613620347235569,0.8093339423428704,full_v4_features,524,524,0,,ksf-v4-idsplit::
quantum,svc,8,zz_r2_full__as0.5__svc__d8,zz_r2_full__as0.5,id_test,fixed_c1,1.0,,0.010412931442260742,0.844,0.8444807482862451,0.8439775327647181,0.8458498023715415,0.8693702351207637,0.8169250308750211,full_v4_features,524,524,0,,ksf-v4-idsplit::
quantum,svc,8,zz_r2_full__as0.5__svc__d8,zz_r2_full__as0.5,ood_test,fixed_c1,1.0,,0.010412931442260742,0.734,0.7305327868852459,0.7268309514909279,0.6825775656324582,0.7841316598360657,0.7927957649325839,full_v4_features,524,524,0,,ksf-v4-idsplit::
quantum,svc,8,pauli_xz_r1_full__as0.5__svc__d8,pauli_xz_r1_full__as0.5,id_val,fixed_c1,1.0,,0.00913548469543457,0.768,0.7682747133064258,0.7679405927917546,0.7716535433070866,0.8239477224678071,0.8234760960987543,full_v4_features,524,524,0,,ksf-v4-idsplit::
quantum,svc,8,pauli_xz_r1_full__as0.5__svc__d8,pauli_xz_r1_full__as0.5,id_test,fixed_c1,1.0,,0.00913548469543457,0.736,0.7349605996540458,0.7351694915254237,0.75,0.8175411621500417,0.8326599284291583,full_v4_features,524,524,0,,ksf-v4-idsplit::
quantum,svc,8,pauli_xz_r1_full__as0.5__svc__d8,pauli_xz_r1_full__as0.5,ood_test,fixed_c1,1.0,,0.00913548469543457,0.736,0.7376728995901639,0.7352842084997834,0.7490494296577946,0.7412429559426228,0.6809115702921731,full_v4_features,524,524,0,,ksf-v4-idsplit::
quantum,svc,8,zmap_r2__as0.5__svc__d8,zmap_r2__as0.5,id_val,fixed_c1,1.0,,0.009001493453979492,0.772,0.7724069447113845,0.771967163271511,0.7747035573122529,0.8213210327375232,0.806274749874518,full_v4_features,524,524,0,,ksf-v4-idsplit::
quantum,svc,8,zmap_r2__as0.5__svc__d8,zmap_r2__as0.5,id_test,fixed_c1,1.0,,0.009001493453979492,0.736,0.7349605996540458,0.7351694915254237,0.75,0.8235633288487411,0.8260015296983205,full_v4_features,524,524,0,,ksf-v4-idsplit::
quantum,svc,8,zmap_r2__as0.5__svc__d8,zmap_r2__as0.5,ood_test,fixed_c1,1.0,,0.009001493453979492,0.756,0.7567238729508197,0.7559648589396872,0.758893280632411,0.7540823514344261,0.6891619252887035,full_v4_features,524,524,0,,ksf-v4-idsplit::
quantum,svc,8,zz_r1_full__svc__d8,zz_r1_full,id_val,fixed_c1,1.0,,0.009511232376098633,0.804,0.8039272214747901,0.8038462154328994,0.8093385214007782,0.8629636748029982,0.8229619712830298,full_v4_features,524,524,0,,ksf-v4-idsplit::
quantum,svc,8,zz_r1_full__svc__d8,zz_r1_full,id_test,fixed_c1,1.0,,0.009511232376098633,0.844,0.8439682234608239,0.84387760003843,0.8482490272373541,0.8625792811839323,0.8122461415117614,full_v4_features,524,524,0,,ksf-v4-idsplit::
quantum,svc,8,zz_r1_full__svc__d8,zz_r1_full,ood_test,fixed_c1,1.0,,0.009511232376098633,0.744,0.7411629098360656,0.7391757955138236,0.7037037037037037,0.7795370133196721,0.7921493092890722,full_v4_features,524,524,0,,ksf-v4-idsplit::
quantum,svc,8,zz_r2_full__svc__d8,zz_r2_full,id_val,fixed_c1,1.0,,0.012913703918457031,0.8,0.8005637773079634,0.7999871991807476,0.8015873015873016,0.8686014478826318,0.8313510567415572,full_v4_features,524,524,0,,ksf-v4-idsplit::
quantum,svc,8,zz_r2_full__svc__d8,zz_r2_full,id_test,fixed_c1,1.0,,0.012913703918457031,0.82,0.8204561470946249,0.8199740762669825,0.8221343873517787,0.8627714779934653,0.805491726811973,full_v4_features,524,524,0,,ksf-v4-idsplit::
quantum,svc,8,zz_r2_full__svc__d8,zz_r2_full,ood_test,fixed_c1,1.0,,0.012913703918457031,0.728,0.7240970799180328,0.718892104175279,0.6682926829268293,0.7784804047131147,0.8057252016310538,full_v4_features,524,524,0,,ksf-v4-idsplit::
quantum,svc,8,pauli_xz_r1_full__svc__d8,pauli_xz_r1_full,id_val,fixed_c1,1.0,,0.01000666618347168,0.768,0.7685309757191364,0.7679851510496671,0.7698412698412699,0.8251009033250049,0.8005252391854814,full_v4_features,524,524,0,,ksf-v4-idsplit::
quantum,svc,8,pauli_xz_r1_full__svc__d8,pauli_xz_r1_full,id_test,fixed_c1,1.0,,0.01000666618347168,0.736,0.7359856493048882,0.7358478483606558,0.7421875,0.831187135626882,0.8495438582533237,full_v4_features,524,524,0,,ksf-v4-idsplit::
quantum,svc,8,pauli_xz_r1_full__svc__d8,pauli_xz_r1_full,ood_test,fixed_c1,1.0,,0.01000666618347168,0.736,0.7365202356557377,0.7359957759324149,0.7370517928286853,0.7521612448770493,0.7215044011081936,full_v4_features,524,524,0,,ksf-v4-idsplit::
quantum,svc,8,zmap_r2__svc__d8,zmap_r2,id_val,fixed_c1,1.0,,0.012054443359375,0.756,0.7561342815042604,0.7559023609443778,0.7607843137254902,0.819142802229483,0.7809465464882488,full_v4_features,524,524,0,,ksf-v4-idsplit::
quantum,svc,8,zmap_r2__svc__d8,zmap_r2,id_test,fixed_c1,1.0,,0.012054443359375,0.76,0.7594977256710872,0.7596153846153846,0.7692307692307693,0.8552758024216797,0.8712602965330506,full_v4_features,524,524,0,,ksf-v4-idsplit::
quantum,svc,8,zmap_r2__svc__d8,zmap_r2,ood_test,fixed_c1,1.0,,0.012054443359375,0.734,0.7341828893442623,0.733973397339734,0.7313131313131314,0.8220735143442622,0.812546507328338,full_v4_features,524,524,0,,ksf-v4-idsplit::
quantum,svc,8,zz_r1_full__as2__svc__d8,zz_r1_full__as2,id_val,fixed_c1,1.0,,0.011516571044921875,0.816,0.8160676532769556,0.8158939549180328,0.8203125,0.883016208597604,0.8584360372440724,full_v4_features,524,524,0,,ksf-v4-idsplit::
quantum,svc,8,zz_r1_full__as2__svc__d8,zz_r1_full__as2,id_test,fixed_c1,1.0,,0.011516571044921875,0.832,0.8323403164840797,0.8319569809871327,0.8346456692913385,0.8853225703119995,0.8438380720756831,full_v4_features,524,524,0,,ksf-v4-idsplit::
quantum,svc,8,zz_r1_full__as2__svc__d8,zz_r1_full__as2,ood_test,fixed_c1,1.0,,0.011516571044921875,0.734,0.7295722336065573,0.7226844148641154,0.6666666666666666,0.7811859631147542,0.7958643329186638,full_v4_features,524,524,0,,ksf-v4-idsplit::
quantum,svc,8,zz_r2_full__as2__svc__d8,zz_r2_full__as2,id_val,fixed_c1,1.0,,0.011004924774169922,0.804,0.8059773207764751,0.803745654368061,0.7966804979253111,0.8812223717086296,0.8708127949723964,full_v4_features,524,524,0,,ksf-v4-idsplit::
quantum,svc,8,zz_r2_full__as2__svc__d8,zz_r2_full__as2,id_test,fixed_c1,1.0,,0.011004924774169922,0.82,0.8207124095073355,0.8199971199539193,0.8207171314741036,0.8848100454865783,0.8593232668219641,full_v4_features,524,524,0,,ksf-v4-idsplit::
quantum,svc,8,zz_r2_full__as2__svc__d8,zz_r2_full__as2,ood_test,fixed_c1,1.0,,0.011004924774169922,0.69,0.6835297131147541,0.6623843938819696,0.5658263305322129,0.7612704918032787,0.7872945601076781,full_v4_features,524,524,0,,ksf-v4-idsplit::
quantum,svc,8,pauli_xz_r1_full__as2__svc__d8,pauli_xz_r1_full__as2,id_val,fixed_c1,1.0,,0.010117053985595703,0.784,0.7842911141008393,0.7839446898405993,0.7874015748031497,0.8131847011339612,0.7506961518821859,full_v4_features,524,524,0,,ksf-v4-idsplit::
quantum,svc,8,pauli_xz_r1_full__as2__svc__d8,pauli_xz_r1_full__as2,id_test,fixed_c1,1.0,,0.010117053985595703,0.78,0.7804151451085912,0.7799683154374231,0.782608695652174,0.8607213786917804,0.8820960126153032,full_v4_features,524,524,0,,ksf-v4-idsplit::
quantum,svc,8,pauli_xz_r1_full__as2__svc__d8,pauli_xz_r1_full__as2,ood_test,fixed_c1,1.0,,0.010117053985595703,0.752,0.7495517418032787,0.7483766233766234,0.7181818181818181,0.8110911885245902,0.7857302314719121,full_v4_features,524,524,0,,ksf-v4-idsplit::
quantum,svc,8,zmap_r2__as2__svc__d8,zmap_r2__as2,id_val,fixed_c1,1.0,,0.011444807052612305,0.752,0.7517457876865911,0.7517457876865911,0.7596899224806202,0.8284323146902428,0.786944479207784,full_v4_features,524,524,0,,ksf-v4-idsplit::
quantum,svc,8,zmap_r2__as2__svc__d8,zmap_r2__as2,id_test,fixed_c1,1.0,,0.011444807052612305,0.804,0.804696008712922,0.8039968639498232,0.8047808764940239,0.8675763982317893,0.8679272988747595,full_v4_features,524,524,0,,ksf-v4-idsplit::
quantum,svc,8,zmap_r2__as2__svc__d8,zmap_r2__as2,ood_test,fixed_c1,1.0,,0.011444807052612305,0.75,0.748078893442623,0.7475757171878723,0.7228381374722838,0.8140368852459017,0.7776867371348104,full_v4_features,524,524,0,,ksf-v4-idsplit::
classical_ext,svc,10,linear__svc__d10,linear,id_val,fixed_c1,1.0,,0.009003639221191406,0.728,0.7246460375424435,0.7234693213611816,0.7588652482269503,0.8081875840861041,0.7727646238911452,full_v4_features,524,524,0,,ksf-v4-idsplit::
classical_ext,svc,10,linear__svc__d10,linear,id_test,fixed_c1,1.0,,0.009003639221191406,0.732,0.7285220065346916,0.7272475615117813,0.7632508833922261,0.8151066692292909,0.8294104455960623,full_v4_features,524,524,0,,ksf-v4-idsplit::
classical_ext,svc,10,linear__svc__d10,linear,ood_test,fixed_c1,1.0,,0.009003639221191406,0.734,0.7366803278688525,0.7316286709363939,0.7568555758683729,0.7566758452868853,0.6638026084328448,full_v4_features,524,524,0,,ksf-v4-idsplit::
classical_ext,svc,10,rbf_gscale__svc__d10,rbf_gscale,id_val,fixed_c1,1.0,,0.008006811141967773,0.756,0.7558780190915497,0.7558085539062624,0.7626459143968871,0.818245883784996,0.794047271237297,full_v4_features,524,524,0,,ksf-v4-idsplit::
classical_ext,svc,10,rbf_gscale__svc__d10,rbf_gscale,id_test,fixed_c1,1.0,,0.008006811141967773,0.728,0.7266961368441285,0.7268813058286743,0.7443609022556391,0.8267666090076239,0.835755046768257,full_v4_features,524,524,0,,ksf-v4-idsplit::
classical_ext,svc,10,rbf_gscale__svc__d10,rbf_gscale,ood_test,fixed_c1,1.0,,0.008006811141967773,0.704,0.7065189549180328,0.7016898864809081,0.7279411764705882,0.7190701844262294,0.6577629344871546,full_v4_features,524,524,0,,ksf-v4-idsplit::
classical_ext,svc,10,poly2__svc__d10,poly2,id_val,fixed_c1,1.0,,0.008006811141967773,0.748,0.7460759818053687,0.7462092524855379,0.7675276752767528,0.807290665641617,0.7631927561183602,full_v4_features,524,524,0,,ksf-v4-idsplit::
classical_ext,svc,10,poly2__svc__d10,poly2,id_test,fixed_c1,1.0,,0.008006811141967773,0.716,0.7142994426292524,0.714350086097298,0.7360594795539034,0.815234800435646,0.8298219636792104,full_v4_features,524,524,0,,ksf-v4-idsplit::
classical_ext,svc,10,poly2__svc__d10,poly2,ood_test,fixed_c1,1.0,,0.008006811141967773,0.718,0.7202868852459017,0.7162738098591832,0.738404452690167,0.7096567622950819,0.6086050752137437,full_v4_features,524,524,0,,ksf-v4-idsplit::
classical_ext,svc,10,poly3__svc__d10,poly3,id_val,fixed_c1,1.0,,0.008072376251220703,0.752,0.7502082132103274,0.750402576489533,0.7703703703703704,0.805240566339932,0.7631071173536428,full_v4_features,524,524,0,,ksf-v4-idsplit::
classical_ext,svc,10,poly3__svc__d10,poly3,id_test,fixed_c1,1.0,,0.008072376251220703,0.716,0.7142994426292524,0.714350086097298,0.7360594795539034,0.8163239156896662,0.8305224615148926,full_v4_features,524,524,0,,ksf-v4-idsplit::
classical_ext,svc,10,poly3__svc__d10,poly3,ood_test,fixed_c1,1.0,,0.008072376251220703,0.698,0.7007556352459017,0.6950714663629498,0.7249544626593807,0.6871317879098362,0.5843220288644577,full_v4_features,524,524,0,,ksf-v4-idsplit::
classical_ext,svc,10,laplacian_med__svc__d10,laplacian_med,id_val,fixed_c1,1.0,,0.008517265319824219,0.788,0.7881670830930874,0.7879151660664265,0.792156862745098,0.8440643218655903,0.7667103376090367,full_v4_features,524,524,0,,ksf-v4-idsplit::
classical_ext,svc,10,laplacian_med__svc__d10,laplacian_med,id_test,fixed_c1,1.0,,0.008517265319824219,0.82,0.8207124095073355,0.8199971199539193,0.8207171314741036,0.8788519443910565,0.8807429586645471,full_v4_features,524,524,0,,ksf-v4-idsplit::
classical_ext,svc,10,laplacian_med__svc__d10,laplacian_med,ood_test,fixed_c1,1.0,,0.008517265319824219,0.762,0.7598936987704918,0.7592954436043383,0.7337807606263982,0.7733734631147541,0.73289790399544,full_v4_features,524,524,0,,ksf-v4-idsplit::
classical_ext,svc,10,matern15_med__svc__d10,matern15_med,id_val,fixed_c1,1.0,,0.008127450942993164,0.772,0.7726632071240951,0.7719963519416311,0.7729083665338645,0.8249727721186494,0.77672875252705,full_v4_features,524,524,0,,ksf-v4-idsplit::
classical_ext,svc,10,matern15_med__svc__d10,matern15_med,id_test,fixed_c1,1.0,,0.008127450942993164,0.732,0.7315971554872189,0.7316522212787773,0.7413127413127413,0.8453456339291434,0.8591377960242996,full_v4_features,524,524,0,,ksf-v4-idsplit::
classical_ext,svc,10,matern15_med__svc__d10,matern15_med,ood_test,fixed_c1,1.0,,0.008127450942993164,0.728,0.728515625,0.7279956479303669,0.7290836653386454,0.790983606557377,0.7699070472223233,full_v4_features,524,524,0,,ksf-v4-idsplit::
classical_ext,svc,10,matern25_med__svc__d10,matern25_med,id_val,fixed_c1,1.0,,0.008477926254272461,0.776,0.7767954385290538,0.776,0.776,0.8261900185790249,0.7806225066950545,full_v4_features,524,524,0,,ksf-v4-idsplit::
classical_ext,svc,10,matern25_med__svc__d10,matern25_med,id_test,fixed_c1,1.0,,0.008477926254272461,0.728,0.7272086616695497,0.7273718647764449,0.7404580152671756,0.845794093151387,0.8529313607356848,full_v4_features,524,524,0,,ksf-v4-idsplit::
classical_ext,svc,10,matern25_med__svc__d10,matern25_med,ood_test,fixed_c1,1.0,,0.008477926254272461,0.732,0.7326139856557377,0.7319828469022017,0.7341269841269841,0.7474545338114755,0.7157380357920786,full_v4_features,524,524,0,,ksf-v4-idsplit::
classical_ext,svc,10,rbf_gscale_x0.1__svc__d10,rbf_gscale_x0.1,id_val,fixed_c1,1.0,,0.007972955703735352,0.732,0.7285220065346916,0.7272475615117813,0.7632508833922261,0.8133768979434941,0.7724494533407571,full_v4_features,524,524,0,,ksf-v4-idsplit::
classical_ext,svc,10,rbf_gscale_x0.1__svc__d10,rbf_gscale_x0.1,id_test,fixed_c1,1.0,,0.007972955703735352,0.716,0.7117368185021462,0.7089161842601551,0.754325259515571,0.8218976231661219,0.8336585847734632,full_v4_features,524,524,0,,ksf-v4-idsplit::
classical_ext,svc,10,rbf_gscale_x0.1__svc__d10,rbf_gscale_x0.1,ood_test,fixed_c1,1.0,,0.007972955703735352,0.622,0.6280737704918034,0.5993029142762647,0.6946688206785138,0.7144915471311476,0.615308827425521,full_v4_features,524,524,0,,ksf-v4-idsplit::
classical_ext,svc,10,rbf_gscale_x0.3__svc__d10,rbf_gscale_x0.3,id_val,fixed_c1,1.0,,0.009513139724731445,0.756,0.754340444615286,0.7545824683371152,0.7732342007434945,0.8074187968479722,0.7710464287334264,full_v4_features,524,524,0,,ksf-v4-idsplit::
classical_ext,svc,10,rbf_gscale_x0.3__svc__d10,rbf_gscale_x0.3,id_test,fixed_c1,1.0,,0.009513139724731445,0.728,0.7264398744314178,0.7265826042202779,0.746268656716418,0.8200397206739701,0.833439158725256,full_v4_features,524,524,0,,ksf-v4-idsplit::
classical_ext,svc,10,rbf_gscale_x0.3__svc__d10,rbf_gscale_x0.3,ood_test,fixed_c1,1.0,,0.009513139724731445,0.69,0.6929431352459017,0.6864772584762391,0.7197106690777577,0.7026287141393442,0.5946846162505504,full_v4_features,524,524,0,,ksf-v4-idsplit::
classical_ext,svc,10,rbf_gscale_x3__svc__d10,rbf_gscale_x3,id_val,fixed_c1,1.0,,0.008844375610351562,0.772,0.7729194695368057,0.7719963519416311,0.7710843373493976,0.8174130309436863,0.7765450881829243,full_v4_features,524,524,0,,ksf-v4-idsplit::
classical_ext,svc,10,rbf_gscale_x3__svc__d10,rbf_gscale_x3,id_test,fixed_c1,1.0,,0.008844375610351562,0.736,0.7352168620667563,0.7353903393418436,0.7480916030534351,0.8391953360240886,0.8454895155746556,full_v4_features,524,524,0,,ksf-v4-idsplit::
classical_ext,svc,10,rbf_gscale_x3__svc__d10,rbf_gscale_x3,ood_test,fixed_c1,1.0,,0.008844375610351562,0.738,0.7384733606557377,0.7379989519958079,0.7385229540918163,0.7492475665983607,0.714370987367549,full_v4_features,524,524,0,,ksf-v4-idsplit::
classical_ext,svc,10,rbf_gscale_x10__svc__d10,rbf_gscale_x10,id_val,fixed_c1,1.0,,0.009513378143310547,0.748,0.7483823435197643,0.7479637067737754,0.7509881422924901,0.8197193926580818,0.7623795107251152,full_v4_features,524,524,0,,ksf-v4-idsplit::
classical_ext,svc,10,rbf_gscale_x10__svc__d10,rbf_gscale_x10,id_test,fixed_c1,1.0,,0.009513378143310547,0.776,0.7757703888782113,0.7757703888782113,0.7829457364341085,0.8566852456915881,0.8719123953072816,full_v4_features,524,524,0,,ksf-v4-idsplit::
classical_ext,svc,10,rbf_gscale_x10__svc__d10,rbf_gscale_x10,ood_test,fixed_c1,1.0,,0.009513378143310547,0.736,0.7362320696721312,0.7359831029185868,0.7338709677419355,0.8010854252049182,0.8008855203989252,full_v4_features,524,524,0,,ksf-v4-idsplit::
classical_ext,svc,10,laplacian_med_x0.1__svc__d10,laplacian_med_x0.1,id_val,fixed_c1,1.0,,0.011508703231811523,0.828,0.8289768723172528,0.8279972479559673,0.8273092369477911,0.8869882759946185,0.8659673024481375,full_v4_features,524,524,0,,ksf-v4-idsplit::
classical_ext,svc,10,laplacian_med_x0.1__svc__d10,laplacian_med_x0.1,id_test,fixed_c1,1.0,,0.011508703231811523,0.824,0.8253571657377154,0.8239549324627105,0.8211382113821138,0.8921775898520085,0.878462094890399,full_v4_features,524,524,0,,ksf-v4-idsplit::
classical_ext,svc,10,laplacian_med_x0.1__svc__d10,laplacian_med_x0.1,ood_test,fixed_c1,1.0,,0.011508703231811523,0.704,0.6978739754098361,0.680351095445435,0.5934065934065934,0.7724849513319672,0.8156157670816706,full_v4_features,524,524,0,,ksf-v4-idsplit::
classical_ext,svc,10,laplacian_med_x0.3__svc__d10,laplacian_med_x0.3,id_val,fixed_c1,1.0,,0.010000944137573242,0.828,0.8271830354282785,0.8275336509922832,0.8365019011406845,0.8727016464860016,0.828787854072216,full_v4_features,524,524,0,,ksf-v4-idsplit::
classical_ext,svc,10,laplacian_med_x0.3__svc__d10,laplacian_med_x0.3,id_test,fixed_c1,1.0,,0.010000944137573242,0.836,0.8357037606509066,0.8357871801855205,0.8416988416988417,0.8982638221538856,0.8934945624468167,full_v4_features,524,524,0,,ksf-v4-idsplit::
classical_ext,svc,10,laplacian_med_x0.3__svc__d10,laplacian_med_x0.3,ood_test,fixed_c1,1.0,,0.010000944137573242,0.738,0.7353035348360656,0.7334960838164988,0.6988505747126437,0.7663133965163935,0.7950818852592993,full_v4_features,524,524,0,,ksf-v4-idsplit::
classical_ext,svc,10,laplacian_med_x3__svc__d10,laplacian_med_x3,id_val,fixed_c1,1.0,,0.00900411605834961,0.764,0.764911269139599,0.763996223939583,0.7630522088353414,0.836184252674739,0.7775188766359067,full_v4_features,524,524,0,,ksf-v4-idsplit::
classical_ext,svc,10,laplacian_med_x3__svc__d10,laplacian_med_x3,id_test,fixed_c1,1.0,,0.00900411605834961,0.748,0.7471010314562112,0.747316744477066,0.7604562737642585,0.8548914088026138,0.8604658560768338,full_v4_features,524,524,0,,ksf-v4-idsplit::
classical_ext,svc,10,laplacian_med_x3__svc__d10,laplacian_med_x3,ood_test,fixed_c1,1.0,,0.00900411605834961,0.742,0.7424756659836065,0.741998967995872,0.7425149700598802,0.8074891137295082,0.7390695699929014,full_v4_features,524,524,0,,ksf-v4-idsplit::
classical_ext,svc,10,laplacian_med_x10__svc__d10,laplacian_med_x10,id_val,fixed_c1,1.0,,0.008001327514648438,0.752,0.7520020500993017,0.7518570696721312,0.7578125,0.8286885771029534,0.7839689094913729,full_v4_features,524,524,0,,ksf-v4-idsplit::
classical_ext,svc,10,laplacian_med_x10__svc__d10,laplacian_med_x10,id_test,fixed_c1,1.0,,0.008001327514648438,0.732,0.7310846306617977,0.7312733631740226,0.7452471482889734,0.8451534371196106,0.8558064891965329,full_v4_features,524,524,0,,ksf-v4-idsplit::
classical_ext,svc,10,laplacian_med_x10__svc__d10,laplacian_med_x10,ood_test,fixed_c1,1.0,,0.008001327514648438,0.754,0.7555391905737705,0.7534783602102048,0.7648183556405354,0.7634317366803278,0.7038237010087839,full_v4_features,524,524,0,,ksf-v4-idsplit::
classical_ext,svc,10,matern15_med_x0.1__svc__d10,matern15_med_x0.1,id_val,fixed_c1,1.0,,0.011404275894165039,0.8,0.800820039720674,0.8,0.8,0.875776795438529,0.8554376565816391,full_v4_features,524,524,0,,ksf-v4-idsplit::
classical_ext,svc,10,matern15_med_x0.1__svc__d10,matern15_med_x0.1,id_test,fixed_c1,1.0,,0.011404275894165039,0.82,0.8204561470946249,0.8199740762669825,0.8221343873517787,0.8817348965340508,0.8441581046929499,full_v4_features,524,524,0,,ksf-v4-idsplit::
classical_ext,svc,10,matern15_med_x0.1__svc__d10,matern15_med_x0.1,ood_test,fixed_c1,1.0,,0.011404275894165039,0.748,0.7432441086065573,0.7356672932330828,0.6785714285714286,0.7749903944672132,0.8175738359471342,full_v4_features,524,524,0,,ksf-v4-idsplit::
classical_ext,svc,10,matern15_med_x0.3__svc__d10,matern15_med_x0.3,id_val,fixed_c1,1.0,,0.010009288787841797,0.796,0.7956627586648728,0.7957352729136962,0.803088803088803,0.8520725222627972,0.8017027908716379,full_v4_features,524,524,0,,ksf-v4-idsplit::
classical_ext,svc,10,matern15_med_x0.3__svc__d10,matern15_med_x0.3,id_test,fixed_c1,1.0,,0.010009288787841797,0.816,0.8160676532769556,0.8158939549180328,0.8203125,0.8784034851688128,0.8512876414460164,full_v4_features,524,524,0,,ksf-v4-idsplit::
classical_ext,svc,10,matern15_med_x0.3__svc__d10,matern15_med_x0.3,ood_test,fixed_c1,1.0,,0.010009288787841797,0.744,0.7413550204918034,0.7397358318693474,0.7064220183486238,0.7928566854508197,0.784455099597152,full_v4_features,524,524,0,,ksf-v4-idsplit::
classical_ext,svc,10,matern15_med_x3__svc__d10,matern15_med_x3,id_val,fixed_c1,1.0,,0.007513523101806641,0.764,0.7638862194887566,0.7638148308273687,0.7704280155642024,0.8181177525786405,0.7996150470478571,full_v4_features,524,524,0,,ksf-v4-idsplit::
classical_ext,svc,10,matern15_med_x3__svc__d10,matern15_med_x3,id_test,fixed_c1,1.0,,0.007513523101806641,0.728,0.7266961368441285,0.7268813058286743,0.7443609022556391,0.8255493625472484,0.8319251222622583,full_v4_features,524,524,0,,ksf-v4-idsplit::
classical_ext,svc,10,matern15_med_x3__svc__d10,matern15_med_x3,ood_test,fixed_c1,1.0,,0.007513523101806641,0.7,0.7021324282786885,0.698436695831189,0.7201492537313433,0.7129706711065574,0.6446357907994387,full_v4_features,524,524,0,,ksf-v4-idsplit::
classical_ext,svc,10,matern15_med_x10__svc__d10,matern15_med_x10,id_val,fixed_c1,1.0,,0.009007692337036133,0.736,0.7326542379396502,0.7316025766152645,0.7659574468085106,0.8185662118008842,0.8003483999056294,full_v4_features,524,524,0,,ksf-v4-idsplit::
classical_ext,svc,10,matern15_med_x10__svc__d10,matern15_med_x10,id_test,fixed_c1,1.0,,0.009007692337036133,0.716,0.7117368185021462,0.7089161842601551,0.754325259515571,0.8207444423089243,0.8318502907546966,full_v4_features,524,524,0,,ksf-v4-idsplit::
classical_ext,svc,10,matern15_med_x10__svc__d10,matern15_med_x10,ood_test,fixed_c1,1.0,,0.009007692337036133,0.612,0.617827868852459,0.5907242071863765,0.6840390879478827,0.733638575819672,0.6522093576034756,full_v4_features,524,524,0,,ksf-v4-idsplit::
classical_ext,svc,10,matern25_med_x0.1__svc__d10,matern25_med_x0.1,id_val,fixed_c1,1.0,,0.01050877571105957,0.804,0.8044397463002114,0.8039717719351587,0.8063241106719368,0.8716445640335704,0.8450566418029667,full_v4_features,524,524,0,,ksf-v4-idsplit::
classical_ext,svc,10,matern25_med_x0.1__svc__d10,matern25_med_x0.1,id_test,fixed_c1,1.0,,0.01050877571105957,0.82,0.8204561470946249,0.8199740762669825,0.8221343873517787,0.8795566660260107,0.8351823825627488,full_v4_features,524,524,0,,ksf-v4-idsplit::
classical_ext,svc,10,matern25_med_x0.1__svc__d10,matern25_med_x0.1,ood_test,fixed_c1,1.0,,0.01050877571105957,0.75,0.7453893442622951,0.7384663667747673,0.6835443037974683,0.7719166239754097,0.8091680166636818,full_v4_features,524,524,0,,ksf-v4-idsplit::
classical_ext,svc,10,matern25_med_x0.3__svc__d10,matern25_med_x0.3,id_val,fixed_c1,1.0,,0.009652376174926758,0.776,0.7762829137036326,0.775942641316177,0.7795275590551181,0.8425908129925043,0.7878762569221875,full_v4_features,524,524,0,,ksf-v4-idsplit::
classical_ext,svc,10,matern25_med_x0.3__svc__d10,matern25_med_x0.3,id_test,fixed_c1,1.0,,0.009652376174926758,0.8,0.800820039720674,0.8,0.8,0.8779550259465694,0.8624061728493109,full_v4_features,524,524,0,,ksf-v4-idsplit::
classical_ext,svc,10,matern25_med_x0.3__svc__d10,matern25_med_x0.3,ood_test,fixed_c1,1.0,,0.009652376174926758,0.736,0.7332543545081966,0.7313184934295158,0.695852534562212,0.7939453125,0.7765381894040859,full_v4_features,524,524,0,,ksf-v4-idsplit::
classical_ext,svc,10,matern25_med_x3__svc__d10,matern25_med_x3,id_val,fixed_c1,1.0,,0.007939815521240234,0.756,0.7551092318534178,0.7553384351285877,0.7680608365019012,0.8128003075148953,0.7984711572275336,full_v4_features,524,524,0,,ksf-v4-idsplit::
classical_ext,svc,10,matern25_med_x3__svc__d10,matern25_med_x3,id_test,fixed_c1,1.0,,0.007939815521240234,0.728,0.7266961368441285,0.7268813058286743,0.7443609022556391,0.8207444423089243,0.8342168255847857,full_v4_features,524,524,0,,ksf-v4-idsplit::
classical_ext,svc,10,matern25_med_x3__svc__d10,matern25_med_x3,ood_test,fixed_c1,1.0,,0.007939815521240234,0.704,0.7063268442622951,0.7020933977455717,0.725925925925926,0.6992827868852459,0.6135513422868257,full_v4_features,524,524,0,,ksf-v4-idsplit::
classical_ext,svc,10,matern25_med_x10__svc__d10,matern25_med_x10,id_val,fixed_c1,1.0,,0.009520769119262695,0.732,0.7287782689474022,0.7278148816197858,0.7615658362989324,0.8113267986418092,0.8040693951818075,full_v4_features,524,524,0,,ksf-v4-idsplit::
classical_ext,svc,10,matern25_med_x10__svc__d10,matern25_med_x10,id_test,fixed_c1,1.0,,0.009520769119262695,0.716,0.7117368185021462,0.7089161842601551,0.754325259515571,0.8126081107053622,0.8154742497050314,full_v4_features,524,524,0,,ksf-v4-idsplit::
classical_ext,svc,10,matern25_med_x10__svc__d10,matern25_med_x10,ood_test,fixed_c1,1.0,,0.009520769119262695,0.602,0.6075819672131147,0.5821417022581146,0.6732348111658456,0.6947841956967212,0.6273246197582036,full_v4_features,524,524,0,,ksf-v4-idsplit::
quantum,svc,10,zz_r1_full__as0.5__svc__d10,zz_r1_full__as0.5,id_val,fixed_c1,1.0,,0.011349201202392578,0.816,0.8155551284515343,0.8157051282051282,0.823076923076923,0.859504132231405,0.806017145934527,full_v4_features,524,524,0,,ksf-v4-idsplit::
quantum,svc,10,zz_r1_full__as0.5__svc__d10,zz_r1_full__as0.5,id_test,fixed_c1,1.0,,0.011349201202392578,0.832,0.8315715292459478,0.8317307692307692,0.8384615384615385,0.8652700365173938,0.8211804355016477,full_v4_features,524,524,0,,ksf-v4-idsplit::
quantum,svc,10,zz_r1_full__as0.5__svc__d10,zz_r1_full__as0.5,ood_test,fixed_c1,1.0,,0.011349201202392578,0.728,0.724577356557377,0.7208538587848933,0.6761904761904762,0.7883901127049181,0.8021573478032584,full_v4_features,524,524,0,,ksf-v4-idsplit::
quantum,svc,10,zz_r2_full__as0.5__svc__d10,zz_r2_full__as0.5,id_val,fixed_c1,1.0,,0.010565042495727539,0.8,0.8003075148952528,0.7999487868894437,0.8031496062992126,0.8647575116919726,0.8240035432835859,full_v4_features,524,524,0,,ksf-v4-idsplit::
quantum,svc,10,zz_r2_full__as0.5__svc__d10,zz_r2_full__as0.5,id_test,fixed_c1,1.0,,0.010565042495727539,0.816,0.8163239156896662,0.8159528839382881,0.8188976377952756,0.8691780383112306,0.8276777540619641,full_v4_features,524,524,0,,ksf-v4-idsplit::
quantum,svc,10,zz_r2_full__as0.5__svc__d10,zz_r2_full__as0.5,ood_test,fixed_c1,1.0,,0.010565042495727539,0.728,0.7239049692622951,0.7180342007928215,0.6650246305418719,0.7691470286885245,0.789764767350503,full_v4_features,524,524,0,,ksf-v4-idsplit::
quantum,svc,10,pauli_xz_r1_full__as0.5__svc__d10,pauli_xz_r1_full__as0.5,id_val,fixed_c1,1.0,,0.01071476936340332,0.76,0.7600102504965085,0.7598616803278688,0.765625,0.8154269972451791,0.7913804796168126,full_v4_features,524,524,0,,ksf-v4-idsplit::
quantum,svc,10,pauli_xz_r1_full__as0.5__svc__d10,pauli_xz_r1_full__as0.5,id_test,fixed_c1,1.0,,0.01071476936340332,0.724,0.7228201678518804,0.7230028101164191,0.7396226415094339,0.8341341533730541,0.8373781179225581,full_v4_features,524,524,0,,ksf-v4-idsplit::
quantum,svc,10,pauli_xz_r1_full__as0.5__svc__d10,pauli_xz_r1_full__as0.5,ood_test,fixed_c1,1.0,,0.01071476936340332,0.708,0.7104252049180328,0.7059250068483218,0.7306273062730627,0.739626024590164,0.6856654942519449,full_v4_features,524,524,0,,ksf-v4-idsplit::
quantum,svc,10,zmap_r2__as0.5__svc__d10,zmap_r2__as0.5,id_val,fixed_c1,1.0,,0.008517026901245117,0.776,0.7767954385290538,0.776,0.776,0.8197834582612594,0.7838629132030088,full_v4_features,524,524,0,,ksf-v4-idsplit::
quantum,svc,10,zmap_r2__as0.5__svc__d10,zmap_r2__as0.5,id_test,fixed_c1,1.0,,0.008517026901245117,0.732,0.7310846306617977,0.7312733631740226,0.7452471482889734,0.8388109424050227,0.8429407506513509,full_v4_features,524,524,0,,ksf-v4-idsplit::
quantum,svc,10,zmap_r2__as0.5__svc__d10,zmap_r2__as0.5,ood_test,fixed_c1,1.0,,0.008517026901245117,0.748,0.7488153176229508,0.747935471480699,0.7519685039370079,0.7482229764344261,0.7118696183434934,full_v4_features,524,524,0,,ksf-v4-idsplit::
quantum,svc,10,zz_r1_full__svc__d10,zz_r1_full,id_val,fixed_c1,1.0,,0.012000083923339844,0.812,0.811935421871997,0.8118524923540056,0.8171206225680934,0.8713562688192709,0.8426193333649303,full_v4_features,524,524,0,,ksf-v4-idsplit::
quantum,svc,10,zz_r1_full__svc__d10,zz_r1_full,id_test,fixed_c1,1.0,,0.012000083923339844,0.828,0.828208085079121,0.8279311724689876,0.8313725490196079,0.8754564674226408,0.8320854668945046,full_v4_features,524,524,0,,ksf-v4-idsplit::
quantum,svc,10,zz_r1_full__svc__d10,zz_r1_full,ood_test,fixed_c1,1.0,,0.012000083923339844,0.744,0.7406826331967213,0.7376145886288723,0.6966824644549763,0.7679623463114753,0.7950985389707194,full_v4_features,524,524,0,,ksf-v4-idsplit::
quantum,svc,10,zz_r2_full__svc__d10,zz_r2_full,id_val,fixed_c1,1.0,,0.013514280319213867,0.784,0.7850599013389712,0.7839861751152073,0.782258064516129,0.8643090524697289,0.8556587920169595,full_v4_features,524,524,0,,ksf-v4-idsplit::
quantum,svc,10,zz_r2_full__svc__d10,zz_r2_full,id_test,fixed_c1,1.0,,0.013514280319213867,0.812,0.8127042091101288,0.8119969919518712,0.8127490039840638,0.8751361394067525,0.8421824362710266,full_v4_features,524,524,0,,ksf-v4-idsplit::
quantum,svc,10,zz_r2_full__svc__d10,zz_r2_full,ood_test,fixed_c1,1.0,,0.013514280319213867,0.708,0.7020683913934427,0.6861241056686846,0.6032608695652174,0.7674980788934427,0.797734631137766,full_v4_features,524,524,0,,ksf-v4-idsplit::
quantum,svc,10,pauli_xz_r1_full__svc__d10,pauli_xz_r1_full,id_val,fixed_c1,1.0,,0.012862443923950195,0.768,0.768787238131847,0.768,0.768,0.8242680504836953,0.7800450300819735,full_v4_features,524,524,0,,ksf-v4-idsplit::
quantum,svc,10,pauli_xz_r1_full__svc__d10,pauli_xz_r1_full,id_test,fixed_c1,1.0,,0.012862443923950195,0.752,0.7512332628611699,0.751427288472641,0.7633587786259542,0.8488692421039143,0.8611293454301505,full_v4_features,524,524,0,,ksf-v4-idsplit::
quantum,svc,10,pauli_xz_r1_full__svc__d10,pauli_xz_r1_full,ood_test,fixed_c1,1.0,,0.012862443923950195,0.74,0.7405225409836065,0.739995839933439,0.7410358565737052,0.8015016649590163,0.7900813505936374,full_v4_features,524,524,0,,ksf-v4-idsplit::
quantum,svc,10,zmap_r2__svc__d10,zmap_r2,id_val,fixed_c1,1.0,,0.009006738662719727,0.752,0.7522583125120124,0.7519364957429102,0.7559055118110236,0.8203600486898583,0.7424593660416132,full_v4_features,524,524,0,,ksf-v4-idsplit::
quantum,svc,10,zmap_r2__svc__d10,zmap_r2,id_test,fixed_c1,1.0,,0.009006738662719727,0.776,0.776026651290922,0.7758709016393442,0.78125,0.8688577102953423,0.8769330966211165,full_v4_features,524,524,0,,ksf-v4-idsplit::
quantum,svc,10,zmap_r2__svc__d10,zmap_r2,ood_test,fixed_c1,1.0,,0.009006738662719727,0.74,0.7396580430327868,0.739733487090781,0.731404958677686,0.8055359887295082,0.815894412164798,full_v4_features,524,524,0,,ksf-v4-idsplit::
quantum,svc,10,zz_r1_full__as2__svc__d10,zz_r1_full__as2,id_val,fixed_c1,1.0,,0.011748790740966797,0.796,0.7974565955538471,0.7959183673469388,0.7918367346938775,0.8858350951374208,0.880295750142818,full_v4_features,524,524,0,,ksf-v4-idsplit::
quantum,svc,10,zz_r1_full__as2__svc__d10,zz_r1_full__as2,id_test,fixed_c1,1.0,,0.011748790740966797,0.844,0.8442244858735346,0.843937575030012,0.8470588235294118,0.888013325645461,0.8506930992191994,full_v4_features,524,524,0,,ksf-v4-idsplit::
quantum,svc,10,zz_r1_full__as2__svc__d10,zz_r1_full__as2,ood_test,fixed_c1,1.0,,0.011748790740966797,0.712,0.7064549180327868,0.693126022913257,0.6170212765957447,0.7863729508196722,0.8080049114923116,full_v4_features,524,524,0,,ksf-v4-idsplit::
quantum,svc,10,zz_r2_full__as2__svc__d10,zz_r2_full__as2,id_val,fixed_c1,1.0,,0.010998964309692383,0.792,0.7948619386251522,0.7911445279866333,0.7777777777777778,0.8785316163751682,0.8779049587579397,full_v4_features,524,524,0,,ksf-v4-idsplit::
quantum,svc,10,zz_r2_full__as2__svc__d10,zz_r2_full__as2,id_test,fixed_c1,1.0,,0.010998964309692383,0.812,0.8137292587609712,0.8118524923540056,0.8065843621399177,0.881350502914985,0.8355315637072049,full_v4_features,524,524,0,,ksf-v4-idsplit::
quantum,svc,10,zz_r2_full__as2__svc__d10,zz_r2_full__as2,ood_test,fixed_c1,1.0,,0.010998964309692383,0.682,0.6750448258196722,0.6491475830902375,0.5417867435158501,0.7524494108606558,0.7826504182048069,full_v4_features,524,524,0,,ksf-v4-idsplit::
quantum,svc,10,pauli_xz_r1_full__as2__svc__d10,pauli_xz_r1_full__as2,id_val,fixed_c1,1.0,,0.013015270233154297,0.764,0.7646550067268884,0.763996223939583,0.7649402390438247,0.8285604458965982,0.7617821469069264,full_v4_features,524,524,0,,ksf-v4-idsplit::
quantum,svc,10,pauli_xz_r1_full__as2__svc__d10,pauli_xz_r1_full__as2,id_test,fixed_c1,1.0,,0.013015270233154297,0.796,0.7972003331411366,0.7959706197692469,0.7935222672064778,0.8752642706131077,0.8789476901789786,full_v4_features,524,524,0,,ksf-v4-idsplit::
quantum,svc,10,pauli_xz_r1_full__as2__svc__d10,pauli_xz_r1_full__as2,ood_test,fixed_c1,1.0,,0.013015270233154297,0.744,0.7407786885245902,0.7379454926624738,0.6981132075471698,0.795594262295082,0.7748797606839221,full_v4_features,524,524,0,,ksf-v4-idsplit::
quantum,svc,10,zmap_r2__as2__svc__d10,zmap_r2__as2,id_val,fixed_c1,1.0,,0.010000467300415039,0.768,0.7675059260682939,0.7676282051282051,0.7769230769230769,0.8325325132936128,0.7694741051883522,full_v4_features,524,524,0,,ksf-v4-idsplit::
quantum,svc,10,zmap_r2__as2__svc__d10,zmap_r2__as2,id_test,fixed_c1,1.0,,0.010000467300415039,0.82,0.8201998846819143,0.8199279711884754,0.8235294117647058,0.8713562688192709,0.8621575589841441,full_v4_features,524,524,0,,ksf-v4-idsplit::
quantum,svc,10,zmap_r2__as2__svc__d10,zmap_r2__as2,ood_test,fixed_c1,1.0,,0.010000467300415039,0.76,0.7577484631147541,0.7569511958001167,0.7297297297297297,0.8057601178278689,0.7644692046206147,full_v4_features,524,524,0,,ksf-v4-idsplit::
classical_ext,svc,12,linear__svc__d12,linear,id_val,fixed_c1,1.0,,0.014596223831176758,0.752,0.7494394259721955,0.7492883022774327,0.7753623188405797,0.8201678518803255,0.7765462009358841,full_v4_features,524,524,0,,ksf-v4-idsplit::
classical_ext,svc,12,linear__svc__d12,linear,id_test,fixed_c1,1.0,,0.014596223831176758,0.732,0.7287782689474022,0.7278148816197858,0.7615658362989324,0.8368889743096931,0.8396859423555237,full_v4_features,524,524,0,,ksf-v4-idsplit::
classical_ext,svc,12,linear__svc__d12,linear,ood_test,fixed_c1,1.0,,0.014596223831176758,0.736,0.7387295081967213,0.7335443446805762,0.7591240875912408,0.7912077356557377,0.7134664626993579,full_v4_features,524,524,0,,ksf-v4-idsplit::
classical_ext,svc,12,rbf_gscale__svc__d12,rbf_gscale,id_val,fixed_c1,1.0,,0.008510351181030273,0.76,0.7597539880837978,0.7597539880837978,0.7674418604651163,0.8382984175796014,0.8159132419452022,full_v4_features,524,524,0,,ksf-v4-idsplit::
classical_ext,svc,12,rbf_gscale__svc__d12,rbf_gscale,id_test,fixed_c1,1.0,,0.008510351181030273,0.744,0.7422000128131206,0.7423510466988728,0.762962962962963,0.8542507527708373,0.854965407462671,full_v4_features,524,524,0,,ksf-v4-idsplit::
classical_ext,svc,12,rbf_gscale__svc__d12,rbf_gscale,ood_test,fixed_c1,1.0,,0.008510351181030273,0.7,0.7023245389344263,0.6980676328502415,0.7222222222222222,0.8202164446721311,0.7759122780348207,full_v4_features,524,524,0,,ksf-v4-idsplit::
classical_ext,svc,12,poly2__svc__d12,poly2,id_val,fixed_c1,1.0,,0.008999347686767578,0.76,0.7584726760202447,0.7587493566649511,0.7761194029850746,0.8200397206739701,0.7774617764298751,full_v4_features,524,524,0,,ksf-v4-idsplit::
classical_ext,svc,12,poly2__svc__d12,poly2,id_test,fixed_c1,1.0,,0.008999347686767578,0.724,0.7223076430264591,0.7223965625452614,0.7434944237918215,0.8364405150874495,0.8418637160841747,full_v4_features,524,524,0,,ksf-v4-idsplit::
classical_ext,svc,12,poly2__svc__d12,poly2,ood_test,fixed_c1,1.0,,0.008999347686767578,0.716,0.7186219262295082,0.7135757047651321,0.73992673992674,0.7813620645491804,0.6940710468057818,full_v4_features,524,524,0,,ksf-v4-idsplit::
classical_ext,svc,12,poly3__svc__d12,poly3,id_val,fixed_c1,1.0,,0.01767420768737793,0.756,0.754340444615286,0.7545824683371152,0.7732342007434945,0.819142802229483,0.7804591849346381,full_v4_features,524,524,0,,ksf-v4-idsplit::
classical_ext,svc,12,poly3__svc__d12,poly3,id_test,fixed_c1,1.0,,0.01767420768737793,0.72,0.7181754116215004,0.7181964573268921,0.7407407407407407,0.8373374335319367,0.8433439325308916,full_v4_features,524,524,0,,ksf-v4-idsplit::
classical_ext,svc,12,poly3__svc__d12,poly3,ood_test,fixed_c1,1.0,,0.01767420768737793,0.708,0.710905481557377,0.7048071946169773,0.7355072463768116,0.7725890112704917,0.6781692843712844,full_v4_features,524,524,0,,ksf-v4-idsplit::
classical_ext,svc,12,laplacian_med__svc__d12,laplacian_med,id_val,fixed_c1,1.0,,0.009817361831665039,0.844,0.8437119610481132,0.8437975616398853,0.8494208494208494,0.8649497085015055,0.7922648426322001,full_v4_features,524,524,0,,ksf-v4-idsplit::
classical_ext,svc,12,laplacian_med__svc__d12,laplacian_med,id_test,fixed_c1,1.0,,0.009817361831665039,0.828,0.8269267730155679,0.8273785628261743,0.8377358490566038,0.8826318149785379,0.8827224798030606,full_v4_features,524,524,0,,ksf-v4-idsplit::
classical_ext,svc,12,laplacian_med__svc__d12,laplacian_med,ood_test,fixed_c1,1.0,,0.009817361831665039,0.758,0.7555071721311475,0.7543436508999956,0.724373576309795,0.8199923155737704,0.7862488120980275,full_v4_features,524,524,0,,ksf-v4-idsplit::
classical_ext,svc,12,matern15_med__svc__d12,matern15_med,id_val,fixed_c1,1.0,,0.014207839965820312,0.784,0.7848036389262605,0.784,0.784,0.8369530399128707,0.7833119310808028,full_v4_features,524,524,0,,ksf-v4-idsplit::
classical_ext,svc,12,matern15_med__svc__d12,matern15_med,id_test,fixed_c1,1.0,,0.014207839965820312,0.78,0.7804151451085912,0.7799683154374231,0.782608695652174,0.8703312191684285,0.8798691170162425,full_v4_features,524,524,0,,ksf-v4-idsplit::
classical_ext,svc,12,matern15_med__svc__d12,matern15_med,ood_test,fixed_c1,1.0,,0.014207839965820312,0.76,0.7580366290983607,0.7575757575757576,0.7333333333333333,0.8243788422131147,0.8087133809525233,full_v4_features,524,524,0,,ksf-v4-idsplit::
classical_ext,svc,12,matern25_med__svc__d12,matern25_med,id_val,fixed_c1,1.0,,0.021857500076293945,0.768,0.7682747133064258,0.7679405927917546,0.7716535433070866,0.8438080594528797,0.8082235657227047,full_v4_features,524,524,0,,ksf-v4-idsplit::
classical_ext,svc,12,matern25_med__svc__d12,matern25_med,id_test,fixed_c1,1.0,,0.021857500076293945,0.764,0.7631174322506247,0.7633601257801095,0.7756653992395437,0.8668076109936576,0.8646197080354198,full_v4_features,524,524,0,,ksf-v4-idsplit::
classical_ext,svc,12,matern25_med__svc__d12,matern25_med,ood_test,fixed_c1,1.0,,0.021857500076293945,0.76,0.7603419569672132,0.759996159938559,0.7590361445783133,0.8264120133196721,0.8000446680737036,full_v4_features,524,524,0,,ksf-v4-idsplit::
classical_ext,svc,12,rbf_gscale_x0.1__svc__d12,rbf_gscale_x0.1,id_val,fixed_c1,1.0,,0.009274959564208984,0.744,0.7409187007495676,0.7402597402597403,0.7714285714285715,0.8227304760074317,0.773538386750781,full_v4_features,524,524,0,,ksf-v4-idsplit::
classical_ext,svc,12,rbf_gscale_x0.1__svc__d12,rbf_gscale_x0.1,id_test,fixed_c1,1.0,,0.009274959564208984,0.728,0.7243897751297328,0.7228742827334377,0.7605633802816901,0.8386828111986675,0.8432888798481253,full_v4_features,524,524,0,,ksf-v4-idsplit::
classical_ext,svc,12,rbf_gscale_x0.1__svc__d12,rbf_gscale_x0.1,ood_test,fixed_c1,1.0,,0.009274959564208984,0.678,0.6820888831967213,0.6701779400256482,0.7209705372616985,0.7635758196721312,0.6751021287347385,full_v4_features,524,524,0,,ksf-v4-idsplit::
classical_ext,svc,12,rbf_gscale_x0.3__svc__d12,rbf_gscale_x0.3,id_val,fixed_c1,1.0,,0.009908914566040039,0.76,0.7584726760202447,0.7587493566649511,0.7761194029850746,0.8233070664360306,0.7964890722159819,full_v4_features,524,524,0,,ksf-v4-idsplit::
classical_ext,svc,12,rbf_gscale_x0.3__svc__d12,rbf_gscale_x0.3,id_test,fixed_c1,1.0,,0.009908914566040039,0.724,0.7223076430264591,0.7223965625452614,0.7434944237918215,0.8379140239605356,0.8432843691589448,full_v4_features,524,524,0,,ksf-v4-idsplit::
classical_ext,svc,12,rbf_gscale_x0.3__svc__d12,rbf_gscale_x0.3,ood_test,fixed_c1,1.0,,0.009908914566040039,0.692,0.6948962602459017,0.6886322463768115,0.7210144927536232,0.7577324538934427,0.6542188367810633,full_v4_features,524,524,0,,ksf-v4-idsplit::
classical_ext,svc,12,rbf_gscale_x3__svc__d12,rbf_gscale_x3,id_val,fixed_c1,1.0,,0.00915217399597168,0.772,0.7721506822986739,0.7719087635054022,0.7764705882352941,0.8402203856749311,0.8090970185771487,full_v4_features,524,524,0,,ksf-v4-idsplit::
classical_ext,svc,12,rbf_gscale_x3__svc__d12,rbf_gscale_x3,id_test,fixed_c1,1.0,,0.00915217399597168,0.764,0.762861169837914,0.7631473303894019,0.7773584905660378,0.8652700365173939,0.8630642679661944,full_v4_features,524,524,0,,ksf-v4-idsplit::
classical_ext,svc,12,rbf_gscale_x3__svc__d12,rbf_gscale_x3,ood_test,fixed_c1,1.0,,0.00915217399597168,0.764,0.7646324282786885,0.7639848950332822,0.7658730158730159,0.8255635245901639,0.7998993560653803,full_v4_features,524,524,0,,ksf-v4-idsplit::
classical_ext,svc,12,rbf_gscale_x10__svc__d12,rbf_gscale_x10,id_val,fixed_c1,1.0,,0.009224891662597656,0.776,0.7767954385290538,0.776,0.776,0.8371452367224038,0.7869220706955844,full_v4_features,524,524,0,,ksf-v4-idsplit::
classical_ext,svc,12,rbf_gscale_x10__svc__d12,rbf_gscale_x10,id_test,fixed_c1,1.0,,0.009224891662597656,0.8,0.8010763021333847,0.7999871991807476,0.7983870967741935,0.8753283362162855,0.874251831362789,full_v4_features,524,524,0,,ksf-v4-idsplit::
classical_ext,svc,12,rbf_gscale_x10__svc__d12,rbf_gscale_x10,ood_test,fixed_c1,1.0,,0.009224891662597656,0.77,0.7678983094262295,0.7673863530630161,0.7427293064876958,0.8170626280737705,0.8078163314394793,full_v4_features,524,524,0,,ksf-v4-idsplit::
classical_ext,svc,12,laplacian_med_x0.1__svc__d12,laplacian_med_x0.1,id_val,fixed_c1,1.0,,0.016415119171142578,0.796,0.7979691203792684,0.7957352729136962,0.7883817427385892,0.8912806714075212,0.8950403101680554,full_v4_features,524,524,0,,ksf-v4-idsplit::
classical_ext,svc,12,laplacian_med_x0.1__svc__d12,laplacian_med_x0.1,id_test,fixed_c1,1.0,,0.016415119171142578,0.804,0.8057210583637645,0.8038462154328994,0.7983539094650206,0.8887821128835928,0.8679881633356822,full_v4_features,524,524,0,,ksf-v4-idsplit::
classical_ext,svc,12,laplacian_med_x0.1__svc__d12,laplacian_med_x0.1,ood_test,fixed_c1,1.0,,0.016415119171142578,0.728,0.7222720286885246,0.7089240462981987,0.6344086021505376,0.7870133196721312,0.8378800964508054,full_v4_features,524,524,0,,ksf-v4-idsplit::
classical_ext,svc,12,laplacian_med_x0.3__svc__d12,laplacian_med_x0.3,id_val,fixed_c1,1.0,,0.01052403450012207,0.828,0.8279518226664104,0.8278650461962178,0.8326848249027238,0.8825036837721827,0.8415389986806813,full_v4_features,524,524,0,,ksf-v4-idsplit::
classical_ext,svc,12,laplacian_med_x0.3__svc__d12,laplacian_med_x0.3,id_test,fixed_c1,1.0,,0.01052403450012207,0.84,0.8395797296431546,0.8397435897435898,0.8461538461538461,0.9022358895509002,0.8948593835966627,full_v4_features,524,524,0,,ksf-v4-idsplit::
classical_ext,svc,12,laplacian_med_x0.3__svc__d12,laplacian_med_x0.3,ood_test,fixed_c1,1.0,,0.01052403450012207,0.764,0.7603099385245902,0.7568053288486587,0.714975845410628,0.8038710297131147,0.828832388139164,full_v4_features,524,524,0,,ksf-v4-idsplit::
classical_ext,svc,12,laplacian_med_x3__svc__d12,laplacian_med_x3,id_val,fixed_c1,1.0,,0.006999015808105469,0.788,0.788423345505798,0.7879694676033349,0.7905138339920948,0.8588634761996284,0.7858778731809524,full_v4_features,524,524,0,,ksf-v4-idsplit::
classical_ext,svc,12,laplacian_med_x3__svc__d12,laplacian_med_x3,id_test,fixed_c1,1.0,,0.006999015808105469,0.788,0.7886796079185086,0.7879966079457271,0.7888446215139442,0.8708437439938497,0.8732992119280789,full_v4_features,524,524,0,,ksf-v4-idsplit::
classical_ext,svc,12,laplacian_med_x3__svc__d12,laplacian_med_x3,ood_test,fixed_c1,1.0,,0.006999015808105469,0.758,0.7557953381147541,0.7550359348112157,0.7280898876404495,0.8363377305327868,0.791912572453954,full_v4_features,524,524,0,,ksf-v4-idsplit::
classical_ext,svc,12,laplacian_med_x10__svc__d12,laplacian_med_x10,id_val,fixed_c1,1.0,,0.008065462112426758,0.76,0.7597539880837978,0.7597539880837978,0.7674418604651163,0.8420782881670831,0.7948029841733517,full_v4_features,524,524,0,,ksf-v4-idsplit::
classical_ext,svc,12,laplacian_med_x10__svc__d12,laplacian_med_x10,id_test,fixed_c1,1.0,,0.008065462112426758,0.756,0.7545967070279966,0.7548665027085242,0.7715355805243446,0.8579665577551413,0.8710663865266266,full_v4_features,524,524,0,,ksf-v4-idsplit::
classical_ext,svc,12,laplacian_med_x10__svc__d12,laplacian_med_x10,ood_test,fixed_c1,1.0,,0.008065462112426758,0.744,0.7454853995901639,0.7435034226262043,0.7547892720306514,0.8400518698770492,0.8052732570758201,full_v4_features,524,524,0,,ksf-v4-idsplit::
classical_ext,svc,12,matern15_med_x0.1__svc__d12,matern15_med_x0.1,id_val,fixed_c1,1.0,,0.009999513626098633,0.804,0.8057210583637645,0.8038462154328994,0.7983539094650206,0.8804535844704977,0.8749593572978225,full_v4_features,524,524,0,,ksf-v4-idsplit::
classical_ext,svc,12,matern15_med_x0.1__svc__d12,matern15_med_x0.1,id_test,fixed_c1,1.0,,0.009999513626098633,0.804,0.8054647959510539,0.803921568627451,0.8,0.8671920046127234,0.8177634365457659,full_v4_features,524,524,0,,ksf-v4-idsplit::
classical_ext,svc,12,matern15_med_x0.1__svc__d12,matern15_med_x0.1,ood_test,fixed_c1,1.0,,0.009999513626098633,0.756,0.7510566086065573,0.7431103025402601,0.6855670103092784,0.7903272284836065,0.8364568655652246,full_v4_features,524,524,0,,ksf-v4-idsplit::
classical_ext,svc,12,matern15_med_x0.3__svc__d12,matern15_med_x0.3,id_val,fixed_c1,1.0,,0.029830217361450195,0.836,0.8357037606509066,0.8357871801855205,0.8416988416988417,0.8590556730091614,0.8205130025936334,full_v4_features,524,524,0,,ksf-v4-idsplit::
classical_ext,svc,12,matern15_med_x0.3__svc__d12,matern15_med_x0.3,id_test,fixed_c1,1.0,,0.029830217361450195,0.836,0.8351912358254853,0.8355553416438048,0.844106463878327,0.8873086040105066,0.8850616111190999,full_v4_features,524,524,0,,ksf-v4-idsplit::
classical_ext,svc,12,matern15_med_x0.3__svc__d12,matern15_med_x0.3,ood_test,fixed_c1,1.0,,0.029830217361450195,0.752,0.7491675204918034,0.7473265519040166,0.7129629629629629,0.8107710040983606,0.8292528895427587,full_v4_features,524,524,0,,ksf-v4-idsplit::
classical_ext,svc,12,matern15_med_x3__svc__d12,matern15_med_x3,id_val,fixed_c1,1.0,,0.007530689239501953,0.764,0.7638862194887566,0.7638148308273687,0.7704280155642024,0.8327887757063231,0.8125325601153521,full_v4_features,524,524,0,,ksf-v4-idsplit::
classical_ext,svc,12,matern15_med_x3__svc__d12,matern15_med_x3,id_test,fixed_c1,1.0,,0.007530689239501953,0.744,0.7422000128131206,0.7423510466988728,0.762962962962963,0.8489333077070921,0.8499064094759586,full_v4_features,524,524,0,,ksf-v4-idsplit::
classical_ext,svc,12,matern15_med_x3__svc__d12,matern15_med_x3,ood_test,fixed_c1,1.0,,0.007530689239501953,0.7,0.7023245389344263,0.6980676328502415,0.7222222222222222,0.8011494620901639,0.7552650228177431,full_v4_features,524,524,0,,ksf-v4-idsplit::
classical_ext,svc,12,matern15_med_x10__svc__d12,matern15_med_x10,id_val,fixed_c1,1.0,,0.009584188461303711,0.744,0.7409187007495676,0.7402597402597403,0.7714285714285715,0.8293932987379076,0.8067541347902768,full_v4_features,524,524,0,,ksf-v4-idsplit::
classical_ext,svc,12,matern15_med_x10__svc__d12,matern15_med_x10,id_test,fixed_c1,1.0,,0.009584188461303711,0.72,0.7156127874943943,0.7126436781609196,0.7586206896551724,0.837849958357358,0.8385720837201028,full_v4_features,524,524,0,,ksf-v4-idsplit::
classical_ext,svc,12,matern15_med_x10__svc__d12,matern15_med_x10,ood_test,fixed_c1,1.0,,0.009584188461303711,0.604,0.6102074795081966,0.5789312509569744,0.6816720257234726,0.7555712090163934,0.6836696966337469,full_v4_features,524,524,0,,ksf-v4-idsplit::
classical_ext,svc,12,matern25_med_x0.1__svc__d12,matern25_med_x0.1,id_val,fixed_c1,1.0,,0.018362760543823242,0.796,0.7977128579665578,0.7958399385117932,0.7901234567901234,0.8780511243513358,0.8737731392381722,full_v4_features,524,524,0,,ksf-v4-idsplit::
classical_ext,svc,12,matern25_med_x0.1__svc__d12,matern25_med_x0.1,id_test,fixed_c1,1.0,,0.018362760543823242,0.804,0.8054647959510539,0.803921568627451,0.8,0.8682811198667435,0.8274929876570905,full_v4_features,524,524,0,,ksf-v4-idsplit::
classical_ext,svc,12,matern25_med_x0.1__svc__d12,matern25_med_x0.1,ood_test,fixed_c1,1.0,,0.018362760543823242,0.754,0.7490074282786885,0.7407590070437675,0.6821705426356589,0.79296875,0.8381490910123952,full_v4_features,524,524,0,,ksf-v4-idsplit::
classical_ext,svc,12,matern25_med_x0.3__svc__d12,matern25_med_x0.3,id_val,fixed_c1,1.0,,0.008477210998535156,0.828,0.8274392978409891,0.8276663620769811,0.8352490421455939,0.8504708821833558,0.8041019887857983,full_v4_features,524,524,0,,ksf-v4-idsplit::
classical_ext,svc,12,matern25_med_x0.3__svc__d12,matern25_med_x0.3,id_test,fixed_c1,1.0,,0.008477210998535156,0.836,0.8351912358254853,0.8355553416438048,0.844106463878327,0.8860913575501314,0.8868711691048523,full_v4_features,524,524,0,,ksf-v4-idsplit::
classical_ext,svc,12,matern25_med_x0.3__svc__d12,matern25_med_x0.3,ood_test,fixed_c1,1.0,,0.008477210998535156,0.744,0.7410668545081966,0.7388820889432884,0.7023255813953488,0.8171426741803277,0.8260851496863979,full_v4_features,524,524,0,,ksf-v4-idsplit::
classical_ext,svc,12,matern25_med_x3__svc__d12,matern25_med_x3,id_val,fixed_c1,1.0,,0.008666038513183594,0.756,0.7545967070279966,0.7548665027085242,0.7715355805243446,0.8275994618489333,0.816907041401112,full_v4_features,524,524,0,,ksf-v4-idsplit::
classical_ext,svc,12,matern25_med_x3__svc__d12,matern25_med_x3,id_test,fixed_c1,1.0,,0.008666038513183594,0.728,0.7266961368441285,0.7268813058286743,0.7443609022556391,0.8428470754052149,0.8473436042714988,full_v4_features,524,524,0,,ksf-v4-idsplit::
classical_ext,svc,12,matern25_med_x3__svc__d12,matern25_med_x3,ood_test,fixed_c1,1.0,,0.008666038513183594,0.704,0.7066150102459017,0.7014732697552081,0.7289377289377289,0.7858286372950819,0.723240259933682,full_v4_features,524,524,0,,ksf-v4-idsplit::
classical_ext,svc,12,matern25_med_x10__svc__d12,matern25_med_x10,id_val,fixed_c1,1.0,,0.009298563003540039,0.732,0.7287782689474022,0.7278148816197858,0.7615658362989324,0.8202959830866807,0.8029518428086675,full_v4_features,524,524,0,,ksf-v4-idsplit::
classical_ext,svc,12,matern25_med_x10__svc__d12,matern25_med_x10,id_test,fixed_c1,1.0,,0.009298563003540039,0.716,0.7114805560894355,0.7081504135220902,0.7560137457044673,0.82413991927734,0.8208747638140781,full_v4_features,524,524,0,,ksf-v4-idsplit::
classical_ext,svc,12,matern25_med_x10__svc__d12,matern25_med_x10,ood_test,fixed_c1,1.0,,0.009298563003540039,0.606,0.6120645491803278,0.5823421910710272,0.6817447495961227,0.709656762295082,0.6562519240395526,full_v4_features,524,524,0,,ksf-v4-idsplit::
quantum,svc,12,zz_r1_full__as0.5__svc__d12,zz_r1_full__as0.5,id_val,fixed_c1,1.0,,0.010585546493530273,0.832,0.8318277916586585,0.8318277916586585,0.8372093023255814,0.878403485168813,0.8407347068048582,full_v4_features,524,524,0,,ksf-v4-idsplit::
quantum,svc,12,zz_r1_full__as0.5__svc__d12,zz_r1_full__as0.5,id_test,fixed_c1,1.0,,0.010585546493530273,0.844,0.8437119610481132,0.8437975616398853,0.8494208494208494,0.8810942405022744,0.8512577555230018,full_v4_features,524,524,0,,ksf-v4-idsplit::
quantum,svc,12,zz_r1_full__as0.5__svc__d12,zz_r1_full__as0.5,ood_test,fixed_c1,1.0,,0.010585546493530273,0.76,0.7560194672131147,0.7515898251192369,0.7058823529411765,0.7969710553278688,0.8285376701028372,full_v4_features,524,524,0,,ksf-v4-idsplit::
quantum,svc,12,zz_r2_full__as0.5__svc__d12,zz_r2_full__as0.5,id_val,fixed_c1,1.0,,0.013857603073120117,0.792,0.7938368889743097,0.7917867896726247,0.7851239669421488,0.8788519443910564,0.8679229850704163,full_v4_features,524,524,0,,ksf-v4-idsplit::
quantum,svc,12,zz_r2_full__as0.5__svc__d12,zz_r2_full__as0.5,id_test,fixed_c1,1.0,,0.013857603073120117,0.804,0.8054647959510539,0.803921568627451,0.8,0.8648215772951502,0.8176150290260341,full_v4_features,524,524,0,,ksf-v4-idsplit::
quantum,svc,12,zz_r2_full__as0.5__svc__d12,zz_r2_full__as0.5,ood_test,fixed_c1,1.0,,0.013857603073120117,0.752,0.7470543032786885,0.7388989960245267,0.6804123711340206,0.7881339651639345,0.8349233241035778,full_v4_features,524,524,0,,ksf-v4-idsplit::
quantum,svc,12,pauli_xz_r1_full__as0.5__svc__d12,pauli_xz_r1_full__as0.5,id_val,fixed_c1,1.0,,0.009523153305053711,0.772,0.7721506822986739,0.7719087635054022,0.7764705882352941,0.8395797296431546,0.8127606226035533,full_v4_features,524,524,0,,ksf-v4-idsplit::
quantum,svc,12,pauli_xz_r1_full__as0.5__svc__d12,pauli_xz_r1_full__as0.5,id_test,fixed_c1,1.0,,0.009523153305053711,0.764,0.762861169837914,0.7631473303894019,0.7773584905660378,0.8646934460887948,0.860303526523365,full_v4_features,524,524,0,,ksf-v4-idsplit::
quantum,svc,12,pauli_xz_r1_full__as0.5__svc__d12,pauli_xz_r1_full__as0.5,ood_test,fixed_c1,1.0,,0.009523153305053711,0.734,0.735047387295082,0.7338200623621568,0.7407407407407407,0.819544057377049,0.7717428740679794,full_v4_features,524,524,0,,ksf-v4-idsplit::
quantum,svc,12,zmap_r2__as0.5__svc__d12,zmap_r2__as0.5,id_val,fixed_c1,1.0,,0.02329087257385254,0.772,0.7718944198859632,0.7718211077484748,0.7782101167315175,0.8394515984367993,0.8035214361548275,full_v4_features,524,524,0,,ksf-v4-idsplit::
quantum,svc,12,zmap_r2__as0.5__svc__d12,zmap_r2__as0.5,id_test,fixed_c1,1.0,,0.02329087257385254,0.76,0.7587289384329554,0.7590129169076538,0.7744360902255639,0.8690499071048754,0.8646806814148932,full_v4_features,524,524,0,,ksf-v4-idsplit::
quantum,svc,12,zmap_r2__as0.5__svc__d12,zmap_r2__as0.5,ood_test,fixed_c1,1.0,,0.02329087257385254,0.752,0.7527215676229508,0.7519642828567313,0.7549407114624506,0.8254674692622951,0.8019294106159799,full_v4_features,524,524,0,,ksf-v4-idsplit::
quantum,svc,12,zz_r1_full__svc__d12,zz_r1_full,id_val,fixed_c1,1.0,,0.012003898620605469,0.812,0.8124479466974182,0.8119729241010705,0.8142292490118577,0.8878211288359279,0.8823403104454965,full_v4_features,524,524,0,,ksf-v4-idsplit::
quantum,svc,12,zz_r1_full__svc__d12,zz_r1_full,id_test,fixed_c1,1.0,,0.012003898620605469,0.82,0.8207124095073355,0.8199971199539193,0.8207171314741036,0.869306169517586,0.8151828064232476,full_v4_features,524,524,0,,ksf-v4-idsplit::
quantum,svc,12,zz_r1_full__svc__d12,zz_r1_full,ood_test,fixed_c1,1.0,,0.012003898620605469,0.76,0.7555391905737705,0.7495784570694002,0.6984924623115578,0.7957543545081968,0.841780048872605,full_v4_features,524,524,0,,ksf-v4-idsplit::
quantum,svc,12,zz_r2_full__svc__d12,zz_r2_full,id_val,fixed_c1,1.0,,0.01076817512512207,0.78,0.7824652444102762,0.7794035070831529,0.7679324894514767,0.8750720738035749,0.8817161092267842,full_v4_features,524,524,0,,ksf-v4-idsplit::
quantum,svc,12,zz_r2_full__svc__d12,zz_r2_full,id_test,fixed_c1,1.0,,0.01076817512512207,0.788,0.7904734448074828,0.7874251977346746,0.7763713080168776,0.8556601960407457,0.8026690256256337,full_v4_features,524,524,0,,ksf-v4-idsplit::
quantum,svc,12,zz_r2_full__svc__d12,zz_r2_full,ood_test,fixed_c1,1.0,,0.01076817512512207,0.692,0.6854828381147541,0.664142647777235,0.5674157303370787,0.7784643954918034,0.8222909663067135,full_v4_features,524,524,0,,ksf-v4-idsplit::
quantum,svc,12,pauli_xz_r1_full__svc__d12,pauli_xz_r1_full,id_val,fixed_c1,1.0,,0.00914144515991211,0.768,0.7692997629572682,0.7679405927917546,0.7642276422764228,0.8434236658338139,0.7963878718759134,full_v4_features,524,524,0,,ksf-v4-idsplit::
quantum,svc,12,pauli_xz_r1_full__svc__d12,pauli_xz_r1_full,id_test,fixed_c1,1.0,,0.00914144515991211,0.804,0.8052085335383432,0.8039717719351587,0.8016194331983806,0.8769940418989044,0.878319310136445,full_v4_features,524,524,0,,ksf-v4-idsplit::
quantum,svc,12,pauli_xz_r1_full__svc__d12,pauli_xz_r1_full,ood_test,fixed_c1,1.0,,0.00914144515991211,0.766,0.7639920594262295,0.7635398687949426,0.7394209354120267,0.8188876793032787,0.8087576960525368,full_v4_features,524,524,0,,ksf-v4-idsplit::
quantum,svc,12,zmap_r2__svc__d12,zmap_r2,id_val,fixed_c1,1.0,,0.008509159088134766,0.792,0.7922993144980459,0.7919467383650214,0.7952755905511811,0.8395797296431545,0.7831355654363784,full_v4_features,524,524,0,,ksf-v4-idsplit::
quantum,svc,12,zmap_r2__svc__d12,zmap_r2,id_test,fixed_c1,1.0,,0.008509159088134766,0.812,0.81321673393555,0.8119729241010705,0.8097165991902834,0.8862194887564866,0.8884576538392149,full_v4_features,524,524,0,,ksf-v4-idsplit::
quantum,svc,12,zmap_r2__svc__d12,zmap_r2,ood_test,fixed_c1,1.0,,0.008509159088134766,0.772,0.7697553790983607,0.7691036360101109,0.7432432432432432,0.8121157786885247,0.7892408075492164,full_v4_features,524,524,0,,ksf-v4-idsplit::
quantum,svc,12,zz_r1_full__as2__svc__d12,zz_r1_full__as2,id_val,fixed_c1,1.0,,0.013358116149902344,0.78,0.7822089819975655,0.7795732538193944,0.7698744769874477,0.8831443398039592,0.8936373216642188,full_v4_features,524,524,0,,ksf-v4-idsplit::
quantum,svc,12,zz_r1_full__as2__svc__d12,zz_r1_full__as2,id_test,fixed_c1,1.0,,0.013358116149902344,0.788,0.7899609199820616,0.7877248914593313,0.7800829875518672,0.8680248574540329,0.8039514442407475,full_v4_features,524,524,0,,ksf-v4-idsplit::
quantum,svc,12,zz_r1_full__as2__svc__d12,zz_r1_full__as2,ood_test,fixed_c1,1.0,,0.013358116149902344,0.718,0.7123142930327868,0.6985517657169978,0.6219839142091153,0.792200307377049,0.839951154990896,full_v4_features,524,524,0,,ksf-v4-idsplit::
quantum,svc,12,zz_r2_full__as2__svc__d12,zz_r2_full__as2,id_val,fixed_c1,1.0,,0.011626958847045898,0.752,0.7555897238772503,0.7500644994840042,0.7280701754385965,0.8748158113908643,0.8889286286014781,full_v4_features,524,524,0,,ksf-v4-idsplit::
quantum,svc,12,zz_r2_full__as2__svc__d12,zz_r2_full__as2,id_test,fixed_c1,1.0,,0.011626958847045898,0.788,0.7907297072201935,0.7872340425531915,0.774468085106383,0.8580306233583189,0.828107008181699,full_v4_features,524,524,0,,ksf-v4-idsplit::
quantum,svc,12,zz_r2_full__as2__svc__d12,zz_r2_full__as2,ood_test,fixed_c1,1.0,,0.011626958847045898,0.682,0.6747566598360656,0.6462248408011784,0.533724340175953,0.7723008452868854,0.8170711789241807,full_v4_features,524,524,0,,ksf-v4-idsplit::
quantum,svc,12,pauli_xz_r1_full__as2__svc__d12,pauli_xz_r1_full__as2,id_val,fixed_c1,1.0,,0.012209415435791016,0.82,0.8199436222692037,0.8198587692751116,0.8249027237354085,0.8453456339291434,0.7830495515900381,full_v4_features,524,524,0,,ksf-v4-idsplit::
quantum,svc,12,pauli_xz_r1_full__as2__svc__d12,pauli_xz_r1_full__as2,id_test,fixed_c1,1.0,,0.012209415435791016,0.84,0.8393234672304439,0.8396305086920264,0.8473282442748091,0.8844256518675124,0.8787603576026346,full_v4_features,524,524,0,,ksf-v4-idsplit::
quantum,svc,12,pauli_xz_r1_full__as2__svc__d12,pauli_xz_r1_full__as2,ood_test,fixed_c1,1.0,,0.012209415435791016,0.754,0.7505443135245902,0.7473699776946175,0.7064439140811456,0.8137167008196722,0.814559876628342,full_v4_features,524,524,0,,ksf-v4-idsplit::
quantum,svc,12,zmap_r2__as2__svc__d12,zmap_r2__as2,id_val,fixed_c1,1.0,,0.009993791580200195,0.832,0.8310590044205266,0.8314714946070878,0.8409090909090909,0.8567493112947658,0.8179805419891136,full_v4_features,524,524,0,,ksf-v4-idsplit::
quantum,svc,12,zmap_r2__as2__svc__d12,zmap_r2__as2,id_test,fixed_c1,1.0,,0.009993791580200195,0.844,0.8429431738099814,0.8434363709353674,0.8528301886792453,0.882439618169005,0.8890858212495211,full_v4_features,524,524,0,,ksf-v4-idsplit::
quantum,svc,12,zmap_r2__as2__svc__d12,zmap_r2__as2,ood_test,fixed_c1,1.0,,0.009993791580200195,0.764,0.761078381147541,0.7592819257445941,0.7255813953488373,0.8051997950819673,0.8150173205023498,full_v4_features,524,524,0,,ksf-v4-idsplit::
