n_id,n_val,n_test,pos_rate_val,pos_rate_test,overlap,class_balance_gap
1000,501,499,0.499001996007984,0.49899799599198397,0,4.000016000038631e-06
