family,model,dim,cfg,kernel,split,regularization,c_selected,c_cv_score,fit_seconds,accuracy,balanced_accuracy,f1_macro,f1_pos,roc_auc,pr_auc,feature_policy,n_input_features,n_retained_features,n_removed_features,removed_features,id_split_hash_salt
classical_ext,svc,4,linear__svc__d4,linear,id_val,fixed_c1,1.0,,0.0072536468505859375,0.82,0.8200000000000001,0.8175448839585462,0.7963800904977375,0.8255359999999999,0.7943052544314375,full_v4_features,39,39,0,,ksf-v4-idsplit::
classical_ext,svc,4,linear__svc__d4,linear,id_test,fixed_c1,1.0,,0.0072536468505859375,0.8,0.8,0.7947454844006567,0.7619047619047619,0.799232,0.8025089355955597,full_v4_features,39,39,0,,ksf-v4-idsplit::
classical_ext,svc,4,linear__svc__d4,linear,ood_test,fixed_c1,1.0,,0.0072536468505859375,0.832,0.83210931374902,0.8319031762295082,0.8278688524590164,0.7923326773228372,0.7059000318498536,full_v4_features,39,39,0,,ksf-v4-idsplit::
classical_ext,svc,4,rbf_gscale__svc__d4,rbf_gscale,id_val,fixed_c1,1.0,,0.004426479339599609,0.868,0.868,0.8656592467147579,0.8833922261484098,0.949376,0.9204413990359765,full_v4_features,39,39,0,,ksf-v4-idsplit::
classical_ext,svc,4,rbf_gscale__svc__d4,rbf_gscale,id_test,fixed_c1,1.0,,0.004426479339599609,0.912,0.9119999999999999,0.911313209494324,0.9191176470588235,0.977408,0.9698564827632834,full_v4_features,39,39,0,,ksf-v4-idsplit::
classical_ext,svc,4,rbf_gscale__svc__d4,rbf_gscale,ood_test,fixed_c1,1.0,,0.004426479339599609,0.742,0.741011856189699,0.7248,0.7936,0.8685258964143427,0.7748110137854451,full_v4_features,39,39,0,,ksf-v4-idsplit::
classical_ext,svc,4,poly2__svc__d4,poly2,id_val,fixed_c1,1.0,,0.008970975875854492,0.856,0.856,0.8529507875302268,0.8741258741258742,0.883392,0.8193087261974417,full_v4_features,39,39,0,,ksf-v4-idsplit::
classical_ext,svc,4,poly2__svc__d4,poly2,id_test,fixed_c1,1.0,,0.008970975875854492,0.9,0.9,0.898989898989899,0.9090909090909091,0.9051520000000001,0.8266982082400095,full_v4_features,39,39,0,,ksf-v4-idsplit::
classical_ext,svc,4,poly2__svc__d4,poly2,ood_test,fixed_c1,1.0,,0.008970975875854492,0.722,0.7209315349045584,0.7001402221982527,0.7811023622047244,0.7414998639978239,0.6395150295099226,full_v4_features,39,39,0,,ksf-v4-idsplit::
classical_ext,svc,4,poly3__svc__d4,poly3,id_val,fixed_c1,1.0,,0.010643243789672852,0.856,0.856,0.8529507875302268,0.8741258741258742,0.9152,0.866905656941903,full_v4_features,39,39,0,,ksf-v4-idsplit::
classical_ext,svc,4,poly3__svc__d4,poly3,id_test,fixed_c1,1.0,,0.010643243789672852,0.9,0.9,0.898989898989899,0.9090909090909091,0.9283840000000001,0.8543572385799447,full_v4_features,39,39,0,,ksf-v4-idsplit::
classical_ext,svc,4,poly3__svc__d4,poly3,ood_test,fixed_c1,1.0,,0.010643243789672852,0.722,0.7209315349045584,0.7001402221982527,0.7811023622047244,0.7503480055680891,0.6285486330050649,full_v4_features,39,39,0,,ksf-v4-idsplit::
classical_ext,svc,4,laplacian_med__svc__d4,laplacian_med,id_val,fixed_c1,1.0,,0.005035400390625,0.864,0.864,0.8614371413667188,0.8802816901408451,0.946752,0.9105881734398661,full_v4_features,39,39,0,,ksf-v4-idsplit::
classical_ext,svc,4,laplacian_med__svc__d4,laplacian_med,id_test,fixed_c1,1.0,,0.005035400390625,0.904,0.9039999999999999,0.903250773993808,0.9117647058823529,0.9715199999999999,0.9442492630854088,full_v4_features,39,39,0,,ksf-v4-idsplit::
classical_ext,svc,4,laplacian_med__svc__d4,laplacian_med,ood_test,fixed_c1,1.0,,0.005035400390625,0.742,0.741011856189699,0.7248,0.7936,0.8919662714603434,0.8313710006920428,full_v4_features,39,39,0,,ksf-v4-idsplit::
classical_ext,svc,4,matern15_med__svc__d4,matern15_med,id_val,fixed_c1,1.0,,0.005997419357299805,0.868,0.868,0.8656592467147579,0.8833922261484098,0.948608,0.9174404373407384,full_v4_features,39,39,0,,ksf-v4-idsplit::
classical_ext,svc,4,matern15_med__svc__d4,matern15_med,id_test,fixed_c1,1.0,,0.005997419357299805,0.908,0.9079999999999999,0.907214664923916,0.9157509157509157,0.972928,0.9604069528713648,full_v4_features,39,39,0,,ksf-v4-idsplit::
classical_ext,svc,4,matern15_med__svc__d4,matern15_med,ood_test,fixed_c1,1.0,,0.005997419357299805,0.742,0.741011856189699,0.7248,0.7936,0.8649578393254291,0.7750699925293556,full_v4_features,39,39,0,,ksf-v4-idsplit::
classical_ext,svc,4,matern25_med__svc__d4,matern25_med,id_val,fixed_c1,1.0,,0.0040247440338134766,0.868,0.868,0.8656592467147579,0.8833922261484098,0.943616,0.9061494522225777,full_v4_features,39,39,0,,ksf-v4-idsplit::
classical_ext,svc,4,matern25_med__svc__d4,matern25_med,id_test,fixed_c1,1.0,,0.0040247440338134766,0.908,0.9079999999999999,0.907214664923916,0.9157509157509157,0.9677439999999999,0.9524721829966927,full_v4_features,39,39,0,,ksf-v4-idsplit::
classical_ext,svc,4,matern25_med__svc__d4,matern25_med,ood_test,fixed_c1,1.0,,0.0040247440338134766,0.742,0.741011856189699,0.7248,0.7936,0.8328293252692043,0.72166220267628,full_v4_features,39,39,0,,ksf-v4-idsplit::
classical_ext,svc,4,rbf_gscale_x0.1__svc__d4,rbf_gscale_x0.1,id_val,fixed_c1,1.0,,0.013091087341308594,0.852,0.852,0.8490412076703386,0.8701754385964913,0.8554879999999999,0.7562527968333296,full_v4_features,39,39,0,,ksf-v4-idsplit::
classical_ext,svc,4,rbf_gscale_x0.1__svc__d4,rbf_gscale_x0.1,id_test,fixed_c1,1.0,,0.013091087341308594,0.9,0.9,0.898989898989899,0.9090909090909091,0.88896,0.7990370775389468,full_v4_features,39,39,0,,ksf-v4-idsplit::
classical_ext,svc,4,rbf_gscale_x0.1__svc__d4,rbf_gscale_x0.1,ood_test,fixed_c1,1.0,,0.013091087341308594,0.718,0.7169474711595385,0.6965274997740099,0.7772511848341233,0.7094833517336278,0.605031284248935,full_v4_features,39,39,0,,ksf-v4-idsplit::
classical_ext,svc,4,rbf_gscale_x0.3__svc__d4,rbf_gscale_x0.3,id_val,fixed_c1,1.0,,0.006006479263305664,0.856,0.856,0.8529507875302268,0.8741258741258742,0.929728,0.8811001804040439,full_v4_features,39,39,0,,ksf-v4-idsplit::
classical_ext,svc,4,rbf_gscale_x0.3__svc__d4,rbf_gscale_x0.3,id_test,fixed_c1,1.0,,0.006006479263305664,0.9,0.9,0.898989898989899,0.9090909090909091,0.941376,0.8843464006837768,full_v4_features,39,39,0,,ksf-v4-idsplit::
classical_ext,svc,4,rbf_gscale_x0.3__svc__d4,rbf_gscale_x0.3,ood_test,fixed_c1,1.0,,0.006006479263305664,0.722,0.7209315349045584,0.7001402221982527,0.7811023622047244,0.7391318261092178,0.6102972636195709,full_v4_features,39,39,0,,ksf-v4-idsplit::
classical_ext,svc,4,rbf_gscale_x3__svc__d4,rbf_gscale_x3,id_val,fixed_c1,1.0,,0.005513191223144531,0.872,0.872,0.8701298701298701,0.8857142857142857,0.949056,0.9199820420683581,full_v4_features,39,39,0,,ksf-v4-idsplit::
classical_ext,svc,4,rbf_gscale_x3__svc__d4,rbf_gscale_x3,id_test,fixed_c1,1.0,,0.005513191223144531,0.916,0.9159999999999999,0.9155119972963839,0.9219330855018587,0.9805440000000001,0.9782528890829357,full_v4_features,39,39,0,,ksf-v4-idsplit::
classical_ext,svc,4,rbf_gscale_x3__svc__d4,rbf_gscale_x3,ood_test,fixed_c1,1.0,,0.005513191223144531,0.754,0.7530600489607834,0.7392288807194739,0.8012924071082391,0.8926542824685194,0.8186525338681429,full_v4_features,39,39,0,,ksf-v4-idsplit::
classical_ext,svc,4,rbf_gscale_x10__svc__d4,rbf_gscale_x10,id_val,fixed_c1,1.0,,0.00500035285949707,0.876,0.876,0.8747474747474748,0.8872727272727273,0.9357439999999999,0.8933052117392697,full_v4_features,39,39,0,,ksf-v4-idsplit::
classical_ext,svc,4,rbf_gscale_x10__svc__d4,rbf_gscale_x10,id_test,fixed_c1,1.0,,0.00500035285949707,0.912,0.9119999999999999,0.9115414307771488,0.917910447761194,0.974144,0.9617674594406513,full_v4_features,39,39,0,,ksf-v4-idsplit::
classical_ext,svc,4,rbf_gscale_x10__svc__d4,rbf_gscale_x10,ood_test,fixed_c1,1.0,,0.00500035285949707,0.782,0.7811724987599802,0.771942671827597,0.8198347107438017,0.9038064609033746,0.8634390169302147,full_v4_features,39,39,0,,ksf-v4-idsplit::
classical_ext,svc,4,laplacian_med_x0.1__svc__d4,laplacian_med_x0.1,id_val,fixed_c1,1.0,,0.007643699645996094,0.896,0.8959999999999999,0.8956728299948639,0.9015151515151515,0.94048,0.8965529353163662,full_v4_features,39,39,0,,ksf-v4-idsplit::
classical_ext,svc,4,laplacian_med_x0.1__svc__d4,laplacian_med_x0.1,id_test,fixed_c1,1.0,,0.007643699645996094,0.928,0.9279999999999999,0.9279261964251393,0.9302325581395349,0.976704,0.9726773656487837,full_v4_features,39,39,0,,ksf-v4-idsplit::
classical_ext,svc,4,laplacian_med_x0.1__svc__d4,laplacian_med_x0.1,ood_test,fixed_c1,1.0,,0.007643699645996094,0.808,0.8073569177106834,0.8026932373107089,0.8350515463917526,0.9173586777388438,0.8711718306893625,full_v4_features,39,39,0,,ksf-v4-idsplit::
classical_ext,svc,4,laplacian_med_x0.3__svc__d4,laplacian_med_x0.3,id_val,fixed_c1,1.0,,0.0070056915283203125,0.884,0.884,0.8830097949040681,0.8937728937728938,0.939776,0.891916045007865,full_v4_features,39,39,0,,ksf-v4-idsplit::
classical_ext,svc,4,laplacian_med_x0.3__svc__d4,laplacian_med_x0.3,id_test,fixed_c1,1.0,,0.0070056915283203125,0.912,0.9119999999999999,0.9116380695328063,0.9172932330827067,0.972032,0.940512971955217,full_v4_features,39,39,0,,ksf-v4-idsplit::
classical_ext,svc,4,laplacian_med_x0.3__svc__d4,laplacian_med_x0.3,ood_test,fixed_c1,1.0,,0.0070056915283203125,0.784,0.7832125314005024,0.7749999999999999,0.82,0.9061424982799724,0.8562387124835777,full_v4_features,39,39,0,,ksf-v4-idsplit::
classical_ext,svc,4,laplacian_med_x3__svc__d4,laplacian_med_x3,id_val,fixed_c1,1.0,,0.006508827209472656,0.86,0.86,0.8572011423908609,0.8771929824561403,0.939968,0.9055473091163494,full_v4_features,39,39,0,,ksf-v4-idsplit::
classical_ext,svc,4,laplacian_med_x3__svc__d4,laplacian_med_x3,id_test,fixed_c1,1.0,,0.006508827209472656,0.908,0.9079999999999999,0.907214664923916,0.9157509157509157,0.95744,0.9203346170890745,full_v4_features,39,39,0,,ksf-v4-idsplit::
classical_ext,svc,4,laplacian_med_x3__svc__d4,laplacian_med_x3,ood_test,fixed_c1,1.0,,0.006508827209472656,0.742,0.741011856189699,0.7248,0.7936,0.8387334197347157,0.7342067278717248,full_v4_features,39,39,0,,ksf-v4-idsplit::
classical_ext,svc,4,laplacian_med_x10__svc__d4,laplacian_med_x10,id_val,fixed_c1,1.0,,0.0050029754638671875,0.852,0.852,0.8486856095925144,0.8710801393728222,0.898816,0.8179364265597736,full_v4_features,39,39,0,,ksf-v4-idsplit::
classical_ext,svc,4,laplacian_med_x10__svc__d4,laplacian_med_x10,id_test,fixed_c1,1.0,,0.0050029754638671875,0.9,0.9,0.898989898989899,0.9090909090909091,0.9313279999999999,0.8614826099445592,full_v4_features,39,39,0,,ksf-v4-idsplit::
classical_ext,svc,4,laplacian_med_x10__svc__d4,laplacian_med_x10,ood_test,fixed_c1,1.0,,0.0050029754638671875,0.722,0.7209315349045584,0.7001402221982527,0.7811023622047244,0.7942207075313206,0.6740484086945333,full_v4_features,39,39,0,,ksf-v4-idsplit::
classical_ext,svc,4,matern15_med_x0.1__svc__d4,matern15_med_x0.1,id_val,fixed_c1,1.0,,0.0064830780029296875,0.892,0.8919999999999999,0.8916097952629466,0.8981132075471698,0.932544,0.8789570294341434,full_v4_features,39,39,0,,ksf-v4-idsplit::
classical_ext,svc,4,matern15_med_x0.1__svc__d4,matern15_med_x0.1,id_test,fixed_c1,1.0,,0.0064830780029296875,0.924,0.9239999999999999,0.9239403692494916,0.9260700389105059,0.9748479999999999,0.9688413352314161,full_v4_features,39,39,0,,ksf-v4-idsplit::
classical_ext,svc,4,matern15_med_x0.1__svc__d4,matern15_med_x0.1,ood_test,fixed_c1,1.0,,0.0064830780029296875,0.806,0.8053808860941776,0.8010329874999487,0.8324697754749568,0.8994223907582521,0.822211465533716,full_v4_features,39,39,0,,ksf-v4-idsplit::
classical_ext,svc,4,matern15_med_x0.3__svc__d4,matern15_med_x0.3,id_val,fixed_c1,1.0,,0.004536867141723633,0.872,0.872,0.870600414078675,0.8840579710144928,0.939904,0.9043988269766483,full_v4_features,39,39,0,,ksf-v4-idsplit::
classical_ext,svc,4,matern15_med_x0.3__svc__d4,matern15_med_x0.3,id_test,fixed_c1,1.0,,0.004536867141723633,0.912,0.9119999999999999,0.9115414307771488,0.917910447761194,0.9790719999999999,0.9767862712562424,full_v4_features,39,39,0,,ksf-v4-idsplit::
classical_ext,svc,4,matern15_med_x0.3__svc__d4,matern15_med_x0.3,ood_test,fixed_c1,1.0,,0.004536867141723633,0.78,0.7791644666314661,0.7696470154629677,0.8184818481848185,0.9003024048384775,0.8429604314012837,full_v4_features,39,39,0,,ksf-v4-idsplit::
classical_ext,svc,4,matern15_med_x3__svc__d4,matern15_med_x3,id_val,fixed_c1,1.0,,0.011598825454711914,0.856,0.856,0.8529507875302268,0.8741258741258742,0.8844799999999999,0.8151319105570484,full_v4_features,39,39,0,,ksf-v4-idsplit::
classical_ext,svc,4,matern15_med_x3__svc__d4,matern15_med_x3,id_test,fixed_c1,1.0,,0.011598825454711914,0.9,0.9,0.898989898989899,0.9090909090909091,0.903936,0.822847591395485,full_v4_features,39,39,0,,ksf-v4-idsplit::
classical_ext,svc,4,matern15_med_x3__svc__d4,matern15_med_x3,ood_test,fixed_c1,1.0,,0.011598825454711914,0.722,0.7209315349045584,0.7001402221982527,0.7811023622047244,0.7362197795164723,0.6203183440140297,full_v4_features,39,39,0,,ksf-v4-idsplit::
classical_ext,svc,4,matern15_med_x10__svc__d4,matern15_med_x10,id_val,fixed_c1,1.0,,0.008008003234863281,0.824,0.8240000000000001,0.8230828615542974,0.835820895522388,0.8367359999999999,0.7152383787279032,full_v4_features,39,39,0,,ksf-v4-idsplit::
classical_ext,svc,4,matern15_med_x10__svc__d4,matern15_med_x10,id_test,fixed_c1,1.0,,0.008008003234863281,0.828,0.828,0.8279752284328943,0.8300395256916996,0.8799999999999999,0.7953989147549838,full_v4_features,39,39,0,,ksf-v4-idsplit::
classical_ext,svc,4,matern15_med_x10__svc__d4,matern15_med_x10,ood_test,fixed_c1,1.0,,0.008008003234863281,0.712,0.7112753804060865,0.7019077901430844,0.7567567567567568,0.6399782396518344,0.5313290523200496,full_v4_features,39,39,0,,ksf-v4-idsplit::
classical_ext,svc,4,matern25_med_x0.1__svc__d4,matern25_med_x0.1,id_val,fixed_c1,1.0,,0.008388042449951172,0.896,0.8959999999999999,0.8955722639933166,0.9022556390977443,0.93248,0.8870602732165564,full_v4_features,39,39,0,,ksf-v4-idsplit::
classical_ext,svc,4,matern25_med_x0.1__svc__d4,matern25_med_x0.1,id_test,fixed_c1,1.0,,0.008388042449951172,0.928,0.9279999999999999,0.9279261964251393,0.9302325581395349,0.9738239999999999,0.9660782985868631,full_v4_features,39,39,0,,ksf-v4-idsplit::
classical_ext,svc,4,matern25_med_x0.1__svc__d4,matern25_med_x0.1,ood_test,fixed_c1,1.0,,0.008388042449951172,0.806,0.8053488855821693,0.8005026510523999,0.8336192109777015,0.896078337253396,0.8221472412711035,full_v4_features,39,39,0,,ksf-v4-idsplit::
classical_ext,svc,4,matern25_med_x0.3__svc__d4,matern25_med_x0.3,id_val,fixed_c1,1.0,,0.0065190792083740234,0.88,0.88,0.8784755979000584,0.8920863309352518,0.9426559999999999,0.9109348259911781,full_v4_features,39,39,0,,ksf-v4-idsplit::
classical_ext,svc,4,matern25_med_x0.3__svc__d4,matern25_med_x0.3,id_test,fixed_c1,1.0,,0.0065190792083740234,0.912,0.9119999999999999,0.9115414307771488,0.917910447761194,0.979776,0.9777767959447222,full_v4_features,39,39,0,,ksf-v4-idsplit::
classical_ext,svc,4,matern25_med_x0.3__svc__d4,matern25_med_x0.3,ood_test,fixed_c1,1.0,,0.0065190792083740234,0.772,0.7711323381174099,0.7604035308953342,0.8131147540983606,0.8958863341813469,0.8336753383357435,full_v4_features,39,39,0,,ksf-v4-idsplit::
classical_ext,svc,4,matern25_med_x3__svc__d4,matern25_med_x3,id_val,fixed_c1,1.0,,0.007997512817382812,0.852,0.852,0.8490412076703386,0.8701754385964913,0.8472959999999999,0.7375077713513097,full_v4_features,39,39,0,,ksf-v4-idsplit::
classical_ext,svc,4,matern25_med_x3__svc__d4,matern25_med_x3,id_test,fixed_c1,1.0,,0.007997512817382812,0.888,0.888,0.887125902992776,0.8970588235294118,0.883008,0.8014928579990577,full_v4_features,39,39,0,,ksf-v4-idsplit::
classical_ext,svc,4,matern25_med_x3__svc__d4,matern25_med_x3,ood_test,fixed_c1,1.0,,0.007997512817382812,0.71,0.7089793436694987,0.6893198890979135,0.7694753577106518,0.6836269380310085,0.5808600449196607,full_v4_features,39,39,0,,ksf-v4-idsplit::
classical_ext,svc,4,matern25_med_x10__svc__d4,matern25_med_x10,id_val,fixed_c1,1.0,,0.009998798370361328,0.836,0.8360000000000001,0.8348345928874137,0.8487084870848709,0.875392,0.8028598531081574,full_v4_features,39,39,0,,ksf-v4-idsplit::
classical_ext,svc,4,matern25_med_x10__svc__d4,matern25_med_x10,id_test,fixed_c1,1.0,,0.009998798370361328,0.832,0.832,0.8319569809871327,0.8346456692913385,0.9133439999999999,0.8718882444765239,full_v4_features,39,39,0,,ksf-v4-idsplit::
classical_ext,svc,4,matern25_med_x10__svc__d4,matern25_med_x10,ood_test,fixed_c1,1.0,,0.009998798370361328,0.714,0.7132514120225923,0.7032887228965661,0.7596638655462185,0.7469399510392165,0.6306161752436799,full_v4_features,39,39,0,,ksf-v4-idsplit::
quantum,svc,4,zz_r1_full__as0.5__svc__d4,zz_r1_full__as0.5,id_val,fixed_c1,1.0,,0.005549907684326172,0.872,0.872,0.870600414078675,0.8840579710144928,0.9352320000000001,0.9083837209047373,full_v4_features,39,39,0,,ksf-v4-idsplit::
quantum,svc,4,zz_r1_full__as0.5__svc__d4,zz_r1_full__as0.5,id_test,fixed_c1,1.0,,0.005549907684326172,0.908,0.9079999999999999,0.9075726157753452,0.9138576779026217,0.97664,0.9725119370315172,full_v4_features,39,39,0,,ksf-v4-idsplit::
quantum,svc,4,zz_r1_full__as0.5__svc__d4,zz_r1_full__as0.5,ood_test,fixed_c1,1.0,,0.005549907684326172,0.776,0.7751484023744379,0.7650375939849624,0.8157894736842105,0.8827821245139923,0.8207077393561726,full_v4_features,39,39,0,,ksf-v4-idsplit::
quantum,svc,4,zz_r2_full__as0.5__svc__d4,zz_r2_full__as0.5,id_val,fixed_c1,1.0,,0.007073163986206055,0.876,0.876,0.874941504897452,0.8864468864468864,0.937344,0.9104188422332725,full_v4_features,39,39,0,,ksf-v4-idsplit::
quantum,svc,4,zz_r2_full__as0.5__svc__d4,zz_r2_full__as0.5,id_test,fixed_c1,1.0,,0.007073163986206055,0.924,0.9239999999999999,0.9236469434665895,0.9288389513108615,0.983296,0.9834193204896455,full_v4_features,39,39,0,,ksf-v4-idsplit::
quantum,svc,4,zz_r2_full__as0.5__svc__d4,zz_r2_full__as0.5,ood_test,fixed_c1,1.0,,0.007073163986206055,0.788,0.7871805948895183,0.7784132717907553,0.8245033112582781,0.8740139842237475,0.80571754602463,full_v4_features,39,39,0,,ksf-v4-idsplit::
quantum,svc,4,pauli_xz_r1_full__as0.5__svc__d4,pauli_xz_r1_full__as0.5,id_val,fixed_c1,1.0,,0.005333662033081055,0.868,0.868,0.8656592467147579,0.8833922261484098,0.948096,0.9240014842173446,full_v4_features,39,39,0,,ksf-v4-idsplit::
quantum,svc,4,pauli_xz_r1_full__as0.5__svc__d4,pauli_xz_r1_full__as0.5,id_test,fixed_c1,1.0,,0.005333662033081055,0.912,0.9119999999999999,0.911313209494324,0.9191176470588235,0.972928,0.965591202770397,full_v4_features,39,39,0,,ksf-v4-idsplit::
quantum,svc,4,pauli_xz_r1_full__as0.5__svc__d4,pauli_xz_r1_full__as0.5,ood_test,fixed_c1,1.0,,0.005333662033081055,0.742,0.741011856189699,0.7248,0.7936,0.836109377750044,0.7242735160742577,full_v4_features,39,39,0,,ksf-v4-idsplit::
quantum,svc,4,zmap_r2__as0.5__svc__d4,zmap_r2__as0.5,id_val,fixed_c1,1.0,,0.009535789489746094,0.868,0.868,0.8656592467147579,0.8833922261484098,0.950592,0.9267345567960928,full_v4_features,39,39,0,,ksf-v4-idsplit::
quantum,svc,4,zmap_r2__as0.5__svc__d4,zmap_r2__as0.5,id_test,fixed_c1,1.0,,0.009535789489746094,0.912,0.9119999999999999,0.911313209494324,0.9191176470588235,0.977152,0.9706730803392731,full_v4_features,39,39,0,,ksf-v4-idsplit::
quantum,svc,4,zmap_r2__as0.5__svc__d4,zmap_r2__as0.5,ood_test,fixed_c1,1.0,,0.009535789489746094,0.742,0.741011856189699,0.7248,0.7936,0.8962863405814492,0.8228258034613924,full_v4_features,39,39,0,,ksf-v4-idsplit::
quantum,svc,4,zz_r1_full__svc__d4,zz_r1_full,id_val,fixed_c1,1.0,,0.006117105484008789,0.88,0.88,0.87906346749226,0.8897058823529411,0.929152,0.8904453896138645,full_v4_features,39,39,0,,ksf-v4-idsplit::
quantum,svc,4,zz_r1_full__svc__d4,zz_r1_full,id_test,fixed_c1,1.0,,0.006117105484008789,0.916,0.9159999999999999,0.9156965074267363,0.9207547169811321,0.979776,0.9786932445756565,full_v4_features,39,39,0,,ksf-v4-idsplit::
quantum,svc,4,zz_r1_full__svc__d4,zz_r1_full,ood_test,fixed_c1,1.0,,0.006117105484008789,0.78,0.7791644666314661,0.7696470154629677,0.8184818481848185,0.8943183090929455,0.8321901529928093,full_v4_features,39,39,0,,ksf-v4-idsplit::
quantum,svc,4,zz_r2_full__svc__d4,zz_r2_full,id_val,fixed_c1,1.0,,0.007838726043701172,0.868,0.868,0.8672331386086033,0.8773234200743495,0.922112,0.8766353500282079,full_v4_features,39,39,0,,ksf-v4-idsplit::
quantum,svc,4,zz_r2_full__svc__d4,zz_r2_full,id_test,fixed_c1,1.0,,0.007838726043701172,0.908,0.9079999999999999,0.9078806132748041,0.9111969111969112,0.974272,0.9699471988359671,full_v4_features,39,39,0,,ksf-v4-idsplit::
quantum,svc,4,zz_r2_full__svc__d4,zz_r2_full,ood_test,fixed_c1,1.0,,0.007838726043701172,0.802,0.8013328213251412,0.7961075069508805,0.8307692307692308,0.8880942095073522,0.8536518021788455,full_v4_features,39,39,0,,ksf-v4-idsplit::
quantum,svc,4,pauli_xz_r1_full__svc__d4,pauli_xz_r1_full,id_val,fixed_c1,1.0,,0.0072193145751953125,0.872,0.872,0.8701298701298701,0.8857142857142857,0.9468799999999999,0.9168937692936783,full_v4_features,39,39,0,,ksf-v4-idsplit::
quantum,svc,4,pauli_xz_r1_full__svc__d4,pauli_xz_r1_full,id_test,fixed_c1,1.0,,0.0072193145751953125,0.916,0.9159999999999999,0.9155119972963839,0.9219330855018587,0.97984,0.9779313128741007,full_v4_features,39,39,0,,ksf-v4-idsplit::
quantum,svc,4,pauli_xz_r1_full__svc__d4,pauli_xz_r1_full,ood_test,fixed_c1,1.0,,0.0072193145751953125,0.756,0.7550680810892975,0.7416086345075315,0.8025889967637541,0.8808780940495048,0.805254693867227,full_v4_features,39,39,0,,ksf-v4-idsplit::
quantum,svc,4,zmap_r2__svc__d4,zmap_r2,id_val,fixed_c1,1.0,,0.007013082504272461,0.856,0.856,0.8532863849765258,0.8732394366197183,0.940288,0.9127565183888023,full_v4_features,39,39,0,,ksf-v4-idsplit::
quantum,svc,4,zmap_r2__svc__d4,zmap_r2,id_test,fixed_c1,1.0,,0.007013082504272461,0.912,0.9119999999999999,0.911313209494324,0.9191176470588235,0.974144,0.9715193245725144,full_v4_features,39,39,0,,ksf-v4-idsplit::
quantum,svc,4,zmap_r2__svc__d4,zmap_r2,ood_test,fixed_c1,1.0,,0.007013082504272461,0.742,0.741011856189699,0.7248,0.7936,0.8844301508824142,0.8122647339321034,full_v4_features,39,39,0,,ksf-v4-idsplit::
quantum,svc,4,zz_r1_full__as2__svc__d4,zz_r1_full__as2,id_val,fixed_c1,1.0,,0.00799107551574707,0.868,0.868,0.8677439522916366,0.8735632183908046,0.9216639999999998,0.8624032996592852,full_v4_features,39,39,0,,ksf-v4-idsplit::
quantum,svc,4,zz_r1_full__as2__svc__d4,zz_r1_full__as2,id_test,fixed_c1,1.0,,0.00799107551574707,0.896,0.8959999999999999,0.8956728299948639,0.9015151515151515,0.9660799999999999,0.9578054469118218,full_v4_features,39,39,0,,ksf-v4-idsplit::
quantum,svc,4,zz_r1_full__as2__svc__d4,zz_r1_full__as2,ood_test,fixed_c1,1.0,,0.00799107551574707,0.776,0.7752604041664667,0.767792871241147,0.8114478114478114,0.8668938703019249,0.7906037568683085,full_v4_features,39,39,0,,ksf-v4-idsplit::
quantum,svc,4,zz_r2_full__as2__svc__d4,zz_r2_full__as2,id_val,fixed_c1,1.0,,0.008919715881347656,0.832,0.8320000000000001,0.8316120341266278,0.8396946564885496,0.903808,0.8898517580319487,full_v4_features,39,39,0,,ksf-v4-idsplit::
quantum,svc,4,zz_r2_full__as2__svc__d4,zz_r2_full__as2,id_test,fixed_c1,1.0,,0.008919715881347656,0.876,0.876,0.8759027077228547,0.8793774319066148,0.9377279999999999,0.9244696910924478,full_v4_features,39,39,0,,ksf-v4-idsplit::
quantum,svc,4,zz_r2_full__as2__svc__d4,zz_r2_full__as2,ood_test,fixed_c1,1.0,,0.008919715881347656,0.802,0.8015088241411863,0.7988058415402937,0.8241563055062167,0.8598217571481145,0.7800933129685335,full_v4_features,39,39,0,,ksf-v4-idsplit::
quantum,svc,4,pauli_xz_r1_full__as2__svc__d4,pauli_xz_r1_full__as2,id_val,fixed_c1,1.0,,0.007002115249633789,0.868,0.868,0.8661995815696005,0.8817204301075269,0.92736,0.8994910442015782,full_v4_features,39,39,0,,ksf-v4-idsplit::
quantum,svc,4,pauli_xz_r1_full__as2__svc__d4,pauli_xz_r1_full__as2,id_test,fixed_c1,1.0,,0.007002115249633789,0.912,0.9119999999999999,0.9115414307771488,0.917910447761194,0.950208,0.92758755812913,full_v4_features,39,39,0,,ksf-v4-idsplit::
quantum,svc,4,pauli_xz_r1_full__as2__svc__d4,pauli_xz_r1_full__as2,ood_test,fixed_c1,1.0,,0.007002115249633789,0.764,0.7631002096033537,0.7510590538556312,0.8078175895765473,0.8341253460055361,0.7627686133792073,full_v4_features,39,39,0,,ksf-v4-idsplit::
quantum,svc,4,zmap_r2__as2__svc__d4,zmap_r2__as2,id_val,fixed_c1,1.0,,0.006711721420288086,0.856,0.8560000000000001,0.855072463768116,0.8666666666666667,0.9126400000000001,0.8728677899783697,full_v4_features,39,39,0,,ksf-v4-idsplit::
quantum,svc,4,zmap_r2__as2__svc__d4,zmap_r2__as2,id_test,fixed_c1,1.0,,0.006711721420288086,0.876,0.876,0.8755519871537536,0.8830188679245283,0.9543039999999999,0.9375361380006856,full_v4_features,39,39,0,,ksf-v4-idsplit::
quantum,svc,4,zmap_r2__as2__svc__d4,zmap_r2__as2,ood_test,fixed_c1,1.0,,0.006711721420288086,0.768,0.767164274628394,0.7570823072154931,0.8085808580858086,0.8625738011808188,0.790628503018455,full_v4_features,39,39,0,,ksf-v4-idsplit::
classical_ext,svc,6,linear__svc__d6,linear,id_val,fixed_c1,1.0,,0.008054733276367188,0.832,0.8320000000000001,0.8314714946070878,0.8409090909090909,0.863936,0.7678638734760339,full_v4_features,39,39,0,,ksf-v4-idsplit::
classical_ext,svc,6,linear__svc__d6,linear,id_test,fixed_c1,1.0,,0.008054733276367188,0.836,0.836,0.8359973759580153,0.8353413654618473,0.88768,0.8281656486777127,full_v4_features,39,39,0,,ksf-v4-idsplit::
classical_ext,svc,6,linear__svc__d6,linear,ood_test,fixed_c1,1.0,,0.008054733276367188,0.742,0.7414438631018097,0.7366906298605073,0.7740805604203153,0.7939807036912592,0.6768717751700352,full_v4_features,39,39,0,,ksf-v4-idsplit::
classical_ext,svc,6,rbf_gscale__svc__d6,rbf_gscale,id_val,fixed_c1,1.0,,0.005889177322387695,0.868,0.868,0.8656592467147579,0.8833922261484098,0.948544,0.9190573378661705,full_v4_features,39,39,0,,ksf-v4-idsplit::
classical_ext,svc,6,rbf_gscale__svc__d6,rbf_gscale,id_test,fixed_c1,1.0,,0.005889177322387695,0.908,0.9079999999999999,0.907214664923916,0.9157509157509157,0.9702400000000001,0.9620534088085582,full_v4_features,39,39,0,,ksf-v4-idsplit::
classical_ext,svc,6,rbf_gscale__svc__d6,rbf_gscale,ood_test,fixed_c1,1.0,,0.005889177322387695,0.742,0.741011856189699,0.7248,0.7936,0.8565897054352869,0.7486585533867468,full_v4_features,39,39,0,,ksf-v4-idsplit::
classical_ext,svc,6,poly2__svc__d6,poly2,id_val,fixed_c1,1.0,,0.008997917175292969,0.852,0.852,0.8490412076703386,0.8701754385964913,0.8781439999999999,0.816329513771931,full_v4_features,39,39,0,,ksf-v4-idsplit::
classical_ext,svc,6,poly2__svc__d6,poly2,id_test,fixed_c1,1.0,,0.008997917175292969,0.9,0.9,0.898989898989899,0.9090909090909091,0.899328,0.8338723053690739,full_v4_features,39,39,0,,ksf-v4-idsplit::
classical_ext,svc,6,poly2__svc__d6,poly2,ood_test,fixed_c1,1.0,,0.008997917175292969,0.718,0.7169474711595385,0.6965274997740099,0.7772511848341233,0.7364117825885214,0.6403106249187708,full_v4_features,39,39,0,,ksf-v4-idsplit::
classical_ext,svc,6,poly3__svc__d6,poly3,id_val,fixed_c1,1.0,,0.007489919662475586,0.856,0.856,0.8529507875302268,0.8741258741258742,0.901568,0.8474524163063986,full_v4_features,39,39,0,,ksf-v4-idsplit::
classical_ext,svc,6,poly3__svc__d6,poly3,id_test,fixed_c1,1.0,,0.007489919662475586,0.9,0.9,0.898989898989899,0.9090909090909091,0.9013120000000001,0.8122593224835616,full_v4_features,39,39,0,,ksf-v4-idsplit::
classical_ext,svc,6,poly3__svc__d6,poly3,ood_test,fixed_c1,1.0,,0.007489919662475586,0.722,0.7209315349045584,0.7001402221982527,0.7811023622047244,0.7462199395190324,0.6202298709957466,full_v4_features,39,39,0,,ksf-v4-idsplit::
classical_ext,svc,6,laplacian_med__svc__d6,laplacian_med,id_val,fixed_c1,1.0,,0.005533456802368164,0.864,0.864,0.8614371413667188,0.8802816901408451,0.940736,0.8947137241595647,full_v4_features,39,39,0,,ksf-v4-idsplit::
classical_ext,svc,6,laplacian_med__svc__d6,laplacian_med,id_test,fixed_c1,1.0,,0.005533456802368164,0.908,0.9079999999999999,0.9073462350344028,0.915129151291513,0.9623680000000001,0.9210582235355517,full_v4_features,39,39,0,,ksf-v4-idsplit::
classical_ext,svc,6,laplacian_med__svc__d6,laplacian_med,ood_test,fixed_c1,1.0,,0.005533456802368164,0.742,0.741011856189699,0.7248,0.7936,0.8945903134450152,0.8145575001423471,full_v4_features,39,39,0,,ksf-v4-idsplit::
classical_ext,svc,6,matern15_med__svc__d6,matern15_med,id_val,fixed_c1,1.0,,0.0060155391693115234,0.864,0.864,0.8614371413667188,0.8802816901408451,0.942016,0.9095184454819437,full_v4_features,39,39,0,,ksf-v4-idsplit::
classical_ext,svc,6,matern15_med__svc__d6,matern15_med,id_test,fixed_c1,1.0,,0.0060155391693115234,0.908,0.9079999999999999,0.907214664923916,0.9157509157509157,0.9688320000000001,0.9555558384893788,full_v4_features,39,39,0,,ksf-v4-idsplit::
classical_ext,svc,6,matern15_med__svc__d6,matern15_med,ood_test,fixed_c1,1.0,,0.0060155391693115234,0.742,0.741011856189699,0.7248,0.7936,0.8585737371797949,0.7558992346670267,full_v4_features,39,39,0,,ksf-v4-idsplit::
classical_ext,svc,6,matern25_med__svc__d6,matern25_med,id_val,fixed_c1,1.0,,0.004999399185180664,0.864,0.864,0.8614371413667188,0.8802816901408451,0.940608,0.9052410077778381,full_v4_features,39,39,0,,ksf-v4-idsplit::
classical_ext,svc,6,matern25_med__svc__d6,matern25_med,id_test,fixed_c1,1.0,,0.004999399185180664,0.908,0.9079999999999999,0.907214664923916,0.9157509157509157,0.9557760000000001,0.9335289856752984,full_v4_features,39,39,0,,ksf-v4-idsplit::
classical_ext,svc,6,matern25_med__svc__d6,matern25_med,ood_test,fixed_c1,1.0,,0.004999399185180664,0.742,0.741011856189699,0.7248,0.7936,0.8172610761772188,0.7004615243980291,full_v4_features,39,39,0,,ksf-v4-idsplit::
classical_ext,svc,6,rbf_gscale_x0.1__svc__d6,rbf_gscale_x0.1,id_val,fixed_c1,1.0,,0.006514787673950195,0.832,0.8320000000000001,0.8309178743961353,0.8444444444444444,0.860992,0.7677819976710406,full_v4_features,39,39,0,,ksf-v4-idsplit::
classical_ext,svc,6,rbf_gscale_x0.1__svc__d6,rbf_gscale_x0.1,id_test,fixed_c1,1.0,,0.006514787673950195,0.84,0.84,0.8399077868852459,0.84375,0.888256,0.8165179045247211,full_v4_features,39,39,0,,ksf-v4-idsplit::
classical_ext,svc,6,rbf_gscale_x0.1__svc__d6,rbf_gscale_x0.1,ood_test,fixed_c1,1.0,,0.006514787673950195,0.714,0.7132674122785965,0.7037509685064491,0.7588532883642496,0.6865709851357622,0.5872041712413081,full_v4_features,39,39,0,,ksf-v4-idsplit::
classical_ext,svc,6,rbf_gscale_x0.3__svc__d6,rbf_gscale_x0.3,id_val,fixed_c1,1.0,,0.006461381912231445,0.856,0.856,0.8529507875302268,0.8741258741258742,0.907008,0.8625278299769696,full_v4_features,39,39,0,,ksf-v4-idsplit::
classical_ext,svc,6,rbf_gscale_x0.3__svc__d6,rbf_gscale_x0.3,id_test,fixed_c1,1.0,,0.006461381912231445,0.9,0.9,0.898989898989899,0.9090909090909091,0.9059200000000001,0.8246053802628948,full_v4_features,39,39,0,,ksf-v4-idsplit::
classical_ext,svc,6,rbf_gscale_x0.3__svc__d6,rbf_gscale_x0.3,ood_test,fixed_c1,1.0,,0.006461381912231445,0.722,0.7209315349045584,0.7001402221982527,0.7811023622047244,0.7249875998015968,0.6003297306543197,full_v4_features,39,39,0,,ksf-v4-idsplit::
classical_ext,svc,6,rbf_gscale_x3__svc__d6,rbf_gscale_x3,id_val,fixed_c1,1.0,,0.006388425827026367,0.872,0.872,0.8701298701298701,0.8857142857142857,0.946688,0.92372358446888,full_v4_features,39,39,0,,ksf-v4-idsplit::
classical_ext,svc,6,rbf_gscale_x3__svc__d6,rbf_gscale_x3,id_test,fixed_c1,1.0,,0.006388425827026367,0.916,0.9159999999999999,0.9155119972963839,0.9219330855018587,0.981568,0.9792688526869455,full_v4_features,39,39,0,,ksf-v4-idsplit::
classical_ext,svc,6,rbf_gscale_x3__svc__d6,rbf_gscale_x3,ood_test,fixed_c1,1.0,,0.006388425827026367,0.748,0.7470359525752412,0.7320471596998928,0.797427652733119,0.8981103697659163,0.8268402833523216,full_v4_features,39,39,0,,ksf-v4-idsplit::
classical_ext,svc,6,rbf_gscale_x10__svc__d6,rbf_gscale_x10,id_val,fixed_c1,1.0,,0.010187864303588867,0.876,0.876,0.874941504897452,0.8864468864468864,0.93792,0.9075649213131529,full_v4_features,39,39,0,,ksf-v4-idsplit::
classical_ext,svc,6,rbf_gscale_x10__svc__d6,rbf_gscale_x10,id_test,fixed_c1,1.0,,0.010187864303588867,0.916,0.9159999999999999,0.9156097796209673,0.9213483146067416,0.970496,0.9575540220824694,full_v4_features,39,39,0,,ksf-v4-idsplit::
classical_ext,svc,6,rbf_gscale_x10__svc__d6,rbf_gscale_x10,ood_test,fixed_c1,1.0,,0.010187864303588867,0.78,0.7792284676554825,0.7712108354548328,0.8160535117056856,0.9003184050944816,0.8457842376355813,full_v4_features,39,39,0,,ksf-v4-idsplit::
classical_ext,svc,6,laplacian_med_x0.1__svc__d6,laplacian_med_x0.1,id_val,fixed_c1,1.0,,0.011279582977294922,0.892,0.8919999999999999,0.8916097952629466,0.8981132075471698,0.94752,0.9377269458074137,full_v4_features,39,39,0,,ksf-v4-idsplit::
classical_ext,svc,6,laplacian_med_x0.1__svc__d6,laplacian_med_x0.1,id_test,fixed_c1,1.0,,0.011279582977294922,0.92,0.9199999999999999,0.919953893442623,0.921875,0.979456,0.9792392668943665,full_v4_features,39,39,0,,ksf-v4-idsplit::
classical_ext,svc,6,laplacian_med_x0.1__svc__d6,laplacian_med_x0.1,ood_test,fixed_c1,1.0,,0.011279582977294922,0.814,0.8134130146082337,0.8097186700767263,0.8382608695652174,0.9186226979631674,0.8715000545691722,full_v4_features,39,39,0,,ksf-v4-idsplit::
classical_ext,svc,6,laplacian_med_x0.3__svc__d6,laplacian_med_x0.3,id_val,fixed_c1,1.0,,0.007486820220947266,0.884,0.884,0.8830097949040681,0.8937728937728938,0.942912,0.9108070592332468,full_v4_features,39,39,0,,ksf-v4-idsplit::
classical_ext,svc,6,laplacian_med_x0.3__svc__d6,laplacian_med_x0.3,id_test,fixed_c1,1.0,,0.007486820220947266,0.916,0.9159999999999999,0.9156097796209673,0.9213483146067416,0.96928,0.9397828418217251,full_v4_features,39,39,0,,ksf-v4-idsplit::
classical_ext,svc,6,laplacian_med_x0.3__svc__d6,laplacian_med_x0.3,ood_test,fixed_c1,1.0,,0.007486820220947266,0.784,0.7832445319125105,0.7757326068177288,0.8187919463087249,0.9136626186018976,0.8649044373083558,full_v4_features,39,39,0,,ksf-v4-idsplit::
classical_ext,svc,6,laplacian_med_x3__svc__d6,laplacian_med_x3,id_val,fixed_c1,1.0,,0.0060002803802490234,0.86,0.86,0.8572011423908609,0.8771929824561403,0.935424,0.8850525629441511,full_v4_features,39,39,0,,ksf-v4-idsplit::
classical_ext,svc,6,laplacian_med_x3__svc__d6,laplacian_med_x3,id_test,fixed_c1,1.0,,0.0060002803802490234,0.908,0.9079999999999999,0.907214664923916,0.9157509157509157,0.945408,0.8969301938037748,full_v4_features,39,39,0,,ksf-v4-idsplit::
classical_ext,svc,6,laplacian_med_x3__svc__d6,laplacian_med_x3,ood_test,fixed_c1,1.0,,0.0060002803802490234,0.742,0.741011856189699,0.7248,0.7936,0.8706219299508793,0.7695187599061614,full_v4_features,39,39,0,,ksf-v4-idsplit::
classical_ext,svc,6,laplacian_med_x10__svc__d6,laplacian_med_x10,id_val,fixed_c1,1.0,,0.006030082702636719,0.852,0.852,0.8486856095925144,0.8710801393728222,0.8984319999999999,0.8165887629270998,full_v4_features,39,39,0,,ksf-v4-idsplit::
classical_ext,svc,6,laplacian_med_x10__svc__d6,laplacian_med_x10,id_test,fixed_c1,1.0,,0.006030082702636719,0.9,0.9,0.898989898989899,0.9090909090909091,0.927552,0.8539327372121035,full_v4_features,39,39,0,,ksf-v4-idsplit::
classical_ext,svc,6,laplacian_med_x10__svc__d6,laplacian_med_x10,ood_test,fixed_c1,1.0,,0.006030082702636719,0.722,0.7209315349045584,0.7001402221982527,0.7811023622047244,0.8151490423846782,0.6982214524065495,full_v4_features,39,39,0,,ksf-v4-idsplit::
classical_ext,svc,6,matern15_med_x0.1__svc__d6,matern15_med_x0.1,id_val,fixed_c1,1.0,,0.007526397705078125,0.888,0.8879999999999999,0.8874163664436439,0.8955223880597015,0.923968,0.9082226461962049,full_v4_features,39,39,0,,ksf-v4-idsplit::
classical_ext,svc,6,matern15_med_x0.1__svc__d6,matern15_med_x0.1,id_test,fixed_c1,1.0,,0.007526397705078125,0.916,0.9159999999999999,0.9158370605492233,0.9195402298850575,0.979008,0.9789993317897269,full_v4_features,39,39,0,,ksf-v4-idsplit::
classical_ext,svc,6,matern15_med_x0.1__svc__d6,matern15_med_x0.1,ood_test,fixed_c1,1.0,,0.007526397705078125,0.798,0.7973487575801212,0.792275956250437,0.8267581475128645,0.9002544040704652,0.8289819399753289,full_v4_features,39,39,0,,ksf-v4-idsplit::
classical_ext,svc,6,matern15_med_x0.3__svc__d6,matern15_med_x0.3,id_val,fixed_c1,1.0,,0.0060002803802490234,0.876,0.876,0.8747474747474748,0.8872727272727273,0.93248,0.8961979868326949,full_v4_features,39,39,0,,ksf-v4-idsplit::
classical_ext,svc,6,matern15_med_x0.3__svc__d6,matern15_med_x0.3,id_test,fixed_c1,1.0,,0.0060002803802490234,0.916,0.9159999999999999,0.9156097796209673,0.9213483146067416,0.970688,0.9557243581400579,full_v4_features,39,39,0,,ksf-v4-idsplit::
classical_ext,svc,6,matern15_med_x0.3__svc__d6,matern15_med_x0.3,ood_test,fixed_c1,1.0,,0.0060002803802490234,0.774,0.7732043712699403,0.7643860066138723,0.8119800332778702,0.9043984703755259,0.8442767196365477,full_v4_features,39,39,0,,ksf-v4-idsplit::
classical_ext,svc,6,matern15_med_x3__svc__d6,matern15_med_x3,id_val,fixed_c1,1.0,,0.0070002079010009766,0.856,0.856,0.8529507875302268,0.8741258741258742,0.883968,0.8234583478120473,full_v4_features,39,39,0,,ksf-v4-idsplit::
classical_ext,svc,6,matern15_med_x3__svc__d6,matern15_med_x3,id_test,fixed_c1,1.0,,0.0070002079010009766,0.9,0.9,0.898989898989899,0.9090909090909091,0.8960640000000001,0.8099873138162976,full_v4_features,39,39,0,,ksf-v4-idsplit::
classical_ext,svc,6,matern15_med_x3__svc__d6,matern15_med_x3,ood_test,fixed_c1,1.0,,0.0070002079010009766,0.718,0.7169474711595385,0.6965274997740099,0.7772511848341233,0.7399318389094226,0.6267779190968871,full_v4_features,39,39,0,,ksf-v4-idsplit::
classical_ext,svc,6,matern15_med_x10__svc__d6,matern15_med_x10,id_val,fixed_c1,1.0,,0.007999420166015625,0.828,0.8280000000000001,0.8270007563687861,0.8401486988847584,0.86752,0.784639373948997,full_v4_features,39,39,0,,ksf-v4-idsplit::
classical_ext,svc,6,matern15_med_x10__svc__d6,matern15_med_x10,id_test,fixed_c1,1.0,,0.007999420166015625,0.832,0.832,0.8319569809871327,0.8346456692913385,0.9092480000000001,0.855334190059414,full_v4_features,39,39,0,,ksf-v4-idsplit::
classical_ext,svc,6,matern15_med_x10__svc__d6,matern15_med_x10,ood_test,fixed_c1,1.0,,0.007999420166015625,0.712,0.7112753804060865,0.7019077901430844,0.7567567567567568,0.7090513448215171,0.6041600691147924,full_v4_features,39,39,0,,ksf-v4-idsplit::
classical_ext,svc,6,matern25_med_x0.1__svc__d6,matern25_med_x0.1,id_val,fixed_c1,1.0,,0.0070018768310546875,0.888,0.8879999999999999,0.8874163664436439,0.8955223880597015,0.920704,0.9030612681524591,full_v4_features,39,39,0,,ksf-v4-idsplit::
classical_ext,svc,6,matern25_med_x0.1__svc__d6,matern25_med_x0.1,id_test,fixed_c1,1.0,,0.0070018768310546875,0.912,0.9119999999999999,0.9117967797806146,0.916030534351145,0.9787520000000001,0.9785893553515409,full_v4_features,39,39,0,,ksf-v4-idsplit::
classical_ext,svc,6,matern25_med_x0.1__svc__d6,matern25_med_x0.1,ood_test,fixed_c1,1.0,,0.0070018768310546875,0.798,0.7973487575801212,0.792275956250437,0.8267581475128645,0.8971823549176786,0.8214320610766075,full_v4_features,39,39,0,,ksf-v4-idsplit::
classical_ext,svc,6,matern25_med_x0.3__svc__d6,matern25_med_x0.3,id_val,fixed_c1,1.0,,0.005000114440917969,0.88,0.88,0.8786878881987578,0.8913043478260869,0.93824,0.9056443026625927,full_v4_features,39,39,0,,ksf-v4-idsplit::
classical_ext,svc,6,matern25_med_x0.3__svc__d6,matern25_med_x0.3,id_test,fixed_c1,1.0,,0.005000114440917969,0.912,0.9119999999999999,0.9115414307771488,0.917910447761194,0.970816,0.957988980284507,full_v4_features,39,39,0,,ksf-v4-idsplit::
classical_ext,svc,6,matern25_med_x0.3__svc__d6,matern25_med_x0.3,ood_test,fixed_c1,1.0,,0.005000114440917969,0.772,0.771164338629418,0.7612705432979847,0.8118811881188119,0.9020944335109362,0.8447689511832515,full_v4_features,39,39,0,,ksf-v4-idsplit::
classical_ext,svc,6,matern25_med_x3__svc__d6,matern25_med_x3,id_val,fixed_c1,1.0,,0.007008075714111328,0.836,0.8360000000000001,0.8348345928874137,0.8487084870848709,0.860096,0.768670385024796,full_v4_features,39,39,0,,ksf-v4-idsplit::
classical_ext,svc,6,matern25_med_x3__svc__d6,matern25_med_x3,id_test,fixed_c1,1.0,,0.007008075714111328,0.848,0.848,0.847844192453072,0.8527131782945736,0.888576,0.8215429211746976,full_v4_features,39,39,0,,ksf-v4-idsplit::
classical_ext,svc,6,matern25_med_x3__svc__d6,matern25_med_x3,ood_test,fixed_c1,1.0,,0.007008075714111328,0.716,0.7152274436390982,0.7046539875871479,0.7625418060200669,0.6882030112481798,0.5929425984879144,full_v4_features,39,39,0,,ksf-v4-idsplit::
classical_ext,svc,6,matern25_med_x10__svc__d6,matern25_med_x10,id_val,fixed_c1,1.0,,0.008541107177734375,0.828,0.8280000000000001,0.8270007563687861,0.8401486988847584,0.917504,0.8964706506795277,full_v4_features,39,39,0,,ksf-v4-idsplit::
classical_ext,svc,6,matern25_med_x10__svc__d6,matern25_med_x10,id_test,fixed_c1,1.0,,0.008541107177734375,0.832,0.832,0.8319569809871327,0.8346456692913385,0.932416,0.9106967884372456,full_v4_features,39,39,0,,ksf-v4-idsplit::
classical_ext,svc,6,matern25_med_x10__svc__d6,matern25_med_x10,ood_test,fixed_c1,1.0,,0.008541107177734375,0.714,0.7132674122785965,0.7037509685064491,0.7588532883642496,0.8488615817853086,0.7682615736468639,full_v4_features,39,39,0,,ksf-v4-idsplit::
quantum,svc,6,zz_r1_full__as0.5__svc__d6,zz_r1_full__as0.5,id_val,fixed_c1,1.0,,0.007282733917236328,0.88,0.88,0.87906346749226,0.8897058823529411,0.922048,0.8971040674112638,full_v4_features,39,39,0,,ksf-v4-idsplit::
quantum,svc,6,zz_r1_full__as0.5__svc__d6,zz_r1_full__as0.5,id_test,fixed_c1,1.0,,0.007282733917236328,0.916,0.9159999999999999,0.915772248159022,0.9201520912547528,0.979968,0.9781560841732514,full_v4_features,39,39,0,,ksf-v4-idsplit::
quantum,svc,6,zz_r1_full__as0.5__svc__d6,zz_r1_full__as0.5,ood_test,fixed_c1,1.0,,0.007282733917236328,0.782,0.7812364997839966,0.7734744857455182,0.8174204355108877,0.8942063073009168,0.8212917788328977,full_v4_features,39,39,0,,ksf-v4-idsplit::
quantum,svc,6,zz_r2_full__as0.5__svc__d6,zz_r2_full__as0.5,id_val,fixed_c1,1.0,,0.008510589599609375,0.88,0.88,0.87906346749226,0.8897058823529411,0.926528,0.9058875823365024,full_v4_features,39,39,0,,ksf-v4-idsplit::
quantum,svc,6,zz_r2_full__as0.5__svc__d6,zz_r2_full__as0.5,id_test,fixed_c1,1.0,,0.008510589599609375,0.912,0.9119999999999999,0.9118589743589743,0.9153846153846154,0.97632,0.9747670475607895,full_v4_features,39,39,0,,ksf-v4-idsplit::
quantum,svc,6,zz_r2_full__as0.5__svc__d6,zz_r2_full__as0.5,ood_test,fixed_c1,1.0,,0.008510589599609375,0.798,0.7973167570681131,0.7916933065490799,0.82793867120954,0.8968623497975968,0.826257165915932,full_v4_features,39,39,0,,ksf-v4-idsplit::
quantum,svc,6,pauli_xz_r1_full__as0.5__svc__d6,pauli_xz_r1_full__as0.5,id_val,fixed_c1,1.0,,0.0068433284759521484,0.868,0.868,0.8656592467147579,0.8833922261484098,0.952128,0.933778433593293,full_v4_features,39,39,0,,ksf-v4-idsplit::
quantum,svc,6,pauli_xz_r1_full__as0.5__svc__d6,pauli_xz_r1_full__as0.5,id_test,fixed_c1,1.0,,0.0068433284759521484,0.912,0.9119999999999999,0.911313209494324,0.9191176470588235,0.9747840000000001,0.9709349274061803,full_v4_features,39,39,0,,ksf-v4-idsplit::
quantum,svc,6,pauli_xz_r1_full__as0.5__svc__d6,pauli_xz_r1_full__as0.5,ood_test,fixed_c1,1.0,,0.0068433284759521484,0.742,0.741011856189699,0.7248,0.7936,0.8601897630362085,0.7503570677487181,full_v4_features,39,39,0,,ksf-v4-idsplit::
quantum,svc,6,zmap_r2__as0.5__svc__d6,zmap_r2__as0.5,id_val,fixed_c1,1.0,,0.0070095062255859375,0.868,0.868,0.8656592467147579,0.8833922261484098,0.950272,0.9353099491283077,full_v4_features,39,39,0,,ksf-v4-idsplit::
quantum,svc,6,zmap_r2__as0.5__svc__d6,zmap_r2__as0.5,id_test,fixed_c1,1.0,,0.0070095062255859375,0.912,0.9119999999999999,0.911313209494324,0.9191176470588235,0.975616,0.9716841613094661,full_v4_features,39,39,0,,ksf-v4-idsplit::
quantum,svc,6,zmap_r2__as0.5__svc__d6,zmap_r2__as0.5,ood_test,fixed_c1,1.0,,0.0070095062255859375,0.742,0.741011856189699,0.7248,0.7936,0.8992623881982111,0.8218599382676778,full_v4_features,39,39,0,,ksf-v4-idsplit::
quantum,svc,6,zz_r1_full__svc__d6,zz_r1_full,id_val,fixed_c1,1.0,,0.008001327514648438,0.876,0.876,0.874941504897452,0.8864468864468864,0.92832,0.8993169614083051,full_v4_features,39,39,0,,ksf-v4-idsplit::
quantum,svc,6,zz_r1_full__svc__d6,zz_r1_full,id_test,fixed_c1,1.0,,0.008001327514648438,0.916,0.9159999999999999,0.915772248159022,0.9201520912547528,0.979456,0.9797089640409816,full_v4_features,39,39,0,,ksf-v4-idsplit::
quantum,svc,6,zz_r1_full__svc__d6,zz_r1_full,ood_test,fixed_c1,1.0,,0.008001327514648438,0.782,0.7812685002960047,0.7741878011692513,0.8161888701517707,0.8941103057648923,0.8438568136107478,full_v4_features,39,39,0,,ksf-v4-idsplit::
quantum,svc,6,zz_r2_full__svc__d6,zz_r2_full,id_val,fixed_c1,1.0,,0.009959697723388672,0.884,0.884,0.8837749883774988,0.8888888888888888,0.92576,0.9011220737147545,full_v4_features,39,39,0,,ksf-v4-idsplit::
quantum,svc,6,zz_r2_full__svc__d6,zz_r2_full,id_test,fixed_c1,1.0,,0.009959697723388672,0.912,0.912,0.9119492827868853,0.9140625,0.968704,0.9707781428350659,full_v4_features,39,39,0,,ksf-v4-idsplit::
quantum,svc,6,zz_r2_full__svc__d6,zz_r2_full,ood_test,fixed_c1,1.0,,0.009959697723388672,0.818,0.8174610793772701,0.8144667039092477,0.8400702987697716,0.8930542888686219,0.836573689768949,full_v4_features,39,39,0,,ksf-v4-idsplit::
quantum,svc,6,pauli_xz_r1_full__svc__d6,pauli_xz_r1_full,id_val,fixed_c1,1.0,,0.004999637603759766,0.876,0.876,0.8743086978381096,0.8888888888888888,0.947584,0.9332687615871454,full_v4_features,39,39,0,,ksf-v4-idsplit::
quantum,svc,6,pauli_xz_r1_full__svc__d6,pauli_xz_r1_full,id_test,fixed_c1,1.0,,0.004999637603759766,0.912,0.9119999999999999,0.9115414307771488,0.917910447761194,0.981376,0.9792190356259437,full_v4_features,39,39,0,,ksf-v4-idsplit::
quantum,svc,6,pauli_xz_r1_full__svc__d6,pauli_xz_r1_full,ood_test,fixed_c1,1.0,,0.004999637603759766,0.764,0.7631002096033537,0.7510590538556312,0.8078175895765473,0.8869261908190531,0.8242035902643798,full_v4_features,39,39,0,,ksf-v4-idsplit::
quantum,svc,6,zmap_r2__svc__d6,zmap_r2,id_val,fixed_c1,1.0,,0.0070018768310546875,0.868,0.868,0.865938673036611,0.8825622775800712,0.939968,0.9224925111218132,full_v4_features,39,39,0,,ksf-v4-idsplit::
quantum,svc,6,zmap_r2__svc__d6,zmap_r2,id_test,fixed_c1,1.0,,0.0070018768310546875,0.912,0.9119999999999999,0.9114331723027376,0.9185185185185185,0.9735039999999999,0.9694286947211296,full_v4_features,39,39,0,,ksf-v4-idsplit::
quantum,svc,6,zmap_r2__svc__d6,zmap_r2,ood_test,fixed_c1,1.0,,0.0070018768310546875,0.752,0.7510680170882734,0.7373727104830647,0.7993527508090615,0.9006704107265717,0.8494362536863915,full_v4_features,39,39,0,,ksf-v4-idsplit::
quantum,svc,6,zz_r1_full__as2__svc__d6,zz_r1_full__as2,id_val,fixed_c1,1.0,,0.009615659713745117,0.864,0.864,0.8631239935587762,0.8740740740740741,0.923392,0.8893854583817,full_v4_features,39,39,0,,ksf-v4-idsplit::
quantum,svc,6,zz_r1_full__as2__svc__d6,zz_r1_full__as2,id_test,fixed_c1,1.0,,0.009615659713745117,0.884,0.884,0.8839981439703035,0.8844621513944223,0.970176,0.9717824007047929,full_v4_features,39,39,0,,ksf-v4-idsplit::
quantum,svc,6,zz_r1_full__as2__svc__d6,zz_r1_full__as2,ood_test,fixed_c1,1.0,,0.009615659713745117,0.778,0.777316437062993,0.7710688814549294,0.8109028960817717,0.8880462087393398,0.8299298613535976,full_v4_features,39,39,0,,ksf-v4-idsplit::
quantum,svc,6,zz_r2_full__as2__svc__d6,zz_r2_full__as2,id_val,fixed_c1,1.0,,0.014004230499267578,0.84,0.84,0.8399590295115549,0.84251968503937,0.9265920000000001,0.9036496860105702,full_v4_features,39,39,0,,ksf-v4-idsplit::
quantum,svc,6,zz_r2_full__as2__svc__d6,zz_r2_full__as2,id_test,fixed_c1,1.0,,0.014004230499267578,0.896,0.896,0.8959933435739887,0.8968253968253969,0.948736,0.9543126777444609,full_v4_features,39,39,0,,ksf-v4-idsplit::
quantum,svc,6,zz_r2_full__as2__svc__d6,zz_r2_full__as2,ood_test,fixed_c1,1.0,,0.014004230499267578,0.782,0.7815405046480743,0.7789217058320048,0.8050089445438283,0.8888942223075569,0.8673162229284359,full_v4_features,39,39,0,,ksf-v4-idsplit::
quantum,svc,6,pauli_xz_r1_full__as2__svc__d6,pauli_xz_r1_full__as2,id_val,fixed_c1,1.0,,0.008352518081665039,0.868,0.868,0.8664421816062553,0.8808664259927798,0.922624,0.8896868649350445,full_v4_features,39,39,0,,ksf-v4-idsplit::
quantum,svc,6,pauli_xz_r1_full__as2__svc__d6,pauli_xz_r1_full__as2,id_test,fixed_c1,1.0,,0.008352518081665039,0.908,0.9079999999999999,0.9075726157753452,0.9138576779026217,0.9575680000000001,0.9238614445971095,full_v4_features,39,39,0,,ksf-v4-idsplit::
quantum,svc,6,pauli_xz_r1_full__as2__svc__d6,pauli_xz_r1_full__as2,ood_test,fixed_c1,1.0,,0.008352518081665039,0.774,0.7732203715259445,0.7647783712671576,0.8113522537562604,0.8772300356805709,0.7900097496381127,full_v4_features,39,39,0,,ksf-v4-idsplit::
quantum,svc,6,zmap_r2__as2__svc__d6,zmap_r2__as2,id_val,fixed_c1,1.0,,0.00696563720703125,0.864,0.864,0.862734965441509,0.8759124087591241,0.9224319999999999,0.8767738462733775,full_v4_features,39,39,0,,ksf-v4-idsplit::
quantum,svc,6,zmap_r2__as2__svc__d6,zmap_r2__as2,id_test,fixed_c1,1.0,,0.00696563720703125,0.904,0.9039999999999999,0.9036051667630616,0.9097744360902256,0.9520639999999999,0.927843156159193,full_v4_features,39,39,0,,ksf-v4-idsplit::
quantum,svc,6,zmap_r2__as2__svc__d6,zmap_r2__as2,ood_test,fixed_c1,1.0,,0.00696563720703125,0.776,0.7752284036544586,0.7670510324631026,0.8127090301003345,0.8706859309748957,0.7785445818447675,full_v4_features,39,39,0,,ksf-v4-idsplit::
classical_ext,svc,8,linear__svc__d8,linear,id_val,fixed_c1,1.0,,0.00800013542175293,0.832,0.8320000000000001,0.8311245496654658,0.8432835820895522,0.836672,0.7099136994044855,full_v4_features,39,39,0,,ksf-v4-idsplit::
classical_ext,svc,8,linear__svc__d8,linear,id_test,fixed_c1,1.0,,0.00800013542175293,0.84,0.84,0.84,0.84,0.8784639999999999,0.7775520501074547,full_v4_features,39,39,0,,ksf-v4-idsplit::
classical_ext,svc,8,linear__svc__d8,linear,ood_test,fixed_c1,1.0,,0.00800013542175293,0.74,0.7393398294372711,0.7324486301369864,0.7773972602739726,0.7522680362885806,0.6282852474941967,full_v4_features,39,39,0,,ksf-v4-idsplit::
classical_ext,svc,8,rbf_gscale__svc__d8,rbf_gscale,id_val,fixed_c1,1.0,,0.00700068473815918,0.868,0.868,0.8656592467147579,0.8833922261484098,0.9416320000000001,0.9213393670333065,full_v4_features,39,39,0,,ksf-v4-idsplit::
classical_ext,svc,8,rbf_gscale__svc__d8,rbf_gscale,id_test,fixed_c1,1.0,,0.00700068473815918,0.908,0.9079999999999999,0.907214664923916,0.9157509157509157,0.9636480000000001,0.9499962968304398,full_v4_features,39,39,0,,ksf-v4-idsplit::
classical_ext,svc,8,rbf_gscale__svc__d8,rbf_gscale,ood_test,fixed_c1,1.0,,0.00700068473815918,0.742,0.741011856189699,0.7248,0.7936,0.8399974399590393,0.7276202214592854,full_v4_features,39,39,0,,ksf-v4-idsplit::
classical_ext,svc,8,poly2__svc__d8,poly2,id_val,fixed_c1,1.0,,0.0077972412109375,0.856,0.856,0.8529507875302268,0.8741258741258742,0.853632,0.7595569200560468,full_v4_features,39,39,0,,ksf-v4-idsplit::
classical_ext,svc,8,poly2__svc__d8,poly2,id_test,fixed_c1,1.0,,0.0077972412109375,0.892,0.892,0.8910780849106841,0.9010989010989011,0.889344,0.821172191787071,full_v4_features,39,39,0,,ksf-v4-idsplit::
classical_ext,svc,8,poly2__svc__d8,poly2,ood_test,fixed_c1,1.0,,0.0077972412109375,0.72,0.7189395030320485,0.6983330747616832,0.7791798107255521,0.7078033248531976,0.6124472363151499,full_v4_features,39,39,0,,ksf-v4-idsplit::
classical_ext,svc,8,poly3__svc__d8,poly3,id_val,fixed_c1,1.0,,0.0070002079010009766,0.856,0.856,0.8529507875302268,0.8741258741258742,0.88896,0.8325158058151124,full_v4_features,39,39,0,,ksf-v4-idsplit::
classical_ext,svc,8,poly3__svc__d8,poly3,id_test,fixed_c1,1.0,,0.0070002079010009766,0.9,0.9,0.898989898989899,0.9090909090909091,0.902144,0.8198811716704798,full_v4_features,39,39,0,,ksf-v4-idsplit::
classical_ext,svc,8,poly3__svc__d8,poly3,ood_test,fixed_c1,1.0,,0.0070002079010009766,0.722,0.7209315349045584,0.7001402221982527,0.7811023622047244,0.733179730875694,0.6199301042356525,full_v4_features,39,39,0,,ksf-v4-idsplit::
classical_ext,svc,8,laplacian_med__svc__d8,laplacian_med,id_val,fixed_c1,1.0,,0.006000518798828125,0.864,0.864,0.8614371413667188,0.8802816901408451,0.9454080000000001,0.919203995713956,full_v4_features,39,39,0,,ksf-v4-idsplit::
classical_ext,svc,8,laplacian_med__svc__d8,laplacian_med,id_test,fixed_c1,1.0,,0.006000518798828125,0.904,0.9039999999999999,0.903250773993808,0.9117647058823529,0.9624320000000001,0.9193730278334146,full_v4_features,39,39,0,,ksf-v4-idsplit::
classical_ext,svc,8,laplacian_med__svc__d8,laplacian_med,ood_test,fixed_c1,1.0,,0.006000518798828125,0.742,0.741011856189699,0.7248,0.7936,0.9078225251604026,0.8428716061327706,full_v4_features,39,39,0,,ksf-v4-idsplit::
classical_ext,svc,8,matern15_med__svc__d8,matern15_med,id_val,fixed_c1,1.0,,0.006013154983520508,0.864,0.864,0.8614371413667188,0.8802816901408451,0.940288,0.9037960088191932,full_v4_features,39,39,0,,ksf-v4-idsplit::
classical_ext,svc,8,matern15_med__svc__d8,matern15_med,id_test,fixed_c1,1.0,,0.006013154983520508,0.908,0.9079999999999999,0.907214664923916,0.9157509157509157,0.9680000000000001,0.9513618546598488,full_v4_features,39,39,0,,ksf-v4-idsplit::
classical_ext,svc,8,matern15_med__svc__d8,matern15_med,ood_test,fixed_c1,1.0,,0.006013154983520508,0.742,0.741011856189699,0.7248,0.7936,0.8476295620729931,0.7454745078755003,full_v4_features,39,39,0,,ksf-v4-idsplit::
classical_ext,svc,8,matern25_med__svc__d8,matern25_med,id_val,fixed_c1,1.0,,0.00599980354309082,0.864,0.864,0.8614371413667188,0.8802816901408451,0.932544,0.8921580319621629,full_v4_features,39,39,0,,ksf-v4-idsplit::
classical_ext,svc,8,matern25_med__svc__d8,matern25_med,id_test,fixed_c1,1.0,,0.00599980354309082,0.908,0.9079999999999999,0.907214664923916,0.9157509157509157,0.947136,0.8969261631881771,full_v4_features,39,39,0,,ksf-v4-idsplit::
classical_ext,svc,8,matern25_med__svc__d8,matern25_med,ood_test,fixed_c1,1.0,,0.00599980354309082,0.742,0.741011856189699,0.7248,0.7936,0.7894526312420999,0.6616429576989501,full_v4_features,39,39,0,,ksf-v4-idsplit::
classical_ext,svc,8,rbf_gscale_x0.1__svc__d8,rbf_gscale_x0.1,id_val,fixed_c1,1.0,,0.0075473785400390625,0.824,0.8240000000000001,0.8230828615542974,0.835820895522388,0.8648959999999999,0.7838661245791554,full_v4_features,39,39,0,,ksf-v4-idsplit::
classical_ext,svc,8,rbf_gscale_x0.1__svc__d8,rbf_gscale_x0.1,id_test,fixed_c1,1.0,,0.0075473785400390625,0.832,0.832,0.8319569809871327,0.8346456692913385,0.891904,0.8178914352199033,full_v4_features,39,39,0,,ksf-v4-idsplit::
classical_ext,svc,8,rbf_gscale_x0.1__svc__d8,rbf_gscale_x0.1,ood_test,fixed_c1,1.0,,0.0075473785400390625,0.712,0.7112913806620906,0.7023563455973543,0.7559322033898305,0.6896270340325446,0.5886725483562876,full_v4_features,39,39,0,,ksf-v4-idsplit::
classical_ext,svc,8,rbf_gscale_x0.3__svc__d8,rbf_gscale_x0.3,id_val,fixed_c1,1.0,,0.007013797760009766,0.856,0.856,0.8529507875302268,0.8741258741258742,0.8961280000000001,0.8461679405715389,full_v4_features,39,39,0,,ksf-v4-idsplit::
classical_ext,svc,8,rbf_gscale_x0.3__svc__d8,rbf_gscale_x0.3,id_test,fixed_c1,1.0,,0.007013797760009766,0.9,0.9,0.898989898989899,0.9090909090909091,0.908416,0.8273759123709719,full_v4_features,39,39,0,,ksf-v4-idsplit::
classical_ext,svc,8,rbf_gscale_x0.3__svc__d8,rbf_gscale_x0.3,ood_test,fixed_c1,1.0,,0.007013797760009766,0.722,0.7209315349045584,0.7001402221982527,0.7811023622047244,0.7291956671306741,0.6079443789619252,full_v4_features,39,39,0,,ksf-v4-idsplit::
classical_ext,svc,8,rbf_gscale_x3__svc__d8,rbf_gscale_x3,id_val,fixed_c1,1.0,,0.0063703060150146484,0.872,0.872,0.8698679159346736,0.8865248226950354,0.947648,0.9200018129199783,full_v4_features,39,39,0,,ksf-v4-idsplit::
classical_ext,svc,8,rbf_gscale_x3__svc__d8,rbf_gscale_x3,id_test,fixed_c1,1.0,,0.0063703060150146484,0.912,0.9119999999999999,0.911313209494324,0.9191176470588235,0.9752320000000001,0.967009376311672,full_v4_features,39,39,0,,ksf-v4-idsplit::
classical_ext,svc,8,rbf_gscale_x3__svc__d8,rbf_gscale_x3,ood_test,fixed_c1,1.0,,0.0063703060150146484,0.748,0.7470359525752412,0.7320471596998928,0.797427652733119,0.9093425494807917,0.8592044703816991,full_v4_features,39,39,0,,ksf-v4-idsplit::
classical_ext,svc,8,rbf_gscale_x10__svc__d8,rbf_gscale_x10,id_val,fixed_c1,1.0,,0.005998134613037109,0.864,0.864,0.8625129399585921,0.8768115942028986,0.929216,0.8811175516722499,full_v4_features,39,39,0,,ksf-v4-idsplit::
classical_ext,svc,8,rbf_gscale_x10__svc__d8,rbf_gscale_x10,id_test,fixed_c1,1.0,,0.005998134613037109,0.912,0.9119999999999999,0.9115414307771488,0.917910447761194,0.9656319999999999,0.9417821362708025,full_v4_features,39,39,0,,ksf-v4-idsplit::
classical_ext,svc,8,rbf_gscale_x10__svc__d8,rbf_gscale_x10,ood_test,fixed_c1,1.0,,0.005998134613037109,0.77,0.7691563065009039,0.7589613960955939,0.8105436573311368,0.9006064097025552,0.8512263487617874,full_v4_features,39,39,0,,ksf-v4-idsplit::
classical_ext,svc,8,laplacian_med_x0.1__svc__d8,laplacian_med_x0.1,id_val,fixed_c1,1.0,,0.012000799179077148,0.88,0.88,0.8792270531400965,0.8888888888888888,0.949632,0.9450348156741659,full_v4_features,39,39,0,,ksf-v4-idsplit::
classical_ext,svc,8,laplacian_med_x0.1__svc__d8,laplacian_med_x0.1,id_test,fixed_c1,1.0,,0.012000799179077148,0.916,0.9159999999999999,0.9158370605492233,0.9195402298850575,0.964608,0.9564717931499856,full_v4_features,39,39,0,,ksf-v4-idsplit::
classical_ext,svc,8,laplacian_med_x0.1__svc__d8,laplacian_med_x0.1,ood_test,fixed_c1,1.0,,0.012000799179077148,0.804,0.8033728539656635,0.7988505747126438,0.8310344827586207,0.917886686186979,0.8898673199310629,full_v4_features,39,39,0,,ksf-v4-idsplit::
classical_ext,svc,8,laplacian_med_x0.3__svc__d8,laplacian_med_x0.3,id_val,fixed_c1,1.0,,0.007531642913818359,0.868,0.868,0.8666666666666667,0.88,0.9412480000000001,0.9091917923844164,full_v4_features,39,39,0,,ksf-v4-idsplit::
classical_ext,svc,8,laplacian_med_x0.3__svc__d8,laplacian_med_x0.3,id_test,fixed_c1,1.0,,0.007531642913818359,0.92,0.9199999999999999,0.9196709723025512,0.924812030075188,0.9616,0.9101393147898493,full_v4_features,39,39,0,,ksf-v4-idsplit::
classical_ext,svc,8,laplacian_med_x0.3__svc__d8,laplacian_med_x0.3,ood_test,fixed_c1,1.0,,0.007531642913818359,0.78,0.7792284676554825,0.7712108354548328,0.8160535117056856,0.92105473687579,0.8780640331938838,full_v4_features,39,39,0,,ksf-v4-idsplit::
classical_ext,svc,8,laplacian_med_x3__svc__d8,laplacian_med_x3,id_val,fixed_c1,1.0,,0.006283283233642578,0.86,0.86,0.8572011423908609,0.8771929824561403,0.939648,0.9066662640795313,full_v4_features,39,39,0,,ksf-v4-idsplit::
classical_ext,svc,8,laplacian_med_x3__svc__d8,laplacian_med_x3,id_test,fixed_c1,1.0,,0.006283283233642578,0.908,0.9079999999999999,0.907214664923916,0.9157509157509157,0.952192,0.9047494738810753,full_v4_features,39,39,0,,ksf-v4-idsplit::
classical_ext,svc,8,laplacian_med_x3__svc__d8,laplacian_med_x3,ood_test,fixed_c1,1.0,,0.006283283233642578,0.742,0.741011856189699,0.7248,0.7936,0.870749931998912,0.7717072851916233,full_v4_features,39,39,0,,ksf-v4-idsplit::
classical_ext,svc,8,laplacian_med_x10__svc__d8,laplacian_med_x10,id_val,fixed_c1,1.0,,0.005272865295410156,0.852,0.852,0.8486856095925144,0.8710801393728222,0.892736,0.8105956976550649,full_v4_features,39,39,0,,ksf-v4-idsplit::
classical_ext,svc,8,laplacian_med_x10__svc__d8,laplacian_med_x10,id_test,fixed_c1,1.0,,0.005272865295410156,0.9,0.9,0.898989898989899,0.9090909090909091,0.923328,0.8451237079569893,full_v4_features,39,39,0,,ksf-v4-idsplit::
classical_ext,svc,8,laplacian_med_x10__svc__d8,laplacian_med_x10,ood_test,fixed_c1,1.0,,0.005272865295410156,0.722,0.7209315349045584,0.7001402221982527,0.7811023622047244,0.8089249427990848,0.6863468081108857,full_v4_features,39,39,0,,ksf-v4-idsplit::
classical_ext,svc,8,matern15_med_x0.1__svc__d8,matern15_med_x0.1,id_val,fixed_c1,1.0,,0.009026050567626953,0.876,0.876,0.8751188385246298,0.8856088560885609,0.939008,0.9221457425257034,full_v4_features,39,39,0,,ksf-v4-idsplit::
classical_ext,svc,8,matern15_med_x0.1__svc__d8,matern15_med_x0.1,id_test,fixed_c1,1.0,,0.009026050567626953,0.912,0.9119999999999999,0.9117967797806146,0.916030534351145,0.9508479999999999,0.9136193606926777,full_v4_features,39,39,0,,ksf-v4-idsplit::
classical_ext,svc,8,matern15_med_x0.1__svc__d8,matern15_med_x0.1,ood_test,fixed_c1,1.0,,0.009026050567626953,0.794,0.7933326933230932,0.7878694264236432,0.8239316239316239,0.8967023472375558,0.8469442493175986,full_v4_features,39,39,0,,ksf-v4-idsplit::
classical_ext,svc,8,matern15_med_x0.3__svc__d8,matern15_med_x0.3,id_val,fixed_c1,1.0,,0.006005764007568359,0.872,0.872,0.8703739710933955,0.8848920863309353,0.935104,0.8987639549878768,full_v4_features,39,39,0,,ksf-v4-idsplit::
classical_ext,svc,8,matern15_med_x0.3__svc__d8,matern15_med_x0.3,id_test,fixed_c1,1.0,,0.006005764007568359,0.916,0.9159999999999999,0.9155119972963839,0.9219330855018587,0.96032,0.9216991308530408,full_v4_features,39,39,0,,ksf-v4-idsplit::
classical_ext,svc,8,matern15_med_x0.3__svc__d8,matern15_med_x0.3,ood_test,fixed_c1,1.0,,0.006005764007568359,0.754,0.7531080497287956,0.7407590070437675,0.799347471451876,0.907198515176243,0.8653480769660036,full_v4_features,39,39,0,,ksf-v4-idsplit::
classical_ext,svc,8,matern15_med_x3__svc__d8,matern15_med_x3,id_val,fixed_c1,1.0,,0.007043361663818359,0.856,0.856,0.8529507875302268,0.8741258741258742,0.8851199999999999,0.8299260565222012,full_v4_features,39,39,0,,ksf-v4-idsplit::
classical_ext,svc,8,matern15_med_x3__svc__d8,matern15_med_x3,id_test,fixed_c1,1.0,,0.007043361663818359,0.9,0.9,0.898989898989899,0.9090909090909091,0.9028480000000001,0.8230482061926543,full_v4_features,39,39,0,,ksf-v4-idsplit::
classical_ext,svc,8,matern15_med_x3__svc__d8,matern15_med_x3,ood_test,fixed_c1,1.0,,0.007043361663818359,0.722,0.7209315349045584,0.7001402221982527,0.7811023622047244,0.7364757836125378,0.6279174059985735,full_v4_features,39,39,0,,ksf-v4-idsplit::
classical_ext,svc,8,matern15_med_x10__svc__d8,matern15_med_x10,id_val,fixed_c1,1.0,,0.0080718994140625,0.828,0.8280000000000001,0.8270007563687861,0.8401486988847584,0.8715519999999999,0.8172395762898766,full_v4_features,39,39,0,,ksf-v4-idsplit::
classical_ext,svc,8,matern15_med_x10__svc__d8,matern15_med_x10,id_test,fixed_c1,1.0,,0.0080718994140625,0.836,0.836,0.8359343737494997,0.8392156862745098,0.916096,0.8698754593267526,full_v4_features,39,39,0,,ksf-v4-idsplit::
classical_ext,svc,8,matern15_med_x10__svc__d8,matern15_med_x10,ood_test,fixed_c1,1.0,,0.0080718994140625,0.712,0.7112753804060865,0.7019077901430844,0.7567567567567568,0.7084113345813532,0.6005321785882688,full_v4_features,39,39,0,,ksf-v4-idsplit::
classical_ext,svc,8,matern25_med_x0.1__svc__d8,matern25_med_x0.1,id_val,fixed_c1,1.0,,0.009120464324951172,0.876,0.876,0.8751188385246298,0.8856088560885609,0.9329919999999999,0.9094458892324692,full_v4_features,39,39,0,,ksf-v4-idsplit::
classical_ext,svc,8,matern25_med_x0.1__svc__d8,matern25_med_x0.1,id_test,fixed_c1,1.0,,0.009120464324951172,0.912,0.9119999999999999,0.9117967797806146,0.916030534351145,0.9475199999999999,0.8951976253366655,full_v4_features,39,39,0,,ksf-v4-idsplit::
classical_ext,svc,8,matern25_med_x0.1__svc__d8,matern25_med_x0.1,ood_test,fixed_c1,1.0,,0.009120464324951172,0.8,0.7993567897086353,0.794472122198655,0.8281786941580757,0.8919822717163475,0.8257082261040621,full_v4_features,39,39,0,,ksf-v4-idsplit::
classical_ext,svc,8,matern25_med_x0.3__svc__d8,matern25_med_x0.3,id_val,fixed_c1,1.0,,0.0069997310638427734,0.876,0.876,0.8743086978381096,0.8888888888888888,0.9319040000000001,0.8905062069618991,full_v4_features,39,39,0,,ksf-v4-idsplit::
classical_ext,svc,8,matern25_med_x0.3__svc__d8,matern25_med_x0.3,id_test,fixed_c1,1.0,,0.0069997310638427734,0.916,0.9159999999999999,0.9155119972963839,0.9219330855018587,0.963264,0.9345158907897835,full_v4_features,39,39,0,,ksf-v4-idsplit::
classical_ext,svc,8,matern25_med_x0.3__svc__d8,matern25_med_x0.3,ood_test,fixed_c1,1.0,,0.0069997310638427734,0.756,0.7551000816013056,0.7426203777151441,0.8013029315960912,0.9087345397526361,0.8726587603297751,full_v4_features,39,39,0,,ksf-v4-idsplit::
classical_ext,svc,8,matern25_med_x3__svc__d8,matern25_med_x3,id_val,fixed_c1,1.0,,0.007512092590332031,0.832,0.8320000000000001,0.8309178743961353,0.8444444444444444,0.86496,0.785645053528279,full_v4_features,39,39,0,,ksf-v4-idsplit::
classical_ext,svc,8,matern25_med_x3__svc__d8,matern25_med_x3,id_test,fixed_c1,1.0,,0.007512092590332031,0.836,0.836,0.8359343737494997,0.8392156862745098,0.8944000000000001,0.8263559439659312,full_v4_features,39,39,0,,ksf-v4-idsplit::
classical_ext,svc,8,matern25_med_x3__svc__d8,matern25_med_x3,ood_test,fixed_c1,1.0,,0.007512092590332031,0.716,0.7152594441511064,0.7055945331807401,0.7609427609427609,0.6939631034096545,0.5930269635351679,full_v4_features,39,39,0,,ksf-v4-idsplit::
classical_ext,svc,8,matern25_med_x10__svc__d8,matern25_med_x10,id_val,fixed_c1,1.0,,0.007945060729980469,0.82,0.8200000000000001,0.8191638134735015,0.8314606741573034,0.915392,0.9061110347336844,full_v4_features,39,39,0,,ksf-v4-idsplit::
classical_ext,svc,8,matern25_med_x10__svc__d8,matern25_med_x10,id_test,fixed_c1,1.0,,0.007945060729980469,0.836,0.836,0.8359973759580153,0.8366533864541833,0.9208320000000001,0.9119741038790687,full_v4_features,39,39,0,,ksf-v4-idsplit::
classical_ext,svc,8,matern25_med_x10__svc__d8,matern25_med_x10,ood_test,fixed_c1,1.0,,0.007945060729980469,0.73,0.7293156690507048,0.7215702612289683,0.7700170357751278,0.8525736411782588,0.7711685135551639,full_v4_features,39,39,0,,ksf-v4-idsplit::
quantum,svc,8,zz_r1_full__as0.5__svc__d8,zz_r1_full__as0.5,id_val,fixed_c1,1.0,,0.00947880744934082,0.868,0.868,0.8664421816062553,0.8808664259927798,0.9196799999999999,0.8524443515803325,full_v4_features,39,39,0,,ksf-v4-idsplit::
quantum,svc,8,zz_r1_full__as0.5__svc__d8,zz_r1_full__as0.5,id_test,fixed_c1,1.0,,0.00947880744934082,0.924,0.9239999999999999,0.9237254114813328,0.9283018867924528,0.9385600000000001,0.8726515527011862,full_v4_features,39,39,0,,ksf-v4-idsplit::
quantum,svc,8,zz_r1_full__as0.5__svc__d8,zz_r1_full__as0.5,ood_test,fixed_c1,1.0,,0.00947880744934082,0.776,0.7752284036544586,0.7670510324631026,0.8127090301003345,0.8887822205155281,0.8328034905349774,full_v4_features,39,39,0,,ksf-v4-idsplit::
quantum,svc,8,zz_r2_full__as0.5__svc__d8,zz_r2_full__as0.5,id_val,fixed_c1,1.0,,0.010006189346313477,0.876,0.876,0.8754239603928566,0.8838951310861424,0.923264,0.8917371525337185,full_v4_features,39,39,0,,ksf-v4-idsplit::
quantum,svc,8,zz_r2_full__as0.5__svc__d8,zz_r2_full__as0.5,id_test,fixed_c1,1.0,,0.010006189346313477,0.904,0.9039999999999999,0.9038461538461539,0.9076923076923077,0.9464319999999999,0.9062139777734562,full_v4_features,39,39,0,,ksf-v4-idsplit::
quantum,svc,8,zz_r2_full__as0.5__svc__d8,zz_r2_full__as0.5,ood_test,fixed_c1,1.0,,0.010006189346313477,0.788,0.7873885982175715,0.7827120812082848,0.8166089965397924,0.8993263892222276,0.8614721917175642,full_v4_features,39,39,0,,ksf-v4-idsplit::
quantum,svc,8,pauli_xz_r1_full__as0.5__svc__d8,pauli_xz_r1_full__as0.5,id_val,fixed_c1,1.0,,0.007201433181762695,0.868,0.868,0.8656592467147579,0.8833922261484098,0.946624,0.9308909709339032,full_v4_features,39,39,0,,ksf-v4-idsplit::
quantum,svc,8,pauli_xz_r1_full__as0.5__svc__d8,pauli_xz_r1_full__as0.5,id_test,fixed_c1,1.0,,0.007201433181762695,0.908,0.9079999999999999,0.907214664923916,0.9157509157509157,0.9692800000000001,0.9629732970895329,full_v4_features,39,39,0,,ksf-v4-idsplit::
quantum,svc,8,pauli_xz_r1_full__as0.5__svc__d8,pauli_xz_r1_full__as0.5,ood_test,fixed_c1,1.0,,0.007201433181762695,0.742,0.741011856189699,0.7248,0.7936,0.8598057568921103,0.7466644836883217,full_v4_features,39,39,0,,ksf-v4-idsplit::
quantum,svc,8,zmap_r2__as0.5__svc__d8,zmap_r2__as0.5,id_val,fixed_c1,1.0,,0.007045269012451172,0.868,0.868,0.8656592467147579,0.8833922261484098,0.947136,0.9277775899991226,full_v4_features,39,39,0,,ksf-v4-idsplit::
quantum,svc,8,zmap_r2__as0.5__svc__d8,zmap_r2__as0.5,id_test,fixed_c1,1.0,,0.007045269012451172,0.912,0.9119999999999999,0.911313209494324,0.9191176470588235,0.963968,0.9496649346903745,full_v4_features,39,39,0,,ksf-v4-idsplit::
quantum,svc,8,zmap_r2__as0.5__svc__d8,zmap_r2__as0.5,ood_test,fixed_c1,1.0,,0.007045269012451172,0.742,0.741011856189699,0.7248,0.7936,0.8890862253796061,0.8205962240996947,full_v4_features,39,39,0,,ksf-v4-idsplit::
quantum,svc,8,zz_r1_full__svc__d8,zz_r1_full,id_val,fixed_c1,1.0,,0.011288166046142578,0.86,0.86,0.85880492488422,0.8717948717948718,0.9335039999999999,0.916994900690068,full_v4_features,39,39,0,,ksf-v4-idsplit::
quantum,svc,8,zz_r1_full__svc__d8,zz_r1_full,id_test,fixed_c1,1.0,,0.011288166046142578,0.904,0.9039999999999999,0.9036979969183359,0.9090909090909091,0.949504,0.9297374618859294,full_v4_features,39,39,0,,ksf-v4-idsplit::
quantum,svc,8,zz_r1_full__svc__d8,zz_r1_full,ood_test,fixed_c1,1.0,,0.011288166046142578,0.778,0.7772524360389766,0.7696856520385933,0.8134453781512605,0.8973263572217155,0.8613640418664174,full_v4_features,39,39,0,,ksf-v4-idsplit::
quantum,svc,8,zz_r2_full__svc__d8,zz_r2_full,id_val,fixed_c1,1.0,,0.011510372161865234,0.844,0.844,0.8439775327647181,0.8458498023715415,0.9244799999999999,0.8995664539807459,full_v4_features,39,39,0,,ksf-v4-idsplit::
quantum,svc,8,zz_r2_full__svc__d8,zz_r2_full,id_test,fixed_c1,1.0,,0.011510372161865234,0.864,0.864,0.8639651750848217,0.8617886178861789,0.9503999999999999,0.949405924914134,full_v4_features,39,39,0,,ksf-v4-idsplit::
quantum,svc,8,zz_r2_full__svc__d8,zz_r2_full,ood_test,fixed_c1,1.0,,0.011510372161865234,0.806,0.8057008912142594,0.8048124791229843,0.8200371057513914,0.9006704107265716,0.8855821656311695,full_v4_features,39,39,0,,ksf-v4-idsplit::
quantum,svc,8,pauli_xz_r1_full__svc__d8,pauli_xz_r1_full,id_val,fixed_c1,1.0,,0.006999492645263672,0.872,0.872,0.8701298701298701,0.8857142857142857,0.948416,0.9319868015209237,full_v4_features,39,39,0,,ksf-v4-idsplit::
quantum,svc,8,pauli_xz_r1_full__svc__d8,pauli_xz_r1_full,id_test,fixed_c1,1.0,,0.006999492645263672,0.916,0.9159999999999999,0.9155119972963839,0.9219330855018587,0.974016,0.9694334046816971,full_v4_features,39,39,0,,ksf-v4-idsplit::
quantum,svc,8,pauli_xz_r1_full__svc__d8,pauli_xz_r1_full,ood_test,fixed_c1,1.0,,0.006999492645263672,0.752,0.7510840173442775,0.7378923160173161,0.7987012987012987,0.8920462727403639,0.8361538986863841,full_v4_features,39,39,0,,ksf-v4-idsplit::
quantum,svc,8,zmap_r2__svc__d8,zmap_r2,id_val,fixed_c1,1.0,,0.00799870491027832,0.864,0.864,0.8617346606805909,0.8794326241134752,0.9375359999999999,0.9065139945082322,full_v4_features,39,39,0,,ksf-v4-idsplit::
quantum,svc,8,zmap_r2__svc__d8,zmap_r2,id_test,fixed_c1,1.0,,0.00799870491027832,0.912,0.9119999999999999,0.9114331723027376,0.9185185185185185,0.957696,0.9199458874962707,full_v4_features,39,39,0,,ksf-v4-idsplit::
quantum,svc,8,zmap_r2__svc__d8,zmap_r2,ood_test,fixed_c1,1.0,,0.00799870491027832,0.756,0.7551000816013056,0.7426203777151441,0.8013029315960912,0.9072465159442551,0.8731797948193619,full_v4_features,39,39,0,,ksf-v4-idsplit::
quantum,svc,8,zz_r1_full__as2__svc__d8,zz_r1_full__as2,id_val,fixed_c1,1.0,,0.012636661529541016,0.872,0.872,0.8710010319917441,0.8823529411764706,0.932416,0.9032866405734036,full_v4_features,39,39,0,,ksf-v4-idsplit::
quantum,svc,8,zz_r1_full__as2__svc__d8,zz_r1_full__as2,id_test,fixed_c1,1.0,,0.012636661529541016,0.896,0.896,0.8958933948363124,0.8992248062015504,0.9536,0.9514473079570037,full_v4_features,39,39,0,,ksf-v4-idsplit::
quantum,svc,8,zz_r1_full__as2__svc__d8,zz_r1_full__as2,ood_test,fixed_c1,1.0,,0.012636661529541016,0.776,0.7753244051904831,0.7691711595851676,0.8088737201365188,0.9136626186018976,0.9066329897816146,full_v4_features,39,39,0,,ksf-v4-idsplit::
quantum,svc,8,zz_r2_full__as2__svc__d8,zz_r2_full__as2,id_val,fixed_c1,1.0,,0.010447502136230469,0.832,0.8320000000000001,0.8317307692307692,0.825,0.9159679999999999,0.8933460254568936,full_v4_features,39,39,0,,ksf-v4-idsplit::
quantum,svc,8,zz_r2_full__as2__svc__d8,zz_r2_full__as2,id_test,fixed_c1,1.0,,0.010447502136230469,0.812,0.812,0.8109078034728592,0.7965367965367965,0.939712,0.9430255438858518,full_v4_features,39,39,0,,ksf-v4-idsplit::
quantum,svc,8,zz_r2_full__as2__svc__d8,zz_r2_full__as2,ood_test,fixed_c1,1.0,,0.010447502136230469,0.81,0.8099089585433368,0.8098714731158263,0.8148148148148148,0.9065585049360793,0.8980629108725972,full_v4_features,39,39,0,,ksf-v4-idsplit::
quantum,svc,8,pauli_xz_r1_full__as2__svc__d8,pauli_xz_r1_full__as2,id_val,fixed_c1,1.0,,0.008037805557250977,0.876,0.876,0.8747474747474748,0.8872727272727273,0.917184,0.8711840013299618,full_v4_features,39,39,0,,ksf-v4-idsplit::
quantum,svc,8,pauli_xz_r1_full__as2__svc__d8,pauli_xz_r1_full__as2,id_test,fixed_c1,1.0,,0.008037805557250977,0.92,0.9199999999999999,0.919583118888317,0.9253731343283582,0.9488639999999999,0.9003843733361152,full_v4_features,39,39,0,,ksf-v4-idsplit::
quantum,svc,8,pauli_xz_r1_full__as2__svc__d8,pauli_xz_r1_full__as2,ood_test,fixed_c1,1.0,,0.008037805557250977,0.78,0.7791964671434743,0.7704469189802835,0.8172757475083057,0.8811500984015745,0.8070831291158116,full_v4_features,39,39,0,,ksf-v4-idsplit::
quantum,svc,8,zmap_r2__as2__svc__d8,zmap_r2__as2,id_val,fixed_c1,1.0,,0.0072705745697021484,0.864,0.864,0.862734965441509,0.8759124087591241,0.9195519999999999,0.8585967304483162,full_v4_features,39,39,0,,ksf-v4-idsplit::
quantum,svc,8,zmap_r2__as2__svc__d8,zmap_r2__as2,id_test,fixed_c1,1.0,,0.0072705745697021484,0.912,0.9119999999999999,0.9116380695328063,0.9172932330827067,0.9419519999999999,0.9051991457678245,full_v4_features,39,39,0,,ksf-v4-idsplit::
quantum,svc,8,zmap_r2__as2__svc__d8,zmap_r2__as2,ood_test,fixed_c1,1.0,,0.0072705745697021484,0.782,0.7812685002960047,0.7741878011692513,0.8161888701517707,0.8711019376310021,0.7995423851836064,full_v4_features,39,39,0,,ksf-v4-idsplit::
classical_ext,svc,10,linear__svc__d10,linear,id_val,fixed_c1,1.0,,0.010761737823486328,0.828,0.8280000000000001,0.8272009773191237,0.8389513108614233,0.8349439999999999,0.7096855976009487,full_v4_features,39,39,0,,ksf-v4-idsplit::
classical_ext,svc,10,linear__svc__d10,linear,id_test,fixed_c1,1.0,,0.010761737823486328,0.84,0.84,0.84,0.84,0.877184,0.7748895132575744,full_v4_features,39,39,0,,ksf-v4-idsplit::
classical_ext,svc,10,linear__svc__d10,linear,ood_test,fixed_c1,1.0,,0.010761737823486328,0.74,0.7393558296932751,0.7328137588582515,0.7766323024054983,0.7556920910734573,0.6285307051754828,full_v4_features,39,39,0,,ksf-v4-idsplit::
classical_ext,svc,10,rbf_gscale__svc__d10,rbf_gscale,id_val,fixed_c1,1.0,,0.006271839141845703,0.868,0.868,0.8656592467147579,0.8833922261484098,0.9497599999999999,0.9355448189952316,full_v4_features,39,39,0,,ksf-v4-idsplit::
classical_ext,svc,10,rbf_gscale__svc__d10,rbf_gscale,id_test,fixed_c1,1.0,,0.006271839141845703,0.908,0.9079999999999999,0.907214664923916,0.9157509157509157,0.96,0.9439515335744992,full_v4_features,39,39,0,,ksf-v4-idsplit::
classical_ext,svc,10,rbf_gscale__svc__d10,rbf_gscale,ood_test,fixed_c1,1.0,,0.006271839141845703,0.742,0.741011856189699,0.7248,0.7936,0.8525576409222548,0.767473999841727,full_v4_features,39,39,0,,ksf-v4-idsplit::
classical_ext,svc,10,poly2__svc__d10,poly2,id_val,fixed_c1,1.0,,0.007628202438354492,0.852,0.852,0.8490412076703386,0.8701754385964913,0.8749439999999999,0.8156092013890027,full_v4_features,39,39,0,,ksf-v4-idsplit::
classical_ext,svc,10,poly2__svc__d10,poly2,id_test,fixed_c1,1.0,,0.007628202438354492,0.892,0.892,0.8910780849106841,0.9010989010989011,0.8930560000000001,0.8207381271671536,full_v4_features,39,39,0,,ksf-v4-idsplit::
classical_ext,svc,10,poly2__svc__d10,poly2,ood_test,fixed_c1,1.0,,0.007628202438354492,0.714,0.7129634074145186,0.6929208594780084,0.7733755942947702,0.7196115137842206,0.6262546445867314,full_v4_features,39,39,0,,ksf-v4-idsplit::
classical_ext,svc,10,poly3__svc__d10,poly3,id_val,fixed_c1,1.0,,0.0067369937896728516,0.856,0.856,0.8529507875302268,0.8741258741258742,0.903424,0.8731812414421025,full_v4_features,39,39,0,,ksf-v4-idsplit::
classical_ext,svc,10,poly3__svc__d10,poly3,id_test,fixed_c1,1.0,,0.0067369937896728516,0.9,0.9,0.898989898989899,0.9090909090909091,0.8988800000000001,0.8107432111230042,full_v4_features,39,39,0,,ksf-v4-idsplit::
classical_ext,svc,10,poly3__svc__d10,poly3,ood_test,fixed_c1,1.0,,0.0067369937896728516,0.722,0.7209315349045584,0.7001402221982527,0.7811023622047244,0.7643162290596649,0.6589588902621075,full_v4_features,39,39,0,,ksf-v4-idsplit::
classical_ext,svc,10,laplacian_med__svc__d10,laplacian_med,id_val,fixed_c1,1.0,,0.0054340362548828125,0.872,0.872,0.8698679159346736,0.8865248226950354,0.9607680000000001,0.9523674421796144,full_v4_features,39,39,0,,ksf-v4-idsplit::
classical_ext,svc,10,laplacian_med__svc__d10,laplacian_med,id_test,fixed_c1,1.0,,0.0054340362548828125,0.912,0.9119999999999999,0.911313209494324,0.9191176470588235,0.970944,0.9456581709363443,full_v4_features,39,39,0,,ksf-v4-idsplit::
classical_ext,svc,10,laplacian_med__svc__d10,laplacian_med,ood_test,fixed_c1,1.0,,0.0054340362548828125,0.744,0.7430358885742172,0.7277939400125895,0.7942122186495176,0.9331029296468744,0.8998847198336523,full_v4_features,39,39,0,,ksf-v4-idsplit::
classical_ext,svc,10,matern15_med__svc__d10,matern15_med,id_val,fixed_c1,1.0,,0.0060083866119384766,0.864,0.864,0.8614371413667188,0.8802816901408451,0.94496,0.9194841818897266,full_v4_features,39,39,0,,ksf-v4-idsplit::
classical_ext,svc,10,matern15_med__svc__d10,matern15_med,id_test,fixed_c1,1.0,,0.0060083866119384766,0.908,0.9079999999999999,0.907214664923916,0.9157509157509157,0.9600000000000001,0.939714476393325,full_v4_features,39,39,0,,ksf-v4-idsplit::
classical_ext,svc,10,matern15_med__svc__d10,matern15_med,ood_test,fixed_c1,1.0,,0.0060083866119384766,0.742,0.741011856189699,0.7248,0.7936,0.8680618889902239,0.7883343085189712,full_v4_features,39,39,0,,ksf-v4-idsplit::
classical_ext,svc,10,matern25_med__svc__d10,matern25_med,id_val,fixed_c1,1.0,,0.009119987487792969,0.864,0.864,0.8614371413667188,0.8802816901408451,0.939136,0.9061174324376404,full_v4_features,39,39,0,,ksf-v4-idsplit::
classical_ext,svc,10,matern25_med__svc__d10,matern25_med,id_test,fixed_c1,1.0,,0.009119987487792969,0.908,0.9079999999999999,0.907214664923916,0.9157509157509157,0.945024,0.8953878264714294,full_v4_features,39,39,0,,ksf-v4-idsplit::
classical_ext,svc,10,matern25_med__svc__d10,matern25_med,ood_test,fixed_c1,1.0,,0.009119987487792969,0.742,0.741011856189699,0.7248,0.7936,0.8341893470295525,0.7299697137393488,full_v4_features,39,39,0,,ksf-v4-idsplit::
classical_ext,svc,10,rbf_gscale_x0.1__svc__d10,rbf_gscale_x0.1,id_val,fixed_c1,1.0,,0.0069653987884521484,0.824,0.8240000000000001,0.8230828615542974,0.835820895522388,0.8794879999999999,0.8149649923554441,full_v4_features,39,39,0,,ksf-v4-idsplit::
classical_ext,svc,10,rbf_gscale_x0.1__svc__d10,rbf_gscale_x0.1,id_test,fixed_c1,1.0,,0.0069653987884521484,0.836,0.836,0.8359343737494997,0.8392156862745098,0.897472,0.8224167599722153,full_v4_features,39,39,0,,ksf-v4-idsplit::
classical_ext,svc,10,rbf_gscale_x0.1__svc__d10,rbf_gscale_x0.1,ood_test,fixed_c1,1.0,,0.0069653987884521484,0.718,0.7172994767916286,0.7087727560011401,0.7606112054329371,0.7041072657162514,0.6064423081993696,full_v4_features,39,39,0,,ksf-v4-idsplit::
classical_ext,svc,10,rbf_gscale_x0.3__svc__d10,rbf_gscale_x0.3,id_val,fixed_c1,1.0,,0.008011341094970703,0.856,0.856,0.8529507875302268,0.8741258741258742,0.923648,0.8915422723859174,full_v4_features,39,39,0,,ksf-v4-idsplit::
classical_ext,svc,10,rbf_gscale_x0.3__svc__d10,rbf_gscale_x0.3,id_test,fixed_c1,1.0,,0.008011341094970703,0.9,0.9,0.898989898989899,0.9090909090909091,0.9141760000000001,0.8344519466409699,full_v4_features,39,39,0,,ksf-v4-idsplit::
classical_ext,svc,10,rbf_gscale_x0.3__svc__d10,rbf_gscale_x0.3,ood_test,fixed_c1,1.0,,0.008011341094970703,0.722,0.7209315349045584,0.7001402221982527,0.7811023622047244,0.7803644858317734,0.6660340002333524,full_v4_features,39,39,0,,ksf-v4-idsplit::
classical_ext,svc,10,rbf_gscale_x3__svc__d10,rbf_gscale_x3,id_val,fixed_c1,1.0,,0.0069980621337890625,0.872,0.872,0.8701298701298701,0.8857142857142857,0.949824,0.917978183246189,full_v4_features,39,39,0,,ksf-v4-idsplit::
classical_ext,svc,10,rbf_gscale_x3__svc__d10,rbf_gscale_x3,id_test,fixed_c1,1.0,,0.0069980621337890625,0.916,0.9159999999999999,0.915403084161846,0.922509225092251,0.967552,0.9549999343084447,full_v4_features,39,39,0,,ksf-v4-idsplit::
classical_ext,svc,10,rbf_gscale_x3__svc__d10,rbf_gscale_x3,ood_test,fixed_c1,1.0,,0.0069980621337890625,0.754,0.7530760492167875,0.7397497365759529,0.8006482982171799,0.8999663994623914,0.831732762405814,full_v4_features,39,39,0,,ksf-v4-idsplit::
classical_ext,svc,10,rbf_gscale_x10__svc__d10,rbf_gscale_x10,id_val,fixed_c1,1.0,,0.006690502166748047,0.876,0.876,0.8747474747474748,0.8872727272727273,0.949376,0.932818409528463,full_v4_features,39,39,0,,ksf-v4-idsplit::
classical_ext,svc,10,rbf_gscale_x10__svc__d10,rbf_gscale_x10,id_test,fixed_c1,1.0,,0.006690502166748047,0.904,0.9039999999999999,0.9036051667630616,0.9097744360902256,0.97376,0.9698733747085488,full_v4_features,39,39,0,,ksf-v4-idsplit::
classical_ext,svc,10,rbf_gscale_x10__svc__d10,rbf_gscale_x10,ood_test,fixed_c1,1.0,,0.006690502166748047,0.776,0.7752124033984544,0.7666666666666666,0.8133333333333334,0.9039824637194196,0.8574912518107153,full_v4_features,39,39,0,,ksf-v4-idsplit::
classical_ext,svc,10,laplacian_med_x0.1__svc__d10,laplacian_med_x0.1,id_val,fixed_c1,1.0,,0.010998249053955078,0.876,0.876,0.8754239603928566,0.8838951310861424,0.96096,0.9608058292524306,full_v4_features,39,39,0,,ksf-v4-idsplit::
classical_ext,svc,10,laplacian_med_x0.1__svc__d10,laplacian_med_x0.1,id_test,fixed_c1,1.0,,0.010998249053955078,0.908,0.9079999999999999,0.9078215425062922,0.9118773946360154,0.965056,0.9630669677080418,full_v4_features,39,39,0,,ksf-v4-idsplit::
classical_ext,svc,10,laplacian_med_x0.1__svc__d10,laplacian_med_x0.1,ood_test,fixed_c1,1.0,,0.010998249053955078,0.804,0.8033888542216676,0.7991111694189803,0.8304498269896193,0.929870877934047,0.9186023071668015,full_v4_features,39,39,0,,ksf-v4-idsplit::
classical_ext,svc,10,laplacian_med_x0.3__svc__d10,laplacian_med_x0.3,id_val,fixed_c1,1.0,,0.006997823715209961,0.888,0.888,0.887125902992776,0.8970588235294118,0.96576,0.962821049299644,full_v4_features,39,39,0,,ksf-v4-idsplit::
classical_ext,svc,10,laplacian_med_x0.3__svc__d10,laplacian_med_x0.3,id_test,fixed_c1,1.0,,0.006997823715209961,0.908,0.9079999999999999,0.9076676033721397,0.9132075471698113,0.9732480000000001,0.9671574679344933,full_v4_features,39,39,0,,ksf-v4-idsplit::
classical_ext,svc,10,laplacian_med_x0.3__svc__d10,laplacian_med_x0.3,ood_test,fixed_c1,1.0,,0.006997823715209961,0.782,0.7812364997839966,0.7734744857455182,0.8174204355108877,0.9333909342549481,0.8938225419071759,full_v4_features,39,39,0,,ksf-v4-idsplit::
classical_ext,svc,10,laplacian_med_x3__svc__d10,laplacian_med_x3,id_val,fixed_c1,1.0,,0.006002664566040039,0.86,0.86,0.8572011423908609,0.8771929824561403,0.949184,0.9352138206314345,full_v4_features,39,39,0,,ksf-v4-idsplit::
classical_ext,svc,10,laplacian_med_x3__svc__d10,laplacian_med_x3,id_test,fixed_c1,1.0,,0.006002664566040039,0.908,0.9079999999999999,0.907214664923916,0.9157509157509157,0.9605760000000001,0.92066812776665,full_v4_features,39,39,0,,ksf-v4-idsplit::
classical_ext,svc,10,laplacian_med_x3__svc__d10,laplacian_med_x3,ood_test,fixed_c1,1.0,,0.006002664566040039,0.742,0.741011856189699,0.7248,0.7936,0.8960783372533961,0.8252761491411881,full_v4_features,39,39,0,,ksf-v4-idsplit::
classical_ext,svc,10,laplacian_med_x10__svc__d10,laplacian_med_x10,id_val,fixed_c1,1.0,,0.007088899612426758,0.852,0.852,0.8486856095925144,0.8710801393728222,0.899456,0.8205916172238952,full_v4_features,39,39,0,,ksf-v4-idsplit::
classical_ext,svc,10,laplacian_med_x10__svc__d10,laplacian_med_x10,id_test,fixed_c1,1.0,,0.007088899612426758,0.9,0.9,0.898989898989899,0.9090909090909091,0.930752,0.8591630642029934,full_v4_features,39,39,0,,ksf-v4-idsplit::
classical_ext,svc,10,laplacian_med_x10__svc__d10,laplacian_med_x10,ood_test,fixed_c1,1.0,,0.007088899612426758,0.722,0.7209315349045584,0.7001402221982527,0.7811023622047244,0.8388614217827486,0.7337855232115774,full_v4_features,39,39,0,,ksf-v4-idsplit::
classical_ext,svc,10,matern15_med_x0.1__svc__d10,matern15_med_x0.1,id_val,fixed_c1,1.0,,0.009487628936767578,0.872,0.8720000000000001,0.871473555684082,0.8796992481203008,0.9541760000000001,0.9536676525191936,full_v4_features,39,39,0,,ksf-v4-idsplit::
classical_ext,svc,10,matern15_med_x0.1__svc__d10,matern15_med_x0.1,id_test,fixed_c1,1.0,,0.009487628936767578,0.908,0.9079999999999999,0.9078215425062922,0.9118773946360154,0.9532160000000001,0.9391934266042979,full_v4_features,39,39,0,,ksf-v4-idsplit::
classical_ext,svc,10,matern15_med_x0.1__svc__d10,matern15_med_x0.1,ood_test,fixed_c1,1.0,,0.009487628936767578,0.802,0.8014608233731739,0.798156084472698,0.8260105448154658,0.9182706923310773,0.9007609200909505,full_v4_features,39,39,0,,ksf-v4-idsplit::
classical_ext,svc,10,matern15_med_x0.3__svc__d10,matern15_med_x0.3,id_val,fixed_c1,1.0,,0.006514787673950195,0.876,0.876,0.8745365948422399,0.8880866425992779,0.952448,0.932751104927443,full_v4_features,39,39,0,,ksf-v4-idsplit::
classical_ext,svc,10,matern15_med_x0.3__svc__d10,matern15_med_x0.3,id_test,fixed_c1,1.0,,0.006514787673950195,0.916,0.9159999999999999,0.915403084161846,0.922509225092251,0.9683839999999999,0.9620083607158176,full_v4_features,39,39,0,,ksf-v4-idsplit::
classical_ext,svc,10,matern15_med_x0.3__svc__d10,matern15_med_x0.3,ood_test,fixed_c1,1.0,,0.006514787673950195,0.766,0.765172242755884,0.755204519301182,0.8066115702479338,0.9175826813229012,0.8866371773353061,full_v4_features,39,39,0,,ksf-v4-idsplit::
classical_ext,svc,10,matern15_med_x3__svc__d10,matern15_med_x3,id_val,fixed_c1,1.0,,0.0068721771240234375,0.856,0.856,0.8529507875302268,0.8741258741258742,0.9012479999999999,0.8592606716251743,full_v4_features,39,39,0,,ksf-v4-idsplit::
classical_ext,svc,10,matern15_med_x3__svc__d10,matern15_med_x3,id_test,fixed_c1,1.0,,0.0068721771240234375,0.9,0.9,0.898989898989899,0.9090909090909091,0.9011840000000001,0.8133271652448251,full_v4_features,39,39,0,,ksf-v4-idsplit::
classical_ext,svc,10,matern15_med_x3__svc__d10,matern15_med_x3,ood_test,fixed_c1,1.0,,0.0068721771240234375,0.722,0.7209315349045584,0.7001402221982527,0.7811023622047244,0.7712603401654426,0.6672346175634347,full_v4_features,39,39,0,,ksf-v4-idsplit::
classical_ext,svc,10,matern15_med_x10__svc__d10,matern15_med_x10,id_val,fixed_c1,1.0,,0.009006023406982422,0.82,0.8200000000000001,0.8191638134735015,0.8314606741573034,0.8866559999999999,0.8499150749996183,full_v4_features,39,39,0,,ksf-v4-idsplit::
classical_ext,svc,10,matern15_med_x10__svc__d10,matern15_med_x10,id_test,fixed_c1,1.0,,0.009006023406982422,0.828,0.828,0.8279752284328943,0.8300395256916996,0.9226240000000001,0.8782809624852101,full_v4_features,39,39,0,,ksf-v4-idsplit::
classical_ext,svc,10,matern15_med_x10__svc__d10,matern15_med_x10,ood_test,fixed_c1,1.0,,0.009006023406982422,0.71,0.7092833485335766,0.7000649514518924,0.754653130287648,0.7600761612185796,0.6607929116932048,full_v4_features,39,39,0,,ksf-v4-idsplit::
classical_ext,svc,10,matern25_med_x0.1__svc__d10,matern25_med_x0.1,id_val,fixed_c1,1.0,,0.00961923599243164,0.872,0.8720000000000001,0.871473555684082,0.8796992481203008,0.9504,0.9474736760228867,full_v4_features,39,39,0,,ksf-v4-idsplit::
classical_ext,svc,10,matern25_med_x0.1__svc__d10,matern25_med_x0.1,id_test,fixed_c1,1.0,,0.00961923599243164,0.908,0.9079999999999999,0.9078806132748041,0.9111969111969112,0.949888,0.93352810421678,full_v4_features,39,39,0,,ksf-v4-idsplit::
classical_ext,svc,10,matern25_med_x0.1__svc__d10,matern25_med_x0.1,ood_test,fixed_c1,1.0,,0.00961923599243164,0.8,0.799468791500664,0.7962310902451748,0.823943661971831,0.9127666042656682,0.8981670090986664,full_v4_features,39,39,0,,ksf-v4-idsplit::
classical_ext,svc,10,matern25_med_x0.3__svc__d10,matern25_med_x0.3,id_val,fixed_c1,1.0,,0.005454301834106445,0.876,0.876,0.8745365948422399,0.8880866425992779,0.946752,0.9150681731254396,full_v4_features,39,39,0,,ksf-v4-idsplit::
classical_ext,svc,10,matern25_med_x0.3__svc__d10,matern25_med_x0.3,id_test,fixed_c1,1.0,,0.005454301834106445,0.916,0.9159999999999999,0.915403084161846,0.922509225092251,0.973312,0.9690610115268696,full_v4_features,39,39,0,,ksf-v4-idsplit::
classical_ext,svc,10,matern25_med_x0.3__svc__d10,matern25_med_x0.3,ood_test,fixed_c1,1.0,,0.005454301834106445,0.766,0.765172242755884,0.755204519301182,0.8066115702479338,0.9111505784092546,0.8705866570020444,full_v4_features,39,39,0,,ksf-v4-idsplit::
classical_ext,svc,10,matern25_med_x3__svc__d10,matern25_med_x3,id_val,fixed_c1,1.0,,0.0069997310638427734,0.84,0.8400000000000001,0.8387512899896801,0.8529411764705882,0.875392,0.8156121718405415,full_v4_features,39,39,0,,ksf-v4-idsplit::
classical_ext,svc,10,matern25_med_x3__svc__d10,matern25_med_x3,id_test,fixed_c1,1.0,,0.0069997310638427734,0.86,0.86,0.8597284342487055,0.8659003831417624,0.8960640000000001,0.8238295482677523,full_v4_features,39,39,0,,ksf-v4-idsplit::
classical_ext,svc,10,matern25_med_x3__svc__d10,matern25_med_x3,ood_test,fixed_c1,1.0,,0.0069997310638427734,0.71,0.7092193475095601,0.6981669365817509,0.7579298831385642,0.7063473015568249,0.6138056196004937,full_v4_features,39,39,0,,ksf-v4-idsplit::
classical_ext,svc,10,matern25_med_x10__svc__d10,matern25_med_x10,id_val,fixed_c1,1.0,,0.009250879287719727,0.824,0.8240000000000001,0.8232761390656127,0.8345864661654135,0.906176,0.9143588979925039,full_v4_features,39,39,0,,ksf-v4-idsplit::
classical_ext,svc,10,matern25_med_x10__svc__d10,matern25_med_x10,id_test,fixed_c1,1.0,,0.009250879287719727,0.836,0.836,0.8359973759580153,0.8366533864541833,0.9020160000000002,0.9017169637647843,full_v4_features,39,39,0,,ksf-v4-idsplit::
classical_ext,svc,10,matern25_med_x10__svc__d10,matern25_med_x10,ood_test,fixed_c1,1.0,,0.009250879287719727,0.746,0.7453959263348213,0.7398298036227163,0.779896013864818,0.8532296516744268,0.7925250655275712,full_v4_features,39,39,0,,ksf-v4-idsplit::
quantum,svc,10,zz_r1_full__as0.5__svc__d10,zz_r1_full__as0.5,id_val,fixed_c1,1.0,,0.016509532928466797,0.864,0.864,0.8631239935587762,0.8740740740740741,0.955712,0.9567523305792774,full_v4_features,39,39,0,,ksf-v4-idsplit::
quantum,svc,10,zz_r1_full__as0.5__svc__d10,zz_r1_full__as0.5,id_test,fixed_c1,1.0,,0.016509532928466797,0.912,0.9119999999999999,0.911723163841808,0.9166666666666666,0.9523199999999999,0.9389719815321487,full_v4_features,39,39,0,,ksf-v4-idsplit::
quantum,svc,10,zz_r1_full__as0.5__svc__d10,zz_r1_full__as0.5,ood_test,fixed_c1,1.0,,0.016509532928466797,0.784,0.783308532936527,0.777095304141074,0.8163265306122449,0.9171346741547864,0.9097516722055518,full_v4_features,39,39,0,,ksf-v4-idsplit::
quantum,svc,10,zz_r2_full__as0.5__svc__d10,zz_r2_full__as0.5,id_val,fixed_c1,1.0,,0.010004997253417969,0.852,0.852,0.8519976319621114,0.8514056224899599,0.946816,0.9495358779894192,full_v4_features,39,39,0,,ksf-v4-idsplit::
quantum,svc,10,zz_r2_full__as0.5__svc__d10,zz_r2_full__as0.5,id_test,fixed_c1,1.0,,0.010004997253417969,0.88,0.88,0.8799923195084485,0.8790322580645161,0.950144,0.9452519517012958,full_v4_features,39,39,0,,ksf-v4-idsplit::
quantum,svc,10,zz_r2_full__as0.5__svc__d10,zz_r2_full__as0.5,ood_test,fixed_c1,1.0,,0.010004997253417969,0.8,0.7996767948287172,0.798578771813919,0.8154981549815498,0.916558664938639,0.9060127061907008,full_v4_features,39,39,0,,ksf-v4-idsplit::
quantum,svc,10,pauli_xz_r1_full__as0.5__svc__d10,pauli_xz_r1_full__as0.5,id_val,fixed_c1,1.0,,0.007512331008911133,0.868,0.868,0.8656592467147579,0.8833922261484098,0.950848,0.9392347809559527,full_v4_features,39,39,0,,ksf-v4-idsplit::
quantum,svc,10,pauli_xz_r1_full__as0.5__svc__d10,pauli_xz_r1_full__as0.5,id_test,fixed_c1,1.0,,0.007512331008911133,0.908,0.9079999999999999,0.907214664923916,0.9157509157509157,0.964352,0.9542345282446603,full_v4_features,39,39,0,,ksf-v4-idsplit::
quantum,svc,10,pauli_xz_r1_full__as0.5__svc__d10,pauli_xz_r1_full__as0.5,ood_test,fixed_c1,1.0,,0.007512331008911133,0.742,0.741011856189699,0.7248,0.7936,0.8607337717403478,0.7666848405448944,full_v4_features,39,39,0,,ksf-v4-idsplit::
quantum,svc,10,zmap_r2__as0.5__svc__d10,zmap_r2__as0.5,id_val,fixed_c1,1.0,,0.0060007572174072266,0.872,0.872,0.8698679159346736,0.8865248226950354,0.945984,0.9249401952984881,full_v4_features,39,39,0,,ksf-v4-idsplit::
quantum,svc,10,zmap_r2__as0.5__svc__d10,zmap_r2__as0.5,id_test,fixed_c1,1.0,,0.0060007572174072266,0.916,0.9159999999999999,0.915403084161846,0.922509225092251,0.965248,0.9541656737989158,full_v4_features,39,39,0,,ksf-v4-idsplit::
quantum,svc,10,zmap_r2__as0.5__svc__d10,zmap_r2__as0.5,ood_test,fixed_c1,1.0,,0.0060007572174072266,0.744,0.7430198883182131,0.7272231314784505,0.7948717948717948,0.8832781324501192,0.8030672789694311,full_v4_features,39,39,0,,ksf-v4-idsplit::
quantum,svc,10,zz_r1_full__svc__d10,zz_r1_full,id_val,fixed_c1,1.0,,0.015350580215454102,0.872,0.8720000000000001,0.871473555684082,0.8796992481203008,0.9502079999999999,0.948362831752032,full_v4_features,39,39,0,,ksf-v4-idsplit::
quantum,svc,10,zz_r1_full__svc__d10,zz_r1_full,id_test,fixed_c1,1.0,,0.015350580215454102,0.908,0.9079999999999999,0.9078215425062922,0.9118773946360154,0.9540480000000001,0.9509404158121456,full_v4_features,39,39,0,,ksf-v4-idsplit::
quantum,svc,10,zz_r1_full__svc__d10,zz_r1_full,ood_test,fixed_c1,1.0,,0.015350580215454102,0.782,0.7813965023440375,0.7767043196446936,0.8110918544194108,0.9183346933550937,0.9192264240261282,full_v4_features,39,39,0,,ksf-v4-idsplit::
quantum,svc,10,zz_r2_full__svc__d10,zz_r2_full,id_val,fixed_c1,1.0,,0.011561155319213867,0.828,0.8280000000000001,0.8275336509922832,0.8185654008438819,0.943552,0.9437931217786192,full_v4_features,39,39,0,,ksf-v4-idsplit::
quantum,svc,10,zz_r2_full__svc__d10,zz_r2_full,id_test,fixed_c1,1.0,,0.011561155319213867,0.812,0.812,0.8106640455050839,0.7947598253275109,0.9391360000000001,0.9380495634229498,full_v4_features,39,39,0,,ksf-v4-idsplit::
quantum,svc,10,zz_r2_full__svc__d10,zz_r2_full,ood_test,fixed_c1,1.0,,0.011561155319213867,0.84,0.8400614409830558,0.8399769566817622,0.8380566801619433,0.9196787148594376,0.9282039959354131,full_v4_features,39,39,0,,ksf-v4-idsplit::
quantum,svc,10,pauli_xz_r1_full__svc__d10,pauli_xz_r1_full,id_val,fixed_c1,1.0,,0.006997585296630859,0.872,0.872,0.8703739710933955,0.8848920863309353,0.945728,0.9111553450642526,full_v4_features,39,39,0,,ksf-v4-idsplit::
quantum,svc,10,pauli_xz_r1_full__svc__d10,pauli_xz_r1_full,id_test,fixed_c1,1.0,,0.006997585296630859,0.912,0.9119999999999999,0.9114331723027376,0.9185185185185185,0.969792,0.9583332240503954,full_v4_features,39,39,0,,ksf-v4-idsplit::
quantum,svc,10,pauli_xz_r1_full__svc__d10,pauli_xz_r1_full,ood_test,fixed_c1,1.0,,0.006997585296630859,0.762,0.761156178498856,0.7505774446554405,0.8039538714991763,0.8888302212835405,0.8073511832570801,full_v4_features,39,39,0,,ksf-v4-idsplit::
quantum,svc,10,zmap_r2__svc__d10,zmap_r2,id_val,fixed_c1,1.0,,0.00558781623840332,0.864,0.864,0.862012987012987,0.8785714285714286,0.951872,0.9378081894801779,full_v4_features,39,39,0,,ksf-v4-idsplit::
quantum,svc,10,zmap_r2__svc__d10,zmap_r2,id_test,fixed_c1,1.0,,0.00558781623840332,0.916,0.9159999999999999,0.9155119972963839,0.9219330855018587,0.96384,0.9412586669905825,full_v4_features,39,39,0,,ksf-v4-idsplit::
quantum,svc,10,zmap_r2__svc__d10,zmap_r2,ood_test,fixed_c1,1.0,,0.00558781623840332,0.758,0.7571401142418279,0.7459253566494064,0.8013136288998358,0.9135186162978607,0.8684024190515338,full_v4_features,39,39,0,,ksf-v4-idsplit::
quantum,svc,10,zz_r1_full__as2__svc__d10,zz_r1_full__as2,id_val,fixed_c1,1.0,,0.01200723648071289,0.852,0.852,0.8518079430942501,0.8571428571428571,0.9454079999999999,0.9414721294173393,full_v4_features,39,39,0,,ksf-v4-idsplit::
quantum,svc,10,zz_r1_full__as2__svc__d10,zz_r1_full__as2,id_test,fixed_c1,1.0,,0.01200723648071289,0.888,0.888,0.8879354508196722,0.890625,0.9520639999999999,0.9504182449503837,full_v4_features,39,39,0,,ksf-v4-idsplit::
quantum,svc,10,zz_r1_full__as2__svc__d10,zz_r1_full__as2,ood_test,fixed_c1,1.0,,0.01200723648071289,0.778,0.7775724411590585,0.7752808988764045,0.8,0.9220307524920399,0.933319568211518,full_v4_features,39,39,0,,ksf-v4-idsplit::
quantum,svc,10,zz_r2_full__as2__svc__d10,zz_r2_full__as2,id_val,fixed_c1,1.0,,0.01204538345336914,0.812,0.812,0.8086661998664735,0.783410138248848,0.913152,0.9227749339562582,full_v4_features,39,39,0,,ksf-v4-idsplit::
quantum,svc,10,zz_r2_full__as2__svc__d10,zz_r2_full__as2,id_test,fixed_c1,1.0,,0.01204538345336914,0.792,0.792,0.7840388065652203,0.7425742574257426,0.920064,0.9257978365166868,full_v4_features,39,39,0,,ksf-v4-idsplit::
quantum,svc,10,zz_r2_full__as2__svc__d10,zz_r2_full__as2,ood_test,fixed_c1,1.0,,0.01204538345336914,0.838,0.8382614121825949,0.8373748689964222,0.8272921108742004,0.9155666490663852,0.925518709046666,full_v4_features,39,39,0,,ksf-v4-idsplit::
quantum,svc,10,pauli_xz_r1_full__as2__svc__d10,pauli_xz_r1_full__as2,id_val,fixed_c1,1.0,,0.008499383926391602,0.876,0.876,0.874941504897452,0.8864468864468864,0.951232,0.93171558879436,full_v4_features,39,39,0,,ksf-v4-idsplit::
quantum,svc,10,pauli_xz_r1_full__as2__svc__d10,pauli_xz_r1_full__as2,id_test,fixed_c1,1.0,,0.008499383926391602,0.916,0.9159999999999999,0.915772248159022,0.9201520912547528,0.95232,0.9294005518969135,full_v4_features,39,39,0,,ksf-v4-idsplit::
quantum,svc,10,pauli_xz_r1_full__as2__svc__d10,pauli_xz_r1_full__as2,ood_test,fixed_c1,1.0,,0.008499383926391602,0.798,0.7973167570681131,0.7916933065490799,0.82793867120954,0.9114865837853405,0.8736925142168677,full_v4_features,39,39,0,,ksf-v4-idsplit::
quantum,svc,10,zmap_r2__as2__svc__d10,zmap_r2__as2,id_val,fixed_c1,1.0,,0.014832258224487305,0.872,0.872,0.8711755233494365,0.8814814814814815,0.9434239999999999,0.9395247726574082,full_v4_features,39,39,0,,ksf-v4-idsplit::
quantum,svc,10,zmap_r2__as2__svc__d10,zmap_r2__as2,id_test,fixed_c1,1.0,,0.014832258224487305,0.908,0.9079999999999999,0.9078215425062922,0.9118773946360154,0.95648,0.9217400988162529,full_v4_features,39,39,0,,ksf-v4-idsplit::
quantum,svc,10,zmap_r2__as2__svc__d10,zmap_r2__as2,ood_test,fixed_c1,1.0,,0.014832258224487305,0.8,0.7993887902206436,0.7950113973663064,0.8269896193771626,0.910910574569193,0.8754352088964563,full_v4_features,39,39,0,,ksf-v4-idsplit::
classical_ext,svc,12,linear__svc__d12,linear,id_val,fixed_c1,1.0,,0.006596803665161133,0.824,0.8240000000000001,0.8234463276836159,0.8333333333333334,0.850112,0.7322608223543353,full_v4_features,39,39,0,,ksf-v4-idsplit::
classical_ext,svc,12,linear__svc__d12,linear,id_test,fixed_c1,1.0,,0.006596803665161133,0.836,0.836,0.8359973759580153,0.8353413654618473,0.88608,0.7936086425231372,full_v4_features,39,39,0,,ksf-v4-idsplit::
classical_ext,svc,12,linear__svc__d12,linear,ood_test,fixed_c1,1.0,,0.006596803665161133,0.748,0.7474359589753437,0.7426638781778969,0.7797202797202797,0.7828765260244165,0.6597451950120161,full_v4_features,39,39,0,,ksf-v4-idsplit::
classical_ext,svc,12,rbf_gscale__svc__d12,rbf_gscale,id_val,fixed_c1,1.0,,0.005120992660522461,0.868,0.868,0.8656592467147579,0.8833922261484098,0.9646080000000001,0.9623744084826429,full_v4_features,39,39,0,,ksf-v4-idsplit::
classical_ext,svc,12,rbf_gscale__svc__d12,rbf_gscale,id_test,fixed_c1,1.0,,0.005120992660522461,0.912,0.9119999999999999,0.911313209494324,0.9191176470588235,0.970688,0.966159312977575,full_v4_features,39,39,0,,ksf-v4-idsplit::
classical_ext,svc,12,rbf_gscale__svc__d12,rbf_gscale,ood_test,fixed_c1,1.0,,0.005120992660522461,0.742,0.741011856189699,0.7248,0.7936,0.8882062112993807,0.8148153645455516,full_v4_features,39,39,0,,ksf-v4-idsplit::
classical_ext,svc,12,poly2__svc__d12,poly2,id_val,fixed_c1,1.0,,0.006518125534057617,0.844,0.8440000000000001,0.842668344870988,0.8571428571428571,0.8702719999999999,0.7766995606492838,full_v4_features,39,39,0,,ksf-v4-idsplit::
classical_ext,svc,12,poly2__svc__d12,poly2,id_test,fixed_c1,1.0,,0.006518125534057617,0.868,0.868,0.8676421042498917,0.8745247148288974,0.9009280000000001,0.8182130009506883,full_v4_features,39,39,0,,ksf-v4-idsplit::
classical_ext,svc,12,poly2__svc__d12,poly2,ood_test,fixed_c1,1.0,,0.006518125534057617,0.722,0.7211875390006239,0.7096799796149396,0.7694859038142621,0.7647482359717755,0.6434698251682454,full_v4_features,39,39,0,,ksf-v4-idsplit::
classical_ext,svc,12,poly3__svc__d12,poly3,id_val,fixed_c1,1.0,,0.006018400192260742,0.86,0.86,0.8572011423908609,0.8771929824561403,0.88992,0.821576545028514,full_v4_features,39,39,0,,ksf-v4-idsplit::
classical_ext,svc,12,poly3__svc__d12,poly3,id_test,fixed_c1,1.0,,0.006018400192260742,0.9,0.9,0.898989898989899,0.9090909090909091,0.9013120000000001,0.809610307035516,full_v4_features,39,39,0,,ksf-v4-idsplit::
classical_ext,svc,12,poly3__svc__d12,poly3,ood_test,fixed_c1,1.0,,0.006018400192260742,0.722,0.7209315349045584,0.7001402221982527,0.7811023622047244,0.7719323509176148,0.6442186418489237,full_v4_features,39,39,0,,ksf-v4-idsplit::
classical_ext,svc,12,laplacian_med__svc__d12,laplacian_med,id_val,fixed_c1,1.0,,0.005008697509765625,0.872,0.872,0.8698679159346736,0.8865248226950354,0.963584,0.9572240659100597,full_v4_features,39,39,0,,ksf-v4-idsplit::
classical_ext,svc,12,laplacian_med__svc__d12,laplacian_med,id_test,fixed_c1,1.0,,0.005008697509765625,0.912,0.9119999999999999,0.911313209494324,0.9191176470588235,0.973952,0.9656948720788714,full_v4_features,39,39,0,,ksf-v4-idsplit::
classical_ext,svc,12,laplacian_med__svc__d12,laplacian_med,ood_test,fixed_c1,1.0,,0.005008697509765625,0.762,0.7610921774748396,0.7487065779748707,0.8065040650406504,0.9309428950863214,0.8889301759064517,full_v4_features,39,39,0,,ksf-v4-idsplit::
classical_ext,svc,12,matern15_med__svc__d12,matern15_med,id_val,fixed_c1,1.0,,0.004999399185180664,0.864,0.864,0.8614371413667188,0.8802816901408451,0.959808,0.9519230006980268,full_v4_features,39,39,0,,ksf-v4-idsplit::
classical_ext,svc,12,matern15_med__svc__d12,matern15_med,id_test,fixed_c1,1.0,,0.004999399185180664,0.908,0.9079999999999999,0.907214664923916,0.9157509157509157,0.968256,0.9615867119858152,full_v4_features,39,39,0,,ksf-v4-idsplit::
classical_ext,svc,12,matern15_med__svc__d12,matern15_med,ood_test,fixed_c1,1.0,,0.004999399185180664,0.742,0.741011856189699,0.7248,0.7936,0.8944943119089906,0.8317648512310608,full_v4_features,39,39,0,,ksf-v4-idsplit::
classical_ext,svc,12,matern25_med__svc__d12,matern25_med,id_val,fixed_c1,1.0,,0.005936622619628906,0.864,0.864,0.8614371413667188,0.8802816901408451,0.95616,0.9470889963554565,full_v4_features,39,39,0,,ksf-v4-idsplit::
classical_ext,svc,12,matern25_med__svc__d12,matern25_med,id_test,fixed_c1,1.0,,0.005936622619628906,0.908,0.9079999999999999,0.907214664923916,0.9157509157509157,0.9648639999999999,0.9557426503356095,full_v4_features,39,39,0,,ksf-v4-idsplit::
classical_ext,svc,12,matern25_med__svc__d12,matern25_med,ood_test,fixed_c1,1.0,,0.005936622619628906,0.742,0.741011856189699,0.7248,0.7936,0.8725419606713707,0.7886803548218752,full_v4_features,39,39,0,,ksf-v4-idsplit::
classical_ext,svc,12,rbf_gscale_x0.1__svc__d12,rbf_gscale_x0.1,id_val,fixed_c1,1.0,,0.008342266082763672,0.824,0.8240000000000001,0.8232761390656127,0.8345864661654135,0.877504,0.7957875750814709,full_v4_features,39,39,0,,ksf-v4-idsplit::
classical_ext,svc,12,rbf_gscale_x0.1__svc__d12,rbf_gscale_x0.1,id_test,fixed_c1,1.0,,0.008342266082763672,0.84,0.84,0.8399897593445981,0.8412698412698413,0.901568,0.8178496028021411,full_v4_features,39,39,0,,ksf-v4-idsplit::
classical_ext,svc,12,rbf_gscale_x0.1__svc__d12,rbf_gscale_x0.1,ood_test,fixed_c1,1.0,,0.008342266082763672,0.732,0.7313717019472312,0.7249589490968802,0.7689655172413793,0.7433718939503032,0.6167931570607509,full_v4_features,39,39,0,,ksf-v4-idsplit::
classical_ext,svc,12,rbf_gscale_x0.3__svc__d12,rbf_gscale_x0.3,id_val,fixed_c1,1.0,,0.008686065673828125,0.864,0.864,0.8614371413667188,0.8802816901408451,0.915584,0.8719185458646118,full_v4_features,39,39,0,,ksf-v4-idsplit::
classical_ext,svc,12,rbf_gscale_x0.3__svc__d12,rbf_gscale_x0.3,id_test,fixed_c1,1.0,,0.008686065673828125,0.908,0.9079999999999999,0.907214664923916,0.9157509157509157,0.918976,0.840923107944846,full_v4_features,39,39,0,,ksf-v4-idsplit::
classical_ext,svc,12,rbf_gscale_x0.3__svc__d12,rbf_gscale_x0.3,ood_test,fixed_c1,1.0,,0.008686065673828125,0.742,0.741011856189699,0.7248,0.7936,0.7756284100545608,0.6412801873905196,full_v4_features,39,39,0,,ksf-v4-idsplit::
classical_ext,svc,12,rbf_gscale_x3__svc__d12,rbf_gscale_x3,id_val,fixed_c1,1.0,,0.008509397506713867,0.88,0.88,0.8782467532467533,0.8928571428571429,0.961408,0.9552829144594515,full_v4_features,39,39,0,,ksf-v4-idsplit::
classical_ext,svc,12,rbf_gscale_x3__svc__d12,rbf_gscale_x3,id_test,fixed_c1,1.0,,0.008509397506713867,0.92,0.9199999999999999,0.919583118888317,0.9253731343283582,0.976448,0.975977380752797,full_v4_features,39,39,0,,ksf-v4-idsplit::
classical_ext,svc,12,rbf_gscale_x3__svc__d12,rbf_gscale_x3,ood_test,fixed_c1,1.0,,0.008509397506713867,0.77,0.7691723067569081,0.7593890574327858,0.8099173553719008,0.9195827133234132,0.8938733692643762,full_v4_features,39,39,0,,ksf-v4-idsplit::
classical_ext,svc,12,rbf_gscale_x10__svc__d12,rbf_gscale_x10,id_val,fixed_c1,1.0,,0.013350248336791992,0.896,0.896,0.895188338493292,0.9044117647058824,0.952896,0.9309108554921308,full_v4_features,39,39,0,,ksf-v4-idsplit::
classical_ext,svc,12,rbf_gscale_x10__svc__d12,rbf_gscale_x10,id_test,fixed_c1,1.0,,0.013350248336791992,0.908,0.9079999999999999,0.9077505575075002,0.9125475285171103,0.9622400000000001,0.962054787753898,full_v4_features,39,39,0,,ksf-v4-idsplit::
classical_ext,svc,12,rbf_gscale_x10__svc__d12,rbf_gscale_x10,ood_test,fixed_c1,1.0,,0.013350248336791992,0.792,0.7913086609385751,0.7853510336173304,0.8231292517006803,0.9218707499319988,0.8978016470514723,full_v4_features,39,39,0,,ksf-v4-idsplit::
classical_ext,svc,12,laplacian_med_x0.1__svc__d12,laplacian_med_x0.1,id_val,fixed_c1,1.0,,0.012184858322143555,0.888,0.8879999999999999,0.8875393612235718,0.8947368421052632,0.959232,0.9584203095971657,full_v4_features,39,39,0,,ksf-v4-idsplit::
classical_ext,svc,12,laplacian_med_x0.1__svc__d12,laplacian_med_x0.1,id_test,fixed_c1,1.0,,0.012184858322143555,0.912,0.9119999999999999,0.9118589743589743,0.9153846153846154,0.9624320000000001,0.9610142880638884,full_v4_features,39,39,0,,ksf-v4-idsplit::
classical_ext,svc,12,laplacian_med_x0.1__svc__d12,laplacian_med_x0.1,ood_test,fixed_c1,1.0,,0.012184858322143555,0.804,0.8034848557576921,0.8005243360310041,0.8268551236749117,0.9328309252948047,0.9265527472447161,full_v4_features,39,39,0,,ksf-v4-idsplit::
classical_ext,svc,12,laplacian_med_x0.3__svc__d12,laplacian_med_x0.3,id_val,fixed_c1,1.0,,0.007427215576171875,0.888,0.888,0.887125902992776,0.8970588235294118,0.963392,0.9564342325293717,full_v4_features,39,39,0,,ksf-v4-idsplit::
classical_ext,svc,12,laplacian_med_x0.3__svc__d12,laplacian_med_x0.3,id_test,fixed_c1,1.0,,0.007427215576171875,0.912,0.9119999999999999,0.9117967797806146,0.916030534351145,0.974848,0.9731136495372806,full_v4_features,39,39,0,,ksf-v4-idsplit::
classical_ext,svc,12,laplacian_med_x0.3__svc__d12,laplacian_med_x0.3,ood_test,fixed_c1,1.0,,0.007427215576171875,0.794,0.7933006928110851,0.7872595309795563,0.8251273344651953,0.9349749595993536,0.8970429538036606,full_v4_features,39,39,0,,ksf-v4-idsplit::
classical_ext,svc,12,laplacian_med_x3__svc__d12,laplacian_med_x3,id_val,fixed_c1,1.0,,0.009978532791137695,0.864,0.864,0.8614371413667188,0.8802816901408451,0.9554560000000001,0.948228374444446,full_v4_features,39,39,0,,ksf-v4-idsplit::
classical_ext,svc,12,laplacian_med_x3__svc__d12,laplacian_med_x3,id_test,fixed_c1,1.0,,0.009978532791137695,0.908,0.9079999999999999,0.907214664923916,0.9157509157509157,0.965568,0.9418123305851378,full_v4_features,39,39,0,,ksf-v4-idsplit::
classical_ext,svc,12,laplacian_med_x3__svc__d12,laplacian_med_x3,ood_test,fixed_c1,1.0,,0.009978532791137695,0.742,0.741011856189699,0.7248,0.7936,0.915550648810381,0.8726795031546732,full_v4_features,39,39,0,,ksf-v4-idsplit::
classical_ext,svc,12,laplacian_med_x10__svc__d12,laplacian_med_x10,id_val,fixed_c1,1.0,,0.0056574344635009766,0.86,0.86,0.8572011423908609,0.8771929824561403,0.915392,0.8674262055156842,full_v4_features,39,39,0,,ksf-v4-idsplit::
classical_ext,svc,12,laplacian_med_x10__svc__d12,laplacian_med_x10,id_test,fixed_c1,1.0,,0.0056574344635009766,0.904,0.904,0.9031070344293004,0.9124087591240876,0.9402240000000001,0.8866467881958685,full_v4_features,39,39,0,,ksf-v4-idsplit::
classical_ext,svc,12,laplacian_med_x10__svc__d12,laplacian_med_x10,ood_test,fixed_c1,1.0,,0.0056574344635009766,0.734,0.7329797276756428,0.7150313465518793,0.7885532591414944,0.8573737179794876,0.7873166033274506,full_v4_features,39,39,0,,ksf-v4-idsplit::
classical_ext,svc,12,matern15_med_x0.1__svc__d12,matern15_med_x0.1,id_val,fixed_c1,1.0,,0.010358572006225586,0.884,0.8839999999999999,0.88358089120835,0.8905660377358491,0.9516159999999999,0.9483911122308322,full_v4_features,39,39,0,,ksf-v4-idsplit::
classical_ext,svc,12,matern15_med_x0.1__svc__d12,matern15_med_x0.1,id_test,fixed_c1,1.0,,0.010358572006225586,0.908,0.9079999999999999,0.9078806132748041,0.9111969111969112,0.942144,0.9020001169006967,full_v4_features,39,39,0,,ksf-v4-idsplit::
classical_ext,svc,12,matern15_med_x0.1__svc__d12,matern15_med_x0.1,ood_test,fixed_c1,1.0,,0.010358572006225586,0.806,0.8055248883982143,0.803068877167765,0.8270944741532977,0.9169586713387413,0.8917420663465889,full_v4_features,39,39,0,,ksf-v4-idsplit::
classical_ext,svc,12,matern15_med_x0.3__svc__d12,matern15_med_x0.3,id_val,fixed_c1,1.0,,0.006607770919799805,0.888,0.888,0.8869582068341839,0.8978102189781022,0.960768,0.9526074261570189,full_v4_features,39,39,0,,ksf-v4-idsplit::
classical_ext,svc,12,matern15_med_x0.3__svc__d12,matern15_med_x0.3,id_test,fixed_c1,1.0,,0.006607770919799805,0.916,0.9159999999999999,0.9156097796209673,0.9213483146067416,0.961856,0.951062407767412,full_v4_features,39,39,0,,ksf-v4-idsplit::
classical_ext,svc,12,matern15_med_x0.3__svc__d12,matern15_med_x0.3,ood_test,fixed_c1,1.0,,0.006607770919799805,0.78,0.7792604681674906,0.7719394271118409,0.8148148148148148,0.91671866749868,0.8770043989453052,full_v4_features,39,39,0,,ksf-v4-idsplit::
classical_ext,svc,12,matern15_med_x3__svc__d12,matern15_med_x3,id_val,fixed_c1,1.0,,0.01112818717956543,0.856,0.856,0.8529507875302268,0.8741258741258742,0.8820479999999999,0.8044445155751748,full_v4_features,39,39,0,,ksf-v4-idsplit::
classical_ext,svc,12,matern15_med_x3__svc__d12,matern15_med_x3,id_test,fixed_c1,1.0,,0.01112818717956543,0.9,0.9,0.898989898989899,0.9090909090909091,0.901568,0.8108606296915305,full_v4_features,39,39,0,,ksf-v4-idsplit::
classical_ext,svc,12,matern15_med_x3__svc__d12,matern15_med_x3,ood_test,fixed_c1,1.0,,0.01112818717956543,0.722,0.7209315349045584,0.7001402221982527,0.7811023622047244,0.7727483639738236,0.6423458594421263,full_v4_features,39,39,0,,ksf-v4-idsplit::
classical_ext,svc,12,matern15_med_x10__svc__d12,matern15_med_x10,id_val,fixed_c1,1.0,,0.010514259338378906,0.828,0.8280000000000001,0.8270007563687861,0.8401486988847584,0.884608,0.8343370717838656,full_v4_features,39,39,0,,ksf-v4-idsplit::
classical_ext,svc,12,matern15_med_x10__svc__d12,matern15_med_x10,id_test,fixed_c1,1.0,,0.010514259338378906,0.836,0.836,0.8359343737494997,0.8392156862745098,0.9210240000000001,0.8735519810029232,full_v4_features,39,39,0,,ksf-v4-idsplit::
classical_ext,svc,12,matern15_med_x10__svc__d12,matern15_med_x10,ood_test,fixed_c1,1.0,,0.010514259338378906,0.714,0.7132834125346006,0.7042019866042801,0.7580372250423012,0.7292276676426823,0.6093289536795677,full_v4_features,39,39,0,,ksf-v4-idsplit::
classical_ext,svc,12,matern25_med_x0.1__svc__d12,matern25_med_x0.1,id_val,fixed_c1,1.0,,0.011010885238647461,0.884,0.8839999999999999,0.88358089120835,0.8905660377358491,0.9511679999999999,0.9492265665053298,full_v4_features,39,39,0,,ksf-v4-idsplit::
classical_ext,svc,12,matern25_med_x0.1__svc__d12,matern25_med_x0.1,id_test,fixed_c1,1.0,,0.011010885238647461,0.908,0.9079999999999999,0.9078806132748041,0.9111969111969112,0.939392,0.8860134940928925,full_v4_features,39,39,0,,ksf-v4-idsplit::
classical_ext,svc,12,matern25_med_x0.1__svc__d12,matern25_med_x0.1,ood_test,fixed_c1,1.0,,0.011010885238647461,0.808,0.8075329205267284,0.8051948051948052,0.8285714285714286,0.9145906334501352,0.8774691997261754,full_v4_features,39,39,0,,ksf-v4-idsplit::
classical_ext,svc,12,matern25_med_x0.3__svc__d12,matern25_med_x0.3,id_val,fixed_c1,1.0,,0.006275653839111328,0.884,0.884,0.8828282828282827,0.8945454545454545,0.956288,0.9422996718398975,full_v4_features,39,39,0,,ksf-v4-idsplit::
classical_ext,svc,12,matern25_med_x0.3__svc__d12,matern25_med_x0.3,id_test,fixed_c1,1.0,,0.006275653839111328,0.912,0.9119999999999999,0.9116380695328063,0.9172932330827067,0.96736,0.9592270124815243,full_v4_features,39,39,0,,ksf-v4-idsplit::
classical_ext,svc,12,matern25_med_x0.3__svc__d12,matern25_med_x0.3,ood_test,fixed_c1,1.0,,0.006275653839111328,0.782,0.7812685002960047,0.7741878011692513,0.8161888701517707,0.9165426646826349,0.8790960104403477,full_v4_features,39,39,0,,ksf-v4-idsplit::
classical_ext,svc,12,matern25_med_x3__svc__d12,matern25_med_x3,id_val,fixed_c1,1.0,,0.00667262077331543,0.828,0.8280000000000001,0.8270007563687861,0.8401486988847584,0.8755839999999999,0.7945272488768023,full_v4_features,39,39,0,,ksf-v4-idsplit::
classical_ext,svc,12,matern25_med_x3__svc__d12,matern25_med_x3,id_test,fixed_c1,1.0,,0.00667262077331543,0.848,0.848,0.847844192453072,0.8527131782945736,0.8986240000000001,0.8156837831349374,full_v4_features,39,39,0,,ksf-v4-idsplit::
classical_ext,svc,12,matern25_med_x3__svc__d12,matern25_med_x3,ood_test,fixed_c1,1.0,,0.00667262077331543,0.718,0.7172834765356246,0.7083390217566679,0.7614213197969543,0.746843949503192,0.622082174817632,full_v4_features,39,39,0,,ksf-v4-idsplit::
classical_ext,svc,12,matern25_med_x10__svc__d12,matern25_med_x10,id_val,fixed_c1,1.0,,0.008000373840332031,0.824,0.8240000000000001,0.8232761390656127,0.8345864661654135,0.906112,0.9068979251049244,full_v4_features,39,39,0,,ksf-v4-idsplit::
classical_ext,svc,12,matern25_med_x10__svc__d12,matern25_med_x10,id_test,fixed_c1,1.0,,0.008000373840332031,0.836,0.836,0.8359973759580153,0.8366533864541833,0.9044480000000001,0.9129506857679701,full_v4_features,39,39,0,,ksf-v4-idsplit::
classical_ext,svc,12,matern25_med_x10__svc__d12,matern25_med_x10,ood_test,fixed_c1,1.0,,0.008000373840332031,0.744,0.7433878942063072,0.7376145886288723,0.7785467128027682,0.847405558488936,0.7727327958969756,full_v4_features,39,39,0,,ksf-v4-idsplit::
quantum,svc,12,zz_r1_full__as0.5__svc__d12,zz_r1_full__as0.5,id_val,fixed_c1,1.0,,0.013553857803344727,0.876,0.876,0.874941504897452,0.8864468864468864,0.948608,0.9280418446775783,full_v4_features,39,39,0,,ksf-v4-idsplit::
quantum,svc,12,zz_r1_full__as0.5__svc__d12,zz_r1_full__as0.5,id_test,fixed_c1,1.0,,0.013553857803344727,0.904,0.9039999999999999,0.9037783052152158,0.9083969465648855,0.9450879999999999,0.8967647257923357,full_v4_features,39,39,0,,ksf-v4-idsplit::
quantum,svc,12,zz_r1_full__as0.5__svc__d12,zz_r1_full__as0.5,ood_test,fixed_c1,1.0,,0.013553857803344727,0.788,0.7873565977055633,0.7821404495305744,0.8178694158075601,0.9190067041072658,0.9028120435153151,full_v4_features,39,39,0,,ksf-v4-idsplit::
quantum,svc,12,zz_r2_full__as0.5__svc__d12,zz_r2_full__as0.5,id_val,fixed_c1,1.0,,0.012883663177490234,0.856,0.856,0.856,0.856,0.938624,0.9196927140379122,full_v4_features,39,39,0,,ksf-v4-idsplit::
quantum,svc,12,zz_r2_full__as0.5__svc__d12,zz_r2_full__as0.5,id_test,fixed_c1,1.0,,0.012883663177490234,0.852,0.8520000000000001,0.8517129162057744,0.8451882845188284,0.9409919999999999,0.9392319824673757,full_v4_features,39,39,0,,ksf-v4-idsplit::
quantum,svc,12,zz_r2_full__as0.5__svc__d12,zz_r2_full__as0.5,ood_test,fixed_c1,1.0,,0.012883663177490234,0.816,0.8158690539048625,0.8157612265496084,0.8223938223938224,0.9141426262820205,0.923137449334615,full_v4_features,39,39,0,,ksf-v4-idsplit::
quantum,svc,12,pauli_xz_r1_full__as0.5__svc__d12,pauli_xz_r1_full__as0.5,id_val,fixed_c1,1.0,,0.007364988327026367,0.868,0.868,0.8656592467147579,0.8833922261484098,0.964352,0.9611066331781534,full_v4_features,39,39,0,,ksf-v4-idsplit::
quantum,svc,12,pauli_xz_r1_full__as0.5__svc__d12,pauli_xz_r1_full__as0.5,id_test,fixed_c1,1.0,,0.007364988327026367,0.916,0.9159999999999999,0.915403084161846,0.922509225092251,0.9774719999999999,0.9766440646777561,full_v4_features,39,39,0,,ksf-v4-idsplit::
quantum,svc,12,pauli_xz_r1_full__as0.5__svc__d12,pauli_xz_r1_full__as0.5,ood_test,fixed_c1,1.0,,0.007364988327026367,0.75,0.7490439847037553,0.7344482259017076,0.7987117552334944,0.8996303940863055,0.8389960663357159,full_v4_features,39,39,0,,ksf-v4-idsplit::
quantum,svc,12,zmap_r2__as0.5__svc__d12,zmap_r2__as0.5,id_val,fixed_c1,1.0,,0.006512641906738281,0.88,0.88,0.8782467532467533,0.8928571428571429,0.963008,0.957957601834257,full_v4_features,39,39,0,,ksf-v4-idsplit::
quantum,svc,12,zmap_r2__as0.5__svc__d12,zmap_r2__as0.5,id_test,fixed_c1,1.0,,0.006512641906738281,0.916,0.9159999999999999,0.9155119972963839,0.9219330855018587,0.975616,0.9752550320085357,full_v4_features,39,39,0,,ksf-v4-idsplit::
quantum,svc,12,zmap_r2__as0.5__svc__d12,zmap_r2__as0.5,ood_test,fixed_c1,1.0,,0.006512641906738281,0.764,0.7631322101153619,0.7519966372425388,0.8065573770491803,0.9267988287812605,0.9246953254770507,full_v4_features,39,39,0,,ksf-v4-idsplit::
quantum,svc,12,zz_r1_full__svc__d12,zz_r1_full,id_val,fixed_c1,1.0,,0.012999296188354492,0.9,0.8999999999999999,0.8994190444004571,0.9070631970260223,0.9464319999999999,0.9189390146994564,full_v4_features,39,39,0,,ksf-v4-idsplit::
quantum,svc,12,zz_r1_full__svc__d12,zz_r1_full,id_test,fixed_c1,1.0,,0.012999296188354492,0.896,0.896,0.8958333333333334,0.9,0.950464,0.9471650986539973,full_v4_features,39,39,0,,ksf-v4-idsplit::
quantum,svc,12,zz_r1_full__svc__d12,zz_r1_full,ood_test,fixed_c1,1.0,,0.012999296188354492,0.792,0.7914366629866078,0.7875955819881053,0.8181818181818182,0.9193747099953599,0.929423730667688,full_v4_features,39,39,0,,ksf-v4-idsplit::
quantum,svc,12,zz_r2_full__svc__d12,zz_r2_full,id_val,fixed_c1,1.0,,0.015666723251342773,0.8,0.8,0.7981396550610426,0.7787610619469026,0.9355519999999999,0.9220690124357667,full_v4_features,39,39,0,,ksf-v4-idsplit::
quantum,svc,12,zz_r2_full__svc__d12,zz_r2_full,id_test,fixed_c1,1.0,,0.015666723251342773,0.796,0.796,0.791921664626683,0.7627906976744186,0.936704,0.939107877692392,full_v4_features,39,39,0,,ksf-v4-idsplit::
quantum,svc,12,zz_r2_full__svc__d12,zz_r2_full,ood_test,fixed_c1,1.0,,0.015666723251342773,0.834,0.8341653466455463,0.8337599493668858,0.8274428274428275,0.9100305604889677,0.9242414864778703,full_v4_features,39,39,0,,ksf-v4-idsplit::
quantum,svc,12,pauli_xz_r1_full__svc__d12,pauli_xz_r1_full,id_val,fixed_c1,1.0,,0.008601665496826172,0.88,0.88,0.8786878881987578,0.8913043478260869,0.956928,0.9366011838189399,full_v4_features,39,39,0,,ksf-v4-idsplit::
quantum,svc,12,pauli_xz_r1_full__svc__d12,pauli_xz_r1_full,id_test,fixed_c1,1.0,,0.008601665496826172,0.912,0.9119999999999999,0.9116380695328063,0.9172932330827067,0.969536,0.9651217623933677,full_v4_features,39,39,0,,ksf-v4-idsplit::
quantum,svc,12,pauli_xz_r1_full__svc__d12,pauli_xz_r1_full,ood_test,fixed_c1,1.0,,0.008601665496826172,0.784,0.7832765324245188,0.7764308426073132,0.8175675675675675,0.9123185970975536,0.8774338416375439,full_v4_features,39,39,0,,ksf-v4-idsplit::
quantum,svc,12,zmap_r2__svc__d12,zmap_r2,id_val,fixed_c1,1.0,,0.007461071014404297,0.876,0.876,0.8745365948422399,0.8880866425992779,0.9575039999999999,0.9489093767734798,full_v4_features,39,39,0,,ksf-v4-idsplit::
quantum,svc,12,zmap_r2__svc__d12,zmap_r2,id_test,fixed_c1,1.0,,0.007461071014404297,0.908,0.9079999999999999,0.9076676033721397,0.9132075471698113,0.966528,0.9613357545743564,full_v4_features,39,39,0,,ksf-v4-idsplit::
quantum,svc,12,zmap_r2__svc__d12,zmap_r2,ood_test,fixed_c1,1.0,,0.007461071014404297,0.782,0.7812685002960047,0.7741878011692513,0.8161888701517707,0.9237907806524904,0.884105048720794,full_v4_features,39,39,0,,ksf-v4-idsplit::
quantum,svc,12,zz_r1_full__as2__svc__d12,zz_r1_full__as2,id_val,fixed_c1,1.0,,0.01580667495727539,0.864,0.864,0.8637820512820513,0.8692307692307693,0.942336,0.9187799707170816,full_v4_features,39,39,0,,ksf-v4-idsplit::
quantum,svc,12,zz_r1_full__as2__svc__d12,zz_r1_full__as2,id_test,fixed_c1,1.0,,0.01580667495727539,0.86,0.86,0.8599977599641595,0.8594377510040161,0.9539839999999999,0.9527353937384068,full_v4_features,39,39,0,,ksf-v4-idsplit::
quantum,svc,12,zz_r1_full__as2__svc__d12,zz_r1_full__as2,ood_test,fixed_c1,1.0,,0.01580667495727539,0.794,0.7936206979311669,0.7920023909628068,0.8123861566484517,0.9207987327797246,0.9322513107750792,full_v4_features,39,39,0,,ksf-v4-idsplit::
quantum,svc,12,zz_r2_full__as2__svc__d12,zz_r2_full__as2,id_val,fixed_c1,1.0,,0.014533042907714844,0.788,0.788,0.7827120812082848,0.7488151658767772,0.927488,0.927340154565304,full_v4_features,39,39,0,,ksf-v4-idsplit::
quantum,svc,12,zz_r2_full__as2__svc__d12,zz_r2_full__as2,id_test,fixed_c1,1.0,,0.014533042907714844,0.788,0.788,0.7795304414382935,0.736318407960199,0.917824,0.9248939632369304,full_v4_features,39,39,0,,ksf-v4-idsplit::
quantum,svc,12,zz_r2_full__as2__svc__d12,zz_r2_full__as2,ood_test,fixed_c1,1.0,,0.014533042907714844,0.83,0.8303892862285797,0.8284844889443119,0.8123620309050773,0.9052464839437432,0.9220843759155534,full_v4_features,39,39,0,,ksf-v4-idsplit::
quantum,svc,12,pauli_xz_r1_full__as2__svc__d12,pauli_xz_r1_full__as2,id_val,fixed_c1,1.0,,0.009999752044677734,0.88,0.88,0.8792270531400965,0.8888888888888888,0.9506560000000001,0.9457695135443441,full_v4_features,39,39,0,,ksf-v4-idsplit::
quantum,svc,12,pauli_xz_r1_full__as2__svc__d12,pauli_xz_r1_full__as2,id_test,fixed_c1,1.0,,0.009999752044677734,0.916,0.9159999999999999,0.9158370605492233,0.9195402298850575,0.9468799999999999,0.9236766223221238,full_v4_features,39,39,0,,ksf-v4-idsplit::
quantum,svc,12,pauli_xz_r1_full__as2__svc__d12,pauli_xz_r1_full__as2,ood_test,fixed_c1,1.0,,0.009999752044677734,0.804,0.803468855501688,0.8003064684402712,0.8274647887323944,0.9218547496759949,0.9045386183250201,full_v4_features,39,39,0,,ksf-v4-idsplit::
quantum,svc,12,zmap_r2__as2__svc__d12,zmap_r2__as2,id_val,fixed_c1,1.0,,0.008565664291381836,0.864,0.8640000000000001,0.8632913021101389,0.8731343283582089,0.9416959999999999,0.9349688327474062,full_v4_features,39,39,0,,ksf-v4-idsplit::
quantum,svc,12,zmap_r2__as2__svc__d12,zmap_r2__as2,id_test,fixed_c1,1.0,,0.008565664291381836,0.908,0.9079999999999999,0.9078215425062922,0.9118773946360154,0.9482879999999999,0.9263817766662502,full_v4_features,39,39,0,,ksf-v4-idsplit::
quantum,svc,12,zmap_r2__as2__svc__d12,zmap_r2__as2,ood_test,fixed_c1,1.0,,0.008565664291381836,0.808,0.8074209187346998,0.8037002502821808,0.8327526132404182,0.9199987199795197,0.8917584224234959,full_v4_features,39,39,0,,ksf-v4-idsplit::
