n_id,n_val,n_test,pos_rate_val,pos_rate_test,overlap,class_balance_gap
500,251,249,0.5537848605577689,0.5542168674698795,0,0.00043200691211064957
