n_id,n_val,n_test,pos_rate_val,pos_rate_test,overlap,class_balance_gap
1800,901,899,0.5005549389567148,0.5005561735261401,0,1.234569425356824e-06
