n_id,n_val,n_test,pos_rate_val,pos_rate_test,overlap,class_balance_gap
500,251,249,0.5577689243027888,0.5582329317269076,0,0.00046400742411878415
