n_id,n_val,n_test,pos_rate_val,pos_rate_test,overlap,class_balance_gap
1000,501,499,0.5069860279441117,0.5070140280561122,0,2.800011200043695e-05
