n_id,n_val,n_test,pos_rate_val,pos_rate_test,overlap,class_balance_gap
1000,501,499,0.5449101796407185,0.5450901803607214,0,0.00018000072000290412
