n_id,n_val,n_test,pos_rate_val,pos_rate_test,overlap,class_balance_gap
500,251,249,0.5617529880478087,0.5622489959839357,0,0.0004960079361270298
