family,model,dim,cfg,kernel,split,regularization,c_selected,c_cv_score,fit_seconds,accuracy,balanced_accuracy,f1_macro,f1_pos,roc_auc,pr_auc,feature_policy,n_input_features,n_retained_features,n_removed_features,removed_features,id_split_hash_salt
classical_ext,svc,4,linear__svc__d4,linear,id_val,fixed_c1,1.0,,0.009546518325805664,0.8007968127490039,0.8019761087812938,0.8007177337398375,0.8046875,0.8686618375905452,0.8413511496230132,port_protocol_service_ablation,88,74,14,src_port|dst_port|proto_icmp|proto_tcp|proto_udp|service|service_dce_rpc|service_dns|service_ftp|service_gssapi|service_http|service_smb|service_smb_gssapi|service_ssl,ksf-v4-idsplit::
classical_ext,svc,4,linear__svc__d4,linear,id_test,fixed_c1,1.0,,0.009546518325805664,0.9036144578313253,0.9042161673553719,0.9036129032258065,0.9032258064516129,0.9387267561983471,0.9360425118674478,port_protocol_service_ablation,88,74,14,src_port|dst_port|proto_icmp|proto_tcp|proto_udp|service|service_dce_rpc|service_dns|service_ftp|service_gssapi|service_http|service_smb|service_smb_gssapi|service_ssl,ksf-v4-idsplit::
classical_ext,svc,4,linear__svc__d4,linear,ood_test,fixed_c1,1.0,,0.009546518325805664,0.502,0.5092872812284832,0.46992178685320873,0.3395225464190981,0.8186097900754191,0.8418213069767725,port_protocol_service_ablation,88,74,14,src_port|dst_port|proto_icmp|proto_tcp|proto_udp|service|service_dce_rpc|service_dns|service_ftp|service_gssapi|service_http|service_smb|service_smb_gssapi|service_ssl,ksf-v4-idsplit::
classical_ext,svc,4,linear__svc__d4,linear,id_val,train_cv,0.1,0.8191008847064921,0.006516218185424805,0.8007968127490039,0.8019761087812938,0.8007177337398375,0.8046875,0.8558902020587115,0.836935526208658,port_protocol_service_ablation,88,74,14,src_port|dst_port|proto_icmp|proto_tcp|proto_udp|service|service_dce_rpc|service_dns|service_ftp|service_gssapi|service_http|service_smb|service_smb_gssapi|service_ssl,ksf-v4-idsplit::
classical_ext,svc,4,linear__svc__d4,linear,id_test,train_cv,0.1,0.8191008847064921,0.006516218185424805,0.9036144578313253,0.9042161673553719,0.9036129032258065,0.9032258064516129,0.9333677685950412,0.9328297538704929,port_protocol_service_ablation,88,74,14,src_port|dst_port|proto_icmp|proto_tcp|proto_udp|service|service_dce_rpc|service_dns|service_ftp|service_gssapi|service_http|service_smb|service_smb_gssapi|service_ssl,ksf-v4-idsplit::
classical_ext,svc,4,linear__svc__d4,linear,ood_test,train_cv,0.1,0.8191008847064921,0.006516218185424805,0.502,0.5092872812284832,0.46992178685320873,0.3395225464190981,0.8176490368448864,0.8413398650535496,port_protocol_service_ablation,88,74,14,src_port|dst_port|proto_icmp|proto_tcp|proto_udp|service|service_dce_rpc|service_dns|service_ftp|service_gssapi|service_http|service_smb|service_smb_gssapi|service_ssl,ksf-v4-idsplit::
classical_ext,svc,4,rbf_gscale__svc__d4,rbf_gscale,id_val,fixed_c1,1.0,,0.010624408721923828,0.852589641434263,0.8565891472868217,0.8504532938277967,0.8683274021352313,0.94834159359512,0.9325655640773973,port_protocol_service_ablation,88,74,14,src_port|dst_port|proto_icmp|proto_tcp|proto_udp|service|service_dce_rpc|service_dns|service_ftp|service_gssapi|service_http|service_smb|service_smb_gssapi|service_ssl,ksf-v4-idsplit::
classical_ext,svc,4,rbf_gscale__svc__d4,rbf_gscale,id_test,fixed_c1,1.0,,0.010624408721923828,0.9076305220883534,0.91015625,0.90724755040894,0.9132075471698113,0.9866993801652892,0.9869768034334261,port_protocol_service_ablation,88,74,14,src_port|dst_port|proto_icmp|proto_tcp|proto_udp|service|service_dce_rpc|service_dns|service_ftp|service_gssapi|service_http|service_smb|service_smb_gssapi|service_ssl,ksf-v4-idsplit::
classical_ext,svc,4,rbf_gscale__svc__d4,rbf_gscale,ood_test,fixed_c1,1.0,,0.010624408721923828,0.86,0.8559670781893004,0.8559338777660696,0.8801369863013698,0.8276728955501114,0.8558068570062505,port_protocol_service_ablation,88,74,14,src_port|dst_port|proto_icmp|proto_tcp|proto_udp|service|service_dce_rpc|service_dns|service_ftp|service_gssapi|service_http|service_smb|service_smb_gssapi|service_ssl,ksf-v4-idsplit::
classical_ext,svc,4,rbf_gscale__svc__d4,rbf_gscale,id_val,train_cv,100.0,0.8668287035254807,0.00800013542175293,0.848605577689243,0.8495996950057186,0.8485839471678944,0.8503937007874016,0.9299148557631212,0.877035693046286,port_protocol_service_ablation,88,74,14,src_port|dst_port|proto_icmp|proto_tcp|proto_udp|service|service_dce_rpc|service_dns|service_ftp|service_gssapi|service_http|service_smb|service_smb_gssapi|service_ssl,ksf-v4-idsplit::
classical_ext,svc,4,rbf_gscale__svc__d4,rbf_gscale,id_test,train_cv,100.0,0.8668287035254807,0.00800013542175293,0.891566265060241,0.8915934917355373,0.8915032679738562,0.8888888888888888,0.970235020661157,0.9722888916353816,port_protocol_service_ablation,88,74,14,src_port|dst_port|proto_icmp|proto_tcp|proto_udp|service|service_dce_rpc|service_dns|service_ftp|service_gssapi|service_http|service_smb|service_smb_gssapi|service_ssl,ksf-v4-idsplit::
classical_ext,svc,4,rbf_gscale__svc__d4,rbf_gscale,ood_test,train_cv,100.0,0.8668287035254807,0.00800013542175293,0.936,0.9341563786008231,0.9354536799470721,0.9413919413919414,1.0,1.0,port_protocol_service_ablation,88,74,14,src_port|dst_port|proto_icmp|proto_tcp|proto_udp|service|service_dce_rpc|service_dns|service_ftp|service_gssapi|service_http|service_smb|service_smb_gssapi|service_ssl,ksf-v4-idsplit::
classical_ext,svc,4,poly2__svc__d4,poly2,id_val,fixed_c1,1.0,,0.010004758834838867,0.796812749003984,0.7981001397890457,0.7966965774636703,0.8015564202334631,0.8197992120981065,0.74973259448253,port_protocol_service_ablation,88,74,14,src_port|dst_port|proto_icmp|proto_tcp|proto_udp|service|service_dce_rpc|service_dns|service_ftp|service_gssapi|service_http|service_smb|service_smb_gssapi|service_ssl,ksf-v4-idsplit::
classical_ext,svc,4,poly2__svc__d4,poly2,id_test,fixed_c1,1.0,,0.010004758834838867,0.9036144578313253,0.9042161673553719,0.9036129032258065,0.9032258064516129,0.9161286157024793,0.8839012312950952,port_protocol_service_ablation,88,74,14,src_port|dst_port|proto_icmp|proto_tcp|proto_udp|service|service_dce_rpc|service_dns|service_ftp|service_gssapi|service_http|service_smb|service_smb_gssapi|service_ssl,ksf-v4-idsplit::
classical_ext,svc,4,poly2__svc__d4,poly2,ood_test,fixed_c1,1.0,,0.010004758834838867,0.502,0.5092872812284832,0.46992178685320873,0.3395225464190981,0.768970873164561,0.6990225295327575,port_protocol_service_ablation,88,74,14,src_port|dst_port|proto_icmp|proto_tcp|proto_udp|service|service_dce_rpc|service_dns|service_ftp|service_gssapi|service_http|service_smb|service_smb_gssapi|service_ssl,ksf-v4-idsplit::
classical_ext,svc,4,poly2__svc__d4,poly2,id_val,train_cv,100.0,0.8464807990653128,0.022429704666137695,0.8406374501992032,0.8449612403100775,0.8378343455226773,0.8591549295774648,0.9541873173211336,0.9007016788637525,port_protocol_service_ablation,88,74,14,src_port|dst_port|proto_icmp|proto_tcp|proto_udp|service|service_dce_rpc|service_dns|service_ftp|service_gssapi|service_http|service_smb|service_smb_gssapi|service_ssl,ksf-v4-idsplit::
classical_ext,svc,4,poly2__svc__d4,poly2,id_test,train_cv,100.0,0.8464807990653128,0.022429704666137695,0.9076305220883534,0.91015625,0.90724755040894,0.9132075471698113,0.9819214876033058,0.9785174014421002,port_protocol_service_ablation,88,74,14,src_port|dst_port|proto_icmp|proto_tcp|proto_udp|service|service_dce_rpc|service_dns|service_ftp|service_gssapi|service_http|service_smb|service_smb_gssapi|service_ssl,ksf-v4-idsplit::
classical_ext,svc,4,poly2__svc__d4,poly2,ood_test,train_cv,100.0,0.8464807990653128,0.022429704666137695,0.862,0.8580246913580247,0.8580895146661403,0.8816466552315609,0.9979023554466703,0.9979565381057246,port_protocol_service_ablation,88,74,14,src_port|dst_port|proto_icmp|proto_tcp|proto_udp|service|service_dce_rpc|service_dns|service_ftp|service_gssapi|service_http|service_smb|service_smb_gssapi|service_ssl,ksf-v4-idsplit::
classical_ext,svc,4,poly3__svc__d4,poly3,id_val,fixed_c1,1.0,,0.0069997310638427734,0.8007968127490039,0.8019761087812938,0.8007177337398375,0.8046875,0.8201169144745203,0.7505412886172665,port_protocol_service_ablation,88,74,14,src_port|dst_port|proto_icmp|proto_tcp|proto_udp|service|service_dce_rpc|service_dns|service_ftp|service_gssapi|service_http|service_smb|service_smb_gssapi|service_ssl,ksf-v4-idsplit::
classical_ext,svc,4,poly3__svc__d4,poly3,id_test,fixed_c1,1.0,,0.0069997310638427734,0.9036144578313253,0.9042161673553719,0.9036129032258065,0.9032258064516129,0.9157412190082644,0.8827723604962844,port_protocol_service_ablation,88,74,14,src_port|dst_port|proto_icmp|proto_tcp|proto_udp|service|service_dce_rpc|service_dns|service_ftp|service_gssapi|service_http|service_smb|service_smb_gssapi|service_ssl,ksf-v4-idsplit::
classical_ext,svc,4,poly3__svc__d4,poly3,ood_test,fixed_c1,1.0,,0.0069997310638427734,0.502,0.5092872812284832,0.46992178685320873,0.3395225464190981,0.7680901827032393,0.6971551844202942,port_protocol_service_ablation,88,74,14,src_port|dst_port|proto_icmp|proto_tcp|proto_udp|service|service_dce_rpc|service_dns|service_ftp|service_gssapi|service_http|service_smb|service_smb_gssapi|service_ssl,ksf-v4-idsplit::
classical_ext,svc,4,poly3__svc__d4,poly3,id_val,train_cv,10.0,0.8485426547354159,0.0176544189453125,0.8446215139442231,0.8488372093023255,0.8420543104700131,0.8621908127208481,0.9350616342610244,0.9031321835984722,port_protocol_service_ablation,88,74,14,src_port|dst_port|proto_icmp|proto_tcp|proto_udp|service|service_dce_rpc|service_dns|service_ftp|service_gssapi|service_http|service_smb|service_smb_gssapi|service_ssl,ksf-v4-idsplit::
classical_ext,svc,4,poly3__svc__d4,poly3,id_test,train_cv,10.0,0.8485426547354159,0.0176544189453125,0.9156626506024096,0.91796875,0.9153951945635466,0.9201520912547528,0.9805010330578512,0.9802246461791039,port_protocol_service_ablation,88,74,14,src_port|dst_port|proto_icmp|proto_tcp|proto_udp|service|service_dce_rpc|service_dns|service_ftp|service_gssapi|service_http|service_smb|service_smb_gssapi|service_ssl,ksf-v4-idsplit::
classical_ext,svc,4,poly3__svc__d4,poly3,ood_test,train_cv,10.0,0.8485426547354159,0.0176544189453125,0.87,0.8662551440329218,0.8666715895618213,0.8877374784110535,0.8281212470576932,0.8549312950744798,port_protocol_service_ablation,88,74,14,src_port|dst_port|proto_icmp|proto_tcp|proto_udp|service|service_dce_rpc|service_dns|service_ftp|service_gssapi|service_http|service_smb|service_smb_gssapi|service_ssl,ksf-v4-idsplit::
classical_ext,svc,4,laplacian_med__svc__d4,laplacian_med,id_val,fixed_c1,1.0,,0.005373954772949219,0.8565737051792829,0.8573516329902148,0.8565714285714285,0.8571428571428571,0.9687380861608844,0.9611010762489247,port_protocol_service_ablation,88,74,14,src_port|dst_port|proto_icmp|proto_tcp|proto_udp|service|service_dce_rpc|service_dns|service_ftp|service_gssapi|service_http|service_smb|service_smb_gssapi|service_ssl,ksf-v4-idsplit::
classical_ext,svc,4,laplacian_med__svc__d4,laplacian_med,id_test,fixed_c1,1.0,,0.005373954772949219,0.891566265060241,0.8915934917355373,0.8915032679738562,0.8888888888888888,0.9861182851239668,0.9858659406758075,port_protocol_service_ablation,88,74,14,src_port|dst_port|proto_icmp|proto_tcp|proto_udp|service|service_dce_rpc|service_dns|service_ftp|service_gssapi|service_http|service_smb|service_smb_gssapi|service_ssl,ksf-v4-idsplit::
classical_ext,svc,4,laplacian_med__svc__d4,laplacian_med,ood_test,fixed_c1,1.0,,0.005373954772949219,0.938,0.9362139917695473,0.937493698961589,0.9431192660550459,0.9984627948311475,0.9985248914170808,port_protocol_service_ablation,88,74,14,src_port|dst_port|proto_icmp|proto_tcp|proto_udp|service|service_dce_rpc|service_dns|service_ftp|service_gssapi|service_http|service_smb|service_smb_gssapi|service_ssl,ksf-v4-idsplit::
classical_ext,svc,4,laplacian_med__svc__d4,laplacian_med,id_val,train_cv,100.0,0.9692079682611787,0.0030014514923095703,0.9800796812749004,0.9806201550387597,0.9800784164325285,0.9799196787148594,0.9928199262930486,0.9857652365511266,port_protocol_service_ablation,88,74,14,src_port|dst_port|proto_icmp|proto_tcp|proto_udp|service|service_dce_rpc|service_dns|service_ftp|service_gssapi|service_http|service_smb|service_smb_gssapi|service_ssl,ksf-v4-idsplit::
classical_ext,svc,4,laplacian_med__svc__d4,laplacian_med,id_test,train_cv,100.0,0.9692079682611787,0.0030014514923095703,0.9799196787148594,0.98046875,0.9799183831475717,0.979757085020243,0.9993543388429752,0.9993414666141939,port_protocol_service_ablation,88,74,14,src_port|dst_port|proto_icmp|proto_tcp|proto_udp|service|service_dce_rpc|service_dns|service_ftp|service_gssapi|service_http|service_smb|service_smb_gssapi|service_ssl,ksf-v4-idsplit::
classical_ext,svc,4,laplacian_med__svc__d4,laplacian_med,ood_test,train_cv,100.0,0.9692079682611787,0.0030014514923095703,0.982,0.9814814814814814,0.981961831234893,0.982791586998088,0.9959808489856046,0.9890569672202062,port_protocol_service_ablation,88,74,14,src_port|dst_port|proto_icmp|proto_tcp|proto_udp|service|service_dce_rpc|service_dns|service_ftp|service_gssapi|service_http|service_smb|service_smb_gssapi|service_ssl,ksf-v4-idsplit::
classical_ext,svc,4,matern15_med__svc__d4,matern15_med,id_val,fixed_c1,1.0,,0.005482673645019531,0.852589641434263,0.8565891472868217,0.8504532938277967,0.8683274021352313,0.940843817511755,0.9126384363529755,port_protocol_service_ablation,88,74,14,src_port|dst_port|proto_icmp|proto_tcp|proto_udp|service|service_dce_rpc|service_dns|service_ftp|service_gssapi|service_http|service_smb|service_smb_gssapi|service_ssl,ksf-v4-idsplit::
classical_ext,svc,4,matern15_med__svc__d4,matern15_med,id_test,fixed_c1,1.0,,0.005482673645019531,0.9076305220883534,0.91015625,0.90724755040894,0.9132075471698113,0.9868285123966942,0.9869260329700928,port_protocol_service_ablation,88,74,14,src_port|dst_port|proto_icmp|proto_tcp|proto_udp|service|service_dce_rpc|service_dns|service_ftp|service_gssapi|service_http|service_smb|service_smb_gssapi|service_ssl,ksf-v4-idsplit::
classical_ext,svc,4,matern15_med__svc__d4,matern15_med,ood_test,fixed_c1,1.0,,0.005482673645019531,0.862,0.8580246913580247,0.8580895146661403,0.8816466552315609,0.8301708539494963,0.8669013386724889,port_protocol_service_ablation,88,74,14,src_port|dst_port|proto_icmp|proto_tcp|proto_udp|service|service_dce_rpc|service_dns|service_ftp|service_gssapi|service_http|service_smb|service_smb_gssapi|service_ssl,ksf-v4-idsplit::
classical_ext,svc,4,matern15_med__svc__d4,matern15_med,id_val,train_cv,100.0,0.8928545947763243,0.009009599685668945,0.8605577689243028,0.8612276019824628,0.8605577689243028,0.8605577689243028,0.9572372601347058,0.956312725916722,port_protocol_service_ablation,88,74,14,src_port|dst_port|proto_icmp|proto_tcp|proto_udp|service|service_dce_rpc|service_dns|service_ftp|service_gssapi|service_http|service_smb|service_smb_gssapi|service_ssl,ksf-v4-idsplit::
classical_ext,svc,4,matern15_med__svc__d4,matern15_med,id_test,train_cv,100.0,0.8928545947763243,0.009009599685668945,0.8995983935742972,0.8994059917355373,0.8994946477872677,0.8962655601659751,0.9758522727272727,0.9789053164876346,port_protocol_service_ablation,88,74,14,src_port|dst_port|proto_icmp|proto_tcp|proto_udp|service|service_dce_rpc|service_dns|service_ftp|service_gssapi|service_http|service_smb|service_smb_gssapi|service_ssl,ksf-v4-idsplit::
classical_ext,svc,4,matern15_med__svc__d4,matern15_med,ood_test,train_cv,100.0,0.8928545947763243,0.009009599685668945,0.946,0.9444444444444444,0.9456344460150049,0.9500924214417745,0.999919937230789,0.9999257433094721,port_protocol_service_ablation,88,74,14,src_port|dst_port|proto_icmp|proto_tcp|proto_udp|service|service_dce_rpc|service_dns|service_ftp|service_gssapi|service_http|service_smb|service_smb_gssapi|service_ssl,ksf-v4-idsplit::
classical_ext,svc,4,matern25_med__svc__d4,matern25_med,id_val,fixed_c1,1.0,,0.006892681121826172,0.8446215139442231,0.847947642648367,0.8431878253904685,0.8581818181818182,0.9257847248697421,0.8992511890909001,port_protocol_service_ablation,88,74,14,src_port|dst_port|proto_icmp|proto_tcp|proto_udp|service|service_dce_rpc|service_dns|service_ftp|service_gssapi|service_http|service_smb|service_smb_gssapi|service_ssl,ksf-v4-idsplit::
classical_ext,svc,4,matern25_med__svc__d4,matern25_med,id_test,fixed_c1,1.0,,0.006892681121826172,0.8955823293172691,0.8975335743801653,0.8953781512605042,0.9,0.9795971074380165,0.9794687648811512,port_protocol_service_ablation,88,74,14,src_port|dst_port|proto_icmp|proto_tcp|proto_udp|service|service_dce_rpc|service_dns|service_ftp|service_gssapi|service_http|service_smb|service_smb_gssapi|service_ssl,ksf-v4-idsplit::
classical_ext,svc,4,matern25_med__svc__d4,matern25_med,ood_test,fixed_c1,1.0,,0.006892681121826172,0.856,0.8521881154825384,0.8522167487684729,0.8758620689655172,0.8226289410898143,0.8389893076883274,port_protocol_service_ablation,88,74,14,src_port|dst_port|proto_icmp|proto_tcp|proto_udp|service|service_dce_rpc|service_dns|service_ftp|service_gssapi|service_http|service_smb|service_smb_gssapi|service_ssl,ksf-v4-idsplit::
classical_ext,svc,4,matern25_med__svc__d4,matern25_med,id_val,train_cv,100.0,0.8591177251834343,0.008543729782104492,0.852589641434263,0.8534756639979667,0.8525802816007111,0.8537549407114624,0.9474520269411615,0.9381400857596947,port_protocol_service_ablation,88,74,14,src_port|dst_port|proto_icmp|proto_tcp|proto_udp|service|service_dce_rpc|service_dns|service_ftp|service_gssapi|service_http|service_smb|service_smb_gssapi|service_ssl,ksf-v4-idsplit::
classical_ext,svc,4,matern25_med__svc__d4,matern25_med,id_test,train_cv,100.0,0.8591177251834343,0.008543729782104492,0.8955823293172691,0.8954997417355373,0.8954997417355373,0.8925619834710744,0.9708806818181819,0.9730232571225477,port_protocol_service_ablation,88,74,14,src_port|dst_port|proto_icmp|proto_tcp|proto_udp|service|service_dce_rpc|service_dns|service_ftp|service_gssapi|service_http|service_smb|service_smb_gssapi|service_ssl,ksf-v4-idsplit::
classical_ext,svc,4,matern25_med__svc__d4,matern25_med,ood_test,train_cv,100.0,0.8591177251834343,0.008543729782104492,0.94,0.9382716049382716,0.93953173374613,0.9448529411764706,1.0,1.0,port_protocol_service_ablation,88,74,14,src_port|dst_port|proto_icmp|proto_tcp|proto_udp|service|service_dce_rpc|service_dns|service_ftp|service_gssapi|service_http|service_smb|service_smb_gssapi|service_ssl,ksf-v4-idsplit::
classical_ext,svc,4,rbf_gscale_x0.1__svc__d4,rbf_gscale_x0.1,id_val,fixed_c1,1.0,,0.0053904056549072266,0.8007968127490039,0.8019761087812938,0.8007177337398375,0.8046875,0.8748888041682551,0.8360875564905423,port_protocol_service_ablation,88,74,14,src_port|dst_port|proto_icmp|proto_tcp|proto_udp|service|service_dce_rpc|service_dns|service_ftp|service_gssapi|service_http|service_smb|service_smb_gssapi|service_ssl,ksf-v4-idsplit::
classical_ext,svc,4,rbf_gscale_x0.1__svc__d4,rbf_gscale_x0.1,id_test,fixed_c1,1.0,,0.0053904056549072266,0.9036144578313253,0.9042161673553719,0.9036129032258065,0.9032258064516129,0.9491219008264462,0.9426263697930227,port_protocol_service_ablation,88,74,14,src_port|dst_port|proto_icmp|proto_tcp|proto_udp|service|service_dce_rpc|service_dns|service_ftp|service_gssapi|service_http|service_smb|service_smb_gssapi|service_ssl,ksf-v4-idsplit::
classical_ext,svc,4,rbf_gscale_x0.1__svc__d4,rbf_gscale_x0.1,ood_test,fixed_c1,1.0,,0.0053904056549072266,0.502,0.5092872812284832,0.46992178685320873,0.3395225464190981,0.821700212966966,0.8422765505048717,port_protocol_service_ablation,88,74,14,src_port|dst_port|proto_icmp|proto_tcp|proto_udp|service|service_dce_rpc|service_dns|service_ftp|service_gssapi|service_http|service_smb|service_smb_gssapi|service_ssl,ksf-v4-idsplit::
classical_ext,svc,4,rbf_gscale_x0.1__svc__d4,rbf_gscale_x0.1,id_val,train_cv,100.0,0.8464807990653128,0.01885199546813965,0.8446215139442231,0.8488372093023255,0.8420543104700131,0.8621908127208481,0.9644808743169399,0.936241812835761,port_protocol_service_ablation,88,74,14,src_port|dst_port|proto_icmp|proto_tcp|proto_udp|service|service_dce_rpc|service_dns|service_ftp|service_gssapi|service_http|service_smb|service_smb_gssapi|service_ssl,ksf-v4-idsplit::
classical_ext,svc,4,rbf_gscale_x0.1__svc__d4,rbf_gscale_x0.1,id_test,train_cv,100.0,0.8464807990653128,0.01885199546813965,0.9076305220883534,0.91015625,0.90724755040894,0.9132075471698113,0.9831482438016529,0.9822182680325258,port_protocol_service_ablation,88,74,14,src_port|dst_port|proto_icmp|proto_tcp|proto_udp|service|service_dce_rpc|service_dns|service_ftp|service_gssapi|service_http|service_smb|service_smb_gssapi|service_ssl,ksf-v4-idsplit::
classical_ext,svc,4,rbf_gscale_x0.1__svc__d4,rbf_gscale_x0.1,ood_test,train_cv,100.0,0.8464807990653128,0.01885199546813965,0.862,0.8580246913580247,0.8580895146661403,0.8816466552315609,0.99261821267874,0.9887411131363737,port_protocol_service_ablation,88,74,14,src_port|dst_port|proto_icmp|proto_tcp|proto_udp|service|service_dce_rpc|service_dns|service_ftp|service_gssapi|service_http|service_smb|service_smb_gssapi|service_ssl,ksf-v4-idsplit::
classical_ext,svc,4,rbf_gscale_x0.3__svc__d4,rbf_gscale_x0.3,id_val,fixed_c1,1.0,,0.006001472473144531,0.8167330677290837,0.8192591180582031,0.8158885061870136,0.8283582089552238,0.8220866692082857,0.7526026218210653,port_protocol_service_ablation,88,74,14,src_port|dst_port|proto_icmp|proto_tcp|proto_udp|service|service_dce_rpc|service_dns|service_ftp|service_gssapi|service_http|service_smb|service_smb_gssapi|service_ssl,ksf-v4-idsplit::
classical_ext,svc,4,rbf_gscale_x0.3__svc__d4,rbf_gscale_x0.3,id_test,fixed_c1,1.0,,0.006001472473144531,0.8875502008032129,0.8888171487603306,0.8875048405834516,0.889763779527559,0.9157412190082644,0.882394176725848,port_protocol_service_ablation,88,74,14,src_port|dst_port|proto_icmp|proto_tcp|proto_udp|service|service_dce_rpc|service_dns|service_ftp|service_gssapi|service_http|service_smb|service_smb_gssapi|service_ssl,ksf-v4-idsplit::
classical_ext,svc,4,rbf_gscale_x0.3__svc__d4,rbf_gscale_x0.3,ood_test,fixed_c1,1.0,,0.006001472473144531,0.86,0.8567516933275687,0.8572011423908609,0.8771929824561403,0.7679780948263438,0.6971098360823955,port_protocol_service_ablation,88,74,14,src_port|dst_port|proto_icmp|proto_tcp|proto_udp|service|service_dce_rpc|service_dns|service_ftp|service_gssapi|service_http|service_smb|service_smb_gssapi|service_ssl,ksf-v4-idsplit::
classical_ext,svc,4,rbf_gscale_x0.3__svc__d4,rbf_gscale_x0.3,id_val,train_cv,100.0,0.8475117269003641,0.008008003234863281,0.848605577689243,0.8527131782945736,0.846260477111541,0.8652482269503546,0.9584445291650782,0.9345986170106233,port_protocol_service_ablation,88,74,14,src_port|dst_port|proto_icmp|proto_tcp|proto_udp|service|service_dce_rpc|service_dns|service_ftp|service_gssapi|service_http|service_smb|service_smb_gssapi|service_ssl,ksf-v4-idsplit::
classical_ext,svc,4,rbf_gscale_x0.3__svc__d4,rbf_gscale_x0.3,id_test,train_cv,100.0,0.8475117269003641,0.008008003234863281,0.9076305220883534,0.91015625,0.90724755040894,0.9132075471698113,0.9785640495867768,0.9750028631347666,port_protocol_service_ablation,88,74,14,src_port|dst_port|proto_icmp|proto_tcp|proto_udp|service|service_dce_rpc|service_dns|service_ftp|service_gssapi|service_http|service_smb|service_smb_gssapi|service_ssl,ksf-v4-idsplit::
classical_ext,svc,4,rbf_gscale_x0.3__svc__d4,rbf_gscale_x0.3,ood_test,train_cv,100.0,0.8475117269003641,0.008008003234863281,0.862,0.8580246913580247,0.8580895146661403,0.8816466552315609,0.9995996861539447,0.9996261361479489,port_protocol_service_ablation,88,74,14,src_port|dst_port|proto_icmp|proto_tcp|proto_udp|service|service_dce_rpc|service_dns|service_ftp|service_gssapi|service_http|service_smb|service_smb_gssapi|service_ssl,ksf-v4-idsplit::
classical_ext,svc,4,rbf_gscale_x3__svc__d4,rbf_gscale_x3,id_val,fixed_c1,1.0,,0.005209922790527344,0.852589641434263,0.8565891472868217,0.8504532938277967,0.8683274021352313,0.9480238912187063,0.916405899168648,port_protocol_service_ablation,88,74,14,src_port|dst_port|proto_icmp|proto_tcp|proto_udp|service|service_dce_rpc|service_dns|service_ftp|service_gssapi|service_http|service_smb|service_smb_gssapi|service_ssl,ksf-v4-idsplit::
classical_ext,svc,4,rbf_gscale_x3__svc__d4,rbf_gscale_x3,id_test,fixed_c1,1.0,,0.005209922790527344,0.9076305220883534,0.91015625,0.90724755040894,0.9132075471698113,0.9794679752066116,0.9786890553010948,port_protocol_service_ablation,88,74,14,src_port|dst_port|proto_icmp|proto_tcp|proto_udp|service|service_dce_rpc|service_dns|service_ftp|service_gssapi|service_http|service_smb|service_smb_gssapi|service_ssl,ksf-v4-idsplit::
classical_ext,svc,4,rbf_gscale_x3__svc__d4,rbf_gscale_x3,ood_test,fixed_c1,1.0,,0.005209922790527344,0.862,0.8580246913580247,0.8580895146661403,0.8816466552315609,0.9968295143392419,0.9975779853058149,port_protocol_service_ablation,88,74,14,src_port|dst_port|proto_icmp|proto_tcp|proto_udp|service|service_dce_rpc|service_dns|service_ftp|service_gssapi|service_http|service_smb|service_smb_gssapi|service_ssl,ksf-v4-idsplit::
classical_ext,svc,4,rbf_gscale_x3__svc__d4,rbf_gscale_x3,id_val,train_cv,100.0,0.931290533274819,0.012006759643554688,0.9163346613545816,0.9161583428644047,0.9162495829162496,0.9135802469135802,0.9727411361036981,0.9720410797057747,port_protocol_service_ablation,88,74,14,src_port|dst_port|proto_icmp|proto_tcp|proto_udp|service|service_dce_rpc|service_dns|service_ftp|service_gssapi|service_http|service_smb|service_smb_gssapi|service_ssl,ksf-v4-idsplit::
classical_ext,svc,4,rbf_gscale_x3__svc__d4,rbf_gscale_x3,id_test,train_cv,100.0,0.931290533274819,0.012006759643554688,0.927710843373494,0.9269757231404958,0.9275132617414931,0.923728813559322,0.9819214876033058,0.9851054898401244,port_protocol_service_ablation,88,74,14,src_port|dst_port|proto_icmp|proto_tcp|proto_udp|service|service_dce_rpc|service_dns|service_ftp|service_gssapi|service_http|service_smb|service_smb_gssapi|service_ssl,ksf-v4-idsplit::
classical_ext,svc,4,rbf_gscale_x3__svc__d4,rbf_gscale_x3,ood_test,train_cv,100.0,0.931290533274819,0.012006759643554688,0.978,0.977366255144033,0.9779448621553885,0.979047619047619,0.9968935645546109,0.9970664432381103,port_protocol_service_ablation,88,74,14,src_port|dst_port|proto_icmp|proto_tcp|proto_udp|service|service_dce_rpc|service_dns|service_ftp|service_gssapi|service_http|service_smb|service_smb_gssapi|service_ssl,ksf-v4-idsplit::
classical_ext,svc,4,rbf_gscale_x10__svc__d4,rbf_gscale_x10,id_val,fixed_c1,1.0,,0.004999399185180664,0.852589641434263,0.853253272334477,0.852589641434263,0.852589641434263,0.9402084127589274,0.9299993842870248,port_protocol_service_ablation,88,74,14,src_port|dst_port|proto_icmp|proto_tcp|proto_udp|service|service_dce_rpc|service_dns|service_ftp|service_gssapi|service_http|service_smb|service_smb_gssapi|service_ssl,ksf-v4-idsplit::
classical_ext,svc,4,rbf_gscale_x10__svc__d4,rbf_gscale_x10,id_test,fixed_c1,1.0,,0.004999399185180664,0.891566265060241,0.8915934917355373,0.8915032679738562,0.8888888888888888,0.9624870867768595,0.9722309620917818,port_protocol_service_ablation,88,74,14,src_port|dst_port|proto_icmp|proto_tcp|proto_udp|service|service_dce_rpc|service_dns|service_ftp|service_gssapi|service_http|service_smb|service_smb_gssapi|service_ssl,ksf-v4-idsplit::
classical_ext,svc,4,rbf_gscale_x10__svc__d4,rbf_gscale_x10,ood_test,fixed_c1,1.0,,0.004999399185180664,0.938,0.9362139917695473,0.937493698961589,0.9431192660550459,0.9998879121231046,0.9998968282042212,port_protocol_service_ablation,88,74,14,src_port|dst_port|proto_icmp|proto_tcp|proto_udp|service|service_dce_rpc|service_dns|service_ftp|service_gssapi|service_http|service_smb|service_smb_gssapi|service_ssl,ksf-v4-idsplit::
classical_ext,svc,4,rbf_gscale_x10__svc__d4,rbf_gscale_x10,id_val,train_cv,100.0,0.9312304792261754,0.008568525314331055,0.9083665338645418,0.9081840132164188,0.9082733527177971,0.9053497942386831,0.9740754860846359,0.9815688793073722,port_protocol_service_ablation,88,74,14,src_port|dst_port|proto_icmp|proto_tcp|proto_udp|service|service_dce_rpc|service_dns|service_ftp|service_gssapi|service_http|service_smb|service_smb_gssapi|service_ssl,ksf-v4-idsplit::
classical_ext,svc,4,rbf_gscale_x10__svc__d4,rbf_gscale_x10,id_test,train_cv,100.0,0.9312304792261754,0.008568525314331055,0.9196787148594378,0.9187112603305785,0.9193861693861693,0.9145299145299145,0.9712035123966942,0.9824078835299971,port_protocol_service_ablation,88,74,14,src_port|dst_port|proto_icmp|proto_tcp|proto_udp|service|service_dce_rpc|service_dns|service_ftp|service_gssapi|service_http|service_smb|service_smb_gssapi|service_ssl,ksf-v4-idsplit::
classical_ext,svc,4,rbf_gscale_x10__svc__d4,rbf_gscale_x10,ood_test,train_cv,100.0,0.9312304792261754,0.008568525314331055,0.98,0.9794238683127572,0.9799538135865034,0.9809160305343512,0.9940113048630126,0.994304705460827,port_protocol_service_ablation,88,74,14,src_port|dst_port|proto_icmp|proto_tcp|proto_udp|service|service_dce_rpc|service_dns|service_ftp|service_gssapi|service_http|service_smb|service_smb_gssapi|service_ssl,ksf-v4-idsplit::
classical_ext,svc,4,laplacian_med_x0.1__svc__d4,laplacian_med_x0.1,id_val,fixed_c1,1.0,,0.003506898880004883,0.9561752988047809,0.9571419494217817,0.9561725161515628,0.9565217391304348,0.9949803024526623,0.9948619593739247,port_protocol_service_ablation,88,74,14,src_port|dst_port|proto_icmp|proto_tcp|proto_udp|service|service_dce_rpc|service_dns|service_ftp|service_gssapi|service_http|service_smb|service_smb_gssapi|service_ssl,ksf-v4-idsplit::
classical_ext,svc,4,laplacian_med_x0.1__svc__d4,laplacian_med_x0.1,id_test,fixed_c1,1.0,,0.003506898880004883,0.9678714859437751,0.9682980371900827,0.9678668215253581,0.967479674796748,0.9954803719008265,0.9952011559023765,port_protocol_service_ablation,88,74,14,src_port|dst_port|proto_icmp|proto_tcp|proto_udp|service|service_dce_rpc|service_dns|service_ftp|service_gssapi|service_http|service_smb|service_smb_gssapi|service_ssl,ksf-v4-idsplit::
classical_ext,svc,4,laplacian_med_x0.1__svc__d4,laplacian_med_x0.1,ood_test,fixed_c1,1.0,,0.003506898880004883,0.982,0.9814814814814814,0.981961831234893,0.982791586998088,0.9994235480616803,0.9994658941386239,port_protocol_service_ablation,88,74,14,src_port|dst_port|proto_icmp|proto_tcp|proto_udp|service|service_dce_rpc|service_dns|service_ftp|service_gssapi|service_http|service_smb|service_smb_gssapi|service_ssl,ksf-v4-idsplit::
classical_ext,svc,4,laplacian_med_x0.1__svc__d4,laplacian_med_x0.1,id_val,train_cv,100.0,0.9724516728517205,0.003509044647216797,0.9721115537848606,0.9726458253907739,0.97210978300554,0.9718875502008032,0.9939001143728555,0.9901581251465839,port_protocol_service_ablation,88,74,14,src_port|dst_port|proto_icmp|proto_tcp|proto_udp|service|service_dce_rpc|service_dns|service_ftp|service_gssapi|service_http|service_smb|service_smb_gssapi|service_ssl,ksf-v4-idsplit::
classical_ext,svc,4,laplacian_med_x0.1__svc__d4,laplacian_med_x0.1,id_test,train_cv,100.0,0.9724516728517205,0.003509044647216797,0.9839357429718876,0.984375,0.983933410762679,0.983739837398374,0.999870867768595,0.9998639571560216,port_protocol_service_ablation,88,74,14,src_port|dst_port|proto_icmp|proto_tcp|proto_udp|service|service_dce_rpc|service_dns|service_ftp|service_gssapi|service_http|service_smb|service_smb_gssapi|service_ssl,ksf-v4-idsplit::
classical_ext,svc,4,laplacian_med_x0.1__svc__d4,laplacian_med_x0.1,ood_test,train_cv,100.0,0.9724516728517205,0.003509044647216797,0.984,0.9835390946502058,0.9839689639141378,0.9846743295019157,0.999919937230789,0.9999240005989207,port_protocol_service_ablation,88,74,14,src_port|dst_port|proto_icmp|proto_tcp|proto_udp|service|service_dce_rpc|service_dns|service_ftp|service_gssapi|service_http|service_smb|service_smb_gssapi|service_ssl,ksf-v4-idsplit::
classical_ext,svc,4,laplacian_med_x0.3__svc__d4,laplacian_med_x0.3,id_val,fixed_c1,1.0,,0.0075457096099853516,0.9362549800796812,0.9366501461430932,0.936245872491745,0.9354838709677419,0.9847502859321389,0.978142593061651,port_protocol_service_ablation,88,74,14,src_port|dst_port|proto_icmp|proto_tcp|proto_udp|service|service_dce_rpc|service_dns|service_ftp|service_gssapi|service_http|service_smb|service_smb_gssapi|service_ssl,ksf-v4-idsplit::
classical_ext,svc,4,laplacian_med_x0.3__svc__d4,laplacian_med_x0.3,id_test,fixed_c1,1.0,,0.0075457096099853516,0.9477911646586346,0.9476368801652892,0.9477372168493792,0.946058091286307,0.9926394628099173,0.9919642464322321,port_protocol_service_ablation,88,74,14,src_port|dst_port|proto_icmp|proto_tcp|proto_udp|service|service_dce_rpc|service_dns|service_ftp|service_gssapi|service_http|service_smb|service_smb_gssapi|service_ssl,ksf-v4-idsplit::
classical_ext,svc,4,laplacian_med_x0.3__svc__d4,laplacian_med_x0.3,ood_test,fixed_c1,1.0,,0.0075457096099853516,0.982,0.9814814814814814,0.981961831234893,0.982791586998088,0.9994235480616803,0.9994658941386236,port_protocol_service_ablation,88,74,14,src_port|dst_port|proto_icmp|proto_tcp|proto_udp|service|service_dce_rpc|service_dns|service_ftp|service_gssapi|service_http|service_smb|service_smb_gssapi|service_ssl,ksf-v4-idsplit::
classical_ext,svc,4,laplacian_med_x0.3__svc__d4,laplacian_med_x0.3,id_val,train_cv,100.0,0.9715915718377308,0.0040051937103271484,0.9721115537848606,0.9726458253907739,0.97210978300554,0.9718875502008032,0.9930740881941797,0.9864262616943795,port_protocol_service_ablation,88,74,14,src_port|dst_port|proto_icmp|proto_tcp|proto_udp|service|service_dce_rpc|service_dns|service_ftp|service_gssapi|service_http|service_smb|service_smb_gssapi|service_ssl,ksf-v4-idsplit::
classical_ext,svc,4,laplacian_med_x0.3__svc__d4,laplacian_med_x0.3,id_test,train_cv,100.0,0.9715915718377308,0.0040051937103271484,0.9839357429718876,0.984375,0.983933410762679,0.983739837398374,0.9999354338842975,0.999932258501558,port_protocol_service_ablation,88,74,14,src_port|dst_port|proto_icmp|proto_tcp|proto_udp|service|service_dce_rpc|service_dns|service_ftp|service_gssapi|service_http|service_smb|service_smb_gssapi|service_ssl,ksf-v4-idsplit::
classical_ext,svc,4,laplacian_med_x0.3__svc__d4,laplacian_med_x0.3,ood_test,train_cv,100.0,0.9715915718377308,0.0040051937103271484,0.982,0.9814814814814814,0.981961831234893,0.982791586998088,0.9999359497846311,0.9999393196957067,port_protocol_service_ablation,88,74,14,src_port|dst_port|proto_icmp|proto_tcp|proto_udp|service|service_dce_rpc|service_dns|service_ftp|service_gssapi|service_http|service_smb|service_smb_gssapi|service_ssl,ksf-v4-idsplit::
classical_ext,svc,4,laplacian_med_x3__svc__d4,laplacian_med_x3,id_val,fixed_c1,1.0,,0.007926225662231445,0.852589641434263,0.8565891472868217,0.8504532938277967,0.8683274021352313,0.960033041047147,0.9293834080733697,port_protocol_service_ablation,88,74,14,src_port|dst_port|proto_icmp|proto_tcp|proto_udp|service|service_dce_rpc|service_dns|service_ftp|service_gssapi|service_http|service_smb|service_smb_gssapi|service_ssl,ksf-v4-idsplit::
classical_ext,svc,4,laplacian_med_x3__svc__d4,laplacian_med_x3,id_test,fixed_c1,1.0,,0.007926225662231445,0.9156626506024096,0.91796875,0.9153951945635466,0.9201520912547528,0.9918646694214877,0.9913266548598776,port_protocol_service_ablation,88,74,14,src_port|dst_port|proto_icmp|proto_tcp|proto_udp|service|service_dce_rpc|service_dns|service_ftp|service_gssapi|service_http|service_smb|service_smb_gssapi|service_ssl,ksf-v4-idsplit::
classical_ext,svc,4,laplacian_med_x3__svc__d4,laplacian_med_x3,ood_test,fixed_c1,1.0,,0.007926225662231445,0.874,0.8703703703703703,0.8709391939230797,0.8908145580589255,0.9414581031528718,0.9331030820687768,port_protocol_service_ablation,88,74,14,src_port|dst_port|proto_icmp|proto_tcp|proto_udp|service|service_dce_rpc|service_dns|service_ftp|service_gssapi|service_http|service_smb|service_smb_gssapi|service_ssl,ksf-v4-idsplit::
classical_ext,svc,4,laplacian_med_x3__svc__d4,laplacian_med_x3,id_val,train_cv,100.0,0.9641841760148235,0.005696296691894531,0.9601593625498008,0.9610179184140297,0.9601587301587302,0.9603174603174603,0.9919939001143729,0.9858402696439419,port_protocol_service_ablation,88,74,14,src_port|dst_port|proto_icmp|proto_tcp|proto_udp|service|service_dce_rpc|service_dns|service_ftp|service_gssapi|service_http|service_smb|service_smb_gssapi|service_ssl,ksf-v4-idsplit::
classical_ext,svc,4,laplacian_med_x3__svc__d4,laplacian_med_x3,id_test,train_cv,100.0,0.9641841760148235,0.005696296691894531,0.9678714859437751,0.9682980371900827,0.9678668215253581,0.967479674796748,0.9983858471074379,0.9983408306343454,port_protocol_service_ablation,88,74,14,src_port|dst_port|proto_icmp|proto_tcp|proto_udp|service|service_dce_rpc|service_dns|service_ftp|service_gssapi|service_http|service_smb|service_smb_gssapi|service_ssl,ksf-v4-idsplit::
classical_ext,svc,4,laplacian_med_x3__svc__d4,laplacian_med_x3,ood_test,train_cv,100.0,0.9641841760148235,0.005696296691894531,0.982,0.9814814814814814,0.981961831234893,0.982791586998088,0.999775824246209,0.9997835816741795,port_protocol_service_ablation,88,74,14,src_port|dst_port|proto_icmp|proto_tcp|proto_udp|service|service_dce_rpc|service_dns|service_ftp|service_gssapi|service_http|service_smb|service_smb_gssapi|service_ssl,ksf-v4-idsplit::
classical_ext,svc,4,laplacian_med_x10__svc__d4,laplacian_med_x10,id_val,fixed_c1,1.0,,0.0055005550384521484,0.8007968127490039,0.8019761087812938,0.8007177337398375,0.8046875,0.9318210700216037,0.9020399833023101,port_protocol_service_ablation,88,74,14,src_port|dst_port|proto_icmp|proto_tcp|proto_udp|service|service_dce_rpc|service_dns|service_ftp|service_gssapi|service_http|service_smb|service_smb_gssapi|service_ssl,ksf-v4-idsplit::
classical_ext,svc,4,laplacian_med_x10__svc__d4,laplacian_med_x10,id_test,fixed_c1,1.0,,0.0055005550384521484,0.9036144578313253,0.9042161673553719,0.9036129032258065,0.9032258064516129,0.984375,0.9842866036240078,port_protocol_service_ablation,88,74,14,src_port|dst_port|proto_icmp|proto_tcp|proto_udp|service|service_dce_rpc|service_dns|service_ftp|service_gssapi|service_http|service_smb|service_smb_gssapi|service_ssl,ksf-v4-idsplit::
classical_ext,svc,4,laplacian_med_x10__svc__d4,laplacian_med_x10,ood_test,fixed_c1,1.0,,0.0055005550384521484,0.502,0.5092872812284832,0.46992178685320873,0.3395225464190981,0.8254791756737282,0.8453187972794834,port_protocol_service_ablation,88,74,14,src_port|dst_port|proto_icmp|proto_tcp|proto_udp|service|service_dce_rpc|service_dns|service_ftp|service_gssapi|service_http|service_smb|service_smb_gssapi|service_ssl,ksf-v4-idsplit::
classical_ext,svc,4,laplacian_med_x10__svc__d4,laplacian_med_x10,id_val,train_cv,100.0,0.9652151038498751,0.012605428695678711,0.9561752988047809,0.9571419494217817,0.9561725161515628,0.9565217391304348,0.9912949548862626,0.989256291782695,port_protocol_service_ablation,88,74,14,src_port|dst_port|proto_icmp|proto_tcp|proto_udp|service|service_dce_rpc|service_dns|service_ftp|service_gssapi|service_http|service_smb|service_smb_gssapi|service_ssl,ksf-v4-idsplit::
classical_ext,svc,4,laplacian_med_x10__svc__d4,laplacian_med_x10,id_test,train_cv,100.0,0.9652151038498751,0.012605428695678711,0.9678714859437751,0.9682980371900827,0.9678668215253581,0.967479674796748,0.9963842975206612,0.9962093140156394,port_protocol_service_ablation,88,74,14,src_port|dst_port|proto_icmp|proto_tcp|proto_udp|service|service_dce_rpc|service_dns|service_ftp|service_gssapi|service_http|service_smb|service_smb_gssapi|service_ssl,ksf-v4-idsplit::
classical_ext,svc,4,laplacian_med_x10__svc__d4,laplacian_med_x10,ood_test,train_cv,100.0,0.9652151038498751,0.012605428695678711,0.982,0.9814814814814814,0.981961831234893,0.982791586998088,0.9995516484924181,0.9995849470750175,port_protocol_service_ablation,88,74,14,src_port|dst_port|proto_icmp|proto_tcp|proto_udp|service|service_dce_rpc|service_dns|service_ftp|service_gssapi|service_http|service_smb|service_smb_gssapi|service_ssl,ksf-v4-idsplit::
classical_ext,svc,4,matern15_med_x0.1__svc__d4,matern15_med_x0.1,id_val,fixed_c1,1.0,,0.0058591365814208984,0.9123505976095617,0.9120599822086669,0.9122377622377622,0.9090909090909091,0.9684203837844707,0.9593861772600961,port_protocol_service_ablation,88,74,14,src_port|dst_port|proto_icmp|proto_tcp|proto_udp|service|service_dce_rpc|service_dns|service_ftp|service_gssapi|service_http|service_smb|service_smb_gssapi|service_ssl,ksf-v4-idsplit::
classical_ext,svc,4,matern15_med_x0.1__svc__d4,matern15_med_x0.1,id_test,fixed_c1,1.0,,0.0058591365814208984,0.9196787148594378,0.9187112603305785,0.9193861693861693,0.9145299145299145,0.9870867768595042,0.9859092063612159,port_protocol_service_ablation,88,74,14,src_port|dst_port|proto_icmp|proto_tcp|proto_udp|service|service_dce_rpc|service_dns|service_ftp|service_gssapi|service_http|service_smb|service_smb_gssapi|service_ssl,ksf-v4-idsplit::
classical_ext,svc,4,matern15_med_x0.1__svc__d4,matern15_med_x0.1,ood_test,fixed_c1,1.0,,0.0058591365814208984,0.982,0.9814814814814814,0.981961831234893,0.982791586998088,0.9995836736001025,0.9996113369267214,port_protocol_service_ablation,88,74,14,src_port|dst_port|proto_icmp|proto_tcp|proto_udp|service|service_dce_rpc|service_dns|service_ftp|service_gssapi|service_http|service_smb|service_smb_gssapi|service_ssl,ksf-v4-idsplit::
classical_ext,svc,4,matern15_med_x0.1__svc__d4,matern15_med_x0.1,id_val,train_cv,100.0,0.9672769595199782,0.00400090217590332,0.9681274900398407,0.9689922480620154,0.9681269841269842,0.9682539682539683,0.9947896810268141,0.993992742822229,port_protocol_service_ablation,88,74,14,src_port|dst_port|proto_icmp|proto_tcp|proto_udp|service|service_dce_rpc|service_dns|service_ftp|service_gssapi|service_http|service_smb|service_smb_gssapi|service_ssl,ksf-v4-idsplit::
classical_ext,svc,4,matern15_med_x0.1__svc__d4,matern15_med_x0.1,id_test,train_cv,100.0,0.9672769595199782,0.00400090217590332,0.9759036144578314,0.9765625,0.9759032258064516,0.9758064516129032,0.9978693181818181,0.9977923938131594,port_protocol_service_ablation,88,74,14,src_port|dst_port|proto_icmp|proto_tcp|proto_udp|service|service_dce_rpc|service_dns|service_ftp|service_gssapi|service_http|service_smb|service_smb_gssapi|service_ssl,ksf-v4-idsplit::
classical_ext,svc,4,matern15_med_x0.1__svc__d4,matern15_med_x0.1,ood_test,train_cv,100.0,0.9672769595199782,0.00400090217590332,0.982,0.9814814814814814,0.981961831234893,0.982791586998088,0.9958847736625515,0.9825799171269445,port_protocol_service_ablation,88,74,14,src_port|dst_port|proto_icmp|proto_tcp|proto_udp|service|service_dce_rpc|service_dns|service_ftp|service_gssapi|service_http|service_smb|service_smb_gssapi|service_ssl,ksf-v4-idsplit::
classical_ext,svc,4,matern15_med_x0.3__svc__d4,matern15_med_x0.3,id_val,fixed_c1,1.0,,0.006000041961669922,0.8565737051792829,0.8573516329902148,0.8565714285714285,0.8571428571428571,0.9430041936713686,0.9346272848414332,port_protocol_service_ablation,88,74,14,src_port|dst_port|proto_icmp|proto_tcp|proto_udp|service|service_dce_rpc|service_dns|service_ftp|service_gssapi|service_http|service_smb|service_smb_gssapi|service_ssl,ksf-v4-idsplit::
classical_ext,svc,4,matern15_med_x0.3__svc__d4,matern15_med_x0.3,id_test,fixed_c1,1.0,,0.006000041961669922,0.891566265060241,0.8915934917355373,0.8915032679738562,0.8888888888888888,0.962422520661157,0.9721246103373459,port_protocol_service_ablation,88,74,14,src_port|dst_port|proto_icmp|proto_tcp|proto_udp|service|service_dce_rpc|service_dns|service_ftp|service_gssapi|service_http|service_smb|service_smb_gssapi|service_ssl,ksf-v4-idsplit::
classical_ext,svc,4,matern15_med_x0.3__svc__d4,matern15_med_x0.3,ood_test,fixed_c1,1.0,,0.006000041961669922,0.938,0.9362139917695473,0.937493698961589,0.9431192660550459,0.9999039246769467,0.9999112307851636,port_protocol_service_ablation,88,74,14,src_port|dst_port|proto_icmp|proto_tcp|proto_udp|service|service_dce_rpc|service_dns|service_ftp|service_gssapi|service_http|service_smb|service_smb_gssapi|service_ssl,ksf-v4-idsplit::
classical_ext,svc,4,matern15_med_x0.3__svc__d4,matern15_med_x0.3,id_val,train_cv,100.0,0.9409112111156451,0.010604143142700195,0.9362549800796812,0.9366501461430932,0.936245872491745,0.9354838709677419,0.9909772525098487,0.9907604522094198,port_protocol_service_ablation,88,74,14,src_port|dst_port|proto_icmp|proto_tcp|proto_udp|service|service_dce_rpc|service_dns|service_ftp|service_gssapi|service_http|service_smb|service_smb_gssapi|service_ssl,ksf-v4-idsplit::
classical_ext,svc,4,matern15_med_x0.3__svc__d4,matern15_med_x0.3,id_test,train_cv,100.0,0.9409112111156451,0.010604143142700195,0.9477911646586346,0.9476368801652892,0.9477372168493792,0.946058091286307,0.9939953512396694,0.9935768506775697,port_protocol_service_ablation,88,74,14,src_port|dst_port|proto_icmp|proto_tcp|proto_udp|service|service_dce_rpc|service_dns|service_ftp|service_gssapi|service_http|service_smb|service_smb_gssapi|service_ssl,ksf-v4-idsplit::
classical_ext,svc,4,matern15_med_x0.3__svc__d4,matern15_med_x0.3,ood_test,train_cv,100.0,0.9409112111156451,0.010604143142700195,0.98,0.9794238683127572,0.9799538135865034,0.9809160305343512,0.9958847736625515,0.9824696146970653,port_protocol_service_ablation,88,74,14,src_port|dst_port|proto_icmp|proto_tcp|proto_udp|service|service_dce_rpc|service_dns|service_ftp|service_gssapi|service_http|service_smb|service_smb_gssapi|service_ssl,ksf-v4-idsplit::
classical_ext,svc,4,matern15_med_x3__svc__d4,matern15_med_x3,id_val,fixed_c1,1.0,,0.006479740142822266,0.8167330677290837,0.8192591180582031,0.8158885061870136,0.8283582089552238,0.8107764646079553,0.7167299839264144,port_protocol_service_ablation,88,74,14,src_port|dst_port|proto_icmp|proto_tcp|proto_udp|service|service_dce_rpc|service_dns|service_ftp|service_gssapi|service_http|service_smb|service_smb_gssapi|service_ssl,ksf-v4-idsplit::
classical_ext,svc,4,matern15_med_x3__svc__d4,matern15_med_x3,id_test,fixed_c1,1.0,,0.006479740142822266,0.8875502008032129,0.8888171487603306,0.8875048405834516,0.889763779527559,0.912448347107438,0.875291167874832,port_protocol_service_ablation,88,74,14,src_port|dst_port|proto_icmp|proto_tcp|proto_udp|service|service_dce_rpc|service_dns|service_ftp|service_gssapi|service_http|service_smb|service_smb_gssapi|service_ssl,ksf-v4-idsplit::
classical_ext,svc,4,matern15_med_x3__svc__d4,matern15_med_x3,ood_test,fixed_c1,1.0,,0.006479740142822266,0.86,0.8567516933275687,0.8572011423908609,0.8771929824561403,0.7679780948263438,0.6970890967223609,port_protocol_service_ablation,88,74,14,src_port|dst_port|proto_icmp|proto_tcp|proto_udp|service|service_dce_rpc|service_dns|service_ftp|service_gssapi|service_http|service_smb|service_smb_gssapi|service_ssl,ksf-v4-idsplit::
classical_ext,svc,4,matern15_med_x3__svc__d4,matern15_med_x3,id_val,train_cv,100.0,0.8485426547354159,0.0051670074462890625,0.848605577689243,0.8527131782945736,0.846260477111541,0.8652482269503546,0.9548227220739611,0.9421274022840705,port_protocol_service_ablation,88,74,14,src_port|dst_port|proto_icmp|proto_tcp|proto_udp|service|service_dce_rpc|service_dns|service_ftp|service_gssapi|service_http|service_smb|service_smb_gssapi|service_ssl,ksf-v4-idsplit::
classical_ext,svc,4,matern15_med_x3__svc__d4,matern15_med_x3,id_test,train_cv,100.0,0.8485426547354159,0.0051670074462890625,0.9076305220883534,0.91015625,0.90724755040894,0.9132075471698113,0.9787577479338843,0.9773159017348341,port_protocol_service_ablation,88,74,14,src_port|dst_port|proto_icmp|proto_tcp|proto_udp|service|service_dce_rpc|service_dns|service_ftp|service_gssapi|service_http|service_smb|service_smb_gssapi|service_ssl,ksf-v4-idsplit::
classical_ext,svc,4,matern15_med_x3__svc__d4,matern15_med_x3,ood_test,train_cv,100.0,0.8485426547354159,0.0051670074462890625,0.862,0.8580246913580247,0.8580895146661403,0.8816466552315609,1.0,0.9999999999999999,port_protocol_service_ablation,88,74,14,src_port|dst_port|proto_icmp|proto_tcp|proto_udp|service|service_dce_rpc|service_dns|service_ftp|service_gssapi|service_http|service_smb|service_smb_gssapi|service_ssl,ksf-v4-idsplit::
classical_ext,svc,4,matern15_med_x10__svc__d4,matern15_med_x10,id_val,fixed_c1,1.0,,0.0066983699798583984,0.7529880478087649,0.757910789172703,0.7468770331815224,0.7862068965517242,0.8691066209175244,0.8527520203718503,port_protocol_service_ablation,88,74,14,src_port|dst_port|proto_icmp|proto_tcp|proto_udp|service|service_dce_rpc|service_dns|service_ftp|service_gssapi|service_http|service_smb|service_smb_gssapi|service_ssl,ksf-v4-idsplit::
classical_ext,svc,4,matern15_med_x10__svc__d4,matern15_med_x10,id_test,fixed_c1,1.0,,0.0066983699798583984,0.8674698795180723,0.8708677685950413,0.8662271062271063,0.8791208791208791,0.9515754132231405,0.9447311720343238,port_protocol_service_ablation,88,74,14,src_port|dst_port|proto_icmp|proto_tcp|proto_udp|service|service_dce_rpc|service_dns|service_ftp|service_gssapi|service_http|service_smb|service_smb_gssapi|service_ssl,ksf-v4-idsplit::
classical_ext,svc,4,matern15_med_x10__svc__d4,matern15_med_x10,ood_test,fixed_c1,1.0,,0.0066983699798583984,0.458,0.4632351763782806,0.44107807994852144,0.34382566585956414,0.7311332084354134,0.7853603254211327,port_protocol_service_ablation,88,74,14,src_port|dst_port|proto_icmp|proto_tcp|proto_udp|service|service_dce_rpc|service_dns|service_ftp|service_gssapi|service_http|service_smb|service_smb_gssapi|service_ssl,ksf-v4-idsplit::
classical_ext,svc,4,matern15_med_x10__svc__d4,matern15_med_x10,id_val,train_cv,100.0,0.8208624701333764,0.009076595306396484,0.8167330677290837,0.8192591180582031,0.8158885061870136,0.8283582089552238,0.8680899733130003,0.8027231265736059,port_protocol_service_ablation,88,74,14,src_port|dst_port|proto_icmp|proto_tcp|proto_udp|service|service_dce_rpc|service_dns|service_ftp|service_gssapi|service_http|service_smb|service_smb_gssapi|service_ssl,ksf-v4-idsplit::
classical_ext,svc,4,matern15_med_x10__svc__d4,matern15_med_x10,id_test,train_cv,100.0,0.8208624701333764,0.009076595306396484,0.8875502008032129,0.8888171487603306,0.8875048405834516,0.889763779527559,0.9484762396694215,0.9286596618823301,port_protocol_service_ablation,88,74,14,src_port|dst_port|proto_icmp|proto_tcp|proto_udp|service|service_dce_rpc|service_dns|service_ftp|service_gssapi|service_http|service_smb|service_smb_gssapi|service_ssl,ksf-v4-idsplit::
classical_ext,svc,4,matern15_med_x10__svc__d4,matern15_med_x10,ood_test,train_cv,100.0,0.8208624701333764,0.009076595306396484,0.858,0.8546940801588445,0.8550777885278762,0.8756567425569177,0.8041824790635859,0.7519007114722948,port_protocol_service_ablation,88,74,14,src_port|dst_port|proto_icmp|proto_tcp|proto_udp|service|service_dce_rpc|service_dns|service_ftp|service_gssapi|service_http|service_smb|service_smb_gssapi|service_ssl,ksf-v4-idsplit::
classical_ext,svc,4,matern25_med_x0.1__svc__d4,matern25_med_x0.1,id_val,fixed_c1,1.0,,0.005309343338012695,0.9043824701195219,0.9038632608971915,0.9041984732824427,0.9,0.9599059600965816,0.9466136185005868,port_protocol_service_ablation,88,74,14,src_port|dst_port|proto_icmp|proto_tcp|proto_udp|service|service_dce_rpc|service_dns|service_ftp|service_gssapi|service_http|service_smb|service_smb_gssapi|service_ssl,ksf-v4-idsplit::
classical_ext,svc,4,matern25_med_x0.1__svc__d4,matern25_med_x0.1,id_test,fixed_c1,1.0,,0.005309343338012695,0.9236947791164659,0.9228434917355373,0.9234527950813041,0.9191489361702128,0.9849560950413223,0.9841264232884914,port_protocol_service_ablation,88,74,14,src_port|dst_port|proto_icmp|proto_tcp|proto_udp|service|service_dce_rpc|service_dns|service_ftp|service_gssapi|service_http|service_smb|service_smb_gssapi|service_ssl,ksf-v4-idsplit::
classical_ext,svc,4,matern25_med_x0.1__svc__d4,matern25_med_x0.1,ood_test,fixed_c1,1.0,,0.005309343338012695,0.984,0.9835390946502058,0.9839689639141378,0.9846743295019157,0.9995676610462604,0.9995969343457789,port_protocol_service_ablation,88,74,14,src_port|dst_port|proto_icmp|proto_tcp|proto_udp|service|service_dce_rpc|service_dns|service_ftp|service_gssapi|service_http|service_smb|service_smb_gssapi|service_ssl,ksf-v4-idsplit::
classical_ext,svc,4,matern25_med_x0.1__svc__d4,matern25_med_x0.1,id_val,train_cv,100.0,0.9554049285382484,0.00533604621887207,0.9601593625498008,0.9610179184140297,0.9601587301587302,0.9603174603174603,0.9910407929851315,0.9899142053475064,port_protocol_service_ablation,88,74,14,src_port|dst_port|proto_icmp|proto_tcp|proto_udp|service|service_dce_rpc|service_dns|service_ftp|service_gssapi|service_http|service_smb|service_smb_gssapi|service_ssl,ksf-v4-idsplit::
classical_ext,svc,4,matern25_med_x0.1__svc__d4,matern25_med_x0.1,id_test,train_cv,100.0,0.9554049285382484,0.00533604621887207,0.9678714859437751,0.9682980371900827,0.9678668215253581,0.967479674796748,0.9938662190082644,0.9933506451637054,port_protocol_service_ablation,88,74,14,src_port|dst_port|proto_icmp|proto_tcp|proto_udp|service|service_dce_rpc|service_dns|service_ftp|service_gssapi|service_http|service_smb|service_smb_gssapi|service_ssl,ksf-v4-idsplit::
classical_ext,svc,4,matern25_med_x0.1__svc__d4,matern25_med_x0.1,ood_test,train_cv,100.0,0.9554049285382484,0.00533604621887207,0.982,0.9814814814814814,0.981961831234893,0.982791586998088,0.9780147635746426,0.9659130240770404,port_protocol_service_ablation,88,74,14,src_port|dst_port|proto_icmp|proto_tcp|proto_udp|service|service_dce_rpc|service_dns|service_ftp|service_gssapi|service_http|service_smb|service_smb_gssapi|service_ssl,ksf-v4-idsplit::
classical_ext,svc,4,matern25_med_x0.3__svc__d4,matern25_med_x0.3,id_val,fixed_c1,1.0,,0.005377769470214844,0.852589641434263,0.853253272334477,0.852589641434263,0.852589641434263,0.9358876604397,0.9114217721095152,port_protocol_service_ablation,88,74,14,src_port|dst_port|proto_icmp|proto_tcp|proto_udp|service|service_dce_rpc|service_dns|service_ftp|service_gssapi|service_http|service_smb|service_smb_gssapi|service_ssl,ksf-v4-idsplit::
classical_ext,svc,4,matern25_med_x0.3__svc__d4,matern25_med_x0.3,id_test,fixed_c1,1.0,,0.005377769470214844,0.891566265060241,0.8915934917355373,0.8915032679738562,0.8888888888888888,0.962551652892562,0.9721035552286448,port_protocol_service_ablation,88,74,14,src_port|dst_port|proto_icmp|proto_tcp|proto_udp|service|service_dce_rpc|service_dns|service_ftp|service_gssapi|service_http|service_smb|service_smb_gssapi|service_ssl,ksf-v4-idsplit::
classical_ext,svc,4,matern25_med_x0.3__svc__d4,matern25_med_x0.3,ood_test,fixed_c1,1.0,,0.005377769470214844,0.938,0.9362139917695473,0.937493698961589,0.9431192660550459,0.998558870154201,0.998633127529196,port_protocol_service_ablation,88,74,14,src_port|dst_port|proto_icmp|proto_tcp|proto_udp|service|service_dce_rpc|service_dns|service_ftp|service_gssapi|service_http|service_smb|service_smb_gssapi|service_ssl,ksf-v4-idsplit::
classical_ext,svc,4,matern25_med_x0.3__svc__d4,matern25_med_x0.3,id_val,train_cv,100.0,0.932261407061227,0.008002996444702148,0.9123505976095617,0.9120599822086669,0.9122377622377622,0.9090909090909091,0.9724234337272843,0.9783350809681212,port_protocol_service_ablation,88,74,14,src_port|dst_port|proto_icmp|proto_tcp|proto_udp|service|service_dce_rpc|service_dns|service_ftp|service_gssapi|service_http|service_smb|service_smb_gssapi|service_ssl,ksf-v4-idsplit::
classical_ext,svc,4,matern25_med_x0.3__svc__d4,matern25_med_x0.3,id_test,train_cv,100.0,0.932261407061227,0.008002996444702148,0.9196787148594378,0.9187112603305785,0.9193861693861693,0.9145299145299145,0.9710098140495868,0.9821804212508249,port_protocol_service_ablation,88,74,14,src_port|dst_port|proto_icmp|proto_tcp|proto_udp|service|service_dce_rpc|service_dns|service_ftp|service_gssapi|service_http|service_smb|service_smb_gssapi|service_ssl,ksf-v4-idsplit::
classical_ext,svc,4,matern25_med_x0.3__svc__d4,matern25_med_x0.3,ood_test,train_cv,100.0,0.932261407061227,0.008002996444702148,0.978,0.977366255144033,0.9779448621553885,0.979047619047619,0.9969576147699796,0.9969747825324717,port_protocol_service_ablation,88,74,14,src_port|dst_port|proto_icmp|proto_tcp|proto_udp|service|service_dce_rpc|service_dns|service_ftp|service_gssapi|service_http|service_smb|service_smb_gssapi|service_ssl,ksf-v4-idsplit::
classical_ext,svc,4,matern25_med_x3__svc__d4,matern25_med_x3,id_val,fixed_c1,1.0,,0.006001472473144531,0.8007968127490039,0.8019761087812938,0.8007177337398375,0.8046875,0.8453424831617741,0.7813945554137243,port_protocol_service_ablation,88,74,14,src_port|dst_port|proto_icmp|proto_tcp|proto_udp|service|service_dce_rpc|service_dns|service_ftp|service_gssapi|service_http|service_smb|service_smb_gssapi|service_ssl,ksf-v4-idsplit::
classical_ext,svc,4,matern25_med_x3__svc__d4,matern25_med_x3,id_test,fixed_c1,1.0,,0.006001472473144531,0.9036144578313253,0.9042161673553719,0.9036129032258065,0.9032258064516129,0.9291709710743802,0.9032152553435362,port_protocol_service_ablation,88,74,14,src_port|dst_port|proto_icmp|proto_tcp|proto_udp|service|service_dce_rpc|service_dns|service_ftp|service_gssapi|service_http|service_smb|service_smb_gssapi|service_ssl,ksf-v4-idsplit::
classical_ext,svc,4,matern25_med_x3__svc__d4,matern25_med_x3,ood_test,fixed_c1,1.0,,0.006001472473144531,0.502,0.5092872812284832,0.46992178685320873,0.3395225464190981,0.7851275399913532,0.7160236809940345,port_protocol_service_ablation,88,74,14,src_port|dst_port|proto_icmp|proto_tcp|proto_udp|service|service_dce_rpc|service_dns|service_ftp|service_gssapi|service_http|service_smb|service_smb_gssapi|service_ssl,ksf-v4-idsplit::
classical_ext,svc,4,matern25_med_x3__svc__d4,matern25_med_x3,id_val,train_cv,100.0,0.8464807990653128,0.01328587532043457,0.852589641434263,0.8565891472868217,0.8504532938277967,0.8683274021352313,0.947579107891727,0.9203962817074841,port_protocol_service_ablation,88,74,14,src_port|dst_port|proto_icmp|proto_tcp|proto_udp|service|service_dce_rpc|service_dns|service_ftp|service_gssapi|service_http|service_smb|service_smb_gssapi|service_ssl,ksf-v4-idsplit::
classical_ext,svc,4,matern25_med_x3__svc__d4,matern25_med_x3,id_test,train_cv,100.0,0.8464807990653128,0.01328587532043457,0.9076305220883534,0.91015625,0.90724755040894,0.9132075471698113,0.9695893595041323,0.9605176161649184,port_protocol_service_ablation,88,74,14,src_port|dst_port|proto_icmp|proto_tcp|proto_udp|service|service_dce_rpc|service_dns|service_ftp|service_gssapi|service_http|service_smb|service_smb_gssapi|service_ssl,ksf-v4-idsplit::
classical_ext,svc,4,matern25_med_x3__svc__d4,matern25_med_x3,ood_test,train_cv,100.0,0.8464807990653128,0.01328587532043457,0.862,0.8580246913580247,0.8580895146661403,0.8816466552315609,0.9885830491105027,0.9887486034796233,port_protocol_service_ablation,88,74,14,src_port|dst_port|proto_icmp|proto_tcp|proto_udp|service|service_dce_rpc|service_dns|service_ftp|service_gssapi|service_http|service_smb|service_smb_gssapi|service_ssl,ksf-v4-idsplit::
classical_ext,svc,4,matern25_med_x10__svc__d4,matern25_med_x10,id_val,fixed_c1,1.0,,0.0069732666015625,0.749003984063745,0.754034820180455,0.7424634777935213,0.7835051546391752,0.8687889185411106,0.849397409928175,port_protocol_service_ablation,88,74,14,src_port|dst_port|proto_icmp|proto_tcp|proto_udp|service|service_dce_rpc|service_dns|service_ftp|service_gssapi|service_http|service_smb|service_smb_gssapi|service_ssl,ksf-v4-idsplit::
classical_ext,svc,4,matern25_med_x10__svc__d4,matern25_med_x10,id_test,fixed_c1,1.0,,0.0069732666015625,0.8634538152610441,0.8669615185950413,0.862063347236705,0.8759124087591241,0.9513817148760331,0.944563002647427,port_protocol_service_ablation,88,74,14,src_port|dst_port|proto_icmp|proto_tcp|proto_udp|service|service_dce_rpc|service_dns|service_ftp|service_gssapi|service_http|service_smb|service_smb_gssapi|service_ssl,ksf-v4-idsplit::
classical_ext,svc,4,matern25_med_x10__svc__d4,matern25_med_x10,ood_test,fixed_c1,1.0,,0.0069732666015625,0.456,0.4611775632095563,0.43941567327826414,0.34299516908212563,0.7316776352660486,0.7867276985574052,port_protocol_service_ablation,88,74,14,src_port|dst_port|proto_icmp|proto_tcp|proto_udp|service|service_dce_rpc|service_dns|service_ftp|service_gssapi|service_http|service_smb|service_smb_gssapi|service_ssl,ksf-v4-idsplit::
classical_ext,svc,4,matern25_med_x10__svc__d4,matern25_med_x10,id_val,train_cv,10.0,0.8139163307874522,0.006927967071533203,0.8007968127490039,0.8019761087812938,0.8007177337398375,0.8046875,0.8772398017537172,0.8678700339250742,port_protocol_service_ablation,88,74,14,src_port|dst_port|proto_icmp|proto_tcp|proto_udp|service|service_dce_rpc|service_dns|service_ftp|service_gssapi|service_http|service_smb|service_smb_gssapi|service_ssl,ksf-v4-idsplit::
classical_ext,svc,4,matern25_med_x10__svc__d4,matern25_med_x10,id_test,train_cv,10.0,0.8139163307874522,0.006927967071533203,0.9036144578313253,0.9042161673553719,0.9036129032258065,0.9032258064516129,0.9489282024793388,0.9424868322175726,port_protocol_service_ablation,88,74,14,src_port|dst_port|proto_icmp|proto_tcp|proto_udp|service|service_dce_rpc|service_dns|service_ftp|service_gssapi|service_http|service_smb|service_smb_gssapi|service_ssl,ksf-v4-idsplit::
classical_ext,svc,4,matern25_med_x10__svc__d4,matern25_med_x10,ood_test,train_cv,10.0,0.8139163307874522,0.006927967071533203,0.502,0.5092872812284832,0.46992178685320873,0.3395225464190981,0.8225008406590767,0.8562596935928775,port_protocol_service_ablation,88,74,14,src_port|dst_port|proto_icmp|proto_tcp|proto_udp|service|service_dce_rpc|service_dns|service_ftp|service_gssapi|service_http|service_smb|service_smb_gssapi|service_ssl,ksf-v4-idsplit::
quantum,svc,4,zz_r1_full__as0.5__svc__d4,zz_r1_full__as0.5,id_val,fixed_c1,1.0,,0.0058329105377197266,0.8565737051792829,0.8573516329902148,0.8565714285714285,0.8571428571428571,0.9405261151353412,0.9319122656317524,port_protocol_service_ablation,88,74,14,src_port|dst_port|proto_icmp|proto_tcp|proto_udp|service|service_dce_rpc|service_dns|service_ftp|service_gssapi|service_http|service_smb|service_smb_gssapi|service_ssl,ksf-v4-idsplit::
quantum,svc,4,zz_r1_full__as0.5__svc__d4,zz_r1_full__as0.5,id_test,fixed_c1,1.0,,0.0058329105377197266,0.8995983935742972,0.8994059917355373,0.8994946477872677,0.8962655601659751,0.9639721074380165,0.9730132892279846,port_protocol_service_ablation,88,74,14,src_port|dst_port|proto_icmp|proto_tcp|proto_udp|service|service_dce_rpc|service_dns|service_ftp|service_gssapi|service_http|service_smb|service_smb_gssapi|service_ssl,ksf-v4-idsplit::
quantum,svc,4,zz_r1_full__as0.5__svc__d4,zz_r1_full__as0.5,ood_test,fixed_c1,1.0,,0.0058329105377197266,0.948,0.9465020576131687,0.9476650563607085,0.9518518518518518,0.9966213511392933,0.9967669464829475,port_protocol_service_ablation,88,74,14,src_port|dst_port|proto_icmp|proto_tcp|proto_udp|service|service_dce_rpc|service_dns|service_ftp|service_gssapi|service_http|service_smb|service_smb_gssapi|service_ssl,ksf-v4-idsplit::
quantum,svc,4,zz_r1_full__as0.5__svc__d4,zz_r1_full__as0.5,id_val,train_cv,100.0,0.9331628914741217,0.012991189956665039,0.9203187250996016,0.9202567035201423,0.9202567035201423,0.9180327868852459,0.9698818147159741,0.9717612547961777,port_protocol_service_ablation,88,74,14,src_port|dst_port|proto_icmp|proto_tcp|proto_udp|service|service_dce_rpc|service_dns|service_ftp|service_gssapi|service_http|service_smb|service_smb_gssapi|service_ssl,ksf-v4-idsplit::
quantum,svc,4,zz_r1_full__as0.5__svc__d4,zz_r1_full__as0.5,id_test,train_cv,100.0,0.9331628914741217,0.012991189956665039,0.9317269076305221,0.9311079545454546,0.9315679712886173,0.9282700421940928,0.9723657024793388,0.9821822407726984,port_protocol_service_ablation,88,74,14,src_port|dst_port|proto_icmp|proto_tcp|proto_udp|service|service_dce_rpc|service_dns|service_ftp|service_gssapi|service_http|service_smb|service_smb_gssapi|service_ssl,ksf-v4-idsplit::
quantum,svc,4,zz_r1_full__as0.5__svc__d4,zz_r1_full__as0.5,ood_test,train_cv,100.0,0.9331628914741217,0.012991189956665039,0.98,0.9794238683127572,0.9799538135865034,0.9809160305343512,0.9887751997566091,0.9655388128723507,port_protocol_service_ablation,88,74,14,src_port|dst_port|proto_icmp|proto_tcp|proto_udp|service|service_dce_rpc|service_dns|service_ftp|service_gssapi|service_http|service_smb|service_smb_gssapi|service_ssl,ksf-v4-idsplit::
quantum,svc,4,zz_r2_full__as0.5__svc__d4,zz_r2_full__as0.5,id_val,fixed_c1,1.0,,0.005532503128051758,0.852589641434263,0.8534756639979667,0.8525802816007111,0.8537549407114624,0.9407167365611894,0.9291800277796232,port_protocol_service_ablation,88,74,14,src_port|dst_port|proto_icmp|proto_tcp|proto_udp|service|service_dce_rpc|service_dns|service_ftp|service_gssapi|service_http|service_smb|service_smb_gssapi|service_ssl,ksf-v4-idsplit::
quantum,svc,4,zz_r2_full__as0.5__svc__d4,zz_r2_full__as0.5,id_test,fixed_c1,1.0,,0.005532503128051758,0.8995983935742972,0.8994059917355373,0.8994946477872677,0.8962655601659751,0.9650697314049587,0.9737283697344528,port_protocol_service_ablation,88,74,14,src_port|dst_port|proto_icmp|proto_tcp|proto_udp|service|service_dce_rpc|service_dns|service_ftp|service_gssapi|service_http|service_smb|service_smb_gssapi|service_ssl,ksf-v4-idsplit::
quantum,svc,4,zz_r2_full__as0.5__svc__d4,zz_r2_full__as0.5,ood_test,fixed_c1,1.0,,0.005532503128051758,0.948,0.9465020576131687,0.9476650563607085,0.9518518518518518,0.996461225600871,0.9965828405770403,port_protocol_service_ablation,88,74,14,src_port|dst_port|proto_icmp|proto_tcp|proto_udp|service|service_dce_rpc|service_dns|service_ftp|service_gssapi|service_http|service_smb|service_smb_gssapi|service_ssl,ksf-v4-idsplit::
quantum,svc,4,zz_r2_full__as0.5__svc__d4,zz_r2_full__as0.5,id_val,train_cv,100.0,0.938849355445542,0.014800071716308594,0.9402390438247012,0.9407485067988308,0.9402352492975856,0.9397590361445783,0.9752827551150082,0.974765931761129,port_protocol_service_ablation,88,74,14,src_port|dst_port|proto_icmp|proto_tcp|proto_udp|service|service_dce_rpc|service_dns|service_ftp|service_gssapi|service_http|service_smb|service_smb_gssapi|service_ssl,ksf-v4-idsplit::
quantum,svc,4,zz_r2_full__as0.5__svc__d4,zz_r2_full__as0.5,id_test,train_cv,100.0,0.938849355445542,0.014800071716308594,0.9518072289156626,0.9519950929752066,0.9517877888214792,0.9508196721311475,0.9846978305785123,0.9867862201720428,port_protocol_service_ablation,88,74,14,src_port|dst_port|proto_icmp|proto_tcp|proto_udp|service|service_dce_rpc|service_dns|service_ftp|service_gssapi|service_http|service_smb|service_smb_gssapi|service_ssl,ksf-v4-idsplit::
quantum,svc,4,zz_r2_full__as0.5__svc__d4,zz_r2_full__as0.5,ood_test,train_cv,100.0,0.938849355445542,0.014800071716308594,0.978,0.977366255144033,0.9779448621553885,0.979047619047619,0.986805655634017,0.9740089163654756,port_protocol_service_ablation,88,74,14,src_port|dst_port|proto_icmp|proto_tcp|proto_udp|service|service_dce_rpc|service_dns|service_ftp|service_gssapi|service_http|service_smb|service_smb_gssapi|service_ssl,ksf-v4-idsplit::
quantum,svc,4,pauli_xz_r1_full__as0.5__svc__d4,pauli_xz_r1_full__as0.5,id_val,fixed_c1,1.0,,0.019110441207885742,0.852589641434263,0.8565891472868217,0.8504532938277967,0.8683274021352313,0.9591434743931884,0.9193583366834471,port_protocol_service_ablation,88,74,14,src_port|dst_port|proto_icmp|proto_tcp|proto_udp|service|service_dce_rpc|service_dns|service_ftp|service_gssapi|service_http|service_smb|service_smb_gssapi|service_ssl,ksf-v4-idsplit::
quantum,svc,4,pauli_xz_r1_full__as0.5__svc__d4,pauli_xz_r1_full__as0.5,id_test,fixed_c1,1.0,,0.019110441207885742,0.9076305220883534,0.91015625,0.90724755040894,0.9132075471698113,0.9892174586776858,0.9897102587573875,port_protocol_service_ablation,88,74,14,src_port|dst_port|proto_icmp|proto_tcp|proto_udp|service|service_dce_rpc|service_dns|service_ftp|service_gssapi|service_http|service_smb|service_smb_gssapi|service_ssl,ksf-v4-idsplit::
quantum,svc,4,pauli_xz_r1_full__as0.5__svc__d4,pauli_xz_r1_full__as0.5,ood_test,fixed_c1,1.0,,0.019110441207885742,0.86,0.8559670781893004,0.8559338777660696,0.8801369863013698,0.8291300379497526,0.8579420364370546,port_protocol_service_ablation,88,74,14,src_port|dst_port|proto_icmp|proto_tcp|proto_udp|service|service_dce_rpc|service_dns|service_ftp|service_gssapi|service_http|service_smb|service_smb_gssapi|service_ssl,ksf-v4-idsplit::
quantum,svc,4,pauli_xz_r1_full__as0.5__svc__d4,pauli_xz_r1_full__as0.5,id_val,train_cv,100.0,0.8510248887460253,0.006197452545166016,0.8366533864541833,0.8406404879908502,0.8342860823497207,0.8540925266903915,0.9401448722836447,0.8724173571122229,port_protocol_service_ablation,88,74,14,src_port|dst_port|proto_icmp|proto_tcp|proto_udp|service|service_dce_rpc|service_dns|service_ftp|service_gssapi|service_http|service_smb|service_smb_gssapi|service_ssl,ksf-v4-idsplit::
quantum,svc,4,pauli_xz_r1_full__as0.5__svc__d4,pauli_xz_r1_full__as0.5,id_test,train_cv,100.0,0.8510248887460253,0.006197452545166016,0.8955823293172691,0.8977595557851239,0.895296933626601,0.9007633587786259,0.9812112603305785,0.9807496785408549,port_protocol_service_ablation,88,74,14,src_port|dst_port|proto_icmp|proto_tcp|proto_udp|service|service_dce_rpc|service_dns|service_ftp|service_gssapi|service_http|service_smb|service_smb_gssapi|service_ssl,ksf-v4-idsplit::
quantum,svc,4,pauli_xz_r1_full__as0.5__svc__d4,pauli_xz_r1_full__as0.5,ood_test,train_cv,100.0,0.8510248887460253,0.006197452545166016,0.86,0.8559670781893004,0.8559338777660696,0.8801369863013698,1.0,0.9999999999999999,port_protocol_service_ablation,88,74,14,src_port|dst_port|proto_icmp|proto_tcp|proto_udp|service|service_dce_rpc|service_dns|service_ftp|service_gssapi|service_http|service_smb|service_smb_gssapi|service_ssl,ksf-v4-idsplit::
quantum,svc,4,zmap_r2__as0.5__svc__d4,zmap_r2__as0.5,id_val,fixed_c1,1.0,,0.006000995635986328,0.852589641434263,0.8565891472868217,0.8504532938277967,0.8683274021352313,0.9484686745456856,0.9194563605480952,port_protocol_service_ablation,88,74,14,src_port|dst_port|proto_icmp|proto_tcp|proto_udp|service|service_dce_rpc|service_dns|service_ftp|service_gssapi|service_http|service_smb|service_smb_gssapi|service_ssl,ksf-v4-idsplit::
quantum,svc,4,zmap_r2__as0.5__svc__d4,zmap_r2__as0.5,id_test,fixed_c1,1.0,,0.006000995635986328,0.9076305220883534,0.91015625,0.90724755040894,0.9132075471698113,0.9791451446280992,0.9784278961194254,port_protocol_service_ablation,88,74,14,src_port|dst_port|proto_icmp|proto_tcp|proto_udp|service|service_dce_rpc|service_dns|service_ftp|service_gssapi|service_http|service_smb|service_smb_gssapi|service_ssl,ksf-v4-idsplit::
quantum,svc,4,zmap_r2__as0.5__svc__d4,zmap_r2__as0.5,ood_test,fixed_c1,1.0,,0.006000995635986328,0.86,0.8559670781893004,0.8559338777660696,0.8801369863013698,0.9966373636931355,0.9974627985263522,port_protocol_service_ablation,88,74,14,src_port|dst_port|proto_icmp|proto_tcp|proto_udp|service|service_dce_rpc|service_dns|service_ftp|service_gssapi|service_http|service_smb|service_smb_gssapi|service_ssl,ksf-v4-idsplit::
quantum,svc,4,zmap_r2__as0.5__svc__d4,zmap_r2__as0.5,id_val,train_cv,100.0,0.887027948551132,0.009845256805419922,0.8605577689243028,0.8612276019824628,0.8605577689243028,0.8605577689243028,0.957427881560554,0.9546959769135164,port_protocol_service_ablation,88,74,14,src_port|dst_port|proto_icmp|proto_tcp|proto_udp|service|service_dce_rpc|service_dns|service_ftp|service_gssapi|service_http|service_smb|service_smb_gssapi|service_ssl,ksf-v4-idsplit::
quantum,svc,4,zmap_r2__as0.5__svc__d4,zmap_r2__as0.5,id_test,train_cv,100.0,0.887027948551132,0.009845256805419922,0.8995983935742972,0.8994059917355373,0.8994946477872677,0.8962655601659751,0.9751420454545454,0.977930336294619,port_protocol_service_ablation,88,74,14,src_port|dst_port|proto_icmp|proto_tcp|proto_udp|service|service_dce_rpc|service_dns|service_ftp|service_gssapi|service_http|service_smb|service_smb_gssapi|service_ssl,ksf-v4-idsplit::
quantum,svc,4,zmap_r2__as0.5__svc__d4,zmap_r2__as0.5,ood_test,train_cv,100.0,0.887027948551132,0.009845256805419922,0.948,0.9465020576131687,0.9476650563607085,0.9518518518518518,0.996845526893084,0.9969004668349444,port_protocol_service_ablation,88,74,14,src_port|dst_port|proto_icmp|proto_tcp|proto_udp|service|service_dce_rpc|service_dns|service_ftp|service_gssapi|service_http|service_smb|service_smb_gssapi|service_ssl,ksf-v4-idsplit::
quantum,svc,4,zz_r1_full__svc__d4,zz_r1_full,id_val,fixed_c1,1.0,,0.0071103572845458984,0.8565737051792829,0.8573516329902148,0.8565714285714285,0.8571428571428571,0.9465624602872029,0.9371602592904963,port_protocol_service_ablation,88,74,14,src_port|dst_port|proto_icmp|proto_tcp|proto_udp|service|service_dce_rpc|service_dns|service_ftp|service_gssapi|service_http|service_smb|service_smb_gssapi|service_ssl,ksf-v4-idsplit::
quantum,svc,4,zz_r1_full__svc__d4,zz_r1_full,id_test,fixed_c1,1.0,,0.0071103572845458984,0.8995983935742972,0.8994059917355373,0.8994946477872677,0.8962655601659751,0.9662964876033057,0.9752832219658113,port_protocol_service_ablation,88,74,14,src_port|dst_port|proto_icmp|proto_tcp|proto_udp|service|service_dce_rpc|service_dns|service_ftp|service_gssapi|service_http|service_smb|service_smb_gssapi|service_ssl,ksf-v4-idsplit::
quantum,svc,4,zz_r1_full__svc__d4,zz_r1_full,ood_test,fixed_c1,1.0,,0.0071103572845458984,0.948,0.9465020576131687,0.9476650563607085,0.9518518518518518,0.9965412883700823,0.9966921254117727,port_protocol_service_ablation,88,74,14,src_port|dst_port|proto_icmp|proto_tcp|proto_udp|service|service_dce_rpc|service_dns|service_ftp|service_gssapi|service_http|service_smb|service_smb_gssapi|service_ssl,ksf-v4-idsplit::
quantum,svc,4,zz_r1_full__svc__d4,zz_r1_full,id_val,train_cv,100.0,0.9525616965525383,0.01128530502319336,0.9482071713147411,0.9491676197737959,0.9482038827245742,0.9486166007905138,0.978205616978015,0.9783993454704815,port_protocol_service_ablation,88,74,14,src_port|dst_port|proto_icmp|proto_tcp|proto_udp|service|service_dce_rpc|service_dns|service_ftp|service_gssapi|service_http|service_smb|service_smb_gssapi|service_ssl,ksf-v4-idsplit::
quantum,svc,4,zz_r1_full__svc__d4,zz_r1_full,id_test,train_cv,100.0,0.9525616965525383,0.01128530502319336,0.963855421686747,0.9641658057851239,0.9638460917964023,0.963265306122449,0.9848269628099173,0.9880137639240871,port_protocol_service_ablation,88,74,14,src_port|dst_port|proto_icmp|proto_tcp|proto_udp|service|service_dce_rpc|service_dns|service_ftp|service_gssapi|service_http|service_smb|service_smb_gssapi|service_ssl,ksf-v4-idsplit::
quantum,svc,4,zz_r1_full__svc__d4,zz_r1_full,ood_test,train_cv,100.0,0.9525616965525383,0.01128530502319336,0.98,0.9794238683127572,0.9799538135865034,0.9809160305343512,0.9967654641238731,0.9965582157497755,port_protocol_service_ablation,88,74,14,src_port|dst_port|proto_icmp|proto_tcp|proto_udp|service|service_dce_rpc|service_dns|service_ftp|service_gssapi|service_http|service_smb|service_smb_gssapi|service_ssl,ksf-v4-idsplit::
quantum,svc,4,zz_r2_full__svc__d4,zz_r2_full,id_val,fixed_c1,1.0,,0.006506204605102539,0.9083665338645418,0.9081840132164188,0.9082733527177971,0.9053497942386831,0.9553945863515058,0.9504044721473308,port_protocol_service_ablation,88,74,14,src_port|dst_port|proto_icmp|proto_tcp|proto_udp|service|service_dce_rpc|service_dns|service_ftp|service_gssapi|service_http|service_smb|service_smb_gssapi|service_ssl,ksf-v4-idsplit::
quantum,svc,4,zz_r2_full__svc__d4,zz_r2_full,id_test,fixed_c1,1.0,,0.006506204605102539,0.927710843373494,0.9269757231404958,0.9275132617414931,0.923728813559322,0.9635201446280991,0.9745609383195142,port_protocol_service_ablation,88,74,14,src_port|dst_port|proto_icmp|proto_tcp|proto_udp|service|service_dce_rpc|service_dns|service_ftp|service_gssapi|service_http|service_smb|service_smb_gssapi|service_ssl,ksf-v4-idsplit::
quantum,svc,4,zz_r2_full__svc__d4,zz_r2_full,ood_test,fixed_c1,1.0,,0.006506204605102539,0.978,0.977366255144033,0.9779448621553885,0.979047619047619,0.9999039246769468,0.9999112307851636,port_protocol_service_ablation,88,74,14,src_port|dst_port|proto_icmp|proto_tcp|proto_udp|service|service_dce_rpc|service_dns|service_ftp|service_gssapi|service_http|service_smb|service_smb_gssapi|service_ssl,ksf-v4-idsplit::
quantum,svc,4,zz_r2_full__svc__d4,zz_r2_full,id_val,train_cv,100.0,0.952552361227669,0.006573200225830078,0.952191235059761,0.9528211971025543,0.9521904761904761,0.952,0.9920574405896555,0.9911519557006957,port_protocol_service_ablation,88,74,14,src_port|dst_port|proto_icmp|proto_tcp|proto_udp|service|service_dce_rpc|service_dns|service_ftp|service_gssapi|service_http|service_smb|service_smb_gssapi|service_ssl,ksf-v4-idsplit::
quantum,svc,4,zz_r2_full__svc__d4,zz_r2_full,id_test,train_cv,100.0,0.952552361227669,0.006573200225830078,0.9558232931726908,0.9559013429752066,0.9557976276930525,0.9547325102880658,0.9930268595041323,0.9923029742350999,port_protocol_service_ablation,88,74,14,src_port|dst_port|proto_icmp|proto_tcp|proto_udp|service|service_dce_rpc|service_dns|service_ftp|service_gssapi|service_http|service_smb|service_smb_gssapi|service_ssl,ksf-v4-idsplit::
quantum,svc,4,zz_r2_full__svc__d4,zz_r2_full,ood_test,train_cv,100.0,0.952552361227669,0.006573200225830078,0.98,0.9795359561896526,0.9799612048926722,0.9808429118773946,0.9744759891755136,0.9534746288031107,port_protocol_service_ablation,88,74,14,src_port|dst_port|proto_icmp|proto_tcp|proto_udp|service|service_dce_rpc|service_dns|service_ftp|service_gssapi|service_http|service_smb|service_smb_gssapi|service_ssl,ksf-v4-idsplit::
quantum,svc,4,pauli_xz_r1_full__svc__d4,pauli_xz_r1_full,id_val,fixed_c1,1.0,,0.006006956100463867,0.8446215139442231,0.8488372093023255,0.8420543104700131,0.8621908127208481,0.9543779387469818,0.9391650485185083,port_protocol_service_ablation,88,74,14,src_port|dst_port|proto_icmp|proto_tcp|proto_udp|service|service_dce_rpc|service_dns|service_ftp|service_gssapi|service_http|service_smb|service_smb_gssapi|service_ssl,ksf-v4-idsplit::
quantum,svc,4,pauli_xz_r1_full__svc__d4,pauli_xz_r1_full,id_test,fixed_c1,1.0,,0.006006956100463867,0.9036144578313253,0.90625,0.9031630801140783,0.9097744360902256,0.9829545454545454,0.9819966276734382,port_protocol_service_ablation,88,74,14,src_port|dst_port|proto_icmp|proto_tcp|proto_udp|service|service_dce_rpc|service_dns|service_ftp|service_gssapi|service_http|service_smb|service_smb_gssapi|service_ssl,ksf-v4-idsplit::
quantum,svc,4,pauli_xz_r1_full__svc__d4,pauli_xz_r1_full,ood_test,fixed_c1,1.0,,0.006006956100463867,0.862,0.8580246913580247,0.8580895146661403,0.8816466552315609,0.9945076940321211,0.9909502924624758,port_protocol_service_ablation,88,74,14,src_port|dst_port|proto_icmp|proto_tcp|proto_udp|service|service_dce_rpc|service_dns|service_ftp|service_gssapi|service_http|service_smb|service_smb_gssapi|service_ssl,ksf-v4-idsplit::
quantum,svc,4,pauli_xz_r1_full__svc__d4,pauli_xz_r1_full,id_val,train_cv,100.0,0.9293567175201272,0.007001399993896484,0.9123505976095617,0.9120599822086669,0.9122377622377622,0.9090909090909091,0.9700724361418223,0.9672193987599745,port_protocol_service_ablation,88,74,14,src_port|dst_port|proto_icmp|proto_tcp|proto_udp|service|service_dce_rpc|service_dns|service_ftp|service_gssapi|service_http|service_smb|service_smb_gssapi|service_ssl,ksf-v4-idsplit::
quantum,svc,4,pauli_xz_r1_full__svc__d4,pauli_xz_r1_full,id_test,train_cv,100.0,0.9293567175201272,0.007001399993896484,0.9196787148594378,0.9187112603305785,0.9193861693861693,0.9145299145299145,0.9823088842975207,0.9855982320324292,port_protocol_service_ablation,88,74,14,src_port|dst_port|proto_icmp|proto_tcp|proto_udp|service|service_dce_rpc|service_dns|service_ftp|service_gssapi|service_http|service_smb|service_smb_gssapi|service_ssl,ksf-v4-idsplit::
quantum,svc,4,pauli_xz_r1_full__svc__d4,pauli_xz_r1_full,ood_test,train_cv,100.0,0.9293567175201272,0.007001399993896484,0.974,0.9733631166834799,0.9739348370927319,0.9752380952380952,0.9967014139085043,0.9965965726947472,port_protocol_service_ablation,88,74,14,src_port|dst_port|proto_icmp|proto_tcp|proto_udp|service|service_dce_rpc|service_dns|service_ftp|service_gssapi|service_http|service_smb|service_smb_gssapi|service_ssl,ksf-v4-idsplit::
quantum,svc,4,zmap_r2__svc__d4,zmap_r2,id_val,fixed_c1,1.0,,0.007997751235961914,0.8565737051792829,0.8573516329902148,0.8565714285714285,0.8571428571428571,0.9454822722073961,0.9107102255271894,port_protocol_service_ablation,88,74,14,src_port|dst_port|proto_icmp|proto_tcp|proto_udp|service|service_dce_rpc|service_dns|service_ftp|service_gssapi|service_http|service_smb|service_smb_gssapi|service_ssl,ksf-v4-idsplit::
quantum,svc,4,zmap_r2__svc__d4,zmap_r2,id_test,fixed_c1,1.0,,0.007997751235961914,0.891566265060241,0.8915934917355373,0.8915032679738562,0.8888888888888888,0.9805655991735538,0.9798835999313392,port_protocol_service_ablation,88,74,14,src_port|dst_port|proto_icmp|proto_tcp|proto_udp|service|service_dce_rpc|service_dns|service_ftp|service_gssapi|service_http|service_smb|service_smb_gssapi|service_ssl,ksf-v4-idsplit::
quantum,svc,4,zmap_r2__svc__d4,zmap_r2,ood_test,fixed_c1,1.0,,0.007997751235961914,0.938,0.9362139917695473,0.937493698961589,0.9431192660550459,0.9944436438167524,0.9873857702870287,port_protocol_service_ablation,88,74,14,src_port|dst_port|proto_icmp|proto_tcp|proto_udp|service|service_dce_rpc|service_dns|service_ftp|service_gssapi|service_http|service_smb|service_smb_gssapi|service_ssl,ksf-v4-idsplit::
quantum,svc,4,zmap_r2__svc__d4,zmap_r2,id_val,train_cv,100.0,0.9262452633652339,0.0069942474365234375,0.9083665338645418,0.9081840132164188,0.9082733527177971,0.9053497942386831,0.9526623459143474,0.9282022568769103,port_protocol_service_ablation,88,74,14,src_port|dst_port|proto_icmp|proto_tcp|proto_udp|service|service_dce_rpc|service_dns|service_ftp|service_gssapi|service_http|service_smb|service_smb_gssapi|service_ssl,ksf-v4-idsplit::
quantum,svc,4,zmap_r2__svc__d4,zmap_r2,id_test,train_cv,100.0,0.9262452633652339,0.0069942474365234375,0.9196787148594378,0.9187112603305785,0.9193861693861693,0.9145299145299145,0.973463326446281,0.982613762693018,port_protocol_service_ablation,88,74,14,src_port|dst_port|proto_icmp|proto_tcp|proto_udp|service|service_dce_rpc|service_dns|service_ftp|service_gssapi|service_http|service_smb|service_smb_gssapi|service_ssl,ksf-v4-idsplit::
quantum,svc,4,zmap_r2__svc__d4,zmap_r2,ood_test,train_cv,100.0,0.9262452633652339,0.0069942474365234375,0.98,0.9794238683127572,0.9799538135865034,0.9809160305343512,0.9969576147699797,0.9969739996249096,port_protocol_service_ablation,88,74,14,src_port|dst_port|proto_icmp|proto_tcp|proto_udp|service|service_dce_rpc|service_dns|service_ftp|service_gssapi|service_http|service_smb|service_smb_gssapi|service_ssl,ksf-v4-idsplit::
quantum,svc,4,zz_r1_full__as2__svc__d4,zz_r1_full__as2,id_val,fixed_c1,1.0,,0.004999637603759766,0.9043824701195219,0.9043080442241708,0.9043080442241708,0.9016393442622951,0.9518998602109544,0.9320150709849894,port_protocol_service_ablation,88,74,14,src_port|dst_port|proto_icmp|proto_tcp|proto_udp|service|service_dce_rpc|service_dns|service_ftp|service_gssapi|service_http|service_smb|service_smb_gssapi|service_ssl,ksf-v4-idsplit::
quantum,svc,4,zz_r1_full__as2__svc__d4,zz_r1_full__as2,id_test,fixed_c1,1.0,,0.004999637603759766,0.9196787148594378,0.9187112603305785,0.9193861693861693,0.9145299145299145,0.9799845041322314,0.9813208910693254,port_protocol_service_ablation,88,74,14,src_port|dst_port|proto_icmp|proto_tcp|proto_udp|service|service_dce_rpc|service_dns|service_ftp|service_gssapi|service_http|service_smb|service_smb_gssapi|service_ssl,ksf-v4-idsplit::
quantum,svc,4,zz_r1_full__as2__svc__d4,zz_r1_full__as2,ood_test,fixed_c1,1.0,,0.004999637603759766,0.98,0.9794238683127572,0.9799538135865034,0.9809160305343512,0.9702166498534852,0.9534237161360057,port_protocol_service_ablation,88,74,14,src_port|dst_port|proto_icmp|proto_tcp|proto_udp|service|service_dce_rpc|service_dns|service_ftp|service_gssapi|service_http|service_smb|service_smb_gssapi|service_ssl,ksf-v4-idsplit::
quantum,svc,4,zz_r1_full__as2__svc__d4,zz_r1_full__as2,id_val,train_cv,100.0,0.9603593314110904,0.004906177520751953,0.9721115537848606,0.9728682170542635,0.9721115537848606,0.9721115537848606,0.9796670479095184,0.961624627447799,port_protocol_service_ablation,88,74,14,src_port|dst_port|proto_icmp|proto_tcp|proto_udp|service|service_dce_rpc|service_dns|service_ftp|service_gssapi|service_http|service_smb|service_smb_gssapi|service_ssl,ksf-v4-idsplit::
quantum,svc,4,zz_r1_full__as2__svc__d4,zz_r1_full__as2,id_test,train_cv,100.0,0.9603593314110904,0.004906177520751953,0.9759036144578314,0.9765625,0.9759032258064516,0.9758064516129032,0.9972882231404959,0.997125867230546,port_protocol_service_ablation,88,74,14,src_port|dst_port|proto_icmp|proto_tcp|proto_udp|service|service_dce_rpc|service_dns|service_ftp|service_gssapi|service_http|service_smb|service_smb_gssapi|service_ssl,ksf-v4-idsplit::
quantum,svc,4,zz_r1_full__as2__svc__d4,zz_r1_full__as2,ood_test,train_cv,100.0,0.9603593314110904,0.004906177520751953,0.978,0.977366255144033,0.9779448621553885,0.979047619047619,0.9739956125602471,0.9586332492133821,port_protocol_service_ablation,88,74,14,src_port|dst_port|proto_icmp|proto_tcp|proto_udp|service|service_dce_rpc|service_dns|service_ftp|service_gssapi|service_http|service_smb|service_smb_gssapi|service_ssl,ksf-v4-idsplit::
quantum,svc,4,zz_r2_full__as2__svc__d4,zz_r2_full__as2,id_val,fixed_c1,1.0,,0.005001068115234375,0.896414342629482,0.8965561062396747,0.8963732215447154,0.8943089430894309,0.9680391409327742,0.9471684367225965,port_protocol_service_ablation,88,74,14,src_port|dst_port|proto_icmp|proto_tcp|proto_udp|service|service_dce_rpc|service_dns|service_ftp|service_gssapi|service_http|service_smb|service_smb_gssapi|service_ssl,ksf-v4-idsplit::
quantum,svc,4,zz_r2_full__as2__svc__d4,zz_r2_full__as2,id_test,fixed_c1,1.0,,0.005001068115234375,0.9156626506024096,0.9148050103305785,0.9153951945635466,0.9106382978723404,0.9926394628099173,0.9922134885152278,port_protocol_service_ablation,88,74,14,src_port|dst_port|proto_icmp|proto_tcp|proto_udp|service|service_dce_rpc|service_dns|service_ftp|service_gssapi|service_http|service_smb|service_smb_gssapi|service_ssl,ksf-v4-idsplit::
quantum,svc,4,zz_r2_full__as2__svc__d4,zz_r2_full__as2,ood_test,fixed_c1,1.0,,0.005001068115234375,0.978,0.977366255144033,0.9779448621553885,0.979047619047619,0.9748122528062001,0.9660771909451991,port_protocol_service_ablation,88,74,14,src_port|dst_port|proto_icmp|proto_tcp|proto_udp|service|service_dce_rpc|service_dns|service_ftp|service_gssapi|service_http|service_smb|service_smb_gssapi|service_ssl,ksf-v4-idsplit::
quantum,svc,4,zz_r2_full__as2__svc__d4,zz_r2_full__as2,id_val,train_cv,100.0,0.9686081575982488,0.00500178337097168,0.9641434262948207,0.9651162790697674,0.9641411495785513,0.9644268774703557,0.9731859194306774,0.9573553760236186,port_protocol_service_ablation,88,74,14,src_port|dst_port|proto_icmp|proto_tcp|proto_udp|service|service_dce_rpc|service_dns|service_ftp|service_gssapi|service_http|service_smb|service_smb_gssapi|service_ssl,ksf-v4-idsplit::
quantum,svc,4,zz_r2_full__as2__svc__d4,zz_r2_full__as2,id_test,train_cv,100.0,0.9686081575982488,0.00500178337097168,0.9799196787148594,0.98046875,0.9799183831475717,0.979757085020243,0.9987086776859504,0.9986748920122783,port_protocol_service_ablation,88,74,14,src_port|dst_port|proto_icmp|proto_tcp|proto_udp|service|service_dce_rpc|service_dns|service_ftp|service_gssapi|service_http|service_smb|service_smb_gssapi|service_ssl,ksf-v4-idsplit::
quantum,svc,4,zz_r2_full__as2__svc__d4,zz_r2_full__as2,ood_test,train_cv,100.0,0.9686081575982488,0.00500178337097168,0.974,0.9733631166834799,0.9739348370927319,0.9752380952380952,0.9851083249267425,0.9712642049415574,port_protocol_service_ablation,88,74,14,src_port|dst_port|proto_icmp|proto_tcp|proto_udp|service|service_dce_rpc|service_dns|service_ftp|service_gssapi|service_http|service_smb|service_smb_gssapi|service_ssl,ksf-v4-idsplit::
quantum,svc,4,pauli_xz_r1_full__as2__svc__d4,pauli_xz_r1_full__as2,id_val,fixed_c1,1.0,,0.0047757625579833984,0.852589641434263,0.853253272334477,0.852589641434263,0.852589641434263,0.9441479222264582,0.9283431144410089,port_protocol_service_ablation,88,74,14,src_port|dst_port|proto_icmp|proto_tcp|proto_udp|service|service_dce_rpc|service_dns|service_ftp|service_gssapi|service_http|service_smb|service_smb_gssapi|service_ssl,ksf-v4-idsplit::
quantum,svc,4,pauli_xz_r1_full__as2__svc__d4,pauli_xz_r1_full__as2,id_test,fixed_c1,1.0,,0.0047757625579833984,0.891566265060241,0.8915934917355373,0.8915032679738562,0.8888888888888888,0.9617768595041323,0.9515636468361262,port_protocol_service_ablation,88,74,14,src_port|dst_port|proto_icmp|proto_tcp|proto_udp|service|service_dce_rpc|service_dns|service_ftp|service_gssapi|service_http|service_smb|service_smb_gssapi|service_ssl,ksf-v4-idsplit::
quantum,svc,4,pauli_xz_r1_full__as2__svc__d4,pauli_xz_r1_full__as2,ood_test,fixed_c1,1.0,,0.0047757625579833984,0.938,0.9362139917695473,0.937493698961589,0.9431192660550459,0.9570543305951867,0.9327270438389629,port_protocol_service_ablation,88,74,14,src_port|dst_port|proto_icmp|proto_tcp|proto_udp|service|service_dce_rpc|service_dns|service_ftp|service_gssapi|service_http|service_smb|service_smb_gssapi|service_ssl,ksf-v4-idsplit::
quantum,svc,4,pauli_xz_r1_full__as2__svc__d4,pauli_xz_r1_full__as2,id_val,train_cv,100.0,0.9303797135370552,0.006513357162475586,0.9083665338645418,0.9081840132164188,0.9082733527177971,0.9053497942386831,0.9579362053628161,0.9164694441963559,port_protocol_service_ablation,88,74,14,src_port|dst_port|proto_icmp|proto_tcp|proto_udp|service|service_dce_rpc|service_dns|service_ftp|service_gssapi|service_http|service_smb|service_smb_gssapi|service_ssl,ksf-v4-idsplit::
quantum,svc,4,pauli_xz_r1_full__as2__svc__d4,pauli_xz_r1_full__as2,id_test,train_cv,100.0,0.9303797135370552,0.006513357162475586,0.9196787148594378,0.9187112603305785,0.9193861693861693,0.9145299145299145,0.9820506198347108,0.9858622592162497,port_protocol_service_ablation,88,74,14,src_port|dst_port|proto_icmp|proto_tcp|proto_udp|service|service_dce_rpc|service_dns|service_ftp|service_gssapi|service_http|service_smb|service_smb_gssapi|service_ssl,ksf-v4-idsplit::
quantum,svc,4,pauli_xz_r1_full__as2__svc__d4,pauli_xz_r1_full__as2,ood_test,train_cv,100.0,0.9303797135370552,0.006513357162475586,0.982,0.9814814814814814,0.981961831234893,0.982791586998088,0.994043329970697,0.9944113095864067,port_protocol_service_ablation,88,74,14,src_port|dst_port|proto_icmp|proto_tcp|proto_udp|service|service_dce_rpc|service_dns|service_ftp|service_gssapi|service_http|service_smb|service_smb_gssapi|service_ssl,ksf-v4-idsplit::
quantum,svc,4,zmap_r2__as2__svc__d4,zmap_r2__as2,id_val,fixed_c1,1.0,,0.00515294075012207,0.8565737051792829,0.8573516329902148,0.8565714285714285,0.8571428571428571,0.8982081585970263,0.8896693002732444,port_protocol_service_ablation,88,74,14,src_port|dst_port|proto_icmp|proto_tcp|proto_udp|service|service_dce_rpc|service_dns|service_ftp|service_gssapi|service_http|service_smb|service_smb_gssapi|service_ssl,ksf-v4-idsplit::
quantum,svc,4,zmap_r2__as2__svc__d4,zmap_r2__as2,id_test,fixed_c1,1.0,,0.00515294075012207,0.8995983935742972,0.8994059917355373,0.8994946477872677,0.8962655601659751,0.942213326446281,0.956339538776077,port_protocol_service_ablation,88,74,14,src_port|dst_port|proto_icmp|proto_tcp|proto_udp|service|service_dce_rpc|service_dns|service_ftp|service_gssapi|service_http|service_smb|service_smb_gssapi|service_ssl,ksf-v4-idsplit::
quantum,svc,4,zmap_r2__as2__svc__d4,zmap_r2__as2,ood_test,fixed_c1,1.0,,0.00515294075012207,0.948,0.9465020576131687,0.9476650563607085,0.9518518518518518,0.9995996861539448,0.99962584945103,port_protocol_service_ablation,88,74,14,src_port|dst_port|proto_icmp|proto_tcp|proto_udp|service|service_dce_rpc|service_dns|service_ftp|service_gssapi|service_http|service_smb|service_smb_gssapi|service_ssl,ksf-v4-idsplit::
quantum,svc,4,zmap_r2__as2__svc__d4,zmap_r2__as2,id_val,train_cv,100.0,0.93233079643474,0.007082462310791016,0.9163346613545816,0.915935951200915,0.9162016502122383,0.9128630705394191,0.9695005718642775,0.9559159749775861,port_protocol_service_ablation,88,74,14,src_port|dst_port|proto_icmp|proto_tcp|proto_udp|service|service_dce_rpc|service_dns|service_ftp|service_gssapi|service_http|service_smb|service_smb_gssapi|service_ssl,ksf-v4-idsplit::
quantum,svc,4,zmap_r2__as2__svc__d4,zmap_r2__as2,id_test,train_cv,100.0,0.93233079643474,0.007082462310791016,0.9196787148594378,0.9187112603305785,0.9193861693861693,0.9145299145299145,0.985601756198347,0.987244242348362,port_protocol_service_ablation,88,74,14,src_port|dst_port|proto_icmp|proto_tcp|proto_udp|service|service_dce_rpc|service_dns|service_ftp|service_gssapi|service_http|service_smb|service_smb_gssapi|service_ssl,ksf-v4-idsplit::
quantum,svc,4,zmap_r2__as2__svc__d4,zmap_r2__as2,ood_test,train_cv,100.0,0.93233079643474,0.007082462310791016,0.982,0.9814814814814814,0.981961831234893,0.982791586998088,0.9929224512017422,0.9849104301228261,port_protocol_service_ablation,88,74,14,src_port|dst_port|proto_icmp|proto_tcp|proto_udp|service|service_dce_rpc|service_dns|service_ftp|service_gssapi|service_http|service_smb|service_smb_gssapi|service_ssl,ksf-v4-idsplit::
classical_ext,svc,6,linear__svc__d6,linear,id_val,fixed_c1,1.0,,0.007623434066772461,0.8047808764940239,0.8027385944846868,0.8029795754905886,0.7841409691629956,0.8715211589782692,0.8781322907045366,port_protocol_service_ablation,88,74,14,src_port|dst_port|proto_icmp|proto_tcp|proto_udp|service|service_dce_rpc|service_dns|service_ftp|service_gssapi|service_http|service_smb|service_smb_gssapi|service_ssl,ksf-v4-idsplit::
classical_ext,svc,6,linear__svc__d6,linear,id_test,fixed_c1,1.0,,0.007623434066772461,0.8875502008032129,0.8856534090909092,0.8865825091098387,0.8761061946902655,0.936273243801653,0.9412432314319504,port_protocol_service_ablation,88,74,14,src_port|dst_port|proto_icmp|proto_tcp|proto_udp|service|service_dce_rpc|service_dns|service_ftp|service_gssapi|service_http|service_smb|service_smb_gssapi|service_ssl,ksf-v4-idsplit::
classical_ext,svc,6,linear__svc__d6,linear,ood_test,fixed_c1,1.0,,0.007623434066772461,0.578,0.5874765816400058,0.5291839038910384,0.3775811209439528,0.9423708187218779,0.9460826798906802,port_protocol_service_ablation,88,74,14,src_port|dst_port|proto_icmp|proto_tcp|proto_udp|service|service_dce_rpc|service_dns|service_ftp|service_gssapi|service_http|service_smb|service_smb_gssapi|service_ssl,ksf-v4-idsplit::
classical_ext,svc,6,linear__svc__d6,linear,id_val,train_cv,100.0,0.8501171567231021,0.010546684265136719,0.8326693227091634,0.8314271190748507,0.8318982013011864,0.8205128205128205,0.8989071038251366,0.916241175353541,port_protocol_service_ablation,88,74,14,src_port|dst_port|proto_icmp|proto_tcp|proto_udp|service|service_dce_rpc|service_dns|service_ftp|service_gssapi|service_http|service_smb|service_smb_gssapi|service_ssl,ksf-v4-idsplit::
classical_ext,svc,6,linear__svc__d6,linear,id_test,train_cv,100.0,0.8501171567231021,0.010546684265136719,0.9036144578313253,0.9021823347107438,0.9030499675535366,0.8956521739130435,0.9433755165289257,0.9566704791112463,port_protocol_service_ablation,88,74,14,src_port|dst_port|proto_icmp|proto_tcp|proto_udp|service|service_dce_rpc|service_dns|service_ftp|service_gssapi|service_http|service_smb|service_smb_gssapi|service_ssl,ksf-v4-idsplit::
classical_ext,svc,6,linear__svc__d6,linear,ood_test,train_cv,100.0,0.8501171567231021,0.010546684265136719,0.586,0.595258682807321,0.5407164822876313,0.3965014577259475,0.9454132039518983,0.9498272653410665,port_protocol_service_ablation,88,74,14,src_port|dst_port|proto_icmp|proto_tcp|proto_udp|service|service_dce_rpc|service_dns|service_ftp|service_gssapi|service_http|service_smb|service_smb_gssapi|service_ssl,ksf-v4-idsplit::
classical_ext,svc,6,rbf_gscale__svc__d6,rbf_gscale,id_val,fixed_c1,1.0,,0.004734516143798828,0.8565737051792829,0.8573516329902148,0.8565714285714285,0.8571428571428571,0.9446562460287202,0.9099345685864116,port_protocol_service_ablation,88,74,14,src_port|dst_port|proto_icmp|proto_tcp|proto_udp|service|service_dce_rpc|service_dns|service_ftp|service_gssapi|service_http|service_smb|service_smb_gssapi|service_ssl,ksf-v4-idsplit::
classical_ext,svc,6,rbf_gscale__svc__d6,rbf_gscale,id_test,fixed_c1,1.0,,0.004734516143798828,0.891566265060241,0.8915934917355373,0.8915032679738562,0.8888888888888888,0.984762396694215,0.9845380482969205,port_protocol_service_ablation,88,74,14,src_port|dst_port|proto_icmp|proto_tcp|proto_udp|service|service_dce_rpc|service_dns|service_ftp|service_gssapi|service_http|service_smb|service_smb_gssapi|service_ssl,ksf-v4-idsplit::
classical_ext,svc,6,rbf_gscale__svc__d6,rbf_gscale,ood_test,fixed_c1,1.0,,0.004734516143798828,0.936,0.9341563786008231,0.9354536799470721,0.9413919413919414,0.9444684632752077,0.9387151452478095,port_protocol_service_ablation,88,74,14,src_port|dst_port|proto_icmp|proto_tcp|proto_udp|service|service_dce_rpc|service_dns|service_ftp|service_gssapi|service_http|service_smb|service_smb_gssapi|service_ssl,ksf-v4-idsplit::
classical_ext,svc,6,rbf_gscale__svc__d6,rbf_gscale,id_val,train_cv,100.0,0.9106299194916451,0.005972862243652344,0.9043824701195219,0.9040856525606811,0.9042593769866497,0.9008264462809917,0.9720421908755877,0.9559159691363742,port_protocol_service_ablation,88,74,14,src_port|dst_port|proto_icmp|proto_tcp|proto_udp|service|service_dce_rpc|service_dns|service_ftp|service_gssapi|service_http|service_smb|service_smb_gssapi|service_ssl,ksf-v4-idsplit::
classical_ext,svc,6,rbf_gscale__svc__d6,rbf_gscale,id_test,train_cv,100.0,0.9106299194916451,0.005972862243652344,0.9116465863453815,0.9108987603305785,0.9114050976840471,0.9067796610169492,0.989088326446281,0.9879367407494775,port_protocol_service_ablation,88,74,14,src_port|dst_port|proto_icmp|proto_tcp|proto_udp|service|service_dce_rpc|service_dns|service_ftp|service_gssapi|service_http|service_smb|service_smb_gssapi|service_ssl,ksf-v4-idsplit::
classical_ext,svc,6,rbf_gscale__svc__d6,rbf_gscale,ood_test,train_cv,100.0,0.9106299194916451,0.005972862243652344,0.966,0.9650205761316872,0.9658687996659158,0.967984934086629,0.9750364285599911,0.9633571543625548,port_protocol_service_ablation,88,74,14,src_port|dst_port|proto_icmp|proto_tcp|proto_udp|service|service_dce_rpc|service_dns|service_ftp|service_gssapi|service_http|service_smb|service_smb_gssapi|service_ssl,ksf-v4-idsplit::
classical_ext,svc,6,poly2__svc__d6,poly2,id_val,fixed_c1,1.0,,0.005846500396728516,0.8047808764940239,0.8027385944846868,0.8029795754905886,0.7841409691629956,0.8940144872283645,0.9057913932878042,port_protocol_service_ablation,88,74,14,src_port|dst_port|proto_icmp|proto_tcp|proto_udp|service|service_dce_rpc|service_dns|service_ftp|service_gssapi|service_http|service_smb|service_smb_gssapi|service_ssl,ksf-v4-idsplit::
classical_ext,svc,6,poly2__svc__d6,poly2,id_test,fixed_c1,1.0,,0.005846500396728516,0.8875502008032129,0.8856534090909092,0.8865825091098387,0.8761061946902655,0.948540805785124,0.9574020913126684,port_protocol_service_ablation,88,74,14,src_port|dst_port|proto_icmp|proto_tcp|proto_udp|service|service_dce_rpc|service_dns|service_ftp|service_gssapi|service_http|service_smb|service_smb_gssapi|service_ssl,ksf-v4-idsplit::
classical_ext,svc,6,poly2__svc__d6,poly2,ood_test,fixed_c1,1.0,,0.005846500396728516,0.578,0.5874765816400058,0.5291839038910384,0.3775811209439528,0.9425949944756689,0.9474514064885247,port_protocol_service_ablation,88,74,14,src_port|dst_port|proto_icmp|proto_tcp|proto_udp|service|service_dce_rpc|service_dns|service_ftp|service_gssapi|service_http|service_smb|service_smb_gssapi|service_ssl,ksf-v4-idsplit::
classical_ext,svc,6,poly2__svc__d6,poly2,id_val,train_cv,100.0,0.8675505871951422,0.006002187728881836,0.8406374501992032,0.8400686237133054,0.8403307888040712,0.8333333333333334,0.9433854365230652,0.9386804833841137,port_protocol_service_ablation,88,74,14,src_port|dst_port|proto_icmp|proto_tcp|proto_udp|service|service_dce_rpc|service_dns|service_ftp|service_gssapi|service_http|service_smb|service_smb_gssapi|service_ssl,ksf-v4-idsplit::
classical_ext,svc,6,poly2__svc__d6,poly2,id_test,train_cv,100.0,0.8675505871951422,0.006002187728881836,0.9156626506024096,0.9148050103305785,0.9153951945635466,0.9106382978723404,0.9761105371900827,0.9807633487152452,port_protocol_service_ablation,88,74,14,src_port|dst_port|proto_icmp|proto_tcp|proto_udp|service|service_dce_rpc|service_dns|service_ftp|service_gssapi|service_http|service_smb|service_smb_gssapi|service_ssl,ksf-v4-idsplit::
classical_ext,svc,6,poly2__svc__d6,poly2,ood_test,train_cv,100.0,0.8675505871951422,0.006002187728881836,0.592,0.6010952586828073,0.5492390093864348,0.41040462427745666,0.9463099069670621,0.9523501820982939,port_protocol_service_ablation,88,74,14,src_port|dst_port|proto_icmp|proto_tcp|proto_udp|service|service_dce_rpc|service_dns|service_ftp|service_gssapi|service_http|service_smb|service_smb_gssapi|service_ssl,ksf-v4-idsplit::
classical_ext,svc,6,poly3__svc__d6,poly3,id_val,fixed_c1,1.0,,0.005999088287353516,0.8047808764940239,0.8027385944846868,0.8029795754905886,0.7841409691629956,0.8973185919430677,0.9097728107553803,port_protocol_service_ablation,88,74,14,src_port|dst_port|proto_icmp|proto_tcp|proto_udp|service|service_dce_rpc|service_dns|service_ftp|service_gssapi|service_http|service_smb|service_smb_gssapi|service_ssl,ksf-v4-idsplit::
classical_ext,svc,6,poly3__svc__d6,poly3,id_test,fixed_c1,1.0,,0.005999088287353516,0.8875502008032129,0.8856534090909092,0.8865825091098387,0.8761061946902655,0.950025826446281,0.9590182860139398,port_protocol_service_ablation,88,74,14,src_port|dst_port|proto_icmp|proto_tcp|proto_udp|service|service_dce_rpc|service_dns|service_ftp|service_gssapi|service_http|service_smb|service_smb_gssapi|service_ssl,ksf-v4-idsplit::
classical_ext,svc,6,poly3__svc__d6,poly3,ood_test,fixed_c1,1.0,,0.005999088287353516,0.578,0.5874765816400058,0.5291839038910384,0.3775811209439528,0.942979295767882,0.9477511355290363,port_protocol_service_ablation,88,74,14,src_port|dst_port|proto_icmp|proto_tcp|proto_udp|service|service_dce_rpc|service_dns|service_ftp|service_gssapi|service_http|service_smb|service_smb_gssapi|service_ssl,ksf-v4-idsplit::
classical_ext,svc,6,poly3__svc__d6,poly3,id_val,train_cv,100.0,0.9040233004575914,0.012368202209472656,0.900398406374502,0.8997649002414538,0.9001702276596083,0.895397489539749,0.9586986910662092,0.9546844260051361,port_protocol_service_ablation,88,74,14,src_port|dst_port|proto_icmp|proto_tcp|proto_udp|service|service_dce_rpc|service_dns|service_ftp|service_gssapi|service_http|service_smb|service_smb_gssapi|service_ssl,ksf-v4-idsplit::
classical_ext,svc,6,poly3__svc__d6,poly3,id_test,train_cv,100.0,0.9040233004575914,0.012368202209472656,0.9076305220883534,0.9067665289256198,0.9073375940457892,0.902127659574468,0.9770790289256199,0.9809521520192781,port_protocol_service_ablation,88,74,14,src_port|dst_port|proto_icmp|proto_tcp|proto_udp|service|service_dce_rpc|service_dns|service_ftp|service_gssapi|service_http|service_smb|service_smb_gssapi|service_ssl,ksf-v4-idsplit::
classical_ext,svc,6,poly3__svc__d6,poly3,ood_test,train_cv,100.0,0.9040233004575914,0.012368202209472656,0.972,0.9711934156378601,0.971911915767848,0.9734848484848485,0.9968935645546108,0.9967398852824061,port_protocol_service_ablation,88,74,14,src_port|dst_port|proto_icmp|proto_tcp|proto_udp|service|service_dce_rpc|service_dns|service_ftp|service_gssapi|service_http|service_smb|service_smb_gssapi|service_ssl,ksf-v4-idsplit::
classical_ext,svc,6,laplacian_med__svc__d6,laplacian_med,id_val,fixed_c1,1.0,,0.005766391754150391,0.900398406374502,0.8997649002414538,0.9001702276596083,0.895397489539749,0.9792858050578218,0.9699007995956944,port_protocol_service_ablation,88,74,14,src_port|dst_port|proto_icmp|proto_tcp|proto_udp|service|service_dce_rpc|service_dns|service_ftp|service_gssapi|service_http|service_smb|service_smb_gssapi|service_ssl,ksf-v4-idsplit::
classical_ext,svc,6,laplacian_med__svc__d6,laplacian_med,id_test,fixed_c1,1.0,,0.005766391754150391,0.9076305220883534,0.9067665289256198,0.9073375940457892,0.902127659574468,0.9908961776859504,0.9902631786143476,port_protocol_service_ablation,88,74,14,src_port|dst_port|proto_icmp|proto_tcp|proto_udp|service|service_dce_rpc|service_dns|service_ftp|service_gssapi|service_http|service_smb|service_smb_gssapi|service_ssl,ksf-v4-idsplit::
classical_ext,svc,6,laplacian_med__svc__d6,laplacian_med,ood_test,fixed_c1,1.0,,0.005766391754150391,0.972,0.9711934156378601,0.971911915767848,0.9734848484848485,0.9995836736001025,0.9996113369267213,port_protocol_service_ablation,88,74,14,src_port|dst_port|proto_icmp|proto_tcp|proto_udp|service|service_dce_rpc|service_dns|service_ftp|service_gssapi|service_http|service_smb|service_smb_gssapi|service_ssl,ksf-v4-idsplit::
classical_ext,svc,6,laplacian_med__svc__d6,laplacian_med,id_val,train_cv,100.0,0.9714114096917996,0.004000663757324219,0.9800796812749004,0.9806201550387597,0.9800784164325285,0.9799196787148594,0.9926293048672005,0.9857636724506446,port_protocol_service_ablation,88,74,14,src_port|dst_port|proto_icmp|proto_tcp|proto_udp|service|service_dce_rpc|service_dns|service_ftp|service_gssapi|service_http|service_smb|service_smb_gssapi|service_ssl,ksf-v4-idsplit::
classical_ext,svc,6,laplacian_med__svc__d6,laplacian_med,id_test,train_cv,100.0,0.9714114096917996,0.004000663757324219,0.9799196787148594,0.98046875,0.9799183831475717,0.979757085020243,0.9988378099173554,0.9988017376022174,port_protocol_service_ablation,88,74,14,src_port|dst_port|proto_icmp|proto_tcp|proto_udp|service|service_dce_rpc|service_dns|service_ftp|service_gssapi|service_http|service_smb|service_smb_gssapi|service_ssl,ksf-v4-idsplit::
classical_ext,svc,6,laplacian_med__svc__d6,laplacian_med,ood_test,train_cv,100.0,0.9714114096917996,0.004000663757324219,0.982,0.9814814814814814,0.981961831234893,0.982791586998088,0.9959328113240781,0.9865555590661959,port_protocol_service_ablation,88,74,14,src_port|dst_port|proto_icmp|proto_tcp|proto_udp|service|service_dce_rpc|service_dns|service_ftp|service_gssapi|service_http|service_smb|service_smb_gssapi|service_ssl,ksf-v4-idsplit::
classical_ext,svc,6,matern15_med__svc__d6,matern15_med,id_val,fixed_c1,1.0,,0.008333206176757812,0.8565737051792829,0.8573516329902148,0.8565714285714285,0.8571428571428571,0.9430677341466515,0.9104776838885625,port_protocol_service_ablation,88,74,14,src_port|dst_port|proto_icmp|proto_tcp|proto_udp|service|service_dce_rpc|service_dns|service_ftp|service_gssapi|service_http|service_smb|service_smb_gssapi|service_ssl,ksf-v4-idsplit::
classical_ext,svc,6,matern15_med__svc__d6,matern15_med,id_test,fixed_c1,1.0,,0.008333206176757812,0.891566265060241,0.8915934917355373,0.8915032679738562,0.8888888888888888,0.9839230371900827,0.9838023637236862,port_protocol_service_ablation,88,74,14,src_port|dst_port|proto_icmp|proto_tcp|proto_udp|service|service_dce_rpc|service_dns|service_ftp|service_gssapi|service_http|service_smb|service_smb_gssapi|service_ssl,ksf-v4-idsplit::
classical_ext,svc,6,matern15_med__svc__d6,matern15_med,ood_test,fixed_c1,1.0,,0.008333206176757812,0.938,0.9362139917695473,0.937493698961589,0.9431192660550459,0.9444684632752078,0.9387113652672041,port_protocol_service_ablation,88,74,14,src_port|dst_port|proto_icmp|proto_tcp|proto_udp|service|service_dce_rpc|service_dns|service_ftp|service_gssapi|service_http|service_smb|service_smb_gssapi|service_ssl,ksf-v4-idsplit::
classical_ext,svc,6,matern15_med__svc__d6,matern15_med,id_val,train_cv,100.0,0.919469221016864,0.005070686340332031,0.9043824701195219,0.9040856525606811,0.9042593769866497,0.9008264462809917,0.9755369170161393,0.959709029561848,port_protocol_service_ablation,88,74,14,src_port|dst_port|proto_icmp|proto_tcp|proto_udp|service|service_dce_rpc|service_dns|service_ftp|service_gssapi|service_http|service_smb|service_smb_gssapi|service_ssl,ksf-v4-idsplit::
classical_ext,svc,6,matern15_med__svc__d6,matern15_med,id_test,train_cv,100.0,0.919469221016864,0.005070686340332031,0.9116465863453815,0.9108987603305785,0.9114050976840471,0.9067796610169492,0.9916064049586777,0.9911077020975592,port_protocol_service_ablation,88,74,14,src_port|dst_port|proto_icmp|proto_tcp|proto_udp|service|service_dce_rpc|service_dns|service_ftp|service_gssapi|service_http|service_smb|service_smb_gssapi|service_ssl,ksf-v4-idsplit::
classical_ext,svc,6,matern15_med__svc__d6,matern15_med,ood_test,train_cv,100.0,0.919469221016864,0.005070686340332031,0.966,0.9650205761316872,0.9658687996659158,0.967984934086629,0.999919937230789,0.9999257433094721,port_protocol_service_ablation,88,74,14,src_port|dst_port|proto_icmp|proto_tcp|proto_udp|service|service_dce_rpc|service_dns|service_ftp|service_gssapi|service_http|service_smb|service_smb_gssapi|service_ssl,ksf-v4-idsplit::
classical_ext,svc,6,matern25_med__svc__d6,matern25_med,id_val,fixed_c1,1.0,,0.005432605743408203,0.848605577689243,0.84871012835176,0.8485454776422765,0.8455284552845529,0.9377938746981827,0.8980343034150454,port_protocol_service_ablation,88,74,14,src_port|dst_port|proto_icmp|proto_tcp|proto_udp|service|service_dce_rpc|service_dns|service_ftp|service_gssapi|service_http|service_smb|service_smb_gssapi|service_ssl,ksf-v4-idsplit::
classical_ext,svc,6,matern25_med__svc__d6,matern25_med,id_test,fixed_c1,1.0,,0.005432605743408203,0.8875502008032129,0.8867833161157025,0.8872428515978781,0.8813559322033898,0.9818569214876034,0.9814555661044719,port_protocol_service_ablation,88,74,14,src_port|dst_port|proto_icmp|proto_tcp|proto_udp|service|service_dce_rpc|service_dns|service_ftp|service_gssapi|service_http|service_smb|service_smb_gssapi|service_ssl,ksf-v4-idsplit::
classical_ext,svc,6,matern25_med__svc__d6,matern25_med,ood_test,fixed_c1,1.0,,0.005432605743408203,0.946,0.9444444444444444,0.9456344460150049,0.9500924214417745,0.9429953083217243,0.9365181683309111,port_protocol_service_ablation,88,74,14,src_port|dst_port|proto_icmp|proto_tcp|proto_udp|service|service_dce_rpc|service_dns|service_ftp|service_gssapi|service_http|service_smb|service_smb_gssapi|service_ssl,ksf-v4-idsplit::
classical_ext,svc,6,matern25_med__svc__d6,matern25_med,id_val,train_cv,100.0,0.9058449399331193,0.005000114440917969,0.896414342629482,0.8958889312492058,0.8962150127226463,0.8916666666666667,0.971978650400305,0.9550926575360008,port_protocol_service_ablation,88,74,14,src_port|dst_port|proto_icmp|proto_tcp|proto_udp|service|service_dce_rpc|service_dns|service_ftp|service_gssapi|service_http|service_smb|service_smb_gssapi|service_ssl,ksf-v4-idsplit::
classical_ext,svc,6,matern25_med__svc__d6,matern25_med,id_test,train_cv,100.0,0.9058449399331193,0.005000114440917969,0.9076305220883534,0.9067665289256198,0.9073375940457892,0.902127659574468,0.9878615702479339,0.9865087293322388,port_protocol_service_ablation,88,74,14,src_port|dst_port|proto_icmp|proto_tcp|proto_udp|service|service_dce_rpc|service_dns|service_ftp|service_gssapi|service_http|service_smb|service_smb_gssapi|service_ssl,ksf-v4-idsplit::
classical_ext,svc,6,matern25_med__svc__d6,matern25_med,ood_test,train_cv,100.0,0.9058449399331193,0.005000114440917969,0.968,0.9670781893004115,0.9678843837816138,0.969811320754717,0.9959167987702358,0.9856407535267135,port_protocol_service_ablation,88,74,14,src_port|dst_port|proto_icmp|proto_tcp|proto_udp|service|service_dce_rpc|service_dns|service_ftp|service_gssapi|service_http|service_smb|service_smb_gssapi|service_ssl,ksf-v4-idsplit::
classical_ext,svc,6,rbf_gscale_x0.1__svc__d6,rbf_gscale_x0.1,id_val,fixed_c1,1.0,,0.006006717681884766,0.796812749003984,0.7981001397890457,0.7966965774636703,0.8015564202334631,0.8961748633879781,0.8825491267466771,port_protocol_service_ablation,88,74,14,src_port|dst_port|proto_icmp|proto_tcp|proto_udp|service|service_dce_rpc|service_dns|service_ftp|service_gssapi|service_http|service_smb|service_smb_gssapi|service_ssl,ksf-v4-idsplit::
classical_ext,svc,6,rbf_gscale_x0.1__svc__d6,rbf_gscale_x0.1,id_test,fixed_c1,1.0,,0.006006717681884766,0.9036144578313253,0.9042161673553719,0.9036129032258065,0.9032258064516129,0.9642303719008265,0.9589510887265291,port_protocol_service_ablation,88,74,14,src_port|dst_port|proto_icmp|proto_tcp|proto_udp|service|service_dce_rpc|service_dns|service_ftp|service_gssapi|service_http|service_smb|service_smb_gssapi|service_ssl,ksf-v4-idsplit::
classical_ext,svc,6,rbf_gscale_x0.1__svc__d6,rbf_gscale_x0.1,ood_test,fixed_c1,1.0,,0.006006717681884766,0.502,0.5092872812284832,0.46992178685320873,0.3395225464190981,0.8245984852124065,0.8591310829452281,port_protocol_service_ablation,88,74,14,src_port|dst_port|proto_icmp|proto_tcp|proto_udp|service|service_dce_rpc|service_dns|service_ftp|service_gssapi|service_http|service_smb|service_smb_gssapi|service_ssl,ksf-v4-idsplit::
classical_ext,svc,6,rbf_gscale_x0.1__svc__d6,rbf_gscale_x0.1,id_val,train_cv,100.0,0.860388869213061,0.005005598068237305,0.852589641434263,0.8534756639979667,0.8525802816007111,0.8537549407114624,0.9501207269030372,0.9304014778380306,port_protocol_service_ablation,88,74,14,src_port|dst_port|proto_icmp|proto_tcp|proto_udp|service|service_dce_rpc|service_dns|service_ftp|service_gssapi|service_http|service_smb|service_smb_gssapi|service_ssl,ksf-v4-idsplit::
classical_ext,svc,6,rbf_gscale_x0.1__svc__d6,rbf_gscale_x0.1,id_test,train_cv,100.0,0.860388869213061,0.005005598068237305,0.891566265060241,0.8915934917355373,0.8915032679738562,0.8888888888888888,0.9874096074380165,0.987440356262217,port_protocol_service_ablation,88,74,14,src_port|dst_port|proto_icmp|proto_tcp|proto_udp|service|service_dce_rpc|service_dns|service_ftp|service_gssapi|service_http|service_smb|service_smb_gssapi|service_ssl,ksf-v4-idsplit::
classical_ext,svc,6,rbf_gscale_x0.1__svc__d6,rbf_gscale_x0.1,ood_test,train_cv,100.0,0.860388869213061,0.005005598068237305,0.936,0.9341563786008231,0.9354536799470721,0.9413919413919414,0.9453971913980561,0.94517207505373,port_protocol_service_ablation,88,74,14,src_port|dst_port|proto_icmp|proto_tcp|proto_udp|service|service_dce_rpc|service_dns|service_ftp|service_gssapi|service_http|service_smb|service_smb_gssapi|service_ssl,ksf-v4-idsplit::
classical_ext,svc,6,rbf_gscale_x0.3__svc__d6,rbf_gscale_x0.3,id_val,fixed_c1,1.0,,0.0061151981353759766,0.8207171314741036,0.8200216037615962,0.820306409787295,0.8117154811715481,0.9414792222645825,0.9323890360975888,port_protocol_service_ablation,88,74,14,src_port|dst_port|proto_icmp|proto_tcp|proto_udp|service|service_dce_rpc|service_dns|service_ftp|service_gssapi|service_http|service_smb|service_smb_gssapi|service_ssl,ksf-v4-idsplit::
classical_ext,svc,6,rbf_gscale_x0.3__svc__d6,rbf_gscale_x0.3,id_test,fixed_c1,1.0,,0.0061151981353759766,0.8714859437751004,0.8702543904958677,0.870884106818771,0.8620689655172413,0.9792742768595042,0.9786029866277826,port_protocol_service_ablation,88,74,14,src_port|dst_port|proto_icmp|proto_tcp|proto_udp|service|service_dce_rpc|service_dns|service_ftp|service_gssapi|service_http|service_smb|service_smb_gssapi|service_ssl,ksf-v4-idsplit::
classical_ext,svc,6,rbf_gscale_x0.3__svc__d6,rbf_gscale_x0.3,ood_test,fixed_c1,1.0,,0.0061151981353759766,0.936,0.9349409937390915,0.935736777842041,0.9398496240601504,0.9424829065987734,0.9473665268019269,port_protocol_service_ablation,88,74,14,src_port|dst_port|proto_icmp|proto_tcp|proto_udp|service|service_dce_rpc|service_dns|service_ftp|service_gssapi|service_http|service_smb|service_smb_gssapi|service_ssl,ksf-v4-idsplit::
classical_ext,svc,6,rbf_gscale_x0.3__svc__d6,rbf_gscale_x0.3,id_val,train_cv,100.0,0.882984365416054,0.0060007572174072266,0.896414342629482,0.8958889312492058,0.8962150127226463,0.8916666666666667,0.9511373745075613,0.946471452801528,port_protocol_service_ablation,88,74,14,src_port|dst_port|proto_icmp|proto_tcp|proto_udp|service|service_dce_rpc|service_dns|service_ftp|service_gssapi|service_http|service_smb|service_smb_gssapi|service_ssl,ksf-v4-idsplit::
classical_ext,svc,6,rbf_gscale_x0.3__svc__d6,rbf_gscale_x0.3,id_test,train_cv,100.0,0.882984365416054,0.0060007572174072266,0.9076305220883534,0.9067665289256198,0.9073375940457892,0.902127659574468,0.9731404958677686,0.9758869746337927,port_protocol_service_ablation,88,74,14,src_port|dst_port|proto_icmp|proto_tcp|proto_udp|service|service_dce_rpc|service_dns|service_ftp|service_gssapi|service_http|service_smb|service_smb_gssapi|service_ssl,ksf-v4-idsplit::
classical_ext,svc,6,rbf_gscale_x0.3__svc__d6,rbf_gscale_x0.3,ood_test,train_cv,100.0,0.882984365416054,0.0060007572174072266,0.972,0.9711934156378601,0.971911915767848,0.9734848484848485,0.9820659396967222,0.9832681016675308,port_protocol_service_ablation,88,74,14,src_port|dst_port|proto_icmp|proto_tcp|proto_udp|service|service_dce_rpc|service_dns|service_ftp|service_gssapi|service_http|service_smb|service_smb_gssapi|service_ssl,ksf-v4-idsplit::
classical_ext,svc,6,rbf_gscale_x3__svc__d6,rbf_gscale_x3,id_val,fixed_c1,1.0,,0.005927324295043945,0.8565737051792829,0.8573516329902148,0.8565714285714285,0.8571428571428571,0.9520269411615199,0.924564031675665,port_protocol_service_ablation,88,74,14,src_port|dst_port|proto_icmp|proto_tcp|proto_udp|service|service_dce_rpc|service_dns|service_ftp|service_gssapi|service_http|service_smb|service_smb_gssapi|service_ssl,ksf-v4-idsplit::
classical_ext,svc,6,rbf_gscale_x3__svc__d6,rbf_gscale_x3,id_test,fixed_c1,1.0,,0.005927324295043945,0.891566265060241,0.8915934917355373,0.8915032679738562,0.8888888888888888,0.9820506198347108,0.9808602266345255,port_protocol_service_ablation,88,74,14,src_port|dst_port|proto_icmp|proto_tcp|proto_udp|service|service_dce_rpc|service_dns|service_ftp|service_gssapi|service_http|service_smb|service_smb_gssapi|service_ssl,ksf-v4-idsplit::
classical_ext,svc,6,rbf_gscale_x3__svc__d6,rbf_gscale_x3,ood_test,fixed_c1,1.0,,0.005927324295043945,0.936,0.9341563786008231,0.9354536799470721,0.9413919413919414,0.999919937230789,0.999925743309472,port_protocol_service_ablation,88,74,14,src_port|dst_port|proto_icmp|proto_tcp|proto_udp|service|service_dce_rpc|service_dns|service_ftp|service_gssapi|service_http|service_smb|service_smb_gssapi|service_ssl,ksf-v4-idsplit::
classical_ext,svc,6,rbf_gscale_x3__svc__d6,rbf_gscale_x3,id_val,train_cv,100.0,0.9262052834730745,0.007219791412353516,0.9123505976095617,0.9120599822086669,0.9122377622377622,0.9090909090909091,0.9775066717499047,0.9663720852382605,port_protocol_service_ablation,88,74,14,src_port|dst_port|proto_icmp|proto_tcp|proto_udp|service|service_dce_rpc|service_dns|service_ftp|service_gssapi|service_http|service_smb|service_smb_gssapi|service_ssl,ksf-v4-idsplit::
classical_ext,svc,6,rbf_gscale_x3__svc__d6,rbf_gscale_x3,id_test,train_cv,100.0,0.9262052834730745,0.007219791412353516,0.9116465863453815,0.9108987603305785,0.9114050976840471,0.9067796610169492,0.9794034090909091,0.9679721187024868,port_protocol_service_ablation,88,74,14,src_port|dst_port|proto_icmp|proto_tcp|proto_udp|service|service_dce_rpc|service_dns|service_ftp|service_gssapi|service_http|service_smb|service_smb_gssapi|service_ssl,ksf-v4-idsplit::
classical_ext,svc,6,rbf_gscale_x3__svc__d6,rbf_gscale_x3,ood_test,train_cv,100.0,0.9262052834730745,0.007219791412353516,0.968,0.9670781893004115,0.9678843837816138,0.969811320754717,0.9522025267809963,0.925205614549643,port_protocol_service_ablation,88,74,14,src_port|dst_port|proto_icmp|proto_tcp|proto_udp|service|service_dce_rpc|service_dns|service_ftp|service_gssapi|service_http|service_smb|service_smb_gssapi|service_ssl,ksf-v4-idsplit::
classical_ext,svc,6,rbf_gscale_x10__svc__d6,rbf_gscale_x10,id_val,fixed_c1,1.0,,0.0056760311126708984,0.8605577689243028,0.8612276019824628,0.8605577689243028,0.8605577689243028,0.9518363197356716,0.9267249966213835,port_protocol_service_ablation,88,74,14,src_port|dst_port|proto_icmp|proto_tcp|proto_udp|service|service_dce_rpc|service_dns|service_ftp|service_gssapi|service_http|service_smb|service_smb_gssapi|service_ssl,ksf-v4-idsplit::
classical_ext,svc,6,rbf_gscale_x10__svc__d6,rbf_gscale_x10,id_test,fixed_c1,1.0,,0.0056760311126708984,0.891566265060241,0.8915934917355373,0.8915032679738562,0.8888888888888888,0.9832128099173554,0.9825164301743331,port_protocol_service_ablation,88,74,14,src_port|dst_port|proto_icmp|proto_tcp|proto_udp|service|service_dce_rpc|service_dns|service_ftp|service_gssapi|service_http|service_smb|service_smb_gssapi|service_ssl,ksf-v4-idsplit::
classical_ext,svc,6,rbf_gscale_x10__svc__d6,rbf_gscale_x10,ood_test,fixed_c1,1.0,,0.0056760311126708984,0.936,0.9341563786008231,0.9354536799470721,0.9413919413919414,0.9998718995692624,0.9998825343220028,port_protocol_service_ablation,88,74,14,src_port|dst_port|proto_icmp|proto_tcp|proto_udp|service|service_dce_rpc|service_dns|service_ftp|service_gssapi|service_http|service_smb|service_smb_gssapi|service_ssl,ksf-v4-idsplit::
classical_ext,svc,6,rbf_gscale_x10__svc__d6,rbf_gscale_x10,id_val,train_cv,100.0,0.9390388529163427,0.006998538970947266,0.9362549800796812,0.9366501461430932,0.936245872491745,0.9354838709677419,0.9820180454949804,0.9722872543933377,port_protocol_service_ablation,88,74,14,src_port|dst_port|proto_icmp|proto_tcp|proto_udp|service|service_dce_rpc|service_dns|service_ftp|service_gssapi|service_http|service_smb|service_smb_gssapi|service_ssl,ksf-v4-idsplit::
classical_ext,svc,6,rbf_gscale_x10__svc__d6,rbf_gscale_x10,id_test,train_cv,100.0,0.9390388529163427,0.006998538970947266,0.9477911646586346,0.9476368801652892,0.9477372168493792,0.946058091286307,0.9943827479338843,0.9940179027996128,port_protocol_service_ablation,88,74,14,src_port|dst_port|proto_icmp|proto_tcp|proto_udp|service|service_dce_rpc|service_dns|service_ftp|service_gssapi|service_http|service_smb|service_smb_gssapi|service_ssl,ksf-v4-idsplit::
classical_ext,svc,6,rbf_gscale_x10__svc__d6,rbf_gscale_x10,ood_test,train_cv,100.0,0.9390388529163427,0.006998538970947266,0.98,0.9794238683127572,0.9799538135865034,0.9809160305343512,0.9959968615394469,0.9944194859809397,port_protocol_service_ablation,88,74,14,src_port|dst_port|proto_icmp|proto_tcp|proto_udp|service|service_dce_rpc|service_dns|service_ftp|service_gssapi|service_http|service_smb|service_smb_gssapi|service_ssl,ksf-v4-idsplit::
classical_ext,svc,6,laplacian_med_x0.1__svc__d6,laplacian_med_x0.1,id_val,fixed_c1,1.0,,0.005396127700805664,0.9561752988047809,0.9571419494217817,0.9561725161515628,0.9565217391304348,0.994535519125683,0.9943903408483208,port_protocol_service_ablation,88,74,14,src_port|dst_port|proto_icmp|proto_tcp|proto_udp|service|service_dce_rpc|service_dns|service_ftp|service_gssapi|service_http|service_smb|service_smb_gssapi|service_ssl,ksf-v4-idsplit::
classical_ext,svc,6,laplacian_med_x0.1__svc__d6,laplacian_med_x0.1,id_test,fixed_c1,1.0,,0.005396127700805664,0.9678714859437751,0.9682980371900827,0.9678668215253581,0.967479674796748,0.9947055785123966,0.9942588875737828,port_protocol_service_ablation,88,74,14,src_port|dst_port|proto_icmp|proto_tcp|proto_udp|service|service_dce_rpc|service_dns|service_ftp|service_gssapi|service_http|service_smb|service_smb_gssapi|service_ssl,ksf-v4-idsplit::
classical_ext,svc,6,laplacian_med_x0.1__svc__d6,laplacian_med_x0.1,ood_test,fixed_c1,1.0,,0.005396127700805664,0.982,0.9814814814814814,0.981961831234893,0.982791586998088,0.9993594978463114,0.999408188122023,port_protocol_service_ablation,88,74,14,src_port|dst_port|proto_icmp|proto_tcp|proto_udp|service|service_dce_rpc|service_dns|service_ftp|service_gssapi|service_http|service_smb|service_smb_gssapi|service_ssl,ksf-v4-idsplit::
classical_ext,svc,6,laplacian_med_x0.1__svc__d6,laplacian_med_x0.1,id_val,train_cv,100.0,0.9725117269003641,0.00456547737121582,0.9721115537848606,0.9726458253907739,0.97210978300554,0.9718875502008032,0.9929470072436142,0.9855232784043716,port_protocol_service_ablation,88,74,14,src_port|dst_port|proto_icmp|proto_tcp|proto_udp|service|service_dce_rpc|service_dns|service_ftp|service_gssapi|service_http|service_smb|service_smb_gssapi|service_ssl,ksf-v4-idsplit::
classical_ext,svc,6,laplacian_med_x0.1__svc__d6,laplacian_med_x0.1,id_test,train_cv,100.0,0.9725117269003641,0.00456547737121582,0.9839357429718876,0.984375,0.983933410762679,0.983739837398374,0.9998063016528925,0.9997950866326055,port_protocol_service_ablation,88,74,14,src_port|dst_port|proto_icmp|proto_tcp|proto_udp|service|service_dce_rpc|service_dns|service_ftp|service_gssapi|service_http|service_smb|service_smb_gssapi|service_ssl,ksf-v4-idsplit::
classical_ext,svc,6,laplacian_med_x0.1__svc__d6,laplacian_med_x0.1,ood_test,train_cv,100.0,0.9725117269003641,0.00456547737121582,0.984,0.9835390946502058,0.9839689639141378,0.9846743295019157,0.9959167987702359,0.9860638609407382,port_protocol_service_ablation,88,74,14,src_port|dst_port|proto_icmp|proto_tcp|proto_udp|service|service_dce_rpc|service_dns|service_ftp|service_gssapi|service_http|service_smb|service_smb_gssapi|service_ssl,ksf-v4-idsplit::
classical_ext,svc,6,laplacian_med_x0.3__svc__d6,laplacian_med_x0.3,id_val,fixed_c1,1.0,,0.0039980411529541016,0.9362549800796812,0.9366501461430932,0.936245872491745,0.9354838709677419,0.984178421654594,0.9708271142511378,port_protocol_service_ablation,88,74,14,src_port|dst_port|proto_icmp|proto_tcp|proto_udp|service|service_dce_rpc|service_dns|service_ftp|service_gssapi|service_http|service_smb|service_smb_gssapi|service_ssl,ksf-v4-idsplit::
classical_ext,svc,6,laplacian_med_x0.3__svc__d6,laplacian_med_x0.3,id_test,fixed_c1,1.0,,0.0039980411529541016,0.9477911646586346,0.9476368801652892,0.9477372168493792,0.946058091286307,0.9930914256198347,0.9925630009132294,port_protocol_service_ablation,88,74,14,src_port|dst_port|proto_icmp|proto_tcp|proto_udp|service|service_dce_rpc|service_dns|service_ftp|service_gssapi|service_http|service_smb|service_smb_gssapi|service_ssl,ksf-v4-idsplit::
classical_ext,svc,6,laplacian_med_x0.3__svc__d6,laplacian_med_x0.3,ood_test,fixed_c1,1.0,,0.0039980411529541016,0.98,0.9794238683127572,0.9799538135865034,0.9809160305343512,0.9994875982770492,0.9995240432116959,port_protocol_service_ablation,88,74,14,src_port|dst_port|proto_icmp|proto_tcp|proto_udp|service|service_dce_rpc|service_dns|service_ftp|service_gssapi|service_http|service_smb|service_smb_gssapi|service_ssl,ksf-v4-idsplit::
classical_ext,svc,6,laplacian_med_x0.3__svc__d6,laplacian_med_x0.3,id_val,train_cv,100.0,0.9696498242649154,0.0029997825622558594,0.9760956175298805,0.976521794383022,0.9760922021844044,0.9758064516129032,0.9933917905705935,0.9874975491623935,port_protocol_service_ablation,88,74,14,src_port|dst_port|proto_icmp|proto_tcp|proto_udp|service|service_dce_rpc|service_dns|service_ftp|service_gssapi|service_http|service_smb|service_smb_gssapi|service_ssl,ksf-v4-idsplit::
classical_ext,svc,6,laplacian_med_x0.3__svc__d6,laplacian_med_x0.3,id_test,train_cv,100.0,0.9696498242649154,0.0029997825622558594,0.9839357429718876,0.984375,0.983933410762679,0.983739837398374,0.9998063016528925,0.9997950866326054,port_protocol_service_ablation,88,74,14,src_port|dst_port|proto_icmp|proto_tcp|proto_udp|service|service_dce_rpc|service_dns|service_ftp|service_gssapi|service_http|service_smb|service_smb_gssapi|service_ssl,ksf-v4-idsplit::
classical_ext,svc,6,laplacian_med_x0.3__svc__d6,laplacian_med_x0.3,ood_test,train_cv,100.0,0.9696498242649154,0.0029997825622558594,0.982,0.9814814814814814,0.981961831234893,0.982791586998088,0.9959328113240781,0.9911309779372428,port_protocol_service_ablation,88,74,14,src_port|dst_port|proto_icmp|proto_tcp|proto_udp|service|service_dce_rpc|service_dns|service_ftp|service_gssapi|service_http|service_smb|service_smb_gssapi|service_ssl,ksf-v4-idsplit::
classical_ext,svc,6,laplacian_med_x3__svc__d6,laplacian_med_x3,id_val,fixed_c1,1.0,,0.004999637603759766,0.8565737051792829,0.8573516329902148,0.8565714285714285,0.8571428571428571,0.9656881433473122,0.9618733253749959,port_protocol_service_ablation,88,74,14,src_port|dst_port|proto_icmp|proto_tcp|proto_udp|service|service_dce_rpc|service_dns|service_ftp|service_gssapi|service_http|service_smb|service_smb_gssapi|service_ssl,ksf-v4-idsplit::
classical_ext,svc,6,laplacian_med_x3__svc__d6,laplacian_med_x3,id_test,fixed_c1,1.0,,0.004999637603759766,0.8995983935742972,0.8994059917355373,0.8994946477872677,0.8962655601659751,0.9874096074380165,0.9873940303814849,port_protocol_service_ablation,88,74,14,src_port|dst_port|proto_icmp|proto_tcp|proto_udp|service|service_dce_rpc|service_dns|service_ftp|service_gssapi|service_http|service_smb|service_smb_gssapi|service_ssl,ksf-v4-idsplit::
classical_ext,svc,6,laplacian_med_x3__svc__d6,laplacian_med_x3,ood_test,fixed_c1,1.0,,0.004999637603759766,0.948,0.9465020576131687,0.9476650563607085,0.9518518518518518,0.9968935645546108,0.9967398852824061,port_protocol_service_ablation,88,74,14,src_port|dst_port|proto_icmp|proto_tcp|proto_udp|service|service_dce_rpc|service_dns|service_ftp|service_gssapi|service_http|service_smb|service_smb_gssapi|service_ssl,ksf-v4-idsplit::
classical_ext,svc,6,laplacian_med_x3__svc__d6,laplacian_med_x3,id_val,train_cv,100.0,0.9642535653883367,0.003240823745727539,0.9681274900398407,0.9687698563985259,0.9681269841269842,0.968,0.9942813572245521,0.9926676461623717,port_protocol_service_ablation,88,74,14,src_port|dst_port|proto_icmp|proto_tcp|proto_udp|service|service_dce_rpc|service_dns|service_ftp|service_gssapi|service_http|service_smb|service_smb_gssapi|service_ssl,ksf-v4-idsplit::
classical_ext,svc,6,laplacian_med_x3__svc__d6,laplacian_med_x3,id_test,train_cv,100.0,0.9642535653883367,0.003240823745727539,0.9718875502008032,0.9722042871900827,0.9718802936194241,0.9714285714285714,0.9983212809917354,0.9982579423565858,port_protocol_service_ablation,88,74,14,src_port|dst_port|proto_icmp|proto_tcp|proto_udp|service|service_dce_rpc|service_dns|service_ftp|service_gssapi|service_http|service_smb|service_smb_gssapi|service_ssl,ksf-v4-idsplit::
classical_ext,svc,6,laplacian_med_x3__svc__d6,laplacian_med_x3,ood_test,train_cv,100.0,0.9642535653883367,0.003240823745727539,0.982,0.9814814814814814,0.981961831234893,0.982791586998088,0.9968775520007686,0.9967950556856275,port_protocol_service_ablation,88,74,14,src_port|dst_port|proto_icmp|proto_tcp|proto_udp|service|service_dce_rpc|service_dns|service_ftp|service_gssapi|service_http|service_smb|service_smb_gssapi|service_ssl,ksf-v4-idsplit::
classical_ext,svc,6,laplacian_med_x10__svc__d6,laplacian_med_x10,id_val,fixed_c1,1.0,,0.014704227447509766,0.8247011952191236,0.8236751810903545,0.824072894099656,0.8135593220338984,0.9396365484813826,0.9030249412538562,port_protocol_service_ablation,88,74,14,src_port|dst_port|proto_icmp|proto_tcp|proto_udp|service|service_dce_rpc|service_dns|service_ftp|service_gssapi|service_http|service_smb|service_smb_gssapi|service_ssl,ksf-v4-idsplit::
classical_ext,svc,6,laplacian_med_x10__svc__d6,laplacian_med_x10,id_test,fixed_c1,1.0,,0.014704227447509766,0.9036144578313253,0.9021823347107438,0.9030499675535366,0.8956521739130435,0.9815986570247934,0.9812110556555212,port_protocol_service_ablation,88,74,14,src_port|dst_port|proto_icmp|proto_tcp|proto_udp|service|service_dce_rpc|service_dns|service_ftp|service_gssapi|service_http|service_smb|service_smb_gssapi|service_ssl,ksf-v4-idsplit::
classical_ext,svc,6,laplacian_med_x10__svc__d6,laplacian_med_x10,ood_test,fixed_c1,1.0,,0.014704227447509766,0.586,0.595258682807321,0.5407164822876313,0.3965014577259475,0.9425789819218268,0.9330277985431998,port_protocol_service_ablation,88,74,14,src_port|dst_port|proto_icmp|proto_tcp|proto_udp|service|service_dce_rpc|service_dns|service_ftp|service_gssapi|service_http|service_smb|service_smb_gssapi|service_ssl,ksf-v4-idsplit::
classical_ext,svc,6,laplacian_med_x10__svc__d6,laplacian_med_x10,id_val,train_cv,100.0,0.9652844932233883,0.002997875213623047,0.9561752988047809,0.9571419494217817,0.9561725161515628,0.9565217391304348,0.9902147668064557,0.986230755166188,port_protocol_service_ablation,88,74,14,src_port|dst_port|proto_icmp|proto_tcp|proto_udp|service|service_dce_rpc|service_dns|service_ftp|service_gssapi|service_http|service_smb|service_smb_gssapi|service_ssl,ksf-v4-idsplit::
classical_ext,svc,6,laplacian_med_x10__svc__d6,laplacian_med_x10,id_test,train_cv,100.0,0.9652844932233883,0.002997875213623047,0.9678714859437751,0.9682980371900827,0.9678668215253581,0.967479674796748,0.9959323347107438,0.995680761641722,port_protocol_service_ablation,88,74,14,src_port|dst_port|proto_icmp|proto_tcp|proto_udp|service|service_dce_rpc|service_dns|service_ftp|service_gssapi|service_http|service_smb|service_smb_gssapi|service_ssl,ksf-v4-idsplit::
classical_ext,svc,6,laplacian_med_x10__svc__d6,laplacian_med_x10,ood_test,train_cv,100.0,0.9652844932233883,0.002997875213623047,0.98,0.9794238683127572,0.9799538135865034,0.9809160305343512,0.9969095771084528,0.9970097722731934,port_protocol_service_ablation,88,74,14,src_port|dst_port|proto_icmp|proto_tcp|proto_udp|service|service_dce_rpc|service_dns|service_ftp|service_gssapi|service_http|service_smb|service_smb_gssapi|service_ssl,ksf-v4-idsplit::
classical_ext,svc,6,matern15_med_x0.1__svc__d6,matern15_med_x0.1,id_val,fixed_c1,1.0,,0.004000663757324219,0.9083665338645418,0.9079616215529291,0.9082208549943562,0.9045643153526971,0.9780785360274495,0.9684750076810559,port_protocol_service_ablation,88,74,14,src_port|dst_port|proto_icmp|proto_tcp|proto_udp|service|service_dce_rpc|service_dns|service_ftp|service_gssapi|service_http|service_smb|service_smb_gssapi|service_ssl,ksf-v4-idsplit::
classical_ext,svc,6,matern15_med_x0.1__svc__d6,matern15_med_x0.1,id_test,fixed_c1,1.0,,0.004000663757324219,0.9196787148594378,0.9187112603305785,0.9193861693861693,0.9145299145299145,0.9901859504132231,0.9888085275335895,port_protocol_service_ablation,88,74,14,src_port|dst_port|proto_icmp|proto_tcp|proto_udp|service|service_dce_rpc|service_dns|service_ftp|service_gssapi|service_http|service_smb|service_smb_gssapi|service_ssl,ksf-v4-idsplit::
classical_ext,svc,6,matern15_med_x0.1__svc__d6,matern15_med_x0.1,ood_test,fixed_c1,1.0,,0.004000663757324219,0.982,0.9814814814814814,0.981961831234893,0.982791586998088,0.9993434852924693,0.9993833433623032,port_protocol_service_ablation,88,74,14,src_port|dst_port|proto_icmp|proto_tcp|proto_udp|service|service_dce_rpc|service_dns|service_ftp|service_gssapi|service_http|service_smb|service_smb_gssapi|service_ssl,ksf-v4-idsplit::
classical_ext,svc,6,matern15_med_x0.1__svc__d6,matern15_med_x0.1,id_val,train_cv,100.0,0.9723930223098225,0.004996776580810547,0.9721115537848606,0.9726458253907739,0.97210978300554,0.9718875502008032,0.9917397382132418,0.9861002988847718,port_protocol_service_ablation,88,74,14,src_port|dst_port|proto_icmp|proto_tcp|proto_udp|service|service_dce_rpc|service_dns|service_ftp|service_gssapi|service_http|service_smb|service_smb_gssapi|service_ssl,ksf-v4-idsplit::
classical_ext,svc,6,matern15_med_x0.1__svc__d6,matern15_med_x0.1,id_test,train_cv,100.0,0.9723930223098225,0.004996776580810547,0.9718875502008032,0.9722042871900827,0.9718802936194241,0.9714285714285714,0.9976756198347108,0.9975727851087602,port_protocol_service_ablation,88,74,14,src_port|dst_port|proto_icmp|proto_tcp|proto_udp|service|service_dce_rpc|service_dns|service_ftp|service_gssapi|service_http|service_smb|service_smb_gssapi|service_ssl,ksf-v4-idsplit::
classical_ext,svc,6,matern15_med_x0.1__svc__d6,matern15_med_x0.1,ood_test,train_cv,100.0,0.9723930223098225,0.004996776580810547,0.984,0.9835390946502058,0.9839689639141378,0.9846743295019157,0.9954364221549694,0.9819104822896001,port_protocol_service_ablation,88,74,14,src_port|dst_port|proto_icmp|proto_tcp|proto_udp|service|service_dce_rpc|service_dns|service_ftp|service_gssapi|service_http|service_smb|service_smb_gssapi|service_ssl,ksf-v4-idsplit::
classical_ext,svc,6,matern15_med_x0.3__svc__d6,matern15_med_x0.3,id_val,fixed_c1,1.0,,0.006949901580810547,0.8605577689243028,0.8612276019824628,0.8605577689243028,0.8605577689243028,0.95018426737832,0.9231867322576102,port_protocol_service_ablation,88,74,14,src_port|dst_port|proto_icmp|proto_tcp|proto_udp|service|service_dce_rpc|service_dns|service_ftp|service_gssapi|service_http|service_smb|service_smb_gssapi|service_ssl,ksf-v4-idsplit::
classical_ext,svc,6,matern15_med_x0.3__svc__d6,matern15_med_x0.3,id_test,fixed_c1,1.0,,0.006949901580810547,0.891566265060241,0.8915934917355373,0.8915032679738562,0.8888888888888888,0.979790805785124,0.9777127838042746,port_protocol_service_ablation,88,74,14,src_port|dst_port|proto_icmp|proto_tcp|proto_udp|service|service_dce_rpc|service_dns|service_ftp|service_gssapi|service_http|service_smb|service_smb_gssapi|service_ssl,ksf-v4-idsplit::
classical_ext,svc,6,matern15_med_x0.3__svc__d6,matern15_med_x0.3,ood_test,fixed_c1,1.0,,0.006949901580810547,0.938,0.9362139917695473,0.937493698961589,0.9431192660550459,0.9983667195080943,0.998429559256914,port_protocol_service_ablation,88,74,14,src_port|dst_port|proto_icmp|proto_tcp|proto_udp|service|service_dce_rpc|service_dns|service_ftp|service_gssapi|service_http|service_smb|service_smb_gssapi|service_ssl,ksf-v4-idsplit::
classical_ext,svc,6,matern15_med_x0.3__svc__d6,matern15_med_x0.3,id_val,train_cv,100.0,0.9468058432076049,0.0035827159881591797,0.9482071713147411,0.9489452281103062,0.9482071713147411,0.9482071713147411,0.9843055026051595,0.9779874101495977,port_protocol_service_ablation,88,74,14,src_port|dst_port|proto_icmp|proto_tcp|proto_udp|service|service_dce_rpc|service_dns|service_ftp|service_gssapi|service_http|service_smb|service_smb_gssapi|service_ssl,ksf-v4-idsplit::
classical_ext,svc,6,matern15_med_x0.3__svc__d6,matern15_med_x0.3,id_test,train_cv,100.0,0.9468058432076049,0.0035827159881591797,0.9558232931726908,0.9559013429752066,0.9557976276930525,0.9547325102880658,0.9916064049586777,0.990572819000661,port_protocol_service_ablation,88,74,14,src_port|dst_port|proto_icmp|proto_tcp|proto_udp|service|service_dce_rpc|service_dns|service_ftp|service_gssapi|service_http|service_smb|service_smb_gssapi|service_ssl,ksf-v4-idsplit::
classical_ext,svc,6,matern15_med_x0.3__svc__d6,matern15_med_x0.3,ood_test,train_cv,100.0,0.9468058432076049,0.0035827159881591797,0.98,0.9794238683127572,0.9799538135865034,0.9809160305343512,0.9921858737250004,0.9860612567022143,port_protocol_service_ablation,88,74,14,src_port|dst_port|proto_icmp|proto_tcp|proto_udp|service|service_dce_rpc|service_dns|service_ftp|service_gssapi|service_http|service_smb|service_smb_gssapi|service_ssl,ksf-v4-idsplit::
classical_ext,svc,6,matern15_med_x3__svc__d6,matern15_med_x3,id_val,fixed_c1,1.0,,0.004998445510864258,0.8047808764940239,0.8027385944846868,0.8029795754905886,0.7841409691629956,0.9136484940907358,0.9056906063857992,port_protocol_service_ablation,88,74,14,src_port|dst_port|proto_icmp|proto_tcp|proto_udp|service|service_dce_rpc|service_dns|service_ftp|service_gssapi|service_http|service_smb|service_smb_gssapi|service_ssl,ksf-v4-idsplit::
classical_ext,svc,6,matern15_med_x3__svc__d6,matern15_med_x3,id_test,fixed_c1,1.0,,0.004998445510864258,0.8875502008032129,0.8856534090909092,0.8865825091098387,0.8761061946902655,0.9654571280991735,0.9646683000492557,port_protocol_service_ablation,88,74,14,src_port|dst_port|proto_icmp|proto_tcp|proto_udp|service|service_dce_rpc|service_dns|service_ftp|service_gssapi|service_http|service_smb|service_smb_gssapi|service_ssl,ksf-v4-idsplit::
classical_ext,svc,6,matern15_med_x3__svc__d6,matern15_med_x3,ood_test,fixed_c1,1.0,,0.004998445510864258,0.578,0.5874765816400058,0.5291839038910384,0.3775811209439528,0.938223567276745,0.9445293741882351,port_protocol_service_ablation,88,74,14,src_port|dst_port|proto_icmp|proto_tcp|proto_udp|service|service_dce_rpc|service_dns|service_ftp|service_gssapi|service_http|service_smb|service_smb_gssapi|service_ssl,ksf-v4-idsplit::
classical_ext,svc,6,matern15_med_x3__svc__d6,matern15_med_x3,id_val,train_cv,100.0,0.8621504546399452,0.00485539436340332,0.852589641434263,0.8534756639979667,0.8525802816007111,0.8537549407114624,0.9492311602490787,0.945015516460511,port_protocol_service_ablation,88,74,14,src_port|dst_port|proto_icmp|proto_tcp|proto_udp|service|service_dce_rpc|service_dns|service_ftp|service_gssapi|service_http|service_smb|service_smb_gssapi|service_ssl,ksf-v4-idsplit::
classical_ext,svc,6,matern15_med_x3__svc__d6,matern15_med_x3,id_test,train_cv,100.0,0.8621504546399452,0.00485539436340332,0.891566265060241,0.8915934917355373,0.8915032679738562,0.8888888888888888,0.9736570247933884,0.9764911413996068,port_protocol_service_ablation,88,74,14,src_port|dst_port|proto_icmp|proto_tcp|proto_udp|service|service_dce_rpc|service_dns|service_ftp|service_gssapi|service_http|service_smb|service_smb_gssapi|service_ssl,ksf-v4-idsplit::
classical_ext,svc,6,matern15_med_x3__svc__d6,matern15_med_x3,ood_test,train_cv,100.0,0.8621504546399452,0.00485539436340332,0.936,0.9341563786008231,0.9354536799470721,0.9413919413919414,0.9969416022161375,0.9969167782927969,port_protocol_service_ablation,88,74,14,src_port|dst_port|proto_icmp|proto_tcp|proto_udp|service|service_dce_rpc|service_dns|service_ftp|service_gssapi|service_http|service_smb|service_smb_gssapi|service_ssl,ksf-v4-idsplit::
classical_ext,svc,6,matern15_med_x10__svc__d6,matern15_med_x10,id_val,fixed_c1,1.0,,0.007005453109741211,0.7529880478087649,0.757910789172703,0.7468770331815224,0.7862068965517242,0.8858813063921718,0.8639864575851409,port_protocol_service_ablation,88,74,14,src_port|dst_port|proto_icmp|proto_tcp|proto_udp|service|service_dce_rpc|service_dns|service_ftp|service_gssapi|service_http|service_smb|service_smb_gssapi|service_ssl,ksf-v4-idsplit::
classical_ext,svc,6,matern15_med_x10__svc__d6,matern15_med_x10,id_test,fixed_c1,1.0,,0.007005453109741211,0.8674698795180723,0.8708677685950413,0.8662271062271063,0.8791208791208791,0.9638429752066116,0.95835415629365,port_protocol_service_ablation,88,74,14,src_port|dst_port|proto_icmp|proto_tcp|proto_udp|service|service_dce_rpc|service_dns|service_ftp|service_gssapi|service_http|service_smb|service_smb_gssapi|service_ssl,ksf-v4-idsplit::
classical_ext,svc,6,matern15_med_x10__svc__d6,matern15_med_x10,ood_test,fixed_c1,1.0,,0.007005453109741211,0.458,0.4632351763782806,0.44107807994852144,0.34382566585956414,0.7330387023426367,0.7887677072383161,port_protocol_service_ablation,88,74,14,src_port|dst_port|proto_icmp|proto_tcp|proto_udp|service|service_dce_rpc|service_dns|service_ftp|service_gssapi|service_http|service_smb|service_smb_gssapi|service_ssl,ksf-v4-idsplit::
classical_ext,svc,6,matern15_med_x10__svc__d6,matern15_med_x10,id_val,train_cv,100.0,0.8490261748394069,0.008251428604125977,0.8326693227091634,0.8314271190748507,0.8318982013011864,0.8205128205128205,0.9495488626254924,0.941351538229972,port_protocol_service_ablation,88,74,14,src_port|dst_port|proto_icmp|proto_tcp|proto_udp|service|service_dce_rpc|service_dns|service_ftp|service_gssapi|service_http|service_smb|service_smb_gssapi|service_ssl,ksf-v4-idsplit::
classical_ext,svc,6,matern15_med_x10__svc__d6,matern15_med_x10,id_test,train_cv,100.0,0.8490261748394069,0.008251428604125977,0.9036144578313253,0.9021823347107438,0.9030499675535366,0.8956521739130435,0.9831482438016529,0.9828869925605238,port_protocol_service_ablation,88,74,14,src_port|dst_port|proto_icmp|proto_tcp|proto_udp|service|service_dce_rpc|service_dns|service_ftp|service_gssapi|service_http|service_smb|service_smb_gssapi|service_ssl,ksf-v4-idsplit::
classical_ext,svc,6,matern15_med_x10__svc__d6,matern15_med_x10,ood_test,train_cv,100.0,0.8490261748394069,0.008251428604125977,0.586,0.595258682807321,0.5407164822876313,0.3965014577259475,0.9454452290595827,0.9499498257141133,port_protocol_service_ablation,88,74,14,src_port|dst_port|proto_icmp|proto_tcp|proto_udp|service|service_dce_rpc|service_dns|service_ftp|service_gssapi|service_http|service_smb|service_smb_gssapi|service_ssl,ksf-v4-idsplit::
classical_ext,svc,6,matern25_med_x0.1__svc__d6,matern25_med_x0.1,id_val,fixed_c1,1.0,,0.00564122200012207,0.900398406374502,0.8997649002414538,0.9001702276596083,0.895397489539749,0.9674672766552294,0.9436148532237778,port_protocol_service_ablation,88,74,14,src_port|dst_port|proto_icmp|proto_tcp|proto_udp|service|service_dce_rpc|service_dns|service_ftp|service_gssapi|service_http|service_smb|service_smb_gssapi|service_ssl,ksf-v4-idsplit::
classical_ext,svc,6,matern25_med_x0.1__svc__d6,matern25_med_x0.1,id_test,fixed_c1,1.0,,0.00564122200012207,0.9156626506024096,0.9145790289256198,0.9153129808081626,0.9098712446351931,0.9901859504132231,0.9888084729143608,port_protocol_service_ablation,88,74,14,src_port|dst_port|proto_icmp|proto_tcp|proto_udp|service|service_dce_rpc|service_dns|service_ftp|service_gssapi|service_http|service_smb|service_smb_gssapi|service_ssl,ksf-v4-idsplit::
classical_ext,svc,6,matern25_med_x0.1__svc__d6,matern25_med_x0.1,ood_test,fixed_c1,1.0,,0.00564122200012207,0.984,0.9835390946502058,0.9839689639141378,0.9846743295019157,0.9995836736001025,0.9996113369267215,port_protocol_service_ablation,88,74,14,src_port|dst_port|proto_icmp|proto_tcp|proto_udp|service|service_dce_rpc|service_dns|service_ftp|service_gssapi|service_http|service_smb|service_smb_gssapi|service_ssl,ksf-v4-idsplit::
classical_ext,svc,6,matern25_med_x0.1__svc__d6,matern25_med_x0.1,id_val,train_cv,100.0,0.969369628178181,0.0051577091217041016,0.9641434262948207,0.9648938874062778,0.9641434262948207,0.9641434262948207,0.9827805311983734,0.9758960708319188,port_protocol_service_ablation,88,74,14,src_port|dst_port|proto_icmp|proto_tcp|proto_udp|service|service_dce_rpc|service_dns|service_ftp|service_gssapi|service_http|service_smb|service_smb_gssapi|service_ssl,ksf-v4-idsplit::
classical_ext,svc,6,matern25_med_x0.1__svc__d6,matern25_med_x0.1,id_test,train_cv,100.0,0.969369628178181,0.0051577091217041016,0.9718875502008032,0.9722042871900827,0.9718802936194241,0.9714285714285714,0.9852789256198347,0.9809174565703226,port_protocol_service_ablation,88,74,14,src_port|dst_port|proto_icmp|proto_tcp|proto_udp|service|service_dce_rpc|service_dns|service_ftp|service_gssapi|service_http|service_smb|service_smb_gssapi|service_ssl,ksf-v4-idsplit::
classical_ext,svc,6,matern25_med_x0.1__svc__d6,matern25_med_x0.1,ood_test,train_cv,100.0,0.969369628178181,0.0051577091217041016,0.982,0.9814814814814814,0.981961831234893,0.982791586998088,0.9772301484363741,0.9508176709863561,port_protocol_service_ablation,88,74,14,src_port|dst_port|proto_icmp|proto_tcp|proto_udp|service|service_dce_rpc|service_dns|service_ftp|service_gssapi|service_http|service_smb|service_smb_gssapi|service_ssl,ksf-v4-idsplit::
classical_ext,svc,6,matern25_med_x0.3__svc__d6,matern25_med_x0.3,id_val,fixed_c1,1.0,,0.005575895309448242,0.8565737051792829,0.8573516329902148,0.8565714285714285,0.8571428571428571,0.9524717244884991,0.9266181565928681,port_protocol_service_ablation,88,74,14,src_port|dst_port|proto_icmp|proto_tcp|proto_udp|service|service_dce_rpc|service_dns|service_ftp|service_gssapi|service_http|service_smb|service_smb_gssapi|service_ssl,ksf-v4-idsplit::
classical_ext,svc,6,matern25_med_x0.3__svc__d6,matern25_med_x0.3,id_test,fixed_c1,1.0,,0.005575895309448242,0.891566265060241,0.8915934917355373,0.8915032679738562,0.8888888888888888,0.983019111570248,0.9822162961742328,port_protocol_service_ablation,88,74,14,src_port|dst_port|proto_icmp|proto_tcp|proto_udp|service|service_dce_rpc|service_dns|service_ftp|service_gssapi|service_http|service_smb|service_smb_gssapi|service_ssl,ksf-v4-idsplit::
classical_ext,svc,6,matern25_med_x0.3__svc__d6,matern25_med_x0.3,ood_test,fixed_c1,1.0,,0.005575895309448242,0.938,0.9362139917695473,0.937493698961589,0.9431192660550459,0.9998879121231046,0.9998968282042211,port_protocol_service_ablation,88,74,14,src_port|dst_port|proto_icmp|proto_tcp|proto_udp|service|service_dce_rpc|service_dns|service_ftp|service_gssapi|service_http|service_smb|service_smb_gssapi|service_ssl,ksf-v4-idsplit::
classical_ext,svc,6,matern25_med_x0.3__svc__d6,matern25_med_x0.3,id_val,train_cv,100.0,0.932261407061227,0.007645606994628906,0.9243027888446215,0.92435506417588,0.9242595092511713,0.9224489795918367,0.9858940144872284,0.9782379053703089,port_protocol_service_ablation,88,74,14,src_port|dst_port|proto_icmp|proto_tcp|proto_udp|service|service_dce_rpc|service_dns|service_ftp|service_gssapi|service_http|service_smb|service_smb_gssapi|service_ssl,ksf-v4-idsplit::
classical_ext,svc,6,matern25_med_x0.3__svc__d6,matern25_med_x0.3,id_test,train_cv,100.0,0.932261407061227,0.007645606994628906,0.9236947791164659,0.9228434917355373,0.9234527950813041,0.9191489361702128,0.9941244834710744,0.993721152988732,port_protocol_service_ablation,88,74,14,src_port|dst_port|proto_icmp|proto_tcp|proto_udp|service|service_dce_rpc|service_dns|service_ftp|service_gssapi|service_http|service_smb|service_smb_gssapi|service_ssl,ksf-v4-idsplit::
classical_ext,svc,6,matern25_med_x0.3__svc__d6,matern25_med_x0.3,ood_test,train_cv,100.0,0.932261407061227,0.007645606994628906,0.98,0.9794238683127572,0.9799538135865034,0.9809160305343512,0.995916798770236,0.9888695307025853,port_protocol_service_ablation,88,74,14,src_port|dst_port|proto_icmp|proto_tcp|proto_udp|service|service_dce_rpc|service_dns|service_ftp|service_gssapi|service_http|service_smb|service_smb_gssapi|service_ssl,ksf-v4-idsplit::
classical_ext,svc,6,matern25_med_x3__svc__d6,matern25_med_x3,id_val,fixed_c1,1.0,,0.006651163101196289,0.796812749003984,0.7981001397890457,0.7966965774636703,0.8015564202334631,0.8922988943957302,0.8750929446259005,port_protocol_service_ablation,88,74,14,src_port|dst_port|proto_icmp|proto_tcp|proto_udp|service|service_dce_rpc|service_dns|service_ftp|service_gssapi|service_http|service_smb|service_smb_gssapi|service_ssl,ksf-v4-idsplit::
classical_ext,svc,6,matern25_med_x3__svc__d6,matern25_med_x3,id_test,fixed_c1,1.0,,0.006651163101196289,0.9036144578313253,0.9042161673553719,0.9036129032258065,0.9032258064516129,0.9617122933884298,0.9545214665454334,port_protocol_service_ablation,88,74,14,src_port|dst_port|proto_icmp|proto_tcp|proto_udp|service|service_dce_rpc|service_dns|service_ftp|service_gssapi|service_http|service_smb|service_smb_gssapi|service_ssl,ksf-v4-idsplit::
classical_ext,svc,6,matern25_med_x3__svc__d6,matern25_med_x3,ood_test,fixed_c1,1.0,,0.006651163101196289,0.502,0.5092872812284832,0.46992178685320873,0.3395225464190981,0.8245504475508799,0.8591033906139471,port_protocol_service_ablation,88,74,14,src_port|dst_port|proto_icmp|proto_tcp|proto_udp|service|service_dce_rpc|service_dns|service_ftp|service_gssapi|service_http|service_smb|service_smb_gssapi|service_ssl,ksf-v4-idsplit::
classical_ext,svc,6,matern25_med_x3__svc__d6,matern25_med_x3,id_val,train_cv,100.0,0.8593579413780095,0.00507664680480957,0.852589641434263,0.8534756639979667,0.8525802816007111,0.8537549407114624,0.9545050196975473,0.9475219922698045,port_protocol_service_ablation,88,74,14,src_port|dst_port|proto_icmp|proto_tcp|proto_udp|service|service_dce_rpc|service_dns|service_ftp|service_gssapi|service_http|service_smb|service_smb_gssapi|service_ssl,ksf-v4-idsplit::
classical_ext,svc,6,matern25_med_x3__svc__d6,matern25_med_x3,id_test,train_cv,100.0,0.8593579413780095,0.00507664680480957,0.891566265060241,0.8915934917355373,0.8915032679738562,0.8888888888888888,0.9875387396694215,0.9875941170361987,port_protocol_service_ablation,88,74,14,src_port|dst_port|proto_icmp|proto_tcp|proto_udp|service|service_dce_rpc|service_dns|service_ftp|service_gssapi|service_http|service_smb|service_smb_gssapi|service_ssl,ksf-v4-idsplit::
classical_ext,svc,6,matern25_med_x3__svc__d6,matern25_med_x3,ood_test,train_cv,100.0,0.8593579413780095,0.00507664680480957,0.936,0.9341563786008231,0.9354536799470721,0.9413919413919414,0.9462618693055356,0.9521732890879031,port_protocol_service_ablation,88,74,14,src_port|dst_port|proto_icmp|proto_tcp|proto_udp|service|service_dce_rpc|service_dns|service_ftp|service_gssapi|service_http|service_smb|service_smb_gssapi|service_ssl,ksf-v4-idsplit::
classical_ext,svc,6,matern25_med_x10__svc__d6,matern25_med_x10,id_val,fixed_c1,1.0,,0.012924909591674805,0.7848605577689243,0.7906976744186047,0.7770430319778918,0.8187919463087249,0.8934426229508197,0.8732732492761127,port_protocol_service_ablation,88,74,14,src_port|dst_port|proto_icmp|proto_tcp|proto_udp|service|service_dce_rpc|service_dns|service_ftp|service_gssapi|service_http|service_smb|service_smb_gssapi|service_ssl,ksf-v4-idsplit::
classical_ext,svc,6,matern25_med_x10__svc__d6,matern25_med_x10,id_test,fixed_c1,1.0,,0.012924909591674805,0.8674698795180723,0.87109375,0.8660089686098655,0.88,0.9651988636363635,0.9595952327507207,port_protocol_service_ablation,88,74,14,src_port|dst_port|proto_icmp|proto_tcp|proto_udp|service|service_dce_rpc|service_dns|service_ftp|service_gssapi|service_http|service_smb|service_smb_gssapi|service_ssl,ksf-v4-idsplit::
classical_ext,svc,6,matern25_med_x10__svc__d6,matern25_med_x10,ood_test,fixed_c1,1.0,,0.012924909591674805,0.822,0.8168724279835391,0.8141116416239541,0.8524046434494196,0.812717170261485,0.836040537147283,port_protocol_service_ablation,88,74,14,src_port|dst_port|proto_icmp|proto_tcp|proto_udp|service|service_dce_rpc|service_dns|service_ftp|service_gssapi|service_http|service_smb|service_smb_gssapi|service_ssl,ksf-v4-idsplit::
classical_ext,svc,6,matern25_med_x10__svc__d6,matern25_med_x10,id_val,train_cv,1.0,0.82901176764216,0.005999088287353516,0.7848605577689243,0.7906976744186047,0.7770430319778918,0.8187919463087249,0.8934426229508197,0.8732732492761127,port_protocol_service_ablation,88,74,14,src_port|dst_port|proto_icmp|proto_tcp|proto_udp|service|service_dce_rpc|service_dns|service_ftp|service_gssapi|service_http|service_smb|service_smb_gssapi|service_ssl,ksf-v4-idsplit::
classical_ext,svc,6,matern25_med_x10__svc__d6,matern25_med_x10,id_test,train_cv,1.0,0.82901176764216,0.005999088287353516,0.8674698795180723,0.87109375,0.8660089686098655,0.88,0.9651988636363635,0.9595952327507207,port_protocol_service_ablation,88,74,14,src_port|dst_port|proto_icmp|proto_tcp|proto_udp|service|service_dce_rpc|service_dns|service_ftp|service_gssapi|service_http|service_smb|service_smb_gssapi|service_ssl,ksf-v4-idsplit::
classical_ext,svc,6,matern25_med_x10__svc__d6,matern25_med_x10,ood_test,train_cv,1.0,0.82901176764216,0.005999088287353516,0.822,0.8168724279835391,0.8141116416239541,0.8524046434494196,0.812717170261485,0.836040537147283,port_protocol_service_ablation,88,74,14,src_port|dst_port|proto_icmp|proto_tcp|proto_udp|service|service_dce_rpc|service_dns|service_ftp|service_gssapi|service_http|service_smb|service_smb_gssapi|service_ssl,ksf-v4-idsplit::
quantum,svc,6,zz_r1_full__as0.5__svc__d6,zz_r1_full__as0.5,id_val,fixed_c1,1.0,,0.004995584487915039,0.9083665338645418,0.9079616215529291,0.9082208549943562,0.9045643153526971,0.9703265980429534,0.945818698172619,port_protocol_service_ablation,88,74,14,src_port|dst_port|proto_icmp|proto_tcp|proto_udp|service|service_dce_rpc|service_dns|service_ftp|service_gssapi|service_http|service_smb|service_smb_gssapi|service_ssl,ksf-v4-idsplit::
quantum,svc,6,zz_r1_full__as0.5__svc__d6,zz_r1_full__as0.5,id_test,fixed_c1,1.0,,0.004995584487915039,0.9156626506024096,0.9145790289256198,0.9153129808081626,0.9098712446351931,0.993672520661157,0.9932057712024535,port_protocol_service_ablation,88,74,14,src_port|dst_port|proto_icmp|proto_tcp|proto_udp|service|service_dce_rpc|service_dns|service_ftp|service_gssapi|service_http|service_smb|service_smb_gssapi|service_ssl,ksf-v4-idsplit::
quantum,svc,6,zz_r1_full__as0.5__svc__d6,zz_r1_full__as0.5,ood_test,fixed_c1,1.0,,0.004995584487915039,0.982,0.9814814814814814,0.981961831234893,0.982791586998088,0.9999039246769468,0.9999112307851636,port_protocol_service_ablation,88,74,14,src_port|dst_port|proto_icmp|proto_tcp|proto_udp|service|service_dce_rpc|service_dns|service_ftp|service_gssapi|service_http|service_smb|service_smb_gssapi|service_ssl,ksf-v4-idsplit::
quantum,svc,6,zz_r1_full__as0.5__svc__d6,zz_r1_full__as0.5,id_val,train_cv,100.0,0.9652244391747444,0.005999565124511719,0.9641434262948207,0.9648938874062778,0.9641434262948207,0.9641434262948207,0.99377303342229,0.9933526054925382,port_protocol_service_ablation,88,74,14,src_port|dst_port|proto_icmp|proto_tcp|proto_udp|service|service_dce_rpc|service_dns|service_ftp|service_gssapi|service_http|service_smb|service_smb_gssapi|service_ssl,ksf-v4-idsplit::
quantum,svc,6,zz_r1_full__as0.5__svc__d6,zz_r1_full__as0.5,id_test,train_cv,100.0,0.9652244391747444,0.005999565124511719,0.9718875502008032,0.9722042871900827,0.9718802936194241,0.9714285714285714,0.9945118801652892,0.9939492091310161,port_protocol_service_ablation,88,74,14,src_port|dst_port|proto_icmp|proto_tcp|proto_udp|service|service_dce_rpc|service_dns|service_ftp|service_gssapi|service_http|service_smb|service_smb_gssapi|service_ssl,ksf-v4-idsplit::
quantum,svc,6,zz_r1_full__as0.5__svc__d6,zz_r1_full__as0.5,ood_test,train_cv,100.0,0.9652244391747444,0.005999565124511719,0.982,0.9814814814814814,0.981961831234893,0.982791586998088,0.9959328113240782,0.9864685628328489,port_protocol_service_ablation,88,74,14,src_port|dst_port|proto_icmp|proto_tcp|proto_udp|service|service_dce_rpc|service_dns|service_ftp|service_gssapi|service_http|service_smb|service_smb_gssapi|service_ssl,ksf-v4-idsplit::
quantum,svc,6,zz_r2_full__as0.5__svc__d6,zz_r2_full__as0.5,id_val,fixed_c1,1.0,,0.004999876022338867,0.9123505976095617,0.9120599822086669,0.9122377622377622,0.9090909090909091,0.9700088956665396,0.9488331792214951,port_protocol_service_ablation,88,74,14,src_port|dst_port|proto_icmp|proto_tcp|proto_udp|service|service_dce_rpc|service_dns|service_ftp|service_gssapi|service_http|service_smb|service_smb_gssapi|service_ssl,ksf-v4-idsplit::
quantum,svc,6,zz_r2_full__as0.5__svc__d6,zz_r2_full__as0.5,id_test,fixed_c1,1.0,,0.004999876022338867,0.9196787148594378,0.9187112603305785,0.9193861693861693,0.9145299145299145,0.9932851239669421,0.9927401574010483,port_protocol_service_ablation,88,74,14,src_port|dst_port|proto_icmp|proto_tcp|proto_udp|service|service_dce_rpc|service_dns|service_ftp|service_gssapi|service_http|service_smb|service_smb_gssapi|service_ssl,ksf-v4-idsplit::
quantum,svc,6,zz_r2_full__as0.5__svc__d6,zz_r2_full__as0.5,ood_test,fixed_c1,1.0,,0.004999876022338867,0.982,0.9814814814814814,0.981961831234893,0.982791586998088,0.995852748554867,0.9910705309846388,port_protocol_service_ablation,88,74,14,src_port|dst_port|proto_icmp|proto_tcp|proto_udp|service|service_dce_rpc|service_dns|service_ftp|service_gssapi|service_http|service_smb|service_smb_gssapi|service_ssl,ksf-v4-idsplit::
quantum,svc,6,zz_r2_full__as0.5__svc__d6,zz_r2_full__as0.5,id_val,train_cv,100.0,0.9703311666397194,0.0057146549224853516,0.9601593625498008,0.9610179184140297,0.9601587301587302,0.9603174603174603,0.979222264582539,0.9678165644940795,port_protocol_service_ablation,88,74,14,src_port|dst_port|proto_icmp|proto_tcp|proto_udp|service|service_dce_rpc|service_dns|service_ftp|service_gssapi|service_http|service_smb|service_smb_gssapi|service_ssl,ksf-v4-idsplit::
quantum,svc,6,zz_r2_full__as0.5__svc__d6,zz_r2_full__as0.5,id_test,train_cv,100.0,0.9703311666397194,0.0057146549224853516,0.9718875502008032,0.9722042871900827,0.9718802936194241,0.9714285714285714,0.9836647727272727,0.9793450214225218,port_protocol_service_ablation,88,74,14,src_port|dst_port|proto_icmp|proto_tcp|proto_udp|service|service_dce_rpc|service_dns|service_ftp|service_gssapi|service_http|service_smb|service_smb_gssapi|service_ssl,ksf-v4-idsplit::
quantum,svc,6,zz_r2_full__as0.5__svc__d6,zz_r2_full__as0.5,ood_test,train_cv,100.0,0.9703311666397194,0.0057146549224853516,0.978,0.977366255144033,0.9779448621553885,0.979047619047619,0.9700084866535363,0.9409462158089152,port_protocol_service_ablation,88,74,14,src_port|dst_port|proto_icmp|proto_tcp|proto_udp|service|service_dce_rpc|service_dns|service_ftp|service_gssapi|service_http|service_smb|service_smb_gssapi|service_ssl,ksf-v4-idsplit::
quantum,svc,6,pauli_xz_r1_full__as0.5__svc__d6,pauli_xz_r1_full__as0.5,id_val,fixed_c1,1.0,,0.004701375961303711,0.8565737051792829,0.8573516329902148,0.8565714285714285,0.8571428571428571,0.9453551912568305,0.9182362634507787,port_protocol_service_ablation,88,74,14,src_port|dst_port|proto_icmp|proto_tcp|proto_udp|service|service_dce_rpc|service_dns|service_ftp|service_gssapi|service_http|service_smb|service_smb_gssapi|service_ssl,ksf-v4-idsplit::
quantum,svc,6,pauli_xz_r1_full__as0.5__svc__d6,pauli_xz_r1_full__as0.5,id_test,fixed_c1,1.0,,0.004701375961303711,0.891566265060241,0.8915934917355373,0.8915032679738562,0.8888888888888888,0.984762396694215,0.9845380482969205,port_protocol_service_ablation,88,74,14,src_port|dst_port|proto_icmp|proto_tcp|proto_udp|service|service_dce_rpc|service_dns|service_ftp|service_gssapi|service_http|service_smb|service_smb_gssapi|service_ssl,ksf-v4-idsplit::
quantum,svc,6,pauli_xz_r1_full__as0.5__svc__d6,pauli_xz_r1_full__as0.5,ood_test,fixed_c1,1.0,,0.004701375961303711,0.936,0.9341563786008231,0.9354536799470721,0.9413919413919414,0.9441321996445213,0.9395019466924688,port_protocol_service_ablation,88,74,14,src_port|dst_port|proto_icmp|proto_tcp|proto_udp|service|service_dce_rpc|service_dns|service_ftp|service_gssapi|service_http|service_smb|service_smb_gssapi|service_ssl,ksf-v4-idsplit::
quantum,svc,6,pauli_xz_r1_full__as0.5__svc__d6,pauli_xz_r1_full__as0.5,id_val,train_cv,100.0,0.9183875744580379,0.005003213882446289,0.9123505976095617,0.9120599822086669,0.9122377622377622,0.9090909090909091,0.9771254288982081,0.9711303949696504,port_protocol_service_ablation,88,74,14,src_port|dst_port|proto_icmp|proto_tcp|proto_udp|service|service_dce_rpc|service_dns|service_ftp|service_gssapi|service_http|service_smb|service_smb_gssapi|service_ssl,ksf-v4-idsplit::
quantum,svc,6,pauli_xz_r1_full__as0.5__svc__d6,pauli_xz_r1_full__as0.5,id_test,train_cv,100.0,0.9183875744580379,0.005003213882446289,0.9116465863453815,0.9108987603305785,0.9114050976840471,0.9067796610169492,0.9889591942148761,0.9878524280957606,port_protocol_service_ablation,88,74,14,src_port|dst_port|proto_icmp|proto_tcp|proto_udp|service|service_dce_rpc|service_dns|service_ftp|service_gssapi|service_http|service_smb|service_smb_gssapi|service_ssl,ksf-v4-idsplit::
quantum,svc,6,pauli_xz_r1_full__as0.5__svc__d6,pauli_xz_r1_full__as0.5,ood_test,train_cv,100.0,0.9183875744580379,0.005003213882446289,0.966,0.9650205761316872,0.9658687996659158,0.967984934086629,0.9719299931146018,0.960392197898918,port_protocol_service_ablation,88,74,14,src_port|dst_port|proto_icmp|proto_tcp|proto_udp|service|service_dce_rpc|service_dns|service_ftp|service_gssapi|service_http|service_smb|service_smb_gssapi|service_ssl,ksf-v4-idsplit::
quantum,svc,6,zmap_r2__as0.5__svc__d6,zmap_r2__as0.5,id_val,fixed_c1,1.0,,0.005000591278076172,0.8565737051792829,0.8573516329902148,0.8565714285714285,0.8571428571428571,0.9454822722073961,0.9324099224859994,port_protocol_service_ablation,88,74,14,src_port|dst_port|proto_icmp|proto_tcp|proto_udp|service|service_dce_rpc|service_dns|service_ftp|service_gssapi|service_http|service_smb|service_smb_gssapi|service_ssl,ksf-v4-idsplit::
quantum,svc,6,zmap_r2__as0.5__svc__d6,zmap_r2__as0.5,id_test,fixed_c1,1.0,,0.005000591278076172,0.891566265060241,0.8915934917355373,0.8915032679738562,0.8888888888888888,0.9699121900826446,0.9729387640812504,port_protocol_service_ablation,88,74,14,src_port|dst_port|proto_icmp|proto_tcp|proto_udp|service|service_dce_rpc|service_dns|service_ftp|service_gssapi|service_http|service_smb|service_smb_gssapi|service_ssl,ksf-v4-idsplit::
quantum,svc,6,zmap_r2__as0.5__svc__d6,zmap_r2__as0.5,ood_test,fixed_c1,1.0,,0.005000591278076172,0.936,0.9341563786008231,0.9354536799470721,0.9413919413919414,0.9995196233847338,0.999556471270133,port_protocol_service_ablation,88,74,14,src_port|dst_port|proto_icmp|proto_tcp|proto_udp|service|service_dce_rpc|service_dns|service_ftp|service_gssapi|service_http|service_smb|service_smb_gssapi|service_ssl,ksf-v4-idsplit::
quantum,svc,6,zmap_r2__as0.5__svc__d6,zmap_r2__as0.5,id_val,train_cv,100.0,0.9203893760794972,0.005661487579345703,0.9123505976095617,0.9120599822086669,0.9122377622377622,0.9090909090909091,0.9793493455331045,0.9675382091986213,port_protocol_service_ablation,88,74,14,src_port|dst_port|proto_icmp|proto_tcp|proto_udp|service|service_dce_rpc|service_dns|service_ftp|service_gssapi|service_http|service_smb|service_smb_gssapi|service_ssl,ksf-v4-idsplit::
quantum,svc,6,zmap_r2__as0.5__svc__d6,zmap_r2__as0.5,id_test,train_cv,100.0,0.9203893760794972,0.005661487579345703,0.9116465863453815,0.9108987603305785,0.9114050976840471,0.9067796610169492,0.9918646694214875,0.9914111631873028,port_protocol_service_ablation,88,74,14,src_port|dst_port|proto_icmp|proto_tcp|proto_udp|service|service_dce_rpc|service_dns|service_ftp|service_gssapi|service_http|service_smb|service_smb_gssapi|service_ssl,ksf-v4-idsplit::
quantum,svc,6,zmap_r2__as0.5__svc__d6,zmap_r2__as0.5,ood_test,train_cv,100.0,0.9203893760794972,0.005661487579345703,0.968,0.9670781893004115,0.9678843837816138,0.969811320754717,0.9939312420938015,0.9942864761998778,port_protocol_service_ablation,88,74,14,src_port|dst_port|proto_icmp|proto_tcp|proto_udp|service|service_dce_rpc|service_dns|service_ftp|service_gssapi|service_http|service_smb|service_smb_gssapi|service_ssl,ksf-v4-idsplit::
quantum,svc,6,zz_r1_full__svc__d6,zz_r1_full,id_val,fixed_c1,1.0,,0.004000186920166016,0.9123505976095617,0.9120599822086669,0.9122377622377622,0.9090909090909091,0.9701995170923878,0.9453176775709333,port_protocol_service_ablation,88,74,14,src_port|dst_port|proto_icmp|proto_tcp|proto_udp|service|service_dce_rpc|service_dns|service_ftp|service_gssapi|service_http|service_smb|service_smb_gssapi|service_ssl,ksf-v4-idsplit::
quantum,svc,6,zz_r1_full__svc__d6,zz_r1_full,id_test,fixed_c1,1.0,,0.004000186920166016,0.9196787148594378,0.9187112603305785,0.9193861693861693,0.9145299145299145,0.9923811983471075,0.9917126710537879,port_protocol_service_ablation,88,74,14,src_port|dst_port|proto_icmp|proto_tcp|proto_udp|service|service_dce_rpc|service_dns|service_ftp|service_gssapi|service_http|service_smb|service_smb_gssapi|service_ssl,ksf-v4-idsplit::
quantum,svc,6,zz_r1_full__svc__d6,zz_r1_full,ood_test,fixed_c1,1.0,,0.004000186920166016,0.982,0.9814814814814814,0.981961831234893,0.982791586998088,0.9957886983394981,0.989175431006791,port_protocol_service_ablation,88,74,14,src_port|dst_port|proto_icmp|proto_tcp|proto_udp|service|service_dce_rpc|service_dns|service_ftp|service_gssapi|service_http|service_smb|service_smb_gssapi|service_ssl,ksf-v4-idsplit::
quantum,svc,6,zz_r1_full__svc__d6,zz_r1_full,id_val,train_cv,100.0,0.9712326510526139,0.005012035369873047,0.9721115537848606,0.9728682170542635,0.9721115537848606,0.9721115537848606,0.9887533358749523,0.9807087544492041,port_protocol_service_ablation,88,74,14,src_port|dst_port|proto_icmp|proto_tcp|proto_udp|service|service_dce_rpc|service_dns|service_ftp|service_gssapi|service_http|service_smb|service_smb_gssapi|service_ssl,ksf-v4-idsplit::
quantum,svc,6,zz_r1_full__svc__d6,zz_r1_full,id_test,train_cv,100.0,0.9712326510526139,0.005012035369873047,0.9799196787148594,0.98046875,0.9799183831475717,0.979757085020243,0.9918646694214877,0.9903367960789065,port_protocol_service_ablation,88,74,14,src_port|dst_port|proto_icmp|proto_tcp|proto_udp|service|service_dce_rpc|service_dns|service_ftp|service_gssapi|service_http|service_smb|service_smb_gssapi|service_ssl,ksf-v4-idsplit::
quantum,svc,6,zz_r1_full__svc__d6,zz_r1_full,ood_test,train_cv,100.0,0.9712326510526139,0.005012035369873047,0.984,0.9835390946502058,0.9839689639141378,0.9846743295019157,0.9801124081279723,0.9655844038901178,port_protocol_service_ablation,88,74,14,src_port|dst_port|proto_icmp|proto_tcp|proto_udp|service|service_dce_rpc|service_dns|service_ftp|service_gssapi|service_http|service_smb|service_smb_gssapi|service_ssl,ksf-v4-idsplit::
quantum,svc,6,zz_r2_full__svc__d6,zz_r2_full,id_val,fixed_c1,1.0,,0.003956317901611328,0.9123505976095617,0.9120599822086669,0.9122377622377622,0.9090909090909091,0.9747744313127462,0.9658342756013274,port_protocol_service_ablation,88,74,14,src_port|dst_port|proto_icmp|proto_tcp|proto_udp|service|service_dce_rpc|service_dns|service_ftp|service_gssapi|service_http|service_smb|service_smb_gssapi|service_ssl,ksf-v4-idsplit::
quantum,svc,6,zz_r2_full__svc__d6,zz_r2_full,id_test,fixed_c1,1.0,,0.003956317901611328,0.9196787148594378,0.9187112603305785,0.9193861693861693,0.9145299145299145,0.9930268595041323,0.9924775949033773,port_protocol_service_ablation,88,74,14,src_port|dst_port|proto_icmp|proto_tcp|proto_udp|service|service_dce_rpc|service_dns|service_ftp|service_gssapi|service_http|service_smb|service_smb_gssapi|service_ssl,ksf-v4-idsplit::
quantum,svc,6,zz_r2_full__svc__d6,zz_r2_full,ood_test,fixed_c1,1.0,,0.003956317901611328,0.982,0.9814814814814814,0.981961831234893,0.982791586998088,0.9954524347088117,0.9856553953502871,port_protocol_service_ablation,88,74,14,src_port|dst_port|proto_icmp|proto_tcp|proto_udp|service|service_dce_rpc|service_dns|service_ftp|service_gssapi|service_http|service_smb|service_smb_gssapi|service_ssl,ksf-v4-idsplit::
quantum,svc,6,zz_r2_full__svc__d6,zz_r2_full,id_val,train_cv,100.0,0.9722635788876655,0.005667448043823242,0.9561752988047809,0.9573643410852712,0.9561641660712868,0.9568627450980393,0.9775066717499047,0.9612942795451835,port_protocol_service_ablation,88,74,14,src_port|dst_port|proto_icmp|proto_tcp|proto_udp|service|service_dce_rpc|service_dns|service_ftp|service_gssapi|service_http|service_smb|service_smb_gssapi|service_ssl,ksf-v4-idsplit::
quantum,svc,6,zz_r2_full__svc__d6,zz_r2_full,id_test,train_cv,100.0,0.9722635788876655,0.005667448043823242,0.9759036144578314,0.9765625,0.9759032258064516,0.9758064516129032,0.9892820247933884,0.9867910756520107,port_protocol_service_ablation,88,74,14,src_port|dst_port|proto_icmp|proto_tcp|proto_udp|service|service_dce_rpc|service_dns|service_ftp|service_gssapi|service_http|service_smb|service_smb_gssapi|service_ssl,ksf-v4-idsplit::
quantum,svc,6,zz_r2_full__svc__d6,zz_r2_full,ood_test,train_cv,100.0,0.9722635788876655,0.005667448043823242,0.982,0.9814814814814814,0.981961831234893,0.982791586998088,0.9793117804358618,0.9624830558419974,port_protocol_service_ablation,88,74,14,src_port|dst_port|proto_icmp|proto_tcp|proto_udp|service|service_dce_rpc|service_dns|service_ftp|service_gssapi|service_http|service_smb|service_smb_gssapi|service_ssl,ksf-v4-idsplit::
quantum,svc,6,pauli_xz_r1_full__svc__d6,pauli_xz_r1_full,id_val,fixed_c1,1.0,,0.013282060623168945,0.8565737051792829,0.8573516329902148,0.8565714285714285,0.8571428571428571,0.9066590418096326,0.9164586495844094,port_protocol_service_ablation,88,74,14,src_port|dst_port|proto_icmp|proto_tcp|proto_udp|service|service_dce_rpc|service_dns|service_ftp|service_gssapi|service_http|service_smb|service_smb_gssapi|service_ssl,ksf-v4-idsplit::
quantum,svc,6,pauli_xz_r1_full__svc__d6,pauli_xz_r1_full,id_test,fixed_c1,1.0,,0.013282060623168945,0.891566265060241,0.8915934917355373,0.8915032679738562,0.8888888888888888,0.9484116735537191,0.9617097386833637,port_protocol_service_ablation,88,74,14,src_port|dst_port|proto_icmp|proto_tcp|proto_udp|service|service_dce_rpc|service_dns|service_ftp|service_gssapi|service_http|service_smb|service_smb_gssapi|service_ssl,ksf-v4-idsplit::
quantum,svc,6,pauli_xz_r1_full__svc__d6,pauli_xz_r1_full,ood_test,fixed_c1,1.0,,0.013282060623168945,0.938,0.9362139917695473,0.937493698961589,0.9431192660550459,0.9998718995692623,0.9998825343220027,port_protocol_service_ablation,88,74,14,src_port|dst_port|proto_icmp|proto_tcp|proto_udp|service|service_dce_rpc|service_dns|service_ftp|service_gssapi|service_http|service_smb|service_smb_gssapi|service_ssl,ksf-v4-idsplit::
quantum,svc,6,pauli_xz_r1_full__svc__d6,pauli_xz_r1_full,id_val,train_cv,100.0,0.9271761572594823,0.0068511962890625,0.9043824701195219,0.9043080442241708,0.9043080442241708,0.9016393442622951,0.9666412504765536,0.9434558365075039,port_protocol_service_ablation,88,74,14,src_port|dst_port|proto_icmp|proto_tcp|proto_udp|service|service_dce_rpc|service_dns|service_ftp|service_gssapi|service_http|service_smb|service_smb_gssapi|service_ssl,ksf-v4-idsplit::
quantum,svc,6,pauli_xz_r1_full__svc__d6,pauli_xz_r1_full,id_test,train_cv,100.0,0.9271761572594823,0.0068511962890625,0.9196787148594378,0.9187112603305785,0.9193861693861693,0.9145299145299145,0.990573347107438,0.9898452327260517,port_protocol_service_ablation,88,74,14,src_port|dst_port|proto_icmp|proto_tcp|proto_udp|service|service_dce_rpc|service_dns|service_ftp|service_gssapi|service_http|service_smb|service_smb_gssapi|service_ssl,ksf-v4-idsplit::
quantum,svc,6,pauli_xz_r1_full__svc__d6,pauli_xz_r1_full,ood_test,train_cv,100.0,0.9271761572594823,0.0068511962890625,0.978,0.977366255144033,0.9779448621553885,0.979047619047619,0.9960288866471313,0.9902837363950593,port_protocol_service_ablation,88,74,14,src_port|dst_port|proto_icmp|proto_tcp|proto_udp|service|service_dce_rpc|service_dns|service_ftp|service_gssapi|service_http|service_smb|service_smb_gssapi|service_ssl,ksf-v4-idsplit::
quantum,svc,6,zmap_r2__svc__d6,zmap_r2,id_val,fixed_c1,1.0,,0.01200556755065918,0.8565737051792829,0.8573516329902148,0.8565714285714285,0.8571428571428571,0.954060236370568,0.930308093230136,port_protocol_service_ablation,88,74,14,src_port|dst_port|proto_icmp|proto_tcp|proto_udp|service|service_dce_rpc|service_dns|service_ftp|service_gssapi|service_http|service_smb|service_smb_gssapi|service_ssl,ksf-v4-idsplit::
quantum,svc,6,zmap_r2__svc__d6,zmap_r2,id_test,fixed_c1,1.0,,0.01200556755065918,0.891566265060241,0.8915934917355373,0.8915032679738562,0.8888888888888888,0.984504132231405,0.9839601540231224,port_protocol_service_ablation,88,74,14,src_port|dst_port|proto_icmp|proto_tcp|proto_udp|service|service_dce_rpc|service_dns|service_ftp|service_gssapi|service_http|service_smb|service_smb_gssapi|service_ssl,ksf-v4-idsplit::
quantum,svc,6,zmap_r2__svc__d6,zmap_r2,ood_test,fixed_c1,1.0,,0.01200556755065918,0.938,0.9362139917695473,0.937493698961589,0.9431192660550459,0.9984307697234631,0.9984956260920145,port_protocol_service_ablation,88,74,14,src_port|dst_port|proto_icmp|proto_tcp|proto_udp|service|service_dce_rpc|service_dns|service_ftp|service_gssapi|service_http|service_smb|service_smb_gssapi|service_ssl,ksf-v4-idsplit::
quantum,svc,6,zmap_r2__svc__d6,zmap_r2,id_val,train_cv,100.0,0.93233079643474,0.01600027084350586,0.9163346613545816,0.9161583428644047,0.9162495829162496,0.9135802469135802,0.9721692718261533,0.9534747818128738,port_protocol_service_ablation,88,74,14,src_port|dst_port|proto_icmp|proto_tcp|proto_udp|service|service_dce_rpc|service_dns|service_ftp|service_gssapi|service_http|service_smb|service_smb_gssapi|service_ssl,ksf-v4-idsplit::
quantum,svc,6,zmap_r2__svc__d6,zmap_r2,id_test,train_cv,100.0,0.93233079643474,0.01600027084350586,0.9236947791164659,0.9228434917355373,0.9234527950813041,0.9191489361702128,0.9941244834710743,0.9937211529887321,port_protocol_service_ablation,88,74,14,src_port|dst_port|proto_icmp|proto_tcp|proto_udp|service|service_dce_rpc|service_dns|service_ftp|service_gssapi|service_http|service_smb|service_smb_gssapi|service_ssl,ksf-v4-idsplit::
quantum,svc,6,zmap_r2__svc__d6,zmap_r2,ood_test,train_cv,100.0,0.93233079643474,0.01600027084350586,0.982,0.9814814814814814,0.981961831234893,0.982791586998088,0.9923139741557381,0.9862593061272145,port_protocol_service_ablation,88,74,14,src_port|dst_port|proto_icmp|proto_tcp|proto_udp|service|service_dce_rpc|service_dns|service_ftp|service_gssapi|service_http|service_smb|service_smb_gssapi|service_ssl,ksf-v4-idsplit::
quantum,svc,6,zz_r1_full__as2__svc__d6,zz_r1_full__as2,id_val,fixed_c1,1.0,,0.004996776580810547,0.9243027888446215,0.92435506417588,0.9242595092511713,0.9224489795918367,0.9878637692209937,0.9873973041348839,port_protocol_service_ablation,88,74,14,src_port|dst_port|proto_icmp|proto_tcp|proto_udp|service|service_dce_rpc|service_dns|service_ftp|service_gssapi|service_http|service_smb|service_smb_gssapi|service_ssl,ksf-v4-idsplit::
quantum,svc,6,zz_r1_full__as2__svc__d6,zz_r1_full__as2,id_test,fixed_c1,1.0,,0.004996776580810547,0.9236947791164659,0.9228434917355373,0.9234527950813041,0.9191489361702128,0.9886363636363636,0.9850330486188748,port_protocol_service_ablation,88,74,14,src_port|dst_port|proto_icmp|proto_tcp|proto_udp|service|service_dce_rpc|service_dns|service_ftp|service_gssapi|service_http|service_smb|service_smb_gssapi|service_ssl,ksf-v4-idsplit::
quantum,svc,6,zz_r1_full__as2__svc__d6,zz_r1_full__as2,ood_test,fixed_c1,1.0,,0.004996776580810547,0.982,0.9814814814814814,0.981961831234893,0.982791586998088,0.9766697090518967,0.9604268201891448,port_protocol_service_ablation,88,74,14,src_port|dst_port|proto_icmp|proto_tcp|proto_udp|service|service_dce_rpc|service_dns|service_ftp|service_gssapi|service_http|service_smb|service_smb_gssapi|service_ssl,ksf-v4-idsplit::
quantum,svc,6,zz_r1_full__as2__svc__d6,zz_r1_full__as2,id_val,train_cv,100.0,0.9695311196743737,0.005006551742553711,0.9800796812749004,0.9806201550387597,0.9800784164325285,0.9799196787148594,0.9868471216164697,0.9782447809002063,port_protocol_service_ablation,88,74,14,src_port|dst_port|proto_icmp|proto_tcp|proto_udp|service|service_dce_rpc|service_dns|service_ftp|service_gssapi|service_http|service_smb|service_smb_gssapi|service_ssl,ksf-v4-idsplit::
quantum,svc,6,zz_r1_full__as2__svc__d6,zz_r1_full__as2,id_test,train_cv,100.0,0.9695311196743737,0.005006551742553711,0.9759036144578314,0.9765625,0.9759032258064516,0.9758064516129032,0.9916064049586777,0.9900370723525589,port_protocol_service_ablation,88,74,14,src_port|dst_port|proto_icmp|proto_tcp|proto_udp|service|service_dce_rpc|service_dns|service_ftp|service_gssapi|service_http|service_smb|service_smb_gssapi|service_ssl,ksf-v4-idsplit::
quantum,svc,6,zz_r1_full__as2__svc__d6,zz_r1_full__as2,ood_test,train_cv,100.0,0.9695311196743737,0.005006551742553711,0.982,0.9814814814814814,0.981961831234893,0.982791586998088,0.9806728475124498,0.9681069753726886,port_protocol_service_ablation,88,74,14,src_port|dst_port|proto_icmp|proto_tcp|proto_udp|service|service_dce_rpc|service_dns|service_ftp|service_gssapi|service_http|service_smb|service_smb_gssapi|service_ssl,ksf-v4-idsplit::
quantum,svc,6,zz_r2_full__as2__svc__d6,zz_r2_full__as2,id_val,fixed_c1,1.0,,0.0045163631439208984,0.9482071713147411,0.9489452281103062,0.9482071713147411,0.9482071713147411,0.9800482907612149,0.9732080762263974,port_protocol_service_ablation,88,74,14,src_port|dst_port|proto_icmp|proto_tcp|proto_udp|service|service_dce_rpc|service_dns|service_ftp|service_gssapi|service_http|service_smb|service_smb_gssapi|service_ssl,ksf-v4-idsplit::
quantum,svc,6,zz_r2_full__as2__svc__d6,zz_r2_full__as2,id_test,fixed_c1,1.0,,0.0045163631439208984,0.9558232931726908,0.9559013429752066,0.9557976276930525,0.9547325102880658,0.9845686983471075,0.9795274356926649,port_protocol_service_ablation,88,74,14,src_port|dst_port|proto_icmp|proto_tcp|proto_udp|service|service_dce_rpc|service_dns|service_ftp|service_gssapi|service_http|service_smb|service_smb_gssapi|service_ssl,ksf-v4-idsplit::
quantum,svc,6,zz_r2_full__as2__svc__d6,zz_r2_full__as2,ood_test,fixed_c1,1.0,,0.0045163631439208984,0.982,0.9814814814814814,0.981961831234893,0.982791586998088,0.9774383116363228,0.9651602275333891,port_protocol_service_ablation,88,74,14,src_port|dst_port|proto_icmp|proto_tcp|proto_udp|service|service_dce_rpc|service_dns|service_ftp|service_gssapi|service_http|service_smb|service_smb_gssapi|service_ssl,ksf-v4-idsplit::
quantum,svc,6,zz_r2_full__as2__svc__d6,zz_r2_full__as2,id_val,train_cv,100.0,0.9706314368829382,0.004071712493896484,0.9721115537848606,0.9728682170542635,0.9721115537848606,0.9721115537848606,0.990913712034566,0.9702802141714216,port_protocol_service_ablation,88,74,14,src_port|dst_port|proto_icmp|proto_tcp|proto_udp|service|service_dce_rpc|service_dns|service_ftp|service_gssapi|service_http|service_smb|service_smb_gssapi|service_ssl,ksf-v4-idsplit::
quantum,svc,6,zz_r2_full__as2__svc__d6,zz_r2_full__as2,id_test,train_cv,100.0,0.9706314368829382,0.004071712493896484,0.9799196787148594,0.98046875,0.9799183831475717,0.979757085020243,0.9987086776859504,0.9986749343290364,port_protocol_service_ablation,88,74,14,src_port|dst_port|proto_icmp|proto_tcp|proto_udp|service|service_dce_rpc|service_dns|service_ftp|service_gssapi|service_http|service_smb|service_smb_gssapi|service_ssl,ksf-v4-idsplit::
quantum,svc,6,zz_r2_full__as2__svc__d6,zz_r2_full__as2,ood_test,train_cv,100.0,0.9706314368829382,0.004071712493896484,0.982,0.9814814814814814,0.981961831234893,0.982791586998088,0.9953403468319162,0.98827166981352,port_protocol_service_ablation,88,74,14,src_port|dst_port|proto_icmp|proto_tcp|proto_udp|service|service_dce_rpc|service_dns|service_ftp|service_gssapi|service_http|service_smb|service_smb_gssapi|service_ssl,ksf-v4-idsplit::
quantum,svc,6,pauli_xz_r1_full__as2__svc__d6,pauli_xz_r1_full__as2,id_val,fixed_c1,1.0,,0.005514621734619141,0.900398406374502,0.8997649002414538,0.9001702276596083,0.895397489539749,0.9588257720167747,0.9408050339273131,port_protocol_service_ablation,88,74,14,src_port|dst_port|proto_icmp|proto_tcp|proto_udp|service|service_dce_rpc|service_dns|service_ftp|service_gssapi|service_http|service_smb|service_smb_gssapi|service_ssl,ksf-v4-idsplit::
quantum,svc,6,pauli_xz_r1_full__as2__svc__d6,pauli_xz_r1_full__as2,id_test,fixed_c1,1.0,,0.005514621734619141,0.9076305220883534,0.9067665289256198,0.9073375940457892,0.902127659574468,0.9836647727272727,0.9829713808374021,port_protocol_service_ablation,88,74,14,src_port|dst_port|proto_icmp|proto_tcp|proto_udp|service|service_dce_rpc|service_dns|service_ftp|service_gssapi|service_http|service_smb|service_smb_gssapi|service_ssl,ksf-v4-idsplit::
quantum,svc,6,pauli_xz_r1_full__as2__svc__d6,pauli_xz_r1_full__as2,ood_test,fixed_c1,1.0,,0.005514621734619141,0.972,0.9711934156378601,0.971911915767848,0.9734848484848485,0.9995516484924181,0.9995826404635605,port_protocol_service_ablation,88,74,14,src_port|dst_port|proto_icmp|proto_tcp|proto_udp|service|service_dce_rpc|service_dns|service_ftp|service_gssapi|service_http|service_smb|service_smb_gssapi|service_ssl,ksf-v4-idsplit::
quantum,svc,6,pauli_xz_r1_full__as2__svc__d6,pauli_xz_r1_full__as2,id_val,train_cv,100.0,0.9546235522226416,0.008518218994140625,0.9561752988047809,0.9566971660948024,0.9561725161515628,0.9558232931726908,0.9860210954377939,0.9814720198322588,port_protocol_service_ablation,88,74,14,src_port|dst_port|proto_icmp|proto_tcp|proto_udp|service|service_dce_rpc|service_dns|service_ftp|service_gssapi|service_http|service_smb|service_smb_gssapi|service_ssl,ksf-v4-idsplit::
quantum,svc,6,pauli_xz_r1_full__as2__svc__d6,pauli_xz_r1_full__as2,id_test,train_cv,100.0,0.9546235522226416,0.008518218994140625,0.9598393574297188,0.9598075929752066,0.9598075929752066,0.9586776859504132,0.995544938016529,0.9952272502168487,port_protocol_service_ablation,88,74,14,src_port|dst_port|proto_icmp|proto_tcp|proto_udp|service|service_dce_rpc|service_dns|service_ftp|service_gssapi|service_http|service_smb|service_smb_gssapi|service_ssl,ksf-v4-idsplit::
quantum,svc,6,pauli_xz_r1_full__as2__svc__d6,pauli_xz_r1_full__as2,ood_test,train_cv,100.0,0.9546235522226416,0.008518218994140625,0.98,0.9794238683127572,0.9799538135865034,0.9809160305343512,0.9929224512017422,0.9860356151756539,port_protocol_service_ablation,88,74,14,src_port|dst_port|proto_icmp|proto_tcp|proto_udp|service|service_dce_rpc|service_dns|service_ftp|service_gssapi|service_http|service_smb|service_smb_gssapi|service_ssl,ksf-v4-idsplit::
quantum,svc,6,zmap_r2__as2__svc__d6,zmap_r2__as2,id_val,fixed_c1,1.0,,0.0060002803802490234,0.900398406374502,0.8997649002414538,0.9001702276596083,0.895397489539749,0.9663870885754225,0.9380279979240788,port_protocol_service_ablation,88,74,14,src_port|dst_port|proto_icmp|proto_tcp|proto_udp|service|service_dce_rpc|service_dns|service_ftp|service_gssapi|service_http|service_smb|service_smb_gssapi|service_ssl,ksf-v4-idsplit::
quantum,svc,6,zmap_r2__as2__svc__d6,zmap_r2__as2,id_test,fixed_c1,1.0,,0.0060002803802490234,0.9156626506024096,0.9145790289256198,0.9153129808081626,0.9098712446351931,0.9911544421487604,0.9905745143021032,port_protocol_service_ablation,88,74,14,src_port|dst_port|proto_icmp|proto_tcp|proto_udp|service|service_dce_rpc|service_dns|service_ftp|service_gssapi|service_http|service_smb|service_smb_gssapi|service_ssl,ksf-v4-idsplit::
quantum,svc,6,zmap_r2__as2__svc__d6,zmap_r2__as2,ood_test,fixed_c1,1.0,,0.0060002803802490234,0.982,0.9814814814814814,0.981961831234893,0.982791586998088,0.9995516484924181,0.9995826404635606,port_protocol_service_ablation,88,74,14,src_port|dst_port|proto_icmp|proto_tcp|proto_udp|service|service_dce_rpc|service_dns|service_ftp|service_gssapi|service_http|service_smb|service_smb_gssapi|service_ssl,ksf-v4-idsplit::
quantum,svc,6,zmap_r2__as2__svc__d6,zmap_r2__as2,id_val,train_cv,100.0,0.9556159036722794,0.007038116455078125,0.9561752988047809,0.9566971660948024,0.9561725161515628,0.9558232931726908,0.9913584953615453,0.9893584998192898,port_protocol_service_ablation,88,74,14,src_port|dst_port|proto_icmp|proto_tcp|proto_udp|service|service_dce_rpc|service_dns|service_ftp|service_gssapi|service_http|service_smb|service_smb_gssapi|service_ssl,ksf-v4-idsplit::
quantum,svc,6,zmap_r2__as2__svc__d6,zmap_r2__as2,id_test,train_cv,100.0,0.9556159036722794,0.007038116455078125,0.9598393574297188,0.9598075929752066,0.9598075929752066,0.9586776859504132,0.9961905991735538,0.9959292379068018,port_protocol_service_ablation,88,74,14,src_port|dst_port|proto_icmp|proto_tcp|proto_udp|service|service_dce_rpc|service_dns|service_ftp|service_gssapi|service_http|service_smb|service_smb_gssapi|service_ssl,ksf-v4-idsplit::
quantum,svc,6,zmap_r2__as2__svc__d6,zmap_r2__as2,ood_test,train_cv,100.0,0.9556159036722794,0.007038116455078125,0.98,0.9794238683127572,0.9799538135865034,0.9809160305343512,0.9929064386479,0.9835306729125073,port_protocol_service_ablation,88,74,14,src_port|dst_port|proto_icmp|proto_tcp|proto_udp|service|service_dce_rpc|service_dns|service_ftp|service_gssapi|service_http|service_smb|service_smb_gssapi|service_ssl,ksf-v4-idsplit::
classical_ext,svc,8,linear__svc__d8,linear,id_val,fixed_c1,1.0,,0.006600618362426758,0.8167330677290837,0.8157008514423687,0.8160762074678221,0.8050847457627118,0.8877239801753717,0.8900599108879081,port_protocol_service_ablation,88,74,14,src_port|dst_port|proto_icmp|proto_tcp|proto_udp|service|service_dce_rpc|service_dns|service_ftp|service_gssapi|service_http|service_smb|service_smb_gssapi|service_ssl,ksf-v4-idsplit::
classical_ext,svc,8,linear__svc__d8,linear,id_test,fixed_c1,1.0,,0.006600618362426758,0.8755020080321285,0.8743866219008265,0.8749858288120496,0.8669527896995708,0.9378873966942148,0.9528184140462723,port_protocol_service_ablation,88,74,14,src_port|dst_port|proto_icmp|proto_tcp|proto_udp|service|service_dce_rpc|service_dns|service_ftp|service_gssapi|service_http|service_smb|service_smb_gssapi|service_ssl,ksf-v4-idsplit::
classical_ext,svc,8,linear__svc__d8,linear,ood_test,fixed_c1,1.0,,0.006600618362426758,0.582,0.5908071928391859,0.5412622531266599,0.4045584045584046,0.9283598341099423,0.9373892242196561,port_protocol_service_ablation,88,74,14,src_port|dst_port|proto_icmp|proto_tcp|proto_udp|service|service_dce_rpc|service_dns|service_ftp|service_gssapi|service_http|service_smb|service_smb_gssapi|service_ssl,ksf-v4-idsplit::
classical_ext,svc,8,linear__svc__d8,linear,id_val,train_cv,100.0,0.8958134436377355,0.008417606353759766,0.8685258964143426,0.8660884483415936,0.8668691836636289,0.852017937219731,0.8964290252891092,0.9221660913679676,port_protocol_service_ablation,88,74,14,src_port|dst_port|proto_icmp|proto_tcp|proto_udp|service|service_dce_rpc|service_dns|service_ftp|service_gssapi|service_http|service_smb|service_smb_gssapi|service_ssl,ksf-v4-idsplit::
classical_ext,svc,8,linear__svc__d8,linear,id_test,train_cv,100.0,0.8958134436377355,0.008417606353759766,0.9196787148594378,0.9173553719008265,0.918723070896984,0.9099099099099099,0.9349173553719008,0.9508930011894492,port_protocol_service_ablation,88,74,14,src_port|dst_port|proto_icmp|proto_tcp|proto_udp|service|service_dce_rpc|service_dns|service_ftp|service_gssapi|service_http|service_smb|service_smb_gssapi|service_ssl,ksf-v4-idsplit::
classical_ext,svc,8,linear__svc__d8,linear,ood_test,train_cv,100.0,0.8958134436377355,0.008417606353759766,0.626,0.6360746825511201,0.5764612088295381,0.4316109422492401,0.993883204432275,0.9938122653673529,port_protocol_service_ablation,88,74,14,src_port|dst_port|proto_icmp|proto_tcp|proto_udp|service|service_dce_rpc|service_dns|service_ftp|service_gssapi|service_http|service_smb|service_smb_gssapi|service_ssl,ksf-v4-idsplit::
classical_ext,svc,8,rbf_gscale__svc__d8,rbf_gscale,id_val,fixed_c1,1.0,,0.005998849868774414,0.896414342629482,0.8958889312492058,0.8962150127226463,0.8916666666666667,0.9635913076629813,0.920033401707741,port_protocol_service_ablation,88,74,14,src_port|dst_port|proto_icmp|proto_tcp|proto_udp|service|service_dce_rpc|service_dns|service_ftp|service_gssapi|service_http|service_smb|service_smb_gssapi|service_ssl,ksf-v4-idsplit::
classical_ext,svc,8,rbf_gscale__svc__d8,rbf_gscale,id_test,fixed_c1,1.0,,0.005998849868774414,0.9076305220883534,0.9067665289256198,0.9073375940457892,0.902127659574468,0.9903796487603305,0.989702025292827,port_protocol_service_ablation,88,74,14,src_port|dst_port|proto_icmp|proto_tcp|proto_udp|service|service_dce_rpc|service_dns|service_ftp|service_gssapi|service_http|service_smb|service_smb_gssapi|service_ssl,ksf-v4-idsplit::
classical_ext,svc,8,rbf_gscale__svc__d8,rbf_gscale,ood_test,fixed_c1,1.0,,0.005998849868774414,0.97,0.9691358024691358,0.9698987393592043,0.9716446124763705,0.9955485100318651,0.9819609184780681,port_protocol_service_ablation,88,74,14,src_port|dst_port|proto_icmp|proto_tcp|proto_udp|service|service_dce_rpc|service_dns|service_ftp|service_gssapi|service_http|service_smb|service_smb_gssapi|service_ssl,ksf-v4-idsplit::
classical_ext,svc,8,rbf_gscale__svc__d8,rbf_gscale,id_val,train_cv,100.0,0.9097284350787502,0.006147861480712891,0.9083665338645418,0.9079616215529291,0.9082208549943562,0.9045643153526971,0.9800482907612149,0.9745243874851505,port_protocol_service_ablation,88,74,14,src_port|dst_port|proto_icmp|proto_tcp|proto_udp|service|service_dce_rpc|service_dns|service_ftp|service_gssapi|service_http|service_smb|service_smb_gssapi|service_ssl,ksf-v4-idsplit::
classical_ext,svc,8,rbf_gscale__svc__d8,rbf_gscale,id_test,train_cv,100.0,0.9097284350787502,0.006147861480712891,0.9116465863453815,0.9108987603305785,0.9114050976840471,0.9067796610169492,0.9906379132231404,0.9899480888006973,port_protocol_service_ablation,88,74,14,src_port|dst_port|proto_icmp|proto_tcp|proto_udp|service|service_dce_rpc|service_dns|service_ftp|service_gssapi|service_http|service_smb|service_smb_gssapi|service_ssl,ksf-v4-idsplit::
classical_ext,svc,8,rbf_gscale__svc__d8,rbf_gscale,ood_test,train_cv,100.0,0.9097284350787502,0.006147861480712891,0.97,0.9691358024691358,0.9698987393592043,0.9716446124763705,0.9848681366191094,0.9857507853542664,port_protocol_service_ablation,88,74,14,src_port|dst_port|proto_icmp|proto_tcp|proto_udp|service|service_dce_rpc|service_dns|service_ftp|service_gssapi|service_http|service_smb|service_smb_gssapi|service_ssl,ksf-v4-idsplit::
classical_ext,svc,8,poly2__svc__d8,poly2,id_val,fixed_c1,1.0,,0.0056798458099365234,0.8685258964143426,0.8660884483415936,0.8668691836636289,0.852017937219731,0.9113610369805566,0.9267825714793576,port_protocol_service_ablation,88,74,14,src_port|dst_port|proto_icmp|proto_tcp|proto_udp|service|service_dce_rpc|service_dns|service_ftp|service_gssapi|service_http|service_smb|service_smb_gssapi|service_ssl,ksf-v4-idsplit::
classical_ext,svc,8,poly2__svc__d8,poly2,id_test,fixed_c1,1.0,,0.0056798458099365234,0.9196787148594378,0.9173553719008265,0.918723070896984,0.9099099099099099,0.9497675619834711,0.9602827858306391,port_protocol_service_ablation,88,74,14,src_port|dst_port|proto_icmp|proto_tcp|proto_udp|service|service_dce_rpc|service_dns|service_ftp|service_gssapi|service_http|service_smb|service_smb_gssapi|service_ssl,ksf-v4-idsplit::
classical_ext,svc,8,poly2__svc__d8,poly2,ood_test,fixed_c1,1.0,,0.0056798458099365234,0.62,0.6302381066756337,0.5676394021590723,0.4171779141104294,0.9968615394469263,0.996606468510874,port_protocol_service_ablation,88,74,14,src_port|dst_port|proto_icmp|proto_tcp|proto_udp|service|service_dce_rpc|service_dns|service_ftp|service_gssapi|service_http|service_smb|service_smb_gssapi|service_ssl,ksf-v4-idsplit::
classical_ext,svc,8,poly2__svc__d8,poly2,id_val,train_cv,100.0,0.9029923726225398,0.005997419357299805,0.896414342629482,0.8958889312492058,0.8962150127226463,0.8916666666666667,0.9627017410090227,0.929673681469225,port_protocol_service_ablation,88,74,14,src_port|dst_port|proto_icmp|proto_tcp|proto_udp|service|service_dce_rpc|service_dns|service_ftp|service_gssapi|service_http|service_smb|service_smb_gssapi|service_ssl,ksf-v4-idsplit::
classical_ext,svc,8,poly2__svc__d8,poly2,id_test,train_cv,100.0,0.9029923726225398,0.005997419357299805,0.9076305220883534,0.9067665289256198,0.9073375940457892,0.902127659574468,0.9919292355371901,0.9915064638641635,port_protocol_service_ablation,88,74,14,src_port|dst_port|proto_icmp|proto_tcp|proto_udp|service|service_dce_rpc|service_dns|service_ftp|service_gssapi|service_http|service_smb|service_smb_gssapi|service_ssl,ksf-v4-idsplit::
classical_ext,svc,8,poly2__svc__d8,poly2,ood_test,train_cv,100.0,0.9029923726225398,0.005997419357299805,0.97,0.9691358024691358,0.9698987393592043,0.9716446124763705,0.995916798770236,0.9854245394145003,port_protocol_service_ablation,88,74,14,src_port|dst_port|proto_icmp|proto_tcp|proto_udp|service|service_dce_rpc|service_dns|service_ftp|service_gssapi|service_http|service_smb|service_smb_gssapi|service_ssl,ksf-v4-idsplit::
classical_ext,svc,8,poly3__svc__d8,poly3,id_val,fixed_c1,1.0,,0.005613565444946289,0.8406374501992032,0.8373999237514297,0.8374773374773374,0.8148148148148148,0.9151099250222391,0.9326327685554252,port_protocol_service_ablation,88,74,14,src_port|dst_port|proto_icmp|proto_tcp|proto_udp|service|service_dce_rpc|service_dns|service_ftp|service_gssapi|service_http|service_smb|service_smb_gssapi|service_ssl,ksf-v4-idsplit::
classical_ext,svc,8,poly3__svc__d8,poly3,id_test,fixed_c1,1.0,,0.005613565444946289,0.9036144578313253,0.9008264462809917,0.9020969855832242,0.8899082568807339,0.9505423553719008,0.960935480886611,port_protocol_service_ablation,88,74,14,src_port|dst_port|proto_icmp|proto_tcp|proto_udp|service|service_dce_rpc|service_dns|service_ftp|service_gssapi|service_http|service_smb|service_smb_gssapi|service_ssl,ksf-v4-idsplit::
classical_ext,svc,8,poly3__svc__d8,poly3,ood_test,fixed_c1,1.0,,0.005613565444946289,0.612,0.6224560055083186,0.5556899173674856,0.39751552795031053,0.9964292004931866,0.9962987968934647,port_protocol_service_ablation,88,74,14,src_port|dst_port|proto_icmp|proto_tcp|proto_udp|service|service_dce_rpc|service_dns|service_ftp|service_gssapi|service_http|service_smb|service_smb_gssapi|service_ssl,ksf-v4-idsplit::
classical_ext,svc,8,poly3__svc__d8,poly3,id_val,train_cv,10.0,0.9066057368298134,0.004999637603759766,0.8924302788844621,0.8920129622569577,0.8922592645585921,0.8879668049792531,0.9701995170923878,0.9619692864560636,port_protocol_service_ablation,88,74,14,src_port|dst_port|proto_icmp|proto_tcp|proto_udp|service|service_dce_rpc|service_dns|service_ftp|service_gssapi|service_http|service_smb|service_smb_gssapi|service_ssl,ksf-v4-idsplit::
classical_ext,svc,8,poly3__svc__d8,poly3,id_test,train_cv,10.0,0.9066057368298134,0.004999637603759766,0.9156626506024096,0.9145790289256198,0.9153129808081626,0.9098712446351931,0.9919292355371901,0.9915060177459307,port_protocol_service_ablation,88,74,14,src_port|dst_port|proto_icmp|proto_tcp|proto_udp|service|service_dce_rpc|service_dns|service_ftp|service_gssapi|service_http|service_smb|service_smb_gssapi|service_ssl,ksf-v4-idsplit::
classical_ext,svc,8,poly3__svc__d8,poly3,ood_test,train_cv,10.0,0.9066057368298134,0.004999637603759766,0.984,0.9835390946502058,0.9839689639141378,0.9846743295019157,0.9968615394469265,0.9966064685108738,port_protocol_service_ablation,88,74,14,src_port|dst_port|proto_icmp|proto_tcp|proto_udp|service|service_dce_rpc|service_dns|service_ftp|service_gssapi|service_http|service_smb|service_smb_gssapi|service_ssl,ksf-v4-idsplit::
classical_ext,svc,8,laplacian_med__svc__d8,laplacian_med,id_val,fixed_c1,1.0,,0.0045163631439208984,0.900398406374502,0.8997649002414538,0.9001702276596083,0.895397489539749,0.9815097216927182,0.9731143934385712,port_protocol_service_ablation,88,74,14,src_port|dst_port|proto_icmp|proto_tcp|proto_udp|service|service_dce_rpc|service_dns|service_ftp|service_gssapi|service_http|service_smb|service_smb_gssapi|service_ssl,ksf-v4-idsplit::
classical_ext,svc,8,laplacian_med__svc__d8,laplacian_med,id_test,fixed_c1,1.0,,0.0045163631439208984,0.9076305220883534,0.9067665289256198,0.9073375940457892,0.902127659574468,0.9917355371900827,0.9912750650694634,port_protocol_service_ablation,88,74,14,src_port|dst_port|proto_icmp|proto_tcp|proto_udp|service|service_dce_rpc|service_dns|service_ftp|service_gssapi|service_http|service_smb|service_smb_gssapi|service_ssl,ksf-v4-idsplit::
classical_ext,svc,8,laplacian_med__svc__d8,laplacian_med,ood_test,fixed_c1,1.0,,0.0045163631439208984,0.972,0.9711934156378601,0.971911915767848,0.9734848484848485,0.9991193095386783,0.9991813373468099,port_protocol_service_ablation,88,74,14,src_port|dst_port|proto_icmp|proto_tcp|proto_udp|service|service_dce_rpc|service_dns|service_ftp|service_gssapi|service_http|service_smb|service_smb_gssapi|service_ssl,ksf-v4-idsplit::
classical_ext,svc,8,laplacian_med__svc__d8,laplacian_med,id_val,train_cv,100.0,0.9734132113132589,0.0038721561431884766,0.9800796812749004,0.9806201550387597,0.9800784164325285,0.9799196787148594,0.9986021095437794,0.9985543743274123,port_protocol_service_ablation,88,74,14,src_port|dst_port|proto_icmp|proto_tcp|proto_udp|service|service_dce_rpc|service_dns|service_ftp|service_gssapi|service_http|service_smb|service_smb_gssapi|service_ssl,ksf-v4-idsplit::
classical_ext,svc,8,laplacian_med__svc__d8,laplacian_med,id_test,train_cv,100.0,0.9734132113132589,0.0038721561431884766,0.9799196787148594,0.98046875,0.9799183831475717,0.979757085020243,0.9992252066115702,0.9992001785973605,port_protocol_service_ablation,88,74,14,src_port|dst_port|proto_icmp|proto_tcp|proto_udp|service|service_dce_rpc|service_dns|service_ftp|service_gssapi|service_http|service_smb|service_smb_gssapi|service_ssl,ksf-v4-idsplit::
classical_ext,svc,8,laplacian_med__svc__d8,laplacian_med,ood_test,train_cv,100.0,0.9734132113132589,0.0038721561431884766,0.984,0.9835390946502058,0.9839689639141378,0.9846743295019157,0.9958847736625515,0.982637166645599,port_protocol_service_ablation,88,74,14,src_port|dst_port|proto_icmp|proto_tcp|proto_udp|service|service_dce_rpc|service_dns|service_ftp|service_gssapi|service_http|service_smb|service_smb_gssapi|service_ssl,ksf-v4-idsplit::
classical_ext,svc,8,matern15_med__svc__d8,matern15_med,id_val,fixed_c1,1.0,,0.004513263702392578,0.896414342629482,0.8958889312492058,0.8962150127226463,0.8916666666666667,0.9625111195831745,0.9278771818409423,port_protocol_service_ablation,88,74,14,src_port|dst_port|proto_icmp|proto_tcp|proto_udp|service|service_dce_rpc|service_dns|service_ftp|service_gssapi|service_http|service_smb|service_smb_gssapi|service_ssl,ksf-v4-idsplit::
classical_ext,svc,8,matern15_med__svc__d8,matern15_med,id_test,fixed_c1,1.0,,0.004513263702392578,0.9076305220883534,0.9067665289256198,0.9073375940457892,0.902127659574468,0.9897339876033058,0.9891158750977224,port_protocol_service_ablation,88,74,14,src_port|dst_port|proto_icmp|proto_tcp|proto_udp|service|service_dce_rpc|service_dns|service_ftp|service_gssapi|service_http|service_smb|service_smb_gssapi|service_ssl,ksf-v4-idsplit::
classical_ext,svc,8,matern15_med__svc__d8,matern15_med,ood_test,fixed_c1,1.0,,0.004513263702392578,0.974,0.9732510288065843,0.973923962273991,0.9753320683111955,0.9955805351395495,0.985228563394229,port_protocol_service_ablation,88,74,14,src_port|dst_port|proto_icmp|proto_tcp|proto_udp|service|service_dce_rpc|service_dns|service_ftp|service_gssapi|service_http|service_smb|service_smb_gssapi|service_ssl,ksf-v4-idsplit::
classical_ext,svc,8,matern15_med__svc__d8,matern15_med,id_val,train_cv,100.0,0.9194091669682202,0.006467580795288086,0.9123505976095617,0.9120599822086669,0.9122377622377622,0.9090909090909091,0.9821451264455459,0.9754079963566663,port_protocol_service_ablation,88,74,14,src_port|dst_port|proto_icmp|proto_tcp|proto_udp|service|service_dce_rpc|service_dns|service_ftp|service_gssapi|service_http|service_smb|service_smb_gssapi|service_ssl,ksf-v4-idsplit::
classical_ext,svc,8,matern15_med__svc__d8,matern15_med,id_test,train_cv,100.0,0.9194091669682202,0.006467580795288086,0.9196787148594378,0.9187112603305785,0.9193861693861693,0.9145299145299145,0.9916709710743802,0.9911814167250687,port_protocol_service_ablation,88,74,14,src_port|dst_port|proto_icmp|proto_tcp|proto_udp|service|service_dce_rpc|service_dns|service_ftp|service_gssapi|service_http|service_smb|service_smb_gssapi|service_ssl,ksf-v4-idsplit::
classical_ext,svc,8,matern15_med__svc__d8,matern15_med,ood_test,train_cv,100.0,0.9194091669682202,0.006467580795288086,0.98,0.9794238683127572,0.9799538135865034,0.9809160305343512,0.9995836736001025,0.9996113369267215,port_protocol_service_ablation,88,74,14,src_port|dst_port|proto_icmp|proto_tcp|proto_udp|service|service_dce_rpc|service_dns|service_ftp|service_gssapi|service_http|service_smb|service_smb_gssapi|service_ssl,ksf-v4-idsplit::
classical_ext,svc,8,matern25_med__svc__d8,matern25_med,id_val,fixed_c1,1.0,,0.00500035285949707,0.8844621513944223,0.883371457618503,0.8839907562355567,0.8765957446808511,0.9645444147922226,0.9282814407114676,port_protocol_service_ablation,88,74,14,src_port|dst_port|proto_icmp|proto_tcp|proto_udp|service|service_dce_rpc|service_dns|service_ftp|service_gssapi|service_http|service_smb|service_smb_gssapi|service_ssl,ksf-v4-idsplit::
classical_ext,svc,8,matern25_med__svc__d8,matern25_med,id_test,fixed_c1,1.0,,0.00500035285949707,0.9036144578313253,0.901956353305785,0.9029239766081871,0.8947368421052632,0.989217458677686,0.9885490297653589,port_protocol_service_ablation,88,74,14,src_port|dst_port|proto_icmp|proto_tcp|proto_udp|service|service_dce_rpc|service_dns|service_ftp|service_gssapi|service_http|service_smb|service_smb_gssapi|service_ssl,ksf-v4-idsplit::
classical_ext,svc,8,matern25_med__svc__d8,matern25_med,ood_test,fixed_c1,1.0,,0.00500035285949707,0.974,0.9735872924372708,0.973954054952937,0.9750479846449136,0.9954524347088117,0.9819132323938098,port_protocol_service_ablation,88,74,14,src_port|dst_port|proto_icmp|proto_tcp|proto_udp|service|service_dce_rpc|service_dns|service_ftp|service_gssapi|service_http|service_smb|service_smb_gssapi|service_ssl,ksf-v4-idsplit::
classical_ext,svc,8,matern25_med__svc__d8,matern25_med,id_val,train_cv,10.0,0.906815813719527,0.005006551742553711,0.900398406374502,0.8997649002414538,0.9001702276596083,0.895397489539749,0.9639090100393951,0.9404157679805233,port_protocol_service_ablation,88,74,14,src_port|dst_port|proto_icmp|proto_tcp|proto_udp|service|service_dce_rpc|service_dns|service_ftp|service_gssapi|service_http|service_smb|service_smb_gssapi|service_ssl,ksf-v4-idsplit::
classical_ext,svc,8,matern25_med__svc__d8,matern25_med,id_test,train_cv,10.0,0.906815813719527,0.005006551742553711,0.9076305220883534,0.9067665289256198,0.9073375940457892,0.902127659574468,0.984245867768595,0.9803264306451662,port_protocol_service_ablation,88,74,14,src_port|dst_port|proto_icmp|proto_tcp|proto_udp|service|service_dce_rpc|service_dns|service_ftp|service_gssapi|service_http|service_smb|service_smb_gssapi|service_ssl,ksf-v4-idsplit::
classical_ext,svc,8,matern25_med__svc__d8,matern25_med,ood_test,train_cv,10.0,0.906815813719527,0.005006551742553711,0.972,0.9711934156378601,0.971911915767848,0.9734848484848485,0.9954684472626539,0.9954018852289159,port_protocol_service_ablation,88,74,14,src_port|dst_port|proto_icmp|proto_tcp|proto_udp|service|service_dce_rpc|service_dns|service_ftp|service_gssapi|service_http|service_smb|service_smb_gssapi|service_ssl,ksf-v4-idsplit::
classical_ext,svc,8,rbf_gscale_x0.1__svc__d8,rbf_gscale_x0.1,id_val,fixed_c1,1.0,,0.005462169647216797,0.8685258964143426,0.8660884483415936,0.8668691836636289,0.852017937219731,0.935633498538569,0.9369337296436354,port_protocol_service_ablation,88,74,14,src_port|dst_port|proto_icmp|proto_tcp|proto_udp|service|service_dce_rpc|service_dns|service_ftp|service_gssapi|service_http|service_smb|service_smb_gssapi|service_ssl,ksf-v4-idsplit::
classical_ext,svc,8,rbf_gscale_x0.1__svc__d8,rbf_gscale_x0.1,id_test,fixed_c1,1.0,,0.005462169647216797,0.9196787148594378,0.9173553719008265,0.918723070896984,0.9099099099099099,0.967135847107438,0.969572413928058,port_protocol_service_ablation,88,74,14,src_port|dst_port|proto_icmp|proto_tcp|proto_udp|service|service_dce_rpc|service_dns|service_ftp|service_gssapi|service_http|service_smb|service_smb_gssapi|service_ssl,ksf-v4-idsplit::
classical_ext,svc,8,rbf_gscale_x0.1__svc__d8,rbf_gscale_x0.1,ood_test,fixed_c1,1.0,,0.005462169647216797,0.626,0.6360746825511201,0.5764612088295381,0.4316109422492401,0.934316504139245,0.9421495794470207,port_protocol_service_ablation,88,74,14,src_port|dst_port|proto_icmp|proto_tcp|proto_udp|service|service_dce_rpc|service_dns|service_ftp|service_gssapi|service_http|service_smb|service_smb_gssapi|service_ssl,ksf-v4-idsplit::
classical_ext,svc,8,rbf_gscale_x0.1__svc__d8,rbf_gscale_x0.1,id_val,train_cv,100.0,0.9040233004575914,0.005959033966064453,0.896414342629482,0.8958889312492058,0.8962150127226463,0.8916666666666667,0.9740119456093532,0.968170865570525,port_protocol_service_ablation,88,74,14,src_port|dst_port|proto_icmp|proto_tcp|proto_udp|service|service_dce_rpc|service_dns|service_ftp|service_gssapi|service_http|service_smb|service_smb_gssapi|service_ssl,ksf-v4-idsplit::
classical_ext,svc,8,rbf_gscale_x0.1__svc__d8,rbf_gscale_x0.1,id_test,train_cv,100.0,0.9040233004575914,0.005959033966064453,0.9076305220883534,0.9067665289256198,0.9073375940457892,0.902127659574468,0.9919292355371901,0.9915060177459307,port_protocol_service_ablation,88,74,14,src_port|dst_port|proto_icmp|proto_tcp|proto_udp|service|service_dce_rpc|service_dns|service_ftp|service_gssapi|service_http|service_smb|service_smb_gssapi|service_ssl,ksf-v4-idsplit::
classical_ext,svc,8,rbf_gscale_x0.1__svc__d8,rbf_gscale_x0.1,ood_test,train_cv,100.0,0.9040233004575914,0.005959033966064453,0.97,0.9691358024691358,0.9698987393592043,0.9716446124763705,0.9968935645546108,0.9967290288839206,port_protocol_service_ablation,88,74,14,src_port|dst_port|proto_icmp|proto_tcp|proto_udp|service|service_dce_rpc|service_dns|service_ftp|service_gssapi|service_http|service_smb|service_smb_gssapi|service_ssl,ksf-v4-idsplit::
classical_ext,svc,8,rbf_gscale_x0.3__svc__d8,rbf_gscale_x0.3,id_val,fixed_c1,1.0,,0.004204511642456055,0.8565737051792829,0.854682933028339,0.855359200922013,0.8421052631578947,0.9405896556106239,0.9459869375563649,port_protocol_service_ablation,88,74,14,src_port|dst_port|proto_icmp|proto_tcp|proto_udp|service|service_dce_rpc|service_dns|service_ftp|service_gssapi|service_http|service_smb|service_smb_gssapi|service_ssl,ksf-v4-idsplit::
classical_ext,svc,8,rbf_gscale_x0.3__svc__d8,rbf_gscale_x0.3,id_test,fixed_c1,1.0,,0.004204511642456055,0.8875502008032129,0.8854274276859504,0.886405109489051,0.875,0.971978305785124,0.9743773015800636,port_protocol_service_ablation,88,74,14,src_port|dst_port|proto_icmp|proto_tcp|proto_udp|service|service_dce_rpc|service_dns|service_ftp|service_gssapi|service_http|service_smb|service_smb_gssapi|service_ssl,ksf-v4-idsplit::
classical_ext,svc,8,rbf_gscale_x0.3__svc__d8,rbf_gscale_x0.3,ood_test,fixed_c1,1.0,,0.004204511642456055,0.97,0.9699204176074042,0.9699729756781104,0.970873786407767,0.9952923091703896,0.9954038021531132,port_protocol_service_ablation,88,74,14,src_port|dst_port|proto_icmp|proto_tcp|proto_udp|service|service_dce_rpc|service_dns|service_ftp|service_gssapi|service_http|service_smb|service_smb_gssapi|service_ssl,ksf-v4-idsplit::
classical_ext,svc,8,rbf_gscale_x0.3__svc__d8,rbf_gscale_x0.3,id_val,train_cv,100.0,0.9047539580494239,0.0056798458099365234,0.900398406374502,0.8997649002414538,0.9001702276596083,0.895397489539749,0.9661329266742915,0.9498954323640567,port_protocol_service_ablation,88,74,14,src_port|dst_port|proto_icmp|proto_tcp|proto_udp|service|service_dce_rpc|service_dns|service_ftp|service_gssapi|service_http|service_smb|service_smb_gssapi|service_ssl,ksf-v4-idsplit::
classical_ext,svc,8,rbf_gscale_x0.3__svc__d8,rbf_gscale_x0.3,id_test,train_cv,100.0,0.9047539580494239,0.0056798458099365234,0.9076305220883534,0.9067665289256198,0.9073375940457892,0.902127659574468,0.9906379132231404,0.9899248554764298,port_protocol_service_ablation,88,74,14,src_port|dst_port|proto_icmp|proto_tcp|proto_udp|service|service_dce_rpc|service_dns|service_ftp|service_gssapi|service_http|service_smb|service_smb_gssapi|service_ssl,ksf-v4-idsplit::
classical_ext,svc,8,rbf_gscale_x0.3__svc__d8,rbf_gscale_x0.3,ood_test,train_cv,100.0,0.9047539580494239,0.0056798458099365234,0.972,0.9711934156378601,0.971911915767848,0.9734848484848485,0.9953083217242318,0.9849583117349563,port_protocol_service_ablation,88,74,14,src_port|dst_port|proto_icmp|proto_tcp|proto_udp|service|service_dce_rpc|service_dns|service_ftp|service_gssapi|service_http|service_smb|service_smb_gssapi|service_ssl,ksf-v4-idsplit::
classical_ext,svc,8,rbf_gscale_x3__svc__d8,rbf_gscale_x3,id_val,fixed_c1,1.0,,0.004734992980957031,0.900398406374502,0.8997649002414538,0.9001702276596083,0.895397489539749,0.9686745456856017,0.9421353153991027,port_protocol_service_ablation,88,74,14,src_port|dst_port|proto_icmp|proto_tcp|proto_udp|service|service_dce_rpc|service_dns|service_ftp|service_gssapi|service_http|service_smb|service_smb_gssapi|service_ssl,ksf-v4-idsplit::
classical_ext,svc,8,rbf_gscale_x3__svc__d8,rbf_gscale_x3,id_test,fixed_c1,1.0,,0.004734992980957031,0.9076305220883534,0.9067665289256198,0.9073375940457892,0.902127659574468,0.9915418388429752,0.9910432140938942,port_protocol_service_ablation,88,74,14,src_port|dst_port|proto_icmp|proto_tcp|proto_udp|service|service_dce_rpc|service_dns|service_ftp|service_gssapi|service_http|service_smb|service_smb_gssapi|service_ssl,ksf-v4-idsplit::
classical_ext,svc,8,rbf_gscale_x3__svc__d8,rbf_gscale_x3,ood_test,fixed_c1,1.0,,0.004734992980957031,0.97,0.9691358024691358,0.9698987393592043,0.9716446124763705,0.9992313974155739,0.9993049264544771,port_protocol_service_ablation,88,74,14,src_port|dst_port|proto_icmp|proto_tcp|proto_udp|service|service_dce_rpc|service_dns|service_ftp|service_gssapi|service_http|service_smb|service_smb_gssapi|service_ssl,ksf-v4-idsplit::
classical_ext,svc,8,rbf_gscale_x3__svc__d8,rbf_gscale_x3,id_val,train_cv,100.0,0.92814703104589,0.011312246322631836,0.9123505976095617,0.9120599822086669,0.9122377622377622,0.9090909090909091,0.9752192146397255,0.9635511781885064,port_protocol_service_ablation,88,74,14,src_port|dst_port|proto_icmp|proto_tcp|proto_udp|service|service_dce_rpc|service_dns|service_ftp|service_gssapi|service_http|service_smb|service_smb_gssapi|service_ssl,ksf-v4-idsplit::
classical_ext,svc,8,rbf_gscale_x3__svc__d8,rbf_gscale_x3,id_test,train_cv,100.0,0.92814703104589,0.011312246322631836,0.9116465863453815,0.9108987603305785,0.9114050976840471,0.9067796610169492,0.9789514462809917,0.9673204920683388,port_protocol_service_ablation,88,74,14,src_port|dst_port|proto_icmp|proto_tcp|proto_udp|service|service_dce_rpc|service_dns|service_ftp|service_gssapi|service_http|service_smb|service_smb_gssapi|service_ssl,ksf-v4-idsplit::
classical_ext,svc,8,rbf_gscale_x3__svc__d8,rbf_gscale_x3,ood_test,train_cv,100.0,0.92814703104589,0.011312246322631836,0.97,0.9691358024691358,0.9698987393592043,0.9716446124763705,0.9857808521881155,0.9716599972679254,port_protocol_service_ablation,88,74,14,src_port|dst_port|proto_icmp|proto_tcp|proto_udp|service|service_dce_rpc|service_dns|service_ftp|service_gssapi|service_http|service_smb|service_smb_gssapi|service_ssl,ksf-v4-idsplit::
classical_ext,svc,8,rbf_gscale_x10__svc__d8,rbf_gscale_x10,id_val,fixed_c1,1.0,,0.003999948501586914,0.900398406374502,0.8997649002414538,0.9001702276596083,0.895397489539749,0.9650527385944847,0.9340729242295368,port_protocol_service_ablation,88,74,14,src_port|dst_port|proto_icmp|proto_tcp|proto_udp|service|service_dce_rpc|service_dns|service_ftp|service_gssapi|service_http|service_smb|service_smb_gssapi|service_ssl,ksf-v4-idsplit::
classical_ext,svc,8,rbf_gscale_x10__svc__d8,rbf_gscale_x10,id_test,fixed_c1,1.0,,0.003999948501586914,0.9076305220883534,0.9067665289256198,0.9073375940457892,0.902127659574468,0.9897985537190083,0.9889223986455443,port_protocol_service_ablation,88,74,14,src_port|dst_port|proto_icmp|proto_tcp|proto_udp|service|service_dce_rpc|service_dns|service_ftp|service_gssapi|service_http|service_smb|service_smb_gssapi|service_ssl,ksf-v4-idsplit::
classical_ext,svc,8,rbf_gscale_x10__svc__d8,rbf_gscale_x10,ood_test,fixed_c1,1.0,,0.003999948501586914,0.972,0.9711934156378601,0.971911915767848,0.9734848484848485,0.9991993723078894,0.99927590922464,port_protocol_service_ablation,88,74,14,src_port|dst_port|proto_icmp|proto_tcp|proto_udp|service|service_dce_rpc|service_dns|service_ftp|service_gssapi|service_http|service_smb|service_smb_gssapi|service_ssl,ksf-v4-idsplit::
classical_ext,svc,8,rbf_gscale_x10__svc__d8,rbf_gscale_x10,id_val,train_cv,100.0,0.9409806004891582,0.008992195129394531,0.9362549800796812,0.9366501461430932,0.936245872491745,0.9354838709677419,0.9903418477570212,0.9901032178537126,port_protocol_service_ablation,88,74,14,src_port|dst_port|proto_icmp|proto_tcp|proto_udp|service|service_dce_rpc|service_dns|service_ftp|service_gssapi|service_http|service_smb|service_smb_gssapi|service_ssl,ksf-v4-idsplit::
classical_ext,svc,8,rbf_gscale_x10__svc__d8,rbf_gscale_x10,id_test,train_cv,100.0,0.9409806004891582,0.008992195129394531,0.9477911646586346,0.9476368801652892,0.9477372168493792,0.946058091286307,0.9943181818181819,0.993948615267904,port_protocol_service_ablation,88,74,14,src_port|dst_port|proto_icmp|proto_tcp|proto_udp|service|service_dce_rpc|service_dns|service_ftp|service_gssapi|service_http|service_smb|service_smb_gssapi|service_ssl,ksf-v4-idsplit::
classical_ext,svc,8,rbf_gscale_x10__svc__d8,rbf_gscale_x10,ood_test,train_cv,100.0,0.9409806004891582,0.008992195129394531,0.982,0.9814814814814814,0.981961831234893,0.982791586998088,0.9957886983394981,0.9883712719146164,port_protocol_service_ablation,88,74,14,src_port|dst_port|proto_icmp|proto_tcp|proto_udp|service|service_dce_rpc|service_dns|service_ftp|service_gssapi|service_http|service_smb|service_smb_gssapi|service_ssl,ksf-v4-idsplit::
classical_ext,svc,8,laplacian_med_x0.1__svc__d8,laplacian_med_x0.1,id_val,fixed_c1,1.0,,0.006999492645263672,0.9561752988047809,0.9571419494217817,0.9561725161515628,0.9565217391304348,0.9949167619773797,0.9948083578034392,port_protocol_service_ablation,88,74,14,src_port|dst_port|proto_icmp|proto_tcp|proto_udp|service|service_dce_rpc|service_dns|service_ftp|service_gssapi|service_http|service_smb|service_smb_gssapi|service_ssl,ksf-v4-idsplit::
classical_ext,svc,8,laplacian_med_x0.1__svc__d8,laplacian_med_x0.1,id_test,fixed_c1,1.0,,0.006999492645263672,0.9678714859437751,0.9682980371900827,0.9678668215253581,0.967479674796748,0.9948992768595042,0.9944911213029825,port_protocol_service_ablation,88,74,14,src_port|dst_port|proto_icmp|proto_tcp|proto_udp|service|service_dce_rpc|service_dns|service_ftp|service_gssapi|service_http|service_smb|service_smb_gssapi|service_ssl,ksf-v4-idsplit::
classical_ext,svc,8,laplacian_med_x0.1__svc__d8,laplacian_med_x0.1,ood_test,fixed_c1,1.0,,0.006999492645263672,0.982,0.9814814814814814,0.981961831234893,0.982791586998088,0.9991032969848361,0.9991647861779557,port_protocol_service_ablation,88,74,14,src_port|dst_port|proto_icmp|proto_tcp|proto_udp|service|service_dce_rpc|service_dns|service_ftp|service_gssapi|service_http|service_smb|service_smb_gssapi|service_ssl,ksf-v4-idsplit::
classical_ext,svc,8,laplacian_med_x0.1__svc__d8,laplacian_med_x0.1,id_val,train_cv,10.0,0.9734826006867721,0.0046079158782958984,0.9800796812749004,0.9806201550387597,0.9800784164325285,0.9799196787148594,0.9987291904943448,0.9986936459092799,port_protocol_service_ablation,88,74,14,src_port|dst_port|proto_icmp|proto_tcp|proto_udp|service|service_dce_rpc|service_dns|service_ftp|service_gssapi|service_http|service_smb|service_smb_gssapi|service_ssl,ksf-v4-idsplit::
classical_ext,svc,8,laplacian_med_x0.1__svc__d8,laplacian_med_x0.1,id_test,train_cv,10.0,0.9734826006867721,0.0046079158782958984,0.9799196787148594,0.98046875,0.9799183831475717,0.979757085020243,0.9989023760330579,0.9988657205401008,port_protocol_service_ablation,88,74,14,src_port|dst_port|proto_icmp|proto_tcp|proto_udp|service|service_dce_rpc|service_dns|service_ftp|service_gssapi|service_http|service_smb|service_smb_gssapi|service_ssl,ksf-v4-idsplit::
classical_ext,svc,8,laplacian_med_x0.1__svc__d8,laplacian_med_x0.1,ood_test,train_cv,10.0,0.9734826006867721,0.0046079158782958984,0.984,0.9835390946502058,0.9839689639141378,0.9846743295019157,0.995772685785656,0.9826953600724792,port_protocol_service_ablation,88,74,14,src_port|dst_port|proto_icmp|proto_tcp|proto_udp|service|service_dce_rpc|service_dns|service_ftp|service_gssapi|service_http|service_smb|service_smb_gssapi|service_ssl,ksf-v4-idsplit::
classical_ext,svc,8,laplacian_med_x0.3__svc__d8,laplacian_med_x0.3,id_val,fixed_c1,1.0,,0.005371809005737305,0.9362549800796812,0.9366501461430932,0.936245872491745,0.9354838709677419,0.9900876858558901,0.9897838075975228,port_protocol_service_ablation,88,74,14,src_port|dst_port|proto_icmp|proto_tcp|proto_udp|service|service_dce_rpc|service_dns|service_ftp|service_gssapi|service_http|service_smb|service_smb_gssapi|service_ssl,ksf-v4-idsplit::
classical_ext,svc,8,laplacian_med_x0.3__svc__d8,laplacian_med_x0.3,id_test,fixed_c1,1.0,,0.005371809005737305,0.9477911646586346,0.9476368801652892,0.9477372168493792,0.946058091286307,0.9929622933884298,0.992400588031884,port_protocol_service_ablation,88,74,14,src_port|dst_port|proto_icmp|proto_tcp|proto_udp|service|service_dce_rpc|service_dns|service_ftp|service_gssapi|service_http|service_smb|service_smb_gssapi|service_ssl,ksf-v4-idsplit::
classical_ext,svc,8,laplacian_med_x0.3__svc__d8,laplacian_med_x0.3,ood_test,fixed_c1,1.0,,0.005371809005737305,0.98,0.9794238683127572,0.9799538135865034,0.9809160305343512,0.9991193095386783,0.9991792392043113,port_protocol_service_ablation,88,74,14,src_port|dst_port|proto_icmp|proto_tcp|proto_udp|service|service_dce_rpc|service_dns|service_ftp|service_gssapi|service_http|service_smb|service_smb_gssapi|service_ssl,ksf-v4-idsplit::
classical_ext,svc,8,laplacian_med_x0.3__svc__d8,laplacian_med_x0.3,id_val,train_cv,100.0,0.9695897702162716,0.0030052661895751953,0.9760956175298805,0.976521794383022,0.9760922021844044,0.9758064516129032,0.9993010547718897,0.9992857421081155,port_protocol_service_ablation,88,74,14,src_port|dst_port|proto_icmp|proto_tcp|proto_udp|service|service_dce_rpc|service_dns|service_ftp|service_gssapi|service_http|service_smb|service_smb_gssapi|service_ssl,ksf-v4-idsplit::
classical_ext,svc,8,laplacian_med_x0.3__svc__d8,laplacian_med_x0.3,id_test,train_cv,100.0,0.9695897702162716,0.0030052661895751953,0.9839357429718876,0.984375,0.983933410762679,0.983739837398374,0.9996771694214875,0.9996672358445461,port_protocol_service_ablation,88,74,14,src_port|dst_port|proto_icmp|proto_tcp|proto_udp|service|service_dce_rpc|service_dns|service_ftp|service_gssapi|service_http|service_smb|service_smb_gssapi|service_ssl,ksf-v4-idsplit::
classical_ext,svc,8,laplacian_med_x0.3__svc__d8,laplacian_med_x0.3,ood_test,train_cv,100.0,0.9695897702162716,0.0030052661895751953,0.984,0.9835390946502058,0.9839689639141378,0.9846743295019157,0.9959007862163937,0.9848808802213669,port_protocol_service_ablation,88,74,14,src_port|dst_port|proto_icmp|proto_tcp|proto_udp|service|service_dce_rpc|service_dns|service_ftp|service_gssapi|service_http|service_smb|service_smb_gssapi|service_ssl,ksf-v4-idsplit::
classical_ext,svc,8,laplacian_med_x3__svc__d8,laplacian_med_x3,id_val,fixed_c1,1.0,,0.00451970100402832,0.896414342629482,0.8958889312492058,0.8962150127226463,0.8916666666666667,0.9707713813699327,0.9560596200632989,port_protocol_service_ablation,88,74,14,src_port|dst_port|proto_icmp|proto_tcp|proto_udp|service|service_dce_rpc|service_dns|service_ftp|service_gssapi|service_http|service_smb|service_smb_gssapi|service_ssl,ksf-v4-idsplit::
classical_ext,svc,8,laplacian_med_x3__svc__d8,laplacian_med_x3,id_test,fixed_c1,1.0,,0.00451970100402832,0.9076305220883534,0.9067665289256198,0.9073375940457892,0.902127659574468,0.9909607438016529,0.9905657570349138,port_protocol_service_ablation,88,74,14,src_port|dst_port|proto_icmp|proto_tcp|proto_udp|service|service_dce_rpc|service_dns|service_ftp|service_gssapi|service_http|service_smb|service_smb_gssapi|service_ssl,ksf-v4-idsplit::
classical_ext,svc,8,laplacian_med_x3__svc__d8,laplacian_med_x3,ood_test,fixed_c1,1.0,,0.00451970100402832,0.974,0.9732510288065843,0.973923962273991,0.9753320683111955,0.9956445853549182,0.9821604001117092,port_protocol_service_ablation,88,74,14,src_port|dst_port|proto_icmp|proto_tcp|proto_udp|service|service_dce_rpc|service_dns|service_ftp|service_gssapi|service_http|service_smb|service_smb_gssapi|service_ssl,ksf-v4-idsplit::
classical_ext,svc,8,laplacian_med_x3__svc__d8,laplacian_med_x3,id_val,train_cv,100.0,0.9652244391747444,0.004024505615234375,0.9721115537848606,0.9726458253907739,0.97210978300554,0.9718875502008032,0.9975854619392552,0.9974928326679929,port_protocol_service_ablation,88,74,14,src_port|dst_port|proto_icmp|proto_tcp|proto_udp|service|service_dce_rpc|service_dns|service_ftp|service_gssapi|service_http|service_smb|service_smb_gssapi|service_ssl,ksf-v4-idsplit::
classical_ext,svc,8,laplacian_med_x3__svc__d8,laplacian_med_x3,id_test,train_cv,100.0,0.9652244391747444,0.004024505615234375,0.9718875502008032,0.9722042871900827,0.9718802936194241,0.9714285714285714,0.9983212809917354,0.9982552531019666,port_protocol_service_ablation,88,74,14,src_port|dst_port|proto_icmp|proto_tcp|proto_udp|service|service_dce_rpc|service_dns|service_ftp|service_gssapi|service_http|service_smb|service_smb_gssapi|service_ssl,ksf-v4-idsplit::
classical_ext,svc,8,laplacian_med_x3__svc__d8,laplacian_med_x3,ood_test,train_cv,100.0,0.9652244391747444,0.004024505615234375,0.982,0.9814814814814814,0.981961831234893,0.982791586998088,0.9958847736625513,0.9826370986005469,port_protocol_service_ablation,88,74,14,src_port|dst_port|proto_icmp|proto_tcp|proto_udp|service|service_dce_rpc|service_dns|service_ftp|service_gssapi|service_http|service_smb|service_smb_gssapi|service_ssl,ksf-v4-idsplit::
classical_ext,svc,8,laplacian_med_x10__svc__d8,laplacian_med_x10,id_val,fixed_c1,1.0,,0.005232095718383789,0.8844621513944223,0.883371457618503,0.8839907562355567,0.8765957446808511,0.9690557885372982,0.946603465604411,port_protocol_service_ablation,88,74,14,src_port|dst_port|proto_icmp|proto_tcp|proto_udp|service|service_dce_rpc|service_dns|service_ftp|service_gssapi|service_http|service_smb|service_smb_gssapi|service_ssl,ksf-v4-idsplit::
classical_ext,svc,8,laplacian_med_x10__svc__d8,laplacian_med_x10,id_test,fixed_c1,1.0,,0.005232095718383789,0.9036144578313253,0.901956353305785,0.9029239766081871,0.8947368421052632,0.988959194214876,0.9882751508672636,port_protocol_service_ablation,88,74,14,src_port|dst_port|proto_icmp|proto_tcp|proto_udp|service|service_dce_rpc|service_dns|service_ftp|service_gssapi|service_http|service_smb|service_smb_gssapi|service_ssl,ksf-v4-idsplit::
classical_ext,svc,8,laplacian_med_x10__svc__d8,laplacian_med_x10,ood_test,fixed_c1,1.0,,0.005232095718383789,0.978,0.9777025187747195,0.9779681860606717,0.9788053949903661,0.9952602840627051,0.9818222423392212,port_protocol_service_ablation,88,74,14,src_port|dst_port|proto_icmp|proto_tcp|proto_udp|service|service_dce_rpc|service_dns|service_ftp|service_gssapi|service_http|service_smb|service_smb_gssapi|service_ssl,ksf-v4-idsplit::
classical_ext,svc,8,laplacian_med_x10__svc__d8,laplacian_med_x10,id_val,train_cv,100.0,0.9652244391747444,0.003001689910888672,0.9561752988047809,0.9571419494217817,0.9561725161515628,0.9565217391304348,0.9948532215020968,0.994702107520137,port_protocol_service_ablation,88,74,14,src_port|dst_port|proto_icmp|proto_tcp|proto_udp|service|service_dce_rpc|service_dns|service_ftp|service_gssapi|service_http|service_smb|service_smb_gssapi|service_ssl,ksf-v4-idsplit::
classical_ext,svc,8,laplacian_med_x10__svc__d8,laplacian_med_x10,id_test,train_cv,100.0,0.9652244391747444,0.003001689910888672,0.9678714859437751,0.9682980371900827,0.9678668215253581,0.967479674796748,0.9955449380165289,0.9952281102709027,port_protocol_service_ablation,88,74,14,src_port|dst_port|proto_icmp|proto_tcp|proto_udp|service|service_dce_rpc|service_dns|service_ftp|service_gssapi|service_http|service_smb|service_smb_gssapi|service_ssl,ksf-v4-idsplit::
classical_ext,svc,8,laplacian_med_x10__svc__d8,laplacian_med_x10,ood_test,train_cv,100.0,0.9652244391747444,0.003001689910888672,0.98,0.9794238683127572,0.9799538135865034,0.9809160305343512,0.9996797489231557,0.9997012574080775,port_protocol_service_ablation,88,74,14,src_port|dst_port|proto_icmp|proto_tcp|proto_udp|service|service_dce_rpc|service_dns|service_ftp|service_gssapi|service_http|service_smb|service_smb_gssapi|service_ssl,ksf-v4-idsplit::
classical_ext,svc,8,matern15_med_x0.1__svc__d8,matern15_med_x0.1,id_val,fixed_c1,1.0,,0.00400233268737793,0.9123505976095617,0.9120599822086669,0.9122377622377622,0.9090909090909091,0.9802389121870632,0.9712224624433831,port_protocol_service_ablation,88,74,14,src_port|dst_port|proto_icmp|proto_tcp|proto_udp|service|service_dce_rpc|service_dns|service_ftp|service_gssapi|service_http|service_smb|service_smb_gssapi|service_ssl,ksf-v4-idsplit::
classical_ext,svc,8,matern15_med_x0.1__svc__d8,matern15_med_x0.1,id_test,fixed_c1,1.0,,0.00400233268737793,0.9196787148594378,0.9187112603305785,0.9193861693861693,0.9145299145299145,0.9925748966942148,0.9919533835628145,port_protocol_service_ablation,88,74,14,src_port|dst_port|proto_icmp|proto_tcp|proto_udp|service|service_dce_rpc|service_dns|service_ftp|service_gssapi|service_http|service_smb|service_smb_gssapi|service_ssl,ksf-v4-idsplit::
classical_ext,svc,8,matern15_med_x0.1__svc__d8,matern15_med_x0.1,ood_test,fixed_c1,1.0,,0.00400233268737793,0.982,0.9814814814814814,0.981961831234893,0.982791586998088,0.9991993723078894,0.999253069748667,port_protocol_service_ablation,88,74,14,src_port|dst_port|proto_icmp|proto_tcp|proto_udp|service|service_dce_rpc|service_dns|service_ftp|service_gssapi|service_http|service_smb|service_smb_gssapi|service_ssl,ksf-v4-idsplit::
classical_ext,svc,8,matern15_med_x0.1__svc__d8,matern15_med_x0.1,id_val,train_cv,100.0,0.9704699453867456,0.003279447555541992,0.9760956175298805,0.976521794383022,0.9760922021844044,0.9758064516129032,0.9873554454187318,0.9757711434193173,port_protocol_service_ablation,88,74,14,src_port|dst_port|proto_icmp|proto_tcp|proto_udp|service|service_dce_rpc|service_dns|service_ftp|service_gssapi|service_http|service_smb|service_smb_gssapi|service_ssl,ksf-v4-idsplit::
classical_ext,svc,8,matern15_med_x0.1__svc__d8,matern15_med_x0.1,id_test,train_cv,100.0,0.9704699453867456,0.003279447555541992,0.9718875502008032,0.9722042871900827,0.9718802936194241,0.9714285714285714,0.995157541322314,0.9946972491730555,port_protocol_service_ablation,88,74,14,src_port|dst_port|proto_icmp|proto_tcp|proto_udp|service|service_dce_rpc|service_dns|service_ftp|service_gssapi|service_http|service_smb|service_smb_gssapi|service_ssl,ksf-v4-idsplit::
classical_ext,svc,8,matern15_med_x0.1__svc__d8,matern15_med_x0.1,ood_test,train_cv,100.0,0.9704699453867456,0.003279447555541992,0.984,0.9835390946502058,0.9839689639141378,0.9846743295019157,0.9955645225857073,0.9846680690073916,port_protocol_service_ablation,88,74,14,src_port|dst_port|proto_icmp|proto_tcp|proto_udp|service|service_dce_rpc|service_dns|service_ftp|service_gssapi|service_http|service_smb|service_smb_gssapi|service_ssl,ksf-v4-idsplit::
classical_ext,svc,8,matern15_med_x0.3__svc__d8,matern15_med_x0.3,id_val,fixed_c1,1.0,,0.003999233245849609,0.900398406374502,0.8997649002414538,0.9001702276596083,0.895397489539749,0.9693099504384292,0.9506814420802826,port_protocol_service_ablation,88,74,14,src_port|dst_port|proto_icmp|proto_tcp|proto_udp|service|service_dce_rpc|service_dns|service_ftp|service_gssapi|service_http|service_smb|service_smb_gssapi|service_ssl,ksf-v4-idsplit::
classical_ext,svc,8,matern15_med_x0.3__svc__d8,matern15_med_x0.3,id_test,fixed_c1,1.0,,0.003999233245849609,0.9076305220883534,0.9067665289256198,0.9073375940457892,0.902127659574468,0.9909607438016529,0.990336893241857,port_protocol_service_ablation,88,74,14,src_port|dst_port|proto_icmp|proto_tcp|proto_udp|service|service_dce_rpc|service_dns|service_ftp|service_gssapi|service_http|service_smb|service_smb_gssapi|service_ssl,ksf-v4-idsplit::
classical_ext,svc,8,matern15_med_x0.3__svc__d8,matern15_med_x0.3,ood_test,fixed_c1,1.0,,0.003999233245849609,0.972,0.9711934156378601,0.971911915767848,0.9734848484848485,0.999471585723207,0.999513756098113,port_protocol_service_ablation,88,74,14,src_port|dst_port|proto_icmp|proto_tcp|proto_udp|service|service_dce_rpc|service_dns|service_ftp|service_gssapi|service_http|service_smb|service_smb_gssapi|service_ssl,ksf-v4-idsplit::
classical_ext,svc,8,matern15_med_x0.3__svc__d8,matern15_med_x0.3,id_val,train_cv,100.0,0.9506292843045921,0.004965066909790039,0.9482071713147411,0.9489452281103062,0.9482071713147411,0.9482071713147411,0.9857033930613801,0.9791917123849738,port_protocol_service_ablation,88,74,14,src_port|dst_port|proto_icmp|proto_tcp|proto_udp|service|service_dce_rpc|service_dns|service_ftp|service_gssapi|service_http|service_smb|service_smb_gssapi|service_ssl,ksf-v4-idsplit::
classical_ext,svc,8,matern15_med_x0.3__svc__d8,matern15_med_x0.3,id_test,train_cv,100.0,0.9506292843045921,0.004965066909790039,0.9558232931726908,0.9559013429752066,0.9557976276930525,0.9547325102880658,0.9937370867768596,0.9931955109733067,port_protocol_service_ablation,88,74,14,src_port|dst_port|proto_icmp|proto_tcp|proto_udp|service|service_dce_rpc|service_dns|service_ftp|service_gssapi|service_http|service_smb|service_smb_gssapi|service_ssl,ksf-v4-idsplit::
classical_ext,svc,8,matern15_med_x0.3__svc__d8,matern15_med_x0.3,ood_test,train_cv,100.0,0.9506292843045921,0.004965066909790039,0.982,0.9814814814814814,0.981961831234893,0.982791586998088,0.9956445853549182,0.9874942749562459,port_protocol_service_ablation,88,74,14,src_port|dst_port|proto_icmp|proto_tcp|proto_udp|service|service_dce_rpc|service_dns|service_ftp|service_gssapi|service_http|service_smb|service_smb_gssapi|service_ssl,ksf-v4-idsplit::
classical_ext,svc,8,matern15_med_x3__svc__d8,matern15_med_x3,id_val,fixed_c1,1.0,,0.009005308151245117,0.8685258964143426,0.8660884483415936,0.8668691836636289,0.852017937219731,0.9414792222645825,0.9343653621263533,port_protocol_service_ablation,88,74,14,src_port|dst_port|proto_icmp|proto_tcp|proto_udp|service|service_dce_rpc|service_dns|service_ftp|service_gssapi|service_http|service_smb|service_smb_gssapi|service_ssl,ksf-v4-idsplit::
classical_ext,svc,8,matern15_med_x3__svc__d8,matern15_med_x3,id_test,fixed_c1,1.0,,0.009005308151245117,0.9196787148594378,0.9173553719008265,0.918723070896984,0.9099099099099099,0.96849173553719,0.9708604519014603,port_protocol_service_ablation,88,74,14,src_port|dst_port|proto_icmp|proto_tcp|proto_udp|service|service_dce_rpc|service_dns|service_ftp|service_gssapi|service_http|service_smb|service_smb_gssapi|service_ssl,ksf-v4-idsplit::
classical_ext,svc,8,matern15_med_x3__svc__d8,matern15_med_x3,ood_test,fixed_c1,1.0,,0.009005308151245117,0.62,0.6302381066756337,0.5676394021590723,0.4171779141104294,0.995548510031865,0.9820066224390143,port_protocol_service_ablation,88,74,14,src_port|dst_port|proto_icmp|proto_tcp|proto_udp|service|service_dce_rpc|service_dns|service_ftp|service_gssapi|service_http|service_smb|service_smb_gssapi|service_ssl,ksf-v4-idsplit::
classical_ext,svc,8,matern15_med_x3__svc__d8,matern15_med_x3,id_val,train_cv,100.0,0.906815813719527,0.004166603088378906,0.900398406374502,0.8997649002414538,0.9001702276596083,0.895397489539749,0.96886516711145,0.9477283066445318,port_protocol_service_ablation,88,74,14,src_port|dst_port|proto_icmp|proto_tcp|proto_udp|service|service_dce_rpc|service_dns|service_ftp|service_gssapi|service_http|service_smb|service_smb_gssapi|service_ssl,ksf-v4-idsplit::
classical_ext,svc,8,matern15_med_x3__svc__d8,matern15_med_x3,id_test,train_cv,100.0,0.906815813719527,0.004166603088378906,0.9076305220883534,0.9067665289256198,0.9073375940457892,0.902127659574468,0.9908316115702479,0.9901679279120155,port_protocol_service_ablation,88,74,14,src_port|dst_port|proto_icmp|proto_tcp|proto_udp|service|service_dce_rpc|service_dns|service_ftp|service_gssapi|service_http|service_smb|service_smb_gssapi|service_ssl,ksf-v4-idsplit::
classical_ext,svc,8,matern15_med_x3__svc__d8,matern15_med_x3,ood_test,train_cv,100.0,0.906815813719527,0.004166603088378906,0.972,0.9711934156378601,0.971911915767848,0.9734848484848485,0.9992313974155738,0.9993049264544771,port_protocol_service_ablation,88,74,14,src_port|dst_port|proto_icmp|proto_tcp|proto_udp|service|service_dce_rpc|service_dns|service_ftp|service_gssapi|service_http|service_smb|service_smb_gssapi|service_ssl,ksf-v4-idsplit::
classical_ext,svc,8,matern15_med_x10__svc__d8,matern15_med_x10,id_val,fixed_c1,1.0,,0.0068819522857666016,0.7569721115537849,0.7617867581649511,0.7512711795571584,0.7889273356401384,0.9139661964671496,0.8963069232283973,port_protocol_service_ablation,88,74,14,src_port|dst_port|proto_icmp|proto_tcp|proto_udp|service|service_dce_rpc|service_dns|service_ftp|service_gssapi|service_http|service_smb|service_smb_gssapi|service_ssl,ksf-v4-idsplit::
classical_ext,svc,8,matern15_med_x10__svc__d8,matern15_med_x10,id_test,fixed_c1,1.0,,0.0068819522857666016,0.8674698795180723,0.8708677685950413,0.8662271062271063,0.8791208791208791,0.9772727272727273,0.9778845836578377,port_protocol_service_ablation,88,74,14,src_port|dst_port|proto_icmp|proto_tcp|proto_udp|service|service_dce_rpc|service_dns|service_ftp|service_gssapi|service_http|service_smb|service_smb_gssapi|service_ssl,ksf-v4-idsplit::
classical_ext,svc,8,matern15_med_x10__svc__d8,matern15_med_x10,ood_test,fixed_c1,1.0,,0.0068819522857666016,0.464,0.4694080158844534,0.4460520876395204,0.3463414634146341,0.7389953723719397,0.7949001333166645,port_protocol_service_ablation,88,74,14,src_port|dst_port|proto_icmp|proto_tcp|proto_udp|service|service_dce_rpc|service_dns|service_ftp|service_gssapi|service_http|service_smb|service_smb_gssapi|service_ssl,ksf-v4-idsplit::
classical_ext,svc,8,matern15_med_x10__svc__d8,matern15_med_x10,id_val,train_cv,100.0,0.8947131264291709,0.004216670989990234,0.8685258964143426,0.8660884483415936,0.8668691836636289,0.852017937219731,0.9129495488626255,0.9291558526662435,port_protocol_service_ablation,88,74,14,src_port|dst_port|proto_icmp|proto_tcp|proto_udp|service|service_dce_rpc|service_dns|service_ftp|service_gssapi|service_http|service_smb|service_smb_gssapi|service_ssl,ksf-v4-idsplit::
classical_ext,svc,8,matern15_med_x10__svc__d8,matern15_med_x10,id_test,train_cv,100.0,0.8947131264291709,0.004216670989990234,0.9196787148594378,0.9173553719008265,0.918723070896984,0.9099099099099099,0.9437629132231404,0.9566719083165194,port_protocol_service_ablation,88,74,14,src_port|dst_port|proto_icmp|proto_tcp|proto_udp|service|service_dce_rpc|service_dns|service_ftp|service_gssapi|service_http|service_smb|service_smb_gssapi|service_ssl,ksf-v4-idsplit::
classical_ext,svc,8,matern15_med_x10__svc__d8,matern15_med_x10,ood_test,train_cv,100.0,0.8947131264291709,0.004216670989990234,0.626,0.6360746825511201,0.5764612088295381,0.4316109422492401,0.993883204432275,0.9938122653673529,port_protocol_service_ablation,88,74,14,src_port|dst_port|proto_icmp|proto_tcp|proto_udp|service|service_dce_rpc|service_dns|service_ftp|service_gssapi|service_http|service_smb|service_smb_gssapi|service_ssl,ksf-v4-idsplit::
classical_ext,svc,8,matern25_med_x0.1__svc__d8,matern25_med_x0.1,id_val,fixed_c1,1.0,,0.0060007572174072266,0.900398406374502,0.8997649002414538,0.9001702276596083,0.895397489539749,0.9682297623586225,0.9340637297173354,port_protocol_service_ablation,88,74,14,src_port|dst_port|proto_icmp|proto_tcp|proto_udp|service|service_dce_rpc|service_dns|service_ftp|service_gssapi|service_http|service_smb|service_smb_gssapi|service_ssl,ksf-v4-idsplit::
classical_ext,svc,8,matern25_med_x0.1__svc__d8,matern25_med_x0.1,id_test,fixed_c1,1.0,,0.0060007572174072266,0.9156626506024096,0.9145790289256198,0.9153129808081626,0.9098712446351931,0.9923811983471074,0.9917126710537877,port_protocol_service_ablation,88,74,14,src_port|dst_port|proto_icmp|proto_tcp|proto_udp|service|service_dce_rpc|service_dns|service_ftp|service_gssapi|service_http|service_smb|service_smb_gssapi|service_ssl,ksf-v4-idsplit::
classical_ext,svc,8,matern25_med_x0.1__svc__d8,matern25_med_x0.1,ood_test,fixed_c1,1.0,,0.0060007572174072266,0.984,0.9835390946502058,0.9839689639141378,0.9846743295019157,0.9991993723078895,0.999253069748667,port_protocol_service_ablation,88,74,14,src_port|dst_port|proto_icmp|proto_tcp|proto_udp|service|service_dce_rpc|service_dns|service_ftp|service_gssapi|service_http|service_smb|service_smb_gssapi|service_ssl,ksf-v4-idsplit::
classical_ext,svc,8,matern25_med_x0.1__svc__d8,matern25_med_x0.1,id_val,train_cv,100.0,0.9663462340465394,0.004849672317504883,0.9681274900398407,0.9687698563985259,0.9681269841269842,0.968,0.9897699834794763,0.9818894804959787,port_protocol_service_ablation,88,74,14,src_port|dst_port|proto_icmp|proto_tcp|proto_udp|service|service_dce_rpc|service_dns|service_ftp|service_gssapi|service_http|service_smb|service_smb_gssapi|service_ssl,ksf-v4-idsplit::
classical_ext,svc,8,matern25_med_x0.1__svc__d8,matern25_med_x0.1,id_test,train_cv,100.0,0.9663462340465394,0.004849672317504883,0.9718875502008032,0.9722042871900827,0.9718802936194241,0.9714285714285714,0.9930914256198347,0.9911936198027896,port_protocol_service_ablation,88,74,14,src_port|dst_port|proto_icmp|proto_tcp|proto_udp|service|service_dce_rpc|service_dns|service_ftp|service_gssapi|service_http|service_smb|service_smb_gssapi|service_ssl,ksf-v4-idsplit::
classical_ext,svc,8,matern25_med_x0.1__svc__d8,matern25_med_x0.1,ood_test,train_cv,100.0,0.9663462340465394,0.004849672317504883,0.984,0.9835390946502058,0.9839689639141378,0.9846743295019157,0.9806728475124498,0.9680403890006234,port_protocol_service_ablation,88,74,14,src_port|dst_port|proto_icmp|proto_tcp|proto_udp|service|service_dce_rpc|service_dns|service_ftp|service_gssapi|service_http|service_smb|service_smb_gssapi|service_ssl,ksf-v4-idsplit::
classical_ext,svc,8,matern25_med_x0.3__svc__d8,matern25_med_x0.3,id_val,fixed_c1,1.0,,0.004435300827026367,0.900398406374502,0.8997649002414538,0.9001702276596083,0.895397489539749,0.96886516711145,0.9487674787753342,port_protocol_service_ablation,88,74,14,src_port|dst_port|proto_icmp|proto_tcp|proto_udp|service|service_dce_rpc|service_dns|service_ftp|service_gssapi|service_http|service_smb|service_smb_gssapi|service_ssl,ksf-v4-idsplit::
classical_ext,svc,8,matern25_med_x0.3__svc__d8,matern25_med_x0.3,id_test,fixed_c1,1.0,,0.004435300827026367,0.9076305220883534,0.9067665289256198,0.9073375940457892,0.902127659574468,0.9917355371900827,0.9912770325177878,port_protocol_service_ablation,88,74,14,src_port|dst_port|proto_icmp|proto_tcp|proto_udp|service|service_dce_rpc|service_dns|service_ftp|service_gssapi|service_http|service_smb|service_smb_gssapi|service_ssl,ksf-v4-idsplit::
classical_ext,svc,8,matern25_med_x0.3__svc__d8,matern25_med_x0.3,ood_test,fixed_c1,1.0,,0.004435300827026367,0.972,0.9711934156378601,0.971911915767848,0.9734848484848485,0.9992313974155739,0.9993049264544769,port_protocol_service_ablation,88,74,14,src_port|dst_port|proto_icmp|proto_tcp|proto_udp|service|service_dce_rpc|service_dns|service_ftp|service_gssapi|service_http|service_smb|service_smb_gssapi|service_ssl,ksf-v4-idsplit::
classical_ext,svc,8,matern25_med_x0.3__svc__d8,matern25_med_x0.3,id_val,train_cv,100.0,0.9331722267989908,0.007002592086791992,0.9282868525896414,0.9284534248316177,0.9282583841463414,0.926829268292683,0.9907230906087177,0.9905200579008144,port_protocol_service_ablation,88,74,14,src_port|dst_port|proto_icmp|proto_tcp|proto_udp|service|service_dce_rpc|service_dns|service_ftp|service_gssapi|service_http|service_smb|service_smb_gssapi|service_ssl,ksf-v4-idsplit::
classical_ext,svc,8,matern25_med_x0.3__svc__d8,matern25_med_x0.3,id_test,train_cv,100.0,0.9331722267989908,0.007002592086791992,0.9317269076305221,0.9311079545454546,0.9315679712886173,0.9282700421940928,0.9941244834710744,0.993721152988732,port_protocol_service_ablation,88,74,14,src_port|dst_port|proto_icmp|proto_tcp|proto_udp|service|service_dce_rpc|service_dns|service_ftp|service_gssapi|service_http|service_smb|service_smb_gssapi|service_ssl,ksf-v4-idsplit::
classical_ext,svc,8,matern25_med_x0.3__svc__d8,matern25_med_x0.3,ood_test,train_cv,100.0,0.9331722267989908,0.007002592086791992,0.982,0.9814814814814814,0.981961831234893,0.982791586998088,0.9958847736625515,0.9884593547195546,port_protocol_service_ablation,88,74,14,src_port|dst_port|proto_icmp|proto_tcp|proto_udp|service|service_dce_rpc|service_dns|service_ftp|service_gssapi|service_http|service_smb|service_smb_gssapi|service_ssl,ksf-v4-idsplit::
classical_ext,svc,8,matern25_med_x3__svc__d8,matern25_med_x3,id_val,fixed_c1,1.0,,0.005630016326904297,0.8685258964143426,0.8660884483415936,0.8668691836636289,0.852017937219731,0.9352522556868725,0.93609044895848,port_protocol_service_ablation,88,74,14,src_port|dst_port|proto_icmp|proto_tcp|proto_udp|service|service_dce_rpc|service_dns|service_ftp|service_gssapi|service_http|service_smb|service_smb_gssapi|service_ssl,ksf-v4-idsplit::
classical_ext,svc,8,matern25_med_x3__svc__d8,matern25_med_x3,id_test,fixed_c1,1.0,,0.005630016326904297,0.9196787148594378,0.9173553719008265,0.918723070896984,0.9099099099099099,0.9656508264462811,0.9682591974461742,port_protocol_service_ablation,88,74,14,src_port|dst_port|proto_icmp|proto_tcp|proto_udp|service|service_dce_rpc|service_dns|service_ftp|service_gssapi|service_http|service_smb|service_smb_gssapi|service_ssl,ksf-v4-idsplit::
classical_ext,svc,8,matern25_med_x3__svc__d8,matern25_med_x3,ood_test,fixed_c1,1.0,,0.005630016326904297,0.626,0.6360746825511201,0.5764612088295381,0.4316109422492401,0.9343165041392452,0.9421495794470207,port_protocol_service_ablation,88,74,14,src_port|dst_port|proto_icmp|proto_tcp|proto_udp|service|service_dce_rpc|service_dns|service_ftp|service_gssapi|service_http|service_smb|service_smb_gssapi|service_ssl,ksf-v4-idsplit::
classical_ext,svc,8,matern25_med_x3__svc__d8,matern25_med_x3,id_val,train_cv,100.0,0.9040233004575914,0.004000425338745117,0.896414342629482,0.8958889312492058,0.8962150127226463,0.8916666666666667,0.9740119456093531,0.9681708655705249,port_protocol_service_ablation,88,74,14,src_port|dst_port|proto_icmp|proto_tcp|proto_udp|service|service_dce_rpc|service_dns|service_ftp|service_gssapi|service_http|service_smb|service_smb_gssapi|service_ssl,ksf-v4-idsplit::
classical_ext,svc,8,matern25_med_x3__svc__d8,matern25_med_x3,id_test,train_cv,100.0,0.9040233004575914,0.004000425338745117,0.9076305220883534,0.9067665289256198,0.9073375940457892,0.902127659574468,0.99192923553719,0.9915060177459307,port_protocol_service_ablation,88,74,14,src_port|dst_port|proto_icmp|proto_tcp|proto_udp|service|service_dce_rpc|service_dns|service_ftp|service_gssapi|service_http|service_smb|service_smb_gssapi|service_ssl,ksf-v4-idsplit::
classical_ext,svc,8,matern25_med_x3__svc__d8,matern25_med_x3,ood_test,train_cv,100.0,0.9040233004575914,0.004000425338745117,0.97,0.9691358024691358,0.9698987393592043,0.9716446124763705,0.9968935645546108,0.9967290288839206,port_protocol_service_ablation,88,74,14,src_port|dst_port|proto_icmp|proto_tcp|proto_udp|service|service_dce_rpc|service_dns|service_ftp|service_gssapi|service_http|service_smb|service_smb_gssapi|service_ssl,ksf-v4-idsplit::
classical_ext,svc,8,matern25_med_x10__svc__d8,matern25_med_x10,id_val,fixed_c1,1.0,,0.00901174545288086,0.8247011952191236,0.8285677976871266,0.8223294723294723,0.8428571428571429,0.9147922226458254,0.904445554671887,port_protocol_service_ablation,88,74,14,src_port|dst_port|proto_icmp|proto_tcp|proto_udp|service|service_dce_rpc|service_dns|service_ftp|service_gssapi|service_http|service_smb|service_smb_gssapi|service_ssl,ksf-v4-idsplit::
classical_ext,svc,8,matern25_med_x10__svc__d8,matern25_med_x10,id_test,fixed_c1,1.0,,0.00901174545288086,0.891566265060241,0.8936273243801653,0.8913138367525097,0.896551724137931,0.9733987603305785,0.9744931621149944,port_protocol_service_ablation,88,74,14,src_port|dst_port|proto_icmp|proto_tcp|proto_udp|service|service_dce_rpc|service_dns|service_ftp|service_gssapi|service_http|service_smb|service_smb_gssapi|service_ssl,ksf-v4-idsplit::
classical_ext,svc,8,matern25_med_x10__svc__d8,matern25_med_x10,ood_test,fixed_c1,1.0,,0.00901174545288086,0.86,0.8559670781893004,0.8559338777660696,0.8801369863013698,0.8225008406590767,0.843020950822501,port_protocol_service_ablation,88,74,14,src_port|dst_port|proto_icmp|proto_tcp|proto_udp|service|service_dce_rpc|service_dns|service_ftp|service_gssapi|service_http|service_smb|service_smb_gssapi|service_ssl,ksf-v4-idsplit::
classical_ext,svc,8,matern25_med_x10__svc__d8,matern25_med_x10,id_val,train_cv,100.0,0.8947131264291709,0.00461125373840332,0.8645418326693227,0.8622124793493455,0.8629560637204522,0.8482142857142857,0.8916634896429024,0.9164345620066165,port_protocol_service_ablation,88,74,14,src_port|dst_port|proto_icmp|proto_tcp|proto_udp|service|service_dce_rpc|service_dns|service_ftp|service_gssapi|service_http|service_smb|service_smb_gssapi|service_ssl,ksf-v4-idsplit::
classical_ext,svc,8,matern25_med_x10__svc__d8,matern25_med_x10,id_test,train_cv,100.0,0.8947131264291709,0.00461125373840332,0.9196787148594378,0.9173553719008265,0.918723070896984,0.9099099099099099,0.9314307851239669,0.9484266921610615,port_protocol_service_ablation,88,74,14,src_port|dst_port|proto_icmp|proto_tcp|proto_udp|service|service_dce_rpc|service_dns|service_ftp|service_gssapi|service_http|service_smb|service_smb_gssapi|service_ssl,ksf-v4-idsplit::
classical_ext,svc,8,matern25_med_x10__svc__d8,matern25_med_x10,ood_test,train_cv,100.0,0.8947131264291709,0.00461125373840332,0.624,0.6340170693823959,0.5748530076888285,0.4303030303030303,0.9908568317560968,0.9908797750503833,port_protocol_service_ablation,88,74,14,src_port|dst_port|proto_icmp|proto_tcp|proto_udp|service|service_dce_rpc|service_dns|service_ftp|service_gssapi|service_http|service_smb|service_smb_gssapi|service_ssl,ksf-v4-idsplit::
quantum,svc,8,zz_r1_full__as0.5__svc__d8,zz_r1_full__as0.5,id_val,fixed_c1,1.0,,0.004460811614990234,0.9083665338645418,0.9079616215529291,0.9082208549943562,0.9045643153526971,0.9602236624729952,0.9111115009255202,port_protocol_service_ablation,88,74,14,src_port|dst_port|proto_icmp|proto_tcp|proto_udp|service|service_dce_rpc|service_dns|service_ftp|service_gssapi|service_http|service_smb|service_smb_gssapi|service_ssl,ksf-v4-idsplit::
quantum,svc,8,zz_r1_full__as0.5__svc__d8,zz_r1_full__as0.5,id_test,fixed_c1,1.0,,0.004460811614990234,0.9196787148594378,0.9187112603305785,0.9193861693861693,0.9145299145299145,0.9872159090909091,0.9843505714418052,port_protocol_service_ablation,88,74,14,src_port|dst_port|proto_icmp|proto_tcp|proto_udp|service|service_dce_rpc|service_dns|service_ftp|service_gssapi|service_http|service_smb|service_smb_gssapi|service_ssl,ksf-v4-idsplit::
quantum,svc,8,zz_r1_full__as0.5__svc__d8,zz_r1_full__as0.5,ood_test,fixed_c1,1.0,,0.004460811614990234,0.98,0.9794238683127572,0.9799538135865034,0.9809160305343512,0.9991993723078894,0.9992530697486669,port_protocol_service_ablation,88,74,14,src_port|dst_port|proto_icmp|proto_tcp|proto_udp|service|service_dce_rpc|service_dns|service_ftp|service_gssapi|service_http|service_smb|service_smb_gssapi|service_ssl,ksf-v4-idsplit::
quantum,svc,8,zz_r1_full__as0.5__svc__d8,zz_r1_full__as0.5,id_val,train_cv,100.0,0.9653153062114879,0.010414600372314453,0.9641434262948207,0.9648938874062778,0.9641434262948207,0.9641434262948207,0.9800482907612149,0.9629966234384194,port_protocol_service_ablation,88,74,14,src_port|dst_port|proto_icmp|proto_tcp|proto_udp|service|service_dce_rpc|service_dns|service_ftp|service_gssapi|service_http|service_smb|service_smb_gssapi|service_ssl,ksf-v4-idsplit::
quantum,svc,8,zz_r1_full__as0.5__svc__d8,zz_r1_full__as0.5,id_test,train_cv,100.0,0.9653153062114879,0.010414600372314453,0.9718875502008032,0.9722042871900827,0.9718802936194241,0.9714285714285714,0.984504132231405,0.9792060281270839,port_protocol_service_ablation,88,74,14,src_port|dst_port|proto_icmp|proto_tcp|proto_udp|service|service_dce_rpc|service_dns|service_ftp|service_gssapi|service_http|service_smb|service_smb_gssapi|service_ssl,ksf-v4-idsplit::
quantum,svc,8,zz_r1_full__as0.5__svc__d8,zz_r1_full__as0.5,ood_test,train_cv,100.0,0.9653153062114879,0.010414600372314453,0.978,0.977366255144033,0.9779448621553885,0.979047619047619,0.9931626395093753,0.9812198164403811,port_protocol_service_ablation,88,74,14,src_port|dst_port|proto_icmp|proto_tcp|proto_udp|service|service_dce_rpc|service_dns|service_ftp|service_gssapi|service_http|service_smb|service_smb_gssapi|service_ssl,ksf-v4-idsplit::
quantum,svc,8,zz_r2_full__as0.5__svc__d8,zz_r2_full__as0.5,id_val,fixed_c1,1.0,,0.003641366958618164,0.9123505976095617,0.9120599822086669,0.9122377622377622,0.9090909090909091,0.9676578980810776,0.9257947424945934,port_protocol_service_ablation,88,74,14,src_port|dst_port|proto_icmp|proto_tcp|proto_udp|service|service_dce_rpc|service_dns|service_ftp|service_gssapi|service_http|service_smb|service_smb_gssapi|service_ssl,ksf-v4-idsplit::
quantum,svc,8,zz_r2_full__as0.5__svc__d8,zz_r2_full__as0.5,id_test,fixed_c1,1.0,,0.003641366958618164,0.9196787148594378,0.9187112603305785,0.9193861693861693,0.9145299145299145,0.9914772727272727,0.9906115919691869,port_protocol_service_ablation,88,74,14,src_port|dst_port|proto_icmp|proto_tcp|proto_udp|service|service_dce_rpc|service_dns|service_ftp|service_gssapi|service_http|service_smb|service_smb_gssapi|service_ssl,ksf-v4-idsplit::
quantum,svc,8,zz_r2_full__as0.5__svc__d8,zz_r2_full__as0.5,ood_test,fixed_c1,1.0,,0.003641366958618164,0.982,0.9814814814814814,0.981961831234893,0.982791586998088,0.9994235480616803,0.9994703957508662,port_protocol_service_ablation,88,74,14,src_port|dst_port|proto_icmp|proto_tcp|proto_udp|service|service_dce_rpc|service_dns|service_ftp|service_gssapi|service_http|service_smb|service_smb_gssapi|service_ssl,ksf-v4-idsplit::
quantum,svc,8,zz_r2_full__as0.5__svc__d8,zz_r2_full__as0.5,id_val,train_cv,100.0,0.9632441152165153,0.008547306060791016,0.9601593625498008,0.9610179184140297,0.9601587301587302,0.9603174603174603,0.9796670479095183,0.961831825299032,port_protocol_service_ablation,88,74,14,src_port|dst_port|proto_icmp|proto_tcp|proto_udp|service|service_dce_rpc|service_dns|service_ftp|service_gssapi|service_http|service_smb|service_smb_gssapi|service_ssl,ksf-v4-idsplit::
quantum,svc,8,zz_r2_full__as0.5__svc__d8,zz_r2_full__as0.5,id_test,train_cv,100.0,0.9632441152165153,0.008547306060791016,0.9759036144578314,0.9763365185950413,0.9759001161440186,0.975609756097561,0.984504132231405,0.9792109939263274,port_protocol_service_ablation,88,74,14,src_port|dst_port|proto_icmp|proto_tcp|proto_udp|service|service_dce_rpc|service_dns|service_ftp|service_gssapi|service_http|service_smb|service_smb_gssapi|service_ssl,ksf-v4-idsplit::
quantum,svc,8,zz_r2_full__as0.5__svc__d8,zz_r2_full__as0.5,ood_test,train_cv,100.0,0.9632441152165153,0.008547306060791016,0.978,0.977366255144033,0.9779448621553885,0.979047619047619,0.977070022897952,0.9624809603631655,port_protocol_service_ablation,88,74,14,src_port|dst_port|proto_icmp|proto_tcp|proto_udp|service|service_dce_rpc|service_dns|service_ftp|service_gssapi|service_http|service_smb|service_smb_gssapi|service_ssl,ksf-v4-idsplit::
quantum,svc,8,pauli_xz_r1_full__as0.5__svc__d8,pauli_xz_r1_full__as0.5,id_val,fixed_c1,1.0,,0.003999471664428711,0.900398406374502,0.8997649002414538,0.9001702276596083,0.895397489539749,0.9640996314652435,0.9310217754855307,port_protocol_service_ablation,88,74,14,src_port|dst_port|proto_icmp|proto_tcp|proto_udp|service|service_dce_rpc|service_dns|service_ftp|service_gssapi|service_http|service_smb|service_smb_gssapi|service_ssl,ksf-v4-idsplit::
quantum,svc,8,pauli_xz_r1_full__as0.5__svc__d8,pauli_xz_r1_full__as0.5,id_test,fixed_c1,1.0,,0.003999471664428711,0.9076305220883534,0.9067665289256198,0.9073375940457892,0.902127659574468,0.9919292355371901,0.9915060177459308,port_protocol_service_ablation,88,74,14,src_port|dst_port|proto_icmp|proto_tcp|proto_udp|service|service_dce_rpc|service_dns|service_ftp|service_gssapi|service_http|service_smb|service_smb_gssapi|service_ssl,ksf-v4-idsplit::
quantum,svc,8,pauli_xz_r1_full__as0.5__svc__d8,pauli_xz_r1_full__as0.5,ood_test,fixed_c1,1.0,,0.003999471664428711,0.97,0.9691358024691358,0.9698987393592043,0.9716446124763705,0.9954844598164962,0.9851347273275349,port_protocol_service_ablation,88,74,14,src_port|dst_port|proto_icmp|proto_tcp|proto_udp|service|service_dce_rpc|service_dns|service_ftp|service_gssapi|service_http|service_smb|service_smb_gssapi|service_ssl,ksf-v4-idsplit::
quantum,svc,8,pauli_xz_r1_full__as0.5__svc__d8,pauli_xz_r1_full__as0.5,id_val,train_cv,100.0,0.921360249865905,0.007006406784057617,0.9123505976095617,0.9120599822086669,0.9122377622377622,0.9090909090909091,0.9781420765027322,0.9771718381600893,port_protocol_service_ablation,88,74,14,src_port|dst_port|proto_icmp|proto_tcp|proto_udp|service|service_dce_rpc|service_dns|service_ftp|service_gssapi|service_http|service_smb|service_smb_gssapi|service_ssl,ksf-v4-idsplit::
quantum,svc,8,pauli_xz_r1_full__as0.5__svc__d8,pauli_xz_r1_full__as0.5,id_test,train_cv,100.0,0.921360249865905,0.007006406784057617,0.9116465863453815,0.9108987603305785,0.9114050976840471,0.9067796610169492,0.9770144628099173,0.9759781391977969,port_protocol_service_ablation,88,74,14,src_port|dst_port|proto_icmp|proto_tcp|proto_udp|service|service_dce_rpc|service_dns|service_ftp|service_gssapi|service_http|service_smb|service_smb_gssapi|service_ssl,ksf-v4-idsplit::
quantum,svc,8,pauli_xz_r1_full__as0.5__svc__d8,pauli_xz_r1_full__as0.5,ood_test,train_cv,100.0,0.921360249865905,0.007006406784057617,0.97,0.9691358024691358,0.9698987393592043,0.9716446124763705,0.978351027205329,0.9797143334042377,port_protocol_service_ablation,88,74,14,src_port|dst_port|proto_icmp|proto_tcp|proto_udp|service|service_dce_rpc|service_dns|service_ftp|service_gssapi|service_http|service_smb|service_smb_gssapi|service_ssl,ksf-v4-idsplit::
quantum,svc,8,zmap_r2__as0.5__svc__d8,zmap_r2__as0.5,id_val,fixed_c1,1.0,,0.004005908966064453,0.900398406374502,0.8997649002414538,0.9001702276596083,0.895397489539749,0.9661964671495743,0.9423147353634892,port_protocol_service_ablation,88,74,14,src_port|dst_port|proto_icmp|proto_tcp|proto_udp|service|service_dce_rpc|service_dns|service_ftp|service_gssapi|service_http|service_smb|service_smb_gssapi|service_ssl,ksf-v4-idsplit::
quantum,svc,8,zmap_r2__as0.5__svc__d8,zmap_r2__as0.5,id_test,fixed_c1,1.0,,0.004005908966064453,0.9076305220883534,0.9067665289256198,0.9073375940457892,0.902127659574468,0.9897985537190083,0.9889202941322093,port_protocol_service_ablation,88,74,14,src_port|dst_port|proto_icmp|proto_tcp|proto_udp|service|service_dce_rpc|service_dns|service_ftp|service_gssapi|service_http|service_smb|service_smb_gssapi|service_ssl,ksf-v4-idsplit::
quantum,svc,8,zmap_r2__as0.5__svc__d8,zmap_r2__as0.5,ood_test,fixed_c1,1.0,,0.004005908966064453,0.97,0.9691358024691358,0.9698987393592043,0.9716446124763705,0.999231397415574,0.9993049264544771,port_protocol_service_ablation,88,74,14,src_port|dst_port|proto_icmp|proto_tcp|proto_udp|service|service_dce_rpc|service_dns|service_ftp|service_gssapi|service_http|service_smb|service_smb_gssapi|service_ssl,ksf-v4-idsplit::
quantum,svc,8,zmap_r2__as0.5__svc__d8,zmap_r2__as0.5,id_val,train_cv,100.0,0.9262146187979438,0.007002353668212891,0.9123505976095617,0.9120599822086669,0.9122377622377622,0.9090909090909091,0.9711526242216292,0.9584253977139447,port_protocol_service_ablation,88,74,14,src_port|dst_port|proto_icmp|proto_tcp|proto_udp|service|service_dce_rpc|service_dns|service_ftp|service_gssapi|service_http|service_smb|service_smb_gssapi|service_ssl,ksf-v4-idsplit::
quantum,svc,8,zmap_r2__as0.5__svc__d8,zmap_r2__as0.5,id_test,train_cv,100.0,0.9262146187979438,0.007002353668212891,0.9116465863453815,0.9108987603305785,0.9114050976840471,0.9067796610169492,0.968620867768595,0.9496745546069427,port_protocol_service_ablation,88,74,14,src_port|dst_port|proto_icmp|proto_tcp|proto_udp|service|service_dce_rpc|service_dns|service_ftp|service_gssapi|service_http|service_smb|service_smb_gssapi|service_ssl,ksf-v4-idsplit::
quantum,svc,8,zmap_r2__as0.5__svc__d8,zmap_r2__as0.5,ood_test,train_cv,100.0,0.9262146187979438,0.007002353668212891,0.97,0.9691358024691358,0.9698987393592043,0.9716446124763705,0.9654609213623481,0.9305801285299221,port_protocol_service_ablation,88,74,14,src_port|dst_port|proto_icmp|proto_tcp|proto_udp|service|service_dce_rpc|service_dns|service_ftp|service_gssapi|service_http|service_smb|service_smb_gssapi|service_ssl,ksf-v4-idsplit::
quantum,svc,8,zz_r1_full__svc__d8,zz_r1_full,id_val,fixed_c1,1.0,,0.003916740417480469,0.9123505976095617,0.9120599822086669,0.9122377622377622,0.9090909090909091,0.9725505146778498,0.9566893380109308,port_protocol_service_ablation,88,74,14,src_port|dst_port|proto_icmp|proto_tcp|proto_udp|service|service_dce_rpc|service_dns|service_ftp|service_gssapi|service_http|service_smb|service_smb_gssapi|service_ssl,ksf-v4-idsplit::
quantum,svc,8,zz_r1_full__svc__d8,zz_r1_full,id_test,fixed_c1,1.0,,0.003916740417480469,0.9196787148594378,0.9187112603305785,0.9193861693861693,0.9145299145299145,0.9922520661157025,0.9915911016848643,port_protocol_service_ablation,88,74,14,src_port|dst_port|proto_icmp|proto_tcp|proto_udp|service|service_dce_rpc|service_dns|service_ftp|service_gssapi|service_http|service_smb|service_smb_gssapi|service_ssl,ksf-v4-idsplit::
quantum,svc,8,zz_r1_full__svc__d8,zz_r1_full,ood_test,fixed_c1,1.0,,0.003916740417480469,0.982,0.9814814814814814,0.981961831234893,0.982791586998088,0.9950521208627563,0.9838530409147559,port_protocol_service_ablation,88,74,14,src_port|dst_port|proto_icmp|proto_tcp|proto_udp|service|service_dce_rpc|service_dns|service_ftp|service_gssapi|service_http|service_smb|service_smb_gssapi|service_ssl,ksf-v4-idsplit::
quantum,svc,8,zz_r1_full__svc__d8,zz_r1_full,id_val,train_cv,100.0,0.9643444324250801,0.006999492645263672,0.9561752988047809,0.9571419494217817,0.9561725161515628,0.9565217391304348,0.9864658787647732,0.972899704501968,port_protocol_service_ablation,88,74,14,src_port|dst_port|proto_icmp|proto_tcp|proto_udp|service|service_dce_rpc|service_dns|service_ftp|service_gssapi|service_http|service_smb|service_smb_gssapi|service_ssl,ksf-v4-idsplit::
quantum,svc,8,zz_r1_full__svc__d8,zz_r1_full,id_test,train_cv,100.0,0.9643444324250801,0.006999492645263672,0.9759036144578314,0.9763365185950413,0.9759001161440186,0.975609756097561,0.9937370867768596,0.9930665955524496,port_protocol_service_ablation,88,74,14,src_port|dst_port|proto_icmp|proto_tcp|proto_udp|service|service_dce_rpc|service_dns|service_ftp|service_gssapi|service_http|service_smb|service_smb_gssapi|service_ssl,ksf-v4-idsplit::
quantum,svc,8,zz_r1_full__svc__d8,zz_r1_full,ood_test,train_cv,100.0,0.9643444324250801,0.006999492645263672,0.978,0.977366255144033,0.9779448621553885,0.979047619047619,0.9803045587740788,0.9670329099981212,port_protocol_service_ablation,88,74,14,src_port|dst_port|proto_icmp|proto_tcp|proto_udp|service|service_dce_rpc|service_dns|service_ftp|service_gssapi|service_http|service_smb|service_smb_gssapi|service_ssl,ksf-v4-idsplit::
quantum,svc,8,zz_r2_full__svc__d8,zz_r2_full,id_val,fixed_c1,1.0,,0.003430604934692383,0.9123505976095617,0.9120599822086669,0.9122377622377622,0.9090909090909091,0.9815097216927182,0.9746468852278305,port_protocol_service_ablation,88,74,14,src_port|dst_port|proto_icmp|proto_tcp|proto_udp|service|service_dce_rpc|service_dns|service_ftp|service_gssapi|service_http|service_smb|service_smb_gssapi|service_ssl,ksf-v4-idsplit::
quantum,svc,8,zz_r2_full__svc__d8,zz_r2_full,id_test,fixed_c1,1.0,,0.003430604934692383,0.9196787148594378,0.9187112603305785,0.9193861693861693,0.9145299145299145,0.9927040289256198,0.9921551893108381,port_protocol_service_ablation,88,74,14,src_port|dst_port|proto_icmp|proto_tcp|proto_udp|service|service_dce_rpc|service_dns|service_ftp|service_gssapi|service_http|service_smb|service_smb_gssapi|service_ssl,ksf-v4-idsplit::
quantum,svc,8,zz_r2_full__svc__d8,zz_r2_full,ood_test,fixed_c1,1.0,,0.003430604934692383,0.982,0.9814814814814814,0.981961831234893,0.982791586998088,0.995100158524283,0.9828169664384486,port_protocol_service_ablation,88,74,14,src_port|dst_port|proto_icmp|proto_tcp|proto_udp|service|service_dce_rpc|service_dns|service_ftp|service_gssapi|service_http|service_smb|service_smb_gssapi|service_ssl,ksf-v4-idsplit::
quantum,svc,8,zz_r2_full__svc__d8,zz_r2_full,id_val,train_cv,100.0,0.9693095741295371,0.012522459030151367,0.9601593625498008,0.9612403100775193,0.9601536703073406,0.9606299212598425,0.9841148811793112,0.970203457134656,port_protocol_service_ablation,88,74,14,src_port|dst_port|proto_icmp|proto_tcp|proto_udp|service|service_dce_rpc|service_dns|service_ftp|service_gssapi|service_http|service_smb|service_smb_gssapi|service_ssl,ksf-v4-idsplit::
quantum,svc,8,zz_r2_full__svc__d8,zz_r2_full,id_test,train_cv,100.0,0.9693095741295371,0.012522459030151367,0.9799196787148594,0.98046875,0.9799183831475717,0.979757085020243,0.9896048553719008,0.9872560245358305,port_protocol_service_ablation,88,74,14,src_port|dst_port|proto_icmp|proto_tcp|proto_udp|service|service_dce_rpc|service_dns|service_ftp|service_gssapi|service_http|service_smb|service_smb_gssapi|service_ssl,ksf-v4-idsplit::
quantum,svc,8,zz_r2_full__svc__d8,zz_r2_full,ood_test,train_cv,100.0,0.9693095741295371,0.012522459030151367,0.98,0.9794238683127572,0.9799538135865034,0.9809160305343512,0.9807529102816608,0.9676734412920732,port_protocol_service_ablation,88,74,14,src_port|dst_port|proto_icmp|proto_tcp|proto_udp|service|service_dce_rpc|service_dns|service_ftp|service_gssapi|service_http|service_smb|service_smb_gssapi|service_ssl,ksf-v4-idsplit::
quantum,svc,8,pauli_xz_r1_full__svc__d8,pauli_xz_r1_full,id_val,fixed_c1,1.0,,0.011374235153198242,0.900398406374502,0.8997649002414538,0.9001702276596083,0.895397489539749,0.8997331300038124,0.9323045156921489,port_protocol_service_ablation,88,74,14,src_port|dst_port|proto_icmp|proto_tcp|proto_udp|service|service_dce_rpc|service_dns|service_ftp|service_gssapi|service_http|service_smb|service_smb_gssapi|service_ssl,ksf-v4-idsplit::
quantum,svc,8,pauli_xz_r1_full__svc__d8,pauli_xz_r1_full,id_test,fixed_c1,1.0,,0.011374235153198242,0.9076305220883534,0.9067665289256198,0.9073375940457892,0.902127659574468,0.9394369834710744,0.9609897182866721,port_protocol_service_ablation,88,74,14,src_port|dst_port|proto_icmp|proto_tcp|proto_udp|service|service_dce_rpc|service_dns|service_ftp|service_gssapi|service_http|service_smb|service_smb_gssapi|service_ssl,ksf-v4-idsplit::
quantum,svc,8,pauli_xz_r1_full__svc__d8,pauli_xz_r1_full,ood_test,fixed_c1,1.0,,0.011374235153198242,0.97,0.9691358024691358,0.9698987393592043,0.9716446124763705,0.9991993723078895,0.9992759092246399,port_protocol_service_ablation,88,74,14,src_port|dst_port|proto_icmp|proto_tcp|proto_udp|service|service_dce_rpc|service_dns|service_ftp|service_gssapi|service_http|service_smb|service_smb_gssapi|service_ssl,ksf-v4-idsplit::
quantum,svc,8,pauli_xz_r1_full__svc__d8,pauli_xz_r1_full,id_val,train_cv,100.0,0.9302088867159931,0.013232231140136719,0.9083665338645418,0.9081840132164188,0.9082733527177971,0.9053497942386831,0.9801753717117804,0.9706379064087486,port_protocol_service_ablation,88,74,14,src_port|dst_port|proto_icmp|proto_tcp|proto_udp|service|service_dce_rpc|service_dns|service_ftp|service_gssapi|service_http|service_smb|service_smb_gssapi|service_ssl,ksf-v4-idsplit::
quantum,svc,8,pauli_xz_r1_full__svc__d8,pauli_xz_r1_full,id_test,train_cv,100.0,0.9302088867159931,0.013232231140136719,0.9196787148594378,0.9187112603305785,0.9193861693861693,0.9145299145299145,0.9938016528925621,0.993368093105205,port_protocol_service_ablation,88,74,14,src_port|dst_port|proto_icmp|proto_tcp|proto_udp|service|service_dce_rpc|service_dns|service_ftp|service_gssapi|service_http|service_smb|service_smb_gssapi|service_ssl,ksf-v4-idsplit::
quantum,svc,8,pauli_xz_r1_full__svc__d8,pauli_xz_r1_full,ood_test,train_cv,100.0,0.9302088867159931,0.013232231140136719,0.978,0.977366255144033,0.9779448621553885,0.979047619047619,0.9917695473251028,0.9701350164415865,port_protocol_service_ablation,88,74,14,src_port|dst_port|proto_icmp|proto_tcp|proto_udp|service|service_dce_rpc|service_dns|service_ftp|service_gssapi|service_http|service_smb|service_smb_gssapi|service_ssl,ksf-v4-idsplit::
quantum,svc,8,zmap_r2__svc__d8,zmap_r2,id_val,fixed_c1,1.0,,0.003999233245849609,0.900398406374502,0.8997649002414538,0.9001702276596083,0.895397489539749,0.9636548481382642,0.914607031979523,port_protocol_service_ablation,88,74,14,src_port|dst_port|proto_icmp|proto_tcp|proto_udp|service|service_dce_rpc|service_dns|service_ftp|service_gssapi|service_http|service_smb|service_smb_gssapi|service_ssl,ksf-v4-idsplit::
quantum,svc,8,zmap_r2__svc__d8,zmap_r2,id_test,fixed_c1,1.0,,0.003999233245849609,0.9076305220883534,0.9067665289256198,0.9073375940457892,0.902127659574468,0.9909607438016529,0.9903360289980807,port_protocol_service_ablation,88,74,14,src_port|dst_port|proto_icmp|proto_tcp|proto_udp|service|service_dce_rpc|service_dns|service_ftp|service_gssapi|service_http|service_smb|service_smb_gssapi|service_ssl,ksf-v4-idsplit::
quantum,svc,8,zmap_r2__svc__d8,zmap_r2,ood_test,fixed_c1,1.0,,0.003999233245849609,0.97,0.9691358024691358,0.9698987393592043,0.9716446124763705,0.9977582424620902,0.9978720290044834,port_protocol_service_ablation,88,74,14,src_port|dst_port|proto_icmp|proto_tcp|proto_udp|service|service_dce_rpc|service_dns|service_ftp|service_gssapi|service_http|service_smb|service_smb_gssapi|service_ssl,ksf-v4-idsplit::
quantum,svc,8,zmap_r2__svc__d8,zmap_r2,id_val,train_cv,100.0,0.9351046390469371,0.013999700546264648,0.9243027888446215,0.9245774558393697,0.9242835595776773,0.9230769230769231,0.9867835811411869,0.985466751469891,port_protocol_service_ablation,88,74,14,src_port|dst_port|proto_icmp|proto_tcp|proto_udp|service|service_dce_rpc|service_dns|service_ftp|service_gssapi|service_http|service_smb|service_smb_gssapi|service_ssl,ksf-v4-idsplit::
quantum,svc,8,zmap_r2__svc__d8,zmap_r2,id_test,train_cv,100.0,0.9351046390469371,0.013999700546264648,0.927710843373494,0.9269757231404958,0.9275132617414931,0.923728813559322,0.9943181818181819,0.993948615267904,port_protocol_service_ablation,88,74,14,src_port|dst_port|proto_icmp|proto_tcp|proto_udp|service|service_dce_rpc|service_dns|service_ftp|service_gssapi|service_http|service_smb|service_smb_gssapi|service_ssl,ksf-v4-idsplit::
quantum,svc,8,zmap_r2__svc__d8,zmap_r2,ood_test,train_cv,100.0,0.9351046390469371,0.013999700546264648,0.978,0.977366255144033,0.9779448621553885,0.979047619047619,0.9958847736625515,0.9822473836874608,port_protocol_service_ablation,88,74,14,src_port|dst_port|proto_icmp|proto_tcp|proto_udp|service|service_dce_rpc|service_dns|service_ftp|service_gssapi|service_http|service_smb|service_smb_gssapi|service_ssl,ksf-v4-idsplit::
quantum,svc,8,zz_r1_full__as2__svc__d8,zz_r1_full__as2,id_val,fixed_c1,1.0,,0.0057220458984375,0.9322709163346613,0.9325517854873555,0.9322537112010796,0.9311740890688259,0.9746473503621806,0.9633759494024159,port_protocol_service_ablation,88,74,14,src_port|dst_port|proto_icmp|proto_tcp|proto_udp|service|service_dce_rpc|service_dns|service_ftp|service_gssapi|service_http|service_smb|service_smb_gssapi|service_ssl,ksf-v4-idsplit::
quantum,svc,8,zz_r1_full__as2__svc__d8,zz_r1_full__as2,id_test,fixed_c1,1.0,,0.0057220458984375,0.9437751004016064,0.9435046487603306,0.943701550387597,0.9416666666666667,0.9796616735537189,0.9701175191470462,port_protocol_service_ablation,88,74,14,src_port|dst_port|proto_icmp|proto_tcp|proto_udp|service|service_dce_rpc|service_dns|service_ftp|service_gssapi|service_http|service_smb|service_smb_gssapi|service_ssl,ksf-v4-idsplit::
quantum,svc,8,zz_r1_full__as2__svc__d8,zz_r1_full__as2,ood_test,fixed_c1,1.0,,0.0057220458984375,0.982,0.9814814814814814,0.981961831234893,0.982791586998088,0.9768618596980033,0.9635794985230444,port_protocol_service_ablation,88,74,14,src_port|dst_port|proto_icmp|proto_tcp|proto_udp|service|service_dce_rpc|service_dns|service_ftp|service_gssapi|service_http|service_smb|service_smb_gssapi|service_ssl,ksf-v4-idsplit::
quantum,svc,8,zz_r1_full__as2__svc__d8,zz_r1_full__as2,id_val,train_cv,10.0,0.9673556842183606,0.0040056705474853516,0.9721115537848606,0.9726458253907739,0.97210978300554,0.9718875502008032,0.980048290761215,0.9695271935757838,port_protocol_service_ablation,88,74,14,src_port|dst_port|proto_icmp|proto_tcp|proto_udp|service|service_dce_rpc|service_dns|service_ftp|service_gssapi|service_http|service_smb|service_smb_gssapi|service_ssl,ksf-v4-idsplit::
quantum,svc,8,zz_r1_full__as2__svc__d8,zz_r1_full__as2,id_test,train_cv,10.0,0.9673556842183606,0.0040056705474853516,0.9718875502008032,0.9722042871900827,0.9718802936194241,0.9714285714285714,0.9817277892561984,0.973849348598328,port_protocol_service_ablation,88,74,14,src_port|dst_port|proto_icmp|proto_tcp|proto_udp|service|service_dce_rpc|service_dns|service_ftp|service_gssapi|service_http|service_smb|service_smb_gssapi|service_ssl,ksf-v4-idsplit::
quantum,svc,8,zz_r1_full__as2__svc__d8,zz_r1_full__as2,ood_test,train_cv,10.0,0.9673556842183606,0.0040056705474853516,0.984,0.9835390946502058,0.9839689639141378,0.9846743295019157,0.9782709644361178,0.9589236805751546,port_protocol_service_ablation,88,74,14,src_port|dst_port|proto_icmp|proto_tcp|proto_udp|service|service_dce_rpc|service_dns|service_ftp|service_gssapi|service_http|service_smb|service_smb_gssapi|service_ssl,ksf-v4-idsplit::
quantum,svc,8,zz_r2_full__as2__svc__d8,zz_r2_full__as2,id_val,fixed_c1,1.0,,0.004878997802734375,0.9442231075697212,0.9450692591180582,0.9442222222222222,0.9444444444444444,0.979222264582539,0.9689151049740022,port_protocol_service_ablation,88,74,14,src_port|dst_port|proto_icmp|proto_tcp|proto_udp|service|service_dce_rpc|service_dns|service_ftp|service_gssapi|service_http|service_smb|service_smb_gssapi|service_ssl,ksf-v4-idsplit::
quantum,svc,8,zz_r2_full__as2__svc__d8,zz_r2_full__as2,id_test,fixed_c1,1.0,,0.004878997802734375,0.9558232931726908,0.9559013429752066,0.9557976276930525,0.9547325102880658,0.9823088842975207,0.9747145366568131,port_protocol_service_ablation,88,74,14,src_port|dst_port|proto_icmp|proto_tcp|proto_udp|service|service_dce_rpc|service_dns|service_ftp|service_gssapi|service_http|service_smb|service_smb_gssapi|service_ssl,ksf-v4-idsplit::
quantum,svc,8,zz_r2_full__as2__svc__d8,zz_r2_full__as2,ood_test,fixed_c1,1.0,,0.004878997802734375,0.982,0.9814814814814814,0.981961831234893,0.982791586998088,0.9765736337288434,0.9616669677121927,port_protocol_service_ablation,88,74,14,src_port|dst_port|proto_icmp|proto_tcp|proto_udp|service|service_dce_rpc|service_dns|service_ftp|service_gssapi|service_http|service_smb|service_smb_gssapi|service_ssl,ksf-v4-idsplit::
quantum,svc,8,zz_r2_full__as2__svc__d8,zz_r2_full__as2,id_val,train_cv,10.0,0.968398754391773,0.0042345523834228516,0.9641434262948207,0.9648938874062778,0.9641434262948207,0.9641434262948207,0.9827805311983734,0.9751726705258005,port_protocol_service_ablation,88,74,14,src_port|dst_port|proto_icmp|proto_tcp|proto_udp|service|service_dce_rpc|service_dns|service_ftp|service_gssapi|service_http|service_smb|service_smb_gssapi|service_ssl,ksf-v4-idsplit::
quantum,svc,8,zz_r2_full__as2__svc__d8,zz_r2_full__as2,id_test,train_cv,10.0,0.968398754391773,0.0042345523834228516,0.9678714859437751,0.9682980371900827,0.9678668215253581,0.967479674796748,0.9855371900826446,0.9808446339993646,port_protocol_service_ablation,88,74,14,src_port|dst_port|proto_icmp|proto_tcp|proto_udp|service|service_dce_rpc|service_dns|service_ftp|service_gssapi|service_http|service_smb|service_smb_gssapi|service_ssl,ksf-v4-idsplit::
quantum,svc,8,zz_r2_full__as2__svc__d8,zz_r2_full__as2,ood_test,train_cv,10.0,0.968398754391773,0.0042345523834228516,0.98,0.9794238683127572,0.9799538135865034,0.9809160305343512,0.9801924708971833,0.9668277439447293,port_protocol_service_ablation,88,74,14,src_port|dst_port|proto_icmp|proto_tcp|proto_udp|service|service_dce_rpc|service_dns|service_ftp|service_gssapi|service_http|service_smb|service_smb_gssapi|service_ssl,ksf-v4-idsplit::
quantum,svc,8,pauli_xz_r1_full__as2__svc__d8,pauli_xz_r1_full__as2,id_val,fixed_c1,1.0,,0.00500035285949707,0.900398406374502,0.8997649002414538,0.9001702276596083,0.895397489539749,0.9655610623967467,0.9167992507715276,port_protocol_service_ablation,88,74,14,src_port|dst_port|proto_icmp|proto_tcp|proto_udp|service|service_dce_rpc|service_dns|service_ftp|service_gssapi|service_http|service_smb|service_smb_gssapi|service_ssl,ksf-v4-idsplit::
quantum,svc,8,pauli_xz_r1_full__as2__svc__d8,pauli_xz_r1_full__as2,id_test,fixed_c1,1.0,,0.00500035285949707,0.9156626506024096,0.9145790289256198,0.9153129808081626,0.9098712446351931,0.9910253099173554,0.9904555994123603,port_protocol_service_ablation,88,74,14,src_port|dst_port|proto_icmp|proto_tcp|proto_udp|service|service_dce_rpc|service_dns|service_ftp|service_gssapi|service_http|service_smb|service_smb_gssapi|service_ssl,ksf-v4-idsplit::
quantum,svc,8,pauli_xz_r1_full__as2__svc__d8,pauli_xz_r1_full__as2,ood_test,fixed_c1,1.0,,0.00500035285949707,0.982,0.9814814814814814,0.981961831234893,0.982791586998088,0.9980464684312501,0.9981235640349042,port_protocol_service_ablation,88,74,14,src_port|dst_port|proto_icmp|proto_tcp|proto_udp|service|service_dce_rpc|service_dns|service_ftp|service_gssapi|service_http|service_smb|service_smb_gssapi|service_ssl,ksf-v4-idsplit::
quantum,svc,8,pauli_xz_r1_full__as2__svc__d8,pauli_xz_r1_full__as2,id_val,train_cv,100.0,0.9535325703389461,0.007654905319213867,0.9442231075697212,0.9450692591180582,0.9442222222222222,0.9444444444444444,0.9905324691828694,0.9887193588082933,port_protocol_service_ablation,88,74,14,src_port|dst_port|proto_icmp|proto_tcp|proto_udp|service|service_dce_rpc|service_dns|service_ftp|service_gssapi|service_http|service_smb|service_smb_gssapi|service_ssl,ksf-v4-idsplit::
quantum,svc,8,pauli_xz_r1_full__as2__svc__d8,pauli_xz_r1_full__as2,id_test,train_cv,100.0,0.9535325703389461,0.007654905319213867,0.9598393574297188,0.9598075929752066,0.9598075929752066,0.9586776859504132,0.9960614669421488,0.9958037783826306,port_protocol_service_ablation,88,74,14,src_port|dst_port|proto_icmp|proto_tcp|proto_udp|service|service_dce_rpc|service_dns|service_ftp|service_gssapi|service_http|service_smb|service_smb_gssapi|service_ssl,ksf-v4-idsplit::
quantum,svc,8,pauli_xz_r1_full__as2__svc__d8,pauli_xz_r1_full__as2,ood_test,train_cv,100.0,0.9535325703389461,0.007654905319213867,0.98,0.9794238683127572,0.9799538135865034,0.9809160305343512,0.9958847736625515,0.9825776562982256,port_protocol_service_ablation,88,74,14,src_port|dst_port|proto_icmp|proto_tcp|proto_udp|service|service_dce_rpc|service_dns|service_ftp|service_gssapi|service_http|service_smb|service_smb_gssapi|service_ssl,ksf-v4-idsplit::
quantum,svc,8,zmap_r2__as2__svc__d8,zmap_r2__as2,id_val,fixed_c1,1.0,,0.0049991607666015625,0.900398406374502,0.8997649002414538,0.9001702276596083,0.895397489539749,0.969119329012581,0.9448324840749207,port_protocol_service_ablation,88,74,14,src_port|dst_port|proto_icmp|proto_tcp|proto_udp|service|service_dce_rpc|service_dns|service_ftp|service_gssapi|service_http|service_smb|service_smb_gssapi|service_ssl,ksf-v4-idsplit::
quantum,svc,8,zmap_r2__as2__svc__d8,zmap_r2__as2,id_test,fixed_c1,1.0,,0.0049991607666015625,0.9156626506024096,0.9145790289256198,0.9153129808081626,0.9098712446351931,0.9930914256198347,0.9925040298921936,port_protocol_service_ablation,88,74,14,src_port|dst_port|proto_icmp|proto_tcp|proto_udp|service|service_dce_rpc|service_dns|service_ftp|service_gssapi|service_http|service_smb|service_smb_gssapi|service_ssl,ksf-v4-idsplit::
quantum,svc,8,zmap_r2__as2__svc__d8,zmap_r2__as2,ood_test,fixed_c1,1.0,,0.0049991607666015625,0.984,0.9835390946502058,0.9839689639141378,0.9846743295019157,0.9995836736001025,0.9996113369267214,port_protocol_service_ablation,88,74,14,src_port|dst_port|proto_icmp|proto_tcp|proto_udp|service|service_dce_rpc|service_dns|service_ftp|service_gssapi|service_http|service_smb|service_smb_gssapi|service_ssl,ksf-v4-idsplit::
quantum,svc,8,zmap_r2__as2__svc__d8,zmap_r2__as2,id_val,train_cv,100.0,0.9624534035760389,0.007905721664428711,0.9641434262948207,0.9648938874062778,0.9641434262948207,0.9641434262948207,0.9900876858558902,0.9861701957393731,port_protocol_service_ablation,88,74,14,src_port|dst_port|proto_icmp|proto_tcp|proto_udp|service|service_dce_rpc|service_dns|service_ftp|service_gssapi|service_http|service_smb|service_smb_gssapi|service_ssl,ksf-v4-idsplit::
quantum,svc,8,zmap_r2__as2__svc__d8,zmap_r2__as2,id_test,train_cv,100.0,0.9624534035760389,0.007905721664428711,0.9718875502008032,0.9722042871900827,0.9718802936194241,0.9714285714285714,0.9956740702479339,0.995349337473598,port_protocol_service_ablation,88,74,14,src_port|dst_port|proto_icmp|proto_tcp|proto_udp|service|service_dce_rpc|service_dns|service_ftp|service_gssapi|service_http|service_smb|service_smb_gssapi|service_ssl,ksf-v4-idsplit::
quantum,svc,8,zmap_r2__as2__svc__d8,zmap_r2__as2,ood_test,train_cv,100.0,0.9624534035760389,0.007905721664428711,0.98,0.9794238683127572,0.9799538135865034,0.9809160305343512,0.9914973339097852,0.9700908732780151,port_protocol_service_ablation,88,74,14,src_port|dst_port|proto_icmp|proto_tcp|proto_udp|service|service_dce_rpc|service_dns|service_ftp|service_gssapi|service_http|service_smb|service_smb_gssapi|service_ssl,ksf-v4-idsplit::
classical_ext,svc,10,linear__svc__d10,linear,id_val,fixed_c1,1.0,,0.004999399185180664,0.848605577689243,0.8460414283898843,0.8465572715572716,0.8288288288288288,0.8689159994916762,0.8921821689455607,port_protocol_service_ablation,88,74,14,src_port|dst_port|proto_icmp|proto_tcp|proto_udp|service|service_dce_rpc|service_dns|service_ftp|service_gssapi|service_http|service_smb|service_smb_gssapi|service_ssl,ksf-v4-idsplit::
classical_ext,svc,10,linear__svc__d10,linear,id_test,fixed_c1,1.0,,0.004999399185180664,0.9156626506024096,0.9134491219008265,0.9147329800244598,0.905829596412556,0.9307851239669421,0.9483969046394519,port_protocol_service_ablation,88,74,14,src_port|dst_port|proto_icmp|proto_tcp|proto_udp|service|service_dce_rpc|service_dns|service_ftp|service_gssapi|service_http|service_smb|service_smb_gssapi|service_ssl,ksf-v4-idsplit::
classical_ext,svc,10,linear__svc__d10,linear,ood_test,fixed_c1,1.0,,0.004999399185180664,0.61,0.6203983923395943,0.5541246896021877,0.39628482972136225,0.9847400361883717,0.9879350836616653,port_protocol_service_ablation,88,74,14,src_port|dst_port|proto_icmp|proto_tcp|proto_udp|service|service_dce_rpc|service_dns|service_ftp|service_gssapi|service_http|service_smb|service_smb_gssapi|service_ssl,ksf-v4-idsplit::
classical_ext,svc,10,linear__svc__d10,linear,id_val,train_cv,100.0,0.9050243135488605,0.007194042205810547,0.8764940239043825,0.8747299529800483,0.8755378537037926,0.8646288209606987,0.9061507180073708,0.9279209475195106,port_protocol_service_ablation,88,74,14,src_port|dst_port|proto_icmp|proto_tcp|proto_udp|service|service_dce_rpc|service_dns|service_ftp|service_gssapi|service_http|service_smb|service_smb_gssapi|service_ssl,ksf-v4-idsplit::
classical_ext,svc,10,linear__svc__d10,linear,id_test,train_cv,100.0,0.9050243135488605,0.007194042205810547,0.9317269076305221,0.9299780475206612,0.9311897524261585,0.9251101321585903,0.9424715909090909,0.9573594177170669,port_protocol_service_ablation,88,74,14,src_port|dst_port|proto_icmp|proto_tcp|proto_udp|service|service_dce_rpc|service_dns|service_ftp|service_gssapi|service_http|service_smb|service_smb_gssapi|service_ssl,ksf-v4-idsplit::
classical_ext,svc,10,linear__svc__d10,linear,ood_test,train_cv,100.0,0.9050243135488605,0.007194042205810547,0.618,0.6281804935069094,0.5660491386870601,0.41590214067278286,0.9937871291092217,0.993439435856692,port_protocol_service_ablation,88,74,14,src_port|dst_port|proto_icmp|proto_tcp|proto_udp|service|service_dce_rpc|service_dns|service_ftp|service_gssapi|service_http|service_smb|service_smb_gssapi|service_ssl,ksf-v4-idsplit::
classical_ext,svc,10,rbf_gscale__svc__d10,rbf_gscale,id_val,fixed_c1,1.0,,0.004828453063964844,0.900398406374502,0.8997649002414538,0.9001702276596083,0.895397489539749,0.9682297623586225,0.930748658655464,port_protocol_service_ablation,88,74,14,src_port|dst_port|proto_icmp|proto_tcp|proto_udp|service|service_dce_rpc|service_dns|service_ftp|service_gssapi|service_http|service_smb|service_smb_gssapi|service_ssl,ksf-v4-idsplit::
classical_ext,svc,10,rbf_gscale__svc__d10,rbf_gscale,id_test,fixed_c1,1.0,,0.004828453063964844,0.9076305220883534,0.9067665289256198,0.9073375940457892,0.902127659574468,0.9918646694214877,0.9914272278884261,port_protocol_service_ablation,88,74,14,src_port|dst_port|proto_icmp|proto_tcp|proto_udp|service|service_dce_rpc|service_dns|service_ftp|service_gssapi|service_http|service_smb|service_smb_gssapi|service_ssl,ksf-v4-idsplit::
classical_ext,svc,10,rbf_gscale__svc__d10,rbf_gscale,ood_test,fixed_c1,1.0,,0.004828453063964844,0.964,0.9632992265936494,0.9639023920681523,0.9657794676806084,0.9952122464011786,0.9816204156120568,port_protocol_service_ablation,88,74,14,src_port|dst_port|proto_icmp|proto_tcp|proto_udp|service|service_dce_rpc|service_dns|service_ftp|service_gssapi|service_http|service_smb|service_smb_gssapi|service_ssl,ksf-v4-idsplit::
classical_ext,svc,10,rbf_gscale__svc__d10,rbf_gscale,id_val,train_cv,100.0,0.9097284350787502,0.006513118743896484,0.9083665338645418,0.9079616215529291,0.9082208549943562,0.9045643153526971,0.9762358622442495,0.9676404992306815,port_protocol_service_ablation,88,74,14,src_port|dst_port|proto_icmp|proto_tcp|proto_udp|service|service_dce_rpc|service_dns|service_ftp|service_gssapi|service_http|service_smb|service_smb_gssapi|service_ssl,ksf-v4-idsplit::
classical_ext,svc,10,rbf_gscale__svc__d10,rbf_gscale,id_test,train_cv,100.0,0.9097284350787502,0.006513118743896484,0.9116465863453815,0.9108987603305785,0.9114050976840471,0.9067796610169492,0.9888946280991735,0.9877041705438518,port_protocol_service_ablation,88,74,14,src_port|dst_port|proto_icmp|proto_tcp|proto_udp|service|service_dce_rpc|service_dns|service_ftp|service_gssapi|service_http|service_smb|service_smb_gssapi|service_ssl,ksf-v4-idsplit::
classical_ext,svc,10,rbf_gscale__svc__d10,rbf_gscale,ood_test,train_cv,100.0,0.9097284350787502,0.006513118743896484,0.97,0.9691358024691358,0.9698987393592043,0.9716446124763705,0.9788153912667531,0.9800247479950912,port_protocol_service_ablation,88,74,14,src_port|dst_port|proto_icmp|proto_tcp|proto_udp|service|service_dce_rpc|service_dns|service_ftp|service_gssapi|service_http|service_smb|service_smb_gssapi|service_ssl,ksf-v4-idsplit::
classical_ext,svc,10,poly2__svc__d10,poly2,id_val,fixed_c1,1.0,,0.005998134613037109,0.8645418326693227,0.8633244376667937,0.8639175915295318,0.8547008547008547,0.8758419112974966,0.9051852555717272,port_protocol_service_ablation,88,74,14,src_port|dst_port|proto_icmp|proto_tcp|proto_udp|service|service_dce_rpc|service_dns|service_ftp|service_gssapi|service_http|service_smb|service_smb_gssapi|service_ssl,ksf-v4-idsplit::
classical_ext,svc,10,poly2__svc__d10,poly2,id_test,fixed_c1,1.0,,0.005998134613037109,0.8995983935742972,0.898050103305785,0.8989464456745833,0.8908296943231441,0.9347236570247934,0.951205044532927,port_protocol_service_ablation,88,74,14,src_port|dst_port|proto_icmp|proto_tcp|proto_udp|service|service_dce_rpc|service_dns|service_ftp|service_gssapi|service_http|service_smb|service_smb_gssapi|service_ssl,ksf-v4-idsplit::
classical_ext,svc,10,poly2__svc__d10,poly2,ood_test,fixed_c1,1.0,,0.005998134613037109,0.968,0.9678628044386799,0.9679671984111731,0.9689922480620154,0.984980224496005,0.9879822896890095,port_protocol_service_ablation,88,74,14,src_port|dst_port|proto_icmp|proto_tcp|proto_udp|service|service_dce_rpc|service_dns|service_ftp|service_gssapi|service_http|service_smb|service_smb_gssapi|service_ssl,ksf-v4-idsplit::
classical_ext,svc,10,poly2__svc__d10,poly2,id_val,train_cv,100.0,0.9068852030930401,0.0059986114501953125,0.8924302788844621,0.8920129622569577,0.8922592645585921,0.8879668049792531,0.966768331427119,0.9617301629932048,port_protocol_service_ablation,88,74,14,src_port|dst_port|proto_icmp|proto_tcp|proto_udp|service|service_dce_rpc|service_dns|service_ftp|service_gssapi|service_http|service_smb|service_smb_gssapi|service_ssl,ksf-v4-idsplit::
classical_ext,svc,10,poly2__svc__d10,poly2,id_test,train_cv,100.0,0.9068852030930401,0.0059986114501953125,0.9076305220883534,0.9067665289256198,0.9073375940457892,0.902127659574468,0.9832773760330579,0.9849616566466884,port_protocol_service_ablation,88,74,14,src_port|dst_port|proto_icmp|proto_tcp|proto_udp|service|service_dce_rpc|service_dns|service_ftp|service_gssapi|service_http|service_smb|service_smb_gssapi|service_ssl,ksf-v4-idsplit::
classical_ext,svc,10,poly2__svc__d10,poly2,ood_test,train_cv,100.0,0.9068852030930401,0.0059986114501953125,0.962,0.9612416134249251,0.9618888679389099,0.9639468690702088,0.9926502377864246,0.9927824257449026,port_protocol_service_ablation,88,74,14,src_port|dst_port|proto_icmp|proto_tcp|proto_udp|service|service_dce_rpc|service_dns|service_ftp|service_gssapi|service_http|service_smb|service_smb_gssapi|service_ssl,ksf-v4-idsplit::
classical_ext,svc,10,poly3__svc__d10,poly3,id_val,fixed_c1,1.0,,0.005002021789550781,0.8645418326693227,0.8633244376667937,0.8639175915295318,0.8547008547008547,0.909963146524336,0.9281616157360222,port_protocol_service_ablation,88,74,14,src_port|dst_port|proto_icmp|proto_tcp|proto_udp|service|service_dce_rpc|service_dns|service_ftp|service_gssapi|service_http|service_smb|service_smb_gssapi|service_ssl,ksf-v4-idsplit::
classical_ext,svc,10,poly3__svc__d10,poly3,id_test,fixed_c1,1.0,,0.005002021789550781,0.8995983935742972,0.898050103305785,0.8989464456745833,0.8908296943231441,0.9483471074380165,0.9608614850181934,port_protocol_service_ablation,88,74,14,src_port|dst_port|proto_icmp|proto_tcp|proto_udp|service|service_dce_rpc|service_dns|service_ftp|service_gssapi|service_http|service_smb|service_smb_gssapi|service_ssl,ksf-v4-idsplit::
classical_ext,svc,10,poly3__svc__d10,poly3,ood_test,fixed_c1,1.0,,0.005002021789550781,0.968,0.9678628044386799,0.9679671984111731,0.9689922480620154,0.9922018862788426,0.9924367303400383,port_protocol_service_ablation,88,74,14,src_port|dst_port|proto_icmp|proto_tcp|proto_udp|service|service_dce_rpc|service_dns|service_ftp|service_gssapi|service_http|service_smb|service_smb_gssapi|service_ssl,ksf-v4-idsplit::
classical_ext,svc,10,poly3__svc__d10,poly3,id_val,train_cv,100.0,0.9079161309280916,0.007842302322387695,0.896414342629482,0.8958889312492058,0.8962150127226463,0.8916666666666667,0.9727411361036981,0.964939672118005,port_protocol_service_ablation,88,74,14,src_port|dst_port|proto_icmp|proto_tcp|proto_udp|service|service_dce_rpc|service_dns|service_ftp|service_gssapi|service_http|service_smb|service_smb_gssapi|service_ssl,ksf-v4-idsplit::
classical_ext,svc,10,poly3__svc__d10,poly3,id_test,train_cv,100.0,0.9079161309280916,0.007842302322387695,0.9076305220883534,0.9067665289256198,0.9073375940457892,0.902127659574468,0.9890883264462811,0.9879593902715065,port_protocol_service_ablation,88,74,14,src_port|dst_port|proto_icmp|proto_tcp|proto_udp|service|service_dce_rpc|service_dns|service_ftp|service_gssapi|service_http|service_smb|service_smb_gssapi|service_ssl,ksf-v4-idsplit::
classical_ext,svc,10,poly3__svc__d10,poly3,ood_test,train_cv,100.0,0.9079161309280916,0.007842302322387695,0.97,0.9691358024691358,0.9698987393592043,0.9716446124763705,0.9991833597540473,0.9992640852491768,port_protocol_service_ablation,88,74,14,src_port|dst_port|proto_icmp|proto_tcp|proto_udp|service|service_dce_rpc|service_dns|service_ftp|service_gssapi|service_http|service_smb|service_smb_gssapi|service_ssl,ksf-v4-idsplit::
classical_ext,svc,10,laplacian_med__svc__d10,laplacian_med,id_val,fixed_c1,1.0,,0.0040018558502197266,0.900398406374502,0.8997649002414538,0.9001702276596083,0.895397489539749,0.9803024526623458,0.9710873302013772,port_protocol_service_ablation,88,74,14,src_port|dst_port|proto_icmp|proto_tcp|proto_udp|service|service_dce_rpc|service_dns|service_ftp|service_gssapi|service_http|service_smb|service_smb_gssapi|service_ssl,ksf-v4-idsplit::
classical_ext,svc,10,laplacian_med__svc__d10,laplacian_med,id_test,fixed_c1,1.0,,0.0040018558502197266,0.9076305220883534,0.9067665289256198,0.9073375940457892,0.902127659574468,0.9914127066115702,0.9908831658955677,port_protocol_service_ablation,88,74,14,src_port|dst_port|proto_icmp|proto_tcp|proto_udp|service|service_dce_rpc|service_dns|service_ftp|service_gssapi|service_http|service_smb|service_smb_gssapi|service_ssl,ksf-v4-idsplit::
classical_ext,svc,10,laplacian_med__svc__d10,laplacian_med,ood_test,fixed_c1,1.0,,0.0040018558502197266,0.97,0.9691358024691358,0.9698987393592043,0.9716446124763705,0.9977582424620902,0.9978720265141714,port_protocol_service_ablation,88,74,14,src_port|dst_port|proto_icmp|proto_tcp|proto_udp|service|service_dce_rpc|service_dns|service_ftp|service_gssapi|service_http|service_smb|service_smb_gssapi|service_ssl,ksf-v4-idsplit::
classical_ext,svc,10,laplacian_med__svc__d10,laplacian_med,id_val,train_cv,100.0,0.9734225466381282,0.0037565231323242188,0.9800796812749004,0.9806201550387597,0.9800784164325285,0.9799196787148594,0.9989198119201932,0.9988860586321865,port_protocol_service_ablation,88,74,14,src_port|dst_port|proto_icmp|proto_tcp|proto_udp|service|service_dce_rpc|service_dns|service_ftp|service_gssapi|service_http|service_smb|service_smb_gssapi|service_ssl,ksf-v4-idsplit::
classical_ext,svc,10,laplacian_med__svc__d10,laplacian_med,id_test,train_cv,100.0,0.9734225466381282,0.0037565231323242188,0.9799196787148594,0.98046875,0.9799183831475717,0.979757085020243,0.9992252066115702,0.9992001785973605,port_protocol_service_ablation,88,74,14,src_port|dst_port|proto_icmp|proto_tcp|proto_udp|service|service_dce_rpc|service_dns|service_ftp|service_gssapi|service_http|service_smb|service_smb_gssapi|service_ssl,ksf-v4-idsplit::
classical_ext,svc,10,laplacian_med__svc__d10,laplacian_med,ood_test,train_cv,100.0,0.9734225466381282,0.0037565231323242188,0.984,0.9835390946502058,0.9839689639141378,0.9846743295019157,0.9959007862163937,0.9843859018019832,port_protocol_service_ablation,88,74,14,src_port|dst_port|proto_icmp|proto_tcp|proto_udp|service|service_dce_rpc|service_dns|service_ftp|service_gssapi|service_http|service_smb|service_smb_gssapi|service_ssl,ksf-v4-idsplit::
classical_ext,svc,10,matern15_med__svc__d10,matern15_med,id_val,fixed_c1,1.0,,0.004631996154785156,0.900398406374502,0.8997649002414538,0.9001702276596083,0.895397489539749,0.9684839242597534,0.9335075207032716,port_protocol_service_ablation,88,74,14,src_port|dst_port|proto_icmp|proto_tcp|proto_udp|service|service_dce_rpc|service_dns|service_ftp|service_gssapi|service_http|service_smb|service_smb_gssapi|service_ssl,ksf-v4-idsplit::
classical_ext,svc,10,matern15_med__svc__d10,matern15_med,id_test,fixed_c1,1.0,,0.004631996154785156,0.9076305220883534,0.9067665289256198,0.9073375940457892,0.902127659574468,0.9918646694214877,0.9914277700551157,port_protocol_service_ablation,88,74,14,src_port|dst_port|proto_icmp|proto_tcp|proto_udp|service|service_dce_rpc|service_dns|service_ftp|service_gssapi|service_http|service_smb|service_smb_gssapi|service_ssl,ksf-v4-idsplit::
classical_ext,svc,10,matern15_med__svc__d10,matern15_med,ood_test,fixed_c1,1.0,,0.004631996154785156,0.966,0.9653568397623737,0.9659147869674185,0.9676190476190476,0.995164208739652,0.981579776782598,port_protocol_service_ablation,88,74,14,src_port|dst_port|proto_icmp|proto_tcp|proto_udp|service|service_dce_rpc|service_dns|service_ftp|service_gssapi|service_http|service_smb|service_smb_gssapi|service_ssl,ksf-v4-idsplit::
classical_ext,svc,10,matern15_med__svc__d10,matern15_med,id_val,train_cv,100.0,0.9194785563417331,0.0077440738677978516,0.9123505976095617,0.9120599822086669,0.9122377622377622,0.9090909090909091,0.9809378574151735,0.975399612072618,port_protocol_service_ablation,88,74,14,src_port|dst_port|proto_icmp|proto_tcp|proto_udp|service|service_dce_rpc|service_dns|service_ftp|service_gssapi|service_http|service_smb|service_smb_gssapi|service_ssl,ksf-v4-idsplit::
classical_ext,svc,10,matern15_med__svc__d10,matern15_med,id_test,train_cv,100.0,0.9194785563417331,0.0077440738677978516,0.9196787148594378,0.9187112603305785,0.9193861693861693,0.9145299145299145,0.9901213842975207,0.9893102175982948,port_protocol_service_ablation,88,74,14,src_port|dst_port|proto_icmp|proto_tcp|proto_udp|service|service_dce_rpc|service_dns|service_ftp|service_gssapi|service_http|service_smb|service_smb_gssapi|service_ssl,ksf-v4-idsplit::
classical_ext,svc,10,matern15_med__svc__d10,matern15_med,ood_test,train_cv,100.0,0.9194785563417331,0.0077440738677978516,0.98,0.9794238683127572,0.9799538135865034,0.9809160305343512,0.9996637363693135,0.999686744883769,port_protocol_service_ablation,88,74,14,src_port|dst_port|proto_icmp|proto_tcp|proto_udp|service|service_dce_rpc|service_dns|service_ftp|service_gssapi|service_http|service_smb|service_smb_gssapi|service_ssl,ksf-v4-idsplit::
classical_ext,svc,10,matern25_med__svc__d10,matern25_med,id_val,fixed_c1,1.0,,0.004207611083984375,0.896414342629482,0.8958889312492058,0.8962150127226463,0.8916666666666667,0.9128860083873427,0.9091168227160459,port_protocol_service_ablation,88,74,14,src_port|dst_port|proto_icmp|proto_tcp|proto_udp|service|service_dce_rpc|service_dns|service_ftp|service_gssapi|service_http|service_smb|service_smb_gssapi|service_ssl,ksf-v4-idsplit::
classical_ext,svc,10,matern25_med__svc__d10,matern25_med,id_test,fixed_c1,1.0,,0.004207611083984375,0.9076305220883534,0.9067665289256198,0.9073375940457892,0.902127659574468,0.9517691115702479,0.9656352343012365,port_protocol_service_ablation,88,74,14,src_port|dst_port|proto_icmp|proto_tcp|proto_udp|service|service_dce_rpc|service_dns|service_ftp|service_gssapi|service_http|service_smb|service_smb_gssapi|service_ssl,ksf-v4-idsplit::
classical_ext,svc,10,matern25_med__svc__d10,matern25_med,ood_test,fixed_c1,1.0,,0.004207611083984375,0.964,0.9632992265936494,0.9639023920681523,0.9657794676806084,0.9951642087396518,0.9815801667343318,port_protocol_service_ablation,88,74,14,src_port|dst_port|proto_icmp|proto_tcp|proto_udp|service|service_dce_rpc|service_dns|service_ftp|service_gssapi|service_http|service_smb|service_smb_gssapi|service_ssl,ksf-v4-idsplit::
classical_ext,svc,10,matern25_med__svc__d10,matern25_med,id_val,train_cv,1.0,0.9079161309280916,0.005000114440917969,0.896414342629482,0.8958889312492058,0.8962150127226463,0.8916666666666667,0.9128860083873427,0.9091168227160459,port_protocol_service_ablation,88,74,14,src_port|dst_port|proto_icmp|proto_tcp|proto_udp|service|service_dce_rpc|service_dns|service_ftp|service_gssapi|service_http|service_smb|service_smb_gssapi|service_ssl,ksf-v4-idsplit::
classical_ext,svc,10,matern25_med__svc__d10,matern25_med,id_test,train_cv,1.0,0.9079161309280916,0.005000114440917969,0.9076305220883534,0.9067665289256198,0.9073375940457892,0.902127659574468,0.9517691115702479,0.9656352343012365,port_protocol_service_ablation,88,74,14,src_port|dst_port|proto_icmp|proto_tcp|proto_udp|service|service_dce_rpc|service_dns|service_ftp|service_gssapi|service_http|service_smb|service_smb_gssapi|service_ssl,ksf-v4-idsplit::
classical_ext,svc,10,matern25_med__svc__d10,matern25_med,ood_test,train_cv,1.0,0.9079161309280916,0.005000114440917969,0.964,0.9632992265936494,0.9639023920681523,0.9657794676806084,0.9951642087396518,0.9815801667343318,port_protocol_service_ablation,88,74,14,src_port|dst_port|proto_icmp|proto_tcp|proto_udp|service|service_dce_rpc|service_dns|service_ftp|service_gssapi|service_http|service_smb|service_smb_gssapi|service_ssl,ksf-v4-idsplit::
classical_ext,svc,10,rbf_gscale_x0.1__svc__d10,rbf_gscale_x0.1,id_val,fixed_c1,1.0,,0.007002592086791992,0.8406374501992032,0.8373999237514297,0.8374773374773374,0.8148148148148148,0.9287711272080315,0.9279729086140598,port_protocol_service_ablation,88,74,14,src_port|dst_port|proto_icmp|proto_tcp|proto_udp|service|service_dce_rpc|service_dns|service_ftp|service_gssapi|service_http|service_smb|service_smb_gssapi|service_ssl,ksf-v4-idsplit::
classical_ext,svc,10,rbf_gscale_x0.1__svc__d10,rbf_gscale_x0.1,id_test,fixed_c1,1.0,,0.007002592086791992,0.9036144578313253,0.9008264462809917,0.9020969855832242,0.8899082568807339,0.9642303719008265,0.9694525335340247,port_protocol_service_ablation,88,74,14,src_port|dst_port|proto_icmp|proto_tcp|proto_udp|service|service_dce_rpc|service_dns|service_ftp|service_gssapi|service_http|service_smb|service_smb_gssapi|service_ssl,ksf-v4-idsplit::
classical_ext,svc,10,rbf_gscale_x0.1__svc__d10,rbf_gscale_x0.1,ood_test,fixed_c1,1.0,,0.007002592086791992,0.61,0.6203983923395943,0.5541246896021877,0.39628482972136225,0.991321195817521,0.9780562881710508,port_protocol_service_ablation,88,74,14,src_port|dst_port|proto_icmp|proto_tcp|proto_udp|service|service_dce_rpc|service_dns|service_ftp|service_gssapi|service_http|service_smb|service_smb_gssapi|service_ssl,ksf-v4-idsplit::
classical_ext,svc,10,rbf_gscale_x0.1__svc__d10,rbf_gscale_x0.1,id_val,train_cv,100.0,0.9079161309280916,0.005809307098388672,0.896414342629482,0.8958889312492058,0.8962150127226463,0.8916666666666667,0.9140297369424324,0.9375755206070548,port_protocol_service_ablation,88,74,14,src_port|dst_port|proto_icmp|proto_tcp|proto_udp|service|service_dce_rpc|service_dns|service_ftp|service_gssapi|service_http|service_smb|service_smb_gssapi|service_ssl,ksf-v4-idsplit::
classical_ext,svc,10,rbf_gscale_x0.1__svc__d10,rbf_gscale_x0.1,id_test,train_cv,100.0,0.9079161309280916,0.005809307098388672,0.9076305220883534,0.9067665289256198,0.9073375940457892,0.902127659574468,0.9466038223140496,0.9618431846907989,port_protocol_service_ablation,88,74,14,src_port|dst_port|proto_icmp|proto_tcp|proto_udp|service|service_dce_rpc|service_dns|service_ftp|service_gssapi|service_http|service_smb|service_smb_gssapi|service_ssl,ksf-v4-idsplit::
classical_ext,svc,10,rbf_gscale_x0.1__svc__d10,rbf_gscale_x0.1,ood_test,train_cv,100.0,0.9079161309280916,0.005809307098388672,0.962,0.9612416134249251,0.9618888679389099,0.9639468690702088,0.9960929368625003,0.996099005066762,port_protocol_service_ablation,88,74,14,src_port|dst_port|proto_icmp|proto_tcp|proto_udp|service|service_dce_rpc|service_dns|service_ftp|service_gssapi|service_http|service_smb|service_smb_gssapi|service_ssl,ksf-v4-idsplit::
classical_ext,svc,10,rbf_gscale_x0.3__svc__d10,rbf_gscale_x0.3,id_val,fixed_c1,1.0,,0.00577855110168457,0.8645418326693227,0.8633244376667937,0.8639175915295318,0.8547008547008547,0.913330791714322,0.9315383373919798,port_protocol_service_ablation,88,74,14,src_port|dst_port|proto_icmp|proto_tcp|proto_udp|service|service_dce_rpc|service_dns|service_ftp|service_gssapi|service_http|service_smb|service_smb_gssapi|service_ssl,ksf-v4-idsplit::
classical_ext,svc,10,rbf_gscale_x0.3__svc__d10,rbf_gscale_x0.3,id_test,fixed_c1,1.0,,0.00577855110168457,0.8995983935742972,0.898050103305785,0.8989464456745833,0.8908296943231441,0.9476368801652892,0.9597517588554156,port_protocol_service_ablation,88,74,14,src_port|dst_port|proto_icmp|proto_tcp|proto_udp|service|service_dce_rpc|service_dns|service_ftp|service_gssapi|service_http|service_smb|service_smb_gssapi|service_ssl,ksf-v4-idsplit::
classical_ext,svc,10,rbf_gscale_x0.3__svc__d10,rbf_gscale_x0.3,ood_test,fixed_c1,1.0,,0.00577855110168457,0.962,0.961689964932507,0.961945048650251,0.9633911368015414,0.9922018862788426,0.9924367303400383,port_protocol_service_ablation,88,74,14,src_port|dst_port|proto_icmp|proto_tcp|proto_udp|service|service_dce_rpc|service_dns|service_ftp|service_gssapi|service_http|service_smb|service_smb_gssapi|service_ssl,ksf-v4-idsplit::
classical_ext,svc,10,rbf_gscale_x0.3__svc__d10,rbf_gscale_x0.3,id_val,train_cv,10.0,0.9079161309280916,0.005481719970703125,0.896414342629482,0.8958889312492058,0.8962150127226463,0.8916666666666667,0.9160630321514804,0.9380273808780027,port_protocol_service_ablation,88,74,14,src_port|dst_port|proto_icmp|proto_tcp|proto_udp|service|service_dce_rpc|service_dns|service_ftp|service_gssapi|service_http|service_smb|service_smb_gssapi|service_ssl,ksf-v4-idsplit::
classical_ext,svc,10,rbf_gscale_x0.3__svc__d10,rbf_gscale_x0.3,id_test,train_cv,10.0,0.9079161309280916,0.005481719970703125,0.9076305220883534,0.9067665289256198,0.9073375940457892,0.902127659574468,0.9484762396694215,0.9625341295868549,port_protocol_service_ablation,88,74,14,src_port|dst_port|proto_icmp|proto_tcp|proto_udp|service|service_dce_rpc|service_dns|service_ftp|service_gssapi|service_http|service_smb|service_smb_gssapi|service_ssl,ksf-v4-idsplit::
classical_ext,svc,10,rbf_gscale_x0.3__svc__d10,rbf_gscale_x0.3,ood_test,train_cv,10.0,0.9079161309280916,0.005481719970703125,0.962,0.9612416134249251,0.9618888679389099,0.9639468690702088,0.9961409745240268,0.9960217655863444,port_protocol_service_ablation,88,74,14,src_port|dst_port|proto_icmp|proto_tcp|proto_udp|service|service_dce_rpc|service_dns|service_ftp|service_gssapi|service_http|service_smb|service_smb_gssapi|service_ssl,ksf-v4-idsplit::
classical_ext,svc,10,rbf_gscale_x3__svc__d10,rbf_gscale_x3,id_val,fixed_c1,1.0,,0.004999399185180664,0.900398406374502,0.8997649002414538,0.9001702276596083,0.895397489539749,0.968611005210319,0.9452710572097189,port_protocol_service_ablation,88,74,14,src_port|dst_port|proto_icmp|proto_tcp|proto_udp|service|service_dce_rpc|service_dns|service_ftp|service_gssapi|service_http|service_smb|service_smb_gssapi|service_ssl,ksf-v4-idsplit::
classical_ext,svc,10,rbf_gscale_x3__svc__d10,rbf_gscale_x3,id_test,fixed_c1,1.0,,0.004999399185180664,0.9076305220883534,0.9067665289256198,0.9073375940457892,0.902127659574468,0.9919292355371901,0.9915066009291742,port_protocol_service_ablation,88,74,14,src_port|dst_port|proto_icmp|proto_tcp|proto_udp|service|service_dce_rpc|service_dns|service_ftp|service_gssapi|service_http|service_smb|service_smb_gssapi|service_ssl,ksf-v4-idsplit::
classical_ext,svc,10,rbf_gscale_x3__svc__d10,rbf_gscale_x3,ood_test,fixed_c1,1.0,,0.004999399185180664,0.964,0.9632992265936494,0.9639023920681523,0.9657794676806084,0.9991353220925204,0.9992235443521297,port_protocol_service_ablation,88,74,14,src_port|dst_port|proto_icmp|proto_tcp|proto_udp|service|service_dce_rpc|service_dns|service_ftp|service_gssapi|service_http|service_smb|service_smb_gssapi|service_ssl,ksf-v4-idsplit::
classical_ext,svc,10,rbf_gscale_x3__svc__d10,rbf_gscale_x3,id_val,train_cv,100.0,0.9282164204194032,0.007999420166015625,0.9123505976095617,0.9120599822086669,0.9122377622377622,0.9090909090909091,0.980302452662346,0.967341903575487,port_protocol_service_ablation,88,74,14,src_port|dst_port|proto_icmp|proto_tcp|proto_udp|service|service_dce_rpc|service_dns|service_ftp|service_gssapi|service_http|service_smb|service_smb_gssapi|service_ssl,ksf-v4-idsplit::
classical_ext,svc,10,rbf_gscale_x3__svc__d10,rbf_gscale_x3,id_test,train_cv,100.0,0.9282164204194032,0.007999420166015625,0.9116465863453815,0.9108987603305785,0.9114050976840471,0.9067796610169492,0.9919938016528925,0.9915547496163817,port_protocol_service_ablation,88,74,14,src_port|dst_port|proto_icmp|proto_tcp|proto_udp|service|service_dce_rpc|service_dns|service_ftp|service_gssapi|service_http|service_smb|service_smb_gssapi|service_ssl,ksf-v4-idsplit::
classical_ext,svc,10,rbf_gscale_x3__svc__d10,rbf_gscale_x3,ood_test,train_cv,100.0,0.9282164204194032,0.007999420166015625,0.97,0.9691358024691358,0.9698987393592043,0.9716446124763705,0.9999039246769467,0.9999112307851635,port_protocol_service_ablation,88,74,14,src_port|dst_port|proto_icmp|proto_tcp|proto_udp|service|service_dce_rpc|service_dns|service_ftp|service_gssapi|service_http|service_smb|service_smb_gssapi|service_ssl,ksf-v4-idsplit::
classical_ext,svc,10,rbf_gscale_x10__svc__d10,rbf_gscale_x10,id_val,fixed_c1,1.0,,0.00466156005859375,0.900398406374502,0.8997649002414538,0.9001702276596083,0.895397489539749,0.9642902528910917,0.9190619120146498,port_protocol_service_ablation,88,74,14,src_port|dst_port|proto_icmp|proto_tcp|proto_udp|service|service_dce_rpc|service_dns|service_ftp|service_gssapi|service_http|service_smb|service_smb_gssapi|service_ssl,ksf-v4-idsplit::
classical_ext,svc,10,rbf_gscale_x10__svc__d10,rbf_gscale_x10,id_test,fixed_c1,1.0,,0.00466156005859375,0.9076305220883534,0.9067665289256198,0.9073375940457892,0.902127659574468,0.9899922520661157,0.9891092570526159,port_protocol_service_ablation,88,74,14,src_port|dst_port|proto_icmp|proto_tcp|proto_udp|service|service_dce_rpc|service_dns|service_ftp|service_gssapi|service_http|service_smb|service_smb_gssapi|service_ssl,ksf-v4-idsplit::
classical_ext,svc,10,rbf_gscale_x10__svc__d10,rbf_gscale_x10,ood_test,fixed_c1,1.0,,0.00466156005859375,0.972,0.9711934156378601,0.971911915767848,0.9734848484848485,0.998879121231045,0.9989725077031739,port_protocol_service_ablation,88,74,14,src_port|dst_port|proto_icmp|proto_tcp|proto_udp|service|service_dce_rpc|service_dns|service_ftp|service_gssapi|service_http|service_smb|service_smb_gssapi|service_ssl,ksf-v4-idsplit::
classical_ext,svc,10,rbf_gscale_x10__svc__d10,rbf_gscale_x10,id_val,train_cv,100.0,0.9419608096004353,0.007853507995605469,0.9362549800796812,0.9366501461430932,0.936245872491745,0.9354838709677419,0.9905960096581523,0.990444109322901,port_protocol_service_ablation,88,74,14,src_port|dst_port|proto_icmp|proto_tcp|proto_udp|service|service_dce_rpc|service_dns|service_ftp|service_gssapi|service_http|service_smb|service_smb_gssapi|service_ssl,ksf-v4-idsplit::
classical_ext,svc,10,rbf_gscale_x10__svc__d10,rbf_gscale_x10,id_test,train_cv,100.0,0.9419608096004353,0.007853507995605469,0.9477911646586346,0.9476368801652892,0.9477372168493792,0.946058091286307,0.9939307851239669,0.9934915845773454,port_protocol_service_ablation,88,74,14,src_port|dst_port|proto_icmp|proto_tcp|proto_udp|service|service_dce_rpc|service_dns|service_ftp|service_gssapi|service_http|service_smb|service_smb_gssapi|service_ssl,ksf-v4-idsplit::
classical_ext,svc,10,rbf_gscale_x10__svc__d10,rbf_gscale_x10,ood_test,train_cv,100.0,0.9419608096004353,0.007853507995605469,0.982,0.9814814814814814,0.981961831234893,0.982791586998088,0.9954684472626539,0.9944740850932661,port_protocol_service_ablation,88,74,14,src_port|dst_port|proto_icmp|proto_tcp|proto_udp|service|service_dce_rpc|service_dns|service_ftp|service_gssapi|service_http|service_smb|service_smb_gssapi|service_ssl,ksf-v4-idsplit::
classical_ext,svc,10,laplacian_med_x0.1__svc__d10,laplacian_med_x0.1,id_val,fixed_c1,1.0,,0.004998922348022461,0.9561752988047809,0.9571419494217817,0.9561725161515628,0.9565217391304348,0.9951709238785107,0.9950906060912393,port_protocol_service_ablation,88,74,14,src_port|dst_port|proto_icmp|proto_tcp|proto_udp|service|service_dce_rpc|service_dns|service_ftp|service_gssapi|service_http|service_smb|service_smb_gssapi|service_ssl,ksf-v4-idsplit::
classical_ext,svc,10,laplacian_med_x0.1__svc__d10,laplacian_med_x0.1,id_test,fixed_c1,1.0,,0.004998922348022461,0.9678714859437751,0.9682980371900827,0.9678668215253581,0.967479674796748,0.9950284090909091,0.9946548571075035,port_protocol_service_ablation,88,74,14,src_port|dst_port|proto_icmp|proto_tcp|proto_udp|service|service_dce_rpc|service_dns|service_ftp|service_gssapi|service_http|service_smb|service_smb_gssapi|service_ssl,ksf-v4-idsplit::
classical_ext,svc,10,laplacian_med_x0.1__svc__d10,laplacian_med_x0.1,ood_test,fixed_c1,1.0,,0.004998922348022461,0.982,0.9814814814814814,0.981961831234893,0.982791586998088,0.9991193095386783,0.9991792392043112,port_protocol_service_ablation,88,74,14,src_port|dst_port|proto_icmp|proto_tcp|proto_udp|service|service_dce_rpc|service_dns|service_ftp|service_gssapi|service_http|service_smb|service_smb_gssapi|service_ssl,ksf-v4-idsplit::
classical_ext,svc,10,laplacian_med_x0.1__svc__d10,laplacian_med_x0.1,id_val,train_cv,10.0,0.9734225466381282,0.004262685775756836,0.9800796812749004,0.9806201550387597,0.9800784164325285,0.9799196787148594,0.9988562714449105,0.9988210573103108,port_protocol_service_ablation,88,74,14,src_port|dst_port|proto_icmp|proto_tcp|proto_udp|service|service_dce_rpc|service_dns|service_ftp|service_gssapi|service_http|service_smb|service_smb_gssapi|service_ssl,ksf-v4-idsplit::
classical_ext,svc,10,laplacian_med_x0.1__svc__d10,laplacian_med_x0.1,id_test,train_cv,10.0,0.9734225466381282,0.004262685775756836,0.9799196787148594,0.98046875,0.9799183831475717,0.979757085020243,0.9992252066115702,0.9992001785973605,port_protocol_service_ablation,88,74,14,src_port|dst_port|proto_icmp|proto_tcp|proto_udp|service|service_dce_rpc|service_dns|service_ftp|service_gssapi|service_http|service_smb|service_smb_gssapi|service_ssl,ksf-v4-idsplit::
classical_ext,svc,10,laplacian_med_x0.1__svc__d10,laplacian_med_x0.1,ood_test,train_cv,10.0,0.9734225466381282,0.004262685775756836,0.984,0.9835390946502058,0.9839689639141378,0.9846743295019157,0.9957886983394981,0.9822308601946017,port_protocol_service_ablation,88,74,14,src_port|dst_port|proto_icmp|proto_tcp|proto_udp|service|service_dce_rpc|service_dns|service_ftp|service_gssapi|service_http|service_smb|service_smb_gssapi|service_ssl,ksf-v4-idsplit::
classical_ext,svc,10,laplacian_med_x0.3__svc__d10,laplacian_med_x0.3,id_val,fixed_c1,1.0,,0.0052983760833740234,0.9362549800796812,0.9366501461430932,0.936245872491745,0.9354838709677419,0.9900241453806076,0.9897434111278463,port_protocol_service_ablation,88,74,14,src_port|dst_port|proto_icmp|proto_tcp|proto_udp|service|service_dce_rpc|service_dns|service_ftp|service_gssapi|service_http|service_smb|service_smb_gssapi|service_ssl,ksf-v4-idsplit::
classical_ext,svc,10,laplacian_med_x0.3__svc__d10,laplacian_med_x0.3,id_test,fixed_c1,1.0,,0.0052983760833740234,0.9477911646586346,0.9476368801652892,0.9477372168493792,0.946058091286307,0.9926394628099173,0.9920140981340801,port_protocol_service_ablation,88,74,14,src_port|dst_port|proto_icmp|proto_tcp|proto_udp|service|service_dce_rpc|service_dns|service_ftp|service_gssapi|service_http|service_smb|service_smb_gssapi|service_ssl,ksf-v4-idsplit::
classical_ext,svc,10,laplacian_med_x0.3__svc__d10,laplacian_med_x0.3,ood_test,fixed_c1,1.0,,0.0052983760833740234,0.982,0.9814814814814814,0.981961831234893,0.982791586998088,0.9979503931081968,0.9980360428432886,port_protocol_service_ablation,88,74,14,src_port|dst_port|proto_icmp|proto_tcp|proto_udp|service|service_dce_rpc|service_dns|service_ftp|service_gssapi|service_http|service_smb|service_smb_gssapi|service_ssl,ksf-v4-idsplit::
classical_ext,svc,10,laplacian_med_x0.3__svc__d10,laplacian_med_x0.3,id_val,train_cv,100.0,0.9706300333761924,0.004369974136352539,0.9760956175298805,0.976521794383022,0.9760922021844044,0.9758064516129032,0.9991739738213241,0.9991745713928171,port_protocol_service_ablation,88,74,14,src_port|dst_port|proto_icmp|proto_tcp|proto_udp|service|service_dce_rpc|service_dns|service_ftp|service_gssapi|service_http|service_smb|service_smb_gssapi|service_ssl,ksf-v4-idsplit::
classical_ext,svc,10,laplacian_med_x0.3__svc__d10,laplacian_med_x0.3,id_test,train_cv,100.0,0.9706300333761924,0.004369974136352539,0.9839357429718876,0.984375,0.983933410762679,0.983739837398374,0.9994834710743801,0.9994689416155692,port_protocol_service_ablation,88,74,14,src_port|dst_port|proto_icmp|proto_tcp|proto_udp|service|service_dce_rpc|service_dns|service_ftp|service_gssapi|service_http|service_smb|service_smb_gssapi|service_ssl,ksf-v4-idsplit::
classical_ext,svc,10,laplacian_med_x0.3__svc__d10,laplacian_med_x0.3,ood_test,train_cv,100.0,0.9706300333761924,0.004369974136352539,0.984,0.9835390946502058,0.9839689639141378,0.9846743295019157,0.9959007862163937,0.9863319428232907,port_protocol_service_ablation,88,74,14,src_port|dst_port|proto_icmp|proto_tcp|proto_udp|service|service_dce_rpc|service_dns|service_ftp|service_gssapi|service_http|service_smb|service_smb_gssapi|service_ssl,ksf-v4-idsplit::
classical_ext,svc,10,laplacian_med_x3__svc__d10,laplacian_med_x3,id_val,fixed_c1,1.0,,0.0043408870697021484,0.8884462151394422,0.8881369932647096,0.8883026064844247,0.8842975206611571,0.9705807599440843,0.9522055584214542,port_protocol_service_ablation,88,74,14,src_port|dst_port|proto_icmp|proto_tcp|proto_udp|service|service_dce_rpc|service_dns|service_ftp|service_gssapi|service_http|service_smb|service_smb_gssapi|service_ssl,ksf-v4-idsplit::
classical_ext,svc,10,laplacian_med_x3__svc__d10,laplacian_med_x3,id_test,fixed_c1,1.0,,0.0043408870697021484,0.9076305220883534,0.9067665289256198,0.9073375940457892,0.902127659574468,0.9909607438016528,0.9905657570349138,port_protocol_service_ablation,88,74,14,src_port|dst_port|proto_icmp|proto_tcp|proto_udp|service|service_dce_rpc|service_dns|service_ftp|service_gssapi|service_http|service_smb|service_smb_gssapi|service_ssl,ksf-v4-idsplit::
classical_ext,svc,10,laplacian_med_x3__svc__d10,laplacian_med_x3,ood_test,fixed_c1,1.0,,0.0043408870697021484,0.97,0.9691358024691358,0.9698987393592043,0.9716446124763705,0.9952122464011784,0.9816495312401269,port_protocol_service_ablation,88,74,14,src_port|dst_port|proto_icmp|proto_tcp|proto_udp|service|service_dce_rpc|service_dns|service_ftp|service_gssapi|service_http|service_smb|service_smb_gssapi|service_ssl,ksf-v4-idsplit::
classical_ext,svc,10,laplacian_med_x3__svc__d10,laplacian_med_x3,id_val,train_cv,100.0,0.964262900713206,0.003376007080078125,0.9641434262948207,0.9648938874062778,0.9641434262948207,0.9641434262948207,0.9978396238403863,0.9977786330685571,port_protocol_service_ablation,88,74,14,src_port|dst_port|proto_icmp|proto_tcp|proto_udp|service|service_dce_rpc|service_dns|service_ftp|service_gssapi|service_http|service_smb|service_smb_gssapi|service_ssl,ksf-v4-idsplit::
classical_ext,svc,10,laplacian_med_x3__svc__d10,laplacian_med_x3,id_test,train_cv,100.0,0.964262900713206,0.003376007080078125,0.9718875502008032,0.9722042871900827,0.9718802936194241,0.9714285714285714,0.9982567148760331,0.9981908453879922,port_protocol_service_ablation,88,74,14,src_port|dst_port|proto_icmp|proto_tcp|proto_udp|service|service_dce_rpc|service_dns|service_ftp|service_gssapi|service_http|service_smb|service_smb_gssapi|service_ssl,ksf-v4-idsplit::
classical_ext,svc,10,laplacian_med_x3__svc__d10,laplacian_med_x3,ood_test,train_cv,100.0,0.964262900713206,0.003376007080078125,0.984,0.9835390946502058,0.9839689639141378,0.9846743295019157,0.9958847736625513,0.9822803415319818,port_protocol_service_ablation,88,74,14,src_port|dst_port|proto_icmp|proto_tcp|proto_udp|service|service_dce_rpc|service_dns|service_ftp|service_gssapi|service_http|service_smb|service_smb_gssapi|service_ssl,ksf-v4-idsplit::
classical_ext,svc,10,laplacian_med_x10__svc__d10,laplacian_med_x10,id_val,fixed_c1,1.0,,0.004999637603759766,0.8884462151394422,0.8881369932647096,0.8883026064844247,0.8842975206611571,0.9674672766552295,0.9424010363435987,port_protocol_service_ablation,88,74,14,src_port|dst_port|proto_icmp|proto_tcp|proto_udp|service|service_dce_rpc|service_dns|service_ftp|service_gssapi|service_http|service_smb|service_smb_gssapi|service_ssl,ksf-v4-idsplit::
classical_ext,svc,10,laplacian_med_x10__svc__d10,laplacian_med_x10,id_test,fixed_c1,1.0,,0.004999637603759766,0.9076305220883534,0.9067665289256198,0.9073375940457892,0.902127659574468,0.9885717975206612,0.98811684605752,port_protocol_service_ablation,88,74,14,src_port|dst_port|proto_icmp|proto_tcp|proto_udp|service|service_dce_rpc|service_dns|service_ftp|service_gssapi|service_http|service_smb|service_smb_gssapi|service_ssl,ksf-v4-idsplit::
classical_ext,svc,10,laplacian_med_x10__svc__d10,laplacian_med_x10,ood_test,fixed_c1,1.0,,0.004999637603759766,0.962,0.9612416134249251,0.9618888679389099,0.9639468690702088,0.9951642087396518,0.9816092673142507,port_protocol_service_ablation,88,74,14,src_port|dst_port|proto_icmp|proto_tcp|proto_udp|service|service_dce_rpc|service_dns|service_ftp|service_gssapi|service_http|service_smb|service_smb_gssapi|service_ssl,ksf-v4-idsplit::
classical_ext,svc,10,laplacian_med_x10__svc__d10,laplacian_med_x10,id_val,train_cv,100.0,0.9614103334026265,0.0040056705474853516,0.9482071713147411,0.9493900114372855,0.9481940144478844,0.9490196078431372,0.9951709238785106,0.9950180496897747,port_protocol_service_ablation,88,74,14,src_port|dst_port|proto_icmp|proto_tcp|proto_udp|service|service_dce_rpc|service_dns|service_ftp|service_gssapi|service_http|service_smb|service_smb_gssapi|service_ssl,ksf-v4-idsplit::
classical_ext,svc,10,laplacian_med_x10__svc__d10,laplacian_med_x10,id_test,train_cv,100.0,0.9614103334026265,0.0040056705474853516,0.9678714859437751,0.9682980371900827,0.9678668215253581,0.967479674796748,0.9958677685950413,0.9956121573604071,port_protocol_service_ablation,88,74,14,src_port|dst_port|proto_icmp|proto_tcp|proto_udp|service|service_dce_rpc|service_dns|service_ftp|service_gssapi|service_http|service_smb|service_smb_gssapi|service_ssl,ksf-v4-idsplit::
classical_ext,svc,10,laplacian_med_x10__svc__d10,laplacian_med_x10,ood_test,train_cv,100.0,0.9614103334026265,0.0040056705474853516,0.982,0.9814814814814814,0.981961831234893,0.982791586998088,0.9986549454772542,0.9987257696449947,port_protocol_service_ablation,88,74,14,src_port|dst_port|proto_icmp|proto_tcp|proto_udp|service|service_dce_rpc|service_dns|service_ftp|service_gssapi|service_http|service_smb|service_smb_gssapi|service_ssl,ksf-v4-idsplit::
classical_ext,svc,10,matern15_med_x0.1__svc__d10,matern15_med_x0.1,id_val,fixed_c1,1.0,,0.005009651184082031,0.9123505976095617,0.9120599822086669,0.9122377622377622,0.9090909090909091,0.9795399669589528,0.9630122696420309,port_protocol_service_ablation,88,74,14,src_port|dst_port|proto_icmp|proto_tcp|proto_udp|service|service_dce_rpc|service_dns|service_ftp|service_gssapi|service_http|service_smb|service_smb_gssapi|service_ssl,ksf-v4-idsplit::
classical_ext,svc,10,matern15_med_x0.1__svc__d10,matern15_med_x0.1,id_test,fixed_c1,1.0,,0.005009651184082031,0.9196787148594378,0.9187112603305785,0.9193861693861693,0.9145299145299145,0.9923811983471074,0.9917126710537878,port_protocol_service_ablation,88,74,14,src_port|dst_port|proto_icmp|proto_tcp|proto_udp|service|service_dce_rpc|service_dns|service_ftp|service_gssapi|service_http|service_smb|service_smb_gssapi|service_ssl,ksf-v4-idsplit::
classical_ext,svc,10,matern15_med_x0.1__svc__d10,matern15_med_x0.1,ood_test,fixed_c1,1.0,,0.005009651184082031,0.982,0.9814814814814814,0.981961831234893,0.982791586998088,0.9991993723078894,0.9992530697486669,port_protocol_service_ablation,88,74,14,src_port|dst_port|proto_icmp|proto_tcp|proto_udp|service|service_dce_rpc|service_dns|service_ftp|service_gssapi|service_http|service_smb|service_smb_gssapi|service_ssl,ksf-v4-idsplit::
classical_ext,svc,10,matern15_med_x0.1__svc__d10,matern15_med_x0.1,id_val,train_cv,100.0,0.9684080897166425,0.00500035285949707,0.9800796812749004,0.9806201550387597,0.9800784164325285,0.9799196787148594,0.9830346930995044,0.9735453454003727,port_protocol_service_ablation,88,74,14,src_port|dst_port|proto_icmp|proto_tcp|proto_udp|service|service_dce_rpc|service_dns|service_ftp|service_gssapi|service_http|service_smb|service_smb_gssapi|service_ssl,ksf-v4-idsplit::
classical_ext,svc,10,matern15_med_x0.1__svc__d10,matern15_med_x0.1,id_test,train_cv,100.0,0.9684080897166425,0.00500035285949707,0.9799196787148594,0.98046875,0.9799183831475717,0.979757085020243,0.9887009297520661,0.985209253774937,port_protocol_service_ablation,88,74,14,src_port|dst_port|proto_icmp|proto_tcp|proto_udp|service|service_dce_rpc|service_dns|service_ftp|service_gssapi|service_http|service_smb|service_smb_gssapi|service_ssl,ksf-v4-idsplit::
classical_ext,svc,10,matern15_med_x0.1__svc__d10,matern15_med_x0.1,ood_test,train_cv,100.0,0.9684080897166425,0.00500035285949707,0.984,0.9835390946502058,0.9839689639141378,0.9846743295019157,0.9932427022785865,0.9830727176115099,port_protocol_service_ablation,88,74,14,src_port|dst_port|proto_icmp|proto_tcp|proto_udp|service|service_dce_rpc|service_dns|service_ftp|service_gssapi|service_http|service_smb|service_smb_gssapi|service_ssl,ksf-v4-idsplit::
classical_ext,svc,10,matern15_med_x0.3__svc__d10,matern15_med_x0.3,id_val,fixed_c1,1.0,,0.004998922348022461,0.900398406374502,0.8997649002414538,0.9001702276596083,0.895397489539749,0.9653069004956156,0.9306024585463599,port_protocol_service_ablation,88,74,14,src_port|dst_port|proto_icmp|proto_tcp|proto_udp|service|service_dce_rpc|service_dns|service_ftp|service_gssapi|service_http|service_smb|service_smb_gssapi|service_ssl,ksf-v4-idsplit::
classical_ext,svc,10,matern15_med_x0.3__svc__d10,matern15_med_x0.3,id_test,fixed_c1,1.0,,0.004998922348022461,0.9076305220883534,0.9067665289256198,0.9073375940457892,0.902127659574468,0.9897985537190084,0.9889223986455444,port_protocol_service_ablation,88,74,14,src_port|dst_port|proto_icmp|proto_tcp|proto_udp|service|service_dce_rpc|service_dns|service_ftp|service_gssapi|service_http|service_smb|service_smb_gssapi|service_ssl,ksf-v4-idsplit::
classical_ext,svc,10,matern15_med_x0.3__svc__d10,matern15_med_x0.3,ood_test,fixed_c1,1.0,,0.004998922348022461,0.966,0.9653568397623737,0.9659147869674185,0.9676190476190476,0.9992313974155738,0.9993049264544771,port_protocol_service_ablation,88,74,14,src_port|dst_port|proto_icmp|proto_tcp|proto_udp|service|service_dce_rpc|service_dns|service_ftp|service_gssapi|service_http|service_smb|service_smb_gssapi|service_ssl,ksf-v4-idsplit::
classical_ext,svc,10,matern15_med_x0.3__svc__d10,matern15_med_x0.3,id_val,train_cv,100.0,0.9497277998916974,0.004996061325073242,0.9482071713147411,0.9489452281103062,0.9482071713147411,0.9482071713147411,0.986529419240056,0.9812460270844449,port_protocol_service_ablation,88,74,14,src_port|dst_port|proto_icmp|proto_tcp|proto_udp|service|service_dce_rpc|service_dns|service_ftp|service_gssapi|service_http|service_smb|service_smb_gssapi|service_ssl,ksf-v4-idsplit::
classical_ext,svc,10,matern15_med_x0.3__svc__d10,matern15_med_x0.3,id_test,train_cv,100.0,0.9497277998916974,0.004996061325073242,0.9558232931726908,0.9559013429752066,0.9557976276930525,0.9547325102880658,0.9941244834710744,0.9936655383730083,port_protocol_service_ablation,88,74,14,src_port|dst_port|proto_icmp|proto_tcp|proto_udp|service|service_dce_rpc|service_dns|service_ftp|service_gssapi|service_http|service_smb|service_smb_gssapi|service_ssl,ksf-v4-idsplit::
classical_ext,svc,10,matern15_med_x0.3__svc__d10,matern15_med_x0.3,ood_test,train_cv,100.0,0.9497277998916974,0.004996061325073242,0.982,0.9814814814814814,0.981961831234893,0.982791586998088,0.9958847736625515,0.9907679601389465,port_protocol_service_ablation,88,74,14,src_port|dst_port|proto_icmp|proto_tcp|proto_udp|service|service_dce_rpc|service_dns|service_ftp|service_gssapi|service_http|service_smb|service_smb_gssapi|service_ssl,ksf-v4-idsplit::
classical_ext,svc,10,matern15_med_x3__svc__d10,matern15_med_x3,id_val,fixed_c1,1.0,,0.00601649284362793,0.8406374501992032,0.8373999237514297,0.8374773374773374,0.8148148148148148,0.939001143728555,0.9197651436447605,port_protocol_service_ablation,88,74,14,src_port|dst_port|proto_icmp|proto_tcp|proto_udp|service|service_dce_rpc|service_dns|service_ftp|service_gssapi|service_http|service_smb|service_smb_gssapi|service_ssl,ksf-v4-idsplit::
classical_ext,svc,10,matern15_med_x3__svc__d10,matern15_med_x3,id_test,fixed_c1,1.0,,0.00601649284362793,0.9036144578313253,0.9008264462809917,0.9020969855832242,0.8899082568807339,0.9719137396694215,0.975173665155486,port_protocol_service_ablation,88,74,14,src_port|dst_port|proto_icmp|proto_tcp|proto_udp|service|service_dce_rpc|service_dns|service_ftp|service_gssapi|service_http|service_smb|service_smb_gssapi|service_ssl,ksf-v4-idsplit::
classical_ext,svc,10,matern15_med_x3__svc__d10,matern15_med_x3,ood_test,fixed_c1,1.0,,0.00601649284362793,0.612,0.6224560055083186,0.5556899173674856,0.39751552795031053,0.9942034555091191,0.980900275573554,port_protocol_service_ablation,88,74,14,src_port|dst_port|proto_icmp|proto_tcp|proto_udp|service|service_dce_rpc|service_dns|service_ftp|service_gssapi|service_http|service_smb|service_smb_gssapi|service_ssl,ksf-v4-idsplit::
classical_ext,svc,10,matern15_med_x3__svc__d10,matern15_med_x3,id_val,train_cv,10.0,0.9068852030930401,0.004000663757324219,0.8924302788844621,0.8920129622569577,0.8922592645585921,0.8879668049792531,0.9159359512009149,0.9346254590477158,port_protocol_service_ablation,88,74,14,src_port|dst_port|proto_icmp|proto_tcp|proto_udp|service|service_dce_rpc|service_dns|service_ftp|service_gssapi|service_http|service_smb|service_smb_gssapi|service_ssl,ksf-v4-idsplit::
classical_ext,svc,10,matern15_med_x3__svc__d10,matern15_med_x3,id_test,train_cv,10.0,0.9068852030930401,0.004000663757324219,0.9076305220883534,0.9067665289256198,0.9073375940457892,0.902127659574468,0.9522856404958678,0.9643287561085485,port_protocol_service_ablation,88,74,14,src_port|dst_port|proto_icmp|proto_tcp|proto_udp|service|service_dce_rpc|service_dns|service_ftp|service_gssapi|service_http|service_smb|service_smb_gssapi|service_ssl,ksf-v4-idsplit::
classical_ext,svc,10,matern15_med_x3__svc__d10,matern15_med_x3,ood_test,train_cv,10.0,0.9068852030930401,0.004000663757324219,0.964,0.9632992265936494,0.9639023920681523,0.9657794676806084,0.996140974524027,0.9960217655863444,port_protocol_service_ablation,88,74,14,src_port|dst_port|proto_icmp|proto_tcp|proto_udp|service|service_dce_rpc|service_dns|service_ftp|service_gssapi|service_http|service_smb|service_smb_gssapi|service_ssl,ksf-v4-idsplit::
classical_ext,svc,10,matern15_med_x10__svc__d10,matern15_med_x10,id_val,fixed_c1,1.0,,0.006998777389526367,0.7689243027888446,0.7734146651416953,0.7643421393421393,0.7972027972027972,0.9198754606684458,0.9010776761748313,port_protocol_service_ablation,88,74,14,src_port|dst_port|proto_icmp|proto_tcp|proto_udp|service|service_dce_rpc|service_dns|service_ftp|service_gssapi|service_http|service_smb|service_smb_gssapi|service_ssl,ksf-v4-idsplit::
classical_ext,svc,10,matern15_med_x10__svc__d10,matern15_med_x10,id_test,fixed_c1,1.0,,0.006998777389526367,0.8835341365461847,0.8864927685950413,0.8827778769825165,0.8921933085501859,0.9814695247933884,0.981523446346452,port_protocol_service_ablation,88,74,14,src_port|dst_port|proto_icmp|proto_tcp|proto_udp|service|service_dce_rpc|service_dns|service_ftp|service_gssapi|service_http|service_smb|service_smb_gssapi|service_ssl,ksf-v4-idsplit::
classical_ext,svc,10,matern15_med_x10__svc__d10,matern15_med_x10,ood_test,fixed_c1,1.0,,0.006998777389526367,0.472,0.47763846855935055,0.4526546250684182,0.3497536945812808,0.7483627163696338,0.7967586543601866,port_protocol_service_ablation,88,74,14,src_port|dst_port|proto_icmp|proto_tcp|proto_udp|service|service_dce_rpc|service_dns|service_ftp|service_gssapi|service_http|service_smb|service_smb_gssapi|service_ssl,ksf-v4-idsplit::
classical_ext,svc,10,matern15_med_x10__svc__d10,matern15_med_x10,id_val,train_cv,100.0,0.9055455679342177,0.004999637603759766,0.8884462151394422,0.8876922099377302,0.8881461675579323,0.8823529411764706,0.9064684203837845,0.9292971120616813,port_protocol_service_ablation,88,74,14,src_port|dst_port|proto_icmp|proto_tcp|proto_udp|service|service_dce_rpc|service_dns|service_ftp|service_gssapi|service_http|service_smb|service_smb_gssapi|service_ssl,ksf-v4-idsplit::
classical_ext,svc,10,matern15_med_x10__svc__d10,matern15_med_x10,id_test,train_cv,100.0,0.9055455679342177,0.004999637603759766,0.9156626506024096,0.9143530475206612,0.9152196118488254,0.9090909090909091,0.9414385330578512,0.9568103969835879,port_protocol_service_ablation,88,74,14,src_port|dst_port|proto_icmp|proto_tcp|proto_udp|service|service_dce_rpc|service_dns|service_ftp|service_gssapi|service_http|service_smb|service_smb_gssapi|service_ssl,ksf-v4-idsplit::
classical_ext,svc,10,matern15_med_x10__svc__d10,matern15_med_x10,ood_test,train_cv,100.0,0.9055455679342177,0.004999637603759766,0.98,0.9797601319434437,0.9799740463640878,0.9806949806949807,0.9933227650477975,0.993090666659519,port_protocol_service_ablation,88,74,14,src_port|dst_port|proto_icmp|proto_tcp|proto_udp|service|service_dce_rpc|service_dns|service_ftp|service_gssapi|service_http|service_smb|service_smb_gssapi|service_ssl,ksf-v4-idsplit::
classical_ext,svc,10,matern25_med_x0.1__svc__d10,matern25_med_x0.1,id_val,fixed_c1,1.0,,0.00400090217590332,0.900398406374502,0.8997649002414538,0.9001702276596083,0.895397489539749,0.9687380861608844,0.9365289220612443,port_protocol_service_ablation,88,74,14,src_port|dst_port|proto_icmp|proto_tcp|proto_udp|service|service_dce_rpc|service_dns|service_ftp|service_gssapi|service_http|service_smb|service_smb_gssapi|service_ssl,ksf-v4-idsplit::
classical_ext,svc,10,matern25_med_x0.1__svc__d10,matern25_med_x0.1,id_test,fixed_c1,1.0,,0.00400090217590332,0.9156626506024096,0.9145790289256198,0.9153129808081626,0.9098712446351931,0.9923811983471074,0.9917126710537877,port_protocol_service_ablation,88,74,14,src_port|dst_port|proto_icmp|proto_tcp|proto_udp|service|service_dce_rpc|service_dns|service_ftp|service_gssapi|service_http|service_smb|service_smb_gssapi|service_ssl,ksf-v4-idsplit::
classical_ext,svc,10,matern25_med_x0.1__svc__d10,matern25_med_x0.1,ood_test,fixed_c1,1.0,,0.00400090217590332,0.984,0.9835390946502058,0.9839689639141378,0.9846743295019157,0.9991993723078895,0.9992530697486669,port_protocol_service_ablation,88,74,14,src_port|dst_port|proto_icmp|proto_tcp|proto_udp|service|service_dce_rpc|service_dns|service_ftp|service_gssapi|service_http|service_smb|service_smb_gssapi|service_ssl,ksf-v4-idsplit::
classical_ext,svc,10,matern25_med_x0.1__svc__d10,matern25_med_x0.1,id_val,train_cv,100.0,0.9642843783764363,0.005399227142333984,0.9681274900398407,0.9687698563985259,0.9681269841269842,0.968,0.9809378574151735,0.970246939518837,port_protocol_service_ablation,88,74,14,src_port|dst_port|proto_icmp|proto_tcp|proto_udp|service|service_dce_rpc|service_dns|service_ftp|service_gssapi|service_http|service_smb|service_smb_gssapi|service_ssl,ksf-v4-idsplit::
classical_ext,svc,10,matern25_med_x0.1__svc__d10,matern25_med_x0.1,id_test,train_cv,100.0,0.9642843783764363,0.005399227142333984,0.9718875502008032,0.9722042871900827,0.9718802936194241,0.9714285714285714,0.9830836776859505,0.9763587854624893,port_protocol_service_ablation,88,74,14,src_port|dst_port|proto_icmp|proto_tcp|proto_udp|service|service_dce_rpc|service_dns|service_ftp|service_gssapi|service_http|service_smb|service_smb_gssapi|service_ssl,ksf-v4-idsplit::
classical_ext,svc,10,matern25_med_x0.1__svc__d10,matern25_med_x0.1,ood_test,train_cv,100.0,0.9642843783764363,0.005399227142333984,0.984,0.9835390946502058,0.9839689639141378,0.9846743295019157,0.9781909016669068,0.9575908343655495,port_protocol_service_ablation,88,74,14,src_port|dst_port|proto_icmp|proto_tcp|proto_udp|service|service_dce_rpc|service_dns|service_ftp|service_gssapi|service_http|service_smb|service_smb_gssapi|service_ssl,ksf-v4-idsplit::
classical_ext,svc,10,matern25_med_x0.3__svc__d10,matern25_med_x0.3,id_val,fixed_c1,1.0,,0.004435062408447266,0.900398406374502,0.8997649002414538,0.9001702276596083,0.895397489539749,0.9660693861990087,0.9283762065460399,port_protocol_service_ablation,88,74,14,src_port|dst_port|proto_icmp|proto_tcp|proto_udp|service|service_dce_rpc|service_dns|service_ftp|service_gssapi|service_http|service_smb|service_smb_gssapi|service_ssl,ksf-v4-idsplit::
classical_ext,svc,10,matern25_med_x0.3__svc__d10,matern25_med_x0.3,id_test,fixed_c1,1.0,,0.004435062408447266,0.9076305220883534,0.9067665289256198,0.9073375940457892,0.902127659574468,0.99192923553719,0.9915066009291744,port_protocol_service_ablation,88,74,14,src_port|dst_port|proto_icmp|proto_tcp|proto_udp|service|service_dce_rpc|service_dns|service_ftp|service_gssapi|service_http|service_smb|service_smb_gssapi|service_ssl,ksf-v4-idsplit::
classical_ext,svc,10,matern25_med_x0.3__svc__d10,matern25_med_x0.3,ood_test,fixed_c1,1.0,,0.004435062408447266,0.966,0.9653568397623737,0.9659147869674185,0.9676190476190476,0.9991833597540472,0.9992640852491768,port_protocol_service_ablation,88,74,14,src_port|dst_port|proto_icmp|proto_tcp|proto_udp|service|service_dce_rpc|service_dns|service_ftp|service_gssapi|service_http|service_smb|service_smb_gssapi|service_ssl,ksf-v4-idsplit::
classical_ext,svc,10,matern25_med_x0.3__svc__d10,matern25_med_x0.3,id_val,train_cv,100.0,0.9332416161725039,0.008926153182983398,0.9322709163346613,0.9325517854873555,0.9322537112010796,0.9311740890688259,0.9907230906087177,0.990577472574516,port_protocol_service_ablation,88,74,14,src_port|dst_port|proto_icmp|proto_tcp|proto_udp|service|service_dce_rpc|service_dns|service_ftp|service_gssapi|service_http|service_smb|service_smb_gssapi|service_ssl,ksf-v4-idsplit::
classical_ext,svc,10,matern25_med_x0.3__svc__d10,matern25_med_x0.3,id_test,train_cv,100.0,0.9332416161725039,0.008926153182983398,0.9437751004016064,0.9435046487603306,0.943701550387597,0.9416666666666667,0.9941244834710744,0.993721152988732,port_protocol_service_ablation,88,74,14,src_port|dst_port|proto_icmp|proto_tcp|proto_udp|service|service_dce_rpc|service_dns|service_ftp|service_gssapi|service_http|service_smb|service_smb_gssapi|service_ssl,ksf-v4-idsplit::
classical_ext,svc,10,matern25_med_x0.3__svc__d10,matern25_med_x0.3,ood_test,train_cv,100.0,0.9332416161725039,0.008926153182983398,0.982,0.9814814814814814,0.981961831234893,0.982791586998088,0.9958047108933404,0.9947860604188733,port_protocol_service_ablation,88,74,14,src_port|dst_port|proto_icmp|proto_tcp|proto_udp|service|service_dce_rpc|service_dns|service_ftp|service_gssapi|service_http|service_smb|service_smb_gssapi|service_ssl,ksf-v4-idsplit::
classical_ext,svc,10,matern25_med_x3__svc__d10,matern25_med_x3,id_val,fixed_c1,1.0,,0.00551152229309082,0.8406374501992032,0.8373999237514297,0.8374773374773374,0.8148148148148148,0.9388740627779896,0.9310021477668705,port_protocol_service_ablation,88,74,14,src_port|dst_port|proto_icmp|proto_tcp|proto_udp|service|service_dce_rpc|service_dns|service_ftp|service_gssapi|service_http|service_smb|service_smb_gssapi|service_ssl,ksf-v4-idsplit::
classical_ext,svc,10,matern25_med_x3__svc__d10,matern25_med_x3,id_test,fixed_c1,1.0,,0.00551152229309082,0.9036144578313253,0.9008264462809917,0.9020969855832242,0.8899082568807339,0.967264979338843,0.9715498510532172,port_protocol_service_ablation,88,74,14,src_port|dst_port|proto_icmp|proto_tcp|proto_udp|service|service_dce_rpc|service_dns|service_ftp|service_gssapi|service_http|service_smb|service_smb_gssapi|service_ssl,ksf-v4-idsplit::
classical_ext,svc,10,matern25_med_x3__svc__d10,matern25_med_x3,ood_test,fixed_c1,1.0,,0.00551152229309082,0.612,0.6224560055083186,0.5556899173674856,0.39751552795031053,0.9918976477558406,0.9785560838491235,port_protocol_service_ablation,88,74,14,src_port|dst_port|proto_icmp|proto_tcp|proto_udp|service|service_dce_rpc|service_dns|service_ftp|service_gssapi|service_http|service_smb|service_smb_gssapi|service_ssl,ksf-v4-idsplit::
classical_ext,svc,10,matern25_med_x3__svc__d10,matern25_med_x3,id_val,train_cv,100.0,0.9079161309280916,0.005151033401489258,0.896414342629482,0.8958889312492058,0.8962150127226463,0.8916666666666667,0.9168255178548735,0.9383319981674718,port_protocol_service_ablation,88,74,14,src_port|dst_port|proto_icmp|proto_tcp|proto_udp|service|service_dce_rpc|service_dns|service_ftp|service_gssapi|service_http|service_smb|service_smb_gssapi|service_ssl,ksf-v4-idsplit::
classical_ext,svc,10,matern25_med_x3__svc__d10,matern25_med_x3,id_test,train_cv,100.0,0.9079161309280916,0.005151033401489258,0.9076305220883534,0.9067665289256198,0.9073375940457892,0.902127659574468,0.9491219008264462,0.9628328792843491,port_protocol_service_ablation,88,74,14,src_port|dst_port|proto_icmp|proto_tcp|proto_udp|service|service_dce_rpc|service_dns|service_ftp|service_gssapi|service_http|service_smb|service_smb_gssapi|service_ssl,ksf-v4-idsplit::
classical_ext,svc,10,matern25_med_x3__svc__d10,matern25_med_x3,ood_test,train_cv,100.0,0.9079161309280916,0.005151033401489258,0.962,0.9612416134249251,0.9618888679389099,0.9639468690702088,0.9961729996317112,0.9961443259593912,port_protocol_service_ablation,88,74,14,src_port|dst_port|proto_icmp|proto_tcp|proto_udp|service|service_dce_rpc|service_dns|service_ftp|service_gssapi|service_http|service_smb|service_smb_gssapi|service_ssl,ksf-v4-idsplit::
classical_ext,svc,10,matern25_med_x10__svc__d10,matern25_med_x10,id_val,fixed_c1,1.0,,0.007509708404541016,0.796812749003984,0.7998792730969628,0.7952396948030136,0.8131868131868132,0.9146651416952599,0.903822285965713,port_protocol_service_ablation,88,74,14,src_port|dst_port|proto_icmp|proto_tcp|proto_udp|service|service_dce_rpc|service_dns|service_ftp|service_gssapi|service_http|service_smb|service_smb_gssapi|service_ssl,ksf-v4-idsplit::
classical_ext,svc,10,matern25_med_x10__svc__d10,matern25_med_x10,id_test,fixed_c1,1.0,,0.007509708404541016,0.8755020080321285,0.8770983987603306,0.875373363256212,0.8793774319066148,0.9747546487603307,0.9751591580478487,port_protocol_service_ablation,88,74,14,src_port|dst_port|proto_icmp|proto_tcp|proto_udp|service|service_dce_rpc|service_dns|service_ftp|service_gssapi|service_http|service_smb|service_smb_gssapi|service_ssl,ksf-v4-idsplit::
classical_ext,svc,10,matern25_med_x10__svc__d10,matern25_med_x10,ood_test,fixed_c1,1.0,,0.007509708404541016,0.846,0.8423484011464988,0.8422590147948752,0.8665511265164645,0.8212518614593841,0.8439551974969156,port_protocol_service_ablation,88,74,14,src_port|dst_port|proto_icmp|proto_tcp|proto_udp|service|service_dce_rpc|service_dns|service_ftp|service_gssapi|service_http|service_smb|service_smb_gssapi|service_ssl,ksf-v4-idsplit::
classical_ext,svc,10,matern25_med_x10__svc__d10,matern25_med_x10,id_val,train_cv,10.0,0.8849910111407959,0.004297494888305664,0.8446215139442231,0.8421654593976362,0.8426635806933797,0.8251121076233184,0.9334095819036726,0.9293493585151335,port_protocol_service_ablation,88,74,14,src_port|dst_port|proto_icmp|proto_tcp|proto_udp|service|service_dce_rpc|service_dns|service_ftp|service_gssapi|service_http|service_smb|service_smb_gssapi|service_ssl,ksf-v4-idsplit::
classical_ext,svc,10,matern25_med_x10__svc__d10,matern25_med_x10,id_test,train_cv,10.0,0.8849910111407959,0.004297494888305664,0.9156626506024096,0.9134491219008265,0.9147329800244598,0.905829596412556,0.9677169421487604,0.9722727821391832,port_protocol_service_ablation,88,74,14,src_port|dst_port|proto_icmp|proto_tcp|proto_udp|service|service_dce_rpc|service_dns|service_ftp|service_gssapi|service_http|service_smb|service_smb_gssapi|service_ssl,ksf-v4-idsplit::
classical_ext,svc,10,matern25_med_x10__svc__d10,matern25_med_x10,ood_test,train_cv,10.0,0.8849910111407959,0.004297494888305664,0.612,0.6224560055083186,0.5556899173674856,0.39751552795031053,0.9302493154633232,0.924558239153678,port_protocol_service_ablation,88,74,14,src_port|dst_port|proto_icmp|proto_tcp|proto_udp|service|service_dce_rpc|service_dns|service_ftp|service_gssapi|service_http|service_smb|service_smb_gssapi|service_ssl,ksf-v4-idsplit::
quantum,svc,10,zz_r1_full__as0.5__svc__d10,zz_r1_full__as0.5,id_val,fixed_c1,1.0,,0.004664897918701172,0.9123505976095617,0.9120599822086669,0.9122377622377622,0.9090909090909091,0.963146524336002,0.9204514089687261,port_protocol_service_ablation,88,74,14,src_port|dst_port|proto_icmp|proto_tcp|proto_udp|service|service_dce_rpc|service_dns|service_ftp|service_gssapi|service_http|service_smb|service_smb_gssapi|service_ssl,ksf-v4-idsplit::
quantum,svc,10,zz_r1_full__as0.5__svc__d10,zz_r1_full__as0.5,id_test,fixed_c1,1.0,,0.004664897918701172,0.9196787148594378,0.9187112603305785,0.9193861693861693,0.9145299145299145,0.9894757231404958,0.9878628977379621,port_protocol_service_ablation,88,74,14,src_port|dst_port|proto_icmp|proto_tcp|proto_udp|service|service_dce_rpc|service_dns|service_ftp|service_gssapi|service_http|service_smb|service_smb_gssapi|service_ssl,ksf-v4-idsplit::
quantum,svc,10,zz_r1_full__as0.5__svc__d10,zz_r1_full__as0.5,ood_test,fixed_c1,1.0,,0.004664897918701172,0.982,0.9814814814814814,0.981961831234893,0.982791586998088,0.9991993723078895,0.9992530697486669,port_protocol_service_ablation,88,74,14,src_port|dst_port|proto_icmp|proto_tcp|proto_udp|service|service_dce_rpc|service_dns|service_ftp|service_gssapi|service_http|service_smb|service_smb_gssapi|service_ssl,ksf-v4-idsplit::
quantum,svc,10,zz_r1_full__as0.5__svc__d10,zz_r1_full__as0.5,id_val,train_cv,100.0,0.9622225227063332,0.0052700042724609375,0.952191235059761,0.9532659804295336,0.9521844043688088,0.952755905511811,0.9800482907612149,0.9632493595912988,port_protocol_service_ablation,88,74,14,src_port|dst_port|proto_icmp|proto_tcp|proto_udp|service|service_dce_rpc|service_dns|service_ftp|service_gssapi|service_http|service_smb|service_smb_gssapi|service_ssl,ksf-v4-idsplit::
quantum,svc,10,zz_r1_full__as0.5__svc__d10,zz_r1_full__as0.5,id_test,train_cv,100.0,0.9622225227063332,0.0052700042724609375,0.9718875502008032,0.9722042871900827,0.9718802936194241,0.9714285714285714,0.984245867768595,0.9785797529689536,port_protocol_service_ablation,88,74,14,src_port|dst_port|proto_icmp|proto_tcp|proto_udp|service|service_dce_rpc|service_dns|service_ftp|service_gssapi|service_http|service_smb|service_smb_gssapi|service_ssl,ksf-v4-idsplit::
quantum,svc,10,zz_r1_full__as0.5__svc__d10,zz_r1_full__as0.5,ood_test,train_cv,100.0,0.9622225227063332,0.0052700042724609375,0.978,0.977366255144033,0.9779448621553885,0.979047619047619,0.977902675697747,0.9630456310125834,port_protocol_service_ablation,88,74,14,src_port|dst_port|proto_icmp|proto_tcp|proto_udp|service|service_dce_rpc|service_dns|service_ftp|service_gssapi|service_http|service_smb|service_smb_gssapi|service_ssl,ksf-v4-idsplit::
quantum,svc,10,zz_r2_full__as0.5__svc__d10,zz_r2_full__as0.5,id_val,fixed_c1,1.0,,0.004994392395019531,0.9123505976095617,0.9120599822086669,0.9122377622377622,0.9090909090909091,0.9801753717117805,0.964881531800392,port_protocol_service_ablation,88,74,14,src_port|dst_port|proto_icmp|proto_tcp|proto_udp|service|service_dce_rpc|service_dns|service_ftp|service_gssapi|service_http|service_smb|service_smb_gssapi|service_ssl,ksf-v4-idsplit::
quantum,svc,10,zz_r2_full__as0.5__svc__d10,zz_r2_full__as0.5,id_test,fixed_c1,1.0,,0.004994392395019531,0.9196787148594378,0.9187112603305785,0.9193861693861693,0.9145299145299145,0.9921874999999999,0.9914676311698777,port_protocol_service_ablation,88,74,14,src_port|dst_port|proto_icmp|proto_tcp|proto_udp|service|service_dce_rpc|service_dns|service_ftp|service_gssapi|service_http|service_smb|service_smb_gssapi|service_ssl,ksf-v4-idsplit::
quantum,svc,10,zz_r2_full__as0.5__svc__d10,zz_r2_full__as0.5,ood_test,fixed_c1,1.0,,0.004994392395019531,0.982,0.9814814814814814,0.981961831234893,0.982791586998088,0.9950841459704408,0.9864376092417999,port_protocol_service_ablation,88,74,14,src_port|dst_port|proto_icmp|proto_tcp|proto_udp|service|service_dce_rpc|service_dns|service_ftp|service_gssapi|service_http|service_smb|service_smb_gssapi|service_ssl,ksf-v4-idsplit::
quantum,svc,10,zz_r2_full__as0.5__svc__d10,zz_r2_full__as0.5,id_val,train_cv,100.0,0.9682786462944856,0.0040018558502197266,0.9601593625498008,0.9612403100775193,0.9601536703073406,0.9606299212598425,0.9886897953996696,0.9768075796799673,port_protocol_service_ablation,88,74,14,src_port|dst_port|proto_icmp|proto_tcp|proto_udp|service|service_dce_rpc|service_dns|service_ftp|service_gssapi|service_http|service_smb|service_smb_gssapi|service_ssl,ksf-v4-idsplit::
quantum,svc,10,zz_r2_full__as0.5__svc__d10,zz_r2_full__as0.5,id_test,train_cv,100.0,0.9682786462944856,0.0040018558502197266,0.9799196787148594,0.98046875,0.9799183831475717,0.979757085020243,0.9972236570247933,0.9970758162276615,port_protocol_service_ablation,88,74,14,src_port|dst_port|proto_icmp|proto_tcp|proto_udp|service|service_dce_rpc|service_dns|service_ftp|service_gssapi|service_http|service_smb|service_smb_gssapi|service_ssl,ksf-v4-idsplit::
quantum,svc,10,zz_r2_full__as0.5__svc__d10,zz_r2_full__as0.5,ood_test,train_cv,100.0,0.9682786462944856,0.0040018558502197266,0.98,0.9794238683127572,0.9799538135865034,0.9809160305343512,0.9949240204320188,0.9849467532177427,port_protocol_service_ablation,88,74,14,src_port|dst_port|proto_icmp|proto_tcp|proto_udp|service|service_dce_rpc|service_dns|service_ftp|service_gssapi|service_http|service_smb|service_smb_gssapi|service_ssl,ksf-v4-idsplit::
quantum,svc,10,pauli_xz_r1_full__as0.5__svc__d10,pauli_xz_r1_full__as0.5,id_val,fixed_c1,1.0,,0.004000186920166016,0.900398406374502,0.8997649002414538,0.9001702276596083,0.895397489539749,0.9684839242597535,0.9446521729934673,port_protocol_service_ablation,88,74,14,src_port|dst_port|proto_icmp|proto_tcp|proto_udp|service|service_dce_rpc|service_dns|service_ftp|service_gssapi|service_http|service_smb|service_smb_gssapi|service_ssl,ksf-v4-idsplit::
quantum,svc,10,pauli_xz_r1_full__as0.5__svc__d10,pauli_xz_r1_full__as0.5,id_test,fixed_c1,1.0,,0.004000186920166016,0.9076305220883534,0.9067665289256198,0.9073375940457892,0.902127659574468,0.9919292355371901,0.9915066009291742,port_protocol_service_ablation,88,74,14,src_port|dst_port|proto_icmp|proto_tcp|proto_udp|service|service_dce_rpc|service_dns|service_ftp|service_gssapi|service_http|service_smb|service_smb_gssapi|service_ssl,ksf-v4-idsplit::
quantum,svc,10,pauli_xz_r1_full__as0.5__svc__d10,pauli_xz_r1_full__as0.5,ood_test,fixed_c1,1.0,,0.004000186920166016,0.964,0.9632992265936494,0.9639023920681523,0.9657794676806084,0.9962370498470801,0.9963784403018946,port_protocol_service_ablation,88,74,14,src_port|dst_port|proto_icmp|proto_tcp|proto_udp|service|service_dce_rpc|service_dns|service_ftp|service_gssapi|service_http|service_smb|service_smb_gssapi|service_ssl,ksf-v4-idsplit::
quantum,svc,10,pauli_xz_r1_full__as0.5__svc__d10,pauli_xz_r1_full__as0.5,id_val,train_cv,100.0,0.9223404589771821,0.0040073394775390625,0.9123505976095617,0.9120599822086669,0.9122377622377622,0.9090909090909091,0.9783962384038632,0.9774112984485178,port_protocol_service_ablation,88,74,14,src_port|dst_port|proto_icmp|proto_tcp|proto_udp|service|service_dce_rpc|service_dns|service_ftp|service_gssapi|service_http|service_smb|service_smb_gssapi|service_ssl,ksf-v4-idsplit::
quantum,svc,10,pauli_xz_r1_full__as0.5__svc__d10,pauli_xz_r1_full__as0.5,id_test,train_cv,100.0,0.9223404589771821,0.0040073394775390625,0.9116465863453815,0.9108987603305785,0.9114050976840471,0.9067796610169492,0.977918388429752,0.9757738494698011,port_protocol_service_ablation,88,74,14,src_port|dst_port|proto_icmp|proto_tcp|proto_udp|service|service_dce_rpc|service_dns|service_ftp|service_gssapi|service_http|service_smb|service_smb_gssapi|service_ssl,ksf-v4-idsplit::
quantum,svc,10,pauli_xz_r1_full__as0.5__svc__d10,pauli_xz_r1_full__as0.5,ood_test,train_cv,100.0,0.9223404589771821,0.0040073394775390625,0.97,0.9691358024691358,0.9698987393592043,0.9716446124763705,0.9575026821027686,0.9599758464199963,port_protocol_service_ablation,88,74,14,src_port|dst_port|proto_icmp|proto_tcp|proto_udp|service|service_dce_rpc|service_dns|service_ftp|service_gssapi|service_http|service_smb|service_smb_gssapi|service_ssl,ksf-v4-idsplit::
quantum,svc,10,zmap_r2__as0.5__svc__d10,zmap_r2__as0.5,id_val,fixed_c1,1.0,,0.005026102066040039,0.900398406374502,0.8997649002414538,0.9001702276596083,0.895397489539749,0.9663235481001399,0.9300859258940825,port_protocol_service_ablation,88,74,14,src_port|dst_port|proto_icmp|proto_tcp|proto_udp|service|service_dce_rpc|service_dns|service_ftp|service_gssapi|service_http|service_smb|service_smb_gssapi|service_ssl,ksf-v4-idsplit::
quantum,svc,10,zmap_r2__as0.5__svc__d10,zmap_r2__as0.5,id_test,fixed_c1,1.0,,0.005026102066040039,0.9076305220883534,0.9067665289256198,0.9073375940457892,0.902127659574468,0.9909607438016528,0.9905168927811248,port_protocol_service_ablation,88,74,14,src_port|dst_port|proto_icmp|proto_tcp|proto_udp|service|service_dce_rpc|service_dns|service_ftp|service_gssapi|service_http|service_smb|service_smb_gssapi|service_ssl,ksf-v4-idsplit::
quantum,svc,10,zmap_r2__as0.5__svc__d10,zmap_r2__as0.5,ood_test,fixed_c1,1.0,,0.005026102066040039,0.964,0.9632992265936494,0.9639023920681523,0.9657794676806084,0.9991353220925205,0.9992235443521297,port_protocol_service_ablation,88,74,14,src_port|dst_port|proto_icmp|proto_tcp|proto_udp|service|service_dce_rpc|service_dns|service_ftp|service_gssapi|service_http|service_smb|service_smb_gssapi|service_ssl,ksf-v4-idsplit::
quantum,svc,10,zmap_r2__as0.5__svc__d10,zmap_r2__as0.5,id_val,train_cv,100.0,0.9282164204194032,0.0078122615814208984,0.9123505976095617,0.9120599822086669,0.9122377622377622,0.9090909090909091,0.9770618884229253,0.9664353188943253,port_protocol_service_ablation,88,74,14,src_port|dst_port|proto_icmp|proto_tcp|proto_udp|service|service_dce_rpc|service_dns|service_ftp|service_gssapi|service_http|service_smb|service_smb_gssapi|service_ssl,ksf-v4-idsplit::
quantum,svc,10,zmap_r2__as0.5__svc__d10,zmap_r2__as0.5,id_test,train_cv,100.0,0.9282164204194032,0.0078122615814208984,0.9116465863453815,0.9108987603305785,0.9114050976840471,0.9067796610169492,0.9916709710743802,0.9911845179237648,port_protocol_service_ablation,88,74,14,src_port|dst_port|proto_icmp|proto_tcp|proto_udp|service|service_dce_rpc|service_dns|service_ftp|service_gssapi|service_http|service_smb|service_smb_gssapi|service_ssl,ksf-v4-idsplit::
quantum,svc,10,zmap_r2__as0.5__svc__d10,zmap_r2__as0.5,ood_test,train_cv,100.0,0.9282164204194032,0.0078122615814208984,0.97,0.9691358024691358,0.9698987393592043,0.9716446124763705,0.999919937230789,0.9999257433094721,port_protocol_service_ablation,88,74,14,src_port|dst_port|proto_icmp|proto_tcp|proto_udp|service|service_dce_rpc|service_dns|service_ftp|service_gssapi|service_http|service_smb|service_smb_gssapi|service_ssl,ksf-v4-idsplit::
quantum,svc,10,zz_r1_full__svc__d10,zz_r1_full,id_val,fixed_c1,1.0,,0.00411534309387207,0.9123505976095617,0.9120599822086669,0.9122377622377622,0.9090909090909091,0.981573262168001,0.9740022010219223,port_protocol_service_ablation,88,74,14,src_port|dst_port|proto_icmp|proto_tcp|proto_udp|service|service_dce_rpc|service_dns|service_ftp|service_gssapi|service_http|service_smb|service_smb_gssapi|service_ssl,ksf-v4-idsplit::
quantum,svc,10,zz_r1_full__svc__d10,zz_r1_full,id_test,fixed_c1,1.0,,0.00411534309387207,0.9196787148594378,0.9187112603305785,0.9193861693861693,0.9145299145299145,0.9923811983471075,0.9917301367910583,port_protocol_service_ablation,88,74,14,src_port|dst_port|proto_icmp|proto_tcp|proto_udp|service|service_dce_rpc|service_dns|service_ftp|service_gssapi|service_http|service_smb|service_smb_gssapi|service_ssl,ksf-v4-idsplit::
quantum,svc,10,zz_r1_full__svc__d10,zz_r1_full,ood_test,fixed_c1,1.0,,0.00411534309387207,0.982,0.9814814814814814,0.981961831234893,0.982791586998088,0.9953083217242318,0.9926661099570253,port_protocol_service_ablation,88,74,14,src_port|dst_port|proto_icmp|proto_tcp|proto_udp|service|service_dce_rpc|service_dns|service_ftp|service_gssapi|service_http|service_smb|service_smb_gssapi|service_ssl,ksf-v4-idsplit::
quantum,svc,10,zz_r1_full__svc__d10,zz_r1_full,id_val,train_cv,100.0,0.9683480356679987,0.011855840682983398,0.9721115537848606,0.9728682170542635,0.9721115537848606,0.9721115537848606,0.9905324691828694,0.9834910043857118,port_protocol_service_ablation,88,74,14,src_port|dst_port|proto_icmp|proto_tcp|proto_udp|service|service_dce_rpc|service_dns|service_ftp|service_gssapi|service_http|service_smb|service_smb_gssapi|service_ssl,ksf-v4-idsplit::
quantum,svc,10,zz_r1_full__svc__d10,zz_r1_full,id_test,train_cv,100.0,0.9683480356679987,0.011855840682983398,0.9799196787148594,0.98046875,0.9799183831475717,0.979757085020243,0.9933496900826446,0.9916859870441899,port_protocol_service_ablation,88,74,14,src_port|dst_port|proto_icmp|proto_tcp|proto_udp|service|service_dce_rpc|service_dns|service_ftp|service_gssapi|service_http|service_smb|service_smb_gssapi|service_ssl,ksf-v4-idsplit::
quantum,svc,10,zz_r1_full__svc__d10,zz_r1_full,ood_test,train_cv,100.0,0.9683480356679987,0.011855840682983398,0.982,0.9814814814814814,0.981961831234893,0.982791586998088,0.9804326592048166,0.9677291924420806,port_protocol_service_ablation,88,74,14,src_port|dst_port|proto_icmp|proto_tcp|proto_udp|service|service_dce_rpc|service_dns|service_ftp|service_gssapi|service_http|service_smb|service_smb_gssapi|service_ssl,ksf-v4-idsplit::
quantum,svc,10,zz_r2_full__svc__d10,zz_r2_full,id_val,fixed_c1,1.0,,0.004775524139404297,0.9243027888446215,0.92435506417588,0.9242595092511713,0.9224489795918367,0.9757275384419877,0.966884669221864,port_protocol_service_ablation,88,74,14,src_port|dst_port|proto_icmp|proto_tcp|proto_udp|service|service_dce_rpc|service_dns|service_ftp|service_gssapi|service_http|service_smb|service_smb_gssapi|service_ssl,ksf-v4-idsplit::
quantum,svc,10,zz_r2_full__svc__d10,zz_r2_full,id_test,fixed_c1,1.0,,0.004775524139404297,0.9236947791164659,0.9228434917355373,0.9234527950813041,0.9191489361702128,0.9814695247933884,0.9735248478685925,port_protocol_service_ablation,88,74,14,src_port|dst_port|proto_icmp|proto_tcp|proto_udp|service|service_dce_rpc|service_dns|service_ftp|service_gssapi|service_http|service_smb|service_smb_gssapi|service_ssl,ksf-v4-idsplit::
quantum,svc,10,zz_r2_full__svc__d10,zz_r2_full,ood_test,fixed_c1,1.0,,0.004775524139404297,0.982,0.9814814814814814,0.981961831234893,0.982791586998088,0.9749883908984645,0.9554616696223284,port_protocol_service_ablation,88,74,14,src_port|dst_port|proto_icmp|proto_tcp|proto_udp|service|service_dce_rpc|service_dns|service_ftp|service_gssapi|service_http|service_smb|service_smb_gssapi|service_ssl,ksf-v4-idsplit::
quantum,svc,10,zz_r2_full__svc__d10,zz_r2_full,id_val,train_cv,100.0,0.9674678604975246,0.0039997100830078125,0.9641434262948207,0.9651162790697674,0.9641411495785513,0.9644268774703557,0.9824628288219596,0.9736695091629857,port_protocol_service_ablation,88,74,14,src_port|dst_port|proto_icmp|proto_tcp|proto_udp|service|service_dce_rpc|service_dns|service_ftp|service_gssapi|service_http|service_smb|service_smb_gssapi|service_ssl,ksf-v4-idsplit::
quantum,svc,10,zz_r2_full__svc__d10,zz_r2_full,id_test,train_cv,100.0,0.9674678604975246,0.0039997100830078125,0.9799196787148594,0.98046875,0.9799183831475717,0.979757085020243,0.9891528925619835,0.985814371955017,port_protocol_service_ablation,88,74,14,src_port|dst_port|proto_icmp|proto_tcp|proto_udp|service|service_dce_rpc|service_dns|service_ftp|service_gssapi|service_http|service_smb|service_smb_gssapi|service_ssl,ksf-v4-idsplit::
quantum,svc,10,zz_r2_full__svc__d10,zz_r2_full,ood_test,train_cv,100.0,0.9674678604975246,0.0039997100830078125,0.978,0.977366255144033,0.9779448621553885,0.979047619047619,0.9920897984019471,0.9821783228596852,port_protocol_service_ablation,88,74,14,src_port|dst_port|proto_icmp|proto_tcp|proto_udp|service|service_dce_rpc|service_dns|service_ftp|service_gssapi|service_http|service_smb|service_smb_gssapi|service_ssl,ksf-v4-idsplit::
quantum,svc,10,pauli_xz_r1_full__svc__d10,pauli_xz_r1_full,id_val,fixed_c1,1.0,,0.0054547786712646484,0.896414342629482,0.8958889312492058,0.8962150127226463,0.8916666666666667,0.907866310840005,0.9318462846149879,port_protocol_service_ablation,88,74,14,src_port|dst_port|proto_icmp|proto_tcp|proto_udp|service|service_dce_rpc|service_dns|service_ftp|service_gssapi|service_http|service_smb|service_smb_gssapi|service_ssl,ksf-v4-idsplit::
quantum,svc,10,pauli_xz_r1_full__svc__d10,pauli_xz_r1_full,id_test,fixed_c1,1.0,,0.0054547786712646484,0.9076305220883534,0.9067665289256198,0.9073375940457892,0.902127659574468,0.9450542355371901,0.9629865140597388,port_protocol_service_ablation,88,74,14,src_port|dst_port|proto_icmp|proto_tcp|proto_udp|service|service_dce_rpc|service_dns|service_ftp|service_gssapi|service_http|service_smb|service_smb_gssapi|service_ssl,ksf-v4-idsplit::
quantum,svc,10,pauli_xz_r1_full__svc__d10,pauli_xz_r1_full,ood_test,fixed_c1,1.0,,0.0054547786712646484,0.97,0.9691358024691358,0.9698987393592043,0.9716446124763705,0.9991513346463627,0.9992350680193398,port_protocol_service_ablation,88,74,14,src_port|dst_port|proto_icmp|proto_tcp|proto_udp|service|service_dce_rpc|service_dns|service_ftp|service_gssapi|service_http|service_smb|service_smb_gssapi|service_ssl,ksf-v4-idsplit::
quantum,svc,10,pauli_xz_r1_full__svc__d10,pauli_xz_r1_full,id_val,train_cv,100.0,0.9302088867159931,0.006997346878051758,0.9043824701195219,0.9043080442241708,0.9043080442241708,0.9016393442622951,0.977443131274622,0.965581508965601,port_protocol_service_ablation,88,74,14,src_port|dst_port|proto_icmp|proto_tcp|proto_udp|service|service_dce_rpc|service_dns|service_ftp|service_gssapi|service_http|service_smb|service_smb_gssapi|service_ssl,ksf-v4-idsplit::
quantum,svc,10,pauli_xz_r1_full__svc__d10,pauli_xz_r1_full,id_test,train_cv,100.0,0.9302088867159931,0.006997346878051758,0.9196787148594378,0.9187112603305785,0.9193861693861693,0.9145299145299145,0.9937370867768596,0.9932598706667869,port_protocol_service_ablation,88,74,14,src_port|dst_port|proto_icmp|proto_tcp|proto_udp|service|service_dce_rpc|service_dns|service_ftp|service_gssapi|service_http|service_smb|service_smb_gssapi|service_ssl,ksf-v4-idsplit::
quantum,svc,10,pauli_xz_r1_full__svc__d10,pauli_xz_r1_full,ood_test,train_cv,100.0,0.9302088867159931,0.006997346878051758,0.978,0.977366255144033,0.9779448621553885,0.979047619047619,0.9958847736625515,0.9833463663465023,port_protocol_service_ablation,88,74,14,src_port|dst_port|proto_icmp|proto_tcp|proto_udp|service|service_dce_rpc|service_dns|service_ftp|service_gssapi|service_http|service_smb|service_smb_gssapi|service_ssl,ksf-v4-idsplit::
quantum,svc,10,zmap_r2__svc__d10,zmap_r2,id_val,fixed_c1,1.0,,0.008993148803710938,0.900398406374502,0.8997649002414538,0.9001702276596083,0.895397489539749,0.9649256576439192,0.9235218147194637,port_protocol_service_ablation,88,74,14,src_port|dst_port|proto_icmp|proto_tcp|proto_udp|service|service_dce_rpc|service_dns|service_ftp|service_gssapi|service_http|service_smb|service_smb_gssapi|service_ssl,ksf-v4-idsplit::
quantum,svc,10,zmap_r2__svc__d10,zmap_r2,id_test,fixed_c1,1.0,,0.008993148803710938,0.9076305220883534,0.9067665289256198,0.9073375940457892,0.902127659574468,0.9913481404958677,0.9908114187163826,port_protocol_service_ablation,88,74,14,src_port|dst_port|proto_icmp|proto_tcp|proto_udp|service|service_dce_rpc|service_dns|service_ftp|service_gssapi|service_http|service_smb|service_smb_gssapi|service_ssl,ksf-v4-idsplit::
quantum,svc,10,zmap_r2__svc__d10,zmap_r2,ood_test,fixed_c1,1.0,,0.008993148803710938,0.97,0.9691358024691358,0.9698987393592043,0.9716446124763705,0.9977102048005637,0.9978311732927712,port_protocol_service_ablation,88,74,14,src_port|dst_port|proto_icmp|proto_tcp|proto_udp|service|service_dce_rpc|service_dns|service_ftp|service_gssapi|service_http|service_smb|service_smb_gssapi|service_ssl,ksf-v4-idsplit::
quantum,svc,10,zmap_r2__svc__d10,zmap_r2,id_val,train_cv,100.0,0.9340136571632417,0.014384746551513672,0.9243027888446215,0.9247998475028594,0.9242979824436084,0.9236947791164659,0.9832888550006355,0.9743486401197164,port_protocol_service_ablation,88,74,14,src_port|dst_port|proto_icmp|proto_tcp|proto_udp|service|service_dce_rpc|service_dns|service_ftp|service_gssapi|service_http|service_smb|service_smb_gssapi|service_ssl,ksf-v4-idsplit::
quantum,svc,10,zmap_r2__svc__d10,zmap_r2,id_test,train_cv,100.0,0.9340136571632417,0.014384746551513672,0.9437751004016064,0.9435046487603306,0.943701550387597,0.9416666666666667,0.9941244834710744,0.9937211529887321,port_protocol_service_ablation,88,74,14,src_port|dst_port|proto_icmp|proto_tcp|proto_udp|service|service_dce_rpc|service_dns|service_ftp|service_gssapi|service_http|service_smb|service_smb_gssapi|service_ssl,ksf-v4-idsplit::
quantum,svc,10,zmap_r2__svc__d10,zmap_r2,ood_test,train_cv,100.0,0.9340136571632417,0.014384746551513672,0.978,0.977366255144033,0.9779448621553885,0.979047619047619,0.9946357944628589,0.9835294259941056,port_protocol_service_ablation,88,74,14,src_port|dst_port|proto_icmp|proto_tcp|proto_udp|service|service_dce_rpc|service_dns|service_ftp|service_gssapi|service_http|service_smb|service_smb_gssapi|service_ssl,ksf-v4-idsplit::
quantum,svc,10,zz_r1_full__as2__svc__d10,zz_r1_full__as2,id_val,fixed_c1,1.0,,0.005509376525878906,0.9362549800796812,0.9366501461430932,0.936245872491745,0.9354838709677419,0.9835430169017664,0.977897868385085,port_protocol_service_ablation,88,74,14,src_port|dst_port|proto_icmp|proto_tcp|proto_udp|service|service_dce_rpc|service_dns|service_ftp|service_gssapi|service_http|service_smb|service_smb_gssapi|service_ssl,ksf-v4-idsplit::
quantum,svc,10,zz_r1_full__as2__svc__d10,zz_r1_full__as2,id_test,fixed_c1,1.0,,0.005509376525878906,0.9477911646586346,0.9476368801652892,0.9477372168493792,0.946058091286307,0.987345041322314,0.9817743373806859,port_protocol_service_ablation,88,74,14,src_port|dst_port|proto_icmp|proto_tcp|proto_udp|service|service_dce_rpc|service_dns|service_ftp|service_gssapi|service_http|service_smb|service_smb_gssapi|service_ssl,ksf-v4-idsplit::
quantum,svc,10,zz_r1_full__as2__svc__d10,zz_r1_full__as2,ood_test,fixed_c1,1.0,,0.005509376525878906,0.982,0.9814814814814814,0.981961831234893,0.982791586998088,0.9765255960673168,0.9612780828015531,port_protocol_service_ablation,88,74,14,src_port|dst_port|proto_icmp|proto_tcp|proto_udp|service|service_dce_rpc|service_dns|service_ftp|service_gssapi|service_http|service_smb|service_smb_gssapi|service_ssl,ksf-v4-idsplit::
quantum,svc,10,zz_r1_full__as2__svc__d10,zz_r1_full__as2,id_val,train_cv,10.0,0.9704699453867456,0.003511190414428711,0.9760956175298805,0.976521794383022,0.9760922021844044,0.9758064516129032,0.9825263692972424,0.9744377939190503,port_protocol_service_ablation,88,74,14,src_port|dst_port|proto_icmp|proto_tcp|proto_udp|service|service_dce_rpc|service_dns|service_ftp|service_gssapi|service_http|service_smb|service_smb_gssapi|service_ssl,ksf-v4-idsplit::
quantum,svc,10,zz_r1_full__as2__svc__d10,zz_r1_full__as2,id_test,train_cv,10.0,0.9704699453867456,0.003511190414428711,0.9718875502008032,0.9722042871900827,0.9718802936194241,0.9714285714285714,0.9850206611570248,0.9797733356761488,port_protocol_service_ablation,88,74,14,src_port|dst_port|proto_icmp|proto_tcp|proto_udp|service|service_dce_rpc|service_dns|service_ftp|service_gssapi|service_http|service_smb|service_smb_gssapi|service_ssl,ksf-v4-idsplit::
quantum,svc,10,zz_r1_full__as2__svc__d10,zz_r1_full__as2,ood_test,train_cv,10.0,0.9704699453867456,0.003511190414428711,0.984,0.9835390946502058,0.9839689639141378,0.9846743295019157,0.9801924708971833,0.9668161447814717,port_protocol_service_ablation,88,74,14,src_port|dst_port|proto_icmp|proto_tcp|proto_udp|service|service_dce_rpc|service_dns|service_ftp|service_gssapi|service_http|service_smb|service_smb_gssapi|service_ssl,ksf-v4-idsplit::
quantum,svc,10,zz_r2_full__as2__svc__d10,zz_r2_full__as2,id_val,fixed_c1,1.0,,0.004999399185180664,0.952191235059761,0.9528211971025543,0.9521904761904761,0.952,0.979222264582539,0.970462290928147,port_protocol_service_ablation,88,74,14,src_port|dst_port|proto_icmp|proto_tcp|proto_udp|service|service_dce_rpc|service_dns|service_ftp|service_gssapi|service_http|service_smb|service_smb_gssapi|service_ssl,ksf-v4-idsplit::
quantum,svc,10,zz_r2_full__as2__svc__d10,zz_r2_full__as2,id_test,fixed_c1,1.0,,0.004999399185180664,0.9598393574297188,0.9598075929752066,0.9598075929752066,0.9586776859504132,0.9809529958677686,0.9723113625168411,port_protocol_service_ablation,88,74,14,src_port|dst_port|proto_icmp|proto_tcp|proto_udp|service|service_dce_rpc|service_dns|service_ftp|service_gssapi|service_http|service_smb|service_smb_gssapi|service_ssl,ksf-v4-idsplit::
quantum,svc,10,zz_r2_full__as2__svc__d10,zz_r2_full__as2,ood_test,fixed_c1,1.0,,0.004999399185180664,0.982,0.9814814814814814,0.981961831234893,0.982791586998088,0.9763654705288947,0.9598825913036415,port_protocol_service_ablation,88,74,14,src_port|dst_port|proto_icmp|proto_tcp|proto_udp|service|service_dce_rpc|service_dns|service_ftp|service_gssapi|service_http|service_smb|service_smb_gssapi|service_ssl,ksf-v4-idsplit::
quantum,svc,10,zz_r2_full__as2__svc__d10,zz_r2_full__as2,id_val,train_cv,100.0,0.9665757114094994,0.003999471664428711,0.9721115537848606,0.9726458253907739,0.97210978300554,0.9718875502008032,0.9894522811030627,0.9932991260723731,port_protocol_service_ablation,88,74,14,src_port|dst_port|proto_icmp|proto_tcp|proto_udp|service|service_dce_rpc|service_dns|service_ftp|service_gssapi|service_http|service_smb|service_smb_gssapi|service_ssl,ksf-v4-idsplit::
quantum,svc,10,zz_r2_full__as2__svc__d10,zz_r2_full__as2,id_test,train_cv,100.0,0.9665757114094994,0.003999471664428711,0.9799196787148594,0.98046875,0.9799183831475717,0.979757085020243,0.9971590909090909,0.9969893345843699,port_protocol_service_ablation,88,74,14,src_port|dst_port|proto_icmp|proto_tcp|proto_udp|service|service_dce_rpc|service_dns|service_ftp|service_gssapi|service_http|service_smb|service_smb_gssapi|service_ssl,ksf-v4-idsplit::
quantum,svc,10,zz_r2_full__as2__svc__d10,zz_r2_full__as2,ood_test,train_cv,100.0,0.9665757114094994,0.003999471664428711,0.982,0.9814814814814814,0.981961831234893,0.982791586998088,0.9954524347088117,0.9856294527003827,port_protocol_service_ablation,88,74,14,src_port|dst_port|proto_icmp|proto_tcp|proto_udp|service|service_dce_rpc|service_dns|service_ftp|service_gssapi|service_http|service_smb|service_smb_gssapi|service_ssl,ksf-v4-idsplit::
quantum,svc,10,pauli_xz_r1_full__as2__svc__d10,pauli_xz_r1_full__as2,id_val,fixed_c1,1.0,,0.009101629257202148,0.900398406374502,0.8997649002414538,0.9001702276596083,0.895397489539749,0.965497521921464,0.915008367799441,port_protocol_service_ablation,88,74,14,src_port|dst_port|proto_icmp|proto_tcp|proto_udp|service|service_dce_rpc|service_dns|service_ftp|service_gssapi|service_http|service_smb|service_smb_gssapi|service_ssl,ksf-v4-idsplit::
quantum,svc,10,pauli_xz_r1_full__as2__svc__d10,pauli_xz_r1_full__as2,id_test,fixed_c1,1.0,,0.009101629257202148,0.9156626506024096,0.9145790289256198,0.9153129808081626,0.9098712446351931,0.9912190082644627,0.9906427433448779,port_protocol_service_ablation,88,74,14,src_port|dst_port|proto_icmp|proto_tcp|proto_udp|service|service_dce_rpc|service_dns|service_ftp|service_gssapi|service_http|service_smb|service_smb_gssapi|service_ssl,ksf-v4-idsplit::
quantum,svc,10,pauli_xz_r1_full__as2__svc__d10,pauli_xz_r1_full__as2,ood_test,fixed_c1,1.0,,0.009101629257202148,0.982,0.9814814814814814,0.981961831234893,0.982791586998088,0.9982065939696723,0.9982846824580354,port_protocol_service_ablation,88,74,14,src_port|dst_port|proto_icmp|proto_tcp|proto_udp|service|service_dce_rpc|service_dns|service_ftp|service_gssapi|service_http|service_smb|service_smb_gssapi|service_ssl,ksf-v4-idsplit::
quantum,svc,10,pauli_xz_r1_full__as2__svc__d10,pauli_xz_r1_full__as2,id_val,train_cv,100.0,0.9494782483722529,0.007325410842895508,0.9402390438247012,0.9411932901258101,0.9402352492975856,0.9407114624505929,0.9898970644300419,0.9868234715299986,port_protocol_service_ablation,88,74,14,src_port|dst_port|proto_icmp|proto_tcp|proto_udp|service|service_dce_rpc|service_dns|service_ftp|service_gssapi|service_http|service_smb|service_smb_gssapi|service_ssl,ksf-v4-idsplit::
quantum,svc,10,pauli_xz_r1_full__as2__svc__d10,pauli_xz_r1_full__as2,id_test,train_cv,100.0,0.9494782483722529,0.007325410842895508,0.9598393574297188,0.9598075929752066,0.9598075929752066,0.9586776859504132,0.9958677685950413,0.9955783839423601,port_protocol_service_ablation,88,74,14,src_port|dst_port|proto_icmp|proto_tcp|proto_udp|service|service_dce_rpc|service_dns|service_ftp|service_gssapi|service_http|service_smb|service_smb_gssapi|service_ssl,ksf-v4-idsplit::
quantum,svc,10,pauli_xz_r1_full__as2__svc__d10,pauli_xz_r1_full__as2,ood_test,train_cv,100.0,0.9494782483722529,0.007325410842895508,0.976,0.9753086419753086,0.9759349280454348,0.9771863117870723,0.9955645225857073,0.9820785547989036,port_protocol_service_ablation,88,74,14,src_port|dst_port|proto_icmp|proto_tcp|proto_udp|service|service_dce_rpc|service_dns|service_ftp|service_gssapi|service_http|service_smb|service_smb_gssapi|service_ssl,ksf-v4-idsplit::
quantum,svc,10,zmap_r2__as2__svc__d10,zmap_r2__as2,id_val,fixed_c1,1.0,,0.004922389984130859,0.900398406374502,0.8997649002414538,0.9001702276596083,0.895397489539749,0.9676578980810776,0.9195094664193135,port_protocol_service_ablation,88,74,14,src_port|dst_port|proto_icmp|proto_tcp|proto_udp|service|service_dce_rpc|service_dns|service_ftp|service_gssapi|service_http|service_smb|service_smb_gssapi|service_ssl,ksf-v4-idsplit::
quantum,svc,10,zmap_r2__as2__svc__d10,zmap_r2__as2,id_test,fixed_c1,1.0,,0.004922389984130859,0.9156626506024096,0.9145790289256198,0.9153129808081626,0.9098712446351931,0.9928977272727273,0.9922656319265227,port_protocol_service_ablation,88,74,14,src_port|dst_port|proto_icmp|proto_tcp|proto_udp|service|service_dce_rpc|service_dns|service_ftp|service_gssapi|service_http|service_smb|service_smb_gssapi|service_ssl,ksf-v4-idsplit::
quantum,svc,10,zmap_r2__as2__svc__d10,zmap_r2__as2,ood_test,fixed_c1,1.0,,0.004922389984130859,0.982,0.9814814814814814,0.981961831234893,0.982791586998088,0.9991993723078894,0.9992530697486668,port_protocol_service_ablation,88,74,14,src_port|dst_port|proto_icmp|proto_tcp|proto_udp|service|service_dce_rpc|service_dns|service_ftp|service_gssapi|service_http|service_smb|service_smb_gssapi|service_ssl,ksf-v4-idsplit::
quantum,svc,10,zmap_r2__as2__svc__d10,zmap_r2__as2,id_val,train_cv,100.0,0.9604008832308052,0.008152246475219727,0.952191235059761,0.9532659804295336,0.9521844043688088,0.952755905511811,0.991422035836828,0.9887949233371139,port_protocol_service_ablation,88,74,14,src_port|dst_port|proto_icmp|proto_tcp|proto_udp|service|service_dce_rpc|service_dns|service_ftp|service_gssapi|service_http|service_smb|service_smb_gssapi|service_ssl,ksf-v4-idsplit::
quantum,svc,10,zmap_r2__as2__svc__d10,zmap_r2__as2,id_test,train_cv,100.0,0.9604008832308052,0.008152246475219727,0.9718875502008032,0.9722042871900827,0.9718802936194241,0.9714285714285714,0.9966425619834711,0.996436530515705,port_protocol_service_ablation,88,74,14,src_port|dst_port|proto_icmp|proto_tcp|proto_udp|service|service_dce_rpc|service_dns|service_ftp|service_gssapi|service_http|service_smb|service_smb_gssapi|service_ssl,ksf-v4-idsplit::
quantum,svc,10,zmap_r2__as2__svc__d10,zmap_r2__as2,ood_test,train_cv,100.0,0.9604008832308052,0.008152246475219727,0.98,0.9794238683127572,0.9799538135865034,0.9809160305343512,0.9775183744055339,0.965000011974407,port_protocol_service_ablation,88,74,14,src_port|dst_port|proto_icmp|proto_tcp|proto_udp|service|service_dce_rpc|service_dns|service_ftp|service_gssapi|service_http|service_smb|service_smb_gssapi|service_ssl,ksf-v4-idsplit::
classical_ext,svc,12,linear__svc__d12,linear,id_val,fixed_c1,1.0,,0.005285501480102539,0.848605577689243,0.8460414283898843,0.8465572715572716,0.8288288288288288,0.8897572753844198,0.867751856308235,port_protocol_service_ablation,88,74,14,src_port|dst_port|proto_icmp|proto_tcp|proto_udp|service|service_dce_rpc|service_dns|service_ftp|service_gssapi|service_http|service_smb|service_smb_gssapi|service_ssl,ksf-v4-idsplit::
classical_ext,svc,12,linear__svc__d12,linear,id_test,fixed_c1,1.0,,0.005285501480102539,0.9156626506024096,0.9134491219008265,0.9147329800244598,0.905829596412556,0.9410511363636364,0.9551219982406861,port_protocol_service_ablation,88,74,14,src_port|dst_port|proto_icmp|proto_tcp|proto_udp|service|service_dce_rpc|service_dns|service_ftp|service_gssapi|service_http|service_smb|service_smb_gssapi|service_ssl,ksf-v4-idsplit::
classical_ext,svc,12,linear__svc__d12,linear,ood_test,fixed_c1,1.0,,0.005285501480102539,0.61,0.6203983923395943,0.5541246896021877,0.39628482972136225,0.9898800659717218,0.9768807342684767,port_protocol_service_ablation,88,74,14,src_port|dst_port|proto_icmp|proto_tcp|proto_udp|service|service_dce_rpc|service_dns|service_ftp|service_gssapi|service_http|service_smb|service_smb_gssapi|service_ssl,ksf-v4-idsplit::
classical_ext,svc,12,linear__svc__d12,linear,id_val,train_cv,100.0,0.9039933857138089,0.0060002803802490234,0.8764940239043825,0.8747299529800483,0.8755378537037926,0.8646288209606987,0.9121870631592324,0.9299609615315977,port_protocol_service_ablation,88,74,14,src_port|dst_port|proto_icmp|proto_tcp|proto_udp|service|service_dce_rpc|service_dns|service_ftp|service_gssapi|service_http|service_smb|service_smb_gssapi|service_ssl,ksf-v4-idsplit::
classical_ext,svc,12,linear__svc__d12,linear,id_test,train_cv,100.0,0.9039933857138089,0.0060002803802490234,0.9317269076305221,0.9299780475206612,0.9311897524261585,0.9251101321585903,0.9490573347107438,0.9620716851987856,port_protocol_service_ablation,88,74,14,src_port|dst_port|proto_icmp|proto_tcp|proto_udp|service|service_dce_rpc|service_dns|service_ftp|service_gssapi|service_http|service_smb|service_smb_gssapi|service_ssl,ksf-v4-idsplit::
classical_ext,svc,12,linear__svc__d12,linear,ood_test,train_cv,100.0,0.9039933857138089,0.0060002803802490234,0.618,0.6281804935069094,0.5660491386870601,0.41590214067278286,0.9937551040015372,0.9933168754836453,port_protocol_service_ablation,88,74,14,src_port|dst_port|proto_icmp|proto_tcp|proto_udp|service|service_dce_rpc|service_dns|service_ftp|service_gssapi|service_http|service_smb|service_smb_gssapi|service_ssl,ksf-v4-idsplit::
classical_ext,svc,12,rbf_gscale__svc__d12,rbf_gscale,id_val,fixed_c1,1.0,,0.004565000534057617,0.896414342629482,0.8958889312492058,0.8962150127226463,0.8916666666666667,0.9722963527767189,0.9457869790658786,port_protocol_service_ablation,88,74,14,src_port|dst_port|proto_icmp|proto_tcp|proto_udp|service|service_dce_rpc|service_dns|service_ftp|service_gssapi|service_http|service_smb|service_smb_gssapi|service_ssl,ksf-v4-idsplit::
classical_ext,svc,12,rbf_gscale__svc__d12,rbf_gscale,id_test,fixed_c1,1.0,,0.004565000534057617,0.9076305220883534,0.9067665289256198,0.9073375940457892,0.902127659574468,0.9919292355371901,0.9915056090706559,port_protocol_service_ablation,88,74,14,src_port|dst_port|proto_icmp|proto_tcp|proto_udp|service|service_dce_rpc|service_dns|service_ftp|service_gssapi|service_http|service_smb|service_smb_gssapi|service_ssl,ksf-v4-idsplit::
classical_ext,svc,12,rbf_gscale__svc__d12,rbf_gscale,ood_test,fixed_c1,1.0,,0.004565000534057617,0.964,0.9632992265936494,0.9639023920681523,0.9657794676806084,0.9952122464011786,0.9819425892548646,port_protocol_service_ablation,88,74,14,src_port|dst_port|proto_icmp|proto_tcp|proto_udp|service|service_dce_rpc|service_dns|service_ftp|service_gssapi|service_http|service_smb|service_smb_gssapi|service_ssl,ksf-v4-idsplit::
classical_ext,svc,12,rbf_gscale__svc__d12,rbf_gscale,id_val,train_cv,100.0,0.9165752703073793,0.007999420166015625,0.9083665338645418,0.9079616215529291,0.9082208549943562,0.9045643153526971,0.9737577837082221,0.9590444013067687,port_protocol_service_ablation,88,74,14,src_port|dst_port|proto_icmp|proto_tcp|proto_udp|service|service_dce_rpc|service_dns|service_ftp|service_gssapi|service_http|service_smb|service_smb_gssapi|service_ssl,ksf-v4-idsplit::
classical_ext,svc,12,rbf_gscale__svc__d12,rbf_gscale,id_test,train_cv,100.0,0.9165752703073793,0.007999420166015625,0.9116465863453815,0.9108987603305785,0.9114050976840471,0.9067796610169492,0.9790805785123967,0.9513786214632942,port_protocol_service_ablation,88,74,14,src_port|dst_port|proto_icmp|proto_tcp|proto_udp|service|service_dce_rpc|service_dns|service_ftp|service_gssapi|service_http|service_smb|service_smb_gssapi|service_ssl,ksf-v4-idsplit::
classical_ext,svc,12,rbf_gscale__svc__d12,rbf_gscale,ood_test,train_cv,100.0,0.9165752703073793,0.007999420166015625,0.97,0.9691358024691358,0.9698987393592043,0.9716446124763705,0.9518342380426253,0.9159217328789065,port_protocol_service_ablation,88,74,14,src_port|dst_port|proto_icmp|proto_tcp|proto_udp|service|service_dce_rpc|service_dns|service_ftp|service_gssapi|service_http|service_smb|service_smb_gssapi|service_ssl,ksf-v4-idsplit::
classical_ext,svc,12,poly2__svc__d12,poly2,id_val,fixed_c1,1.0,,0.005999565124511719,0.848605577689243,0.8460414283898843,0.8465572715572716,0.8288288288288288,0.8751429660693861,0.9043343041081184,port_protocol_service_ablation,88,74,14,src_port|dst_port|proto_icmp|proto_tcp|proto_udp|service|service_dce_rpc|service_dns|service_ftp|service_gssapi|service_http|service_smb|service_smb_gssapi|service_ssl,ksf-v4-idsplit::
classical_ext,svc,12,poly2__svc__d12,poly2,id_test,fixed_c1,1.0,,0.005999565124511719,0.9156626506024096,0.9134491219008265,0.9147329800244598,0.905829596412556,0.9347236570247934,0.9513296078082325,port_protocol_service_ablation,88,74,14,src_port|dst_port|proto_icmp|proto_tcp|proto_udp|service|service_dce_rpc|service_dns|service_ftp|service_gssapi|service_http|service_smb|service_smb_gssapi|service_ssl,ksf-v4-idsplit::
classical_ext,svc,12,poly2__svc__d12,poly2,ood_test,fixed_c1,1.0,,0.005999565124511719,0.61,0.6203983923395943,0.5541246896021877,0.39628482972136225,0.984900161726794,0.9880427923439252,port_protocol_service_ablation,88,74,14,src_port|dst_port|proto_icmp|proto_tcp|proto_udp|service|service_dce_rpc|service_dns|service_ftp|service_gssapi|service_http|service_smb|service_smb_gssapi|service_ssl,ksf-v4-idsplit::
classical_ext,svc,12,poly2__svc__d12,poly2,id_val,train_cv,10.0,0.9050937029223736,0.0049974918365478516,0.8764940239043825,0.8747299529800483,0.8755378537037926,0.8646288209606987,0.9078027703647223,0.9256980316558916,port_protocol_service_ablation,88,74,14,src_port|dst_port|proto_icmp|proto_tcp|proto_udp|service|service_dce_rpc|service_dns|service_ftp|service_gssapi|service_http|service_smb|service_smb_gssapi|service_ssl,ksf-v4-idsplit::
classical_ext,svc,12,poly2__svc__d12,poly2,id_test,train_cv,10.0,0.9050937029223736,0.0049974918365478516,0.9317269076305221,0.9299780475206612,0.9311897524261585,0.9251101321585903,0.9490573347107438,0.9620221406301598,port_protocol_service_ablation,88,74,14,src_port|dst_port|proto_icmp|proto_tcp|proto_udp|service|service_dce_rpc|service_dns|service_ftp|service_gssapi|service_http|service_smb|service_smb_gssapi|service_ssl,ksf-v4-idsplit::
classical_ext,svc,12,poly2__svc__d12,poly2,ood_test,train_cv,10.0,0.9050937029223736,0.0049974918365478516,0.618,0.6281804935069094,0.5660491386870601,0.41590214067278286,0.9937230788938528,0.9931981158926095,port_protocol_service_ablation,88,74,14,src_port|dst_port|proto_icmp|proto_tcp|proto_udp|service|service_dce_rpc|service_dns|service_ftp|service_gssapi|service_http|service_smb|service_smb_gssapi|service_ssl,ksf-v4-idsplit::
classical_ext,svc,12,poly3__svc__d12,poly3,id_val,fixed_c1,1.0,,0.005959987640380859,0.8645418326693227,0.8633244376667937,0.8639175915295318,0.8547008547008547,0.908184013216419,0.9238342467604306,port_protocol_service_ablation,88,74,14,src_port|dst_port|proto_icmp|proto_tcp|proto_udp|service|service_dce_rpc|service_dns|service_ftp|service_gssapi|service_http|service_smb|service_smb_gssapi|service_ssl,ksf-v4-idsplit::
classical_ext,svc,12,poly3__svc__d12,poly3,id_test,fixed_c1,1.0,,0.005959987640380859,0.8995983935742972,0.898050103305785,0.8989464456745833,0.8908296943231441,0.9495738636363636,0.9616988076661397,port_protocol_service_ablation,88,74,14,src_port|dst_port|proto_icmp|proto_tcp|proto_udp|service|service_dce_rpc|service_dns|service_ftp|service_gssapi|service_http|service_smb|service_smb_gssapi|service_ssl,ksf-v4-idsplit::
classical_ext,svc,12,poly3__svc__d12,poly3,ood_test,fixed_c1,1.0,,0.005959987640380859,0.968,0.9678628044386799,0.9679671984111731,0.9689922480620154,0.9922018862788425,0.9923742220873972,port_protocol_service_ablation,88,74,14,src_port|dst_port|proto_icmp|proto_tcp|proto_udp|service|service_dce_rpc|service_dns|service_ftp|service_gssapi|service_http|service_smb|service_smb_gssapi|service_ssl,ksf-v4-idsplit::
classical_ext,svc,12,poly3__svc__d12,poly3,id_val,train_cv,10.0,0.9044530141229672,0.004509687423706055,0.8924302788844621,0.8920129622569577,0.8922592645585921,0.8879668049792531,0.9166984369043081,0.9339082729361715,port_protocol_service_ablation,88,74,14,src_port|dst_port|proto_icmp|proto_tcp|proto_udp|service|service_dce_rpc|service_dns|service_ftp|service_gssapi|service_http|service_smb|service_smb_gssapi|service_ssl,ksf-v4-idsplit::
classical_ext,svc,12,poly3__svc__d12,poly3,id_test,train_cv,10.0,0.9044530141229672,0.004509687423706055,0.9156626506024096,0.9145790289256198,0.9153129808081626,0.9098712446351931,0.9522856404958678,0.9643287561085483,port_protocol_service_ablation,88,74,14,src_port|dst_port|proto_icmp|proto_tcp|proto_udp|service|service_dce_rpc|service_dns|service_ftp|service_gssapi|service_http|service_smb|service_smb_gssapi|service_ssl,ksf-v4-idsplit::
classical_ext,svc,12,poly3__svc__d12,poly3,ood_test,train_cv,10.0,0.9044530141229672,0.004509687423706055,0.974,0.9735872924372708,0.973954054952937,0.9750479846449136,0.9932907399401131,0.992971907068483,port_protocol_service_ablation,88,74,14,src_port|dst_port|proto_icmp|proto_tcp|proto_udp|service|service_dce_rpc|service_dns|service_ftp|service_gssapi|service_http|service_smb|service_smb_gssapi|service_ssl,ksf-v4-idsplit::
classical_ext,svc,12,laplacian_med__svc__d12,laplacian_med,id_val,fixed_c1,1.0,,0.004468441009521484,0.896414342629482,0.8958889312492058,0.8962150127226463,0.8916666666666667,0.9813826407421528,0.9717688189385085,port_protocol_service_ablation,88,74,14,src_port|dst_port|proto_icmp|proto_tcp|proto_udp|service|service_dce_rpc|service_dns|service_ftp|service_gssapi|service_http|service_smb|service_smb_gssapi|service_ssl,ksf-v4-idsplit::
classical_ext,svc,12,laplacian_med__svc__d12,laplacian_med,id_test,fixed_c1,1.0,,0.004468441009521484,0.9076305220883534,0.9067665289256198,0.9073375940457892,0.902127659574468,0.9913481404958677,0.9908094512680582,port_protocol_service_ablation,88,74,14,src_port|dst_port|proto_icmp|proto_tcp|proto_udp|service|service_dce_rpc|service_dns|service_ftp|service_gssapi|service_http|service_smb|service_smb_gssapi|service_ssl,ksf-v4-idsplit::
classical_ext,svc,12,laplacian_med__svc__d12,laplacian_med,ood_test,fixed_c1,1.0,,0.004468441009521484,0.97,0.9691358024691358,0.9698987393592043,0.9716446124763705,0.9988310835695186,0.9989249294490807,port_protocol_service_ablation,88,74,14,src_port|dst_port|proto_icmp|proto_tcp|proto_udp|service|service_dce_rpc|service_dns|service_ftp|service_gssapi|service_http|service_smb|service_smb_gssapi|service_ssl,ksf-v4-idsplit::
classical_ext,svc,12,laplacian_med__svc__d12,laplacian_med,id_val,train_cv,100.0,0.9734225466381282,0.0048580169677734375,0.9760956175298805,0.9767441860465116,0.9760952380952381,0.976,0.9993010547718897,0.9992790666309043,port_protocol_service_ablation,88,74,14,src_port|dst_port|proto_icmp|proto_tcp|proto_udp|service|service_dce_rpc|service_dns|service_ftp|service_gssapi|service_http|service_smb|service_smb_gssapi|service_ssl,ksf-v4-idsplit::
classical_ext,svc,12,laplacian_med__svc__d12,laplacian_med,id_test,train_cv,100.0,0.9734225466381282,0.0048580169677734375,0.9799196787148594,0.98046875,0.9799183831475717,0.979757085020243,0.9998063016528925,0.9998000533191147,port_protocol_service_ablation,88,74,14,src_port|dst_port|proto_icmp|proto_tcp|proto_udp|service|service_dce_rpc|service_dns|service_ftp|service_gssapi|service_http|service_smb|service_smb_gssapi|service_ssl,ksf-v4-idsplit::
classical_ext,svc,12,laplacian_med__svc__d12,laplacian_med,ood_test,train_cv,100.0,0.9734225466381282,0.0048580169677734375,0.984,0.9835390946502058,0.9839689639141378,0.9846743295019157,0.9959007862163937,0.9859294914058578,port_protocol_service_ablation,88,74,14,src_port|dst_port|proto_icmp|proto_tcp|proto_udp|service|service_dce_rpc|service_dns|service_ftp|service_gssapi|service_http|service_smb|service_smb_gssapi|service_ssl,ksf-v4-idsplit::
classical_ext,svc,12,matern15_med__svc__d12,matern15_med,id_val,fixed_c1,1.0,,0.004786491394042969,0.896414342629482,0.8958889312492058,0.8962150127226463,0.8916666666666667,0.9661329266742915,0.9436223962867998,port_protocol_service_ablation,88,74,14,src_port|dst_port|proto_icmp|proto_tcp|proto_udp|service|service_dce_rpc|service_dns|service_ftp|service_gssapi|service_http|service_smb|service_smb_gssapi|service_ssl,ksf-v4-idsplit::
classical_ext,svc,12,matern15_med__svc__d12,matern15_med,id_test,fixed_c1,1.0,,0.004786491394042969,0.9076305220883534,0.9067665289256198,0.9073375940457892,0.902127659574468,0.9919292355371901,0.9915059516384916,port_protocol_service_ablation,88,74,14,src_port|dst_port|proto_icmp|proto_tcp|proto_udp|service|service_dce_rpc|service_dns|service_ftp|service_gssapi|service_http|service_smb|service_smb_gssapi|service_ssl,ksf-v4-idsplit::
classical_ext,svc,12,matern15_med__svc__d12,matern15_med,ood_test,fixed_c1,1.0,,0.004786491394042969,0.964,0.9632992265936494,0.9639023920681523,0.9657794676806084,0.995164208739652,0.9819020483578174,port_protocol_service_ablation,88,74,14,src_port|dst_port|proto_icmp|proto_tcp|proto_udp|service|service_dce_rpc|service_dns|service_ftp|service_gssapi|service_http|service_smb|service_smb_gssapi|service_ssl,ksf-v4-idsplit::
classical_ext,svc,12,matern15_med__svc__d12,matern15_med,id_val,train_cv,100.0,0.9263347268952314,0.00699925422668457,0.9123505976095617,0.9120599822086669,0.9122377622377622,0.9090909090909091,0.9845596645062905,0.9810934810000905,port_protocol_service_ablation,88,74,14,src_port|dst_port|proto_icmp|proto_tcp|proto_udp|service|service_dce_rpc|service_dns|service_ftp|service_gssapi|service_http|service_smb|service_smb_gssapi|service_ssl,ksf-v4-idsplit::
classical_ext,svc,12,matern15_med__svc__d12,matern15_med,id_test,train_cv,100.0,0.9263347268952314,0.00699925422668457,0.9196787148594378,0.9187112603305785,0.9193861693861693,0.9145299145299145,0.9933496900826446,0.992893522838745,port_protocol_service_ablation,88,74,14,src_port|dst_port|proto_icmp|proto_tcp|proto_udp|service|service_dce_rpc|service_dns|service_ftp|service_gssapi|service_http|service_smb|service_smb_gssapi|service_ssl,ksf-v4-idsplit::
classical_ext,svc,12,matern15_med__svc__d12,matern15_med,ood_test,train_cv,100.0,0.9263347268952314,0.00699925422668457,0.982,0.9814814814814814,0.981961831234893,0.982791586998088,0.9958847736625513,0.9852116808240394,port_protocol_service_ablation,88,74,14,src_port|dst_port|proto_icmp|proto_tcp|proto_udp|service|service_dce_rpc|service_dns|service_ftp|service_gssapi|service_http|service_smb|service_smb_gssapi|service_ssl,ksf-v4-idsplit::
classical_ext,svc,12,matern25_med__svc__d12,matern25_med,id_val,fixed_c1,1.0,,0.003999948501586914,0.8924302788844621,0.8920129622569577,0.8922592645585921,0.8879668049792531,0.9132672512390393,0.9114559255252077,port_protocol_service_ablation,88,74,14,src_port|dst_port|proto_icmp|proto_tcp|proto_udp|service|service_dce_rpc|service_dns|service_ftp|service_gssapi|service_http|service_smb|service_smb_gssapi|service_ssl,ksf-v4-idsplit::
classical_ext,svc,12,matern25_med__svc__d12,matern25_med,id_test,fixed_c1,1.0,,0.003999948501586914,0.9076305220883534,0.9067665289256198,0.9073375940457892,0.902127659574468,0.9517691115702479,0.964134588004836,port_protocol_service_ablation,88,74,14,src_port|dst_port|proto_icmp|proto_tcp|proto_udp|service|service_dce_rpc|service_dns|service_ftp|service_gssapi|service_http|service_smb|service_smb_gssapi|service_ssl,ksf-v4-idsplit::
classical_ext,svc,12,matern25_med__svc__d12,matern25_med,ood_test,fixed_c1,1.0,,0.003999948501586914,0.964,0.9632992265936494,0.9639023920681523,0.9657794676806084,0.9951642087396518,0.9819020483578174,port_protocol_service_ablation,88,74,14,src_port|dst_port|proto_icmp|proto_tcp|proto_udp|service|service_dce_rpc|service_dns|service_ftp|service_gssapi|service_http|service_smb|service_smb_gssapi|service_ssl,ksf-v4-idsplit::
classical_ext,svc,12,matern25_med__svc__d12,matern25_med,id_val,train_cv,1.0,0.9079161309280916,0.004362821578979492,0.8924302788844621,0.8920129622569577,0.8922592645585921,0.8879668049792531,0.9132672512390393,0.9114559255252077,port_protocol_service_ablation,88,74,14,src_port|dst_port|proto_icmp|proto_tcp|proto_udp|service|service_dce_rpc|service_dns|service_ftp|service_gssapi|service_http|service_smb|service_smb_gssapi|service_ssl,ksf-v4-idsplit::
classical_ext,svc,12,matern25_med__svc__d12,matern25_med,id_test,train_cv,1.0,0.9079161309280916,0.004362821578979492,0.9076305220883534,0.9067665289256198,0.9073375940457892,0.902127659574468,0.9517691115702479,0.964134588004836,port_protocol_service_ablation,88,74,14,src_port|dst_port|proto_icmp|proto_tcp|proto_udp|service|service_dce_rpc|service_dns|service_ftp|service_gssapi|service_http|service_smb|service_smb_gssapi|service_ssl,ksf-v4-idsplit::
classical_ext,svc,12,matern25_med__svc__d12,matern25_med,ood_test,train_cv,1.0,0.9079161309280916,0.004362821578979492,0.964,0.9632992265936494,0.9639023920681523,0.9657794676806084,0.9951642087396518,0.9819020483578174,port_protocol_service_ablation,88,74,14,src_port|dst_port|proto_icmp|proto_tcp|proto_udp|service|service_dce_rpc|service_dns|service_ftp|service_gssapi|service_http|service_smb|service_smb_gssapi|service_ssl,ksf-v4-idsplit::
classical_ext,svc,12,rbf_gscale_x0.1__svc__d12,rbf_gscale_x0.1,id_val,fixed_c1,1.0,,0.006270885467529297,0.8406374501992032,0.8373999237514297,0.8374773374773374,0.8148148148148148,0.9402719532342102,0.9352804472034313,port_protocol_service_ablation,88,74,14,src_port|dst_port|proto_icmp|proto_tcp|proto_udp|service|service_dce_rpc|service_dns|service_ftp|service_gssapi|service_http|service_smb|service_smb_gssapi|service_ssl,ksf-v4-idsplit::
classical_ext,svc,12,rbf_gscale_x0.1__svc__d12,rbf_gscale_x0.1,id_test,fixed_c1,1.0,,0.006270885467529297,0.9036144578313253,0.9008264462809917,0.9020969855832242,0.8899082568807339,0.9667484504132232,0.9709940185445927,port_protocol_service_ablation,88,74,14,src_port|dst_port|proto_icmp|proto_tcp|proto_udp|service|service_dce_rpc|service_dns|service_ftp|service_gssapi|service_http|service_smb|service_smb_gssapi|service_ssl,ksf-v4-idsplit::
classical_ext,svc,12,rbf_gscale_x0.1__svc__d12,rbf_gscale_x0.1,ood_test,fixed_c1,1.0,,0.006270885467529297,0.612,0.6224560055083186,0.5556899173674856,0.39751552795031053,0.9915133464636275,0.978183691747976,port_protocol_service_ablation,88,74,14,src_port|dst_port|proto_icmp|proto_tcp|proto_udp|service|service_dce_rpc|service_dns|service_ftp|service_gssapi|service_http|service_smb|service_smb_gssapi|service_ssl,ksf-v4-idsplit::
classical_ext,svc,12,rbf_gscale_x0.1__svc__d12,rbf_gscale_x0.1,id_val,train_cv,100.0,0.903061761996053,0.007003068923950195,0.8924302788844621,0.8920129622569577,0.8922592645585921,0.8879668049792531,0.9192400559156182,0.9393294797897497,port_protocol_service_ablation,88,74,14,src_port|dst_port|proto_icmp|proto_tcp|proto_udp|service|service_dce_rpc|service_dns|service_ftp|service_gssapi|service_http|service_smb|service_smb_gssapi|service_ssl,ksf-v4-idsplit::
classical_ext,svc,12,rbf_gscale_x0.1__svc__d12,rbf_gscale_x0.1,id_test,train_cv,100.0,0.903061761996053,0.007003068923950195,0.9076305220883534,0.9067665289256198,0.9073375940457892,0.902127659574468,0.9524147727272727,0.9644389176208671,port_protocol_service_ablation,88,74,14,src_port|dst_port|proto_icmp|proto_tcp|proto_udp|service|service_dce_rpc|service_dns|service_ftp|service_gssapi|service_http|service_smb|service_smb_gssapi|service_ssl,ksf-v4-idsplit::
classical_ext,svc,12,rbf_gscale_x0.1__svc__d12,rbf_gscale_x0.1,ood_test,train_cv,100.0,0.903061761996053,0.007003068923950195,0.962,0.9612416134249251,0.9618888679389099,0.9639468690702088,0.9930825767401643,0.9929420795192566,port_protocol_service_ablation,88,74,14,src_port|dst_port|proto_icmp|proto_tcp|proto_udp|service|service_dce_rpc|service_dns|service_ftp|service_gssapi|service_http|service_smb|service_smb_gssapi|service_ssl,ksf-v4-idsplit::
classical_ext,svc,12,rbf_gscale_x0.3__svc__d12,rbf_gscale_x0.3,id_val,fixed_c1,1.0,,0.00500035285949707,0.8645418326693227,0.8633244376667937,0.8639175915295318,0.8547008547008547,0.9113610369805566,0.9290882060875805,port_protocol_service_ablation,88,74,14,src_port|dst_port|proto_icmp|proto_tcp|proto_udp|service|service_dce_rpc|service_dns|service_ftp|service_gssapi|service_http|service_smb|service_smb_gssapi|service_ssl,ksf-v4-idsplit::
classical_ext,svc,12,rbf_gscale_x0.3__svc__d12,rbf_gscale_x0.3,id_test,fixed_c1,1.0,,0.00500035285949707,0.8995983935742972,0.898050103305785,0.8989464456745833,0.8908296943231441,0.9497029958677686,0.961762007004058,port_protocol_service_ablation,88,74,14,src_port|dst_port|proto_icmp|proto_tcp|proto_udp|service|service_dce_rpc|service_dns|service_ftp|service_gssapi|service_http|service_smb|service_smb_gssapi|service_ssl,ksf-v4-idsplit::
classical_ext,svc,12,rbf_gscale_x0.3__svc__d12,rbf_gscale_x0.3,ood_test,fixed_c1,1.0,,0.00500035285949707,0.964,0.9637475781012314,0.9639532834553581,0.9652509652509652,0.9922018862788426,0.9923742220873972,port_protocol_service_ablation,88,74,14,src_port|dst_port|proto_icmp|proto_tcp|proto_udp|service|service_dce_rpc|service_dns|service_ftp|service_gssapi|service_http|service_smb|service_smb_gssapi|service_ssl,ksf-v4-idsplit::
classical_ext,svc,12,rbf_gscale_x0.3__svc__d12,rbf_gscale_x0.3,id_val,train_cv,100.0,0.9040926898311046,0.006000041961669922,0.900398406374502,0.8997649002414538,0.9001702276596083,0.895397489539749,0.9771254288982081,0.9707295563549181,port_protocol_service_ablation,88,74,14,src_port|dst_port|proto_icmp|proto_tcp|proto_udp|service|service_dce_rpc|service_dns|service_ftp|service_gssapi|service_http|service_smb|service_smb_gssapi|service_ssl,ksf-v4-idsplit::
classical_ext,svc,12,rbf_gscale_x0.3__svc__d12,rbf_gscale_x0.3,id_test,train_cv,100.0,0.9040926898311046,0.006000041961669922,0.9076305220883534,0.9067665289256198,0.9073375940457892,0.902127659574468,0.9916064049586777,0.9911170657864143,port_protocol_service_ablation,88,74,14,src_port|dst_port|proto_icmp|proto_tcp|proto_udp|service|service_dce_rpc|service_dns|service_ftp|service_gssapi|service_http|service_smb|service_smb_gssapi|service_ssl,ksf-v4-idsplit::
classical_ext,svc,12,rbf_gscale_x0.3__svc__d12,rbf_gscale_x0.3,ood_test,train_cv,100.0,0.9040926898311046,0.006000041961669922,0.972,0.9711934156378601,0.971911915767848,0.9734848484848485,0.9990072216617828,0.9990924967108676,port_protocol_service_ablation,88,74,14,src_port|dst_port|proto_icmp|proto_tcp|proto_udp|service|service_dce_rpc|service_dns|service_ftp|service_gssapi|service_http|service_smb|service_smb_gssapi|service_ssl,ksf-v4-idsplit::
classical_ext,svc,12,rbf_gscale_x3__svc__d12,rbf_gscale_x3,id_val,fixed_c1,1.0,,0.004998683929443359,0.900398406374502,0.8997649002414538,0.9001702276596083,0.895397489539749,0.9667047909518363,0.9236019064879162,port_protocol_service_ablation,88,74,14,src_port|dst_port|proto_icmp|proto_tcp|proto_udp|service|service_dce_rpc|service_dns|service_ftp|service_gssapi|service_http|service_smb|service_smb_gssapi|service_ssl,ksf-v4-idsplit::
classical_ext,svc,12,rbf_gscale_x3__svc__d12,rbf_gscale_x3,id_test,fixed_c1,1.0,,0.004998683929443359,0.9076305220883534,0.9067665289256198,0.9073375940457892,0.902127659574468,0.9915418388429752,0.9910453186072292,port_protocol_service_ablation,88,74,14,src_port|dst_port|proto_icmp|proto_tcp|proto_udp|service|service_dce_rpc|service_dns|service_ftp|service_gssapi|service_http|service_smb|service_smb_gssapi|service_ssl,ksf-v4-idsplit::
classical_ext,svc,12,rbf_gscale_x3__svc__d12,rbf_gscale_x3,ood_test,fixed_c1,1.0,,0.004998683929443359,0.964,0.9632992265936494,0.9639023920681523,0.9657794676806084,0.9988470961233608,0.9989461195242292,port_protocol_service_ablation,88,74,14,src_port|dst_port|proto_icmp|proto_tcp|proto_udp|service|service_dce_rpc|service_dns|service_ftp|service_gssapi|service_http|service_smb|service_smb_gssapi|service_ssl,ksf-v4-idsplit::
classical_ext,svc,12,rbf_gscale_x3__svc__d12,rbf_gscale_x3,id_val,train_cv,100.0,0.9282164204194032,0.009415864944458008,0.9123505976095617,0.9120599822086669,0.9122377622377622,0.9090909090909091,0.9836065573770492,0.9729003486692194,port_protocol_service_ablation,88,74,14,src_port|dst_port|proto_icmp|proto_tcp|proto_udp|service|service_dce_rpc|service_dns|service_ftp|service_gssapi|service_http|service_smb|service_smb_gssapi|service_ssl,ksf-v4-idsplit::
classical_ext,svc,12,rbf_gscale_x3__svc__d12,rbf_gscale_x3,id_test,train_cv,100.0,0.9282164204194032,0.009415864944458008,0.9196787148594378,0.9187112603305785,0.9193861693861693,0.9145299145299145,0.9922520661157025,0.9917881807568654,port_protocol_service_ablation,88,74,14,src_port|dst_port|proto_icmp|proto_tcp|proto_udp|service|service_dce_rpc|service_dns|service_ftp|service_gssapi|service_http|service_smb|service_smb_gssapi|service_ssl,ksf-v4-idsplit::
classical_ext,svc,12,rbf_gscale_x3__svc__d12,rbf_gscale_x3,ood_test,train_cv,100.0,0.9282164204194032,0.009415864944458008,0.976,0.9753086419753086,0.9759349280454348,0.9771863117870723,0.9957886983394981,0.9825142838339657,port_protocol_service_ablation,88,74,14,src_port|dst_port|proto_icmp|proto_tcp|proto_udp|service|service_dce_rpc|service_dns|service_ftp|service_gssapi|service_http|service_smb|service_smb_gssapi|service_ssl,ksf-v4-idsplit::
classical_ext,svc,12,rbf_gscale_x10__svc__d12,rbf_gscale_x10,id_val,fixed_c1,1.0,,0.00475621223449707,0.900398406374502,0.8997649002414538,0.9001702276596083,0.895397489539749,0.965751683822595,0.9116013693033636,port_protocol_service_ablation,88,74,14,src_port|dst_port|proto_icmp|proto_tcp|proto_udp|service|service_dce_rpc|service_dns|service_ftp|service_gssapi|service_http|service_smb|service_smb_gssapi|service_ssl,ksf-v4-idsplit::
classical_ext,svc,12,rbf_gscale_x10__svc__d12,rbf_gscale_x10,id_test,fixed_c1,1.0,,0.00475621223449707,0.9076305220883534,0.9067665289256198,0.9073375940457892,0.902127659574468,0.9909607438016529,0.990336893241857,port_protocol_service_ablation,88,74,14,src_port|dst_port|proto_icmp|proto_tcp|proto_udp|service|service_dce_rpc|service_dns|service_ftp|service_gssapi|service_http|service_smb|service_smb_gssapi|service_ssl,ksf-v4-idsplit::
classical_ext,svc,12,rbf_gscale_x10__svc__d12,rbf_gscale_x10,ood_test,fixed_c1,1.0,,0.00475621223449707,0.972,0.9711934156378601,0.971911915767848,0.9734848484848485,0.9988791212310452,0.998972507703174,port_protocol_service_ablation,88,74,14,src_port|dst_port|proto_icmp|proto_tcp|proto_udp|service|service_dce_rpc|service_dns|service_ftp|service_gssapi|service_http|service_smb|service_smb_gssapi|service_ssl,ksf-v4-idsplit::
classical_ext,svc,12,rbf_gscale_x10__svc__d12,rbf_gscale_x10,id_val,train_cv,100.0,0.9379572063575166,0.00900721549987793,0.9362549800796812,0.9366501461430932,0.936245872491745,0.9354838709677419,0.9902783072817385,0.9900611855828192,port_protocol_service_ablation,88,74,14,src_port|dst_port|proto_icmp|proto_tcp|proto_udp|service|service_dce_rpc|service_dns|service_ftp|service_gssapi|service_http|service_smb|service_smb_gssapi|service_ssl,ksf-v4-idsplit::
classical_ext,svc,12,rbf_gscale_x10__svc__d12,rbf_gscale_x10,id_test,train_cv,100.0,0.9379572063575166,0.00900721549987793,0.9477911646586346,0.9476368801652892,0.9477372168493792,0.946058091286307,0.9939307851239669,0.9934915845773453,port_protocol_service_ablation,88,74,14,src_port|dst_port|proto_icmp|proto_tcp|proto_udp|service|service_dce_rpc|service_dns|service_ftp|service_gssapi|service_http|service_smb|service_smb_gssapi|service_ssl,ksf-v4-idsplit::
classical_ext,svc,12,rbf_gscale_x10__svc__d12,rbf_gscale_x10,ood_test,train_cv,100.0,0.9379572063575166,0.00900721549987793,0.982,0.9814814814814814,0.981961831234893,0.982791586998088,0.9954844598164961,0.9925844937578743,port_protocol_service_ablation,88,74,14,src_port|dst_port|proto_icmp|proto_tcp|proto_udp|service|service_dce_rpc|service_dns|service_ftp|service_gssapi|service_http|service_smb|service_smb_gssapi|service_ssl,ksf-v4-idsplit::
classical_ext,svc,12,laplacian_med_x0.1__svc__d12,laplacian_med_x0.1,id_val,fixed_c1,1.0,,0.004074811935424805,0.9561752988047809,0.9571419494217817,0.9561725161515628,0.9565217391304348,0.9965052738594485,0.9964441164934028,port_protocol_service_ablation,88,74,14,src_port|dst_port|proto_icmp|proto_tcp|proto_udp|service|service_dce_rpc|service_dns|service_ftp|service_gssapi|service_http|service_smb|service_smb_gssapi|service_ssl,ksf-v4-idsplit::
classical_ext,svc,12,laplacian_med_x0.1__svc__d12,laplacian_med_x0.1,id_test,fixed_c1,1.0,,0.004074811935424805,0.9678714859437751,0.9682980371900827,0.9678668215253581,0.967479674796748,0.9957386363636364,0.9954693490395994,port_protocol_service_ablation,88,74,14,src_port|dst_port|proto_icmp|proto_tcp|proto_udp|service|service_dce_rpc|service_dns|service_ftp|service_gssapi|service_http|service_smb|service_smb_gssapi|service_ssl,ksf-v4-idsplit::
classical_ext,svc,12,laplacian_med_x0.1__svc__d12,laplacian_med_x0.1,ood_test,fixed_c1,1.0,,0.004074811935424805,0.982,0.9814814814814814,0.981961831234893,0.982791586998088,0.9991513346463629,0.9992079853304588,port_protocol_service_ablation,88,74,14,src_port|dst_port|proto_icmp|proto_tcp|proto_udp|service|service_dce_rpc|service_dns|service_ftp|service_gssapi|service_http|service_smb|service_smb_gssapi|service_ssl,ksf-v4-idsplit::
classical_ext,svc,12,laplacian_med_x0.1__svc__d12,laplacian_med_x0.1,id_val,train_cv,100.0,0.9765847195167959,0.004163265228271484,0.9800796812749004,0.9803977633752701,0.980074620941494,0.979757085020243,0.9991739738213242,0.9991987790154309,port_protocol_service_ablation,88,74,14,src_port|dst_port|proto_icmp|proto_tcp|proto_udp|service|service_dce_rpc|service_dns|service_ftp|service_gssapi|service_http|service_smb|service_smb_gssapi|service_ssl,ksf-v4-idsplit::
classical_ext,svc,12,laplacian_med_x0.1__svc__d12,laplacian_med_x0.1,id_test,train_cv,100.0,0.9765847195167959,0.004163265228271484,0.9879518072289156,0.98828125,0.9879486972654674,0.9877551020408163,1.0,1.0,port_protocol_service_ablation,88,74,14,src_port|dst_port|proto_icmp|proto_tcp|proto_udp|service|service_dce_rpc|service_dns|service_ftp|service_gssapi|service_http|service_smb|service_smb_gssapi|service_ssl,ksf-v4-idsplit::
classical_ext,svc,12,laplacian_med_x0.1__svc__d12,laplacian_med_x0.1,ood_test,train_cv,100.0,0.9765847195167959,0.004163265228271484,0.988,0.9876543209876543,0.9879807692307693,0.9884615384615385,0.999919937230789,0.9999240005989206,port_protocol_service_ablation,88,74,14,src_port|dst_port|proto_icmp|proto_tcp|proto_udp|service|service_dce_rpc|service_dns|service_ftp|service_gssapi|service_http|service_smb|service_smb_gssapi|service_ssl,ksf-v4-idsplit::
classical_ext,svc,12,laplacian_med_x0.3__svc__d12,laplacian_med_x0.3,id_val,fixed_c1,1.0,,0.00400233268737793,0.9482071713147411,0.9489452281103062,0.9482071713147411,0.9482071713147411,0.9907230906087178,0.9905193591115647,port_protocol_service_ablation,88,74,14,src_port|dst_port|proto_icmp|proto_tcp|proto_udp|service|service_dce_rpc|service_dns|service_ftp|service_gssapi|service_http|service_smb|service_smb_gssapi|service_ssl,ksf-v4-idsplit::
classical_ext,svc,12,laplacian_med_x0.3__svc__d12,laplacian_med_x0.3,id_test,fixed_c1,1.0,,0.00400233268737793,0.9558232931726908,0.9559013429752066,0.9557976276930525,0.9547325102880658,0.9930914256198347,0.992519573526247,port_protocol_service_ablation,88,74,14,src_port|dst_port|proto_icmp|proto_tcp|proto_udp|service|service_dce_rpc|service_dns|service_ftp|service_gssapi|service_http|service_smb|service_smb_gssapi|service_ssl,ksf-v4-idsplit::
classical_ext,svc,12,laplacian_med_x0.3__svc__d12,laplacian_med_x0.3,ood_test,fixed_c1,1.0,,0.00400233268737793,0.982,0.9814814814814814,0.981961831234893,0.982791586998088,0.9990712718771517,0.9991365240322914,port_protocol_service_ablation,88,74,14,src_port|dst_port|proto_icmp|proto_tcp|proto_udp|service|service_dce_rpc|service_dns|service_ftp|service_gssapi|service_http|service_smb|service_smb_gssapi|service_ssl,ksf-v4-idsplit::
classical_ext,svc,12,laplacian_med_x0.3__svc__d12,laplacian_med_x0.3,id_val,train_cv,100.0,0.9754844023082313,0.004006862640380859,0.9760956175298805,0.976521794383022,0.9760922021844044,0.9758064516129032,0.9993010547718897,0.9993118500240242,port_protocol_service_ablation,88,74,14,src_port|dst_port|proto_icmp|proto_tcp|proto_udp|service|service_dce_rpc|service_dns|service_ftp|service_gssapi|service_http|service_smb|service_smb_gssapi|service_ssl,ksf-v4-idsplit::
classical_ext,svc,12,laplacian_med_x0.3__svc__d12,laplacian_med_x0.3,id_test,train_cv,100.0,0.9754844023082313,0.004006862640380859,0.9839357429718876,0.984375,0.983933410762679,0.983739837398374,0.9998063016528925,0.9998000533191147,port_protocol_service_ablation,88,74,14,src_port|dst_port|proto_icmp|proto_tcp|proto_udp|service|service_dce_rpc|service_dns|service_ftp|service_gssapi|service_http|service_smb|service_smb_gssapi|service_ssl,ksf-v4-idsplit::
classical_ext,svc,12,laplacian_med_x0.3__svc__d12,laplacian_med_x0.3,ood_test,train_cv,100.0,0.9754844023082313,0.004006862640380859,0.984,0.9835390946502058,0.9839689639141378,0.9846743295019157,0.9959007862163937,0.9850064331242316,port_protocol_service_ablation,88,74,14,src_port|dst_port|proto_icmp|proto_tcp|proto_udp|service|service_dce_rpc|service_dns|service_ftp|service_gssapi|service_http|service_smb|service_smb_gssapi|service_ssl,ksf-v4-idsplit::
classical_ext,svc,12,laplacian_med_x3__svc__d12,laplacian_med_x3,id_val,fixed_c1,1.0,,0.004883289337158203,0.8924302788844621,0.8920129622569577,0.8922592645585921,0.8879668049792531,0.975346295590291,0.9575399699639252,port_protocol_service_ablation,88,74,14,src_port|dst_port|proto_icmp|proto_tcp|proto_udp|service|service_dce_rpc|service_dns|service_ftp|service_gssapi|service_http|service_smb|service_smb_gssapi|service_ssl,ksf-v4-idsplit::
classical_ext,svc,12,laplacian_med_x3__svc__d12,laplacian_med_x3,id_test,fixed_c1,1.0,,0.004883289337158203,0.9076305220883534,0.9067665289256198,0.9073375940457892,0.902127659574468,0.9919292355371901,0.9915066009291742,port_protocol_service_ablation,88,74,14,src_port|dst_port|proto_icmp|proto_tcp|proto_udp|service|service_dce_rpc|service_dns|service_ftp|service_gssapi|service_http|service_smb|service_smb_gssapi|service_ssl,ksf-v4-idsplit::
classical_ext,svc,12,laplacian_med_x3__svc__d12,laplacian_med_x3,ood_test,fixed_c1,1.0,,0.004883289337158203,0.97,0.9691358024691358,0.9698987393592043,0.9716446124763705,0.9962210372932379,0.9961848668564384,port_protocol_service_ablation,88,74,14,src_port|dst_port|proto_icmp|proto_tcp|proto_udp|service|service_dce_rpc|service_dns|service_ftp|service_gssapi|service_http|service_smb|service_smb_gssapi|service_ssl,ksf-v4-idsplit::
classical_ext,svc,12,laplacian_med_x3__svc__d12,laplacian_med_x3,id_val,train_cv,100.0,0.9663247563833091,0.003505706787109375,0.9721115537848606,0.9726458253907739,0.97210978300554,0.9718875502008032,0.9975219214639726,0.9974027562669708,port_protocol_service_ablation,88,74,14,src_port|dst_port|proto_icmp|proto_tcp|proto_udp|service|service_dce_rpc|service_dns|service_ftp|service_gssapi|service_http|service_smb|service_smb_gssapi|service_ssl,ksf-v4-idsplit::
classical_ext,svc,12,laplacian_med_x3__svc__d12,laplacian_med_x3,id_test,train_cv,100.0,0.9663247563833091,0.003505706787109375,0.9718875502008032,0.9722042871900827,0.9718802936194241,0.9714285714285714,0.9983212809917356,0.9982553268379253,port_protocol_service_ablation,88,74,14,src_port|dst_port|proto_icmp|proto_tcp|proto_udp|service|service_dce_rpc|service_dns|service_ftp|service_gssapi|service_http|service_smb|service_smb_gssapi|service_ssl,ksf-v4-idsplit::
classical_ext,svc,12,laplacian_med_x3__svc__d12,laplacian_med_x3,ood_test,train_cv,100.0,0.9663247563833091,0.003505706787109375,0.984,0.9835390946502058,0.9839689639141378,0.9846743295019157,0.9947799074474387,0.9839943356388353,port_protocol_service_ablation,88,74,14,src_port|dst_port|proto_icmp|proto_tcp|proto_udp|service|service_dce_rpc|service_dns|service_ftp|service_gssapi|service_http|service_smb|service_smb_gssapi|service_ssl,ksf-v4-idsplit::
classical_ext,svc,12,laplacian_med_x10__svc__d12,laplacian_med_x10,id_val,fixed_c1,1.0,,0.006010532379150391,0.8884462151394422,0.8881369932647096,0.8883026064844247,0.8842975206611571,0.9683568433091879,0.9542370847208048,port_protocol_service_ablation,88,74,14,src_port|dst_port|proto_icmp|proto_tcp|proto_udp|service|service_dce_rpc|service_dns|service_ftp|service_gssapi|service_http|service_smb|service_smb_gssapi|service_ssl,ksf-v4-idsplit::
classical_ext,svc,12,laplacian_med_x10__svc__d12,laplacian_med_x10,id_test,fixed_c1,1.0,,0.006010532379150391,0.9076305220883534,0.9067665289256198,0.9073375940457892,0.902127659574468,0.9896694214876034,0.989408266564496,port_protocol_service_ablation,88,74,14,src_port|dst_port|proto_icmp|proto_tcp|proto_udp|service|service_dce_rpc|service_dns|service_ftp|service_gssapi|service_http|service_smb|service_smb_gssapi|service_ssl,ksf-v4-idsplit::
classical_ext,svc,12,laplacian_med_x10__svc__d12,laplacian_med_x10,ood_test,fixed_c1,1.0,,0.006010532379150391,0.962,0.9612416134249251,0.9618888679389099,0.9639468690702088,0.9951642087396518,0.9815795938883886,port_protocol_service_ablation,88,74,14,src_port|dst_port|proto_icmp|proto_tcp|proto_udp|service|service_dce_rpc|service_dns|service_ftp|service_gssapi|service_http|service_smb|service_smb_gssapi|service_ssl,ksf-v4-idsplit::
classical_ext,svc,12,laplacian_med_x10__svc__d12,laplacian_med_x10,id_val,train_cv,100.0,0.964262900713206,0.004000186920166016,0.952191235059761,0.9532659804295336,0.9521844043688088,0.952755905511811,0.99377303342229,0.9926822330521777,port_protocol_service_ablation,88,74,14,src_port|dst_port|proto_icmp|proto_tcp|proto_udp|service|service_dce_rpc|service_dns|service_ftp|service_gssapi|service_http|service_smb|service_smb_gssapi|service_ssl,ksf-v4-idsplit::
classical_ext,svc,12,laplacian_med_x10__svc__d12,laplacian_med_x10,id_test,train_cv,100.0,0.964262900713206,0.004000186920166016,0.9678714859437751,0.9682980371900827,0.9678668215253581,0.967479674796748,0.9968362603305785,0.996679701145905,port_protocol_service_ablation,88,74,14,src_port|dst_port|proto_icmp|proto_tcp|proto_udp|service|service_dce_rpc|service_dns|service_ftp|service_gssapi|service_http|service_smb|service_smb_gssapi|service_ssl,ksf-v4-idsplit::
classical_ext,svc,12,laplacian_med_x10__svc__d12,laplacian_med_x10,ood_test,train_cv,100.0,0.964262900713206,0.004000186920166016,0.982,0.9814814814814814,0.981961831234893,0.982791586998088,1.0,0.9999999999999998,port_protocol_service_ablation,88,74,14,src_port|dst_port|proto_icmp|proto_tcp|proto_udp|service|service_dce_rpc|service_dns|service_ftp|service_gssapi|service_http|service_smb|service_smb_gssapi|service_ssl,ksf-v4-idsplit::
classical_ext,svc,12,matern15_med_x0.1__svc__d12,matern15_med_x0.1,id_val,fixed_c1,1.0,,0.005133390426635742,0.9123505976095617,0.9120599822086669,0.9122377622377622,0.9090909090909091,0.9804930740881942,0.9713905509916491,port_protocol_service_ablation,88,74,14,src_port|dst_port|proto_icmp|proto_tcp|proto_udp|service|service_dce_rpc|service_dns|service_ftp|service_gssapi|service_http|service_smb|service_smb_gssapi|service_ssl,ksf-v4-idsplit::
classical_ext,svc,12,matern15_med_x0.1__svc__d12,matern15_med_x0.1,id_test,fixed_c1,1.0,,0.005133390426635742,0.9196787148594378,0.9187112603305785,0.9193861693861693,0.9145299145299145,0.9927685950413223,0.9921917815284851,port_protocol_service_ablation,88,74,14,src_port|dst_port|proto_icmp|proto_tcp|proto_udp|service|service_dce_rpc|service_dns|service_ftp|service_gssapi|service_http|service_smb|service_smb_gssapi|service_ssl,ksf-v4-idsplit::
classical_ext,svc,12,matern15_med_x0.1__svc__d12,matern15_med_x0.1,ood_test,fixed_c1,1.0,,0.005133390426635742,0.982,0.9814814814814814,0.981961831234893,0.982791586998088,0.9991193095386784,0.9991813373468099,port_protocol_service_ablation,88,74,14,src_port|dst_port|proto_icmp|proto_tcp|proto_udp|service|service_dce_rpc|service_dns|service_ftp|service_gssapi|service_http|service_smb|service_smb_gssapi|service_ssl,ksf-v4-idsplit::
classical_ext,svc,12,matern15_med_x0.1__svc__d12,matern15_med_x0.1,id_val,train_cv,100.0,0.9704098913381017,0.003982067108154297,0.9800796812749004,0.9806201550387597,0.9800784164325285,0.9799196787148594,0.985957554962511,0.9776713322793844,port_protocol_service_ablation,88,74,14,src_port|dst_port|proto_icmp|proto_tcp|proto_udp|service|service_dce_rpc|service_dns|service_ftp|service_gssapi|service_http|service_smb|service_smb_gssapi|service_ssl,ksf-v4-idsplit::
classical_ext,svc,12,matern15_med_x0.1__svc__d12,matern15_med_x0.1,id_test,train_cv,100.0,0.9704098913381017,0.003982067108154297,0.9799196787148594,0.98046875,0.9799183831475717,0.979757085020243,0.9925748966942147,0.9912612217823563,port_protocol_service_ablation,88,74,14,src_port|dst_port|proto_icmp|proto_tcp|proto_udp|service|service_dce_rpc|service_dns|service_ftp|service_gssapi|service_http|service_smb|service_smb_gssapi|service_ssl,ksf-v4-idsplit::
classical_ext,svc,12,matern15_med_x0.1__svc__d12,matern15_med_x0.1,ood_test,train_cv,100.0,0.9704098913381017,0.003982067108154297,0.984,0.9835390946502058,0.9839689639141378,0.9846743295019157,0.9955645225857073,0.9843202759056825,port_protocol_service_ablation,88,74,14,src_port|dst_port|proto_icmp|proto_tcp|proto_udp|service|service_dce_rpc|service_dns|service_ftp|service_gssapi|service_http|service_smb|service_smb_gssapi|service_ssl,ksf-v4-idsplit::
classical_ext,svc,12,matern15_med_x0.3__svc__d12,matern15_med_x0.3,id_val,fixed_c1,1.0,,0.0041773319244384766,0.900398406374502,0.8997649002414538,0.9001702276596083,0.895397489539749,0.9726140551531326,0.9461931570237854,port_protocol_service_ablation,88,74,14,src_port|dst_port|proto_icmp|proto_tcp|proto_udp|service|service_dce_rpc|service_dns|service_ftp|service_gssapi|service_http|service_smb|service_smb_gssapi|service_ssl,ksf-v4-idsplit::
classical_ext,svc,12,matern15_med_x0.3__svc__d12,matern15_med_x0.3,id_test,fixed_c1,1.0,,0.0041773319244384766,0.9076305220883534,0.9067665289256198,0.9073375940457892,0.902127659574468,0.9915418388429753,0.9910453186072291,port_protocol_service_ablation,88,74,14,src_port|dst_port|proto_icmp|proto_tcp|proto_udp|service|service_dce_rpc|service_dns|service_ftp|service_gssapi|service_http|service_smb|service_smb_gssapi|service_ssl,ksf-v4-idsplit::
classical_ext,svc,12,matern15_med_x0.3__svc__d12,matern15_med_x0.3,ood_test,fixed_c1,1.0,,0.0041773319244384766,0.972,0.9711934156378601,0.971911915767848,0.9734848484848485,0.9989111463387296,0.9990015249330111,port_protocol_service_ablation,88,74,14,src_port|dst_port|proto_icmp|proto_tcp|proto_udp|service|service_dce_rpc|service_dns|service_ftp|service_gssapi|service_http|service_smb|service_smb_gssapi|service_ssl,ksf-v4-idsplit::
classical_ext,svc,12,matern15_med_x0.3__svc__d12,matern15_med_x0.3,id_val,train_cv,100.0,0.9506292843045921,0.004923343658447266,0.9482071713147411,0.9489452281103062,0.9482071713147411,0.9482071713147411,0.9855127716355319,0.9794523589654325,port_protocol_service_ablation,88,74,14,src_port|dst_port|proto_icmp|proto_tcp|proto_udp|service|service_dce_rpc|service_dns|service_ftp|service_gssapi|service_http|service_smb|service_smb_gssapi|service_ssl,ksf-v4-idsplit::
classical_ext,svc,12,matern15_med_x0.3__svc__d12,matern15_med_x0.3,id_test,train_cv,100.0,0.9506292843045921,0.004923343658447266,0.9558232931726908,0.9559013429752066,0.9557976276930525,0.9547325102880658,0.9925103305785123,0.9916791200243286,port_protocol_service_ablation,88,74,14,src_port|dst_port|proto_icmp|proto_tcp|proto_udp|service|service_dce_rpc|service_dns|service_ftp|service_gssapi|service_http|service_smb|service_smb_gssapi|service_ssl,ksf-v4-idsplit::
classical_ext,svc,12,matern15_med_x0.3__svc__d12,matern15_med_x0.3,ood_test,train_cv,100.0,0.9506292843045921,0.004923343658447266,0.982,0.9814814814814814,0.981961831234893,0.982791586998088,0.9955645225857072,0.9853683679599222,port_protocol_service_ablation,88,74,14,src_port|dst_port|proto_icmp|proto_tcp|proto_udp|service|service_dce_rpc|service_dns|service_ftp|service_gssapi|service_http|service_smb|service_smb_gssapi|service_ssl,ksf-v4-idsplit::
classical_ext,svc,12,matern15_med_x3__svc__d12,matern15_med_x3,id_val,fixed_c1,1.0,,0.006407737731933594,0.8565737051792829,0.8544605413648494,0.8551365909965372,0.8407079646017699,0.9405896556106239,0.920877562913512,port_protocol_service_ablation,88,74,14,src_port|dst_port|proto_icmp|proto_tcp|proto_udp|service|service_dce_rpc|service_dns|service_ftp|service_gssapi|service_http|service_smb|service_smb_gssapi|service_ssl,ksf-v4-idsplit::
classical_ext,svc,12,matern15_med_x3__svc__d12,matern15_med_x3,id_test,fixed_c1,1.0,,0.006407737731933594,0.8875502008032129,0.8852014462809917,0.8862122992557775,0.8738738738738738,0.9715263429752066,0.9748189633345262,port_protocol_service_ablation,88,74,14,src_port|dst_port|proto_icmp|proto_tcp|proto_udp|service|service_dce_rpc|service_dns|service_ftp|service_gssapi|service_http|service_smb|service_smb_gssapi|service_ssl,ksf-v4-idsplit::
classical_ext,svc,12,matern15_med_x3__svc__d12,matern15_med_x3,ood_test,fixed_c1,1.0,,0.006407737731933594,0.974,0.9740356439448528,0.9739824121105867,0.9746588693957114,0.994203455509119,0.9811568070598438,port_protocol_service_ablation,88,74,14,src_port|dst_port|proto_icmp|proto_tcp|proto_udp|service|service_dce_rpc|service_dns|service_ftp|service_gssapi|service_http|service_smb|service_smb_gssapi|service_ssl,ksf-v4-idsplit::
classical_ext,svc,12,matern15_med_x3__svc__d12,matern15_med_x3,id_val,train_cv,10.0,0.9051236176661561,0.007334470748901367,0.8924302788844621,0.8920129622569577,0.8922592645585921,0.8879668049792531,0.9137755750413014,0.9326242857697048,port_protocol_service_ablation,88,74,14,src_port|dst_port|proto_icmp|proto_tcp|proto_udp|service|service_dce_rpc|service_dns|service_ftp|service_gssapi|service_http|service_smb|service_smb_gssapi|service_ssl,ksf-v4-idsplit::
classical_ext,svc,12,matern15_med_x3__svc__d12,matern15_med_x3,id_test,train_cv,10.0,0.9051236176661561,0.007334470748901367,0.9076305220883534,0.9067665289256198,0.9073375940457892,0.902127659574468,0.9515754132231404,0.963986712670573,port_protocol_service_ablation,88,74,14,src_port|dst_port|proto_icmp|proto_tcp|proto_udp|service|service_dce_rpc|service_dns|service_ftp|service_gssapi|service_http|service_smb|service_smb_gssapi|service_ssl,ksf-v4-idsplit::
classical_ext,svc,12,matern15_med_x3__svc__d12,matern15_med_x3,ood_test,train_cv,10.0,0.9051236176661561,0.007334470748901367,0.964,0.9632992265936494,0.9639023920681523,0.9657794676806084,0.9931626395093753,0.9931668799687554,port_protocol_service_ablation,88,74,14,src_port|dst_port|proto_icmp|proto_tcp|proto_udp|service|service_dce_rpc|service_dns|service_ftp|service_gssapi|service_http|service_smb|service_smb_gssapi|service_ssl,ksf-v4-idsplit::
classical_ext,svc,12,matern15_med_x10__svc__d12,matern15_med_x10,id_val,fixed_c1,1.0,,0.007561206817626953,0.8167330677290837,0.819926293048672,0.8151812011781279,0.8321167883211679,0.9204473249459906,0.9074978028586579,port_protocol_service_ablation,88,74,14,src_port|dst_port|proto_icmp|proto_tcp|proto_udp|service|service_dce_rpc|service_dns|service_ftp|service_gssapi|service_http|service_smb|service_smb_gssapi|service_ssl,ksf-v4-idsplit::
classical_ext,svc,12,matern15_med_x10__svc__d12,matern15_med_x10,id_test,fixed_c1,1.0,,0.007561206817626953,0.927710843373494,0.9294615185950413,0.9276162790697675,0.9302325581395349,0.9815340909090908,0.9815642760051159,port_protocol_service_ablation,88,74,14,src_port|dst_port|proto_icmp|proto_tcp|proto_udp|service|service_dce_rpc|service_dns|service_ftp|service_gssapi|service_http|service_smb|service_smb_gssapi|service_ssl,ksf-v4-idsplit::
classical_ext,svc,12,matern15_med_x10__svc__d12,matern15_med_x10,ood_test,fixed_c1,1.0,,0.007561206817626953,0.514,0.5208483451025604,0.4868546088058283,0.36883116883116884,0.7543193863989367,0.8003435527073284,port_protocol_service_ablation,88,74,14,src_port|dst_port|proto_icmp|proto_tcp|proto_udp|service|service_dce_rpc|service_dns|service_ftp|service_gssapi|service_http|service_smb|service_smb_gssapi|service_ssl,ksf-v4-idsplit::
classical_ext,svc,12,matern15_med_x10__svc__d12,matern15_med_x10,id_val,train_cv,100.0,0.9050937029223736,0.006521940231323242,0.8764940239043825,0.8747299529800483,0.8755378537037926,0.8646288209606987,0.9071673656118947,0.9247328832760436,port_protocol_service_ablation,88,74,14,src_port|dst_port|proto_icmp|proto_tcp|proto_udp|service|service_dce_rpc|service_dns|service_ftp|service_gssapi|service_http|service_smb|service_smb_gssapi|service_ssl,ksf-v4-idsplit::
classical_ext,svc,12,matern15_med_x10__svc__d12,matern15_med_x10,id_test,train_cv,100.0,0.9050937029223736,0.006521940231323242,0.9317269076305221,0.9299780475206612,0.9311897524261585,0.9251101321585903,0.9490573347107438,0.9620244122456058,port_protocol_service_ablation,88,74,14,src_port|dst_port|proto_icmp|proto_tcp|proto_udp|service|service_dce_rpc|service_dns|service_ftp|service_gssapi|service_http|service_smb|service_smb_gssapi|service_ssl,ksf-v4-idsplit::
classical_ext,svc,12,matern15_med_x10__svc__d12,matern15_med_x10,ood_test,train_cv,100.0,0.9050937029223736,0.006521940231323242,0.618,0.6281804935069094,0.5660491386870601,0.41590214067278286,0.9907447438792012,0.9904003846512984,port_protocol_service_ablation,88,74,14,src_port|dst_port|proto_icmp|proto_tcp|proto_udp|service|service_dce_rpc|service_dns|service_ftp|service_gssapi|service_http|service_smb|service_smb_gssapi|service_ssl,ksf-v4-idsplit::
classical_ext,svc,12,matern25_med_x0.1__svc__d12,matern25_med_x0.1,id_val,fixed_c1,1.0,,0.005462646484375,0.9083665338645418,0.9079616215529291,0.9082208549943562,0.9045643153526971,0.9788410217308425,0.9593292413216418,port_protocol_service_ablation,88,74,14,src_port|dst_port|proto_icmp|proto_tcp|proto_udp|service|service_dce_rpc|service_dns|service_ftp|service_gssapi|service_http|service_smb|service_smb_gssapi|service_ssl,ksf-v4-idsplit::
classical_ext,svc,12,matern25_med_x0.1__svc__d12,matern25_med_x0.1,id_test,fixed_c1,1.0,,0.005462646484375,0.9196787148594378,0.9187112603305785,0.9193861693861693,0.9145299145299145,0.9914127066115702,0.990480167578623,port_protocol_service_ablation,88,74,14,src_port|dst_port|proto_icmp|proto_tcp|proto_udp|service|service_dce_rpc|service_dns|service_ftp|service_gssapi|service_http|service_smb|service_smb_gssapi|service_ssl,ksf-v4-idsplit::
classical_ext,svc,12,matern25_med_x0.1__svc__d12,matern25_med_x0.1,ood_test,fixed_c1,1.0,,0.005462646484375,0.982,0.9814814814814814,0.981961831234893,0.982791586998088,0.9991833597540472,0.9992385055451855,port_protocol_service_ablation,88,74,14,src_port|dst_port|proto_icmp|proto_tcp|proto_udp|service|service_dce_rpc|service_dns|service_ftp|service_gssapi|service_http|service_smb|service_smb_gssapi|service_ssl,ksf-v4-idsplit::
classical_ext,svc,12,matern25_med_x0.1__svc__d12,matern25_med_x0.1,id_val,train_cv,100.0,0.9663462340465394,0.004747867584228516,0.9641434262948207,0.9651162790697674,0.9641411495785513,0.9644268774703557,0.9785233193544287,0.9599802335864001,port_protocol_service_ablation,88,74,14,src_port|dst_port|proto_icmp|proto_tcp|proto_udp|service|service_dce_rpc|service_dns|service_ftp|service_gssapi|service_http|service_smb|service_smb_gssapi|service_ssl,ksf-v4-idsplit::
classical_ext,svc,12,matern25_med_x0.1__svc__d12,matern25_med_x0.1,id_test,train_cv,100.0,0.9663462340465394,0.004747867584228516,0.9799196787148594,0.98046875,0.9799183831475717,0.979757085020243,0.9820506198347108,0.9739467225545237,port_protocol_service_ablation,88,74,14,src_port|dst_port|proto_icmp|proto_tcp|proto_udp|service|service_dce_rpc|service_dns|service_ftp|service_gssapi|service_http|service_smb|service_smb_gssapi|service_ssl,ksf-v4-idsplit::
classical_ext,svc,12,matern25_med_x0.1__svc__d12,matern25_med_x0.1,ood_test,train_cv,100.0,0.9663462340465394,0.004747867584228516,0.98,0.9794238683127572,0.9799538135865034,0.9809160305343512,0.978351027205329,0.9625911268132379,port_protocol_service_ablation,88,74,14,src_port|dst_port|proto_icmp|proto_tcp|proto_udp|service|service_dce_rpc|service_dns|service_ftp|service_gssapi|service_http|service_smb|service_smb_gssapi|service_ssl,ksf-v4-idsplit::
classical_ext,svc,12,matern25_med_x0.3__svc__d12,matern25_med_x0.3,id_val,fixed_c1,1.0,,0.004483699798583984,0.900398406374502,0.8997649002414538,0.9001702276596083,0.895397489539749,0.9628923624348709,0.9085254205146498,port_protocol_service_ablation,88,74,14,src_port|dst_port|proto_icmp|proto_tcp|proto_udp|service|service_dce_rpc|service_dns|service_ftp|service_gssapi|service_http|service_smb|service_smb_gssapi|service_ssl,ksf-v4-idsplit::
classical_ext,svc,12,matern25_med_x0.3__svc__d12,matern25_med_x0.3,id_test,fixed_c1,1.0,,0.004483699798583984,0.9076305220883534,0.9067665289256198,0.9073375940457892,0.902127659574468,0.9888300619834711,0.9875588455244788,port_protocol_service_ablation,88,74,14,src_port|dst_port|proto_icmp|proto_tcp|proto_udp|service|service_dce_rpc|service_dns|service_ftp|service_gssapi|service_http|service_smb|service_smb_gssapi|service_ssl,ksf-v4-idsplit::
classical_ext,svc,12,matern25_med_x0.3__svc__d12,matern25_med_x0.3,ood_test,fixed_c1,1.0,,0.004483699798583984,0.97,0.9691358024691358,0.9698987393592043,0.9716446124763705,0.998863108677203,0.9989606837277107,port_protocol_service_ablation,88,74,14,src_port|dst_port|proto_icmp|proto_tcp|proto_udp|service|service_dce_rpc|service_dns|service_ftp|service_gssapi|service_http|service_smb|service_smb_gssapi|service_ssl,ksf-v4-idsplit::
classical_ext,svc,12,matern25_med_x0.3__svc__d12,matern25_med_x0.3,id_val,train_cv,100.0,0.9360848481582142,0.008443117141723633,0.9322709163346613,0.9325517854873555,0.9322537112010796,0.9311740890688259,0.9902783072817385,0.9901233468673349,port_protocol_service_ablation,88,74,14,src_port|dst_port|proto_icmp|proto_tcp|proto_udp|service|service_dce_rpc|service_dns|service_ftp|service_gssapi|service_http|service_smb|service_smb_gssapi|service_ssl,ksf-v4-idsplit::
classical_ext,svc,12,matern25_med_x0.3__svc__d12,matern25_med_x0.3,id_test,train_cv,100.0,0.9360848481582142,0.008443117141723633,0.9437751004016064,0.9435046487603306,0.943701550387597,0.9416666666666667,0.9941244834710743,0.9937211529887319,port_protocol_service_ablation,88,74,14,src_port|dst_port|proto_icmp|proto_tcp|proto_udp|service|service_dce_rpc|service_dns|service_ftp|service_gssapi|service_http|service_smb|service_smb_gssapi|service_ssl,ksf-v4-idsplit::
classical_ext,svc,12,matern25_med_x0.3__svc__d12,matern25_med_x0.3,ood_test,train_cv,100.0,0.9360848481582142,0.008443117141723633,0.982,0.9814814814814814,0.981961831234893,0.982791586998088,0.9955645225857072,0.9897338629021304,port_protocol_service_ablation,88,74,14,src_port|dst_port|proto_icmp|proto_tcp|proto_udp|service|service_dce_rpc|service_dns|service_ftp|service_gssapi|service_http|service_smb|service_smb_gssapi|service_ssl,ksf-v4-idsplit::
classical_ext,svc,12,matern25_med_x3__svc__d12,matern25_med_x3,id_val,fixed_c1,1.0,,0.005028247833251953,0.8406374501992032,0.8373999237514297,0.8374773374773374,0.8148148148148148,0.9401448722836447,0.9340620304469336,port_protocol_service_ablation,88,74,14,src_port|dst_port|proto_icmp|proto_tcp|proto_udp|service|service_dce_rpc|service_dns|service_ftp|service_gssapi|service_http|service_smb|service_smb_gssapi|service_ssl,ksf-v4-idsplit::
classical_ext,svc,12,matern25_med_x3__svc__d12,matern25_med_x3,id_test,fixed_c1,1.0,,0.005028247833251953,0.9036144578313253,0.9008264462809917,0.9020969855832242,0.8899082568807339,0.9667484504132231,0.9709940185445927,port_protocol_service_ablation,88,74,14,src_port|dst_port|proto_icmp|proto_tcp|proto_udp|service|service_dce_rpc|service_dns|service_ftp|service_gssapi|service_http|service_smb|service_smb_gssapi|service_ssl,ksf-v4-idsplit::
classical_ext,svc,12,matern25_med_x3__svc__d12,matern25_med_x3,ood_test,fixed_c1,1.0,,0.005028247833251953,0.612,0.6224560055083186,0.5556899173674856,0.39751552795031053,0.9913692334790476,0.9780565333110302,port_protocol_service_ablation,88,74,14,src_port|dst_port|proto_icmp|proto_tcp|proto_udp|service|service_dce_rpc|service_dns|service_ftp|service_gssapi|service_http|service_smb|service_smb_gssapi|service_ssl,ksf-v4-idsplit::
classical_ext,svc,12,matern25_med_x3__svc__d12,matern25_med_x3,id_val,train_cv,100.0,0.903061761996053,0.0048313140869140625,0.8924302788844621,0.8920129622569577,0.8922592645585921,0.8879668049792531,0.9729317575295462,0.9709367698152324,port_protocol_service_ablation,88,74,14,src_port|dst_port|proto_icmp|proto_tcp|proto_udp|service|service_dce_rpc|service_dns|service_ftp|service_gssapi|service_http|service_smb|service_smb_gssapi|service_ssl,ksf-v4-idsplit::
classical_ext,svc,12,matern25_med_x3__svc__d12,matern25_med_x3,id_test,train_cv,100.0,0.903061761996053,0.0048313140869140625,0.9076305220883534,0.9067665289256198,0.9073375940457892,0.902127659574468,0.9852143595041323,0.9870403685683355,port_protocol_service_ablation,88,74,14,src_port|dst_port|proto_icmp|proto_tcp|proto_udp|service|service_dce_rpc|service_dns|service_ftp|service_gssapi|service_http|service_smb|service_smb_gssapi|service_ssl,ksf-v4-idsplit::
classical_ext,svc,12,matern25_med_x3__svc__d12,matern25_med_x3,ood_test,train_cv,100.0,0.903061761996053,0.0048313140869140625,0.962,0.9612416134249251,0.9618888679389099,0.9639468690702088,0.9931946646170597,0.9933465945127269,port_protocol_service_ablation,88,74,14,src_port|dst_port|proto_icmp|proto_tcp|proto_udp|service|service_dce_rpc|service_dns|service_ftp|service_gssapi|service_http|service_smb|service_smb_gssapi|service_ssl,ksf-v4-idsplit::
classical_ext,svc,12,matern25_med_x10__svc__d12,matern25_med_x10,id_val,fixed_c1,1.0,,0.0075740814208984375,0.796812749003984,0.7998792730969628,0.7952396948030136,0.8131868131868132,0.9136484940907358,0.902222042342539,port_protocol_service_ablation,88,74,14,src_port|dst_port|proto_icmp|proto_tcp|proto_udp|service|service_dce_rpc|service_dns|service_ftp|service_gssapi|service_http|service_smb|service_smb_gssapi|service_ssl,ksf-v4-idsplit::
classical_ext,svc,12,matern25_med_x10__svc__d12,matern25_med_x10,id_test,fixed_c1,1.0,,0.0075740814208984375,0.8755020080321285,0.8770983987603306,0.875373363256212,0.8793774319066148,0.973592458677686,0.9739534956418814,port_protocol_service_ablation,88,74,14,src_port|dst_port|proto_icmp|proto_tcp|proto_udp|service|service_dce_rpc|service_dns|service_ftp|service_gssapi|service_http|service_smb|service_smb_gssapi|service_ssl,ksf-v4-idsplit::
classical_ext,svc,12,matern25_med_x10__svc__d12,matern25_med_x10,ood_test,fixed_c1,1.0,,0.0075740814208984375,0.844,0.8402907879777746,0.840108889945719,0.8650519031141869,0.8212518614593842,0.8442774486328536,port_protocol_service_ablation,88,74,14,src_port|dst_port|proto_icmp|proto_tcp|proto_udp|service|service_dce_rpc|service_dns|service_ftp|service_gssapi|service_http|service_smb|service_smb_gssapi|service_ssl,ksf-v4-idsplit::
classical_ext,svc,12,matern25_med_x10__svc__d12,matern25_med_x10,id_val,train_cv,10.0,0.8820183357329288,0.005745887756347656,0.8366533864541833,0.8335239547591816,0.8336001293556472,0.8110599078341014,0.932011691447452,0.9268948212760123,port_protocol_service_ablation,88,74,14,src_port|dst_port|proto_icmp|proto_tcp|proto_udp|service|service_dce_rpc|service_dns|service_ftp|service_gssapi|service_http|service_smb|service_smb_gssapi|service_ssl,ksf-v4-idsplit::
classical_ext,svc,12,matern25_med_x10__svc__d12,matern25_med_x10,id_test,train_cv,10.0,0.8820183357329288,0.005745887756347656,0.9036144578313253,0.9008264462809917,0.9020969855832242,0.8899082568807339,0.9677169421487604,0.972272782139183,port_protocol_service_ablation,88,74,14,src_port|dst_port|proto_icmp|proto_tcp|proto_udp|service|service_dce_rpc|service_dns|service_ftp|service_gssapi|service_http|service_smb|service_smb_gssapi|service_ssl,ksf-v4-idsplit::
classical_ext,svc,12,matern25_med_x10__svc__d12,matern25_med_x10,ood_test,train_cv,10.0,0.8820183357329288,0.005745887756347656,0.612,0.6224560055083186,0.5556899173674856,0.39751552795031053,0.9302493154633232,0.9245247180030627,port_protocol_service_ablation,88,74,14,src_port|dst_port|proto_icmp|proto_tcp|proto_udp|service|service_dce_rpc|service_dns|service_ftp|service_gssapi|service_http|service_smb|service_smb_gssapi|service_ssl,ksf-v4-idsplit::
quantum,svc,12,zz_r1_full__as0.5__svc__d12,zz_r1_full__as0.5,id_val,fixed_c1,1.0,,0.004515171051025391,0.9123505976095617,0.9120599822086669,0.9122377622377622,0.9090909090909091,0.9804930740881942,0.9713729061300804,port_protocol_service_ablation,88,74,14,src_port|dst_port|proto_icmp|proto_tcp|proto_udp|service|service_dce_rpc|service_dns|service_ftp|service_gssapi|service_http|service_smb|service_smb_gssapi|service_ssl,ksf-v4-idsplit::
quantum,svc,12,zz_r1_full__as0.5__svc__d12,zz_r1_full__as0.5,id_test,fixed_c1,1.0,,0.004515171051025391,0.9196787148594378,0.9187112603305785,0.9193861693861693,0.9145299145299145,0.9916064049586777,0.9908430750241278,port_protocol_service_ablation,88,74,14,src_port|dst_port|proto_icmp|proto_tcp|proto_udp|service|service_dce_rpc|service_dns|service_ftp|service_gssapi|service_http|service_smb|service_smb_gssapi|service_ssl,ksf-v4-idsplit::
quantum,svc,12,zz_r1_full__as0.5__svc__d12,zz_r1_full__as0.5,ood_test,fixed_c1,1.0,,0.004515171051025391,0.982,0.9814814814814814,0.981961831234893,0.982791586998088,0.9950521208627564,0.9832133387850986,port_protocol_service_ablation,88,74,14,src_port|dst_port|proto_icmp|proto_tcp|proto_udp|service|service_dce_rpc|service_dns|service_ftp|service_gssapi|service_http|service_smb|service_smb_gssapi|service_ssl,ksf-v4-idsplit::
quantum,svc,12,zz_r1_full__as0.5__svc__d12,zz_r1_full__as0.5,id_val,train_cv,100.0,0.9693789635030502,0.005013465881347656,0.9721115537848606,0.9728682170542635,0.9721115537848606,0.9721115537848606,0.9884991739738213,0.9752304469266312,port_protocol_service_ablation,88,74,14,src_port|dst_port|proto_icmp|proto_tcp|proto_udp|service|service_dce_rpc|service_dns|service_ftp|service_gssapi|service_http|service_smb|service_smb_gssapi|service_ssl,ksf-v4-idsplit::
quantum,svc,12,zz_r1_full__as0.5__svc__d12,zz_r1_full__as0.5,id_test,train_cv,100.0,0.9693789635030502,0.005013465881347656,0.9799196787148594,0.98046875,0.9799183831475717,0.979757085020243,0.9915418388429752,0.9888804035720627,port_protocol_service_ablation,88,74,14,src_port|dst_port|proto_icmp|proto_tcp|proto_udp|service|service_dce_rpc|service_dns|service_ftp|service_gssapi|service_http|service_smb|service_smb_gssapi|service_ssl,ksf-v4-idsplit::
quantum,svc,12,zz_r1_full__as0.5__svc__d12,zz_r1_full__as0.5,ood_test,train_cv,100.0,0.9693789635030502,0.005013465881347656,0.982,0.9814814814814814,0.981961831234893,0.982791586998088,0.9954844598164961,0.9820382505852969,port_protocol_service_ablation,88,74,14,src_port|dst_port|proto_icmp|proto_tcp|proto_udp|service|service_dce_rpc|service_dns|service_ftp|service_gssapi|service_http|service_smb|service_smb_gssapi|service_ssl,ksf-v4-idsplit::
quantum,svc,12,zz_r2_full__as0.5__svc__d12,zz_r2_full__as0.5,id_val,fixed_c1,1.0,,0.005521535873413086,0.9123505976095617,0.9120599822086669,0.9122377622377622,0.9090909090909091,0.9686745456856017,0.9521393141968579,port_protocol_service_ablation,88,74,14,src_port|dst_port|proto_icmp|proto_tcp|proto_udp|service|service_dce_rpc|service_dns|service_ftp|service_gssapi|service_http|service_smb|service_smb_gssapi|service_ssl,ksf-v4-idsplit::
quantum,svc,12,zz_r2_full__as0.5__svc__d12,zz_r2_full__as0.5,id_test,fixed_c1,1.0,,0.005521535873413086,0.9196787148594378,0.9187112603305785,0.9193861693861693,0.9145299145299145,0.9755294421487604,0.9615061698880496,port_protocol_service_ablation,88,74,14,src_port|dst_port|proto_icmp|proto_tcp|proto_udp|service|service_dce_rpc|service_dns|service_ftp|service_gssapi|service_http|service_smb|service_smb_gssapi|service_ssl,ksf-v4-idsplit::
quantum,svc,12,zz_r2_full__as0.5__svc__d12,zz_r2_full__as0.5,ood_test,fixed_c1,1.0,,0.005521535873413086,0.982,0.9814814814814814,0.981961831234893,0.982791586998088,0.9747482025908312,0.9535041686464338,port_protocol_service_ablation,88,74,14,src_port|dst_port|proto_icmp|proto_tcp|proto_udp|service|service_dce_rpc|service_dns|service_ftp|service_gssapi|service_http|service_smb|service_smb_gssapi|service_ssl,ksf-v4-idsplit::
quantum,svc,12,zz_r2_full__as0.5__svc__d12,zz_r2_full__as0.5,id_val,train_cv,100.0,0.9645645744631708,0.004998207092285156,0.9641434262948207,0.9651162790697674,0.9641411495785513,0.9644268774703557,0.9918668191638074,0.9837797818925381,port_protocol_service_ablation,88,74,14,src_port|dst_port|proto_icmp|proto_tcp|proto_udp|service|service_dce_rpc|service_dns|service_ftp|service_gssapi|service_http|service_smb|service_smb_gssapi|service_ssl,ksf-v4-idsplit::
quantum,svc,12,zz_r2_full__as0.5__svc__d12,zz_r2_full__as0.5,id_test,train_cv,100.0,0.9645645744631708,0.004998207092285156,0.9799196787148594,0.98046875,0.9799183831475717,0.979757085020243,0.995415805785124,0.994522022744071,port_protocol_service_ablation,88,74,14,src_port|dst_port|proto_icmp|proto_tcp|proto_udp|service|service_dce_rpc|service_dns|service_ftp|service_gssapi|service_http|service_smb|service_smb_gssapi|service_ssl,ksf-v4-idsplit::
quantum,svc,12,zz_r2_full__as0.5__svc__d12,zz_r2_full__as0.5,ood_test,train_cv,100.0,0.9645645744631708,0.004998207092285156,0.978,0.977366255144033,0.9779448621553885,0.979047619047619,0.9954524347088117,0.9854396018909347,port_protocol_service_ablation,88,74,14,src_port|dst_port|proto_icmp|proto_tcp|proto_udp|service|service_dce_rpc|service_dns|service_ftp|service_gssapi|service_http|service_smb|service_smb_gssapi|service_ssl,ksf-v4-idsplit::
quantum,svc,12,pauli_xz_r1_full__as0.5__svc__d12,pauli_xz_r1_full__as0.5,id_val,fixed_c1,1.0,,0.004999399185180664,0.900398406374502,0.8997649002414538,0.9001702276596083,0.895397489539749,0.9689287075867327,0.9364693176636445,port_protocol_service_ablation,88,74,14,src_port|dst_port|proto_icmp|proto_tcp|proto_udp|service|service_dce_rpc|service_dns|service_ftp|service_gssapi|service_http|service_smb|service_smb_gssapi|service_ssl,ksf-v4-idsplit::
quantum,svc,12,pauli_xz_r1_full__as0.5__svc__d12,pauli_xz_r1_full__as0.5,id_test,fixed_c1,1.0,,0.004999399185180664,0.9076305220883534,0.9067665289256198,0.9073375940457892,0.902127659574468,0.9917355371900827,0.9912770325177875,port_protocol_service_ablation,88,74,14,src_port|dst_port|proto_icmp|proto_tcp|proto_udp|service|service_dce_rpc|service_dns|service_ftp|service_gssapi|service_http|service_smb|service_smb_gssapi|service_ssl,ksf-v4-idsplit::
quantum,svc,12,pauli_xz_r1_full__as0.5__svc__d12,pauli_xz_r1_full__as0.5,ood_test,fixed_c1,1.0,,0.004999399185180664,0.964,0.9632992265936494,0.9639023920681523,0.9657794676806084,0.9991833597540472,0.9992640852491768,port_protocol_service_ablation,88,74,14,src_port|dst_port|proto_icmp|proto_tcp|proto_udp|service|service_dce_rpc|service_dns|service_ftp|service_gssapi|service_http|service_smb|service_smb_gssapi|service_ssl,ksf-v4-idsplit::
quantum,svc,12,pauli_xz_r1_full__as0.5__svc__d12,pauli_xz_r1_full__as0.5,id_val,train_cv,100.0,0.9271854925843517,0.004999399185180664,0.9123505976095617,0.9120599822086669,0.9122377622377622,0.9090909090909091,0.9848773668827042,0.9820111203119533,port_protocol_service_ablation,88,74,14,src_port|dst_port|proto_icmp|proto_tcp|proto_udp|service|service_dce_rpc|service_dns|service_ftp|service_gssapi|service_http|service_smb|service_smb_gssapi|service_ssl,ksf-v4-idsplit::
quantum,svc,12,pauli_xz_r1_full__as0.5__svc__d12,pauli_xz_r1_full__as0.5,id_test,train_cv,100.0,0.9271854925843517,0.004999399185180664,0.9116465863453815,0.9108987603305785,0.9114050976840471,0.9067796610169492,0.9868285123966942,0.9836125427946301,port_protocol_service_ablation,88,74,14,src_port|dst_port|proto_icmp|proto_tcp|proto_udp|service|service_dce_rpc|service_dns|service_ftp|service_gssapi|service_http|service_smb|service_smb_gssapi|service_ssl,ksf-v4-idsplit::
quantum,svc,12,pauli_xz_r1_full__as0.5__svc__d12,pauli_xz_r1_full__as0.5,ood_test,train_cv,100.0,0.9271854925843517,0.004999399185180664,0.97,0.9691358024691358,0.9698987393592043,0.9716446124763705,0.9667899633312517,0.9686536182187809,port_protocol_service_ablation,88,74,14,src_port|dst_port|proto_icmp|proto_tcp|proto_udp|service|service_dce_rpc|service_dns|service_ftp|service_gssapi|service_http|service_smb|service_smb_gssapi|service_ssl,ksf-v4-idsplit::
quantum,svc,12,zmap_r2__as0.5__svc__d12,zmap_r2__as0.5,id_val,fixed_c1,1.0,,0.004999399185180664,0.900398406374502,0.8997649002414538,0.9001702276596083,0.895397489539749,0.9575549625111195,0.915261669086272,port_protocol_service_ablation,88,74,14,src_port|dst_port|proto_icmp|proto_tcp|proto_udp|service|service_dce_rpc|service_dns|service_ftp|service_gssapi|service_http|service_smb|service_smb_gssapi|service_ssl,ksf-v4-idsplit::
quantum,svc,12,zmap_r2__as0.5__svc__d12,zmap_r2__as0.5,id_test,fixed_c1,1.0,,0.004999399185180664,0.9076305220883534,0.9067665289256198,0.9073375940457892,0.902127659574468,0.9767561983471074,0.9823631231304994,port_protocol_service_ablation,88,74,14,src_port|dst_port|proto_icmp|proto_tcp|proto_udp|service|service_dce_rpc|service_dns|service_ftp|service_gssapi|service_http|service_smb|service_smb_gssapi|service_ssl,ksf-v4-idsplit::
quantum,svc,12,zmap_r2__as0.5__svc__d12,zmap_r2__as0.5,ood_test,fixed_c1,1.0,,0.004999399185180664,0.964,0.9632992265936494,0.9639023920681523,0.9657794676806084,0.9991513346463627,0.9992350680193398,port_protocol_service_ablation,88,74,14,src_port|dst_port|proto_icmp|proto_tcp|proto_udp|service|service_dce_rpc|service_dns|service_ftp|service_gssapi|service_http|service_smb|service_smb_gssapi|service_ssl,ksf-v4-idsplit::
quantum,svc,12,zmap_r2__as0.5__svc__d12,zmap_r2__as0.5,id_val,train_cv,100.0,0.9302782760895063,0.008050918579101562,0.9123505976095617,0.9120599822086669,0.9122377622377622,0.9090909090909091,0.9797941288600839,0.9736709132657647,port_protocol_service_ablation,88,74,14,src_port|dst_port|proto_icmp|proto_tcp|proto_udp|service|service_dce_rpc|service_dns|service_ftp|service_gssapi|service_http|service_smb|service_smb_gssapi|service_ssl,ksf-v4-idsplit::
quantum,svc,12,zmap_r2__as0.5__svc__d12,zmap_r2__as0.5,id_test,train_cv,100.0,0.9302782760895063,0.008050918579101562,0.9196787148594378,0.9187112603305785,0.9193861693861693,0.9145299145299145,0.9927685950413224,0.9922056279268126,port_protocol_service_ablation,88,74,14,src_port|dst_port|proto_icmp|proto_tcp|proto_udp|service|service_dce_rpc|service_dns|service_ftp|service_gssapi|service_http|service_smb|service_smb_gssapi|service_ssl,ksf-v4-idsplit::
quantum,svc,12,zmap_r2__as0.5__svc__d12,zmap_r2__as0.5,ood_test,train_cv,100.0,0.9302782760895063,0.008050918579101562,0.982,0.9814814814814814,0.981961831234893,0.982791586998088,0.9954844598164961,0.9820700546979201,port_protocol_service_ablation,88,74,14,src_port|dst_port|proto_icmp|proto_tcp|proto_udp|service|service_dce_rpc|service_dns|service_ftp|service_gssapi|service_http|service_smb|service_smb_gssapi|service_ssl,ksf-v4-idsplit::
quantum,svc,12,zz_r1_full__svc__d12,zz_r1_full,id_val,fixed_c1,1.0,,0.0070073604583740234,0.9123505976095617,0.9120599822086669,0.9122377622377622,0.9090909090909091,0.975346295590291,0.9664114516391683,port_protocol_service_ablation,88,74,14,src_port|dst_port|proto_icmp|proto_tcp|proto_udp|service|service_dce_rpc|service_dns|service_ftp|service_gssapi|service_http|service_smb|service_smb_gssapi|service_ssl,ksf-v4-idsplit::
quantum,svc,12,zz_r1_full__svc__d12,zz_r1_full,id_test,fixed_c1,1.0,,0.0070073604583740234,0.9196787148594378,0.9187112603305785,0.9193861693861693,0.9145299145299145,0.9821151859504131,0.974486016958089,port_protocol_service_ablation,88,74,14,src_port|dst_port|proto_icmp|proto_tcp|proto_udp|service|service_dce_rpc|service_dns|service_ftp|service_gssapi|service_http|service_smb|service_smb_gssapi|service_ssl,ksf-v4-idsplit::
quantum,svc,12,zz_r1_full__svc__d12,zz_r1_full,ood_test,fixed_c1,1.0,,0.0070073604583740234,0.982,0.9814814814814814,0.981961831234893,0.982791586998088,0.9771821107748475,0.9647030992434305,port_protocol_service_ablation,88,74,14,src_port|dst_port|proto_icmp|proto_tcp|proto_udp|service|service_dce_rpc|service_dns|service_ftp|service_gssapi|service_http|service_smb|service_smb_gssapi|service_ssl,ksf-v4-idsplit::
quantum,svc,12,zz_r1_full__svc__d12,zz_r1_full,id_val,train_cv,10.0,0.9694869292619769,0.004717826843261719,0.9760956175298805,0.976521794383022,0.9760922021844044,0.9758064516129032,0.9840513407040284,0.9750042013747888,port_protocol_service_ablation,88,74,14,src_port|dst_port|proto_icmp|proto_tcp|proto_udp|service|service_dce_rpc|service_dns|service_ftp|service_gssapi|service_http|service_smb|service_smb_gssapi|service_ssl,ksf-v4-idsplit::
quantum,svc,12,zz_r1_full__svc__d12,zz_r1_full,id_test,train_cv,10.0,0.9694869292619769,0.004717826843261719,0.9718875502008032,0.9722042871900827,0.9718802936194241,0.9714285714285714,0.9874096074380165,0.9833681117410368,port_protocol_service_ablation,88,74,14,src_port|dst_port|proto_icmp|proto_tcp|proto_udp|service|service_dce_rpc|service_dns|service_ftp|service_gssapi|service_http|service_smb|service_smb_gssapi|service_ssl,ksf-v4-idsplit::
quantum,svc,12,zz_r1_full__svc__d12,zz_r1_full,ood_test,train_cv,10.0,0.9694869292619769,0.004717826843261719,0.984,0.9835390946502058,0.9839689639141378,0.9846743295019157,0.9802565211125522,0.9668828714040623,port_protocol_service_ablation,88,74,14,src_port|dst_port|proto_icmp|proto_tcp|proto_udp|service|service_dce_rpc|service_dns|service_ftp|service_gssapi|service_http|service_smb|service_smb_gssapi|service_ssl,ksf-v4-idsplit::
quantum,svc,12,zz_r2_full__svc__d12,zz_r2_full,id_val,fixed_c1,1.0,,0.005574703216552734,0.9482071713147411,0.9489452281103062,0.9482071713147411,0.9482071713147411,0.9764900241453807,0.9654152294709031,port_protocol_service_ablation,88,74,14,src_port|dst_port|proto_icmp|proto_tcp|proto_udp|service|service_dce_rpc|service_dns|service_ftp|service_gssapi|service_http|service_smb|service_smb_gssapi|service_ssl,ksf-v4-idsplit::
quantum,svc,12,zz_r2_full__svc__d12,zz_r2_full,id_test,fixed_c1,1.0,,0.005574703216552734,0.9558232931726908,0.9559013429752066,0.9557976276930525,0.9547325102880658,0.9801136363636364,0.9709941631473764,port_protocol_service_ablation,88,74,14,src_port|dst_port|proto_icmp|proto_tcp|proto_udp|service|service_dce_rpc|service_dns|service_ftp|service_gssapi|service_http|service_smb|service_smb_gssapi|service_ssl,ksf-v4-idsplit::
quantum,svc,12,zz_r2_full__svc__d12,zz_r2_full,ood_test,fixed_c1,1.0,,0.005574703216552734,0.982,0.9814814814814814,0.981961831234893,0.982791586998088,0.9765416086211589,0.9616154700921573,port_protocol_service_ablation,88,74,14,src_port|dst_port|proto_icmp|proto_tcp|proto_udp|service|service_dce_rpc|service_dns|service_ftp|service_gssapi|service_http|service_smb|service_smb_gssapi|service_ssl,ksf-v4-idsplit::
quantum,svc,12,zz_r2_full__svc__d12,zz_r2_full,id_val,train_cv,100.0,0.9675185792212992,0.008150815963745117,0.9641434262948207,0.9648938874062778,0.9641434262948207,0.9641434262948207,0.9842419621298768,0.982675527874162,port_protocol_service_ablation,88,74,14,src_port|dst_port|proto_icmp|proto_tcp|proto_udp|service|service_dce_rpc|service_dns|service_ftp|service_gssapi|service_http|service_smb|service_smb_gssapi|service_ssl,ksf-v4-idsplit::
quantum,svc,12,zz_r2_full__svc__d12,zz_r2_full,id_test,train_cv,100.0,0.9675185792212992,0.008150815963745117,0.9799196787148594,0.98046875,0.9799183831475717,0.979757085020243,0.9978693181818181,0.9977468990211382,port_protocol_service_ablation,88,74,14,src_port|dst_port|proto_icmp|proto_tcp|proto_udp|service|service_dce_rpc|service_dns|service_ftp|service_gssapi|service_http|service_smb|service_smb_gssapi|service_ssl,ksf-v4-idsplit::
quantum,svc,12,zz_r2_full__svc__d12,zz_r2_full,ood_test,train_cv,100.0,0.9675185792212992,0.008150815963745117,0.984,0.9835390946502058,0.9839689639141378,0.9846743295019157,0.9954524347088117,0.9856154848839801,port_protocol_service_ablation,88,74,14,src_port|dst_port|proto_icmp|proto_tcp|proto_udp|service|service_dce_rpc|service_dns|service_ftp|service_gssapi|service_http|service_smb|service_smb_gssapi|service_ssl,ksf-v4-idsplit::
quantum,svc,12,pauli_xz_r1_full__svc__d12,pauli_xz_r1_full,id_val,fixed_c1,1.0,,0.004999876022338867,0.900398406374502,0.8997649002414538,0.9001702276596083,0.895397489539749,0.9660693861990088,0.9355658855201984,port_protocol_service_ablation,88,74,14,src_port|dst_port|proto_icmp|proto_tcp|proto_udp|service|service_dce_rpc|service_dns|service_ftp|service_gssapi|service_http|service_smb|service_smb_gssapi|service_ssl,ksf-v4-idsplit::
quantum,svc,12,pauli_xz_r1_full__svc__d12,pauli_xz_r1_full,id_test,fixed_c1,1.0,,0.004999876022338867,0.9076305220883534,0.9067665289256198,0.9073375940457892,0.902127659574468,0.9910898760330578,0.9905001701695524,port_protocol_service_ablation,88,74,14,src_port|dst_port|proto_icmp|proto_tcp|proto_udp|service|service_dce_rpc|service_dns|service_ftp|service_gssapi|service_http|service_smb|service_smb_gssapi|service_ssl,ksf-v4-idsplit::
quantum,svc,12,pauli_xz_r1_full__svc__d12,pauli_xz_r1_full,ood_test,fixed_c1,1.0,,0.004999876022338867,0.972,0.9711934156378601,0.971911915767848,0.9734848484848485,0.9980784935389345,0.998192932708023,port_protocol_service_ablation,88,74,14,src_port|dst_port|proto_icmp|proto_tcp|proto_udp|service|service_dce_rpc|service_dns|service_ftp|service_gssapi|service_http|service_smb|service_smb_gssapi|service_ssl,ksf-v4-idsplit::
quantum,svc,12,pauli_xz_r1_full__svc__d12,pauli_xz_r1_full,id_val,train_cv,100.0,0.92814703104589,0.009276390075683594,0.900398406374502,0.9006544668954124,0.9003731047074701,0.8987854251012146,0.9775066717499048,0.9639422411927788,port_protocol_service_ablation,88,74,14,src_port|dst_port|proto_icmp|proto_tcp|proto_udp|service|service_dce_rpc|service_dns|service_ftp|service_gssapi|service_http|service_smb|service_smb_gssapi|service_ssl,ksf-v4-idsplit::
quantum,svc,12,pauli_xz_r1_full__svc__d12,pauli_xz_r1_full,id_test,train_cv,100.0,0.92814703104589,0.009276390075683594,0.9236947791164659,0.9228434917355373,0.9234527950813041,0.9191489361702128,0.9943181818181818,0.9939486152679039,port_protocol_service_ablation,88,74,14,src_port|dst_port|proto_icmp|proto_tcp|proto_udp|service|service_dce_rpc|service_dns|service_ftp|service_gssapi|service_http|service_smb|service_smb_gssapi|service_ssl,ksf-v4-idsplit::
quantum,svc,12,pauli_xz_r1_full__svc__d12,pauli_xz_r1_full,ood_test,train_cv,100.0,0.92814703104589,0.009276390075683594,0.978,0.977366255144033,0.9779448621553885,0.979047619047619,0.9958847736625515,0.983221776109454,port_protocol_service_ablation,88,74,14,src_port|dst_port|proto_icmp|proto_tcp|proto_udp|service|service_dce_rpc|service_dns|service_ftp|service_gssapi|service_http|service_smb|service_smb_gssapi|service_ssl,ksf-v4-idsplit::
quantum,svc,12,zmap_r2__svc__d12,zmap_r2,id_val,fixed_c1,1.0,,0.004000663757324219,0.900398406374502,0.8997649002414538,0.9001702276596083,0.895397489539749,0.9642267124158089,0.9062441332213754,port_protocol_service_ablation,88,74,14,src_port|dst_port|proto_icmp|proto_tcp|proto_udp|service|service_dce_rpc|service_dns|service_ftp|service_gssapi|service_http|service_smb|service_smb_gssapi|service_ssl,ksf-v4-idsplit::
quantum,svc,12,zmap_r2__svc__d12,zmap_r2,id_test,fixed_c1,1.0,,0.004000663757324219,0.9076305220883534,0.9067665289256198,0.9073375940457892,0.902127659574468,0.9909607438016529,0.990336893241857,port_protocol_service_ablation,88,74,14,src_port|dst_port|proto_icmp|proto_tcp|proto_udp|service|service_dce_rpc|service_dns|service_ftp|service_gssapi|service_http|service_smb|service_smb_gssapi|service_ssl,ksf-v4-idsplit::
quantum,svc,12,zmap_r2__svc__d12,zmap_r2,ood_test,fixed_c1,1.0,,0.004000663757324219,0.972,0.9711934156378601,0.971911915767848,0.9734848484848485,0.9977582424620903,0.9978720216220178,port_protocol_service_ablation,88,74,14,src_port|dst_port|proto_icmp|proto_tcp|proto_udp|service|service_dce_rpc|service_dns|service_ftp|service_gssapi|service_http|service_smb|service_smb_gssapi|service_ssl,ksf-v4-idsplit::
quantum,svc,12,zmap_r2__svc__d12,zmap_r2,id_val,train_cv,100.0,0.9378878169840036,0.009000539779663086,0.9282868525896414,0.928898208158597,0.9282857142857144,0.928,0.9848138264074215,0.978716253855189,port_protocol_service_ablation,88,74,14,src_port|dst_port|proto_icmp|proto_tcp|proto_udp|service|service_dce_rpc|service_dns|service_ftp|service_gssapi|service_http|service_smb|service_smb_gssapi|service_ssl,ksf-v4-idsplit::
quantum,svc,12,zmap_r2__svc__d12,zmap_r2,id_test,train_cv,100.0,0.9378878169840036,0.009000539779663086,0.9477911646586346,0.9476368801652892,0.9477372168493792,0.946058091286307,0.9941890495867769,0.9937904405204405,port_protocol_service_ablation,88,74,14,src_port|dst_port|proto_icmp|proto_tcp|proto_udp|service|service_dce_rpc|service_dns|service_ftp|service_gssapi|service_http|service_smb|service_smb_gssapi|service_ssl,ksf-v4-idsplit::
quantum,svc,12,zmap_r2__svc__d12,zmap_r2,ood_test,train_cv,100.0,0.9378878169840036,0.009000539779663086,0.978,0.977366255144033,0.9779448621553885,0.979047619047619,0.9958847736625515,0.9832598516559483,port_protocol_service_ablation,88,74,14,src_port|dst_port|proto_icmp|proto_tcp|proto_udp|service|service_dce_rpc|service_dns|service_ftp|service_gssapi|service_http|service_smb|service_smb_gssapi|service_ssl,ksf-v4-idsplit::
quantum,svc,12,zz_r1_full__as2__svc__d12,zz_r1_full__as2,id_val,fixed_c1,1.0,,0.00645899772644043,0.952191235059761,0.9528211971025543,0.9521904761904761,0.952,0.9779514550768839,0.967182155709066,port_protocol_service_ablation,88,74,14,src_port|dst_port|proto_icmp|proto_tcp|proto_udp|service|service_dce_rpc|service_dns|service_ftp|service_gssapi|service_http|service_smb|service_smb_gssapi|service_ssl,ksf-v4-idsplit::
quantum,svc,12,zz_r1_full__as2__svc__d12,zz_r1_full__as2,id_test,fixed_c1,1.0,,0.00645899772644043,0.9558232931726908,0.9559013429752066,0.9557976276930525,0.9547325102880658,0.9805010330578512,0.9712755817048795,port_protocol_service_ablation,88,74,14,src_port|dst_port|proto_icmp|proto_tcp|proto_udp|service|service_dce_rpc|service_dns|service_ftp|service_gssapi|service_http|service_smb|service_smb_gssapi|service_ssl,ksf-v4-idsplit::
quantum,svc,12,zz_r1_full__as2__svc__d12,zz_r1_full__as2,ood_test,fixed_c1,1.0,,0.00645899772644043,0.982,0.9814814814814814,0.981961831234893,0.982791586998088,0.9807048726201342,0.97921123524947,port_protocol_service_ablation,88,74,14,src_port|dst_port|proto_icmp|proto_tcp|proto_udp|service|service_dce_rpc|service_dns|service_ftp|service_gssapi|service_http|service_smb|service_smb_gssapi|service_ssl,ksf-v4-idsplit::
quantum,svc,12,zz_r1_full__as2__svc__d12,zz_r1_full__as2,id_val,train_cv,10.0,0.9715008732217971,0.010729074478149414,0.9800796812749004,0.9806201550387597,0.9800784164325285,0.9799196787148594,0.9892616596772144,0.9835271918378262,port_protocol_service_ablation,88,74,14,src_port|dst_port|proto_icmp|proto_tcp|proto_udp|service|service_dce_rpc|service_dns|service_ftp|service_gssapi|service_http|service_smb|service_smb_gssapi|service_ssl,ksf-v4-idsplit::
quantum,svc,12,zz_r1_full__as2__svc__d12,zz_r1_full__as2,id_test,train_cv,10.0,0.9715008732217971,0.010729074478149414,0.9799196787148594,0.98046875,0.9799183831475717,0.979757085020243,0.9911544421487604,0.9879345556901343,port_protocol_service_ablation,88,74,14,src_port|dst_port|proto_icmp|proto_tcp|proto_udp|service|service_dce_rpc|service_dns|service_ftp|service_gssapi|service_http|service_smb|service_smb_gssapi|service_ssl,ksf-v4-idsplit::
quantum,svc,12,zz_r1_full__as2__svc__d12,zz_r1_full__as2,ood_test,train_cv,10.0,0.9715008732217971,0.010729074478149414,0.984,0.9835390946502058,0.9839689639141378,0.9846743295019157,0.9801924708971834,0.9673285776204499,port_protocol_service_ablation,88,74,14,src_port|dst_port|proto_icmp|proto_tcp|proto_udp|service|service_dce_rpc|service_dns|service_ftp|service_gssapi|service_http|service_smb|service_smb_gssapi|service_ssl,ksf-v4-idsplit::
quantum,svc,12,zz_r2_full__as2__svc__d12,zz_r2_full__as2,id_val,fixed_c1,1.0,,0.00400090217590332,0.9482071713147411,0.9493900114372855,0.9481940144478844,0.9490196078431372,0.988308552547973,0.985267304846104,port_protocol_service_ablation,88,74,14,src_port|dst_port|proto_icmp|proto_tcp|proto_udp|service|service_dce_rpc|service_dns|service_ftp|service_gssapi|service_http|service_smb|service_smb_gssapi|service_ssl,ksf-v4-idsplit::
quantum,svc,12,zz_r2_full__as2__svc__d12,zz_r2_full__as2,id_test,fixed_c1,1.0,,0.00400090217590332,0.9678714859437751,0.9682980371900827,0.9678668215253581,0.967479674796748,0.9844395661157025,0.9779801394380306,port_protocol_service_ablation,88,74,14,src_port|dst_port|proto_icmp|proto_tcp|proto_udp|service|service_dce_rpc|service_dns|service_ftp|service_gssapi|service_http|service_smb|service_smb_gssapi|service_ssl,ksf-v4-idsplit::
quantum,svc,12,zz_r2_full__as2__svc__d12,zz_r2_full__as2,ood_test,fixed_c1,1.0,,0.00400090217590332,0.976,0.9753086419753086,0.9759349280454348,0.9771863117870723,0.9804486717586588,0.9762455945985324,port_protocol_service_ablation,88,74,14,src_port|dst_port|proto_icmp|proto_tcp|proto_udp|service|service_dce_rpc|service_dns|service_ftp|service_gssapi|service_http|service_smb|service_smb_gssapi|service_ssl,ksf-v4-idsplit::
quantum,svc,12,zz_r2_full__as2__svc__d12,zz_r2_full__as2,id_val,train_cv,10.0,0.9681891827644881,0.004000186920166016,0.9561752988047809,0.9573643410852712,0.9561641660712868,0.9568627450980393,0.9842419621298767,0.9764273930212582,port_protocol_service_ablation,88,74,14,src_port|dst_port|proto_icmp|proto_tcp|proto_udp|service|service_dce_rpc|service_dns|service_ftp|service_gssapi|service_http|service_smb|service_smb_gssapi|service_ssl,ksf-v4-idsplit::
quantum,svc,12,zz_r2_full__as2__svc__d12,zz_r2_full__as2,id_test,train_cv,10.0,0.9681891827644881,0.004000186920166016,0.9759036144578314,0.9765625,0.9759032258064516,0.9758064516129032,0.9896048553719008,0.9869258017841411,port_protocol_service_ablation,88,74,14,src_port|dst_port|proto_icmp|proto_tcp|proto_udp|service|service_dce_rpc|service_dns|service_ftp|service_gssapi|service_http|service_smb|service_smb_gssapi|service_ssl,ksf-v4-idsplit::
quantum,svc,12,zz_r2_full__as2__svc__d12,zz_r2_full__as2,ood_test,train_cv,10.0,0.9681891827644881,0.004000186920166016,0.978,0.977366255144033,0.9779448621553885,0.979047619047619,0.9991193095386783,0.9991755989724935,port_protocol_service_ablation,88,74,14,src_port|dst_port|proto_icmp|proto_tcp|proto_udp|service|service_dce_rpc|service_dns|service_ftp|service_gssapi|service_http|service_smb|service_smb_gssapi|service_ssl,ksf-v4-idsplit::
quantum,svc,12,pauli_xz_r1_full__as2__svc__d12,pauli_xz_r1_full__as2,id_val,fixed_c1,1.0,,0.007127523422241211,0.900398406374502,0.8997649002414538,0.9001702276596083,0.895397489539749,0.9650527385944847,0.9137218703757763,port_protocol_service_ablation,88,74,14,src_port|dst_port|proto_icmp|proto_tcp|proto_udp|service|service_dce_rpc|service_dns|service_ftp|service_gssapi|service_http|service_smb|service_smb_gssapi|service_ssl,ksf-v4-idsplit::
quantum,svc,12,pauli_xz_r1_full__as2__svc__d12,pauli_xz_r1_full__as2,id_test,fixed_c1,1.0,,0.007127523422241211,0.9156626506024096,0.9145790289256198,0.9153129808081626,0.9098712446351931,0.9927685950413223,0.9921917815284851,port_protocol_service_ablation,88,74,14,src_port|dst_port|proto_icmp|proto_tcp|proto_udp|service|service_dce_rpc|service_dns|service_ftp|service_gssapi|service_http|service_smb|service_smb_gssapi|service_ssl,ksf-v4-idsplit::
quantum,svc,12,pauli_xz_r1_full__as2__svc__d12,pauli_xz_r1_full__as2,ood_test,fixed_c1,1.0,,0.007127523422241211,0.984,0.9835390946502058,0.9839689639141378,0.9846743295019157,0.9984627948311476,0.9985383420922948,port_protocol_service_ablation,88,74,14,src_port|dst_port|proto_icmp|proto_tcp|proto_udp|service|service_dce_rpc|service_dns|service_ftp|service_gssapi|service_http|service_smb|service_smb_gssapi|service_ssl,ksf-v4-idsplit::
quantum,svc,12,pauli_xz_r1_full__as2__svc__d12,pauli_xz_r1_full__as2,id_val,train_cv,100.0,0.9514800499937124,0.007637500762939453,0.9482071713147411,0.9493900114372855,0.9481940144478844,0.9490196078431372,0.9870377430423178,0.982815390738643,port_protocol_service_ablation,88,74,14,src_port|dst_port|proto_icmp|proto_tcp|proto_udp|service|service_dce_rpc|service_dns|service_ftp|service_gssapi|service_http|service_smb|service_smb_gssapi|service_ssl,ksf-v4-idsplit::
quantum,svc,12,pauli_xz_r1_full__as2__svc__d12,pauli_xz_r1_full__as2,id_test,train_cv,100.0,0.9514800499937124,0.007637500762939453,0.9718875502008032,0.9722042871900827,0.9718802936194241,0.9714285714285714,0.9930914256198347,0.9920596602325932,port_protocol_service_ablation,88,74,14,src_port|dst_port|proto_icmp|proto_tcp|proto_udp|service|service_dce_rpc|service_dns|service_ftp|service_gssapi|service_http|service_smb|service_smb_gssapi|service_ssl,ksf-v4-idsplit::
quantum,svc,12,pauli_xz_r1_full__as2__svc__d12,pauli_xz_r1_full__as2,ood_test,train_cv,100.0,0.9514800499937124,0.007637500762939453,0.978,0.977366255144033,0.9779448621553885,0.979047619047619,0.9953243342780741,0.9820773836959433,port_protocol_service_ablation,88,74,14,src_port|dst_port|proto_icmp|proto_tcp|proto_udp|service|service_dce_rpc|service_dns|service_ftp|service_gssapi|service_http|service_smb|service_smb_gssapi|service_ssl,ksf-v4-idsplit::
quantum,svc,12,zmap_r2__as2__svc__d12,zmap_r2__as2,id_val,fixed_c1,1.0,,0.00417637825012207,0.900398406374502,0.8997649002414538,0.9001702276596083,0.895397489539749,0.9656246028720294,0.9080963787689785,port_protocol_service_ablation,88,74,14,src_port|dst_port|proto_icmp|proto_tcp|proto_udp|service|service_dce_rpc|service_dns|service_ftp|service_gssapi|service_http|service_smb|service_smb_gssapi|service_ssl,ksf-v4-idsplit::
quantum,svc,12,zmap_r2__as2__svc__d12,zmap_r2__as2,id_test,fixed_c1,1.0,,0.00417637825012207,0.9156626506024096,0.9145790289256198,0.9153129808081626,0.9098712446351931,0.992574896694215,0.9919533835628144,port_protocol_service_ablation,88,74,14,src_port|dst_port|proto_icmp|proto_tcp|proto_udp|service|service_dce_rpc|service_dns|service_ftp|service_gssapi|service_http|service_smb|service_smb_gssapi|service_ssl,ksf-v4-idsplit::
quantum,svc,12,zmap_r2__as2__svc__d12,zmap_r2__as2,ood_test,fixed_c1,1.0,,0.00417637825012207,0.98,0.9794238683127572,0.9799538135865034,0.9809160305343512,0.9981585563081457,0.9982333060807722,port_protocol_service_ablation,88,74,14,src_port|dst_port|proto_icmp|proto_tcp|proto_udp|service|service_dce_rpc|service_dns|service_ftp|service_gssapi|service_http|service_smb|service_smb_gssapi|service_ssl,ksf-v4-idsplit::
quantum,svc,12,zmap_r2__as2__svc__d12,zmap_r2__as2,id_val,train_cv,100.0,0.9620622662960768,0.006006002426147461,0.9482071713147411,0.9493900114372855,0.9481940144478844,0.9490196078431372,0.9920574405896556,0.9882754233471398,port_protocol_service_ablation,88,74,14,src_port|dst_port|proto_icmp|proto_tcp|proto_udp|service|service_dce_rpc|service_dns|service_ftp|service_gssapi|service_http|service_smb|service_smb_gssapi|service_ssl,ksf-v4-idsplit::
quantum,svc,12,zmap_r2__as2__svc__d12,zmap_r2__as2,id_test,train_cv,100.0,0.9620622662960768,0.006006002426147461,0.9718875502008032,0.9722042871900827,0.9718802936194241,0.9714285714285714,0.9969653925619836,0.9967602588697484,port_protocol_service_ablation,88,74,14,src_port|dst_port|proto_icmp|proto_tcp|proto_udp|service|service_dce_rpc|service_dns|service_ftp|service_gssapi|service_http|service_smb|service_smb_gssapi|service_ssl,ksf-v4-idsplit::
quantum,svc,12,zmap_r2__as2__svc__d12,zmap_r2__as2,ood_test,train_cv,100.0,0.9620622662960768,0.006006002426147461,0.98,0.9794238683127572,0.9799538135865034,0.9809160305343512,0.9809930985892941,0.9683494163047106,port_protocol_service_ablation,88,74,14,src_port|dst_port|proto_icmp|proto_tcp|proto_udp|service|service_dce_rpc|service_dns|service_ftp|service_gssapi|service_http|service_smb|service_smb_gssapi|service_ssl,ksf-v4-idsplit::
