n_id,n_val,n_test,pos_rate_val,pos_rate_test,overlap,class_balance_gap
1800,901,899,0.4972253052164262,0.4972191323692992,0,6.172847127006165e-06
