family,model,dim,cfg,kernel,split,regularization,c_selected,c_cv_score,fit_seconds,accuracy,balanced_accuracy,f1_macro,f1_pos,roc_auc,pr_auc,feature_policy,n_input_features,n_retained_features,n_removed_features,removed_features,id_split_hash_salt
classical_ext,svc,4,linear__svc__d4,linear,id_val,fixed_c1,1.0,,0.010001182556152344,0.8366533864541833,0.835080696403609,0.8356096547978467,0.8487084870848709,0.9029736942432328,0.9341652241288034,port_protocol_service_ablation,39,36,3,ct_src_dport_ltm|ct_dst_sport_ltm|is_sm_ips_ports,ksf-v4-idsplit::
classical_ext,svc,4,linear__svc__d4,linear,id_test,fixed_c1,1.0,,0.010001182556152344,0.8433734939759037,0.8429106404958677,0.8431204665514289,0.8494208494208494,0.9017303719008265,0.9303284470944231,port_protocol_service_ablation,39,36,3,ct_src_dport_ltm|ct_dst_sport_ltm|is_sm_ips_ports,ksf-v4-idsplit::
classical_ext,svc,4,linear__svc__d4,linear,ood_test,fixed_c1,1.0,,0.010001182556152344,0.654,0.6556718519941105,0.650915489263129,0.6181015452538632,0.5818609564048397,0.5419837209222027,port_protocol_service_ablation,39,36,3,ct_src_dport_ltm|ct_dst_sport_ltm|is_sm_ips_ports,ksf-v4-idsplit::
classical_ext,svc,4,linear__svc__d4,linear,id_val,train_cv,1.0,0.8049445944594458,0.007754802703857422,0.8366533864541833,0.835080696403609,0.8356096547978467,0.8487084870848709,0.9029736942432328,0.9341652241288034,port_protocol_service_ablation,39,36,3,ct_src_dport_ltm|ct_dst_sport_ltm|is_sm_ips_ports,ksf-v4-idsplit::
classical_ext,svc,4,linear__svc__d4,linear,id_test,train_cv,1.0,0.8049445944594458,0.007754802703857422,0.8433734939759037,0.8429106404958677,0.8431204665514289,0.8494208494208494,0.9017303719008265,0.9303284470944231,port_protocol_service_ablation,39,36,3,ct_src_dport_ltm|ct_dst_sport_ltm|is_sm_ips_ports,ksf-v4-idsplit::
classical_ext,svc,4,linear__svc__d4,linear,ood_test,train_cv,1.0,0.8049445944594458,0.007754802703857422,0.654,0.6556718519941105,0.650915489263129,0.6181015452538632,0.5818609564048397,0.5419837209222027,port_protocol_service_ablation,39,36,3,ct_src_dport_ltm|ct_dst_sport_ltm|is_sm_ips_ports,ksf-v4-idsplit::
classical_ext,svc,4,rbf_gscale__svc__d4,rbf_gscale,id_val,fixed_c1,1.0,,0.006046295166015625,0.8764940239043825,0.8729508196721312,0.8735968289552772,0.8927335640138409,0.9541873173211336,0.936580152962663,port_protocol_service_ablation,39,36,3,ct_src_dport_ltm|ct_dst_sport_ltm|is_sm_ips_ports,ksf-v4-idsplit::
classical_ext,svc,4,rbf_gscale__svc__d4,rbf_gscale,id_test,fixed_c1,1.0,,0.006046295166015625,0.8755020080321285,0.8721268078512396,0.8728440820360761,0.8912280701754386,0.9365315082644629,0.9011178796990647,port_protocol_service_ablation,39,36,3,ct_src_dport_ltm|ct_dst_sport_ltm|is_sm_ips_ports,ksf-v4-idsplit::
classical_ext,svc,4,rbf_gscale__svc__d4,rbf_gscale,ood_test,fixed_c1,1.0,,0.006046295166015625,0.9,0.8983739837398375,0.8986360466436367,0.910394265232975,0.9183631009538442,0.875969171490801,port_protocol_service_ablation,39,36,3,ct_src_dport_ltm|ct_dst_sport_ltm|is_sm_ips_ports,ksf-v4-idsplit::
classical_ext,svc,4,rbf_gscale__svc__d4,rbf_gscale,id_val,train_cv,100.0,0.8897314731473147,0.013000011444091797,0.8844621513944223,0.8818147159740755,0.8827877167839487,0.896797153024911,0.9621934172067607,0.96309780775772,port_protocol_service_ablation,39,36,3,ct_src_dport_ltm|ct_dst_sport_ltm|is_sm_ips_ports,ksf-v4-idsplit::
classical_ext,svc,4,rbf_gscale__svc__d4,rbf_gscale,id_test,train_cv,100.0,0.8897314731473147,0.013000011444091797,0.8835341365461847,0.8808432334710744,0.8818186281730249,0.8960573476702509,0.9468620867768596,0.9216434651780399,port_protocol_service_ablation,39,36,3,ct_src_dport_ltm|ct_dst_sport_ltm|is_sm_ips_ports,ksf-v4-idsplit::
classical_ext,svc,4,rbf_gscale__svc__d4,rbf_gscale,ood_test,train_cv,100.0,0.8897314731473147,0.013000011444091797,0.904,0.9026950899430255,0.9031070344293004,0.9124087591240876,0.9655591831508866,0.9409237530891236,port_protocol_service_ablation,39,36,3,ct_src_dport_ltm|ct_dst_sport_ltm|is_sm_ips_ports,ksf-v4-idsplit::
classical_ext,svc,4,poly2__svc__d4,poly2,id_val,fixed_c1,1.0,,0.007999658584594727,0.8764940239043825,0.8729508196721312,0.8735968289552772,0.8927335640138409,0.8687889185411107,0.7599150954670412,port_protocol_service_ablation,39,36,3,ct_src_dport_ltm|ct_dst_sport_ltm|is_sm_ips_ports,ksf-v4-idsplit::
classical_ext,svc,4,poly2__svc__d4,poly2,id_test,fixed_c1,1.0,,0.007999658584594727,0.8755020080321285,0.8721268078512396,0.8728440820360761,0.8912280701754386,0.8666064049586777,0.7505206805397213,port_protocol_service_ablation,39,36,3,ct_src_dport_ltm|ct_dst_sport_ltm|is_sm_ips_ports,ksf-v4-idsplit::
classical_ext,svc,4,poly2__svc__d4,poly2,ood_test,fixed_c1,1.0,,0.007999658584594727,0.878,0.8760162601626016,0.8756315267963088,0.8927943760984183,0.8086390115869663,0.6678843892144213,port_protocol_service_ablation,39,36,3,ct_src_dport_ltm|ct_dst_sport_ltm|is_sm_ips_ports,ksf-v4-idsplit::
classical_ext,svc,4,poly2__svc__d4,poly2,id_val,train_cv,1.0,0.8839007900790079,0.005211830139160156,0.8764940239043825,0.8729508196721312,0.8735968289552772,0.8927335640138409,0.8687889185411107,0.7599150954670412,port_protocol_service_ablation,39,36,3,ct_src_dport_ltm|ct_dst_sport_ltm|is_sm_ips_ports,ksf-v4-idsplit::
classical_ext,svc,4,poly2__svc__d4,poly2,id_test,train_cv,1.0,0.8839007900790079,0.005211830139160156,0.8755020080321285,0.8721268078512396,0.8728440820360761,0.8912280701754386,0.8666064049586777,0.7505206805397213,port_protocol_service_ablation,39,36,3,ct_src_dport_ltm|ct_dst_sport_ltm|is_sm_ips_ports,ksf-v4-idsplit::
classical_ext,svc,4,poly2__svc__d4,poly2,ood_test,train_cv,1.0,0.8839007900790079,0.005211830139160156,0.878,0.8760162601626016,0.8756315267963088,0.8927943760984183,0.8086390115869663,0.6678843892144213,port_protocol_service_ablation,39,36,3,ct_src_dport_ltm|ct_dst_sport_ltm|is_sm_ips_ports,ksf-v4-idsplit::
classical_ext,svc,4,poly3__svc__d4,poly3,id_val,fixed_c1,1.0,,0.008042097091674805,0.8764940239043825,0.8729508196721312,0.8735968289552772,0.8927335640138409,0.8952852967340196,0.8159886596268306,port_protocol_service_ablation,39,36,3,ct_src_dport_ltm|ct_dst_sport_ltm|is_sm_ips_ports,ksf-v4-idsplit::
classical_ext,svc,4,poly3__svc__d4,poly3,id_test,fixed_c1,1.0,,0.008042097091674805,0.8755020080321285,0.8721268078512396,0.8728440820360761,0.8912280701754386,0.8888171487603306,0.7918400322140445,port_protocol_service_ablation,39,36,3,ct_src_dport_ltm|ct_dst_sport_ltm|is_sm_ips_ports,ksf-v4-idsplit::
classical_ext,svc,4,poly3__svc__d4,poly3,ood_test,fixed_c1,1.0,,0.008042097091674805,0.878,0.8760162601626016,0.8756315267963088,0.8927943760984183,0.829156264003585,0.7125642714115594,port_protocol_service_ablation,39,36,3,ct_src_dport_ltm|ct_dst_sport_ltm|is_sm_ips_ports,ksf-v4-idsplit::
classical_ext,svc,4,poly3__svc__d4,poly3,id_val,train_cv,1.0,0.8839007900790079,0.0058400630950927734,0.8764940239043825,0.8729508196721312,0.8735968289552772,0.8927335640138409,0.8952852967340196,0.8159886596268306,port_protocol_service_ablation,39,36,3,ct_src_dport_ltm|ct_dst_sport_ltm|is_sm_ips_ports,ksf-v4-idsplit::
classical_ext,svc,4,poly3__svc__d4,poly3,id_test,train_cv,1.0,0.8839007900790079,0.0058400630950927734,0.8755020080321285,0.8721268078512396,0.8728440820360761,0.8912280701754386,0.8888171487603306,0.7918400322140445,port_protocol_service_ablation,39,36,3,ct_src_dport_ltm|ct_dst_sport_ltm|is_sm_ips_ports,ksf-v4-idsplit::
classical_ext,svc,4,poly3__svc__d4,poly3,ood_test,train_cv,1.0,0.8839007900790079,0.0058400630950927734,0.878,0.8760162601626016,0.8756315267963088,0.8927943760984183,0.829156264003585,0.7125642714115594,port_protocol_service_ablation,39,36,3,ct_src_dport_ltm|ct_dst_sport_ltm|is_sm_ips_ports,ksf-v4-idsplit::
classical_ext,svc,4,laplacian_med__svc__d4,laplacian_med,id_val,fixed_c1,1.0,,0.006154775619506836,0.8764940239043825,0.8729508196721312,0.8735968289552772,0.8927335640138409,0.9742025670352015,0.9710822451117561,port_protocol_service_ablation,39,36,3,ct_src_dport_ltm|ct_dst_sport_ltm|is_sm_ips_ports,ksf-v4-idsplit::
classical_ext,svc,4,laplacian_med__svc__d4,laplacian_med,id_test,fixed_c1,1.0,,0.006154775619506836,0.8755020080321285,0.8721268078512396,0.8728440820360761,0.8912280701754386,0.9471849173553719,0.9250265196092278,port_protocol_service_ablation,39,36,3,ct_src_dport_ltm|ct_dst_sport_ltm|is_sm_ips_ports,ksf-v4-idsplit::
classical_ext,svc,4,laplacian_med__svc__d4,laplacian_med,ood_test,fixed_c1,1.0,,0.006154775619506836,0.9,0.8983739837398375,0.8986360466436367,0.910394265232975,0.9264771781576083,0.8904108773482781,port_protocol_service_ablation,39,36,3,ct_src_dport_ltm|ct_dst_sport_ltm|is_sm_ips_ports,ksf-v4-idsplit::
classical_ext,svc,4,laplacian_med__svc__d4,laplacian_med,id_val,train_cv,1.0,0.8868809880988099,0.0058078765869140625,0.8764940239043825,0.8729508196721312,0.8735968289552772,0.8927335640138409,0.9742025670352015,0.9710822451117561,port_protocol_service_ablation,39,36,3,ct_src_dport_ltm|ct_dst_sport_ltm|is_sm_ips_ports,ksf-v4-idsplit::
classical_ext,svc,4,laplacian_med__svc__d4,laplacian_med,id_test,train_cv,1.0,0.8868809880988099,0.0058078765869140625,0.8755020080321285,0.8721268078512396,0.8728440820360761,0.8912280701754386,0.9471849173553719,0.9250265196092278,port_protocol_service_ablation,39,36,3,ct_src_dport_ltm|ct_dst_sport_ltm|is_sm_ips_ports,ksf-v4-idsplit::
classical_ext,svc,4,laplacian_med__svc__d4,laplacian_med,ood_test,train_cv,1.0,0.8868809880988099,0.0058078765869140625,0.9,0.8983739837398375,0.8986360466436367,0.910394265232975,0.9264771781576083,0.8904108773482781,port_protocol_service_ablation,39,36,3,ct_src_dport_ltm|ct_dst_sport_ltm|is_sm_ips_ports,ksf-v4-idsplit::
classical_ext,svc,4,matern15_med__svc__d4,matern15_med,id_val,fixed_c1,1.0,,0.013000965118408203,0.8764940239043825,0.8729508196721312,0.8735968289552772,0.8927335640138409,0.9571737196594231,0.9412821025436632,port_protocol_service_ablation,39,36,3,ct_src_dport_ltm|ct_dst_sport_ltm|is_sm_ips_ports,ksf-v4-idsplit::
classical_ext,svc,4,matern15_med__svc__d4,matern15_med,id_test,fixed_c1,1.0,,0.013000965118408203,0.8755020080321285,0.8721268078512396,0.8728440820360761,0.8912280701754386,0.9336260330578513,0.8962495564335904,port_protocol_service_ablation,39,36,3,ct_src_dport_ltm|ct_dst_sport_ltm|is_sm_ips_ports,ksf-v4-idsplit::
classical_ext,svc,4,matern15_med__svc__d4,matern15_med,ood_test,fixed_c1,1.0,,0.013000965118408203,0.878,0.8760162601626016,0.8756315267963088,0.8927943760984183,0.8696786377312592,0.8043492036337516,port_protocol_service_ablation,39,36,3,ct_src_dport_ltm|ct_dst_sport_ltm|is_sm_ips_ports,ksf-v4-idsplit::
classical_ext,svc,4,matern15_med__svc__d4,matern15_med,id_val,train_cv,100.0,0.8866611661166116,0.0072596073150634766,0.8844621513944223,0.882037107637565,0.8830062523104618,0.8960573476702509,0.9737577837082221,0.9749063111259486,port_protocol_service_ablation,39,36,3,ct_src_dport_ltm|ct_dst_sport_ltm|is_sm_ips_ports,ksf-v4-idsplit::
classical_ext,svc,4,matern15_med__svc__d4,matern15_med,id_test,train_cv,100.0,0.8866611661166116,0.0072596073150634766,0.8955823293172691,0.8934659090909092,0.8945190302398331,0.9051094890510949,0.9511880165289256,0.9288600012451107,port_protocol_service_ablation,39,36,3,ct_src_dport_ltm|ct_dst_sport_ltm|is_sm_ips_ports,ksf-v4-idsplit::
classical_ext,svc,4,matern15_med__svc__d4,matern15_med,ood_test,train_cv,100.0,0.8866611661166116,0.0072596073150634766,0.91,0.9088566673068306,0.9093294002442062,0.9171270718232044,0.9634146341463414,0.9370525607097876,port_protocol_service_ablation,39,36,3,ct_src_dport_ltm|ct_dst_sport_ltm|is_sm_ips_ports,ksf-v4-idsplit::
classical_ext,svc,4,matern25_med__svc__d4,matern25_med,id_val,fixed_c1,1.0,,0.004998922348022461,0.8764940239043825,0.8729508196721312,0.8735968289552772,0.8927335640138409,0.9529165078154785,0.9286918746490671,port_protocol_service_ablation,39,36,3,ct_src_dport_ltm|ct_dst_sport_ltm|is_sm_ips_ports,ksf-v4-idsplit::
classical_ext,svc,4,matern25_med__svc__d4,matern25_med,id_test,fixed_c1,1.0,,0.004998922348022461,0.8755020080321285,0.8721268078512396,0.8728440820360761,0.8912280701754386,0.9286544421487604,0.8850328127093215,port_protocol_service_ablation,39,36,3,ct_src_dport_ltm|ct_dst_sport_ltm|is_sm_ips_ports,ksf-v4-idsplit::
classical_ext,svc,4,matern25_med__svc__d4,matern25_med,ood_test,fixed_c1,1.0,,0.004998922348022461,0.878,0.8760162601626016,0.8756315267963088,0.8927943760984183,0.8515619998719672,0.7744150614690715,port_protocol_service_ablation,39,36,3,ct_src_dport_ltm|ct_dst_sport_ltm|is_sm_ips_ports,ksf-v4-idsplit::
classical_ext,svc,4,matern25_med__svc__d4,matern25_med,id_val,train_cv,100.0,0.8856910691069106,0.011653423309326172,0.8844621513944223,0.8818147159740755,0.8827877167839487,0.896797153024911,0.9615580124539331,0.9586923593182897,port_protocol_service_ablation,39,36,3,ct_src_dport_ltm|ct_dst_sport_ltm|is_sm_ips_ports,ksf-v4-idsplit::
classical_ext,svc,4,matern25_med__svc__d4,matern25_med,id_test,train_cv,100.0,0.8856910691069106,0.011653423309326172,0.8795180722891566,0.8767110020661157,0.8776212319790302,0.8928571428571429,0.9462164256198347,0.910860302962909,port_protocol_service_ablation,39,36,3,ct_src_dport_ltm|ct_dst_sport_ltm|is_sm_ips_ports,ksf-v4-idsplit::
classical_ext,svc,4,matern25_med__svc__d4,matern25_med,ood_test,train_cv,100.0,0.8856910691069106,0.011653423309326172,0.898,0.8964694961910249,0.8967506832675372,0.9081081081081082,0.959445618078228,0.9438492565127292,port_protocol_service_ablation,39,36,3,ct_src_dport_ltm|ct_dst_sport_ltm|is_sm_ips_ports,ksf-v4-idsplit::
classical_ext,svc,4,rbf_gscale_x0.1__svc__d4,rbf_gscale_x0.1,id_val,fixed_c1,1.0,,0.0070018768310546875,0.8764940239043825,0.8729508196721312,0.8735968289552772,0.8927335640138409,0.8546829330283391,0.7639063895435318,port_protocol_service_ablation,39,36,3,ct_src_dport_ltm|ct_dst_sport_ltm|is_sm_ips_ports,ksf-v4-idsplit::
classical_ext,svc,4,rbf_gscale_x0.1__svc__d4,rbf_gscale_x0.1,id_test,fixed_c1,1.0,,0.0070018768310546875,0.8755020080321285,0.8721268078512396,0.8728440820360761,0.8912280701754386,0.8821022727272727,0.8022934907135695,port_protocol_service_ablation,39,36,3,ct_src_dport_ltm|ct_dst_sport_ltm|is_sm_ips_ports,ksf-v4-idsplit::
classical_ext,svc,4,rbf_gscale_x0.1__svc__d4,rbf_gscale_x0.1,ood_test,fixed_c1,1.0,,0.0070018768310546875,0.878,0.8760162601626016,0.8756315267963088,0.8927943760984183,0.7960277831124768,0.669418359405234,port_protocol_service_ablation,39,36,3,ct_src_dport_ltm|ct_dst_sport_ltm|is_sm_ips_ports,ksf-v4-idsplit::
classical_ext,svc,4,rbf_gscale_x0.1__svc__d4,rbf_gscale_x0.1,id_val,train_cv,1.0,0.8839007900790079,0.0075724124908447266,0.8764940239043825,0.8729508196721312,0.8735968289552772,0.8927335640138409,0.8546829330283391,0.7639063895435318,port_protocol_service_ablation,39,36,3,ct_src_dport_ltm|ct_dst_sport_ltm|is_sm_ips_ports,ksf-v4-idsplit::
classical_ext,svc,4,rbf_gscale_x0.1__svc__d4,rbf_gscale_x0.1,id_test,train_cv,1.0,0.8839007900790079,0.0075724124908447266,0.8755020080321285,0.8721268078512396,0.8728440820360761,0.8912280701754386,0.8821022727272727,0.8022934907135695,port_protocol_service_ablation,39,36,3,ct_src_dport_ltm|ct_dst_sport_ltm|is_sm_ips_ports,ksf-v4-idsplit::
classical_ext,svc,4,rbf_gscale_x0.1__svc__d4,rbf_gscale_x0.1,ood_test,train_cv,1.0,0.8839007900790079,0.0075724124908447266,0.878,0.8760162601626016,0.8756315267963088,0.8927943760984183,0.7960277831124768,0.669418359405234,port_protocol_service_ablation,39,36,3,ct_src_dport_ltm|ct_dst_sport_ltm|is_sm_ips_ports,ksf-v4-idsplit::
classical_ext,svc,4,rbf_gscale_x0.3__svc__d4,rbf_gscale_x0.3,id_val,fixed_c1,1.0,,0.007062435150146484,0.8764940239043825,0.8729508196721312,0.8735968289552772,0.8927335640138409,0.9454822722073961,0.9300652120642745,port_protocol_service_ablation,39,36,3,ct_src_dport_ltm|ct_dst_sport_ltm|is_sm_ips_ports,ksf-v4-idsplit::
classical_ext,svc,4,rbf_gscale_x0.3__svc__d4,rbf_gscale_x0.3,id_test,fixed_c1,1.0,,0.007062435150146484,0.8755020080321285,0.8721268078512396,0.8728440820360761,0.8912280701754386,0.9228434917355371,0.8532947456609066,port_protocol_service_ablation,39,36,3,ct_src_dport_ltm|ct_dst_sport_ltm|is_sm_ips_ports,ksf-v4-idsplit::
classical_ext,svc,4,rbf_gscale_x0.3__svc__d4,rbf_gscale_x0.3,ood_test,fixed_c1,1.0,,0.007062435150146484,0.878,0.8760162601626016,0.8756315267963088,0.8927943760984183,0.8438480250944242,0.7611842826165975,port_protocol_service_ablation,39,36,3,ct_src_dport_ltm|ct_dst_sport_ltm|is_sm_ips_ports,ksf-v4-idsplit::
classical_ext,svc,4,rbf_gscale_x0.3__svc__d4,rbf_gscale_x0.3,id_val,train_cv,100.0,0.8847009700970097,0.011002063751220703,0.8685258964143426,0.8654212733511246,0.8660683967984477,0.8842105263157894,0.9602236624729953,0.9516978042044218,port_protocol_service_ablation,39,36,3,ct_src_dport_ltm|ct_dst_sport_ltm|is_sm_ips_ports,ksf-v4-idsplit::
classical_ext,svc,4,rbf_gscale_x0.3__svc__d4,rbf_gscale_x0.3,id_test,train_cv,100.0,0.8847009700970097,0.011002063751220703,0.8835341365461847,0.880391270661157,0.881321390418276,0.8975265017667845,0.9473140495867769,0.9269916298118087,port_protocol_service_ablation,39,36,3,ct_src_dport_ltm|ct_dst_sport_ltm|is_sm_ips_ports,ksf-v4-idsplit::
classical_ext,svc,4,rbf_gscale_x0.3__svc__d4,rbf_gscale_x0.3,ood_test,train_cv,100.0,0.8847009700970097,0.011002063751220703,0.9,0.8983739837398375,0.8986360466436367,0.910394265232975,0.9542602906344024,0.9425036921982319,port_protocol_service_ablation,39,36,3,ct_src_dport_ltm|ct_dst_sport_ltm|is_sm_ips_ports,ksf-v4-idsplit::
classical_ext,svc,4,rbf_gscale_x3__svc__d4,rbf_gscale_x3,id_val,fixed_c1,1.0,,0.0060007572174072266,0.8725099601593626,0.8690748506798831,0.8696780893042575,0.8888888888888888,0.9394459270555344,0.9023331461819311,port_protocol_service_ablation,39,36,3,ct_src_dport_ltm|ct_dst_sport_ltm|is_sm_ips_ports,ksf-v4-idsplit::
classical_ext,svc,4,rbf_gscale_x3__svc__d4,rbf_gscale_x3,id_test,fixed_c1,1.0,,0.0060007572174072266,0.8835341365461847,0.880391270661157,0.881321390418276,0.8975265017667845,0.9382747933884298,0.8937184051361468,port_protocol_service_ablation,39,36,3,ct_src_dport_ltm|ct_dst_sport_ltm|is_sm_ips_ports,ksf-v4-idsplit::
classical_ext,svc,4,rbf_gscale_x3__svc__d4,rbf_gscale_x3,ood_test,fixed_c1,1.0,,0.0060007572174072266,0.9,0.8983739837398375,0.8986360466436367,0.910394265232975,0.939600537737661,0.9232602324011178,port_protocol_service_ablation,39,36,3,ct_src_dport_ltm|ct_dst_sport_ltm|is_sm_ips_ports,ksf-v4-idsplit::
classical_ext,svc,4,rbf_gscale_x3__svc__d4,rbf_gscale_x3,id_val,train_cv,100.0,0.8894914491449146,0.01595449447631836,0.8884462151394422,0.8863578599567925,0.8873284596639733,0.8985507246376812,0.9776337527004703,0.979255662714428,port_protocol_service_ablation,39,36,3,ct_src_dport_ltm|ct_dst_sport_ltm|is_sm_ips_ports,ksf-v4-idsplit::
classical_ext,svc,4,rbf_gscale_x3__svc__d4,rbf_gscale_x3,id_test,train_cv,100.0,0.8894914491449146,0.01595449447631836,0.8835341365461847,0.8810692148760331,0.8820425698743812,0.8953068592057761,0.9497029958677686,0.9377361117942474,port_protocol_service_ablation,39,36,3,ct_src_dport_ltm|ct_dst_sport_ltm|is_sm_ips_ports,ksf-v4-idsplit::
classical_ext,svc,4,rbf_gscale_x3__svc__d4,rbf_gscale_x3,ood_test,train_cv,100.0,0.8894914491449146,0.01595449447631836,0.916,0.9157224249407848,0.9159138958293291,0.9186046511627907,0.9619742654119454,0.9436038294665594,port_protocol_service_ablation,39,36,3,ct_src_dport_ltm|ct_dst_sport_ltm|is_sm_ips_ports,ksf-v4-idsplit::
classical_ext,svc,4,rbf_gscale_x10__svc__d4,rbf_gscale_x10,id_val,fixed_c1,1.0,,0.009176254272460938,0.8844621513944223,0.8818147159740755,0.8827877167839487,0.896797153024911,0.9627652814843055,0.940032526020404,port_protocol_service_ablation,39,36,3,ct_src_dport_ltm|ct_dst_sport_ltm|is_sm_ips_ports,ksf-v4-idsplit::
classical_ext,svc,4,rbf_gscale_x10__svc__d4,rbf_gscale_x10,id_test,fixed_c1,1.0,,0.009176254272460938,0.8835341365461847,0.8808432334710744,0.8818186281730249,0.8960573476702509,0.9498321280991735,0.904570292052094,port_protocol_service_ablation,39,36,3,ct_src_dport_ltm|ct_dst_sport_ltm|is_sm_ips_ports,ksf-v4-idsplit::
classical_ext,svc,4,rbf_gscale_x10__svc__d4,rbf_gscale_x10,ood_test,fixed_c1,1.0,,0.009176254272460938,0.896,0.894500992254017,0.8947726279322012,0.9061371841155235,0.9448658856667307,0.9314068316692937,port_protocol_service_ablation,39,36,3,ct_src_dport_ltm|ct_dst_sport_ltm|is_sm_ips_ports,ksf-v4-idsplit::
classical_ext,svc,4,rbf_gscale_x10__svc__d4,rbf_gscale_x10,id_val,train_cv,100.0,0.8932714271427142,0.017049551010131836,0.9163346613545816,0.9154911678739357,0.9160735610222116,0.9207547169811321,0.9762994027195323,0.9806367844254683,port_protocol_service_ablation,39,36,3,ct_src_dport_ltm|ct_dst_sport_ltm|is_sm_ips_ports,ksf-v4-idsplit::
classical_ext,svc,4,rbf_gscale_x10__svc__d4,rbf_gscale_x10,id_test,train_cv,100.0,0.8932714271427142,0.017049551010131836,0.9036144578313253,0.9030862603305785,0.903425985778927,0.9076923076923077,0.9422778925619835,0.9167411868898099,port_protocol_service_ablation,39,36,3,ct_src_dport_ltm|ct_dst_sport_ltm|is_sm_ips_ports,ksf-v4-idsplit::
classical_ext,svc,4,rbf_gscale_x10__svc__d4,rbf_gscale_x10,ood_test,train_cv,100.0,0.8932714271427142,0.017049551010131836,0.914,0.9136899046155815,0.9139004689420971,0.9168278529980658,0.9431054349913578,0.9365021741147835,port_protocol_service_ablation,39,36,3,ct_src_dport_ltm|ct_dst_sport_ltm|is_sm_ips_ports,ksf-v4-idsplit::
classical_ext,svc,4,laplacian_med_x0.1__svc__d4,laplacian_med_x0.1,id_val,fixed_c1,1.0,,0.006745576858520508,0.9243027888446215,0.9234654975219214,0.9240665552105725,0.9283018867924528,0.9720421908755876,0.9682947457993208,port_protocol_service_ablation,39,36,3,ct_src_dport_ltm|ct_dst_sport_ltm|is_sm_ips_ports,ksf-v4-idsplit::
classical_ext,svc,4,laplacian_med_x0.1__svc__d4,laplacian_med_x0.1,id_test,fixed_c1,1.0,,0.006745576858520508,0.8755020080321285,0.8743866219008265,0.8749858288120496,0.8830188679245283,0.9449896694214877,0.9341228171912199,port_protocol_service_ablation,39,36,3,ct_src_dport_ltm|ct_dst_sport_ltm|is_sm_ips_ports,ksf-v4-idsplit::
classical_ext,svc,4,laplacian_med_x0.1__svc__d4,laplacian_med_x0.1,ood_test,fixed_c1,1.0,,0.006745576858520508,0.89,0.8885954804429934,0.8888435280659986,0.9001814882032668,0.9449138979578773,0.9245044319953668,port_protocol_service_ablation,39,36,3,ct_src_dport_ltm|ct_dst_sport_ltm|is_sm_ips_ports,ksf-v4-idsplit::
classical_ext,svc,4,laplacian_med_x0.1__svc__d4,laplacian_med_x0.1,id_val,train_cv,10.0,0.89321102110211,0.01038813591003418,0.9083665338645418,0.9079616215529291,0.9082208549943562,0.9118773946360154,0.9613673910280849,0.9493735307211336,port_protocol_service_ablation,39,36,3,ct_src_dport_ltm|ct_dst_sport_ltm|is_sm_ips_ports,ksf-v4-idsplit::
classical_ext,svc,4,laplacian_med_x0.1__svc__d4,laplacian_med_x0.1,id_test,train_cv,10.0,0.89321102110211,0.01038813591003418,0.8875502008032129,0.8867833161157025,0.8872428515978781,0.8931297709923665,0.9520919421487605,0.9586965513915459,port_protocol_service_ablation,39,36,3,ct_src_dport_ltm|ct_dst_sport_ltm|is_sm_ips_ports,ksf-v4-idsplit::
classical_ext,svc,4,laplacian_med_x0.1__svc__d4,laplacian_med_x0.1,ood_test,train_cv,10.0,0.89321102110211,0.01038813591003418,0.914,0.9134338390628001,0.9137844611528823,0.9180952380952381,0.9449779143460726,0.906949358666514,port_protocol_service_ablation,39,36,3,ct_src_dport_ltm|ct_dst_sport_ltm|is_sm_ips_ports,ksf-v4-idsplit::
classical_ext,svc,4,laplacian_med_x0.3__svc__d4,laplacian_med_x0.3,id_val,fixed_c1,1.0,,0.007468223571777344,0.8844621513944223,0.882037107637565,0.8830062523104618,0.8960573476702509,0.9710890837463465,0.958183253085988,port_protocol_service_ablation,39,36,3,ct_src_dport_ltm|ct_dst_sport_ltm|is_sm_ips_ports,ksf-v4-idsplit::
classical_ext,svc,4,laplacian_med_x0.3__svc__d4,laplacian_med_x0.3,id_test,fixed_c1,1.0,,0.007468223571777344,0.8875502008032129,0.8856534090909092,0.8865825091098387,0.8970588235294118,0.9437629132231407,0.9252729938151569,port_protocol_service_ablation,39,36,3,ct_src_dport_ltm|ct_dst_sport_ltm|is_sm_ips_ports,ksf-v4-idsplit::
classical_ext,svc,4,laplacian_med_x0.3__svc__d4,laplacian_med_x0.3,ood_test,fixed_c1,1.0,,0.007468223571777344,0.902,0.9004065040650406,0.900709622250771,0.9120287253141831,0.9452019717047564,0.9306751491945902,port_protocol_service_ablation,39,36,3,ct_src_dport_ltm|ct_dst_sport_ltm|is_sm_ips_ports,ksf-v4-idsplit::
classical_ext,svc,4,laplacian_med_x0.3__svc__d4,laplacian_med_x0.3,id_val,train_cv,10.0,0.8942510251025102,0.008569002151489258,0.896414342629482,0.8952217562587368,0.8959369817578773,0.9029850746268657,0.9722963527767188,0.9715952381883338,port_protocol_service_ablation,39,36,3,ct_src_dport_ltm|ct_dst_sport_ltm|is_sm_ips_ports,ksf-v4-idsplit::
classical_ext,svc,4,laplacian_med_x0.3__svc__d4,laplacian_med_x0.3,id_test,train_cv,10.0,0.8942510251025102,0.008569002151489258,0.8835341365461847,0.8831030475206612,0.8833459879484984,0.888030888030888,0.9382102272727273,0.9287831985442494,port_protocol_service_ablation,39,36,3,ct_src_dport_ltm|ct_dst_sport_ltm|is_sm_ips_ports,ksf-v4-idsplit::
classical_ext,svc,4,laplacian_med_x0.3__svc__d4,laplacian_med_x0.3,ood_test,train_cv,10.0,0.8942510251025102,0.008569002151489258,0.916,0.9155303757761988,0.9158370605492233,0.9195402298850575,0.9513635490685617,0.9373451432048007,port_protocol_service_ablation,39,36,3,ct_src_dport_ltm|ct_dst_sport_ltm|is_sm_ips_ports,ksf-v4-idsplit::
classical_ext,svc,4,laplacian_med_x3__svc__d4,laplacian_med_x3,id_val,fixed_c1,1.0,,0.0049991607666015625,0.8764940239043825,0.8729508196721312,0.8735968289552772,0.8927335640138409,0.9417969246409964,0.9068849833149708,port_protocol_service_ablation,39,36,3,ct_src_dport_ltm|ct_dst_sport_ltm|is_sm_ips_ports,ksf-v4-idsplit::
classical_ext,svc,4,laplacian_med_x3__svc__d4,laplacian_med_x3,id_test,fixed_c1,1.0,,0.0049991607666015625,0.8755020080321285,0.8721268078512396,0.8728440820360761,0.8912280701754386,0.9345299586776862,0.9092147301475588,port_protocol_service_ablation,39,36,3,ct_src_dport_ltm|ct_dst_sport_ltm|is_sm_ips_ports,ksf-v4-idsplit::
classical_ext,svc,4,laplacian_med_x3__svc__d4,laplacian_med_x3,ood_test,fixed_c1,1.0,,0.0049991607666015625,0.876,0.8740477562255937,0.8736632759520084,0.8908450704225352,0.8851706036745407,0.7902673995631001,port_protocol_service_ablation,39,36,3,ct_src_dport_ltm|ct_dst_sport_ltm|is_sm_ips_ports,ksf-v4-idsplit::
classical_ext,svc,4,laplacian_med_x3__svc__d4,laplacian_med_x3,id_val,train_cv,10.0,0.8847209720972098,0.005008220672607422,0.8844621513944223,0.882037107637565,0.8830062523104618,0.8960573476702509,0.9754098360655739,0.9766652833710874,port_protocol_service_ablation,39,36,3,ct_src_dport_ltm|ct_dst_sport_ltm|is_sm_ips_ports,ksf-v4-idsplit::
classical_ext,svc,4,laplacian_med_x3__svc__d4,laplacian_med_x3,id_test,train_cv,10.0,0.8847209720972098,0.005008220672607422,0.8835341365461847,0.8812951962809917,0.8822503057480635,0.8945454545454545,0.9430526859504132,0.9221589180904789,port_protocol_service_ablation,39,36,3,ct_src_dport_ltm|ct_dst_sport_ltm|is_sm_ips_ports,ksf-v4-idsplit::
classical_ext,svc,4,laplacian_med_x3__svc__d4,laplacian_med_x3,ood_test,train_cv,10.0,0.8847209720972098,0.005008220672607422,0.9,0.8984380001280328,0.8987296649167154,0.9100719424460432,0.9373599641508226,0.9139979263981375,port_protocol_service_ablation,39,36,3,ct_src_dport_ltm|ct_dst_sport_ltm|is_sm_ips_ports,ksf-v4-idsplit::
classical_ext,svc,4,laplacian_med_x10__svc__d4,laplacian_med_x10,id_val,fixed_c1,1.0,,0.007544994354248047,0.8764940239043825,0.8729508196721312,0.8735968289552772,0.8927335640138409,0.9099631465243361,0.8558784672305687,port_protocol_service_ablation,39,36,3,ct_src_dport_ltm|ct_dst_sport_ltm|is_sm_ips_ports,ksf-v4-idsplit::
classical_ext,svc,4,laplacian_med_x10__svc__d4,laplacian_med_x10,id_test,fixed_c1,1.0,,0.007544994354248047,0.8755020080321285,0.8721268078512396,0.8728440820360761,0.8912280701754386,0.9033445247933886,0.8575726441971043,port_protocol_service_ablation,39,36,3,ct_src_dport_ltm|ct_dst_sport_ltm|is_sm_ips_ports,ksf-v4-idsplit::
classical_ext,svc,4,laplacian_med_x10__svc__d4,laplacian_med_x10,ood_test,fixed_c1,1.0,,0.007544994354248047,0.874,0.8720152359003905,0.8715538719371715,0.8892794376098418,0.8443601561999872,0.715650380230476,port_protocol_service_ablation,39,36,3,ct_src_dport_ltm|ct_dst_sport_ltm|is_sm_ips_ports,ksf-v4-idsplit::
classical_ext,svc,4,laplacian_med_x10__svc__d4,laplacian_med_x10,id_val,train_cv,10.0,0.8888611861186119,0.007439374923706055,0.8764940239043825,0.8729508196721312,0.8735968289552772,0.8927335640138409,0.9568560172830094,0.9406204355001018,port_protocol_service_ablation,39,36,3,ct_src_dport_ltm|ct_dst_sport_ltm|is_sm_ips_ports,ksf-v4-idsplit::
classical_ext,svc,4,laplacian_med_x10__svc__d4,laplacian_med_x10,id_test,train_cv,10.0,0.8888611861186119,0.007439374923706055,0.8755020080321285,0.8721268078512396,0.8728440820360761,0.8912280701754386,0.9374354338842975,0.9103880553454607,port_protocol_service_ablation,39,36,3,ct_src_dport_ltm|ct_dst_sport_ltm|is_sm_ips_ports,ksf-v4-idsplit::
classical_ext,svc,4,laplacian_med_x10__svc__d4,laplacian_med_x10,ood_test,train_cv,10.0,0.8888611861186119,0.007439374923706055,0.898,0.8964054798028296,0.8966569537712107,0.9084380610412927,0.9074643108635811,0.8457049080806951,port_protocol_service_ablation,39,36,3,ct_src_dport_ltm|ct_dst_sport_ltm|is_sm_ips_ports,ksf-v4-idsplit::
classical_ext,svc,4,matern15_med_x0.1__svc__d4,matern15_med_x0.1,id_val,fixed_c1,1.0,,0.009629249572753906,0.9083665338645418,0.9072944465624603,0.9079926687385449,0.9138576779026217,0.9647985766933538,0.9517162136786094,port_protocol_service_ablation,39,36,3,ct_src_dport_ltm|ct_dst_sport_ltm|is_sm_ips_ports,ksf-v4-idsplit::
classical_ext,svc,4,matern15_med_x0.1__svc__d4,matern15_med_x0.1,id_test,fixed_c1,1.0,,0.009629249572753906,0.8795180722891566,0.878518853305785,0.879079254079254,0.8863636363636364,0.9518336776859504,0.9339004718098928,port_protocol_service_ablation,39,36,3,ct_src_dport_ltm|ct_dst_sport_ltm|is_sm_ips_ports,ksf-v4-idsplit::
classical_ext,svc,4,matern15_med_x0.1__svc__d4,matern15_med_x0.1,ood_test,fixed_c1,1.0,,0.009629249572753906,0.894,0.8925324883170092,0.8927954496725204,0.9041591320072333,0.941232955636643,0.9260013036339748,port_protocol_service_ablation,39,36,3,ct_src_dport_ltm|ct_dst_sport_ltm|is_sm_ips_ports,ksf-v4-idsplit::
classical_ext,svc,4,matern15_med_x0.1__svc__d4,matern15_med_x0.1,id_val,train_cv,10.0,0.8931914191419142,0.0072841644287109375,0.9123505976095617,0.9111704155547083,0.91194667687205,0.917910447761194,0.9688016266361673,0.9723007203947975,port_protocol_service_ablation,39,36,3,ct_src_dport_ltm|ct_dst_sport_ltm|is_sm_ips_ports,ksf-v4-idsplit::
classical_ext,svc,4,matern15_med_x0.1__svc__d4,matern15_med_x0.1,id_test,train_cv,10.0,0.8931914191419142,0.0072841644287109375,0.8714859437751004,0.8711583161157025,0.8713178294573644,0.875968992248062,0.9361441115702479,0.9236378220900779,port_protocol_service_ablation,39,36,3,ct_src_dport_ltm|ct_dst_sport_ltm|is_sm_ips_ports,ksf-v4-idsplit::
classical_ext,svc,4,matern15_med_x0.1__svc__d4,matern15_med_x0.1,ood_test,train_cv,10.0,0.8931914191419142,0.0072841644287109375,0.908,0.9077203764163626,0.9079056954321225,0.9108527131782945,0.9450099225401704,0.9138452040422703,port_protocol_service_ablation,39,36,3,ct_src_dport_ltm|ct_dst_sport_ltm|is_sm_ips_ports,ksf-v4-idsplit::
classical_ext,svc,4,matern15_med_x0.3__svc__d4,matern15_med_x0.3,id_val,fixed_c1,1.0,,0.0070798397064208984,0.8844621513944223,0.8818147159740755,0.8827877167839487,0.896797153024911,0.9661329266742915,0.9523372742696784,port_protocol_service_ablation,39,36,3,ct_src_dport_ltm|ct_dst_sport_ltm|is_sm_ips_ports,ksf-v4-idsplit::
classical_ext,svc,4,matern15_med_x0.3__svc__d4,matern15_med_x0.3,id_test,fixed_c1,1.0,,0.0070798397064208984,0.8795180722891566,0.8767110020661157,0.8776212319790302,0.8928571428571429,0.9468620867768595,0.905644678358338,port_protocol_service_ablation,39,36,3,ct_src_dport_ltm|ct_dst_sport_ltm|is_sm_ips_ports,ksf-v4-idsplit::
classical_ext,svc,4,matern15_med_x0.3__svc__d4,matern15_med_x0.3,ood_test,fixed_c1,1.0,,0.0070798397064208984,0.9,0.8984380001280328,0.8987296649167154,0.9100719424460432,0.9414090007041803,0.9292826558396061,port_protocol_service_ablation,39,36,3,ct_src_dport_ltm|ct_dst_sport_ltm|is_sm_ips_ports,ksf-v4-idsplit::
classical_ext,svc,4,matern15_med_x0.3__svc__d4,matern15_med_x0.3,id_val,train_cv,100.0,0.8951613161316132,0.010004758834838867,0.9163346613545816,0.9154911678739357,0.9160735610222116,0.9207547169811321,0.9710890837463464,0.9741647442929432,port_protocol_service_ablation,39,36,3,ct_src_dport_ltm|ct_dst_sport_ltm|is_sm_ips_ports,ksf-v4-idsplit::
classical_ext,svc,4,matern15_med_x0.3__svc__d4,matern15_med_x0.3,id_test,train_cv,100.0,0.8951613161316132,0.010004758834838867,0.8875502008032129,0.8872352789256198,0.8874031007751938,0.8914728682170543,0.9389204545454546,0.9144303843383933,port_protocol_service_ablation,39,36,3,ct_src_dport_ltm|ct_dst_sport_ltm|is_sm_ips_ports,ksf-v4-idsplit::
classical_ext,svc,4,matern15_med_x0.3__svc__d4,matern15_med_x0.3,ood_test,train_cv,100.0,0.8951613161316132,0.010004758834838867,0.904,0.9037193521541516,0.9039015952335191,0.9069767441860465,0.9458421355867103,0.9289513890567754,port_protocol_service_ablation,39,36,3,ct_src_dport_ltm|ct_dst_sport_ltm|is_sm_ips_ports,ksf-v4-idsplit::
classical_ext,svc,4,matern15_med_x3__svc__d4,matern15_med_x3,id_val,fixed_c1,1.0,,0.0075533390045166016,0.8764940239043825,0.8729508196721312,0.8735968289552772,0.8927335640138409,0.8698055661456348,0.7928486190710966,port_protocol_service_ablation,39,36,3,ct_src_dport_ltm|ct_dst_sport_ltm|is_sm_ips_ports,ksf-v4-idsplit::
classical_ext,svc,4,matern15_med_x3__svc__d4,matern15_med_x3,id_test,fixed_c1,1.0,,0.0075533390045166016,0.8755020080321285,0.8721268078512396,0.8728440820360761,0.8912280701754386,0.8753228305785125,0.7947619617151311,port_protocol_service_ablation,39,36,3,ct_src_dport_ltm|ct_dst_sport_ltm|is_sm_ips_ports,ksf-v4-idsplit::
classical_ext,svc,4,matern15_med_x3__svc__d4,matern15_med_x3,ood_test,fixed_c1,1.0,,0.0075533390045166016,0.878,0.8760162601626016,0.8756315267963088,0.8927943760984183,0.799916778695346,0.6709810727354316,port_protocol_service_ablation,39,36,3,ct_src_dport_ltm|ct_dst_sport_ltm|is_sm_ips_ports,ksf-v4-idsplit::
classical_ext,svc,4,matern15_med_x3__svc__d4,matern15_med_x3,id_val,train_cv,1.0,0.8839007900790079,0.00551605224609375,0.8764940239043825,0.8729508196721312,0.8735968289552772,0.8927335640138409,0.8698055661456348,0.7928486190710966,port_protocol_service_ablation,39,36,3,ct_src_dport_ltm|ct_dst_sport_ltm|is_sm_ips_ports,ksf-v4-idsplit::
classical_ext,svc,4,matern15_med_x3__svc__d4,matern15_med_x3,id_test,train_cv,1.0,0.8839007900790079,0.00551605224609375,0.8755020080321285,0.8721268078512396,0.8728440820360761,0.8912280701754386,0.8753228305785125,0.7947619617151311,port_protocol_service_ablation,39,36,3,ct_src_dport_ltm|ct_dst_sport_ltm|is_sm_ips_ports,ksf-v4-idsplit::
classical_ext,svc,4,matern15_med_x3__svc__d4,matern15_med_x3,ood_test,train_cv,1.0,0.8839007900790079,0.00551605224609375,0.878,0.8760162601626016,0.8756315267963088,0.8927943760984183,0.799916778695346,0.6709810727354316,port_protocol_service_ablation,39,36,3,ct_src_dport_ltm|ct_dst_sport_ltm|is_sm_ips_ports,ksf-v4-idsplit::
classical_ext,svc,4,matern15_med_x10__svc__d4,matern15_med_x10,id_val,fixed_c1,1.0,,0.007333278656005859,0.8764940239043825,0.8729508196721312,0.8735968289552772,0.8927335640138409,0.9010674799847503,0.8178688751461438,port_protocol_service_ablation,39,36,3,ct_src_dport_ltm|ct_dst_sport_ltm|is_sm_ips_ports,ksf-v4-idsplit::
classical_ext,svc,4,matern15_med_x10__svc__d4,matern15_med_x10,id_test,fixed_c1,1.0,,0.007333278656005859,0.8714859437751004,0.8682205578512396,0.8688956166907991,0.8873239436619719,0.9181947314049587,0.8574929912797539,port_protocol_service_ablation,39,36,3,ct_src_dport_ltm|ct_dst_sport_ltm|is_sm_ips_ports,ksf-v4-idsplit::
classical_ext,svc,4,matern15_med_x10__svc__d4,matern15_med_x10,ood_test,fixed_c1,1.0,,0.007333278656005859,0.754,0.7539049996799181,0.7539202701675343,0.7583497053045186,0.7849049356635298,0.6465927139703418,port_protocol_service_ablation,39,36,3,ct_src_dport_ltm|ct_dst_sport_ltm|is_sm_ips_ports,ksf-v4-idsplit::
classical_ext,svc,4,matern15_med_x10__svc__d4,matern15_med_x10,id_val,train_cv,100.0,0.8839007900790079,0.006566762924194336,0.8764940239043825,0.8729508196721312,0.8735968289552772,0.8927335640138409,0.9245774558393698,0.8915019860678994,port_protocol_service_ablation,39,36,3,ct_src_dport_ltm|ct_dst_sport_ltm|is_sm_ips_ports,ksf-v4-idsplit::
classical_ext,svc,4,matern15_med_x10__svc__d4,matern15_med_x10,id_test,train_cv,100.0,0.8839007900790079,0.006566762924194336,0.8755020080321285,0.8721268078512396,0.8728440820360761,0.8912280701754386,0.9087680785123967,0.8386568792946846,port_protocol_service_ablation,39,36,3,ct_src_dport_ltm|ct_dst_sport_ltm|is_sm_ips_ports,ksf-v4-idsplit::
classical_ext,svc,4,matern15_med_x10__svc__d4,matern15_med_x10,ood_test,train_cv,100.0,0.8839007900790079,0.006566762924194336,0.878,0.8760162601626016,0.8756315267963088,0.8927943760984183,0.831012739261251,0.721939050502072,port_protocol_service_ablation,39,36,3,ct_src_dport_ltm|ct_dst_sport_ltm|is_sm_ips_ports,ksf-v4-idsplit::
classical_ext,svc,4,matern25_med_x0.1__svc__d4,matern25_med_x0.1,id_val,fixed_c1,1.0,,0.00781559944152832,0.9123505976095617,0.9111704155547083,0.91194667687205,0.917910447761194,0.963146524336002,0.9491995313212375,port_protocol_service_ablation,39,36,3,ct_src_dport_ltm|ct_dst_sport_ltm|is_sm_ips_ports,ksf-v4-idsplit::
classical_ext,svc,4,matern25_med_x0.1__svc__d4,matern25_med_x0.1,id_test,fixed_c1,1.0,,0.00781559944152832,0.8795180722891566,0.878518853305785,0.879079254079254,0.8863636363636364,0.9503486570247933,0.9286879159281651,port_protocol_service_ablation,39,36,3,ct_src_dport_ltm|ct_dst_sport_ltm|is_sm_ips_ports,ksf-v4-idsplit::
classical_ext,svc,4,matern25_med_x0.1__svc__d4,matern25_med_x0.1,ood_test,fixed_c1,1.0,,0.00781559944152832,0.892,0.8905639843800013,0.890819099378882,0.9021739130434783,0.9418091031304013,0.9296281728970166,port_protocol_service_ablation,39,36,3,ct_src_dport_ltm|ct_dst_sport_ltm|is_sm_ips_ports,ksf-v4-idsplit::
classical_ext,svc,4,matern25_med_x0.1__svc__d4,matern25_med_x0.1,id_val,train_cv,10.0,0.892131213121312,0.008999824523925781,0.9163346613545816,0.9154911678739357,0.9160735610222116,0.9207547169811321,0.9699453551912569,0.9714317277680652,port_protocol_service_ablation,39,36,3,ct_src_dport_ltm|ct_dst_sport_ltm|is_sm_ips_ports,ksf-v4-idsplit::
classical_ext,svc,4,matern25_med_x0.1__svc__d4,matern25_med_x0.1,id_test,train_cv,10.0,0.892131213121312,0.008999824523925781,0.891566265060241,0.8911415289256198,0.8913910922279122,0.8957528957528957,0.940986570247934,0.9205462356006585,port_protocol_service_ablation,39,36,3,ct_src_dport_ltm|ct_dst_sport_ltm|is_sm_ips_ports,ksf-v4-idsplit::
classical_ext,svc,4,matern25_med_x0.1__svc__d4,matern25_med_x0.1,ood_test,train_cv,10.0,0.892131213121312,0.008999824523925781,0.906,0.9056878560911594,0.9058912102390363,0.9090909090909091,0.9465303117598105,0.9221528102642841,port_protocol_service_ablation,39,36,3,ct_src_dport_ltm|ct_dst_sport_ltm|is_sm_ips_ports,ksf-v4-idsplit::
classical_ext,svc,4,matern25_med_x0.3__svc__d4,matern25_med_x0.3,id_val,fixed_c1,1.0,,0.0050008296966552734,0.8725099601593626,0.8695196340068623,0.870267476418142,0.8873239436619719,0.9625111195831745,0.945111003951076,port_protocol_service_ablation,39,36,3,ct_src_dport_ltm|ct_dst_sport_ltm|is_sm_ips_ports,ksf-v4-idsplit::
classical_ext,svc,4,matern25_med_x0.3__svc__d4,matern25_med_x0.3,id_test,fixed_c1,1.0,,0.0050008296966552734,0.8835341365461847,0.880391270661157,0.881321390418276,0.8975265017667845,0.9448605371900827,0.9002878632338258,port_protocol_service_ablation,39,36,3,ct_src_dport_ltm|ct_dst_sport_ltm|is_sm_ips_ports,ksf-v4-idsplit::
classical_ext,svc,4,matern25_med_x0.3__svc__d4,matern25_med_x0.3,ood_test,fixed_c1,1.0,,0.0050008296966552734,0.902,0.9004065040650406,0.900709622250771,0.9120287253141831,0.9367198002688688,0.9170313139870552,port_protocol_service_ablation,39,36,3,ct_src_dport_ltm|ct_dst_sport_ltm|is_sm_ips_ports,ksf-v4-idsplit::
classical_ext,svc,4,matern25_med_x0.3__svc__d4,matern25_med_x0.3,id_val,train_cv,100.0,0.8972819281928194,0.010000467300415039,0.9123505976095617,0.911392807218198,0.9120364470498279,0.9172932330827067,0.9756004574914221,0.9761779270437017,port_protocol_service_ablation,39,36,3,ct_src_dport_ltm|ct_dst_sport_ltm|is_sm_ips_ports,ksf-v4-idsplit::
classical_ext,svc,4,matern25_med_x0.3__svc__d4,matern25_med_x0.3,id_test,train_cv,100.0,0.8972819281928194,0.010000467300415039,0.8835341365461847,0.8828770661157025,0.8832630098452883,0.8888888888888888,0.9486053719008265,0.9253931753668402,port_protocol_service_ablation,39,36,3,ct_src_dport_ltm|ct_dst_sport_ltm|is_sm_ips_ports,ksf-v4-idsplit::
classical_ext,svc,4,matern25_med_x0.3__svc__d4,matern25_med_x0.3,ood_test,train_cv,100.0,0.8972819281928194,0.010000467300415039,0.906,0.9058799052557455,0.9059544819692731,0.9080234833659491,0.9506273606043147,0.9447363178242536,port_protocol_service_ablation,39,36,3,ct_src_dport_ltm|ct_dst_sport_ltm|is_sm_ips_ports,ksf-v4-idsplit::
classical_ext,svc,4,matern25_med_x3__svc__d4,matern25_med_x3,id_val,fixed_c1,1.0,,0.008202314376831055,0.8764940239043825,0.8729508196721312,0.8735968289552772,0.8927335640138409,0.8516965306900496,0.7567894019636014,port_protocol_service_ablation,39,36,3,ct_src_dport_ltm|ct_dst_sport_ltm|is_sm_ips_ports,ksf-v4-idsplit::
classical_ext,svc,4,matern25_med_x3__svc__d4,matern25_med_x3,id_test,fixed_c1,1.0,,0.008202314376831055,0.8755020080321285,0.8721268078512396,0.8728440820360761,0.8912280701754386,0.8892045454545455,0.8159585936187204,port_protocol_service_ablation,39,36,3,ct_src_dport_ltm|ct_dst_sport_ltm|is_sm_ips_ports,ksf-v4-idsplit::
classical_ext,svc,4,matern25_med_x3__svc__d4,matern25_med_x3,ood_test,fixed_c1,1.0,,0.008202314376831055,0.854,0.8523942129185071,0.8520776004960466,0.8689407540394973,0.7712694449779144,0.6359707386185347,port_protocol_service_ablation,39,36,3,ct_src_dport_ltm|ct_dst_sport_ltm|is_sm_ips_ports,ksf-v4-idsplit::
classical_ext,svc,4,matern25_med_x3__svc__d4,matern25_med_x3,id_val,train_cv,10.0,0.8839007900790079,0.007501125335693359,0.8764940239043825,0.8729508196721312,0.8735968289552772,0.8927335640138409,0.9095183631973568,0.8688177867424556,port_protocol_service_ablation,39,36,3,ct_src_dport_ltm|ct_dst_sport_ltm|is_sm_ips_ports,ksf-v4-idsplit::
classical_ext,svc,4,matern25_med_x3__svc__d4,matern25_med_x3,id_test,train_cv,10.0,0.8839007900790079,0.007501125335693359,0.8755020080321285,0.8721268078512396,0.8728440820360761,0.8912280701754386,0.8994705578512397,0.8235911420110791,port_protocol_service_ablation,39,36,3,ct_src_dport_ltm|ct_dst_sport_ltm|is_sm_ips_ports,ksf-v4-idsplit::
classical_ext,svc,4,matern25_med_x3__svc__d4,matern25_med_x3,ood_test,train_cv,10.0,0.8839007900790079,0.007501125335693359,0.878,0.8760162601626016,0.8756315267963088,0.8927943760984183,0.8331732923628449,0.7268364674903561,port_protocol_service_ablation,39,36,3,ct_src_dport_ltm|ct_dst_sport_ltm|is_sm_ips_ports,ksf-v4-idsplit::
classical_ext,svc,4,matern25_med_x10__svc__d4,matern25_med_x10,id_val,fixed_c1,1.0,,0.006999969482421875,0.7450199203187251,0.7381497013597662,0.7254580257041291,0.7987421383647799,0.9496124031007752,0.9559277801584698,port_protocol_service_ablation,39,36,3,ct_src_dport_ltm|ct_dst_sport_ltm|is_sm_ips_ports,ksf-v4-idsplit::
classical_ext,svc,4,matern25_med_x10__svc__d4,matern25_med_x10,id_test,fixed_c1,1.0,,0.006999969482421875,0.7791164658634538,0.7734052169421488,0.7673490189416461,0.819672131147541,0.9440857438016529,0.945971794920974,port_protocol_service_ablation,39,36,3,ct_src_dport_ltm|ct_dst_sport_ltm|is_sm_ips_ports,ksf-v4-idsplit::
classical_ext,svc,4,matern25_med_x10__svc__d4,matern25_med_x10,ood_test,fixed_c1,1.0,,0.006999969482421875,0.704,0.7045643684783305,0.7038294057377049,0.6967213114754098,0.7293707189040395,0.6133836294296507,port_protocol_service_ablation,39,36,3,ct_src_dport_ltm|ct_dst_sport_ltm|is_sm_ips_ports,ksf-v4-idsplit::
classical_ext,svc,4,matern25_med_x10__svc__d4,matern25_med_x10,id_val,train_cv,100.0,0.8495977597759776,0.010012626647949219,0.8764940239043825,0.8729508196721312,0.8735968289552772,0.8927335640138409,0.8232303977633754,0.7234615944224292,port_protocol_service_ablation,39,36,3,ct_src_dport_ltm|ct_dst_sport_ltm|is_sm_ips_ports,ksf-v4-idsplit::
classical_ext,svc,4,matern25_med_x10__svc__d4,matern25_med_x10,id_test,train_cv,100.0,0.8495977597759776,0.010012626647949219,0.8714859437751004,0.8682205578512396,0.8688956166907991,0.8873239436619719,0.871900826446281,0.7761055737810445,port_protocol_service_ablation,39,36,3,ct_src_dport_ltm|ct_dst_sport_ltm|is_sm_ips_ports,ksf-v4-idsplit::
classical_ext,svc,4,matern25_med_x10__svc__d4,matern25_med_x10,ood_test,train_cv,100.0,0.8495977597759776,0.010012626647949219,0.798,0.7972761026822867,0.797318178351976,0.8090737240075614,0.7948594840279111,0.6687489641712822,port_protocol_service_ablation,39,36,3,ct_src_dport_ltm|ct_dst_sport_ltm|is_sm_ips_ports,ksf-v4-idsplit::
quantum,svc,4,zz_r1_full__as0.5__svc__d4,zz_r1_full__as0.5,id_val,fixed_c1,1.0,,0.007656574249267578,0.8725099601593626,0.8695196340068623,0.870267476418142,0.8873239436619719,0.9757910789172703,0.9778189567901422,port_protocol_service_ablation,39,36,3,ct_src_dport_ltm|ct_dst_sport_ltm|is_sm_ips_ports,ksf-v4-idsplit::
quantum,svc,4,zz_r1_full__as0.5__svc__d4,zz_r1_full__as0.5,id_test,fixed_c1,1.0,,0.007656574249267578,0.8835341365461847,0.880391270661157,0.881321390418276,0.8975265017667845,0.9491864669421487,0.9202734970222435,port_protocol_service_ablation,39,36,3,ct_src_dport_ltm|ct_dst_sport_ltm|is_sm_ips_ports,ksf-v4-idsplit::
quantum,svc,4,zz_r1_full__as0.5__svc__d4,zz_r1_full__as0.5,ood_test,fixed_c1,1.0,,0.007656574249267578,0.9,0.8984380001280328,0.8987296649167154,0.9100719424460432,0.9353114397285703,0.9164073797936015,port_protocol_service_ablation,39,36,3,ct_src_dport_ltm|ct_dst_sport_ltm|is_sm_ips_ports,ksf-v4-idsplit::
quantum,svc,4,zz_r1_full__as0.5__svc__d4,zz_r1_full__as0.5,id_val,train_cv,100.0,0.8892914291429144,0.017175912857055664,0.9163346613545816,0.9157135595374253,0.9161429912340711,0.9201520912547528,0.979794128860084,0.9809962359222544,port_protocol_service_ablation,39,36,3,ct_src_dport_ltm|ct_dst_sport_ltm|is_sm_ips_ports,ksf-v4-idsplit::
quantum,svc,4,zz_r1_full__as0.5__svc__d4,zz_r1_full__as0.5,id_test,train_cv,100.0,0.8892914291429144,0.017175912857055664,0.8955823293172691,0.8943698347107438,0.8950933367902515,0.9022556390977443,0.9522856404958678,0.9277945401942869,port_protocol_service_ablation,39,36,3,ct_src_dport_ltm|ct_dst_sport_ltm|is_sm_ips_ports,ksf-v4-idsplit::
quantum,svc,4,zz_r1_full__as0.5__svc__d4,zz_r1_full__as0.5,ood_test,train_cv,100.0,0.8892914291429144,0.017175912857055664,0.908,0.9077843928045579,0.9079278154072793,0.9105058365758755,0.9489789386082836,0.940359183422078,port_protocol_service_ablation,39,36,3,ct_src_dport_ltm|ct_dst_sport_ltm|is_sm_ips_ports,ksf-v4-idsplit::
quantum,svc,4,zz_r2_full__as0.5__svc__d4,zz_r2_full__as0.5,id_val,fixed_c1,1.0,,0.011306047439575195,0.8924302788844621,0.8900114372855509,0.8910747866338782,0.9032258064516129,0.9753462955902911,0.9767922111949867,port_protocol_service_ablation,39,36,3,ct_src_dport_ltm|ct_dst_sport_ltm|is_sm_ips_ports,ksf-v4-idsplit::
quantum,svc,4,zz_r2_full__as0.5__svc__d4,zz_r2_full__as0.5,id_test,fixed_c1,1.0,,0.011306047439575195,0.8755020080321285,0.8732567148760331,0.8741296371789646,0.8872727272727273,0.9468620867768595,0.9210100825707063,port_protocol_service_ablation,39,36,3,ct_src_dport_ltm|ct_dst_sport_ltm|is_sm_ips_ports,ksf-v4-idsplit::
quantum,svc,4,zz_r2_full__as0.5__svc__d4,zz_r2_full__as0.5,ood_test,fixed_c1,1.0,,0.011306047439575195,0.896,0.894500992254017,0.8947726279322012,0.9061371841155235,0.9289418091031304,0.9137030175754901,port_protocol_service_ablation,39,36,3,ct_src_dport_ltm|ct_dst_sport_ltm|is_sm_ips_ports,ksf-v4-idsplit::
quantum,svc,4,zz_r2_full__as0.5__svc__d4,zz_r2_full__as0.5,id_val,train_cv,100.0,0.8872306230623062,0.01957225799560547,0.9083665338645418,0.9072944465624603,0.9079926687385449,0.9138576779026217,0.9764264836700978,0.9794108530344159,port_protocol_service_ablation,39,36,3,ct_src_dport_ltm|ct_dst_sport_ltm|is_sm_ips_ports,ksf-v4-idsplit::
quantum,svc,4,zz_r2_full__as0.5__svc__d4,zz_r2_full__as0.5,id_test,train_cv,100.0,0.8872306230623062,0.01957225799560547,0.8795180722891566,0.8789708161157025,0.8792824822236587,0.8846153846153846,0.9405991735537191,0.9034630405737073,port_protocol_service_ablation,39,36,3,ct_src_dport_ltm|ct_dst_sport_ltm|is_sm_ips_ports,ksf-v4-idsplit::
quantum,svc,4,zz_r2_full__as0.5__svc__d4,zz_r2_full__as0.5,ood_test,train_cv,100.0,0.8872306230623062,0.01957225799560547,0.904,0.9038473849305422,0.9039446721311475,0.90625,0.945233979898854,0.9360741205525862,port_protocol_service_ablation,39,36,3,ct_src_dport_ltm|ct_dst_sport_ltm|is_sm_ips_ports,ksf-v4-idsplit::
quantum,svc,4,pauli_xz_r1_full__as0.5__svc__d4,pauli_xz_r1_full__as0.5,id_val,fixed_c1,1.0,,0.009032249450683594,0.8764940239043825,0.8729508196721312,0.8735968289552772,0.8927335640138409,0.9480238912187063,0.9121753149850169,port_protocol_service_ablation,39,36,3,ct_src_dport_ltm|ct_dst_sport_ltm|is_sm_ips_ports,ksf-v4-idsplit::
quantum,svc,4,pauli_xz_r1_full__as0.5__svc__d4,pauli_xz_r1_full__as0.5,id_test,fixed_c1,1.0,,0.009032249450683594,0.8755020080321285,0.8721268078512396,0.8728440820360761,0.8912280701754386,0.937629132231405,0.8926115235222775,port_protocol_service_ablation,39,36,3,ct_src_dport_ltm|ct_dst_sport_ltm|is_sm_ips_ports,ksf-v4-idsplit::
quantum,svc,4,pauli_xz_r1_full__as0.5__svc__d4,pauli_xz_r1_full__as0.5,ood_test,fixed_c1,1.0,,0.009032249450683594,0.878,0.8760162601626016,0.8756315267963088,0.8927943760984183,0.8741597849049356,0.8207254898368264,port_protocol_service_ablation,39,36,3,ct_src_dport_ltm|ct_dst_sport_ltm|is_sm_ips_ports,ksf-v4-idsplit::
quantum,svc,4,pauli_xz_r1_full__as0.5__svc__d4,pauli_xz_r1_full__as0.5,id_val,train_cv,100.0,0.8846510651065108,0.010154485702514648,0.8844621513944223,0.8818147159740755,0.8827877167839487,0.896797153024911,0.9498030245266235,0.9394321212213161,port_protocol_service_ablation,39,36,3,ct_src_dport_ltm|ct_dst_sport_ltm|is_sm_ips_ports,ksf-v4-idsplit::
quantum,svc,4,pauli_xz_r1_full__as0.5__svc__d4,pauli_xz_r1_full__as0.5,id_test,train_cv,100.0,0.8846510651065108,0.010154485702514648,0.8835341365461847,0.8808432334710744,0.8818186281730249,0.8960573476702509,0.9431172520661156,0.9170619795748987,port_protocol_service_ablation,39,36,3,ct_src_dport_ltm|ct_dst_sport_ltm|is_sm_ips_ports,ksf-v4-idsplit::
quantum,svc,4,pauli_xz_r1_full__as0.5__svc__d4,pauli_xz_r1_full__as0.5,ood_test,train_cv,100.0,0.8846510651065108,0.010154485702514648,0.902,0.9005985532296268,0.900969688640617,0.911070780399274,0.9680558222905064,0.9600275516971208,port_protocol_service_ablation,39,36,3,ct_src_dport_ltm|ct_dst_sport_ltm|is_sm_ips_ports,ksf-v4-idsplit::
quantum,svc,4,zmap_r2__as0.5__svc__d4,zmap_r2__as0.5,id_val,fixed_c1,1.0,,0.00599980354309082,0.8764940239043825,0.8729508196721312,0.8735968289552772,0.8927335640138409,0.9534883720930233,0.9374900441610878,port_protocol_service_ablation,39,36,3,ct_src_dport_ltm|ct_dst_sport_ltm|is_sm_ips_ports,ksf-v4-idsplit::
quantum,svc,4,zmap_r2__as0.5__svc__d4,zmap_r2__as0.5,id_test,fixed_c1,1.0,,0.00599980354309082,0.8755020080321285,0.8721268078512396,0.8728440820360761,0.8912280701754386,0.9398243801652892,0.9130183312547551,port_protocol_service_ablation,39,36,3,ct_src_dport_ltm|ct_dst_sport_ltm|is_sm_ips_ports,ksf-v4-idsplit::
quantum,svc,4,zmap_r2__as0.5__svc__d4,zmap_r2__as0.5,ood_test,fixed_c1,1.0,,0.00599980354309082,0.9,0.8983739837398375,0.8986360466436367,0.910394265232975,0.92825363293003,0.8828051911038249,port_protocol_service_ablation,39,36,3,ct_src_dport_ltm|ct_dst_sport_ltm|is_sm_ips_ports,ksf-v4-idsplit::
quantum,svc,4,zmap_r2__as0.5__svc__d4,zmap_r2__as0.5,id_val,train_cv,100.0,0.8877312731273127,0.01400136947631836,0.8804780876494024,0.8779387469818274,0.8788610038610039,0.8928571428571429,0.9616850934044987,0.9619443838052026,port_protocol_service_ablation,39,36,3,ct_src_dport_ltm|ct_dst_sport_ltm|is_sm_ips_ports,ksf-v4-idsplit::
quantum,svc,4,zmap_r2__as0.5__svc__d4,zmap_r2__as0.5,id_test,train_cv,100.0,0.8877312731273127,0.01400136947631836,0.8875502008032129,0.8852014462809917,0.8862122992557775,0.8985507246376812,0.9463455578512396,0.92172704315438,port_protocol_service_ablation,39,36,3,ct_src_dport_ltm|ct_dst_sport_ltm|is_sm_ips_ports,ksf-v4-idsplit::
quantum,svc,4,zmap_r2__as0.5__svc__d4,zmap_r2__as0.5,ood_test,train_cv,100.0,0.8877312731273127,0.01400136947631836,0.904,0.9026950899430255,0.9031070344293004,0.9124087591240876,0.9631265603994623,0.9354275305985021,port_protocol_service_ablation,39,36,3,ct_src_dport_ltm|ct_dst_sport_ltm|is_sm_ips_ports,ksf-v4-idsplit::
quantum,svc,4,zz_r1_full__svc__d4,zz_r1_full,id_val,fixed_c1,1.0,,0.008659601211547852,0.896414342629482,0.8943321896047782,0.8953764268308324,0.9057971014492754,0.9632100648112849,0.9550099445342706,port_protocol_service_ablation,39,36,3,ct_src_dport_ltm|ct_dst_sport_ltm|is_sm_ips_ports,ksf-v4-idsplit::
quantum,svc,4,zz_r1_full__svc__d4,zz_r1_full,id_test,fixed_c1,1.0,,0.008659601211547852,0.8875502008032129,0.8856534090909092,0.8865825091098387,0.8970588235294118,0.9478951446280992,0.914385419725539,port_protocol_service_ablation,39,36,3,ct_src_dport_ltm|ct_dst_sport_ltm|is_sm_ips_ports,ksf-v4-idsplit::
quantum,svc,4,zz_r1_full__svc__d4,zz_r1_full,ood_test,fixed_c1,1.0,,0.008659601211547852,0.894,0.8925324883170092,0.8927954496725204,0.9041591320072333,0.9257569937904103,0.9019980566747555,port_protocol_service_ablation,39,36,3,ct_src_dport_ltm|ct_dst_sport_ltm|is_sm_ips_ports,ksf-v4-idsplit::
quantum,svc,4,zz_r1_full__svc__d4,zz_r1_full,id_val,train_cv,100.0,0.8842304230423043,0.01951122283935547,0.9083665338645418,0.9070720548989706,0.9078928474560046,0.9144981412639405,0.9719151099250223,0.9595600238918708,port_protocol_service_ablation,39,36,3,ct_src_dport_ltm|ct_dst_sport_ltm|is_sm_ips_ports,ksf-v4-idsplit::
quantum,svc,4,zz_r1_full__svc__d4,zz_r1_full,id_test,train_cv,100.0,0.8842304230423043,0.01951122283935547,0.8835341365461847,0.8833290289256198,0.8834137914332305,0.8871595330739299,0.9551911157024793,0.9290149001688539,port_protocol_service_ablation,39,36,3,ct_src_dport_ltm|ct_dst_sport_ltm|is_sm_ips_ports,ksf-v4-idsplit::
quantum,svc,4,zz_r1_full__svc__d4,zz_r1_full,ood_test,train_cv,100.0,0.8842304230423043,0.01951122283935547,0.884,0.8840343127840727,0.8839832935942775,0.8853754940711462,0.9430254145061137,0.9344645358747742,port_protocol_service_ablation,39,36,3,ct_src_dport_ltm|ct_dst_sport_ltm|is_sm_ips_ports,ksf-v4-idsplit::
quantum,svc,4,zz_r2_full__svc__d4,zz_r2_full,id_val,fixed_c1,1.0,,0.008000612258911133,0.9083665338645418,0.90751683822595,0.9080805668338507,0.9132075471698113,0.9448468674545685,0.8993598738186787,port_protocol_service_ablation,39,36,3,ct_src_dport_ltm|ct_dst_sport_ltm|is_sm_ips_ports,ksf-v4-idsplit::
quantum,svc,4,zz_r2_full__svc__d4,zz_r2_full,id_test,fixed_c1,1.0,,0.008000612258911133,0.8714859437751004,0.8711583161157025,0.8713178294573644,0.875968992248062,0.9395015495867769,0.9222078903543082,port_protocol_service_ablation,39,36,3,ct_src_dport_ltm|ct_dst_sport_ltm|is_sm_ips_ports,ksf-v4-idsplit::
quantum,svc,4,zz_r2_full__svc__d4,zz_r2_full,ood_test,fixed_c1,1.0,,0.008000612258911133,0.89,0.8888515459957749,0.8891803780762519,0.8987108655616943,0.9405287753664938,0.9313791316389494,port_protocol_service_ablation,39,36,3,ct_src_dport_ltm|ct_dst_sport_ltm|is_sm_ips_ports,ksf-v4-idsplit::
quantum,svc,4,zz_r2_full__svc__d4,zz_r2_full,id_val,train_cv,10.0,0.8772403240324034,0.015025615692138672,0.8884462151394422,0.8872474266107511,0.8879321342007909,0.8955223880597015,0.9512644554581268,0.9420887595351894,port_protocol_service_ablation,39,36,3,ct_src_dport_ltm|ct_dst_sport_ltm|is_sm_ips_ports,ksf-v4-idsplit::
quantum,svc,4,zz_r2_full__svc__d4,zz_r2_full,id_test,train_cv,10.0,0.8772403240324034,0.015025615692138672,0.8795180722891566,0.8794227789256198,0.8794227789256198,0.8828125,0.9364669421487604,0.9290620507344992,port_protocol_service_ablation,39,36,3,ct_src_dport_ltm|ct_dst_sport_ltm|is_sm_ips_ports,ksf-v4-idsplit::
quantum,svc,4,zz_r2_full__svc__d4,zz_r2_full,ood_test,train_cv,10.0,0.8772403240324034,0.015025615692138672,0.876,0.875776198706869,0.8759027077228547,0.8793774319066148,0.9458581396837591,0.9396474406230456,port_protocol_service_ablation,39,36,3,ct_src_dport_ltm|ct_dst_sport_ltm|is_sm_ips_ports,ksf-v4-idsplit::
quantum,svc,4,pauli_xz_r1_full__svc__d4,pauli_xz_r1_full,id_val,fixed_c1,1.0,,0.010465145111083984,0.8725099601593626,0.8690748506798831,0.8696780893042575,0.8888888888888888,0.9518363197356716,0.9266319973805766,port_protocol_service_ablation,39,36,3,ct_src_dport_ltm|ct_dst_sport_ltm|is_sm_ips_ports,ksf-v4-idsplit::
quantum,svc,4,pauli_xz_r1_full__svc__d4,pauli_xz_r1_full,id_test,fixed_c1,1.0,,0.010465145111083984,0.8835341365461847,0.880391270661157,0.881321390418276,0.8975265017667845,0.937629132231405,0.8946169388085072,port_protocol_service_ablation,39,36,3,ct_src_dport_ltm|ct_dst_sport_ltm|is_sm_ips_ports,ksf-v4-idsplit::
quantum,svc,4,pauli_xz_r1_full__svc__d4,pauli_xz_r1_full,ood_test,fixed_c1,1.0,,0.010465145111083984,0.9,0.8983739837398375,0.8986360466436367,0.910394265232975,0.9428333653415274,0.9242549472652288,port_protocol_service_ablation,39,36,3,ct_src_dport_ltm|ct_dst_sport_ltm|is_sm_ips_ports,ksf-v4-idsplit::
quantum,svc,4,pauli_xz_r1_full__svc__d4,pauli_xz_r1_full,id_val,train_cv,100.0,0.8905914591459148,0.012995719909667969,0.8764940239043825,0.8738403863260897,0.8747041110449107,0.8896797153024911,0.9718515694497395,0.9728818042652515,port_protocol_service_ablation,39,36,3,ct_src_dport_ltm|ct_dst_sport_ltm|is_sm_ips_ports,ksf-v4-idsplit::
quantum,svc,4,pauli_xz_r1_full__svc__d4,pauli_xz_r1_full,id_test,train_cv,100.0,0.8905914591459148,0.012995719909667969,0.8835341365461847,0.8808432334710744,0.8818186281730249,0.8960573476702509,0.9506714876033058,0.9415924858028737,port_protocol_service_ablation,39,36,3,ct_src_dport_ltm|ct_dst_sport_ltm|is_sm_ips_ports,ksf-v4-idsplit::
quantum,svc,4,pauli_xz_r1_full__svc__d4,pauli_xz_r1_full,ood_test,train_cv,100.0,0.8905914591459148,0.012995719909667969,0.922,0.9213078548108316,0.9217367223339313,0.9262759924385633,0.963766724281416,0.9367946484120812,port_protocol_service_ablation,39,36,3,ct_src_dport_ltm|ct_dst_sport_ltm|is_sm_ips_ports,ksf-v4-idsplit::
quantum,svc,4,zmap_r2__svc__d4,zmap_r2,id_val,fixed_c1,1.0,,0.0068454742431640625,0.8725099601593626,0.8695196340068623,0.870267476418142,0.8873239436619719,0.9546321006481128,0.925943911112466,port_protocol_service_ablation,39,36,3,ct_src_dport_ltm|ct_dst_sport_ltm|is_sm_ips_ports,ksf-v4-idsplit::
quantum,svc,4,zmap_r2__svc__d4,zmap_r2,id_test,fixed_c1,1.0,,0.0068454742431640625,0.8795180722891566,0.8762590392561984,0.8770896406476241,0.8943661971830986,0.9462809917355371,0.8990507625969535,port_protocol_service_ablation,39,36,3,ct_src_dport_ltm|ct_dst_sport_ltm|is_sm_ips_ports,ksf-v4-idsplit::
quantum,svc,4,zmap_r2__svc__d4,zmap_r2,ood_test,fixed_c1,1.0,,0.0068454742431640625,0.9,0.8984380001280328,0.8987296649167154,0.9100719424460432,0.927741501824467,0.9005283838475566,port_protocol_service_ablation,39,36,3,ct_src_dport_ltm|ct_dst_sport_ltm|is_sm_ips_ports,ksf-v4-idsplit::
quantum,svc,4,zmap_r2__svc__d4,zmap_r2,id_val,train_cv,10.0,0.8846910691069108,0.006974697113037109,0.8804780876494024,0.8777163553183378,0.8786266924564796,0.8936170212765957,0.9500571864277545,0.920851199223907,port_protocol_service_ablation,39,36,3,ct_src_dport_ltm|ct_dst_sport_ltm|is_sm_ips_ports,ksf-v4-idsplit::
quantum,svc,4,zmap_r2__svc__d4,zmap_r2,id_test,train_cv,10.0,0.8846910691069108,0.006974697113037109,0.8875502008032129,0.8849754648760331,0.8860039241334206,0.8992805755395683,0.9519628099173554,0.9328256109601049,port_protocol_service_ablation,39,36,3,ct_src_dport_ltm|ct_dst_sport_ltm|is_sm_ips_ports,ksf-v4-idsplit::
quantum,svc,4,zmap_r2__svc__d4,zmap_r2,ood_test,train_cv,10.0,0.8846910691069108,0.006974697113037109,0.894,0.8925965047052046,0.8928855815908714,0.9038112522686026,0.9593335893988861,0.9464417232576214,port_protocol_service_ablation,39,36,3,ct_src_dport_ltm|ct_dst_sport_ltm|is_sm_ips_ports,ksf-v4-idsplit::
quantum,svc,4,zz_r1_full__as2__svc__d4,zz_r1_full__as2,id_val,fixed_c1,1.0,,0.008006811141967773,0.8884462151394422,0.8872474266107511,0.8879321342007909,0.8955223880597015,0.940589655610624,0.9135380118485492,port_protocol_service_ablation,39,36,3,ct_src_dport_ltm|ct_dst_sport_ltm|is_sm_ips_ports,ksf-v4-idsplit::
quantum,svc,4,zz_r1_full__as2__svc__d4,zz_r1_full__as2,id_test,fixed_c1,1.0,,0.008006811141967773,0.8634538152610441,0.8626678719008265,0.8630806055117092,0.8702290076335878,0.9282670454545455,0.9117419838840439,port_protocol_service_ablation,39,36,3,ct_src_dport_ltm|ct_dst_sport_ltm|is_sm_ips_ports,ksf-v4-idsplit::
quantum,svc,4,zz_r1_full__as2__svc__d4,zz_r1_full__as2,ood_test,fixed_c1,1.0,,0.008006811141967773,0.84,0.8396389475705781,0.8397923709127029,0.8455598455598455,0.906552077331797,0.8704334499002583,port_protocol_service_ablation,39,36,3,ct_src_dport_ltm|ct_dst_sport_ltm|is_sm_ips_ports,ksf-v4-idsplit::
quantum,svc,4,zz_r1_full__as2__svc__d4,zz_r1_full__as2,id_val,train_cv,1.0,0.8943116311631163,0.009670019149780273,0.8884462151394422,0.8872474266107511,0.8879321342007909,0.8955223880597015,0.940589655610624,0.9135380118485492,port_protocol_service_ablation,39,36,3,ct_src_dport_ltm|ct_dst_sport_ltm|is_sm_ips_ports,ksf-v4-idsplit::
quantum,svc,4,zz_r1_full__as2__svc__d4,zz_r1_full__as2,id_test,train_cv,1.0,0.8943116311631163,0.009670019149780273,0.8634538152610441,0.8626678719008265,0.8630806055117092,0.8702290076335878,0.9282670454545455,0.9117419838840439,port_protocol_service_ablation,39,36,3,ct_src_dport_ltm|ct_dst_sport_ltm|is_sm_ips_ports,ksf-v4-idsplit::
quantum,svc,4,zz_r1_full__as2__svc__d4,zz_r1_full__as2,ood_test,train_cv,1.0,0.8943116311631163,0.009670019149780273,0.84,0.8396389475705781,0.8397923709127029,0.8455598455598455,0.906552077331797,0.8704334499002583,port_protocol_service_ablation,39,36,3,ct_src_dport_ltm|ct_dst_sport_ltm|is_sm_ips_ports,ksf-v4-idsplit::
quantum,svc,4,zz_r2_full__as2__svc__d4,zz_r2_full__as2,id_val,fixed_c1,1.0,,0.007336616516113281,0.8605577689243028,0.8601156436650146,0.8603360836870637,0.8659003831417624,0.9196848392425976,0.8901971179048542,port_protocol_service_ablation,39,36,3,ct_src_dport_ltm|ct_dst_sport_ltm|is_sm_ips_ports,ksf-v4-idsplit::
quantum,svc,4,zz_r2_full__as2__svc__d4,zz_r2_full__as2,id_test,fixed_c1,1.0,,0.007336616516113281,0.8393574297188755,0.8396823347107438,0.8393341076267906,0.8412698412698413,0.9002453512396694,0.8840401187026473,port_protocol_service_ablation,39,36,3,ct_src_dport_ltm|ct_dst_sport_ltm|is_sm_ips_ports,ksf-v4-idsplit::
quantum,svc,4,zz_r2_full__as2__svc__d4,zz_r2_full__as2,ood_test,fixed_c1,1.0,,0.007336616516113281,0.786,0.7859772101658025,0.7859580477773644,0.7889546351084813,0.862492798156328,0.8004598550855214,port_protocol_service_ablation,39,36,3,ct_src_dport_ltm|ct_dst_sport_ltm|is_sm_ips_ports,ksf-v4-idsplit::
quantum,svc,4,zz_r2_full__as2__svc__d4,zz_r2_full__as2,id_val,train_cv,10.0,0.8422369236923692,0.01841592788696289,0.8844621513944223,0.8831490659550134,0.8838648946184406,0.8921933085501859,0.913839115516584,0.8663369910504952,port_protocol_service_ablation,39,36,3,ct_src_dport_ltm|ct_dst_sport_ltm|is_sm_ips_ports,ksf-v4-idsplit::
quantum,svc,4,zz_r2_full__as2__svc__d4,zz_r2_full__as2,id_test,train_cv,10.0,0.8422369236923692,0.01841592788696289,0.8554216867469879,0.8548553719008265,0.8551389786683905,0.8615384615384616,0.8709323347107437,0.8235100195885225,port_protocol_service_ablation,39,36,3,ct_src_dport_ltm|ct_dst_sport_ltm|is_sm_ips_ports,ksf-v4-idsplit::
quantum,svc,4,zz_r2_full__as2__svc__d4,zz_r2_full__as2,ood_test,train_cv,10.0,0.8422369236923692,0.01841592788696289,0.798,0.7981083157288267,0.7979927277381986,0.7992047713717694,0.8596760770757315,0.8553689945122014,port_protocol_service_ablation,39,36,3,ct_src_dport_ltm|ct_dst_sport_ltm|is_sm_ips_ports,ksf-v4-idsplit::
quantum,svc,4,pauli_xz_r1_full__as2__svc__d4,pauli_xz_r1_full__as2,id_val,fixed_c1,1.0,,0.00700068473815918,0.8685258964143426,0.8647540983606558,0.8650999169394635,0.8865979381443299,0.9625746600584573,0.9365126588608438,port_protocol_service_ablation,39,36,3,ct_src_dport_ltm|ct_dst_sport_ltm|is_sm_ips_ports,ksf-v4-idsplit::
quantum,svc,4,pauli_xz_r1_full__as2__svc__d4,pauli_xz_r1_full__as2,id_test,fixed_c1,1.0,,0.00700068473815918,0.8835341365461847,0.8806172520661157,0.8815783000147597,0.896797153024911,0.9447314049586777,0.915973823759441,port_protocol_service_ablation,39,36,3,ct_src_dport_ltm|ct_dst_sport_ltm|is_sm_ips_ports,ksf-v4-idsplit::
quantum,svc,4,pauli_xz_r1_full__as2__svc__d4,pauli_xz_r1_full__as2,ood_test,fixed_c1,1.0,,0.00700068473815918,0.884,0.8826259522437744,0.8828282828282827,0.8945454545454545,0.9097849049356634,0.8715286549180943,port_protocol_service_ablation,39,36,3,ct_src_dport_ltm|ct_dst_sport_ltm|is_sm_ips_ports,ksf-v4-idsplit::
quantum,svc,4,pauli_xz_r1_full__as2__svc__d4,pauli_xz_r1_full__as2,id_val,train_cv,1.0,0.8867609760976098,0.006770133972167969,0.8685258964143426,0.8647540983606558,0.8650999169394635,0.8865979381443299,0.9625746600584573,0.9365126588608438,port_protocol_service_ablation,39,36,3,ct_src_dport_ltm|ct_dst_sport_ltm|is_sm_ips_ports,ksf-v4-idsplit::
quantum,svc,4,pauli_xz_r1_full__as2__svc__d4,pauli_xz_r1_full__as2,id_test,train_cv,1.0,0.8867609760976098,0.006770133972167969,0.8835341365461847,0.8806172520661157,0.8815783000147597,0.896797153024911,0.9447314049586777,0.915973823759441,port_protocol_service_ablation,39,36,3,ct_src_dport_ltm|ct_dst_sport_ltm|is_sm_ips_ports,ksf-v4-idsplit::
quantum,svc,4,pauli_xz_r1_full__as2__svc__d4,pauli_xz_r1_full__as2,ood_test,train_cv,1.0,0.8867609760976098,0.006770133972167969,0.884,0.8826259522437744,0.8828282828282827,0.8945454545454545,0.9097849049356634,0.8715286549180943,port_protocol_service_ablation,39,36,3,ct_src_dport_ltm|ct_dst_sport_ltm|is_sm_ips_ports,ksf-v4-idsplit::
quantum,svc,4,zmap_r2__as2__svc__d4,zmap_r2__as2,id_val,fixed_c1,1.0,,0.005999326705932617,0.8884462151394422,0.8874698182742407,0.8880463871543265,0.8947368421052632,0.9417333841657135,0.9090017579986449,port_protocol_service_ablation,39,36,3,ct_src_dport_ltm|ct_dst_sport_ltm|is_sm_ips_ports,ksf-v4-idsplit::
quantum,svc,4,zmap_r2__as2__svc__d4,zmap_r2__as2,id_test,fixed_c1,1.0,,0.005999326705932617,0.8755020080321285,0.8752905475206612,0.875373363256212,0.8793774319066148,0.9366606404958677,0.9206785253398625,port_protocol_service_ablation,39,36,3,ct_src_dport_ltm|ct_dst_sport_ltm|is_sm_ips_ports,ksf-v4-idsplit::
quantum,svc,4,zmap_r2__as2__svc__d4,zmap_r2__as2,ood_test,fixed_c1,1.0,,0.005999326705932617,0.824,0.8238268996863196,0.8238985655737705,0.828125,0.8582517124383842,0.808774312571623,port_protocol_service_ablation,39,36,3,ct_src_dport_ltm|ct_dst_sport_ltm|is_sm_ips_ports,ksf-v4-idsplit::
quantum,svc,4,zmap_r2__as2__svc__d4,zmap_r2__as2,id_val,train_cv,10.0,0.8762902290229023,0.01601266860961914,0.8764940239043825,0.8747299529800483,0.8755378537037926,0.8864468864468864,0.9609861481763883,0.9456171612804489,port_protocol_service_ablation,39,36,3,ct_src_dport_ltm|ct_dst_sport_ltm|is_sm_ips_ports,ksf-v4-idsplit::
quantum,svc,4,zmap_r2__as2__svc__d4,zmap_r2__as2,id_test,train_cv,10.0,0.8762902290229023,0.01601266860961914,0.8554216867469879,0.8546293904958677,0.8550265234829861,0.8625954198473282,0.9347882231404958,0.9209404420689202,port_protocol_service_ablation,39,36,3,ct_src_dport_ltm|ct_dst_sport_ltm|is_sm_ips_ports,ksf-v4-idsplit::
quantum,svc,4,zmap_r2__as2__svc__d4,zmap_r2__as2,ood_test,train_cv,10.0,0.8762902290229023,0.01601266860961914,0.854,0.8534184751296332,0.8536340852130326,0.8609523809523809,0.8978938608283721,0.8764666120230905,port_protocol_service_ablation,39,36,3,ct_src_dport_ltm|ct_dst_sport_ltm|is_sm_ips_ports,ksf-v4-idsplit::
classical_ext,svc,6,linear__svc__d6,linear,id_val,fixed_c1,1.0,,0.00999903678894043,0.8685258964143426,0.8656436650146142,0.8663536473207802,0.8833922261484098,0.8764137755750413,0.8486092521211048,port_protocol_service_ablation,39,36,3,ct_src_dport_ltm|ct_dst_sport_ltm|is_sm_ips_ports,ksf-v4-idsplit::
classical_ext,svc,6,linear__svc__d6,linear,id_test,fixed_c1,1.0,,0.00999903678894043,0.8594377510040161,0.8567277892561984,0.8573673098639957,0.8745519713261649,0.9067665289256198,0.8975779600902001,port_protocol_service_ablation,39,36,3,ct_src_dport_ltm|ct_dst_sport_ltm|is_sm_ips_ports,ksf-v4-idsplit::
classical_ext,svc,6,linear__svc__d6,linear,ood_test,fixed_c1,1.0,,0.00999903678894043,0.724,0.7244414570129953,0.7239293259074323,0.7195121951219512,0.7659720888547468,0.6567349584250807,port_protocol_service_ablation,39,36,3,ct_src_dport_ltm|ct_dst_sport_ltm|is_sm_ips_ports,ksf-v4-idsplit::
classical_ext,svc,6,linear__svc__d6,linear,id_val,train_cv,10.0,0.8465981598159816,0.008001565933227539,0.8645418326693227,0.861322912695387,0.8618557368557369,0.8811188811188811,0.8641504638454696,0.764870189733559,port_protocol_service_ablation,39,36,3,ct_src_dport_ltm|ct_dst_sport_ltm|is_sm_ips_ports,ksf-v4-idsplit::
classical_ext,svc,6,linear__svc__d6,linear,id_test,train_cv,10.0,0.8465981598159816,0.008001565933227539,0.8714859437751004,0.8688985020661157,0.8697187704381949,0.8848920863309353,0.9026988636363636,0.8794044282783003,port_protocol_service_ablation,39,36,3,ct_src_dport_ltm|ct_dst_sport_ltm|is_sm_ips_ports,ksf-v4-idsplit::
classical_ext,svc,6,linear__svc__d6,linear,ood_test,train_cv,10.0,0.8465981598159816,0.008001565933227539,0.708,0.7086934255169324,0.7077006855019541,0.6983471074380165,0.7586742206004737,0.6385750385466544,port_protocol_service_ablation,39,36,3,ct_src_dport_ltm|ct_dst_sport_ltm|is_sm_ips_ports,ksf-v4-idsplit::
classical_ext,svc,6,rbf_gscale__svc__d6,rbf_gscale,id_val,fixed_c1,1.0,,0.006997108459472656,0.8764940239043825,0.8729508196721312,0.8735968289552772,0.8927335640138409,0.9798576693353667,0.981251021810194,port_protocol_service_ablation,39,36,3,ct_src_dport_ltm|ct_dst_sport_ltm|is_sm_ips_ports,ksf-v4-idsplit::
classical_ext,svc,6,rbf_gscale__svc__d6,rbf_gscale,id_test,fixed_c1,1.0,,0.006997108459472656,0.8755020080321285,0.8721268078512396,0.8728440820360761,0.8912280701754386,0.9511234504132231,0.9276656502764383,port_protocol_service_ablation,39,36,3,ct_src_dport_ltm|ct_dst_sport_ltm|is_sm_ips_ports,ksf-v4-idsplit::
classical_ext,svc,6,rbf_gscale__svc__d6,rbf_gscale,ood_test,fixed_c1,1.0,,0.006997108459472656,0.9,0.8983739837398375,0.8986360466436367,0.910394265232975,0.9261250880225337,0.9087508316981303,port_protocol_service_ablation,39,36,3,ct_src_dport_ltm|ct_dst_sport_ltm|is_sm_ips_ports,ksf-v4-idsplit::
classical_ext,svc,6,rbf_gscale__svc__d6,rbf_gscale,id_val,train_cv,100.0,0.8953617361736173,0.014618635177612305,0.9123505976095617,0.9111704155547083,0.91194667687205,0.917910447761194,0.9632736052865675,0.9534450238144021,port_protocol_service_ablation,39,36,3,ct_src_dport_ltm|ct_dst_sport_ltm|is_sm_ips_ports,ksf-v4-idsplit::
classical_ext,svc,6,rbf_gscale__svc__d6,rbf_gscale,id_test,train_cv,100.0,0.8953617361736173,0.014618635177612305,0.8995983935742972,0.8978241219008265,0.8988084594502332,0.9077490774907749,0.9354984504132231,0.8924995493073482,port_protocol_service_ablation,39,36,3,ct_src_dport_ltm|ct_dst_sport_ltm|is_sm_ips_ports,ksf-v4-idsplit::
classical_ext,svc,6,rbf_gscale__svc__d6,rbf_gscale,ood_test,train_cv,100.0,0.8953617361736173,0.014618635177612305,0.934,0.9331828948210742,0.9337112461883967,0.9380863039399625,0.9647429742013955,0.9457301257525852,port_protocol_service_ablation,39,36,3,ct_src_dport_ltm|ct_dst_sport_ltm|is_sm_ips_ports,ksf-v4-idsplit::
classical_ext,svc,6,poly2__svc__d6,poly2,id_val,fixed_c1,1.0,,0.0065958499908447266,0.8764940239043825,0.8729508196721312,0.8735968289552772,0.8927335640138409,0.8466768331427119,0.7260764512815725,port_protocol_service_ablation,39,36,3,ct_src_dport_ltm|ct_dst_sport_ltm|is_sm_ips_ports,ksf-v4-idsplit::
classical_ext,svc,6,poly2__svc__d6,poly2,id_test,fixed_c1,1.0,,0.0065958499908447266,0.8755020080321285,0.8721268078512396,0.8728440820360761,0.8912280701754386,0.8739023760330579,0.784438463138291,port_protocol_service_ablation,39,36,3,ct_src_dport_ltm|ct_dst_sport_ltm|is_sm_ips_ports,ksf-v4-idsplit::
classical_ext,svc,6,poly2__svc__d6,poly2,ood_test,fixed_c1,1.0,,0.0065958499908447266,0.878,0.8760162601626016,0.8756315267963088,0.8927943760984183,0.7647717815760835,0.619447343030461,port_protocol_service_ablation,39,36,3,ct_src_dport_ltm|ct_dst_sport_ltm|is_sm_ips_ports,ksf-v4-idsplit::
classical_ext,svc,6,poly2__svc__d6,poly2,id_val,train_cv,1.0,0.8839007900790079,0.006169795989990234,0.8764940239043825,0.8729508196721312,0.8735968289552772,0.8927335640138409,0.8466768331427119,0.7260764512815725,port_protocol_service_ablation,39,36,3,ct_src_dport_ltm|ct_dst_sport_ltm|is_sm_ips_ports,ksf-v4-idsplit::
classical_ext,svc,6,poly2__svc__d6,poly2,id_test,train_cv,1.0,0.8839007900790079,0.006169795989990234,0.8755020080321285,0.8721268078512396,0.8728440820360761,0.8912280701754386,0.8739023760330579,0.784438463138291,port_protocol_service_ablation,39,36,3,ct_src_dport_ltm|ct_dst_sport_ltm|is_sm_ips_ports,ksf-v4-idsplit::
classical_ext,svc,6,poly2__svc__d6,poly2,ood_test,train_cv,1.0,0.8839007900790079,0.006169795989990234,0.878,0.8760162601626016,0.8756315267963088,0.8927943760984183,0.7647717815760835,0.619447343030461,port_protocol_service_ablation,39,36,3,ct_src_dport_ltm|ct_dst_sport_ltm|is_sm_ips_ports,ksf-v4-idsplit::
classical_ext,svc,6,poly3__svc__d6,poly3,id_val,fixed_c1,1.0,,0.006502389907836914,0.8764940239043825,0.8729508196721312,0.8735968289552772,0.8927335640138409,0.8807980683695514,0.8056953075660197,port_protocol_service_ablation,39,36,3,ct_src_dport_ltm|ct_dst_sport_ltm|is_sm_ips_ports,ksf-v4-idsplit::
classical_ext,svc,6,poly3__svc__d6,poly3,id_test,fixed_c1,1.0,,0.006502389907836914,0.8755020080321285,0.8721268078512396,0.8728440820360761,0.8912280701754386,0.8835872933884298,0.7883278083384211,port_protocol_service_ablation,39,36,3,ct_src_dport_ltm|ct_dst_sport_ltm|is_sm_ips_ports,ksf-v4-idsplit::
classical_ext,svc,6,poly3__svc__d6,poly3,ood_test,fixed_c1,1.0,,0.006502389907836914,0.878,0.8760162601626016,0.8756315267963088,0.8927943760984183,0.8008930286153255,0.6667889337056236,port_protocol_service_ablation,39,36,3,ct_src_dport_ltm|ct_dst_sport_ltm|is_sm_ips_ports,ksf-v4-idsplit::
classical_ext,svc,6,poly3__svc__d6,poly3,id_val,train_cv,1.0,0.8839007900790079,0.017237186431884766,0.8764940239043825,0.8729508196721312,0.8735968289552772,0.8927335640138409,0.8807980683695514,0.8056953075660197,port_protocol_service_ablation,39,36,3,ct_src_dport_ltm|ct_dst_sport_ltm|is_sm_ips_ports,ksf-v4-idsplit::
classical_ext,svc,6,poly3__svc__d6,poly3,id_test,train_cv,1.0,0.8839007900790079,0.017237186431884766,0.8755020080321285,0.8721268078512396,0.8728440820360761,0.8912280701754386,0.8835872933884298,0.7883278083384211,port_protocol_service_ablation,39,36,3,ct_src_dport_ltm|ct_dst_sport_ltm|is_sm_ips_ports,ksf-v4-idsplit::
classical_ext,svc,6,poly3__svc__d6,poly3,ood_test,train_cv,1.0,0.8839007900790079,0.017237186431884766,0.878,0.8760162601626016,0.8756315267963088,0.8927943760984183,0.8008930286153255,0.6667889337056236,port_protocol_service_ablation,39,36,3,ct_src_dport_ltm|ct_dst_sport_ltm|is_sm_ips_ports,ksf-v4-idsplit::
classical_ext,svc,6,laplacian_med__svc__d6,laplacian_med,id_val,fixed_c1,1.0,,0.0059986114501953125,0.8764940239043825,0.8729508196721312,0.8735968289552772,0.8927335640138409,0.9751556741644428,0.9760599871309752,port_protocol_service_ablation,39,36,3,ct_src_dport_ltm|ct_dst_sport_ltm|is_sm_ips_ports,ksf-v4-idsplit::
classical_ext,svc,6,laplacian_med__svc__d6,laplacian_med,id_test,fixed_c1,1.0,,0.0059986114501953125,0.8755020080321285,0.8721268078512396,0.8728440820360761,0.8912280701754386,0.9549974173553719,0.9426067091465526,port_protocol_service_ablation,39,36,3,ct_src_dport_ltm|ct_dst_sport_ltm|is_sm_ips_ports,ksf-v4-idsplit::
classical_ext,svc,6,laplacian_med__svc__d6,laplacian_med,ood_test,fixed_c1,1.0,,0.0059986114501953125,0.9,0.8983739837398375,0.8986360466436367,0.910394265232975,0.9432334677677485,0.9335606652664397,port_protocol_service_ablation,39,36,3,ct_src_dport_ltm|ct_dst_sport_ltm|is_sm_ips_ports,ksf-v4-idsplit::
classical_ext,svc,6,laplacian_med__svc__d6,laplacian_med,id_val,train_cv,10.0,0.8872811281128113,0.006999969482421875,0.900398406374502,0.8997649002414538,0.9001702276596083,0.9049429657794676,0.9764264836700978,0.9770699523454116,port_protocol_service_ablation,39,36,3,ct_src_dport_ltm|ct_dst_sport_ltm|is_sm_ips_ports,ksf-v4-idsplit::
classical_ext,svc,6,laplacian_med__svc__d6,laplacian_med,id_test,train_cv,10.0,0.8872811281128113,0.006999969482421875,0.8875502008032129,0.8870092975206612,0.8873303167420814,0.8923076923076924,0.9409220041322314,0.9186614993573279,port_protocol_service_ablation,39,36,3,ct_src_dport_ltm|ct_dst_sport_ltm|is_sm_ips_ports,ksf-v4-idsplit::
classical_ext,svc,6,laplacian_med__svc__d6,laplacian_med,ood_test,train_cv,10.0,0.8872811281128113,0.006999969482421875,0.908,0.9071442289226042,0.9075726157753452,0.9138576779026217,0.9607419499391844,0.9510137841541095,port_protocol_service_ablation,39,36,3,ct_src_dport_ltm|ct_dst_sport_ltm|is_sm_ips_ports,ksf-v4-idsplit::
classical_ext,svc,6,matern15_med__svc__d6,matern15_med,id_val,fixed_c1,1.0,,0.004998207092285156,0.8764940239043825,0.8729508196721312,0.8735968289552772,0.8927335640138409,0.9759181598678359,0.9771990600994213,port_protocol_service_ablation,39,36,3,ct_src_dport_ltm|ct_dst_sport_ltm|is_sm_ips_ports,ksf-v4-idsplit::
classical_ext,svc,6,matern15_med__svc__d6,matern15_med,id_test,fixed_c1,1.0,,0.004998207092285156,0.8755020080321285,0.8721268078512396,0.8728440820360761,0.8912280701754386,0.9411802685950412,0.8977575674064284,port_protocol_service_ablation,39,36,3,ct_src_dport_ltm|ct_dst_sport_ltm|is_sm_ips_ports,ksf-v4-idsplit::
classical_ext,svc,6,matern15_med__svc__d6,matern15_med,ood_test,fixed_c1,1.0,,0.004998207092285156,0.878,0.8760162601626016,0.8756315267963088,0.8927943760984183,0.9008706228794572,0.8714171854238855,port_protocol_service_ablation,39,36,3,ct_src_dport_ltm|ct_dst_sport_ltm|is_sm_ips_ports,ksf-v4-idsplit::
classical_ext,svc,6,matern15_med__svc__d6,matern15_med,id_val,train_cv,100.0,0.8952916291629164,0.009508132934570312,0.9083665338645418,0.9079616215529291,0.9082208549943562,0.9118773946360154,0.9735671622823738,0.9698545884953562,port_protocol_service_ablation,39,36,3,ct_src_dport_ltm|ct_dst_sport_ltm|is_sm_ips_ports,ksf-v4-idsplit::
classical_ext,svc,6,matern15_med__svc__d6,matern15_med,id_test,train_cv,100.0,0.8952916291629164,0.009508132934570312,0.8835341365461847,0.8821991219008265,0.8829223211245683,0.8913857677902621,0.9274922520661157,0.8765001051131505,port_protocol_service_ablation,39,36,3,ct_src_dport_ltm|ct_dst_sport_ltm|is_sm_ips_ports,ksf-v4-idsplit::
classical_ext,svc,6,matern15_med__svc__d6,matern15_med,ood_test,train_cv,100.0,0.8952916291629164,0.009508132934570312,0.934,0.9331188784328788,0.933675007536931,0.9383177570093458,0.9627904743614364,0.9437662017067954,port_protocol_service_ablation,39,36,3,ct_src_dport_ltm|ct_dst_sport_ltm|is_sm_ips_ports,ksf-v4-idsplit::
classical_ext,svc,6,matern25_med__svc__d6,matern25_med,id_val,fixed_c1,1.0,,0.0059986114501953125,0.8764940239043825,0.8729508196721312,0.8735968289552772,0.8927335640138409,0.9560299911043335,0.9316857067918313,port_protocol_service_ablation,39,36,3,ct_src_dport_ltm|ct_dst_sport_ltm|is_sm_ips_ports,ksf-v4-idsplit::
classical_ext,svc,6,matern25_med__svc__d6,matern25_med,id_test,fixed_c1,1.0,,0.0059986114501953125,0.8755020080321285,0.8721268078512396,0.8728440820360761,0.8912280701754386,0.9277505165289256,0.8679497142027495,port_protocol_service_ablation,39,36,3,ct_src_dport_ltm|ct_dst_sport_ltm|is_sm_ips_ports,ksf-v4-idsplit::
classical_ext,svc,6,matern25_med__svc__d6,matern25_med,ood_test,fixed_c1,1.0,,0.0059986114501953125,0.878,0.8760162601626016,0.8756315267963088,0.8927943760984183,0.8593079828436079,0.8029488922361234,port_protocol_service_ablation,39,36,3,ct_src_dport_ltm|ct_dst_sport_ltm|is_sm_ips_ports,ksf-v4-idsplit::
classical_ext,svc,6,matern25_med__svc__d6,matern25_med,id_val,train_cv,100.0,0.8895011501150115,0.009995460510253906,0.9083665338645418,0.9072944465624603,0.9079926687385449,0.9138576779026217,0.9649256576439191,0.951744396954757,port_protocol_service_ablation,39,36,3,ct_src_dport_ltm|ct_dst_sport_ltm|is_sm_ips_ports,ksf-v4-idsplit::
classical_ext,svc,6,matern25_med__svc__d6,matern25_med,id_test,train_cv,100.0,0.8895011501150115,0.009995460510253906,0.8995983935742972,0.8978241219008265,0.8988084594502332,0.9077490774907749,0.9269111570247934,0.8715341060118762,port_protocol_service_ablation,39,36,3,ct_src_dport_ltm|ct_dst_sport_ltm|is_sm_ips_ports,ksf-v4-idsplit::
classical_ext,svc,6,matern25_med__svc__d6,matern25_med,ood_test,train_cv,100.0,0.8895011501150115,0.009995460510253906,0.926,0.9249887971320658,0.9255470281190765,0.9313543599257885,0.9626304333909481,0.9463119215604326,port_protocol_service_ablation,39,36,3,ct_src_dport_ltm|ct_dst_sport_ltm|is_sm_ips_ports,ksf-v4-idsplit::
classical_ext,svc,6,rbf_gscale_x0.1__svc__d6,rbf_gscale_x0.1,id_val,fixed_c1,1.0,,0.00600743293762207,0.8764940239043825,0.8729508196721312,0.8735968289552772,0.8927335640138409,0.8638963019443386,0.7957177858543305,port_protocol_service_ablation,39,36,3,ct_src_dport_ltm|ct_dst_sport_ltm|is_sm_ips_ports,ksf-v4-idsplit::
classical_ext,svc,6,rbf_gscale_x0.1__svc__d6,rbf_gscale_x0.1,id_test,fixed_c1,1.0,,0.00600743293762207,0.8755020080321285,0.8721268078512396,0.8728440820360761,0.8912280701754386,0.8899793388429752,0.8210965180979103,port_protocol_service_ablation,39,36,3,ct_src_dport_ltm|ct_dst_sport_ltm|is_sm_ips_ports,ksf-v4-idsplit::
classical_ext,svc,6,rbf_gscale_x0.1__svc__d6,rbf_gscale_x0.1,ood_test,fixed_c1,1.0,,0.00600743293762207,0.876,0.8740477562255937,0.8736632759520084,0.8908450704225352,0.7691248959733693,0.6344853399736261,port_protocol_service_ablation,39,36,3,ct_src_dport_ltm|ct_dst_sport_ltm|is_sm_ips_ports,ksf-v4-idsplit::
classical_ext,svc,6,rbf_gscale_x0.1__svc__d6,rbf_gscale_x0.1,id_val,train_cv,10.0,0.8839007900790079,0.008066654205322266,0.8764940239043825,0.8729508196721312,0.8735968289552772,0.8927335640138409,0.9381751175498791,0.9077785300947725,port_protocol_service_ablation,39,36,3,ct_src_dport_ltm|ct_dst_sport_ltm|is_sm_ips_ports,ksf-v4-idsplit::
classical_ext,svc,6,rbf_gscale_x0.1__svc__d6,rbf_gscale_x0.1,id_test,train_cv,10.0,0.8839007900790079,0.008066654205322266,0.8755020080321285,0.8721268078512396,0.8728440820360761,0.8912280701754386,0.9145790289256198,0.8409303037788647,port_protocol_service_ablation,39,36,3,ct_src_dport_ltm|ct_dst_sport_ltm|is_sm_ips_ports,ksf-v4-idsplit::
classical_ext,svc,6,rbf_gscale_x0.1__svc__d6,rbf_gscale_x0.1,ood_test,train_cv,10.0,0.8839007900790079,0.008066654205322266,0.878,0.8760162601626016,0.8756315267963088,0.8927943760984183,0.8449683118878433,0.7600501651920231,port_protocol_service_ablation,39,36,3,ct_src_dport_ltm|ct_dst_sport_ltm|is_sm_ips_ports,ksf-v4-idsplit::
classical_ext,svc,6,rbf_gscale_x0.3__svc__d6,rbf_gscale_x0.3,id_val,fixed_c1,1.0,,0.006521701812744141,0.8764940239043825,0.8729508196721312,0.8735968289552772,0.8927335640138409,0.9335366628542381,0.9069973931596804,port_protocol_service_ablation,39,36,3,ct_src_dport_ltm|ct_dst_sport_ltm|is_sm_ips_ports,ksf-v4-idsplit::
classical_ext,svc,6,rbf_gscale_x0.3__svc__d6,rbf_gscale_x0.3,id_test,fixed_c1,1.0,,0.006521701812744141,0.8755020080321285,0.8721268078512396,0.8728440820360761,0.8912280701754386,0.9097365702479339,0.8380609923373114,port_protocol_service_ablation,39,36,3,ct_src_dport_ltm|ct_dst_sport_ltm|is_sm_ips_ports,ksf-v4-idsplit::
classical_ext,svc,6,rbf_gscale_x0.3__svc__d6,rbf_gscale_x0.3,ood_test,fixed_c1,1.0,,0.006521701812744141,0.878,0.8760162601626016,0.8756315267963088,0.8927943760984183,0.8363421035785161,0.7349015108465439,port_protocol_service_ablation,39,36,3,ct_src_dport_ltm|ct_dst_sport_ltm|is_sm_ips_ports,ksf-v4-idsplit::
classical_ext,svc,6,rbf_gscale_x0.3__svc__d6,rbf_gscale_x0.3,id_val,train_cv,10.0,0.8878510851085109,0.010839223861694336,0.8764940239043825,0.8729508196721312,0.8735968289552772,0.8927335640138409,0.9795399669589528,0.980720493704674,port_protocol_service_ablation,39,36,3,ct_src_dport_ltm|ct_dst_sport_ltm|is_sm_ips_ports,ksf-v4-idsplit::
classical_ext,svc,6,rbf_gscale_x0.3__svc__d6,rbf_gscale_x0.3,id_test,train_cv,10.0,0.8878510851085109,0.010839223861694336,0.8755020080321285,0.8721268078512396,0.8728440820360761,0.8912280701754386,0.9665547520661157,0.9653337968738803,port_protocol_service_ablation,39,36,3,ct_src_dport_ltm|ct_dst_sport_ltm|is_sm_ips_ports,ksf-v4-idsplit::
classical_ext,svc,6,rbf_gscale_x0.3__svc__d6,rbf_gscale_x0.3,ood_test,train_cv,10.0,0.8878510851085109,0.010839223861694336,0.9,0.8983739837398375,0.8986360466436367,0.910394265232975,0.9506273606043147,0.9397021534596002,port_protocol_service_ablation,39,36,3,ct_src_dport_ltm|ct_dst_sport_ltm|is_sm_ips_ports,ksf-v4-idsplit::
classical_ext,svc,6,rbf_gscale_x3__svc__d6,rbf_gscale_x3,id_val,fixed_c1,1.0,,0.0068018436431884766,0.8804780876494024,0.8777163553183378,0.8786266924564796,0.8936170212765957,0.9699453551912568,0.9575155311894428,port_protocol_service_ablation,39,36,3,ct_src_dport_ltm|ct_dst_sport_ltm|is_sm_ips_ports,ksf-v4-idsplit::
classical_ext,svc,6,rbf_gscale_x3__svc__d6,rbf_gscale_x3,id_test,fixed_c1,1.0,,0.0068018436431884766,0.8835341365461847,0.8806172520661157,0.8815783000147597,0.896797153024911,0.9327866735537189,0.8699314595869998,port_protocol_service_ablation,39,36,3,ct_src_dport_ltm|ct_dst_sport_ltm|is_sm_ips_ports,ksf-v4-idsplit::
classical_ext,svc,6,rbf_gscale_x3__svc__d6,rbf_gscale_x3,ood_test,fixed_c1,1.0,,0.0068018436431884766,0.9,0.8983739837398375,0.8986360466436367,0.910394265232975,0.9461302093335894,0.9353081397284975,port_protocol_service_ablation,39,36,3,ct_src_dport_ltm|ct_dst_sport_ltm|is_sm_ips_ports,ksf-v4-idsplit::
classical_ext,svc,6,rbf_gscale_x3__svc__d6,rbf_gscale_x3,id_val,train_cv,100.0,0.8991821182118211,0.017510652542114258,0.8924302788844621,0.891790570593468,0.892183845872377,0.8973384030418251,0.9593976362943195,0.9402552723419354,port_protocol_service_ablation,39,36,3,ct_src_dport_ltm|ct_dst_sport_ltm|is_sm_ips_ports,ksf-v4-idsplit::
classical_ext,svc,6,rbf_gscale_x3__svc__d6,rbf_gscale_x3,id_test,train_cv,100.0,0.8991821182118211,0.017510652542114258,0.8875502008032129,0.8870092975206612,0.8873303167420814,0.8923076923076924,0.9210356404958677,0.8700233613135941,port_protocol_service_ablation,39,36,3,ct_src_dport_ltm|ct_dst_sport_ltm|is_sm_ips_ports,ksf-v4-idsplit::
classical_ext,svc,6,rbf_gscale_x3__svc__d6,rbf_gscale_x3,ood_test,train_cv,100.0,0.8991821182118211,0.017510652542114258,0.918,0.9176269124895973,0.9178814207715942,0.9210019267822736,0.9509474425452916,0.9317949055145802,port_protocol_service_ablation,39,36,3,ct_src_dport_ltm|ct_dst_sport_ltm|is_sm_ips_ports,ksf-v4-idsplit::
classical_ext,svc,6,rbf_gscale_x10__svc__d6,rbf_gscale_x10,id_val,fixed_c1,1.0,,0.012379884719848633,0.9043824701195219,0.9027513025797433,0.9037084398976982,0.9117647058823529,0.9699453551912569,0.9630669964038295,port_protocol_service_ablation,39,36,3,ct_src_dport_ltm|ct_dst_sport_ltm|is_sm_ips_ports,ksf-v4-idsplit::
classical_ext,svc,6,rbf_gscale_x10__svc__d6,rbf_gscale_x10,id_test,fixed_c1,1.0,,0.012379884719848633,0.8955823293172691,0.8932399276859504,0.8943399921660791,0.9057971014492754,0.9471849173553719,0.9147804846815264,port_protocol_service_ablation,39,36,3,ct_src_dport_ltm|ct_dst_sport_ltm|is_sm_ips_ports,ksf-v4-idsplit::
classical_ext,svc,6,rbf_gscale_x10__svc__d6,rbf_gscale_x10,ood_test,fixed_c1,1.0,,0.012379884719848633,0.894,0.8925324883170092,0.8927954496725204,0.9041591320072333,0.939392484476026,0.9239958273117321,port_protocol_service_ablation,39,36,3,ct_src_dport_ltm|ct_dst_sport_ltm|is_sm_ips_ports,ksf-v4-idsplit::
classical_ext,svc,6,rbf_gscale_x10__svc__d6,rbf_gscale_x10,id_val,train_cv,100.0,0.8971417141714172,0.024955272674560547,0.9043824701195219,0.9038632608971915,0.9041984732824427,0.9083969465648855,0.9621934172067607,0.9676630323345902,port_protocol_service_ablation,39,36,3,ct_src_dport_ltm|ct_dst_sport_ltm|is_sm_ips_ports,ksf-v4-idsplit::
classical_ext,svc,6,rbf_gscale_x10__svc__d6,rbf_gscale_x10,id_test,train_cv,100.0,0.8971417141714172,0.024955272674560547,0.9116465863453815,0.9111247417355373,0.9114738202973497,0.9153846153846154,0.9397598140495869,0.9152161807459015,port_protocol_service_ablation,39,36,3,ct_src_dport_ltm|ct_dst_sport_ltm|is_sm_ips_ports,ksf-v4-idsplit::
classical_ext,svc,6,rbf_gscale_x10__svc__d6,rbf_gscale_x10,ood_test,train_cv,100.0,0.8971417141714172,0.024955272674560547,0.904,0.9037833685423469,0.9039246769467262,0.9066147859922179,0.9429293899238205,0.9271083100581727,port_protocol_service_ablation,39,36,3,ct_src_dport_ltm|ct_dst_sport_ltm|is_sm_ips_ports,ksf-v4-idsplit::
classical_ext,svc,6,laplacian_med_x0.1__svc__d6,laplacian_med_x0.1,id_val,fixed_c1,1.0,,0.01044154167175293,0.9083665338645418,0.90751683822595,0.9080805668338507,0.9132075471698113,0.9720421908755877,0.9685334259668656,port_protocol_service_ablation,39,36,3,ct_src_dport_ltm|ct_dst_sport_ltm|is_sm_ips_ports,ksf-v4-idsplit::
classical_ext,svc,6,laplacian_med_x0.1__svc__d6,laplacian_med_x0.1,id_test,fixed_c1,1.0,,0.01044154167175293,0.891566265060241,0.890237603305785,0.8909966438056325,0.898876404494382,0.9511880165289256,0.953186053168263,port_protocol_service_ablation,39,36,3,ct_src_dport_ltm|ct_dst_sport_ltm|is_sm_ips_ports,ksf-v4-idsplit::
classical_ext,svc,6,laplacian_med_x0.1__svc__d6,laplacian_med_x0.1,ood_test,fixed_c1,1.0,,0.01044154167175293,0.892,0.8909480827091736,0.8913043478260869,0.9,0.938544267332437,0.9029943471845746,port_protocol_service_ablation,39,36,3,ct_src_dport_ltm|ct_dst_sport_ltm|is_sm_ips_ports,ksf-v4-idsplit::
classical_ext,svc,6,laplacian_med_x0.1__svc__d6,laplacian_med_x0.1,id_val,train_cv,10.0,0.8991116111611163,0.011240720748901367,0.9043824701195219,0.9038632608971915,0.9041984732824427,0.9083969465648855,0.960541364849409,0.9476605325078344,port_protocol_service_ablation,39,36,3,ct_src_dport_ltm|ct_dst_sport_ltm|is_sm_ips_ports,ksf-v4-idsplit::
classical_ext,svc,6,laplacian_med_x0.1__svc__d6,laplacian_med_x0.1,id_test,train_cv,10.0,0.8991116111611163,0.011240720748901367,0.8795180722891566,0.8789708161157025,0.8792824822236587,0.8846153846153846,0.9559659090909092,0.9630752521770368,port_protocol_service_ablation,39,36,3,ct_src_dport_ltm|ct_dst_sport_ltm|is_sm_ips_ports,ksf-v4-idsplit::
classical_ext,svc,6,laplacian_med_x0.1__svc__d6,laplacian_med_x0.1,ood_test,train_cv,10.0,0.8991116111611163,0.011240720748901367,0.918,0.9174988797132066,0.9178261200700683,0.9216061185468452,0.9525798604442738,0.9145472927856136,port_protocol_service_ablation,39,36,3,ct_src_dport_ltm|ct_dst_sport_ltm|is_sm_ips_ports,ksf-v4-idsplit::
classical_ext,svc,6,laplacian_med_x0.3__svc__d6,laplacian_med_x0.3,id_val,fixed_c1,1.0,,0.005999326705932617,0.9163346613545816,0.9150463845469564,0.915902165068526,0.9219330855018587,0.9763629431948151,0.9767509676202565,port_protocol_service_ablation,39,36,3,ct_src_dport_ltm|ct_dst_sport_ltm|is_sm_ips_ports,ksf-v4-idsplit::
classical_ext,svc,6,laplacian_med_x0.3__svc__d6,laplacian_med_x0.3,id_test,fixed_c1,1.0,,0.005999326705932617,0.891566265060241,0.8895596590909092,0.8905494505494506,0.9010989010989011,0.9502195247933884,0.9290796602911149,port_protocol_service_ablation,39,36,3,ct_src_dport_ltm|ct_dst_sport_ltm|is_sm_ips_ports,ksf-v4-idsplit::
classical_ext,svc,6,laplacian_med_x0.3__svc__d6,laplacian_med_x0.3,ood_test,fixed_c1,1.0,,0.005999326705932617,0.898,0.8964694961910249,0.8967506832675372,0.9081081081081082,0.9489629345112349,0.9378154452899354,port_protocol_service_ablation,39,36,3,ct_src_dport_ltm|ct_dst_sport_ltm|is_sm_ips_ports,ksf-v4-idsplit::
classical_ext,svc,6,laplacian_med_x0.3__svc__d6,laplacian_med_x0.3,id_val,train_cv,10.0,0.8981716171617162,0.009255647659301758,0.8884462151394422,0.8879146016012199,0.8882315521628499,0.8931297709923665,0.9675308171305121,0.9638909214858439,port_protocol_service_ablation,39,36,3,ct_src_dport_ltm|ct_dst_sport_ltm|is_sm_ips_ports,ksf-v4-idsplit::
classical_ext,svc,6,laplacian_med_x0.3__svc__d6,laplacian_med_x0.3,id_test,train_cv,10.0,0.8981716171617162,0.009255647659301758,0.8634538152610441,0.8626678719008265,0.8630806055117092,0.8702290076335878,0.9444085743801651,0.9250232089960062,port_protocol_service_ablation,39,36,3,ct_src_dport_ltm|ct_dst_sport_ltm|is_sm_ips_ports,ksf-v4-idsplit::
classical_ext,svc,6,laplacian_med_x0.3__svc__d6,laplacian_med_x0.3,ood_test,train_cv,10.0,0.8981716171617162,0.009255647659301758,0.926,0.9253728954612381,0.9257835849336666,0.9297912713472486,0.9619262531207989,0.9488887778837471,port_protocol_service_ablation,39,36,3,ct_src_dport_ltm|ct_dst_sport_ltm|is_sm_ips_ports,ksf-v4-idsplit::
classical_ext,svc,6,laplacian_med_x3__svc__d6,laplacian_med_x3,id_val,fixed_c1,1.0,,0.005434513092041016,0.8764940239043825,0.8729508196721312,0.8735968289552772,0.8927335640138409,0.9461812174355064,0.9015843844102464,port_protocol_service_ablation,39,36,3,ct_src_dport_ltm|ct_dst_sport_ltm|is_sm_ips_ports,ksf-v4-idsplit::
classical_ext,svc,6,laplacian_med_x3__svc__d6,laplacian_med_x3,id_test,fixed_c1,1.0,,0.005434513092041016,0.8755020080321285,0.8721268078512396,0.8728440820360761,0.8912280701754386,0.9389850206611571,0.9063149797276324,port_protocol_service_ablation,39,36,3,ct_src_dport_ltm|ct_dst_sport_ltm|is_sm_ips_ports,ksf-v4-idsplit::
classical_ext,svc,6,laplacian_med_x3__svc__d6,laplacian_med_x3,ood_test,fixed_c1,1.0,,0.005434513092041016,0.878,0.8760162601626016,0.8756315267963088,0.8927943760984183,0.8893156648101914,0.8283068216620559,port_protocol_service_ablation,39,36,3,ct_src_dport_ltm|ct_dst_sport_ltm|is_sm_ips_ports,ksf-v4-idsplit::
classical_ext,svc,6,laplacian_med_x3__svc__d6,laplacian_med_x3,id_val,train_cv,100.0,0.885110611061106,0.01200556755065918,0.900398406374502,0.900209683568433,0.9002971225193448,0.9034749034749034,0.9690557885372981,0.9690134137819075,port_protocol_service_ablation,39,36,3,ct_src_dport_ltm|ct_dst_sport_ltm|is_sm_ips_ports,ksf-v4-idsplit::
classical_ext,svc,6,laplacian_med_x3__svc__d6,laplacian_med_x3,id_test,train_cv,100.0,0.885110611061106,0.01200556755065918,0.8714859437751004,0.8711583161157025,0.8713178294573644,0.875968992248062,0.93724173553719,0.9163648778752412,port_protocol_service_ablation,39,36,3,ct_src_dport_ltm|ct_dst_sport_ltm|is_sm_ips_ports,ksf-v4-idsplit::
classical_ext,svc,6,laplacian_med_x3__svc__d6,laplacian_med_x3,ood_test,train_cv,100.0,0.885110611061106,0.01200556755065918,0.928,0.9272773830100506,0.9277398635086311,0.9320754716981132,0.9618142244414571,0.9499515422305017,port_protocol_service_ablation,39,36,3,ct_src_dport_ltm|ct_dst_sport_ltm|is_sm_ips_ports,ksf-v4-idsplit::
classical_ext,svc,6,laplacian_med_x10__svc__d6,laplacian_med_x10,id_val,fixed_c1,1.0,,0.00651240348815918,0.8764940239043825,0.8729508196721312,0.8735968289552772,0.8927335640138409,0.8971915109925023,0.7937060806853053,port_protocol_service_ablation,39,36,3,ct_src_dport_ltm|ct_dst_sport_ltm|is_sm_ips_ports,ksf-v4-idsplit::
classical_ext,svc,6,laplacian_med_x10__svc__d6,laplacian_med_x10,id_test,fixed_c1,1.0,,0.00651240348815918,0.8755020080321285,0.8721268078512396,0.8728440820360761,0.8912280701754386,0.8978564049586777,0.8195375634197066,port_protocol_service_ablation,39,36,3,ct_src_dport_ltm|ct_dst_sport_ltm|is_sm_ips_ports,ksf-v4-idsplit::
classical_ext,svc,6,laplacian_med_x10__svc__d6,laplacian_med_x10,ood_test,fixed_c1,1.0,,0.00651240348815918,0.876,0.8739837398373984,0.8735210118319053,0.8912280701754386,0.8328051981307214,0.7000609692814947,port_protocol_service_ablation,39,36,3,ct_src_dport_ltm|ct_dst_sport_ltm|is_sm_ips_ports,ksf-v4-idsplit::
classical_ext,svc,6,laplacian_med_x10__svc__d6,laplacian_med_x10,id_val,train_cv,10.0,0.8888611861186119,0.006010293960571289,0.8764940239043825,0.8729508196721312,0.8735968289552772,0.8927335640138409,0.9582539077392299,0.9318620272367231,port_protocol_service_ablation,39,36,3,ct_src_dport_ltm|ct_dst_sport_ltm|is_sm_ips_ports,ksf-v4-idsplit::
classical_ext,svc,6,laplacian_med_x10__svc__d6,laplacian_med_x10,id_test,train_cv,10.0,0.8888611861186119,0.006010293960571289,0.8755020080321285,0.8721268078512396,0.8728440820360761,0.8912280701754386,0.9391787190082644,0.9019495180903181,port_protocol_service_ablation,39,36,3,ct_src_dport_ltm|ct_dst_sport_ltm|is_sm_ips_ports,ksf-v4-idsplit::
classical_ext,svc,6,laplacian_med_x10__svc__d6,laplacian_med_x10,ood_test,train_cv,10.0,0.8888611861186119,0.006010293960571289,0.9,0.8983739837398375,0.8986360466436367,0.910394265232975,0.9189552525446514,0.8759011793911081,port_protocol_service_ablation,39,36,3,ct_src_dport_ltm|ct_dst_sport_ltm|is_sm_ips_ports,ksf-v4-idsplit::
classical_ext,svc,6,matern15_med_x0.1__svc__d6,matern15_med_x0.1,id_val,fixed_c1,1.0,,0.009685039520263672,0.9163346613545816,0.9157135595374253,0.9161429912340711,0.9201520912547528,0.9669589528529674,0.9507483984854208,port_protocol_service_ablation,39,36,3,ct_src_dport_ltm|ct_dst_sport_ltm|is_sm_ips_ports,ksf-v4-idsplit::
classical_ext,svc,6,matern15_med_x0.1__svc__d6,matern15_med_x0.1,id_test,fixed_c1,1.0,,0.009685039520263672,0.8795180722891566,0.8780668904958677,0.8788124594419209,0.8880597014925373,0.9520919421487604,0.9516079215513485,port_protocol_service_ablation,39,36,3,ct_src_dport_ltm|ct_dst_sport_ltm|is_sm_ips_ports,ksf-v4-idsplit::
classical_ext,svc,6,matern15_med_x0.1__svc__d6,matern15_med_x0.1,ood_test,fixed_c1,1.0,,0.009685039520263672,0.884,0.8827539850201651,0.8830097949040681,0.8937728937728938,0.9300620958965495,0.8951820538834756,port_protocol_service_ablation,39,36,3,ct_src_dport_ltm|ct_dst_sport_ltm|is_sm_ips_ports,ksf-v4-idsplit::
classical_ext,svc,6,matern15_med_x0.1__svc__d6,matern15_med_x0.1,id_val,train_cv,10.0,0.896041304130413,0.01061391830444336,0.9043824701195219,0.9038632608971915,0.9041984732824427,0.9083969465648855,0.941097979412886,0.9052917212220882,port_protocol_service_ablation,39,36,3,ct_src_dport_ltm|ct_dst_sport_ltm|is_sm_ips_ports,ksf-v4-idsplit::
classical_ext,svc,6,matern15_med_x0.1__svc__d6,matern15_med_x0.1,id_test,train_cv,10.0,0.896041304130413,0.01061391830444336,0.8554216867469879,0.8546293904958677,0.8550265234829861,0.8625954198473282,0.9405346074380165,0.9367558864442342,port_protocol_service_ablation,39,36,3,ct_src_dport_ltm|ct_dst_sport_ltm|is_sm_ips_ports,ksf-v4-idsplit::
classical_ext,svc,6,matern15_med_x0.1__svc__d6,matern15_med_x0.1,ood_test,train_cv,10.0,0.896041304130413,0.01061391830444336,0.912,0.911593367902183,0.9118589743589743,0.9153846153846154,0.9466103322450548,0.9074897612495173,port_protocol_service_ablation,39,36,3,ct_src_dport_ltm|ct_dst_sport_ltm|is_sm_ips_ports,ksf-v4-idsplit::
classical_ext,svc,6,matern15_med_x0.3__svc__d6,matern15_med_x0.3,id_val,fixed_c1,1.0,,0.006514072418212891,0.8884462151394422,0.8861354682933028,0.8871402877697842,0.8992805755395683,0.9704536789935188,0.9554023085388388,port_protocol_service_ablation,39,36,3,ct_src_dport_ltm|ct_dst_sport_ltm|is_sm_ips_ports,ksf-v4-idsplit::
classical_ext,svc,6,matern15_med_x0.3__svc__d6,matern15_med_x0.3,id_test,fixed_c1,1.0,,0.006514072418212891,0.8875502008032129,0.8849754648760331,0.8860039241334206,0.8992805755395683,0.9435692148760331,0.9222093451989527,port_protocol_service_ablation,39,36,3,ct_src_dport_ltm|ct_dst_sport_ltm|is_sm_ips_ports,ksf-v4-idsplit::
classical_ext,svc,6,matern15_med_x0.3__svc__d6,matern15_med_x0.3,ood_test,fixed_c1,1.0,,0.006514072418212891,0.9,0.8984380001280328,0.8987296649167154,0.9100719424460432,0.9392324435055374,0.922689930171321,port_protocol_service_ablation,39,36,3,ct_src_dport_ltm|ct_dst_sport_ltm|is_sm_ips_ports,ksf-v4-idsplit::
classical_ext,svc,6,matern15_med_x0.3__svc__d6,matern15_med_x0.3,id_val,train_cv,100.0,0.8991116111611163,0.012594461441040039,0.9083665338645418,0.9079616215529291,0.9082208549943562,0.9118773946360154,0.9498030245266235,0.9306081295701103,port_protocol_service_ablation,39,36,3,ct_src_dport_ltm|ct_dst_sport_ltm|is_sm_ips_ports,ksf-v4-idsplit::
classical_ext,svc,6,matern15_med_x0.3__svc__d6,matern15_med_x0.3,id_test,train_cv,100.0,0.8991116111611163,0.012594461441040039,0.8714859437751004,0.8709323347107438,0.871234647705236,0.8769230769230769,0.9302040289256197,0.9164942301000244,port_protocol_service_ablation,39,36,3,ct_src_dport_ltm|ct_dst_sport_ltm|is_sm_ips_ports,ksf-v4-idsplit::
classical_ext,svc,6,matern15_med_x0.3__svc__d6,matern15_med_x0.3,ood_test,train_cv,100.0,0.8991116111611163,0.012594461441040039,0.906,0.9056878560911594,0.9058912102390363,0.9090909090909091,0.955652647077652,0.9328152042345161,port_protocol_service_ablation,39,36,3,ct_src_dport_ltm|ct_dst_sport_ltm|is_sm_ips_ports,ksf-v4-idsplit::
classical_ext,svc,6,matern15_med_x3__svc__d6,matern15_med_x3,id_val,fixed_c1,1.0,,0.006006956100463867,0.8764940239043825,0.8729508196721312,0.8735968289552772,0.8927335640138409,0.8684076756894142,0.7944347939559203,port_protocol_service_ablation,39,36,3,ct_src_dport_ltm|ct_dst_sport_ltm|is_sm_ips_ports,ksf-v4-idsplit::
classical_ext,svc,6,matern15_med_x3__svc__d6,matern15_med_x3,id_test,fixed_c1,1.0,,0.006006956100463867,0.8755020080321285,0.8721268078512396,0.8728440820360761,0.8912280701754386,0.8634426652892562,0.7781046539146991,port_protocol_service_ablation,39,36,3,ct_src_dport_ltm|ct_dst_sport_ltm|is_sm_ips_ports,ksf-v4-idsplit::
classical_ext,svc,6,matern15_med_x3__svc__d6,matern15_med_x3,ood_test,fixed_c1,1.0,,0.006006956100463867,0.878,0.8760162601626016,0.8756315267963088,0.8927943760984183,0.7947154471544716,0.6625589739579143,port_protocol_service_ablation,39,36,3,ct_src_dport_ltm|ct_dst_sport_ltm|is_sm_ips_ports,ksf-v4-idsplit::
classical_ext,svc,6,matern15_med_x3__svc__d6,matern15_med_x3,id_val,train_cv,1.0,0.8839007900790079,0.00599980354309082,0.8764940239043825,0.8729508196721312,0.8735968289552772,0.8927335640138409,0.8684076756894142,0.7944347939559203,port_protocol_service_ablation,39,36,3,ct_src_dport_ltm|ct_dst_sport_ltm|is_sm_ips_ports,ksf-v4-idsplit::
classical_ext,svc,6,matern15_med_x3__svc__d6,matern15_med_x3,id_test,train_cv,1.0,0.8839007900790079,0.00599980354309082,0.8755020080321285,0.8721268078512396,0.8728440820360761,0.8912280701754386,0.8634426652892562,0.7781046539146991,port_protocol_service_ablation,39,36,3,ct_src_dport_ltm|ct_dst_sport_ltm|is_sm_ips_ports,ksf-v4-idsplit::
classical_ext,svc,6,matern15_med_x3__svc__d6,matern15_med_x3,ood_test,train_cv,1.0,0.8839007900790079,0.00599980354309082,0.878,0.8760162601626016,0.8756315267963088,0.8927943760984183,0.7947154471544716,0.6625589739579143,port_protocol_service_ablation,39,36,3,ct_src_dport_ltm|ct_dst_sport_ltm|is_sm_ips_ports,ksf-v4-idsplit::
classical_ext,svc,6,matern15_med_x10__svc__d6,matern15_med_x10,id_val,fixed_c1,1.0,,0.007997751235961914,0.8565737051792829,0.8535709747108908,0.8540509109704095,0.8732394366197183,0.9340449866565003,0.8985014647534517,port_protocol_service_ablation,39,36,3,ct_src_dport_ltm|ct_dst_sport_ltm|is_sm_ips_ports,ksf-v4-idsplit::
classical_ext,svc,6,matern15_med_x10__svc__d6,matern15_med_x10,id_test,fixed_c1,1.0,,0.007997751235961914,0.8674698795180723,0.864766270661157,0.8655177493003388,0.8817204301075269,0.9415676652892562,0.929992651631319,port_protocol_service_ablation,39,36,3,ct_src_dport_ltm|ct_dst_sport_ltm|is_sm_ips_ports,ksf-v4-idsplit::
classical_ext,svc,6,matern15_med_x10__svc__d6,matern15_med_x10,ood_test,fixed_c1,1.0,,0.007997751235961914,0.692,0.6929453940208694,0.6912887292321509,0.6764705882352942,0.769653031175981,0.6260554757536309,port_protocol_service_ablation,39,36,3,ct_src_dport_ltm|ct_dst_sport_ltm|is_sm_ips_ports,ksf-v4-idsplit::
classical_ext,svc,6,matern15_med_x10__svc__d6,matern15_med_x10,id_val,train_cv,100.0,0.8839007900790079,0.009000301361083984,0.8764940239043825,0.8729508196721312,0.8735968289552772,0.8927335640138409,0.9022747490151227,0.8558756770031898,port_protocol_service_ablation,39,36,3,ct_src_dport_ltm|ct_dst_sport_ltm|is_sm_ips_ports,ksf-v4-idsplit::
classical_ext,svc,6,matern15_med_x10__svc__d6,matern15_med_x10,id_test,train_cv,100.0,0.8839007900790079,0.009000301361083984,0.8755020080321285,0.8721268078512396,0.8728440820360761,0.8912280701754386,0.8834581611570248,0.7997306640429936,port_protocol_service_ablation,39,36,3,ct_src_dport_ltm|ct_dst_sport_ltm|is_sm_ips_ports,ksf-v4-idsplit::
classical_ext,svc,6,matern15_med_x10__svc__d6,matern15_med_x10,ood_test,train_cv,100.0,0.8839007900790079,0.009000301361083984,0.878,0.8760162601626016,0.8756315267963088,0.8927943760984183,0.8284520837334358,0.7169876558959396,port_protocol_service_ablation,39,36,3,ct_src_dport_ltm|ct_dst_sport_ltm|is_sm_ips_ports,ksf-v4-idsplit::
classical_ext,svc,6,matern25_med_x0.1__svc__d6,matern25_med_x0.1,id_val,fixed_c1,1.0,,0.009001493453979492,0.9123505976095617,0.9116151988816876,0.9121148459383753,0.9166666666666666,0.9667047909518364,0.9511576411919898,port_protocol_service_ablation,39,36,3,ct_src_dport_ltm|ct_dst_sport_ltm|is_sm_ips_ports,ksf-v4-idsplit::
classical_ext,svc,6,matern25_med_x0.1__svc__d6,matern25_med_x0.1,id_test,fixed_c1,1.0,,0.009001493453979492,0.8835341365461847,0.8819731404958677,0.8827778769825165,0.8921933085501859,0.9511234504132231,0.9511250272384941,port_protocol_service_ablation,39,36,3,ct_src_dport_ltm|ct_dst_sport_ltm|is_sm_ips_ports,ksf-v4-idsplit::
classical_ext,svc,6,matern25_med_x0.1__svc__d6,matern25_med_x0.1,ood_test,fixed_c1,1.0,,0.009001493453979492,0.884,0.8827539850201651,0.8830097949040681,0.8937728937728938,0.9309583253312848,0.8960041956430035,port_protocol_service_ablation,39,36,3,ct_src_dport_ltm|ct_dst_sport_ltm|is_sm_ips_ports,ksf-v4-idsplit::
classical_ext,svc,6,matern25_med_x0.1__svc__d6,matern25_med_x0.1,id_val,train_cv,10.0,0.8980716071607159,0.012464046478271484,0.9043824701195219,0.9036408692337019,0.9041252864782277,0.9090909090909091,0.9398271699072309,0.8955446410688048,port_protocol_service_ablation,39,36,3,ct_src_dport_ltm|ct_dst_sport_ltm|is_sm_ips_ports,ksf-v4-idsplit::
classical_ext,svc,6,matern25_med_x0.1__svc__d6,matern25_med_x0.1,id_test,train_cv,10.0,0.8980716071607159,0.012464046478271484,0.8674698795180723,0.866800103305785,0.8671613560308453,0.8735632183908046,0.9429235537190083,0.9433605042563765,port_protocol_service_ablation,39,36,3,ct_src_dport_ltm|ct_dst_sport_ltm|is_sm_ips_ports,ksf-v4-idsplit::
classical_ext,svc,6,matern25_med_x0.1__svc__d6,matern25_med_x0.1,ood_test,train_cv,10.0,0.8980716071607159,0.012464046478271484,0.912,0.9116573842903783,0.9118858040019866,0.915057915057915,0.9463702707893221,0.9111744254054135,port_protocol_service_ablation,39,36,3,ct_src_dport_ltm|ct_dst_sport_ltm|is_sm_ips_ports,ksf-v4-idsplit::
classical_ext,svc,6,matern25_med_x0.3__svc__d6,matern25_med_x0.3,id_val,fixed_c1,1.0,,0.00647735595703125,0.8764940239043825,0.8738403863260897,0.8747041110449107,0.8896797153024911,0.9703265980429533,0.954219791480429,port_protocol_service_ablation,39,36,3,ct_src_dport_ltm|ct_dst_sport_ltm|is_sm_ips_ports,ksf-v4-idsplit::
classical_ext,svc,6,matern25_med_x0.3__svc__d6,matern25_med_x0.3,id_test,fixed_c1,1.0,,0.00647735595703125,0.8795180722891566,0.8767110020661157,0.8776212319790302,0.8928571428571429,0.9349819214876033,0.8921447110600433,port_protocol_service_ablation,39,36,3,ct_src_dport_ltm|ct_dst_sport_ltm|is_sm_ips_ports,ksf-v4-idsplit::
classical_ext,svc,6,matern25_med_x0.3__svc__d6,matern25_med_x0.3,ood_test,fixed_c1,1.0,,0.00647735595703125,0.898,0.8964054798028296,0.8966569537712107,0.9084380610412927,0.9401766852314193,0.9252408975543513,port_protocol_service_ablation,39,36,3,ct_src_dport_ltm|ct_dst_sport_ltm|is_sm_ips_ports,ksf-v4-idsplit::
classical_ext,svc,6,matern25_med_x0.3__svc__d6,matern25_med_x0.3,id_val,train_cv,100.0,0.9011320132013202,0.014804363250732422,0.9123505976095617,0.9116151988816876,0.9121148459383753,0.9166666666666666,0.9689922480620154,0.9618554526027396,port_protocol_service_ablation,39,36,3,ct_src_dport_ltm|ct_dst_sport_ltm|is_sm_ips_ports,ksf-v4-idsplit::
classical_ext,svc,6,matern25_med_x0.3__svc__d6,matern25_med_x0.3,id_test,train_cv,100.0,0.9011320132013202,0.014804363250732422,0.891566265060241,0.8906895661157025,0.8912223930102743,0.8973384030418251,0.9305268595041323,0.9112792368306153,port_protocol_service_ablation,39,36,3,ct_src_dport_ltm|ct_dst_sport_ltm|is_sm_ips_ports,ksf-v4-idsplit::
classical_ext,svc,6,matern25_med_x0.3__svc__d6,matern25_med_x0.3,ood_test,train_cv,100.0,0.9011320132013202,0.014804363250732422,0.906,0.9056878560911594,0.9058912102390363,0.9090909090909091,0.9533480571026183,0.9319181500151079,port_protocol_service_ablation,39,36,3,ct_src_dport_ltm|ct_dst_sport_ltm|is_sm_ips_ports,ksf-v4-idsplit::
classical_ext,svc,6,matern25_med_x3__svc__d6,matern25_med_x3,id_val,fixed_c1,1.0,,0.0065326690673828125,0.8605577689243028,0.8574469437031389,0.8579513299377476,0.8771929824561403,0.875968992248062,0.8148195268625381,port_protocol_service_ablation,39,36,3,ct_src_dport_ltm|ct_dst_sport_ltm|is_sm_ips_ports,ksf-v4-idsplit::
classical_ext,svc,6,matern25_med_x3__svc__d6,matern25_med_x3,id_test,fixed_c1,1.0,,0.0065326690673828125,0.8755020080321285,0.8723527892561984,0.8731366587229846,0.8904593639575972,0.8961776859504131,0.8368895884211822,port_protocol_service_ablation,39,36,3,ct_src_dport_ltm|ct_dst_sport_ltm|is_sm_ips_ports,ksf-v4-idsplit::
classical_ext,svc,6,matern25_med_x3__svc__d6,matern25_med_x3,ood_test,fixed_c1,1.0,,0.0065326690673828125,0.816,0.8149926381153576,0.8149310416968409,0.828996282527881,0.7652359003905,0.6202039742476735,port_protocol_service_ablation,39,36,3,ct_src_dport_ltm|ct_dst_sport_ltm|is_sm_ips_ports,ksf-v4-idsplit::
classical_ext,svc,6,matern25_med_x3__svc__d6,matern25_med_x3,id_val,train_cv,100.0,0.8868809880988099,0.013101577758789062,0.8764940239043825,0.8729508196721312,0.8735968289552772,0.8927335640138409,0.9774431312746219,0.9775598191368075,port_protocol_service_ablation,39,36,3,ct_src_dport_ltm|ct_dst_sport_ltm|is_sm_ips_ports,ksf-v4-idsplit::
classical_ext,svc,6,matern25_med_x3__svc__d6,matern25_med_x3,id_test,train_cv,100.0,0.8868809880988099,0.013101577758789062,0.8755020080321285,0.8721268078512396,0.8728440820360761,0.8912280701754386,0.9605501033057852,0.9488842357299421,port_protocol_service_ablation,39,36,3,ct_src_dport_ltm|ct_dst_sport_ltm|is_sm_ips_ports,ksf-v4-idsplit::
classical_ext,svc,6,matern25_med_x3__svc__d6,matern25_med_x3,ood_test,train_cv,100.0,0.8868809880988099,0.013101577758789062,0.9,0.8983739837398375,0.8986360466436367,0.910394265232975,0.9412169515395942,0.9296740564353191,port_protocol_service_ablation,39,36,3,ct_src_dport_ltm|ct_dst_sport_ltm|is_sm_ips_ports,ksf-v4-idsplit::
classical_ext,svc,6,matern25_med_x10__svc__d6,matern25_med_x10,id_val,fixed_c1,1.0,,0.008007049560546875,0.7290836653386454,0.7228682170542635,0.7120782726045884,0.782051282051282,0.9455458126826789,0.9563954653384285,port_protocol_service_ablation,39,36,3,ct_src_dport_ltm|ct_dst_sport_ltm|is_sm_ips_ports,ksf-v4-idsplit::
classical_ext,svc,6,matern25_med_x10__svc__d6,matern25_med_x10,id_test,fixed_c1,1.0,,0.008007049560546875,0.7469879518072289,0.7426071797520661,0.7388329309914259,0.7849829351535836,0.9354338842975207,0.9463887999918754,port_protocol_service_ablation,39,36,3,ct_src_dport_ltm|ct_dst_sport_ltm|is_sm_ips_ports,ksf-v4-idsplit::
classical_ext,svc,6,matern25_med_x10__svc__d6,matern25_med_x10,ood_test,fixed_c1,1.0,,0.008007049560546875,0.666,0.6672908264515716,0.6643553411717416,0.6408602150537634,0.7048204340311119,0.5961731251529321,port_protocol_service_ablation,39,36,3,ct_src_dport_ltm|ct_dst_sport_ltm|is_sm_ips_ports,ksf-v4-idsplit::
classical_ext,svc,6,matern25_med_x10__svc__d6,matern25_med_x10,id_val,train_cv,100.0,0.8425270527052706,0.006999015808105469,0.8764940239043825,0.8729508196721312,0.8735968289552772,0.8927335640138409,0.8419748379717881,0.7532594262096781,port_protocol_service_ablation,39,36,3,ct_src_dport_ltm|ct_dst_sport_ltm|is_sm_ips_ports,ksf-v4-idsplit::
classical_ext,svc,6,matern25_med_x10__svc__d6,matern25_med_x10,id_test,train_cv,100.0,0.8425270527052706,0.006999015808105469,0.8714859437751004,0.8682205578512396,0.8688956166907991,0.8873239436619719,0.8787448347107438,0.7944704230059209,port_protocol_service_ablation,39,36,3,ct_src_dport_ltm|ct_dst_sport_ltm|is_sm_ips_ports,ksf-v4-idsplit::
classical_ext,svc,6,matern25_med_x10__svc__d6,matern25_med_x10,ood_test,train_cv,100.0,0.8425270527052706,0.006999015808105469,0.802,0.8012131105563025,0.8012359509956273,0.8135593220338984,0.7697010434671276,0.6396727981059349,port_protocol_service_ablation,39,36,3,ct_src_dport_ltm|ct_dst_sport_ltm|is_sm_ips_ports,ksf-v4-idsplit::
quantum,svc,6,zz_r1_full__as0.5__svc__d6,zz_r1_full__as0.5,id_val,fixed_c1,1.0,,0.008998632431030273,0.9083665338645418,0.9072944465624603,0.9079926687385449,0.9138576779026217,0.9701359766171052,0.9742202624684592,port_protocol_service_ablation,39,36,3,ct_src_dport_ltm|ct_dst_sport_ltm|is_sm_ips_ports,ksf-v4-idsplit::
quantum,svc,6,zz_r1_full__as0.5__svc__d6,zz_r1_full__as0.5,id_test,fixed_c1,1.0,,0.008998632431030273,0.8875502008032129,0.8858793904958677,0.8867446393762183,0.8962962962962963,0.948669938016529,0.9513099904711496,port_protocol_service_ablation,39,36,3,ct_src_dport_ltm|ct_dst_sport_ltm|is_sm_ips_ports,ksf-v4-idsplit::
quantum,svc,6,zz_r1_full__as0.5__svc__d6,zz_r1_full__as0.5,ood_test,fixed_c1,1.0,,0.008998632431030273,0.886,0.8846584725689777,0.8848945270376698,0.8961748633879781,0.9273093912041483,0.9069018001121951,port_protocol_service_ablation,39,36,3,ct_src_dport_ltm|ct_dst_sport_ltm|is_sm_ips_ports,ksf-v4-idsplit::
quantum,svc,6,zz_r1_full__as0.5__svc__d6,zz_r1_full__as0.5,id_val,train_cv,100.0,0.8901809180918093,0.023435592651367188,0.9043824701195219,0.9038632608971915,0.9041984732824427,0.9083969465648855,0.9173973821324185,0.8645945596398168,port_protocol_service_ablation,39,36,3,ct_src_dport_ltm|ct_dst_sport_ltm|is_sm_ips_ports,ksf-v4-idsplit::
quantum,svc,6,zz_r1_full__as0.5__svc__d6,zz_r1_full__as0.5,id_test,train_cv,100.0,0.8901809180918093,0.023435592651367188,0.8755020080321285,0.8748385847107438,0.8752121829380668,0.8812260536398467,0.9185175619834711,0.8829194339881213,port_protocol_service_ablation,39,36,3,ct_src_dport_ltm|ct_dst_sport_ltm|is_sm_ips_ports,ksf-v4-idsplit::
quantum,svc,6,zz_r1_full__as0.5__svc__d6,zz_r1_full__as0.5,ood_test,train_cv,100.0,0.8901809180918093,0.023435592651367188,0.882,0.8819377760706741,0.8819617556088173,0.8840864440078585,0.9385442673324371,0.9289331272651381,port_protocol_service_ablation,39,36,3,ct_src_dport_ltm|ct_dst_sport_ltm|is_sm_ips_ports,ksf-v4-idsplit::
quantum,svc,6,zz_r2_full__as0.5__svc__d6,zz_r2_full__as0.5,id_val,fixed_c1,1.0,,0.010000467300415039,0.9163346613545816,0.9152687762104461,0.915993306239541,0.9213483146067416,0.958508069640361,0.9331374110015621,port_protocol_service_ablation,39,36,3,ct_src_dport_ltm|ct_dst_sport_ltm|is_sm_ips_ports,ksf-v4-idsplit::
quantum,svc,6,zz_r2_full__as0.5__svc__d6,zz_r2_full__as0.5,id_test,fixed_c1,1.0,,0.010000467300415039,0.8755020080321285,0.8743866219008265,0.8749858288120496,0.8830188679245283,0.9463455578512396,0.9486388076849441,port_protocol_service_ablation,39,36,3,ct_src_dport_ltm|ct_dst_sport_ltm|is_sm_ips_ports,ksf-v4-idsplit::
quantum,svc,6,zz_r2_full__as0.5__svc__d6,zz_r2_full__as0.5,ood_test,fixed_c1,1.0,,0.010000467300415039,0.864,0.8630689456500864,0.8632913021101389,0.8731343283582089,0.9262371167018757,0.9016499756342659,port_protocol_service_ablation,39,36,3,ct_src_dport_ltm|ct_dst_sport_ltm|is_sm_ips_ports,ksf-v4-idsplit::
quantum,svc,6,zz_r2_full__as0.5__svc__d6,zz_r2_full__as0.5,id_val,train_cv,1.0,0.8761999199919993,0.008879423141479492,0.9163346613545816,0.9152687762104461,0.915993306239541,0.9213483146067416,0.958508069640361,0.9331374110015621,port_protocol_service_ablation,39,36,3,ct_src_dport_ltm|ct_dst_sport_ltm|is_sm_ips_ports,ksf-v4-idsplit::
quantum,svc,6,zz_r2_full__as0.5__svc__d6,zz_r2_full__as0.5,id_test,train_cv,1.0,0.8761999199919993,0.008879423141479492,0.8755020080321285,0.8743866219008265,0.8749858288120496,0.8830188679245283,0.9463455578512396,0.9486388076849441,port_protocol_service_ablation,39,36,3,ct_src_dport_ltm|ct_dst_sport_ltm|is_sm_ips_ports,ksf-v4-idsplit::
quantum,svc,6,zz_r2_full__as0.5__svc__d6,zz_r2_full__as0.5,ood_test,train_cv,1.0,0.8761999199919993,0.008879423141479492,0.864,0.8630689456500864,0.8632913021101389,0.8731343283582089,0.9262371167018757,0.9016499756342659,port_protocol_service_ablation,39,36,3,ct_src_dport_ltm|ct_dst_sport_ltm|is_sm_ips_ports,ksf-v4-idsplit::
quantum,svc,6,pauli_xz_r1_full__as0.5__svc__d6,pauli_xz_r1_full__as0.5,id_val,fixed_c1,1.0,,0.008000612258911133,0.8764940239043825,0.8729508196721312,0.8735968289552772,0.8927335640138409,0.9762358622442495,0.9764412169235561,port_protocol_service_ablation,39,36,3,ct_src_dport_ltm|ct_dst_sport_ltm|is_sm_ips_ports,ksf-v4-idsplit::
quantum,svc,6,pauli_xz_r1_full__as0.5__svc__d6,pauli_xz_r1_full__as0.5,id_test,fixed_c1,1.0,,0.008000612258911133,0.8755020080321285,0.8721268078512396,0.8728440820360761,0.8912280701754386,0.9466683884297521,0.9202769708931864,port_protocol_service_ablation,39,36,3,ct_src_dport_ltm|ct_dst_sport_ltm|is_sm_ips_ports,ksf-v4-idsplit::
quantum,svc,6,pauli_xz_r1_full__as0.5__svc__d6,pauli_xz_r1_full__as0.5,ood_test,fixed_c1,1.0,,0.008000612258911133,0.9,0.8983739837398375,0.8986360466436367,0.910394265232975,0.8953652134946546,0.8622963941704118,port_protocol_service_ablation,39,36,3,ct_src_dport_ltm|ct_dst_sport_ltm|is_sm_ips_ports,ksf-v4-idsplit::
quantum,svc,6,pauli_xz_r1_full__as0.5__svc__d6,pauli_xz_r1_full__as0.5,id_val,train_cv,100.0,0.8974219421942194,0.012508392333984375,0.9083665338645418,0.9072944465624603,0.9079926687385449,0.9138576779026217,0.9664506290507053,0.9510372157651091,port_protocol_service_ablation,39,36,3,ct_src_dport_ltm|ct_dst_sport_ltm|is_sm_ips_ports,ksf-v4-idsplit::
quantum,svc,6,pauli_xz_r1_full__as0.5__svc__d6,pauli_xz_r1_full__as0.5,id_test,train_cv,100.0,0.8974219421942194,0.012508392333984375,0.8955823293172691,0.8936918904958677,0.8946837584591358,0.9044117647058824,0.929558367768595,0.8683973798642165,port_protocol_service_ablation,39,36,3,ct_src_dport_ltm|ct_dst_sport_ltm|is_sm_ips_ports,ksf-v4-idsplit::
quantum,svc,6,pauli_xz_r1_full__as0.5__svc__d6,pauli_xz_r1_full__as0.5,ood_test,train_cv,100.0,0.8974219421942194,0.012508392333984375,0.932,0.9311503744958709,0.9316841073122116,0.9363295880149812,0.9643428717751743,0.9465359951363236,port_protocol_service_ablation,39,36,3,ct_src_dport_ltm|ct_dst_sport_ltm|is_sm_ips_ports,ksf-v4-idsplit::
quantum,svc,6,zmap_r2__as0.5__svc__d6,zmap_r2__as0.5,id_val,fixed_c1,1.0,,0.007996797561645508,0.8764940239043825,0.8729508196721312,0.8735968289552772,0.8927335640138409,0.9737577837082222,0.9693609524126754,port_protocol_service_ablation,39,36,3,ct_src_dport_ltm|ct_dst_sport_ltm|is_sm_ips_ports,ksf-v4-idsplit::
quantum,svc,6,zmap_r2__as0.5__svc__d6,zmap_r2__as0.5,id_test,fixed_c1,1.0,,0.007996797561645508,0.8755020080321285,0.8721268078512396,0.8728440820360761,0.8912280701754386,0.9534478305785123,0.9203296723208237,port_protocol_service_ablation,39,36,3,ct_src_dport_ltm|ct_dst_sport_ltm|is_sm_ips_ports,ksf-v4-idsplit::
quantum,svc,6,zmap_r2__as0.5__svc__d6,zmap_r2__as0.5,ood_test,fixed_c1,1.0,,0.007996797561645508,0.9,0.8983739837398375,0.8986360466436367,0.910394265232975,0.9445778119198515,0.936156672175124,port_protocol_service_ablation,39,36,3,ct_src_dport_ltm|ct_dst_sport_ltm|is_sm_ips_ports,ksf-v4-idsplit::
quantum,svc,6,zmap_r2__as0.5__svc__d6,zmap_r2__as0.5,id_val,train_cv,100.0,0.8903312331233124,0.017957448959350586,0.9043824701195219,0.9034184775702122,0.9040397604179942,0.9097744360902256,0.9604142838988436,0.9424887997771261,port_protocol_service_ablation,39,36,3,ct_src_dport_ltm|ct_dst_sport_ltm|is_sm_ips_ports,ksf-v4-idsplit::
quantum,svc,6,zmap_r2__as0.5__svc__d6,zmap_r2__as0.5,id_test,train_cv,100.0,0.8903312331233124,0.017957448959350586,0.8995983935742972,0.898050103305785,0.8989464456745833,0.9070631970260223,0.9272985537190083,0.875757283281968,port_protocol_service_ablation,39,36,3,ct_src_dport_ltm|ct_dst_sport_ltm|is_sm_ips_ports,ksf-v4-idsplit::
quantum,svc,6,zmap_r2__as0.5__svc__d6,zmap_r2__as0.5,ood_test,train_cv,100.0,0.8903312331233124,0.017957448959350586,0.936,0.9352794315344728,0.9357687675632276,0.939622641509434,0.9630945522053646,0.9410823320878611,port_protocol_service_ablation,39,36,3,ct_src_dport_ltm|ct_dst_sport_ltm|is_sm_ips_ports,ksf-v4-idsplit::
quantum,svc,6,zz_r1_full__svc__d6,zz_r1_full,id_val,fixed_c1,1.0,,0.00999903678894043,0.9043824701195219,0.9034184775702122,0.9040397604179942,0.9097744360902256,0.9614309315033677,0.9283813550203271,port_protocol_service_ablation,39,36,3,ct_src_dport_ltm|ct_dst_sport_ltm|is_sm_ips_ports,ksf-v4-idsplit::
quantum,svc,6,zz_r1_full__svc__d6,zz_r1_full,id_test,fixed_c1,1.0,,0.00999903678894043,0.8755020080321285,0.8741606404958677,0.874847998443504,0.8838951310861424,0.9562887396694215,0.9579309539285022,port_protocol_service_ablation,39,36,3,ct_src_dport_ltm|ct_dst_sport_ltm|is_sm_ips_ports,ksf-v4-idsplit::
quantum,svc,6,zz_r1_full__svc__d6,zz_r1_full,ood_test,fixed_c1,1.0,,0.00999903678894043,0.874,0.8729114653351258,0.8731470407016781,0.8835489833641405,0.9262691248959735,0.8916848196504166,port_protocol_service_ablation,39,36,3,ct_src_dport_ltm|ct_dst_sport_ltm|is_sm_ips_ports,ksf-v4-idsplit::
quantum,svc,6,zz_r1_full__svc__d6,zz_r1_full,id_val,train_cv,10.0,0.8820500050005002,0.013421058654785156,0.8884462151394422,0.8881369932647096,0.8883026064844247,0.8923076923076924,0.9316304485957554,0.8669888972750146,port_protocol_service_ablation,39,36,3,ct_src_dport_ltm|ct_dst_sport_ltm|is_sm_ips_ports,ksf-v4-idsplit::
quantum,svc,6,zz_r1_full__svc__d6,zz_r1_full,id_test,train_cv,10.0,0.8820500050005002,0.013421058654785156,0.8634538152610441,0.862893853305785,0.8631868131868132,0.8692307692307693,0.9414385330578513,0.9387830087593204,port_protocol_service_ablation,39,36,3,ct_src_dport_ltm|ct_dst_sport_ltm|is_sm_ips_ports,ksf-v4-idsplit::
quantum,svc,6,zz_r1_full__svc__d6,zz_r1_full,ood_test,train_cv,10.0,0.8820500050005002,0.013421058654785156,0.894,0.8937487996927214,0.8939045140626565,0.8970873786407767,0.9422572178477691,0.9157400663689739,port_protocol_service_ablation,39,36,3,ct_src_dport_ltm|ct_dst_sport_ltm|is_sm_ips_ports,ksf-v4-idsplit::
quantum,svc,6,zz_r2_full__svc__d6,zz_r2_full,id_val,fixed_c1,1.0,,0.010060548782348633,0.9083665338645418,0.90751683822595,0.9080805668338507,0.9132075471698113,0.9599695005718643,0.9407924085706029,port_protocol_service_ablation,39,36,3,ct_src_dport_ltm|ct_dst_sport_ltm|is_sm_ips_ports,ksf-v4-idsplit::
quantum,svc,6,zz_r2_full__svc__d6,zz_r2_full,id_test,fixed_c1,1.0,,0.010060548782348633,0.8795180722891566,0.8789708161157025,0.8792824822236587,0.8846153846153846,0.9402117768595042,0.9363324842444758,port_protocol_service_ablation,39,36,3,ct_src_dport_ltm|ct_dst_sport_ltm|is_sm_ips_ports,ksf-v4-idsplit::
quantum,svc,6,zz_r2_full__svc__d6,zz_r2_full,ood_test,fixed_c1,1.0,,0.010060548782348633,0.858,0.8573554830036489,0.8575847170348736,0.8652751423149905,0.9127616669867487,0.8691908526114327,port_protocol_service_ablation,39,36,3,ct_src_dport_ltm|ct_dst_sport_ltm|is_sm_ips_ports,ksf-v4-idsplit::
quantum,svc,6,zz_r2_full__svc__d6,zz_r2_full,id_val,train_cv,10.0,0.8669792979297929,0.012728452682495117,0.8764940239043825,0.8758419112974964,0.8762110822979143,0.8821292775665399,0.9201931630448595,0.8603362467802449,port_protocol_service_ablation,39,36,3,ct_src_dport_ltm|ct_dst_sport_ltm|is_sm_ips_ports,ksf-v4-idsplit::
quantum,svc,6,zz_r2_full__svc__d6,zz_r2_full,id_test,train_cv,10.0,0.8669792979297929,0.012728452682495117,0.8634538152610441,0.8626678719008265,0.8630806055117092,0.8702290076335878,0.9019240702479339,0.8805448426216678,port_protocol_service_ablation,39,36,3,ct_src_dport_ltm|ct_dst_sport_ltm|is_sm_ips_ports,ksf-v4-idsplit::
quantum,svc,6,zz_r2_full__svc__d6,zz_r2_full,ood_test,train_cv,10.0,0.8669792979297929,0.012728452682495117,0.894,0.8937487996927214,0.8939045140626565,0.8970873786407767,0.9264771781576083,0.8683581023798371,port_protocol_service_ablation,39,36,3,ct_src_dport_ltm|ct_dst_sport_ltm|is_sm_ips_ports,ksf-v4-idsplit::
quantum,svc,6,pauli_xz_r1_full__svc__d6,pauli_xz_r1_full,id_val,fixed_c1,1.0,,0.00843501091003418,0.8844621513944223,0.882037107637565,0.8830062523104618,0.8960573476702509,0.9721057313508705,0.9656283312963893,port_protocol_service_ablation,39,36,3,ct_src_dport_ltm|ct_dst_sport_ltm|is_sm_ips_ports,ksf-v4-idsplit::
quantum,svc,6,pauli_xz_r1_full__svc__d6,pauli_xz_r1_full,id_test,fixed_c1,1.0,,0.00843501091003418,0.891566265060241,0.8888817148760331,0.8899690676093681,0.9032258064516129,0.9370480371900826,0.8718082922433843,port_protocol_service_ablation,39,36,3,ct_src_dport_ltm|ct_dst_sport_ltm|is_sm_ips_ports,ksf-v4-idsplit::
quantum,svc,6,pauli_xz_r1_full__svc__d6,pauli_xz_r1_full,ood_test,fixed_c1,1.0,,0.00843501091003418,0.898,0.8964054798028296,0.8966569537712107,0.9084380610412927,0.9489149222200883,0.9358272580430282,port_protocol_service_ablation,39,36,3,ct_src_dport_ltm|ct_dst_sport_ltm|is_sm_ips_ports,ksf-v4-idsplit::
quantum,svc,6,pauli_xz_r1_full__svc__d6,pauli_xz_r1_full,id_val,train_cv,100.0,0.89919201920192,0.014491081237792969,0.9043824701195219,0.9038632608971915,0.9041984732824427,0.9083969465648855,0.9682933028339052,0.9528357873932407,port_protocol_service_ablation,39,36,3,ct_src_dport_ltm|ct_dst_sport_ltm|is_sm_ips_ports,ksf-v4-idsplit::
quantum,svc,6,pauli_xz_r1_full__svc__d6,pauli_xz_r1_full,id_test,train_cv,100.0,0.89919201920192,0.014491081237792969,0.8955823293172691,0.8945958161157025,0.8952020202020201,0.9015151515151515,0.9151601239669421,0.8501133949822772,port_protocol_service_ablation,39,36,3,ct_src_dport_ltm|ct_dst_sport_ltm|is_sm_ips_ports,ksf-v4-idsplit::
quantum,svc,6,pauli_xz_r1_full__svc__d6,pauli_xz_r1_full,ood_test,train_cv,100.0,0.89919201920192,0.014491081237792969,0.91,0.9097528967415658,0.9099189270343309,0.912621359223301,0.9486908648614045,0.9321768480639403,port_protocol_service_ablation,39,36,3,ct_src_dport_ltm|ct_dst_sport_ltm|is_sm_ips_ports,ksf-v4-idsplit::
quantum,svc,6,zmap_r2__svc__d6,zmap_r2,id_val,fixed_c1,1.0,,0.010513782501220703,0.8685258964143426,0.8654212733511246,0.8660683967984477,0.8842105263157894,0.9682933028339051,0.9583087214353111,port_protocol_service_ablation,39,36,3,ct_src_dport_ltm|ct_dst_sport_ltm|is_sm_ips_ports,ksf-v4-idsplit::
quantum,svc,6,zmap_r2__svc__d6,zmap_r2,id_test,fixed_c1,1.0,,0.010513782501220703,0.8795180722891566,0.8767110020661157,0.8776212319790302,0.8928571428571429,0.940857438016529,0.9063229155322944,port_protocol_service_ablation,39,36,3,ct_src_dport_ltm|ct_dst_sport_ltm|is_sm_ips_ports,ksf-v4-idsplit::
quantum,svc,6,zmap_r2__svc__d6,zmap_r2,ood_test,fixed_c1,1.0,,0.010513782501220703,0.898,0.8964694961910249,0.8967506832675372,0.9081081081081082,0.9402086934255168,0.9217201684737064,port_protocol_service_ablation,39,36,3,ct_src_dport_ltm|ct_dst_sport_ltm|is_sm_ips_ports,ksf-v4-idsplit::
quantum,svc,6,zmap_r2__svc__d6,zmap_r2,id_val,train_cv,100.0,0.9021120112011201,0.021521806716918945,0.900398406374502,0.8995425085779641,0.90008757264549,0.9056603773584906,0.9665777100012708,0.9576248292881222,port_protocol_service_ablation,39,36,3,ct_src_dport_ltm|ct_dst_sport_ltm|is_sm_ips_ports,ksf-v4-idsplit::
quantum,svc,6,zmap_r2__svc__d6,zmap_r2,id_test,train_cv,100.0,0.9021120112011201,0.021521806716918945,0.891566265060241,0.8911415289256198,0.8913910922279122,0.8957528957528957,0.9387913223140496,0.9149209313819826,port_protocol_service_ablation,39,36,3,ct_src_dport_ltm|ct_dst_sport_ltm|is_sm_ips_ports,ksf-v4-idsplit::
quantum,svc,6,zmap_r2__svc__d6,zmap_r2,ood_test,train_cv,100.0,0.9021120112011201,0.021521806716918945,0.914,0.9136899046155815,0.9139004689420971,0.9168278529980658,0.9471704756417644,0.9302777709573196,port_protocol_service_ablation,39,36,3,ct_src_dport_ltm|ct_dst_sport_ltm|is_sm_ips_ports,ksf-v4-idsplit::
quantum,svc,6,zz_r1_full__as2__svc__d6,zz_r1_full__as2,id_val,fixed_c1,1.0,,0.010469913482666016,0.896414342629482,0.8954441479222264,0.8960430737861602,0.9022556390977443,0.9653069004956156,0.9627772152603488,port_protocol_service_ablation,39,36,3,ct_src_dport_ltm|ct_dst_sport_ltm|is_sm_ips_ports,ksf-v4-idsplit::
quantum,svc,6,zz_r1_full__as2__svc__d6,zz_r1_full__as2,id_test,fixed_c1,1.0,,0.010469913482666016,0.8755020080321285,0.8739346590909092,0.8746935926364832,0.8847583643122676,0.9330449380165289,0.9271133439779847,port_protocol_service_ablation,39,36,3,ct_src_dport_ltm|ct_dst_sport_ltm|is_sm_ips_ports,ksf-v4-idsplit::
quantum,svc,6,zz_r1_full__as2__svc__d6,zz_r1_full__as2,ood_test,fixed_c1,1.0,,0.010469913482666016,0.878,0.8774246207029,0.8776942355889724,0.8838095238095238,0.9218519941104922,0.8671515602533254,port_protocol_service_ablation,39,36,3,ct_src_dport_ltm|ct_dst_sport_ltm|is_sm_ips_ports,ksf-v4-idsplit::
quantum,svc,6,zz_r1_full__as2__svc__d6,zz_r1_full__as2,id_val,train_cv,1.0,0.8672193219321933,0.014461040496826172,0.896414342629482,0.8954441479222264,0.8960430737861602,0.9022556390977443,0.9653069004956156,0.9627772152603488,port_protocol_service_ablation,39,36,3,ct_src_dport_ltm|ct_dst_sport_ltm|is_sm_ips_ports,ksf-v4-idsplit::
quantum,svc,6,zz_r1_full__as2__svc__d6,zz_r1_full__as2,id_test,train_cv,1.0,0.8672193219321933,0.014461040496826172,0.8755020080321285,0.8739346590909092,0.8746935926364832,0.8847583643122676,0.9330449380165289,0.9271133439779847,port_protocol_service_ablation,39,36,3,ct_src_dport_ltm|ct_dst_sport_ltm|is_sm_ips_ports,ksf-v4-idsplit::
quantum,svc,6,zz_r1_full__as2__svc__d6,zz_r1_full__as2,ood_test,train_cv,1.0,0.8672193219321933,0.014461040496826172,0.878,0.8774246207029,0.8776942355889724,0.8838095238095238,0.9218519941104922,0.8671515602533254,port_protocol_service_ablation,39,36,3,ct_src_dport_ltm|ct_dst_sport_ltm|is_sm_ips_ports,ksf-v4-idsplit::
quantum,svc,6,zz_r2_full__as2__svc__d6,zz_r2_full__as2,id_val,fixed_c1,1.0,,0.010682821273803711,0.8804780876494024,0.8810522302706825,0.8804761904761904,0.8809523809523809,0.9459905960096582,0.951064326001863,port_protocol_service_ablation,39,36,3,ct_src_dport_ltm|ct_dst_sport_ltm|is_sm_ips_ports,ksf-v4-idsplit::
quantum,svc,6,zz_r2_full__as2__svc__d6,zz_r2_full__as2,id_test,fixed_c1,1.0,,0.010682821273803711,0.8835341365461847,0.8840069731404958,0.8835266222559156,0.8844621513944223,0.9315599173553719,0.9104310472116417,port_protocol_service_ablation,39,36,3,ct_src_dport_ltm|ct_dst_sport_ltm|is_sm_ips_ports,ksf-v4-idsplit::
quantum,svc,6,zz_r2_full__as2__svc__d6,zz_r2_full__as2,ood_test,fixed_c1,1.0,,0.010682821273803711,0.756,0.7576659624863965,0.7539171547982121,0.7312775330396476,0.8862588822738621,0.8591346061635343,port_protocol_service_ablation,39,36,3,ct_src_dport_ltm|ct_dst_sport_ltm|is_sm_ips_ports,ksf-v4-idsplit::
quantum,svc,6,zz_r2_full__as2__svc__d6,zz_r2_full__as2,id_val,train_cv,1.0,0.8205154515451545,0.009510278701782227,0.8804780876494024,0.8810522302706825,0.8804761904761904,0.8809523809523809,0.9459905960096582,0.951064326001863,port_protocol_service_ablation,39,36,3,ct_src_dport_ltm|ct_dst_sport_ltm|is_sm_ips_ports,ksf-v4-idsplit::
quantum,svc,6,zz_r2_full__as2__svc__d6,zz_r2_full__as2,id_test,train_cv,1.0,0.8205154515451545,0.009510278701782227,0.8835341365461847,0.8840069731404958,0.8835266222559156,0.8844621513944223,0.9315599173553719,0.9104310472116417,port_protocol_service_ablation,39,36,3,ct_src_dport_ltm|ct_dst_sport_ltm|is_sm_ips_ports,ksf-v4-idsplit::
quantum,svc,6,zz_r2_full__as2__svc__d6,zz_r2_full__as2,ood_test,train_cv,1.0,0.8205154515451545,0.009510278701782227,0.756,0.7576659624863965,0.7539171547982121,0.7312775330396476,0.8862588822738621,0.8591346061635343,port_protocol_service_ablation,39,36,3,ct_src_dport_ltm|ct_dst_sport_ltm|is_sm_ips_ports,ksf-v4-idsplit::
quantum,svc,6,pauli_xz_r1_full__as2__svc__d6,pauli_xz_r1_full__as2,id_val,fixed_c1,1.0,,0.008358955383300781,0.8844621513944223,0.8822594993010549,0.8832089851584436,0.8953068592057761,0.9734400813318084,0.9738507083555022,port_protocol_service_ablation,39,36,3,ct_src_dport_ltm|ct_dst_sport_ltm|is_sm_ips_ports,ksf-v4-idsplit::
quantum,svc,6,pauli_xz_r1_full__as2__svc__d6,pauli_xz_r1_full__as2,id_test,fixed_c1,1.0,,0.008358955383300781,0.8835341365461847,0.8808432334710744,0.8818186281730249,0.8960573476702509,0.9515754132231405,0.9282889557930017,port_protocol_service_ablation,39,36,3,ct_src_dport_ltm|ct_dst_sport_ltm|is_sm_ips_ports,ksf-v4-idsplit::
quantum,svc,6,pauli_xz_r1_full__as2__svc__d6,pauli_xz_r1_full__as2,ood_test,fixed_c1,1.0,,0.008358955383300781,0.894,0.8925324883170092,0.8927954496725204,0.9041591320072333,0.9302701491581845,0.8969486529318571,port_protocol_service_ablation,39,36,3,ct_src_dport_ltm|ct_dst_sport_ltm|is_sm_ips_ports,ksf-v4-idsplit::
quantum,svc,6,pauli_xz_r1_full__as2__svc__d6,pauli_xz_r1_full__as2,id_val,train_cv,10.0,0.8862009200920091,0.015398502349853516,0.900398406374502,0.8990977252509849,0.8998835298434833,0.9070631970260223,0.968611005210319,0.9705929901109849,port_protocol_service_ablation,39,36,3,ct_src_dport_ltm|ct_dst_sport_ltm|is_sm_ips_ports,ksf-v4-idsplit::
quantum,svc,6,pauli_xz_r1_full__as2__svc__d6,pauli_xz_r1_full__as2,id_test,train_cv,10.0,0.8862009200920091,0.015398502349853516,0.8755020080321285,0.8748385847107438,0.8752121829380668,0.8812260536398467,0.9373063016528925,0.9040053221227815,port_protocol_service_ablation,39,36,3,ct_src_dport_ltm|ct_dst_sport_ltm|is_sm_ips_ports,ksf-v4-idsplit::
quantum,svc,6,pauli_xz_r1_full__as2__svc__d6,pauli_xz_r1_full__as2,ood_test,train_cv,10.0,0.8862009200920091,0.015398502349853516,0.896,0.8957173036297292,0.8958933948363124,0.8992248062015504,0.941745086742206,0.921249419405147,port_protocol_service_ablation,39,36,3,ct_src_dport_ltm|ct_dst_sport_ltm|is_sm_ips_ports,ksf-v4-idsplit::
quantum,svc,6,zmap_r2__as2__svc__d6,zmap_r2__as2,id_val,fixed_c1,1.0,,0.009000301361083984,0.8924302788844621,0.8904562206125302,0.8914377252703244,0.9018181818181819,0.96079552675054,0.9475035352274249,port_protocol_service_ablation,39,36,3,ct_src_dport_ltm|ct_dst_sport_ltm|is_sm_ips_ports,ksf-v4-idsplit::
quantum,svc,6,zmap_r2__as2__svc__d6,zmap_r2__as2,id_test,fixed_c1,1.0,,0.009000301361083984,0.8473895582329317,0.8465909090909092,0.8469724414542632,0.8549618320610687,0.9400180785123967,0.9366768689818539,port_protocol_service_ablation,39,36,3,ct_src_dport_ltm|ct_dst_sport_ltm|is_sm_ips_ports,ksf-v4-idsplit::
quantum,svc,6,zmap_r2__as2__svc__d6,zmap_r2__as2,ood_test,fixed_c1,1.0,,0.009000301361083984,0.872,0.871135010562704,0.8714053784700455,0.8801498127340824,0.8874271813584278,0.8514478327104321,port_protocol_service_ablation,39,36,3,ct_src_dport_ltm|ct_dst_sport_ltm|is_sm_ips_ports,ksf-v4-idsplit::
quantum,svc,6,zmap_r2__as2__svc__d6,zmap_r2__as2,id_val,train_cv,100.0,0.883150615061506,0.032560110092163086,0.9083665338645418,0.9077392298894396,0.9081566094468396,0.9125475285171103,0.9399542508577965,0.9145849692042224,port_protocol_service_ablation,39,36,3,ct_src_dport_ltm|ct_dst_sport_ltm|is_sm_ips_ports,ksf-v4-idsplit::
quantum,svc,6,zmap_r2__as2__svc__d6,zmap_r2__as2,id_test,train_cv,100.0,0.883150615061506,0.032560110092163086,0.8473895582329317,0.8461389462809917,0.8466748768472906,0.8571428571428571,0.9172908057851239,0.8818625764013209,port_protocol_service_ablation,39,36,3,ct_src_dport_ltm|ct_dst_sport_ltm|is_sm_ips_ports,ksf-v4-idsplit::
quantum,svc,6,zmap_r2__as2__svc__d6,zmap_r2__as2,ood_test,train_cv,100.0,0.883150615061506,0.032560110092163086,0.856,0.8565392740541579,0.8559423769507803,0.8530612244897959,0.9221240637603226,0.9181351079858391,port_protocol_service_ablation,39,36,3,ct_src_dport_ltm|ct_dst_sport_ltm|is_sm_ips_ports,ksf-v4-idsplit::
classical_ext,svc,8,linear__svc__d8,linear,id_val,fixed_c1,1.0,,0.01034235954284668,0.8645418326693227,0.8615453043588766,0.8621591936942758,0.8802816901408451,0.8701868089973314,0.8370042163069495,port_protocol_service_ablation,39,36,3,ct_src_dport_ltm|ct_dst_sport_ltm|is_sm_ips_ports,ksf-v4-idsplit::
classical_ext,svc,8,linear__svc__d8,linear,id_test,fixed_c1,1.0,,0.01034235954284668,0.8634538152610441,0.860860020661157,0.8615761935905821,0.8776978417266187,0.8994705578512396,0.8868216431232351,port_protocol_service_ablation,39,36,3,ct_src_dport_ltm|ct_dst_sport_ltm|is_sm_ips_ports,ksf-v4-idsplit::
classical_ext,svc,8,linear__svc__d8,linear,ood_test,fixed_c1,1.0,,0.01034235954284668,0.714,0.7145349209397606,0.7138615089703416,0.7075664621676891,0.7901542794955508,0.6724404180135966,port_protocol_service_ablation,39,36,3,ct_src_dport_ltm|ct_dst_sport_ltm|is_sm_ips_ports,ksf-v4-idsplit::
classical_ext,svc,8,linear__svc__d8,linear,id_val,train_cv,100.0,0.8394874487448745,0.015032291412353516,0.8645418326693227,0.8615453043588766,0.8621591936942758,0.8802816901408451,0.8451518617359258,0.719254520251169,port_protocol_service_ablation,39,36,3,ct_src_dport_ltm|ct_dst_sport_ltm|is_sm_ips_ports,ksf-v4-idsplit::
classical_ext,svc,8,linear__svc__d8,linear,id_test,train_cv,100.0,0.8394874487448745,0.015032291412353516,0.8674698795180723,0.8652182334710744,0.8660089686098655,0.88,0.8838455578512396,0.8132672324448266,port_protocol_service_ablation,39,36,3,ct_src_dport_ltm|ct_dst_sport_ltm|is_sm_ips_ports,ksf-v4-idsplit::
classical_ext,svc,8,linear__svc__d8,linear,ood_test,train_cv,100.0,0.8394874487448745,0.015032291412353516,0.712,0.7126304333909481,0.7117740308401788,0.7037037037037037,0.7641476217911786,0.6390596836640761,port_protocol_service_ablation,39,36,3,ct_src_dport_ltm|ct_dst_sport_ltm|is_sm_ips_ports,ksf-v4-idsplit::
classical_ext,svc,8,rbf_gscale__svc__d8,rbf_gscale,id_val,fixed_c1,1.0,,0.006180763244628906,0.8764940239043825,0.8729508196721312,0.8735968289552772,0.8927335640138409,0.9712797051721948,0.9689870039652075,port_protocol_service_ablation,39,36,3,ct_src_dport_ltm|ct_dst_sport_ltm|is_sm_ips_ports,ksf-v4-idsplit::
classical_ext,svc,8,rbf_gscale__svc__d8,rbf_gscale,id_test,fixed_c1,1.0,,0.006180763244628906,0.8755020080321285,0.8721268078512396,0.8728440820360761,0.8912280701754386,0.9619059917355371,0.9606326761396808,port_protocol_service_ablation,39,36,3,ct_src_dport_ltm|ct_dst_sport_ltm|is_sm_ips_ports,ksf-v4-idsplit::
classical_ext,svc,8,rbf_gscale__svc__d8,rbf_gscale,ood_test,fixed_c1,1.0,,0.006180763244628906,0.9,0.8983739837398375,0.8986360466436367,0.910394265232975,0.9082325075219255,0.872758131202887,port_protocol_service_ablation,39,36,3,ct_src_dport_ltm|ct_dst_sport_ltm|is_sm_ips_ports,ksf-v4-idsplit::
classical_ext,svc,8,rbf_gscale__svc__d8,rbf_gscale,id_val,train_cv,100.0,0.8933215321532153,0.016521453857421875,0.9083665338645418,0.9072944465624603,0.9079926687385449,0.9138576779026217,0.9578091244122505,0.9482555191939027,port_protocol_service_ablation,39,36,3,ct_src_dport_ltm|ct_dst_sport_ltm|is_sm_ips_ports,ksf-v4-idsplit::
classical_ext,svc,8,rbf_gscale__svc__d8,rbf_gscale,id_test,train_cv,100.0,0.8933215321532153,0.016521453857421875,0.8875502008032129,0.8858793904958677,0.8867446393762183,0.8962962962962963,0.9354984504132232,0.8939616683811344,port_protocol_service_ablation,39,36,3,ct_src_dport_ltm|ct_dst_sport_ltm|is_sm_ips_ports,ksf-v4-idsplit::
classical_ext,svc,8,rbf_gscale__svc__d8,rbf_gscale,ood_test,train_cv,100.0,0.8933215321532153,0.016521453857421875,0.918,0.9173708469368158,0.9177601887102792,0.9222011385199241,0.9600057614749375,0.9367581915680124,port_protocol_service_ablation,39,36,3,ct_src_dport_ltm|ct_dst_sport_ltm|is_sm_ips_ports,ksf-v4-idsplit::
classical_ext,svc,8,poly2__svc__d8,poly2,id_val,fixed_c1,1.0,,0.0060672760009765625,0.8764940239043825,0.8729508196721312,0.8735968289552772,0.8927335640138409,0.846422671241581,0.7363044080251473,port_protocol_service_ablation,39,36,3,ct_src_dport_ltm|ct_dst_sport_ltm|is_sm_ips_ports,ksf-v4-idsplit::
classical_ext,svc,8,poly2__svc__d8,poly2,id_test,fixed_c1,1.0,,0.0060672760009765625,0.8755020080321285,0.8721268078512396,0.8728440820360761,0.8912280701754386,0.8840392561983471,0.7965699130878086,port_protocol_service_ablation,39,36,3,ct_src_dport_ltm|ct_dst_sport_ltm|is_sm_ips_ports,ksf-v4-idsplit::
classical_ext,svc,8,poly2__svc__d8,poly2,ood_test,fixed_c1,1.0,,0.0060672760009765625,0.874,0.8720792522885858,0.8716961765460611,0.8888888888888888,0.7651878880993535,0.6182929527369313,port_protocol_service_ablation,39,36,3,ct_src_dport_ltm|ct_dst_sport_ltm|is_sm_ips_ports,ksf-v4-idsplit::
classical_ext,svc,8,poly2__svc__d8,poly2,id_val,train_cv,100.0,0.8918314831483147,0.011770009994506836,0.8804780876494024,0.8770491803278688,0.8778232087227414,0.8958333333333334,0.9728682170542635,0.9673032617039335,port_protocol_service_ablation,39,36,3,ct_src_dport_ltm|ct_dst_sport_ltm|is_sm_ips_ports,ksf-v4-idsplit::
classical_ext,svc,8,poly2__svc__d8,poly2,id_test,train_cv,100.0,0.8918314831483147,0.011770009994506836,0.8755020080321285,0.8721268078512396,0.8728440820360761,0.8912280701754386,0.9366606404958677,0.893743043593292,port_protocol_service_ablation,39,36,3,ct_src_dport_ltm|ct_dst_sport_ltm|is_sm_ips_ports,ksf-v4-idsplit::
classical_ext,svc,8,poly2__svc__d8,poly2,ood_test,train_cv,100.0,0.8918314831483147,0.011770009994506836,0.9,0.8983739837398375,0.8986360466436367,0.910394265232975,0.9302861532552333,0.904637815180875,port_protocol_service_ablation,39,36,3,ct_src_dport_ltm|ct_dst_sport_ltm|is_sm_ips_ports,ksf-v4-idsplit::
classical_ext,svc,8,poly3__svc__d8,poly3,id_val,fixed_c1,1.0,,0.006586313247680664,0.8764940239043825,0.8729508196721312,0.8735968289552772,0.8927335640138409,0.8550641758800357,0.7670559302280053,port_protocol_service_ablation,39,36,3,ct_src_dport_ltm|ct_dst_sport_ltm|is_sm_ips_ports,ksf-v4-idsplit::
classical_ext,svc,8,poly3__svc__d8,poly3,id_test,fixed_c1,1.0,,0.006586313247680664,0.8755020080321285,0.8721268078512396,0.8728440820360761,0.8912280701754386,0.8618285123966942,0.7578997575657352,port_protocol_service_ablation,39,36,3,ct_src_dport_ltm|ct_dst_sport_ltm|is_sm_ips_ports,ksf-v4-idsplit::
classical_ext,svc,8,poly3__svc__d8,poly3,ood_test,fixed_c1,1.0,,0.006586313247680664,0.878,0.8760162601626016,0.8756315267963088,0.8927943760984183,0.8062864093207862,0.6768412716840642,port_protocol_service_ablation,39,36,3,ct_src_dport_ltm|ct_dst_sport_ltm|is_sm_ips_ports,ksf-v4-idsplit::
classical_ext,svc,8,poly3__svc__d8,poly3,id_val,train_cv,100.0,0.8866912691269127,0.015364646911621094,0.8804780876494024,0.8772715719913584,0.8781080031080031,0.8951048951048951,0.9741390265599186,0.9637692284030301,port_protocol_service_ablation,39,36,3,ct_src_dport_ltm|ct_dst_sport_ltm|is_sm_ips_ports,ksf-v4-idsplit::
classical_ext,svc,8,poly3__svc__d8,poly3,id_test,train_cv,100.0,0.8866912691269127,0.015364646911621094,0.8875502008032129,0.8847494834710744,0.8857798165137615,0.9,0.9349819214876033,0.8752763267081284,port_protocol_service_ablation,39,36,3,ct_src_dport_ltm|ct_dst_sport_ltm|is_sm_ips_ports,ksf-v4-idsplit::
classical_ext,svc,8,poly3__svc__d8,poly3,ood_test,train_cv,100.0,0.8866912691269127,0.015364646911621094,0.902,0.9004065040650406,0.900709622250771,0.9120287253141831,0.9474425452915947,0.9227249587558556,port_protocol_service_ablation,39,36,3,ct_src_dport_ltm|ct_dst_sport_ltm|is_sm_ips_ports,ksf-v4-idsplit::
classical_ext,svc,8,laplacian_med__svc__d8,laplacian_med,id_val,fixed_c1,1.0,,0.006262779235839844,0.8764940239043825,0.8729508196721312,0.8735968289552772,0.8927335640138409,0.9635277671876986,0.9548003783968857,port_protocol_service_ablation,39,36,3,ct_src_dport_ltm|ct_dst_sport_ltm|is_sm_ips_ports,ksf-v4-idsplit::
classical_ext,svc,8,laplacian_med__svc__d8,laplacian_med,id_test,fixed_c1,1.0,,0.006262779235839844,0.8755020080321285,0.8721268078512396,0.8728440820360761,0.8912280701754386,0.9489927685950413,0.9259220407238524,port_protocol_service_ablation,39,36,3,ct_src_dport_ltm|ct_dst_sport_ltm|is_sm_ips_ports,ksf-v4-idsplit::
classical_ext,svc,8,laplacian_med__svc__d8,laplacian_med,ood_test,fixed_c1,1.0,,0.006262779235839844,0.9,0.8983739837398375,0.8986360466436367,0.910394265232975,0.943713590679214,0.9265577657956932,port_protocol_service_ablation,39,36,3,ct_src_dport_ltm|ct_dst_sport_ltm|is_sm_ips_ports,ksf-v4-idsplit::
classical_ext,svc,8,laplacian_med__svc__d8,laplacian_med,id_val,train_cv,100.0,0.889040904090409,0.00879669189453125,0.8884462151394422,0.8876922099377302,0.8881461675579323,0.8939393939393939,0.9630194433854365,0.9522561681825291,port_protocol_service_ablation,39,36,3,ct_src_dport_ltm|ct_dst_sport_ltm|is_sm_ips_ports,ksf-v4-idsplit::
classical_ext,svc,8,laplacian_med__svc__d8,laplacian_med,id_test,train_cv,100.0,0.889040904090409,0.00879669189453125,0.8634538152610441,0.8626678719008265,0.8630806055117092,0.8702290076335878,0.939114152892562,0.9317441768323457,port_protocol_service_ablation,39,36,3,ct_src_dport_ltm|ct_dst_sport_ltm|is_sm_ips_ports,ksf-v4-idsplit::
classical_ext,svc,8,laplacian_med__svc__d8,laplacian_med,ood_test,train_cv,100.0,0.889040904090409,0.00879669189453125,0.916,0.9154023429998079,0.915772248159022,0.9201520912547528,0.9566128929005825,0.9283395710631983,port_protocol_service_ablation,39,36,3,ct_src_dport_ltm|ct_dst_sport_ltm|is_sm_ips_ports,ksf-v4-idsplit::
classical_ext,svc,8,matern15_med__svc__d8,matern15_med,id_val,fixed_c1,1.0,,0.008020639419555664,0.8764940239043825,0.8729508196721312,0.8735968289552772,0.8927335640138409,0.9550768839750922,0.928998042351685,port_protocol_service_ablation,39,36,3,ct_src_dport_ltm|ct_dst_sport_ltm|is_sm_ips_ports,ksf-v4-idsplit::
classical_ext,svc,8,matern15_med__svc__d8,matern15_med,id_test,fixed_c1,1.0,,0.008020639419555664,0.8755020080321285,0.8721268078512396,0.8728440820360761,0.8912280701754386,0.9374354338842976,0.8949453071081179,port_protocol_service_ablation,39,36,3,ct_src_dport_ltm|ct_dst_sport_ltm|is_sm_ips_ports,ksf-v4-idsplit::
classical_ext,svc,8,matern15_med__svc__d8,matern15_med,ood_test,fixed_c1,1.0,,0.008020639419555664,0.888,0.8861788617886179,0.8861344264428395,0.900709219858156,0.8928205620638884,0.8507043202025284,port_protocol_service_ablation,39,36,3,ct_src_dport_ltm|ct_dst_sport_ltm|is_sm_ips_ports,ksf-v4-idsplit::
classical_ext,svc,8,matern15_med__svc__d8,matern15_med,id_val,train_cv,100.0,0.8951617161716172,0.013123512268066406,0.9043824701195219,0.9043080442241708,0.9043080442241708,0.9069767441860465,0.9621934172067607,0.9419160991958156,port_protocol_service_ablation,39,36,3,ct_src_dport_ltm|ct_dst_sport_ltm|is_sm_ips_ports,ksf-v4-idsplit::
classical_ext,svc,8,matern15_med__svc__d8,matern15_med,id_test,train_cv,100.0,0.8951617161716172,0.013123512268066406,0.8835341365461847,0.8826510847107438,0.8831647924925168,0.8897338403041825,0.9345945247933884,0.8856767709954549,port_protocol_service_ablation,39,36,3,ct_src_dport_ltm|ct_dst_sport_ltm|is_sm_ips_ports,ksf-v4-idsplit::
classical_ext,svc,8,matern15_med__svc__d8,matern15_med,ood_test,train_cv,100.0,0.8951617161716172,0.013123512268066406,0.92,0.9193393508738237,0.9197483307652798,0.9242424242424242,0.9513955572626592,0.9255352740381031,port_protocol_service_ablation,39,36,3,ct_src_dport_ltm|ct_dst_sport_ltm|is_sm_ips_ports,ksf-v4-idsplit::
classical_ext,svc,8,matern25_med__svc__d8,matern25_med,id_val,fixed_c1,1.0,,0.005749940872192383,0.8764940239043825,0.8729508196721312,0.8735968289552772,0.8927335640138409,0.9490405388232304,0.9246963464292671,port_protocol_service_ablation,39,36,3,ct_src_dport_ltm|ct_dst_sport_ltm|is_sm_ips_ports,ksf-v4-idsplit::
classical_ext,svc,8,matern25_med__svc__d8,matern25_med,id_test,fixed_c1,1.0,,0.005749940872192383,0.8755020080321285,0.8721268078512396,0.8728440820360761,0.8912280701754386,0.9285898760330579,0.8852010590607847,port_protocol_service_ablation,39,36,3,ct_src_dport_ltm|ct_dst_sport_ltm|is_sm_ips_ports,ksf-v4-idsplit::
classical_ext,svc,8,matern25_med__svc__d8,matern25_med,ood_test,fixed_c1,1.0,,0.005749940872192383,0.878,0.8760162601626016,0.8756315267963088,0.8927943760984183,0.8606523269957109,0.7968576707881717,port_protocol_service_ablation,39,36,3,ct_src_dport_ltm|ct_dst_sport_ltm|is_sm_ips_ports,ksf-v4-idsplit::
classical_ext,svc,8,matern25_med__svc__d8,matern25_med,id_val,train_cv,100.0,0.8882912291229124,0.01201176643371582,0.9083665338645418,0.90751683822595,0.9080805668338507,0.9132075471698113,0.9546956411233957,0.9239292100234083,port_protocol_service_ablation,39,36,3,ct_src_dport_ltm|ct_dst_sport_ltm|is_sm_ips_ports,ksf-v4-idsplit::
classical_ext,svc,8,matern25_med__svc__d8,matern25_med,id_test,train_cv,100.0,0.8882912291229124,0.01201176643371582,0.8795180722891566,0.8773889462809917,0.8782911887382691,0.8905109489051095,0.9286544421487605,0.8716285849565056,port_protocol_service_ablation,39,36,3,ct_src_dport_ltm|ct_dst_sport_ltm|is_sm_ips_ports,ksf-v4-idsplit::
classical_ext,svc,8,matern25_med__svc__d8,matern25_med,ood_test,train_cv,100.0,0.8882912291229124,0.01201176643371582,0.926,0.925180846296652,0.9256762457263841,0.9305816135084428,0.9620382818001407,0.9434629063942253,port_protocol_service_ablation,39,36,3,ct_src_dport_ltm|ct_dst_sport_ltm|is_sm_ips_ports,ksf-v4-idsplit::
classical_ext,svc,8,rbf_gscale_x0.1__svc__d8,rbf_gscale_x0.1,id_val,fixed_c1,1.0,,0.0067653656005859375,0.8685258964143426,0.865198881687635,0.8657645247548821,0.8850174216027874,0.859639090100394,0.7944539670883706,port_protocol_service_ablation,39,36,3,ct_src_dport_ltm|ct_dst_sport_ltm|is_sm_ips_ports,ksf-v4-idsplit::
classical_ext,svc,8,rbf_gscale_x0.1__svc__d8,rbf_gscale_x0.1,id_test,fixed_c1,1.0,,0.0067653656005859375,0.8755020080321285,0.8723527892561984,0.8731366587229846,0.8904593639575972,0.8860408057851239,0.8202197463317683,port_protocol_service_ablation,39,36,3,ct_src_dport_ltm|ct_dst_sport_ltm|is_sm_ips_ports,ksf-v4-idsplit::
classical_ext,svc,8,rbf_gscale_x0.1__svc__d8,rbf_gscale_x0.1,ood_test,fixed_c1,1.0,,0.0067653656005859375,0.846,0.8445201971704757,0.8442499929204542,0.8607594936708861,0.7688848345176365,0.631537827205327,port_protocol_service_ablation,39,36,3,ct_src_dport_ltm|ct_dst_sport_ltm|is_sm_ips_ports,ksf-v4-idsplit::
classical_ext,svc,8,rbf_gscale_x0.1__svc__d8,rbf_gscale_x0.1,id_val,train_cv,100.0,0.8908413841384138,0.013566732406616211,0.8764940239043825,0.8729508196721312,0.8735968289552772,0.8927335640138409,0.9761723217689668,0.973103303585187,port_protocol_service_ablation,39,36,3,ct_src_dport_ltm|ct_dst_sport_ltm|is_sm_ips_ports,ksf-v4-idsplit::
classical_ext,svc,8,rbf_gscale_x0.1__svc__d8,rbf_gscale_x0.1,id_test,train_cv,100.0,0.8908413841384138,0.013566732406616211,0.8755020080321285,0.8721268078512396,0.8728440820360761,0.8912280701754386,0.942084194214876,0.908973282802803,port_protocol_service_ablation,39,36,3,ct_src_dport_ltm|ct_dst_sport_ltm|is_sm_ips_ports,ksf-v4-idsplit::
classical_ext,svc,8,rbf_gscale_x0.1__svc__d8,rbf_gscale_x0.1,ood_test,train_cv,100.0,0.8908413841384138,0.013566732406616211,0.9,0.8983739837398375,0.8986360466436367,0.910394265232975,0.9337750464118814,0.9097187664437841,port_protocol_service_ablation,39,36,3,ct_src_dport_ltm|ct_dst_sport_ltm|is_sm_ips_ports,ksf-v4-idsplit::
classical_ext,svc,8,rbf_gscale_x0.3__svc__d8,rbf_gscale_x0.3,id_val,fixed_c1,1.0,,0.0059986114501953125,0.8764940239043825,0.8729508196721312,0.8735968289552772,0.8927335640138409,0.9127589274367772,0.8833612125114424,port_protocol_service_ablation,39,36,3,ct_src_dport_ltm|ct_dst_sport_ltm|is_sm_ips_ports,ksf-v4-idsplit::
classical_ext,svc,8,rbf_gscale_x0.3__svc__d8,rbf_gscale_x0.3,id_test,fixed_c1,1.0,,0.0059986114501953125,0.8755020080321285,0.8721268078512396,0.8728440820360761,0.8912280701754386,0.8933367768595043,0.8138158726636675,port_protocol_service_ablation,39,36,3,ct_src_dport_ltm|ct_dst_sport_ltm|is_sm_ips_ports,ksf-v4-idsplit::
classical_ext,svc,8,rbf_gscale_x0.3__svc__d8,rbf_gscale_x0.3,ood_test,fixed_c1,1.0,,0.0059986114501953125,0.878,0.8760162601626016,0.8756315267963088,0.8927943760984183,0.8294763459445618,0.7213300851470434,port_protocol_service_ablation,39,36,3,ct_src_dport_ltm|ct_dst_sport_ltm|is_sm_ips_ports,ksf-v4-idsplit::
classical_ext,svc,8,rbf_gscale_x0.3__svc__d8,rbf_gscale_x0.3,id_val,train_cv,10.0,0.8918413841384139,0.008608341217041016,0.8764940239043825,0.8729508196721312,0.8735968289552772,0.8927335640138409,0.975346295590291,0.9754722367106826,port_protocol_service_ablation,39,36,3,ct_src_dport_ltm|ct_dst_sport_ltm|is_sm_ips_ports,ksf-v4-idsplit::
classical_ext,svc,8,rbf_gscale_x0.3__svc__d8,rbf_gscale_x0.3,id_test,train_cv,10.0,0.8918413841384139,0.008608341217041016,0.8755020080321285,0.8721268078512396,0.8728440820360761,0.8912280701754386,0.9503486570247934,0.9399779260196162,port_protocol_service_ablation,39,36,3,ct_src_dport_ltm|ct_dst_sport_ltm|is_sm_ips_ports,ksf-v4-idsplit::
classical_ext,svc,8,rbf_gscale_x0.3__svc__d8,rbf_gscale_x0.3,ood_test,train_cv,10.0,0.8918413841384139,0.008608341217041016,0.9,0.8983739837398375,0.8986360466436367,0.910394265232975,0.9113373023494015,0.8755913728549845,port_protocol_service_ablation,39,36,3,ct_src_dport_ltm|ct_dst_sport_ltm|is_sm_ips_ports,ksf-v4-idsplit::
classical_ext,svc,8,rbf_gscale_x3__svc__d8,rbf_gscale_x3,id_val,fixed_c1,1.0,,0.006001472473144531,0.8764940239043825,0.8731732113356208,0.873900008103071,0.89198606271777,0.9646714957427882,0.9386647230216847,port_protocol_service_ablation,39,36,3,ct_src_dport_ltm|ct_dst_sport_ltm|is_sm_ips_ports,ksf-v4-idsplit::
classical_ext,svc,8,rbf_gscale_x3__svc__d8,rbf_gscale_x3,id_test,fixed_c1,1.0,,0.006001472473144531,0.8875502008032129,0.8845235020661157,0.8855397951142632,0.900709219858156,0.9457644628099173,0.9318310428943,port_protocol_service_ablation,39,36,3,ct_src_dport_ltm|ct_dst_sport_ltm|is_sm_ips_ports,ksf-v4-idsplit::
classical_ext,svc,8,rbf_gscale_x3__svc__d8,rbf_gscale_x3,ood_test,fixed_c1,1.0,,0.006001472473144531,0.898,0.8964054798028296,0.8966569537712107,0.9084380610412927,0.932382689968632,0.9106542933291665,port_protocol_service_ablation,39,36,3,ct_src_dport_ltm|ct_dst_sport_ltm|is_sm_ips_ports,ksf-v4-idsplit::
classical_ext,svc,8,rbf_gscale_x3__svc__d8,rbf_gscale_x3,id_val,train_cv,100.0,0.90011201120112,0.022823810577392578,0.9083665338645418,0.9086287965433981,0.9083432563308724,0.9098039215686274,0.9412250603634514,0.9118349242871313,port_protocol_service_ablation,39,36,3,ct_src_dport_ltm|ct_dst_sport_ltm|is_sm_ips_ports,ksf-v4-idsplit::
classical_ext,svc,8,rbf_gscale_x3__svc__d8,rbf_gscale_x3,id_test,train_cv,100.0,0.90011201120112,0.022823810577392578,0.8714859437751004,0.8709323347107438,0.871234647705236,0.8769230769230769,0.9397598140495868,0.8882988467935724,port_protocol_service_ablation,39,36,3,ct_src_dport_ltm|ct_dst_sport_ltm|is_sm_ips_ports,ksf-v4-idsplit::
classical_ext,svc,8,rbf_gscale_x3__svc__d8,rbf_gscale_x3,ood_test,train_cv,100.0,0.90011201120112,0.022823810577392578,0.902,0.9016868318289482,0.901886580887506,0.9052224371373307,0.9399686319697842,0.9136422961799769,port_protocol_service_ablation,39,36,3,ct_src_dport_ltm|ct_dst_sport_ltm|is_sm_ips_ports,ksf-v4-idsplit::
classical_ext,svc,8,rbf_gscale_x10__svc__d8,rbf_gscale_x10,id_val,fixed_c1,1.0,,0.006878852844238281,0.900398406374502,0.8993201169144744,0.8999920312375488,0.9063670411985019,0.9635277671876985,0.9286039487906625,port_protocol_service_ablation,39,36,3,ct_src_dport_ltm|ct_dst_sport_ltm|is_sm_ips_ports,ksf-v4-idsplit::
classical_ext,svc,8,rbf_gscale_x10__svc__d8,rbf_gscale_x10,id_test,fixed_c1,1.0,,0.006878852844238281,0.8835341365461847,0.8817471590909092,0.8826178129622706,0.8929889298892989,0.9469266528925621,0.9154230368426258,port_protocol_service_ablation,39,36,3,ct_src_dport_ltm|ct_dst_sport_ltm|is_sm_ips_ports,ksf-v4-idsplit::
classical_ext,svc,8,rbf_gscale_x10__svc__d8,rbf_gscale_x10,ood_test,fixed_c1,1.0,,0.006878852844238281,0.878,0.8767204404327508,0.8769123979482709,0.8884826325411335,0.935055374175789,0.9141636708645821,port_protocol_service_ablation,39,36,3,ct_src_dport_ltm|ct_dst_sport_ltm|is_sm_ips_ports,ksf-v4-idsplit::
classical_ext,svc,8,rbf_gscale_x10__svc__d8,rbf_gscale_x10,id_val,train_cv,10.0,0.8951314131413142,0.010538578033447266,0.9123505976095617,0.9120599822086669,0.9122377622377622,0.9153846153846154,0.9496124031007752,0.9271091970978573,port_protocol_service_ablation,39,36,3,ct_src_dport_ltm|ct_dst_sport_ltm|is_sm_ips_ports,ksf-v4-idsplit::
classical_ext,svc,8,rbf_gscale_x10__svc__d8,rbf_gscale_x10,id_test,train_cv,10.0,0.8951314131413142,0.010538578033447266,0.8835341365461847,0.8828770661157025,0.8832630098452883,0.8888888888888888,0.9365315082644629,0.8838717214181439,port_protocol_service_ablation,39,36,3,ct_src_dport_ltm|ct_dst_sport_ltm|is_sm_ips_ports,ksf-v4-idsplit::
classical_ext,svc,8,rbf_gscale_x10__svc__d8,rbf_gscale_x10,ood_test,train_cv,10.0,0.8951314131413142,0.010538578033447266,0.9,0.8997183278919403,0.8998974950349158,0.9031007751937985,0.926109083925485,0.9028639941713078,port_protocol_service_ablation,39,36,3,ct_src_dport_ltm|ct_dst_sport_ltm|is_sm_ips_ports,ksf-v4-idsplit::
classical_ext,svc,8,laplacian_med_x0.1__svc__d8,laplacian_med_x0.1,id_val,fixed_c1,1.0,,0.012607097625732422,0.896414342629482,0.8954441479222264,0.8960430737861602,0.9022556390977443,0.9642902528910916,0.9611246321559053,port_protocol_service_ablation,39,36,3,ct_src_dport_ltm|ct_dst_sport_ltm|is_sm_ips_ports,ksf-v4-idsplit::
classical_ext,svc,8,laplacian_med_x0.1__svc__d8,laplacian_med_x0.1,id_test,fixed_c1,1.0,,0.012607097625732422,0.8714859437751004,0.8702543904958677,0.870884106818771,0.8796992481203008,0.956611570247934,0.9596158608403978,port_protocol_service_ablation,39,36,3,ct_src_dport_ltm|ct_dst_sport_ltm|is_sm_ips_ports,ksf-v4-idsplit::
classical_ext,svc,8,laplacian_med_x0.1__svc__d8,laplacian_med_x0.1,ood_test,fixed_c1,1.0,,0.012607097625732422,0.904,0.9035273029895654,0.9038137834848265,0.9080459770114943,0.9390243902439024,0.9039424773174138,port_protocol_service_ablation,39,36,3,ct_src_dport_ltm|ct_dst_sport_ltm|is_sm_ips_ports,ksf-v4-idsplit::
classical_ext,svc,8,laplacian_med_x0.1__svc__d8,laplacian_med_x0.1,id_val,train_cv,10.0,0.8870805080508051,0.011098384857177734,0.9043824701195219,0.9038632608971915,0.9041984732824427,0.9083969465648855,0.9575549625111196,0.9472049480304527,port_protocol_service_ablation,39,36,3,ct_src_dport_ltm|ct_dst_sport_ltm|is_sm_ips_ports,ksf-v4-idsplit::
classical_ext,svc,8,laplacian_med_x0.1__svc__d8,laplacian_med_x0.1,id_test,train_cv,10.0,0.8870805080508051,0.011098384857177734,0.8955823293172691,0.8948217975206612,0.895296933626601,0.9007633587786259,0.9637138429752066,0.9668434968228878,port_protocol_service_ablation,39,36,3,ct_src_dport_ltm|ct_dst_sport_ltm|is_sm_ips_ports,ksf-v4-idsplit::
classical_ext,svc,8,laplacian_med_x0.1__svc__d8,laplacian_med_x0.1,ood_test,train_cv,10.0,0.8870805080508051,0.011098384857177734,0.904,0.9038473849305422,0.9039446721311475,0.90625,0.9474265411945457,0.9123233371222397,port_protocol_service_ablation,39,36,3,ct_src_dport_ltm|ct_dst_sport_ltm|is_sm_ips_ports,ksf-v4-idsplit::
classical_ext,svc,8,laplacian_med_x0.3__svc__d8,laplacian_med_x0.3,id_val,fixed_c1,1.0,,0.010766267776489258,0.896414342629482,0.8945545812682679,0.8955372006658984,0.9051094890510949,0.967086033803533,0.9533130923628584,port_protocol_service_ablation,39,36,3,ct_src_dport_ltm|ct_dst_sport_ltm|is_sm_ips_ports,ksf-v4-idsplit::
classical_ext,svc,8,laplacian_med_x0.3__svc__d8,laplacian_med_x0.3,id_test,fixed_c1,1.0,,0.010766267776489258,0.8714859437751004,0.8691244834710744,0.8699569134351743,0.8840579710144928,0.9534478305785123,0.9427446703500865,port_protocol_service_ablation,39,36,3,ct_src_dport_ltm|ct_dst_sport_ltm|is_sm_ips_ports,ksf-v4-idsplit::
classical_ext,svc,8,laplacian_med_x0.3__svc__d8,laplacian_med_x0.3,ood_test,fixed_c1,1.0,,0.010766267776489258,0.902,0.9006625696178221,0.9010496811376459,0.9107468123861566,0.9484668075027206,0.9290544660817245,port_protocol_service_ablation,39,36,3,ct_src_dport_ltm|ct_dst_sport_ltm|is_sm_ips_ports,ksf-v4-idsplit::
classical_ext,svc,8,laplacian_med_x0.3__svc__d8,laplacian_med_x0.3,id_val,train_cv,10.0,0.8891110111011102,0.011304140090942383,0.900398406374502,0.8999872919049434,0.9002400597764741,0.9042145593869731,0.9636548481382641,0.9525219736206382,port_protocol_service_ablation,39,36,3,ct_src_dport_ltm|ct_dst_sport_ltm|is_sm_ips_ports,ksf-v4-idsplit::
classical_ext,svc,8,laplacian_med_x0.3__svc__d8,laplacian_med_x0.3,id_test,train_cv,10.0,0.8891110111011102,0.011304140090942383,0.891566265060241,0.8906895661157025,0.8912223930102743,0.8973384030418251,0.9526730371900827,0.9419475193293667,port_protocol_service_ablation,39,36,3,ct_src_dport_ltm|ct_dst_sport_ltm|is_sm_ips_ports,ksf-v4-idsplit::
classical_ext,svc,8,laplacian_med_x0.3__svc__d8,laplacian_med_x0.3,ood_test,train_cv,10.0,0.8891110111011102,0.011304140090942383,0.914,0.9134978554509954,0.9138176381222667,0.9177820267686424,0.9536041226553998,0.9302430529148491,port_protocol_service_ablation,39,36,3,ct_src_dport_ltm|ct_dst_sport_ltm|is_sm_ips_ports,ksf-v4-idsplit::
classical_ext,svc,8,laplacian_med_x3__svc__d8,laplacian_med_x3,id_val,fixed_c1,1.0,,0.008224010467529297,0.8764940239043825,0.8729508196721312,0.8735968289552772,0.8927335640138409,0.9243232939382386,0.8551536498058854,port_protocol_service_ablation,39,36,3,ct_src_dport_ltm|ct_dst_sport_ltm|is_sm_ips_ports,ksf-v4-idsplit::
classical_ext,svc,8,laplacian_med_x3__svc__d8,laplacian_med_x3,id_test,fixed_c1,1.0,,0.008224010467529297,0.8755020080321285,0.8721268078512396,0.8728440820360761,0.8912280701754386,0.9180010330578512,0.8518405324356011,port_protocol_service_ablation,39,36,3,ct_src_dport_ltm|ct_dst_sport_ltm|is_sm_ips_ports,ksf-v4-idsplit::
classical_ext,svc,8,laplacian_med_x3__svc__d8,laplacian_med_x3,ood_test,fixed_c1,1.0,,0.008224010467529297,0.896,0.8943089430894309,0.8944805194805194,0.9071428571428571,0.9210837974521477,0.8810715765634243,port_protocol_service_ablation,39,36,3,ct_src_dport_ltm|ct_dst_sport_ltm|is_sm_ips_ports,ksf-v4-idsplit::
classical_ext,svc,8,laplacian_med_x3__svc__d8,laplacian_med_x3,id_val,train_cv,100.0,0.8841005100510051,0.010737895965576172,0.8844621513944223,0.8838162409454822,0.8841974640851455,0.8897338403041825,0.9630829838607193,0.9500728470698124,port_protocol_service_ablation,39,36,3,ct_src_dport_ltm|ct_dst_sport_ltm|is_sm_ips_ports,ksf-v4-idsplit::
classical_ext,svc,8,laplacian_med_x3__svc__d8,laplacian_med_x3,id_test,train_cv,100.0,0.8841005100510051,0.010737895965576172,0.8714859437751004,0.8704803719008265,0.8710178710178711,0.8787878787878788,0.9366606404958678,0.9098755038885775,port_protocol_service_ablation,39,36,3,ct_src_dport_ltm|ct_dst_sport_ltm|is_sm_ips_ports,ksf-v4-idsplit::
classical_ext,svc,8,laplacian_med_x3__svc__d8,laplacian_med_x3,ood_test,train_cv,100.0,0.8841005100510051,0.010737895965576172,0.918,0.9173068305486205,0.9177232209151587,0.9224952741020794,0.9589014787785672,0.9437576269283564,port_protocol_service_ablation,39,36,3,ct_src_dport_ltm|ct_dst_sport_ltm|is_sm_ips_ports,ksf-v4-idsplit::
classical_ext,svc,8,laplacian_med_x10__svc__d8,laplacian_med_x10,id_val,fixed_c1,1.0,,0.006186485290527344,0.8764940239043825,0.8729508196721312,0.8735968289552772,0.8927335640138409,0.8777481255559791,0.7695645715914302,port_protocol_service_ablation,39,36,3,ct_src_dport_ltm|ct_dst_sport_ltm|is_sm_ips_ports,ksf-v4-idsplit::
classical_ext,svc,8,laplacian_med_x10__svc__d8,laplacian_med_x10,id_test,fixed_c1,1.0,,0.006186485290527344,0.8755020080321285,0.8721268078512396,0.8728440820360761,0.8912280701754386,0.9010847107438016,0.8230033153764998,port_protocol_service_ablation,39,36,3,ct_src_dport_ltm|ct_dst_sport_ltm|is_sm_ips_ports,ksf-v4-idsplit::
classical_ext,svc,8,laplacian_med_x10__svc__d8,laplacian_med_x10,ood_test,fixed_c1,1.0,,0.006186485290527344,0.876,0.8739837398373984,0.8735210118319053,0.8912280701754386,0.8446482299468665,0.7292819239405313,port_protocol_service_ablation,39,36,3,ct_src_dport_ltm|ct_dst_sport_ltm|is_sm_ips_ports,ksf-v4-idsplit::
classical_ext,svc,8,laplacian_med_x10__svc__d8,laplacian_med_x10,id_val,train_cv,10.0,0.8888611861186119,0.006000518798828125,0.8764940239043825,0.8729508196721312,0.8735968289552772,0.8927335640138409,0.9560935315796162,0.9334654054821103,port_protocol_service_ablation,39,36,3,ct_src_dport_ltm|ct_dst_sport_ltm|is_sm_ips_ports,ksf-v4-idsplit::
classical_ext,svc,8,laplacian_med_x10__svc__d8,laplacian_med_x10,id_test,train_cv,10.0,0.8888611861186119,0.006000518798828125,0.8755020080321285,0.8721268078512396,0.8728440820360761,0.8912280701754386,0.9353047520661157,0.8856758277111318,port_protocol_service_ablation,39,36,3,ct_src_dport_ltm|ct_dst_sport_ltm|is_sm_ips_ports,ksf-v4-idsplit::
classical_ext,svc,8,laplacian_med_x10__svc__d8,laplacian_med_x10,ood_test,train_cv,10.0,0.8888611861186119,0.006000518798828125,0.9,0.8983739837398375,0.8986360466436367,0.910394265232975,0.9306862556814545,0.8941702732812801,port_protocol_service_ablation,39,36,3,ct_src_dport_ltm|ct_dst_sport_ltm|is_sm_ips_ports,ksf-v4-idsplit::
classical_ext,svc,8,matern15_med_x0.1__svc__d8,matern15_med_x0.1,id_val,fixed_c1,1.0,,0.011037349700927734,0.9083665338645418,0.9079616215529291,0.9082208549943562,0.9118773946360154,0.9614309315033677,0.9375808464001417,port_protocol_service_ablation,39,36,3,ct_src_dport_ltm|ct_dst_sport_ltm|is_sm_ips_ports,ksf-v4-idsplit::
classical_ext,svc,8,matern15_med_x0.1__svc__d8,matern15_med_x0.1,id_test,fixed_c1,1.0,,0.011037349700927734,0.8795180722891566,0.8782928719008265,0.8789538501425979,0.8872180451127819,0.9530604338842975,0.9443788500891592,port_protocol_service_ablation,39,36,3,ct_src_dport_ltm|ct_dst_sport_ltm|is_sm_ips_ports,ksf-v4-idsplit::
classical_ext,svc,8,matern15_med_x0.1__svc__d8,matern15_med_x0.1,ood_test,fixed_c1,1.0,,0.011037349700927734,0.884,0.8837782472312912,0.8839089846439608,0.8871595330739299,0.9345112348761282,0.8868680857298175,port_protocol_service_ablation,39,36,3,ct_src_dport_ltm|ct_dst_sport_ltm|is_sm_ips_ports,ksf-v4-idsplit::
classical_ext,svc,8,matern15_med_x0.1__svc__d8,matern15_med_x0.1,id_val,train_cv,1.0,0.8831807180718073,0.010557174682617188,0.9083665338645418,0.9079616215529291,0.9082208549943562,0.9118773946360154,0.9614309315033677,0.9375808464001417,port_protocol_service_ablation,39,36,3,ct_src_dport_ltm|ct_dst_sport_ltm|is_sm_ips_ports,ksf-v4-idsplit::
classical_ext,svc,8,matern15_med_x0.1__svc__d8,matern15_med_x0.1,id_test,train_cv,1.0,0.8831807180718073,0.010557174682617188,0.8795180722891566,0.8782928719008265,0.8789538501425979,0.8872180451127819,0.9530604338842975,0.9443788500891592,port_protocol_service_ablation,39,36,3,ct_src_dport_ltm|ct_dst_sport_ltm|is_sm_ips_ports,ksf-v4-idsplit::
classical_ext,svc,8,matern15_med_x0.1__svc__d8,matern15_med_x0.1,ood_test,train_cv,1.0,0.8831807180718073,0.010557174682617188,0.884,0.8837782472312912,0.8839089846439608,0.8871595330739299,0.9345112348761282,0.8868680857298175,port_protocol_service_ablation,39,36,3,ct_src_dport_ltm|ct_dst_sport_ltm|is_sm_ips_ports,ksf-v4-idsplit::
classical_ext,svc,8,matern15_med_x0.3__svc__d8,matern15_med_x0.3,id_val,fixed_c1,1.0,,0.006056070327758789,0.8924302788844621,0.8902338289490406,0.8912635379061371,0.9025270758122743,0.9658152242978777,0.9279761815611733,port_protocol_service_ablation,39,36,3,ct_src_dport_ltm|ct_dst_sport_ltm|is_sm_ips_ports,ksf-v4-idsplit::
classical_ext,svc,8,matern15_med_x0.3__svc__d8,matern15_med_x0.3,id_test,fixed_c1,1.0,,0.006056070327758789,0.8714859437751004,0.8688985020661157,0.8697187704381949,0.8848920863309353,0.9551911157024794,0.9413754854105083,port_protocol_service_ablation,39,36,3,ct_src_dport_ltm|ct_dst_sport_ltm|is_sm_ips_ports,ksf-v4-idsplit::
classical_ext,svc,8,matern15_med_x0.3__svc__d8,matern15_med_x0.3,ood_test,fixed_c1,1.0,,0.006056070327758789,0.896,0.8944369758658217,0.8946788515133839,0.9064748201438849,0.9389763779527559,0.9179447913003196,port_protocol_service_ablation,39,36,3,ct_src_dport_ltm|ct_dst_sport_ltm|is_sm_ips_ports,ksf-v4-idsplit::
classical_ext,svc,8,matern15_med_x0.3__svc__d8,matern15_med_x0.3,id_val,train_cv,10.0,0.8951714171417142,0.011322498321533203,0.9123505976095617,0.9120599822086669,0.9122377622377622,0.9153846153846154,0.9597153386707332,0.9360274462930056,port_protocol_service_ablation,39,36,3,ct_src_dport_ltm|ct_dst_sport_ltm|is_sm_ips_ports,ksf-v4-idsplit::
classical_ext,svc,8,matern15_med_x0.3__svc__d8,matern15_med_x0.3,id_test,train_cv,10.0,0.8951714171417142,0.011322498321533203,0.8835341365461847,0.8826510847107438,0.8831647924925168,0.8897338403041825,0.9484116735537189,0.9124328539466067,port_protocol_service_ablation,39,36,3,ct_src_dport_ltm|ct_dst_sport_ltm|is_sm_ips_ports,ksf-v4-idsplit::
classical_ext,svc,8,matern15_med_x0.3__svc__d8,matern15_med_x0.3,ood_test,train_cv,10.0,0.8951714171417142,0.011322498321533203,0.91,0.909432814800589,0.9097744360902256,0.9142857142857143,0.9403367262019077,0.9153319725814597,port_protocol_service_ablation,39,36,3,ct_src_dport_ltm|ct_dst_sport_ltm|is_sm_ips_ports,ksf-v4-idsplit::
classical_ext,svc,8,matern15_med_x3__svc__d8,matern15_med_x3,id_val,fixed_c1,1.0,,0.0062105655670166016,0.8764940239043825,0.8729508196721312,0.8735968289552772,0.8927335640138409,0.8609734400813318,0.7880126526826423,port_protocol_service_ablation,39,36,3,ct_src_dport_ltm|ct_dst_sport_ltm|is_sm_ips_ports,ksf-v4-idsplit::
classical_ext,svc,8,matern15_med_x3__svc__d8,matern15_med_x3,id_test,fixed_c1,1.0,,0.0062105655670166016,0.8755020080321285,0.8721268078512396,0.8728440820360761,0.8912280701754386,0.8691244834710744,0.7885262226973277,port_protocol_service_ablation,39,36,3,ct_src_dport_ltm|ct_dst_sport_ltm|is_sm_ips_ports,ksf-v4-idsplit::
classical_ext,svc,8,matern15_med_x3__svc__d8,matern15_med_x3,ood_test,fixed_c1,1.0,,0.0062105655670166016,0.878,0.8760162601626016,0.8756315267963088,0.8927943760984183,0.7931310415466359,0.6623083321630132,port_protocol_service_ablation,39,36,3,ct_src_dport_ltm|ct_dst_sport_ltm|is_sm_ips_ports,ksf-v4-idsplit::
classical_ext,svc,8,matern15_med_x3__svc__d8,matern15_med_x3,id_val,train_cv,1.0,0.8839007900790079,0.006949663162231445,0.8764940239043825,0.8729508196721312,0.8735968289552772,0.8927335640138409,0.8609734400813318,0.7880126526826423,port_protocol_service_ablation,39,36,3,ct_src_dport_ltm|ct_dst_sport_ltm|is_sm_ips_ports,ksf-v4-idsplit::
classical_ext,svc,8,matern15_med_x3__svc__d8,matern15_med_x3,id_test,train_cv,1.0,0.8839007900790079,0.006949663162231445,0.8755020080321285,0.8721268078512396,0.8728440820360761,0.8912280701754386,0.8691244834710744,0.7885262226973277,port_protocol_service_ablation,39,36,3,ct_src_dport_ltm|ct_dst_sport_ltm|is_sm_ips_ports,ksf-v4-idsplit::
classical_ext,svc,8,matern15_med_x3__svc__d8,matern15_med_x3,ood_test,train_cv,1.0,0.8839007900790079,0.006949663162231445,0.878,0.8760162601626016,0.8756315267963088,0.8927943760984183,0.7931310415466359,0.6623083321630132,port_protocol_service_ablation,39,36,3,ct_src_dport_ltm|ct_dst_sport_ltm|is_sm_ips_ports,ksf-v4-idsplit::
classical_ext,svc,8,matern15_med_x10__svc__d8,matern15_med_x10,id_val,fixed_c1,1.0,,0.008942604064941406,0.8605577689243028,0.8574469437031389,0.8579513299377476,0.8771929824561403,0.9431948150972169,0.9217635126554342,port_protocol_service_ablation,39,36,3,ct_src_dport_ltm|ct_dst_sport_ltm|is_sm_ips_ports,ksf-v4-idsplit::
classical_ext,svc,8,matern15_med_x10__svc__d8,matern15_med_x10,id_test,fixed_c1,1.0,,0.008942604064941406,0.8634538152610441,0.860860020661157,0.8615761935905821,0.8776978417266187,0.9409220041322315,0.9231572866695332,port_protocol_service_ablation,39,36,3,ct_src_dport_ltm|ct_dst_sport_ltm|is_sm_ips_ports,ksf-v4-idsplit::
classical_ext,svc,8,matern15_med_x10__svc__d8,matern15_med_x10,ood_test,fixed_c1,1.0,,0.008942604064941406,0.698,0.698850905831893,0.6974663306071911,0.6847599164926931,0.7812880097304908,0.6409618982851819,port_protocol_service_ablation,39,36,3,ct_src_dport_ltm|ct_dst_sport_ltm|is_sm_ips_ports,ksf-v4-idsplit::
classical_ext,svc,8,matern15_med_x10__svc__d8,matern15_med_x10,id_val,train_cv,100.0,0.8839007900790079,0.007869243621826172,0.8764940239043825,0.8729508196721312,0.8735968289552772,0.8927335640138409,0.8922353539204474,0.8294412235127666,port_protocol_service_ablation,39,36,3,ct_src_dport_ltm|ct_dst_sport_ltm|is_sm_ips_ports,ksf-v4-idsplit::
classical_ext,svc,8,matern15_med_x10__svc__d8,matern15_med_x10,id_test,train_cv,100.0,0.8839007900790079,0.007869243621826172,0.8755020080321285,0.8721268078512396,0.8728440820360761,0.8912280701754386,0.8690599173553718,0.7646760453070329,port_protocol_service_ablation,39,36,3,ct_src_dport_ltm|ct_dst_sport_ltm|is_sm_ips_ports,ksf-v4-idsplit::
classical_ext,svc,8,matern15_med_x10__svc__d8,matern15_med_x10,ood_test,train_cv,100.0,0.8839007900790079,0.007869243621826172,0.878,0.8760162601626016,0.8756315267963088,0.8927943760984183,0.8290922476153896,0.7275113923174249,port_protocol_service_ablation,39,36,3,ct_src_dport_ltm|ct_dst_sport_ltm|is_sm_ips_ports,ksf-v4-idsplit::
classical_ext,svc,8,matern25_med_x0.1__svc__d8,matern25_med_x0.1,id_val,fixed_c1,1.0,,0.008939743041992188,0.9083665338645418,0.9079616215529291,0.9082208549943562,0.9118773946360154,0.9594611767696022,0.9361518535582554,port_protocol_service_ablation,39,36,3,ct_src_dport_ltm|ct_dst_sport_ltm|is_sm_ips_ports,ksf-v4-idsplit::
classical_ext,svc,8,matern25_med_x0.1__svc__d8,matern25_med_x0.1,id_test,fixed_c1,1.0,,0.008939743041992188,0.8795180722891566,0.878518853305785,0.879079254079254,0.8863636363636364,0.9538997933884297,0.9450261156767543,port_protocol_service_ablation,39,36,3,ct_src_dport_ltm|ct_dst_sport_ltm|is_sm_ips_ports,ksf-v4-idsplit::
classical_ext,svc,8,matern25_med_x0.1__svc__d8,matern25_med_x0.1,ood_test,fixed_c1,1.0,,0.008939743041992188,0.88,0.8797772229690801,0.8799058461834077,0.8832684824902723,0.9327667882978042,0.8857530449538452,port_protocol_service_ablation,39,36,3,ct_src_dport_ltm|ct_dst_sport_ltm|is_sm_ips_ports,ksf-v4-idsplit::
classical_ext,svc,8,matern25_med_x0.1__svc__d8,matern25_med_x0.1,id_val,train_cv,10.0,0.884010601060106,0.013022661209106445,0.8924302788844621,0.8920129622569577,0.8922592645585921,0.896551724137931,0.9474520269411614,0.9372912606255752,port_protocol_service_ablation,39,36,3,ct_src_dport_ltm|ct_dst_sport_ltm|is_sm_ips_ports,ksf-v4-idsplit::
classical_ext,svc,8,matern25_med_x0.1__svc__d8,matern25_med_x0.1,id_test,train_cv,10.0,0.884010601060106,0.013022661209106445,0.891566265060241,0.8913675103305785,0.8914542196102491,0.8949416342412452,0.9555139462809917,0.9359551272367646,port_protocol_service_ablation,39,36,3,ct_src_dport_ltm|ct_dst_sport_ltm|is_sm_ips_ports,ksf-v4-idsplit::
classical_ext,svc,8,matern25_med_x0.1__svc__d8,matern25_med_x0.1,ood_test,train_cv,10.0,0.884010601060106,0.013022661209106445,0.88,0.880097304910057,0.8799923195084485,0.8809523809523809,0.9387523205940721,0.8842503877470548,port_protocol_service_ablation,39,36,3,ct_src_dport_ltm|ct_dst_sport_ltm|is_sm_ips_ports,ksf-v4-idsplit::
classical_ext,svc,8,matern25_med_x0.3__svc__d8,matern25_med_x0.3,id_val,fixed_c1,1.0,,0.006438255310058594,0.8924302788844621,0.8900114372855509,0.8910747866338782,0.9032258064516129,0.9602236624729952,0.9133518443031375,port_protocol_service_ablation,39,36,3,ct_src_dport_ltm|ct_dst_sport_ltm|is_sm_ips_ports,ksf-v4-idsplit::
classical_ext,svc,8,matern25_med_x0.3__svc__d8,matern25_med_x0.3,id_test,fixed_c1,1.0,,0.006438255310058594,0.8755020080321285,0.8728047520661157,0.8736681887366818,0.8888888888888888,0.9513817148760331,0.9273923664452237,port_protocol_service_ablation,39,36,3,ct_src_dport_ltm|ct_dst_sport_ltm|is_sm_ips_ports,ksf-v4-idsplit::
classical_ext,svc,8,matern25_med_x0.3__svc__d8,matern25_med_x0.3,ood_test,fixed_c1,1.0,,0.006438255310058594,0.896,0.8944369758658217,0.8946788515133839,0.9064748201438849,0.9358235708341336,0.9155561399192306,port_protocol_service_ablation,39,36,3,ct_src_dport_ltm|ct_dst_sport_ltm|is_sm_ips_ports,ksf-v4-idsplit::
classical_ext,svc,8,matern25_med_x0.3__svc__d8,matern25_med_x0.3,id_val,train_cv,100.0,0.8960714071407141,0.018767118453979492,0.896414342629482,0.8961113229126954,0.8962809917355372,0.9,0.935379336637438,0.9068027218198427,port_protocol_service_ablation,39,36,3,ct_src_dport_ltm|ct_dst_sport_ltm|is_sm_ips_ports,ksf-v4-idsplit::
classical_ext,svc,8,matern25_med_x0.3__svc__d8,matern25_med_x0.3,id_test,train_cv,100.0,0.8960714071407141,0.018767118453979492,0.9036144578313253,0.9028602789256198,0.9033510156553242,0.9083969465648855,0.9291064049586777,0.8831583610711944,port_protocol_service_ablation,39,36,3,ct_src_dport_ltm|ct_dst_sport_ltm|is_sm_ips_ports,ksf-v4-idsplit::
classical_ext,svc,8,matern25_med_x0.3__svc__d8,matern25_med_x0.3,ood_test,train_cv,100.0,0.8960714071407141,0.018767118453979492,0.9,0.8997183278919403,0.8998974950349158,0.9031007751937985,0.9418411113244991,0.916815990811486,port_protocol_service_ablation,39,36,3,ct_src_dport_ltm|ct_dst_sport_ltm|is_sm_ips_ports,ksf-v4-idsplit::
classical_ext,svc,8,matern25_med_x3__svc__d8,matern25_med_x3,id_val,fixed_c1,1.0,,0.006686687469482422,0.8645418326693227,0.861322912695387,0.8618557368557369,0.8811188811188811,0.8649764900241455,0.8036311374106004,port_protocol_service_ablation,39,36,3,ct_src_dport_ltm|ct_dst_sport_ltm|is_sm_ips_ports,ksf-v4-idsplit::
classical_ext,svc,8,matern25_med_x3__svc__d8,matern25_med_x3,id_test,fixed_c1,1.0,,0.006686687469482422,0.8634538152610441,0.8606340392561984,0.8613040629095675,0.8785714285714286,0.8915934917355371,0.8318305846196368,port_protocol_service_ablation,39,36,3,ct_src_dport_ltm|ct_dst_sport_ltm|is_sm_ips_ports,ksf-v4-idsplit::
classical_ext,svc,8,matern25_med_x3__svc__d8,matern25_med_x3,ood_test,fixed_c1,1.0,,0.006686687469482422,0.79,0.7894020869342552,0.7894736842105263,0.8,0.7666602650278471,0.6232568337180883,port_protocol_service_ablation,39,36,3,ct_src_dport_ltm|ct_dst_sport_ltm|is_sm_ips_ports,ksf-v4-idsplit::
classical_ext,svc,8,matern25_med_x3__svc__d8,matern25_med_x3,id_val,train_cv,100.0,0.8918413841384139,0.015000581741333008,0.8764940239043825,0.8729508196721312,0.8735968289552772,0.8927335640138409,0.9756639979667048,0.9754400762763464,port_protocol_service_ablation,39,36,3,ct_src_dport_ltm|ct_dst_sport_ltm|is_sm_ips_ports,ksf-v4-idsplit::
classical_ext,svc,8,matern25_med_x3__svc__d8,matern25_med_x3,id_test,train_cv,100.0,0.8918413841384139,0.015000581741333008,0.8755020080321285,0.8721268078512396,0.8728440820360761,0.8912280701754386,0.9491864669421487,0.9407261493805742,port_protocol_service_ablation,39,36,3,ct_src_dport_ltm|ct_dst_sport_ltm|is_sm_ips_ports,ksf-v4-idsplit::
classical_ext,svc,8,matern25_med_x3__svc__d8,matern25_med_x3,ood_test,train_cv,100.0,0.8918413841384139,0.015000581741333008,0.9,0.8983739837398375,0.8986360466436367,0.910394265232975,0.9168267076371551,0.8825041842399328,port_protocol_service_ablation,39,36,3,ct_src_dport_ltm|ct_dst_sport_ltm|is_sm_ips_ports,ksf-v4-idsplit::
classical_ext,svc,8,matern25_med_x10__svc__d8,matern25_med_x10,id_val,fixed_c1,1.0,,0.008005380630493164,0.7250996015936255,0.7192146397255051,0.7095930378791689,0.7766990291262136,0.9412250603634514,0.9540209784970015,port_protocol_service_ablation,39,36,3,ct_src_dport_ltm|ct_dst_sport_ltm|is_sm_ips_ports,ksf-v4-idsplit::
classical_ext,svc,8,matern25_med_x10__svc__d8,matern25_med_x10,id_test,fixed_c1,1.0,,0.008005380630493164,0.7590361445783133,0.7547778925619835,0.7516292060114377,0.7945205479452054,0.9346590909090908,0.945790905850622,port_protocol_service_ablation,39,36,3,ct_src_dport_ltm|ct_dst_sport_ltm|is_sm_ips_ports,ksf-v4-idsplit::
classical_ext,svc,8,matern25_med_x10__svc__d8,matern25_med_x10,ood_test,fixed_c1,1.0,,0.008005380630493164,0.564,0.5636963062544011,0.563657907799715,0.5758754863813229,0.703059983355739,0.5950959370979354,port_protocol_service_ablation,39,36,3,ct_src_dport_ltm|ct_dst_sport_ltm|is_sm_ips_ports,ksf-v4-idsplit::
classical_ext,svc,8,matern25_med_x10__svc__d8,matern25_med_x10,id_val,train_cv,100.0,0.8586785678567859,0.008000373840332031,0.8685258964143426,0.865198881687635,0.8657645247548821,0.8850174216027874,0.8215783454060237,0.7262628554938176,port_protocol_service_ablation,39,36,3,ct_src_dport_ltm|ct_dst_sport_ltm|is_sm_ips_ports,ksf-v4-idsplit::
classical_ext,svc,8,matern25_med_x10__svc__d8,matern25_med_x10,id_test,train_cv,100.0,0.8586785678567859,0.008000373840332031,0.8714859437751004,0.8684465392561984,0.8691883372734437,0.8865248226950354,0.867058367768595,0.7700594685750233,port_protocol_service_ablation,39,36,3,ct_src_dport_ltm|ct_dst_sport_ltm|is_sm_ips_ports,ksf-v4-idsplit::
classical_ext,svc,8,matern25_med_x10__svc__d8,matern25_med_x10,ood_test,train_cv,100.0,0.8586785678567859,0.008000373840332031,0.812,0.8110556302413419,0.8110203293875451,0.8246268656716418,0.7746623135522694,0.6569747117523594,port_protocol_service_ablation,39,36,3,ct_src_dport_ltm|ct_dst_sport_ltm|is_sm_ips_ports,ksf-v4-idsplit::
quantum,svc,8,zz_r1_full__as0.5__svc__d8,zz_r1_full__as0.5,id_val,fixed_c1,1.0,,0.010587692260742188,0.900398406374502,0.8997649002414538,0.9001702276596083,0.9049429657794676,0.9625746600584573,0.9337827738903188,port_protocol_service_ablation,39,36,3,ct_src_dport_ltm|ct_dst_sport_ltm|is_sm_ips_ports,ksf-v4-idsplit::
quantum,svc,8,zz_r1_full__as0.5__svc__d8,zz_r1_full__as0.5,id_test,fixed_c1,1.0,,0.010587692260742188,0.8634538152610441,0.8619899276859504,0.8626541207008436,0.8731343283582089,0.9528021694214877,0.9344932619305393,port_protocol_service_ablation,39,36,3,ct_src_dport_ltm|ct_dst_sport_ltm|is_sm_ips_ports,ksf-v4-idsplit::
quantum,svc,8,zz_r1_full__as0.5__svc__d8,zz_r1_full__as0.5,ood_test,fixed_c1,1.0,,0.010587692260742188,0.9,0.8990141476217912,0.8994190444004571,0.9070631970260223,0.9331668907240253,0.8838174611098771,port_protocol_service_ablation,39,36,3,ct_src_dport_ltm|ct_dst_sport_ltm|is_sm_ips_ports,ksf-v4-idsplit::
quantum,svc,8,zz_r1_full__as0.5__svc__d8,zz_r1_full__as0.5,id_val,train_cv,1.0,0.8763300330033003,0.008748292922973633,0.900398406374502,0.8997649002414538,0.9001702276596083,0.9049429657794676,0.9625746600584573,0.9337827738903188,port_protocol_service_ablation,39,36,3,ct_src_dport_ltm|ct_dst_sport_ltm|is_sm_ips_ports,ksf-v4-idsplit::
quantum,svc,8,zz_r1_full__as0.5__svc__d8,zz_r1_full__as0.5,id_test,train_cv,1.0,0.8763300330033003,0.008748292922973633,0.8634538152610441,0.8619899276859504,0.8626541207008436,0.8731343283582089,0.9528021694214877,0.9344932619305393,port_protocol_service_ablation,39,36,3,ct_src_dport_ltm|ct_dst_sport_ltm|is_sm_ips_ports,ksf-v4-idsplit::
quantum,svc,8,zz_r1_full__as0.5__svc__d8,zz_r1_full__as0.5,ood_test,train_cv,1.0,0.8763300330033003,0.008748292922973633,0.9,0.8990141476217912,0.8994190444004571,0.9070631970260223,0.9331668907240253,0.8838174611098771,port_protocol_service_ablation,39,36,3,ct_src_dport_ltm|ct_dst_sport_ltm|is_sm_ips_ports,ksf-v4-idsplit::
quantum,svc,8,zz_r2_full__as0.5__svc__d8,zz_r2_full__as0.5,id_val,fixed_c1,1.0,,0.010999917984008789,0.8884462151394422,0.8883593849281992,0.8883593849281992,0.8914728682170543,0.9457999745838098,0.9074012255349961,port_protocol_service_ablation,39,36,3,ct_src_dport_ltm|ct_dst_sport_ltm|is_sm_ips_ports,ksf-v4-idsplit::
quantum,svc,8,zz_r2_full__as0.5__svc__d8,zz_r2_full__as0.5,id_test,fixed_c1,1.0,,0.010999917984008789,0.8755020080321285,0.8750645661157025,0.8753008836690845,0.8803088803088803,0.948540805785124,0.9447216777828301,port_protocol_service_ablation,39,36,3,ct_src_dport_ltm|ct_dst_sport_ltm|is_sm_ips_ports,ksf-v4-idsplit::
quantum,svc,8,zz_r2_full__as0.5__svc__d8,zz_r2_full__as0.5,ood_test,fixed_c1,1.0,,0.010999917984008789,0.84,0.8407272261698995,0.8398359920558651,0.8347107438016529,0.9260450675372895,0.8625109204409137,port_protocol_service_ablation,39,36,3,ct_src_dport_ltm|ct_dst_sport_ltm|is_sm_ips_ports,ksf-v4-idsplit::
quantum,svc,8,zz_r2_full__as0.5__svc__d8,zz_r2_full__as0.5,id_val,train_cv,10.0,0.8588489848984899,0.01603245735168457,0.8844621513944223,0.8842610242724616,0.8843446621224399,0.888030888030888,0.9289617486338798,0.9098432715560323,port_protocol_service_ablation,39,36,3,ct_src_dport_ltm|ct_dst_sport_ltm|is_sm_ips_ports,ksf-v4-idsplit::
quantum,svc,8,zz_r2_full__as0.5__svc__d8,zz_r2_full__as0.5,id_test,train_cv,10.0,0.8588489848984899,0.01603245735168457,0.8755020080321285,0.8752905475206612,0.875373363256212,0.8793774319066148,0.9480242768595041,0.9218575155134117,port_protocol_service_ablation,39,36,3,ct_src_dport_ltm|ct_dst_sport_ltm|is_sm_ips_ports,ksf-v4-idsplit::
quantum,svc,8,zz_r2_full__as0.5__svc__d8,zz_r2_full__as0.5,ood_test,train_cv,10.0,0.8588489848984899,0.01603245735168457,0.842,0.8428877792714935,0.8417207954832324,0.8350730688935282,0.9327827923948532,0.8694784331144827,port_protocol_service_ablation,39,36,3,ct_src_dport_ltm|ct_dst_sport_ltm|is_sm_ips_ports,ksf-v4-idsplit::
quantum,svc,8,pauli_xz_r1_full__as0.5__svc__d8,pauli_xz_r1_full__as0.5,id_val,fixed_c1,1.0,,0.007999658584594727,0.8764940239043825,0.8729508196721312,0.8735968289552772,0.8927335640138409,0.9689922480620156,0.9608295895418809,port_protocol_service_ablation,39,36,3,ct_src_dport_ltm|ct_dst_sport_ltm|is_sm_ips_ports,ksf-v4-idsplit::
quantum,svc,8,pauli_xz_r1_full__as0.5__svc__d8,pauli_xz_r1_full__as0.5,id_test,fixed_c1,1.0,,0.007999658584594727,0.8755020080321285,0.8721268078512396,0.8728440820360761,0.8912280701754386,0.9518336776859504,0.9371546403817903,port_protocol_service_ablation,39,36,3,ct_src_dport_ltm|ct_dst_sport_ltm|is_sm_ips_ports,ksf-v4-idsplit::
quantum,svc,8,pauli_xz_r1_full__as0.5__svc__d8,pauli_xz_r1_full__as0.5,ood_test,fixed_c1,1.0,,0.007999658584594727,0.9,0.8983739837398375,0.8986360466436367,0.910394265232975,0.9066160937199923,0.8752608271617038,port_protocol_service_ablation,39,36,3,ct_src_dport_ltm|ct_dst_sport_ltm|is_sm_ips_ports,ksf-v4-idsplit::
quantum,svc,8,pauli_xz_r1_full__as0.5__svc__d8,pauli_xz_r1_full__as0.5,id_val,train_cv,100.0,0.8872609260926094,0.01888585090637207,0.896414342629482,0.8954441479222264,0.8960430737861602,0.9022556390977443,0.9604142838988435,0.9439257831963033,port_protocol_service_ablation,39,36,3,ct_src_dport_ltm|ct_dst_sport_ltm|is_sm_ips_ports,ksf-v4-idsplit::
quantum,svc,8,pauli_xz_r1_full__as0.5__svc__d8,pauli_xz_r1_full__as0.5,id_test,train_cv,100.0,0.8872609260926094,0.01888585090637207,0.8835341365461847,0.8817471590909092,0.8826178129622706,0.8929889298892989,0.9321410123966942,0.8773604535387294,port_protocol_service_ablation,39,36,3,ct_src_dport_ltm|ct_dst_sport_ltm|is_sm_ips_ports,ksf-v4-idsplit::
quantum,svc,8,pauli_xz_r1_full__as0.5__svc__d8,pauli_xz_r1_full__as0.5,ood_test,train_cv,100.0,0.8872609260926094,0.01888585090637207,0.928,0.927341399398246,0.927773497688752,0.9318181818181818,0.9580852698290763,0.9346712374264787,port_protocol_service_ablation,39,36,3,ct_src_dport_ltm|ct_dst_sport_ltm|is_sm_ips_ports,ksf-v4-idsplit::
quantum,svc,8,zmap_r2__as0.5__svc__d8,zmap_r2__as0.5,id_val,fixed_c1,1.0,,0.008025646209716797,0.8764940239043825,0.8729508196721312,0.8735968289552772,0.8927335640138409,0.9707713813699327,0.9611316189995394,port_protocol_service_ablation,39,36,3,ct_src_dport_ltm|ct_dst_sport_ltm|is_sm_ips_ports,ksf-v4-idsplit::
quantum,svc,8,zmap_r2__as0.5__svc__d8,zmap_r2__as0.5,id_test,fixed_c1,1.0,,0.008025646209716797,0.8795180722891566,0.8762590392561984,0.8770896406476241,0.8943661971830986,0.9567407024793388,0.9366146210328539,port_protocol_service_ablation,39,36,3,ct_src_dport_ltm|ct_dst_sport_ltm|is_sm_ips_ports,ksf-v4-idsplit::
quantum,svc,8,zmap_r2__as0.5__svc__d8,zmap_r2__as0.5,ood_test,fixed_c1,1.0,,0.008025646209716797,0.9,0.8983739837398375,0.8986360466436367,0.910394265232975,0.923324371038986,0.8971258605242323,port_protocol_service_ablation,39,36,3,ct_src_dport_ltm|ct_dst_sport_ltm|is_sm_ips_ports,ksf-v4-idsplit::
quantum,svc,8,zmap_r2__as0.5__svc__d8,zmap_r2__as0.5,id_val,train_cv,1.0,0.8898512851285127,0.0064890384674072266,0.8764940239043825,0.8729508196721312,0.8735968289552772,0.8927335640138409,0.9707713813699327,0.9611316189995394,port_protocol_service_ablation,39,36,3,ct_src_dport_ltm|ct_dst_sport_ltm|is_sm_ips_ports,ksf-v4-idsplit::
quantum,svc,8,zmap_r2__as0.5__svc__d8,zmap_r2__as0.5,id_test,train_cv,1.0,0.8898512851285127,0.0064890384674072266,0.8795180722891566,0.8762590392561984,0.8770896406476241,0.8943661971830986,0.9567407024793388,0.9366146210328539,port_protocol_service_ablation,39,36,3,ct_src_dport_ltm|ct_dst_sport_ltm|is_sm_ips_ports,ksf-v4-idsplit::
quantum,svc,8,zmap_r2__as0.5__svc__d8,zmap_r2__as0.5,ood_test,train_cv,1.0,0.8898512851285127,0.0064890384674072266,0.9,0.8983739837398375,0.8986360466436367,0.910394265232975,0.923324371038986,0.8971258605242323,port_protocol_service_ablation,39,36,3,ct_src_dport_ltm|ct_dst_sport_ltm|is_sm_ips_ports,ksf-v4-idsplit::
quantum,svc,8,zz_r1_full__svc__d8,zz_r1_full,id_val,fixed_c1,1.0,,0.010718584060668945,0.9083665338645418,0.9077392298894396,0.9081566094468396,0.9125475285171103,0.9604142838988435,0.9365265963730754,port_protocol_service_ablation,39,36,3,ct_src_dport_ltm|ct_dst_sport_ltm|is_sm_ips_ports,ksf-v4-idsplit::
quantum,svc,8,zz_r1_full__svc__d8,zz_r1_full,id_test,fixed_c1,1.0,,0.010718584060668945,0.8714859437751004,0.8702543904958677,0.870884106818771,0.8796992481203008,0.9579028925619835,0.9618368712244574,port_protocol_service_ablation,39,36,3,ct_src_dport_ltm|ct_dst_sport_ltm|is_sm_ips_ports,ksf-v4-idsplit::
quantum,svc,8,zz_r1_full__svc__d8,zz_r1_full,ood_test,fixed_c1,1.0,,0.010718584060668945,0.898,0.8974297420139556,0.8977443609022556,0.9028571428571428,0.930638243390308,0.8715351558263574,port_protocol_service_ablation,39,36,3,ct_src_dport_ltm|ct_dst_sport_ltm|is_sm_ips_ports,ksf-v4-idsplit::
quantum,svc,8,zz_r1_full__svc__d8,zz_r1_full,id_val,train_cv,1.0,0.8691892189218923,0.012340545654296875,0.9083665338645418,0.9077392298894396,0.9081566094468396,0.9125475285171103,0.9604142838988435,0.9365265963730754,port_protocol_service_ablation,39,36,3,ct_src_dport_ltm|ct_dst_sport_ltm|is_sm_ips_ports,ksf-v4-idsplit::
quantum,svc,8,zz_r1_full__svc__d8,zz_r1_full,id_test,train_cv,1.0,0.8691892189218923,0.012340545654296875,0.8714859437751004,0.8702543904958677,0.870884106818771,0.8796992481203008,0.9579028925619835,0.9618368712244574,port_protocol_service_ablation,39,36,3,ct_src_dport_ltm|ct_dst_sport_ltm|is_sm_ips_ports,ksf-v4-idsplit::
quantum,svc,8,zz_r1_full__svc__d8,zz_r1_full,ood_test,train_cv,1.0,0.8691892189218923,0.012340545654296875,0.898,0.8974297420139556,0.8977443609022556,0.9028571428571428,0.930638243390308,0.8715351558263574,port_protocol_service_ablation,39,36,3,ct_src_dport_ltm|ct_dst_sport_ltm|is_sm_ips_ports,ksf-v4-idsplit::
quantum,svc,8,zz_r2_full__svc__d8,zz_r2_full,id_val,fixed_c1,1.0,,0.012468814849853516,0.8605577689243028,0.8623395602999111,0.8603360836870637,0.8547717842323651,0.9481509721692718,0.955850376122246,port_protocol_service_ablation,39,36,3,ct_src_dport_ltm|ct_dst_sport_ltm|is_sm_ips_ports,ksf-v4-idsplit::
quantum,svc,8,zz_r2_full__svc__d8,zz_r2_full,id_test,fixed_c1,1.0,,0.012468814849853516,0.8714859437751004,0.8731921487603306,0.8713178294573644,0.8666666666666667,0.9520273760330579,0.9567444921991608,port_protocol_service_ablation,39,36,3,ct_src_dport_ltm|ct_dst_sport_ltm|is_sm_ips_ports,ksf-v4-idsplit::
quantum,svc,8,zz_r2_full__svc__d8,zz_r2_full,ood_test,fixed_c1,1.0,,0.012468814849853516,0.728,0.7306190384738493,0.7215670859538783,0.6792452830188679,0.9255169323346777,0.8824739755661587,port_protocol_service_ablation,39,36,3,ct_src_dport_ltm|ct_dst_sport_ltm|is_sm_ips_ports,ksf-v4-idsplit::
quantum,svc,8,zz_r2_full__svc__d8,zz_r2_full,id_val,train_cv,10.0,0.8222855285528553,0.015634775161743164,0.8605577689243028,0.8616723853094421,0.8605223465904581,0.8582995951417004,0.9380480365993138,0.9346800250246012,port_protocol_service_ablation,39,36,3,ct_src_dport_ltm|ct_dst_sport_ltm|is_sm_ips_ports,ksf-v4-idsplit::
quantum,svc,8,zz_r2_full__svc__d8,zz_r2_full,id_test,train_cv,10.0,0.8222855285528553,0.015634775161743164,0.8795180722891566,0.8803267045454546,0.8795161290322581,0.8790322580645161,0.953254132231405,0.957895103541727,port_protocol_service_ablation,39,36,3,ct_src_dport_ltm|ct_dst_sport_ltm|is_sm_ips_ports,ksf-v4-idsplit::
quantum,svc,8,zz_r2_full__svc__d8,zz_r2_full,ood_test,train_cv,10.0,0.8222855285528553,0.015634775161743164,0.762,0.7641476217911785,0.7584040864223096,0.7289293849658315,0.9302541450611356,0.8901273157243195,port_protocol_service_ablation,39,36,3,ct_src_dport_ltm|ct_dst_sport_ltm|is_sm_ips_ports,ksf-v4-idsplit::
quantum,svc,8,pauli_xz_r1_full__svc__d8,pauli_xz_r1_full,id_val,fixed_c1,1.0,,0.007895946502685547,0.896414342629482,0.8943321896047782,0.8953764268308324,0.9057971014492754,0.961367391028085,0.9222451252794983,port_protocol_service_ablation,39,36,3,ct_src_dport_ltm|ct_dst_sport_ltm|is_sm_ips_ports,ksf-v4-idsplit::
quantum,svc,8,pauli_xz_r1_full__svc__d8,pauli_xz_r1_full,id_test,fixed_c1,1.0,,0.007895946502685547,0.8674698795180723,0.8649922520661157,0.865772579512227,0.8808664259927798,0.9457644628099173,0.9002555589258944,port_protocol_service_ablation,39,36,3,ct_src_dport_ltm|ct_dst_sport_ltm|is_sm_ips_ports,ksf-v4-idsplit::
quantum,svc,8,pauli_xz_r1_full__svc__d8,pauli_xz_r1_full,ood_test,fixed_c1,1.0,,0.007895946502685547,0.896,0.8944369758658217,0.8946788515133839,0.9064748201438849,0.939056398438,0.9156269159474644,port_protocol_service_ablation,39,36,3,ct_src_dport_ltm|ct_dst_sport_ltm|is_sm_ips_ports,ksf-v4-idsplit::
quantum,svc,8,pauli_xz_r1_full__svc__d8,pauli_xz_r1_full,id_val,train_cv,100.0,0.8901217121712172,0.018822193145751953,0.896414342629482,0.8961113229126954,0.8962809917355372,0.9,0.9492311602490786,0.911247180608029,port_protocol_service_ablation,39,36,3,ct_src_dport_ltm|ct_dst_sport_ltm|is_sm_ips_ports,ksf-v4-idsplit::
quantum,svc,8,pauli_xz_r1_full__svc__d8,pauli_xz_r1_full,id_test,train_cv,100.0,0.8901217121712172,0.018822193145751953,0.8875502008032129,0.8861053719008265,0.8868916288124595,0.8955223880597015,0.9414385330578513,0.8969856761088427,port_protocol_service_ablation,39,36,3,ct_src_dport_ltm|ct_dst_sport_ltm|is_sm_ips_ports,ksf-v4-idsplit::
quantum,svc,8,pauli_xz_r1_full__svc__d8,pauli_xz_r1_full,ood_test,train_cv,100.0,0.8901217121712172,0.018822193145751953,0.904,0.9037833685423469,0.9039246769467262,0.9066147859922179,0.9350873823698866,0.9128109633960851,port_protocol_service_ablation,39,36,3,ct_src_dport_ltm|ct_dst_sport_ltm|is_sm_ips_ports,ksf-v4-idsplit::
quantum,svc,8,zmap_r2__svc__d8,zmap_r2,id_val,fixed_c1,1.0,,0.008048057556152344,0.900398406374502,0.8990977252509849,0.8998835298434833,0.9070631970260223,0.9451645698309823,0.9128744907418036,port_protocol_service_ablation,39,36,3,ct_src_dport_ltm|ct_dst_sport_ltm|is_sm_ips_ports,ksf-v4-idsplit::
quantum,svc,8,zmap_r2__svc__d8,zmap_r2,id_test,fixed_c1,1.0,,0.008048057556152344,0.891566265060241,0.8895596590909092,0.8905494505494506,0.9010989010989011,0.9429881198347108,0.8915641139006415,port_protocol_service_ablation,39,36,3,ct_src_dport_ltm|ct_dst_sport_ltm|is_sm_ips_ports,ksf-v4-idsplit::
quantum,svc,8,zmap_r2__svc__d8,zmap_r2,ood_test,fixed_c1,1.0,,0.008048057556152344,0.89,0.8885954804429934,0.8888435280659986,0.9001814882032668,0.9353274438256193,0.9130045236114914,port_protocol_service_ablation,39,36,3,ct_src_dport_ltm|ct_dst_sport_ltm|is_sm_ips_ports,ksf-v4-idsplit::
quantum,svc,8,zmap_r2__svc__d8,zmap_r2,id_val,train_cv,100.0,0.8962015201520153,0.018288612365722656,0.8844621513944223,0.8842610242724616,0.8843446621224399,0.888030888030888,0.9553310458762231,0.937843653681926,port_protocol_service_ablation,39,36,3,ct_src_dport_ltm|ct_dst_sport_ltm|is_sm_ips_ports,ksf-v4-idsplit::
quantum,svc,8,zmap_r2__svc__d8,zmap_r2,id_test,train_cv,100.0,0.8962015201520153,0.018288612365722656,0.8835341365461847,0.8821991219008265,0.8829223211245683,0.8913857677902621,0.9259426652892562,0.8921023673922147,port_protocol_service_ablation,39,36,3,ct_src_dport_ltm|ct_dst_sport_ltm|is_sm_ips_ports,ksf-v4-idsplit::
quantum,svc,8,zmap_r2__svc__d8,zmap_r2,ood_test,train_cv,100.0,0.8962015201520153,0.018288612365722656,0.906,0.90581588886755,0.9059364130151982,0.9083820662768031,0.9336950259266372,0.908584897962461,port_protocol_service_ablation,39,36,3,ct_src_dport_ltm|ct_dst_sport_ltm|is_sm_ips_ports,ksf-v4-idsplit::
quantum,svc,8,zz_r1_full__as2__svc__d8,zz_r1_full__as2,id_val,fixed_c1,1.0,,0.011514902114868164,0.9163346613545816,0.9157135595374253,0.9161429912340711,0.9201520912547528,0.9665777100012709,0.9706515935321167,port_protocol_service_ablation,39,36,3,ct_src_dport_ltm|ct_dst_sport_ltm|is_sm_ips_ports,ksf-v4-idsplit::
quantum,svc,8,zz_r1_full__as2__svc__d8,zz_r1_full__as2,id_test,fixed_c1,1.0,,0.011514902114868164,0.8594377510040161,0.8585356404958677,0.8589919909392444,0.8669201520912547,0.9511880165289256,0.9559862506193941,port_protocol_service_ablation,39,36,3,ct_src_dport_ltm|ct_dst_sport_ltm|is_sm_ips_ports,ksf-v4-idsplit::
quantum,svc,8,zz_r1_full__as2__svc__d8,zz_r1_full__as2,ood_test,fixed_c1,1.0,,0.011514902114868164,0.84,0.840471160617118,0.8399590295115549,0.8373983739837398,0.9290538377824723,0.8919980423430891,port_protocol_service_ablation,39,36,3,ct_src_dport_ltm|ct_dst_sport_ltm|is_sm_ips_ports,ksf-v4-idsplit::
quantum,svc,8,zz_r1_full__as2__svc__d8,zz_r1_full__as2,id_val,train_cv,1.0,0.8537582758275828,0.01059269905090332,0.9163346613545816,0.9157135595374253,0.9161429912340711,0.9201520912547528,0.9665777100012709,0.9706515935321167,port_protocol_service_ablation,39,36,3,ct_src_dport_ltm|ct_dst_sport_ltm|is_sm_ips_ports,ksf-v4-idsplit::
quantum,svc,8,zz_r1_full__as2__svc__d8,zz_r1_full__as2,id_test,train_cv,1.0,0.8537582758275828,0.01059269905090332,0.8594377510040161,0.8585356404958677,0.8589919909392444,0.8669201520912547,0.9511880165289256,0.9559862506193941,port_protocol_service_ablation,39,36,3,ct_src_dport_ltm|ct_dst_sport_ltm|is_sm_ips_ports,ksf-v4-idsplit::
quantum,svc,8,zz_r1_full__as2__svc__d8,zz_r1_full__as2,ood_test,train_cv,1.0,0.8537582758275828,0.01059269905090332,0.84,0.840471160617118,0.8399590295115549,0.8373983739837398,0.9290538377824723,0.8919980423430891,port_protocol_service_ablation,39,36,3,ct_src_dport_ltm|ct_dst_sport_ltm|is_sm_ips_ports,ksf-v4-idsplit::
quantum,svc,8,zz_r2_full__as2__svc__d8,zz_r2_full__as2,id_val,fixed_c1,1.0,,0.011149406433105469,0.8406374501992032,0.8436268903291396,0.8395140664961637,0.8260869565217391,0.9330918795272589,0.9375521428149369,port_protocol_service_ablation,39,36,3,ct_src_dport_ltm|ct_dst_sport_ltm|is_sm_ips_ports,ksf-v4-idsplit::
quantum,svc,8,zz_r2_full__as2__svc__d8,zz_r2_full__as2,id_test,fixed_c1,1.0,,0.011149406433105469,0.8393574297188755,0.8421681301652892,0.8384166125892278,0.8260869565217391,0.9349819214876034,0.9445318149614648,port_protocol_service_ablation,39,36,3,ct_src_dport_ltm|ct_dst_sport_ltm|is_sm_ips_ports,ksf-v4-idsplit::
quantum,svc,8,zz_r2_full__as2__svc__d8,zz_r2_full__as2,ood_test,fixed_c1,1.0,,0.011149406433105469,0.688,0.6913769925100826,0.675,0.61,0.9009986556558478,0.8848865279805492,port_protocol_service_ablation,39,36,3,ct_src_dport_ltm|ct_dst_sport_ltm|is_sm_ips_ports,ksf-v4-idsplit::
quantum,svc,8,zz_r2_full__as2__svc__d8,zz_r2_full__as2,id_val,train_cv,1.0,0.7908032803280329,0.010942697525024414,0.8406374501992032,0.8436268903291396,0.8395140664961637,0.8260869565217391,0.9330918795272589,0.9375521428149369,port_protocol_service_ablation,39,36,3,ct_src_dport_ltm|ct_dst_sport_ltm|is_sm_ips_ports,ksf-v4-idsplit::
quantum,svc,8,zz_r2_full__as2__svc__d8,zz_r2_full__as2,id_test,train_cv,1.0,0.7908032803280329,0.010942697525024414,0.8393574297188755,0.8421681301652892,0.8384166125892278,0.8260869565217391,0.9349819214876034,0.9445318149614648,port_protocol_service_ablation,39,36,3,ct_src_dport_ltm|ct_dst_sport_ltm|is_sm_ips_ports,ksf-v4-idsplit::
quantum,svc,8,zz_r2_full__as2__svc__d8,zz_r2_full__as2,ood_test,train_cv,1.0,0.7908032803280329,0.010942697525024414,0.688,0.6913769925100826,0.675,0.61,0.9009986556558478,0.8848865279805492,port_protocol_service_ablation,39,36,3,ct_src_dport_ltm|ct_dst_sport_ltm|is_sm_ips_ports,ksf-v4-idsplit::
quantum,svc,8,pauli_xz_r1_full__as2__svc__d8,pauli_xz_r1_full__as2,id_val,fixed_c1,1.0,,0.008278369903564453,0.900398406374502,0.8990977252509849,0.8998835298434833,0.9070631970260223,0.9508196721311475,0.9286883248235557,port_protocol_service_ablation,39,36,3,ct_src_dport_ltm|ct_dst_sport_ltm|is_sm_ips_ports,ksf-v4-idsplit::
quantum,svc,8,pauli_xz_r1_full__as2__svc__d8,pauli_xz_r1_full__as2,id_test,fixed_c1,1.0,,0.008278369903564453,0.8835341365461847,0.8817471590909092,0.8826178129622706,0.8929889298892989,0.9333032024793388,0.8695360151410415,port_protocol_service_ablation,39,36,3,ct_src_dport_ltm|ct_dst_sport_ltm|is_sm_ips_ports,ksf-v4-idsplit::
quantum,svc,8,pauli_xz_r1_full__as2__svc__d8,pauli_xz_r1_full__as2,ood_test,fixed_c1,1.0,,0.008278369903564453,0.886,0.88504257089815,0.8853722987077235,0.8938547486033519,0.9328148005889508,0.9005296024744622,port_protocol_service_ablation,39,36,3,ct_src_dport_ltm|ct_dst_sport_ltm|is_sm_ips_ports,ksf-v4-idsplit::
quantum,svc,8,pauli_xz_r1_full__as2__svc__d8,pauli_xz_r1_full__as2,id_val,train_cv,10.0,0.8820405040504049,0.011648893356323242,0.9043824701195219,0.9038632608971915,0.9041984732824427,0.9083969465648855,0.9374126318464863,0.8977107353242824,port_protocol_service_ablation,39,36,3,ct_src_dport_ltm|ct_dst_sport_ltm|is_sm_ips_ports,ksf-v4-idsplit::
quantum,svc,8,pauli_xz_r1_full__as2__svc__d8,pauli_xz_r1_full__as2,id_test,train_cv,10.0,0.8820405040504049,0.011648893356323242,0.8795180722891566,0.8787448347107438,0.8791887695691551,0.8854961832061069,0.9429235537190083,0.9157571227565552,port_protocol_service_ablation,39,36,3,ct_src_dport_ltm|ct_dst_sport_ltm|is_sm_ips_ports,ksf-v4-idsplit::
quantum,svc,8,pauli_xz_r1_full__as2__svc__d8,pauli_xz_r1_full__as2,ood_test,train_cv,10.0,0.8820405040504049,0.011648893356323242,0.9,0.8997183278919403,0.8998974950349158,0.9031007751937985,0.9200755393380706,0.8949551668447895,port_protocol_service_ablation,39,36,3,ct_src_dport_ltm|ct_dst_sport_ltm|is_sm_ips_ports,ksf-v4-idsplit::
quantum,svc,8,zmap_r2__as2__svc__d8,zmap_r2__as2,id_val,fixed_c1,1.0,,0.008011341094970703,0.8884462151394422,0.8868026432837718,0.8876598465473147,0.8970588235294118,0.9682933028339052,0.9703147220385843,port_protocol_service_ablation,39,36,3,ct_src_dport_ltm|ct_dst_sport_ltm|is_sm_ips_ports,ksf-v4-idsplit::
quantum,svc,8,zmap_r2__as2__svc__d8,zmap_r2__as2,id_test,fixed_c1,1.0,,0.008011341094970703,0.8674698795180723,0.8661221590909092,0.8667736757624398,0.8764044943820225,0.937887396694215,0.9081643213945879,port_protocol_service_ablation,39,36,3,ct_src_dport_ltm|ct_dst_sport_ltm|is_sm_ips_ports,ksf-v4-idsplit::
quantum,svc,8,zmap_r2__as2__svc__d8,zmap_r2__as2,ood_test,fixed_c1,1.0,,0.008011341094970703,0.87,0.8690384738493054,0.8692842002807373,0.8789571694599627,0.9331188784328788,0.9080996099453236,port_protocol_service_ablation,39,36,3,ct_src_dport_ltm|ct_dst_sport_ltm|is_sm_ips_ports,ksf-v4-idsplit::
quantum,svc,8,zmap_r2__as2__svc__d8,zmap_r2__as2,id_val,train_cv,10.0,0.876040304030403,0.013004779815673828,0.8924302788844621,0.8920129622569577,0.8922592645585921,0.896551724137931,0.944211462701741,0.9134753184198746,port_protocol_service_ablation,39,36,3,ct_src_dport_ltm|ct_dst_sport_ltm|is_sm_ips_ports,ksf-v4-idsplit::
quantum,svc,8,zmap_r2__as2__svc__d8,zmap_r2__as2,id_test,train_cv,10.0,0.876040304030403,0.013004779815673828,0.8955823293172691,0.8952737603305785,0.8954457364341086,0.8992248062015504,0.9385330578512397,0.9086430382033348,port_protocol_service_ablation,39,36,3,ct_src_dport_ltm|ct_dst_sport_ltm|is_sm_ips_ports,ksf-v4-idsplit::
quantum,svc,8,zmap_r2__as2__svc__d8,zmap_r2__as2,ood_test,train_cv,10.0,0.876040304030403,0.013004779815673828,0.886,0.8861948658856666,0.885999543998176,0.8862275449101796,0.9491869918699187,0.934070966387001,port_protocol_service_ablation,39,36,3,ct_src_dport_ltm|ct_dst_sport_ltm|is_sm_ips_ports,ksf-v4-idsplit::
classical_ext,svc,10,linear__svc__d10,linear,id_val,fixed_c1,1.0,,0.006891489028930664,0.852589641434263,0.8499173973821323,0.8504532938277967,0.8683274021352313,0.8638327614690557,0.7567648423282677,port_protocol_service_ablation,39,36,3,ct_src_dport_ltm|ct_dst_sport_ltm|is_sm_ips_ports,ksf-v4-idsplit::
classical_ext,svc,10,linear__svc__d10,linear,id_test,fixed_c1,1.0,,0.006891489028930664,0.8514056224899599,0.849141270661157,0.8497676314716673,0.8654545454545455,0.8874612603305785,0.8185653643488773,port_protocol_service_ablation,39,36,3,ct_src_dport_ltm|ct_dst_sport_ltm|is_sm_ips_ports,ksf-v4-idsplit::
classical_ext,svc,10,linear__svc__d10,linear,ood_test,fixed_c1,1.0,,0.006891489028930664,0.742,0.742478074387043,0.7419163809074141,0.7372708757637475,0.8415434351193906,0.7938630677773691,port_protocol_service_ablation,39,36,3,ct_src_dport_ltm|ct_dst_sport_ltm|is_sm_ips_ports,ksf-v4-idsplit::
classical_ext,svc,10,linear__svc__d10,linear,id_val,train_cv,100.0,0.8544781478147815,0.015574216842651367,0.852589641434263,0.850139789045622,0.850732115016796,0.8673835125448028,0.866374380480366,0.7685271660447067,port_protocol_service_ablation,39,36,3,ct_src_dport_ltm|ct_dst_sport_ltm|is_sm_ips_ports,ksf-v4-idsplit::
classical_ext,svc,10,linear__svc__d10,linear,id_test,train_cv,100.0,0.8544781478147815,0.015574216842651367,0.8514056224899599,0.849141270661157,0.8497676314716673,0.8654545454545455,0.9003099173553719,0.8631766501860205,port_protocol_service_ablation,39,36,3,ct_src_dport_ltm|ct_dst_sport_ltm|is_sm_ips_ports,ksf-v4-idsplit::
classical_ext,svc,10,linear__svc__d10,linear,ood_test,train_cv,100.0,0.8544781478147815,0.015574216842651367,0.79,0.7899142180398182,0.7899319379478951,0.793713163064833,0.8483771845592473,0.8012990774102987,port_protocol_service_ablation,39,36,3,ct_src_dport_ltm|ct_dst_sport_ltm|is_sm_ips_ports,ksf-v4-idsplit::
classical_ext,svc,10,rbf_gscale__svc__d10,rbf_gscale,id_val,fixed_c1,1.0,,0.007030010223388672,0.8764940239043825,0.8729508196721312,0.8735968289552772,0.8927335640138409,0.9575549625111197,0.9514519767924147,port_protocol_service_ablation,39,36,3,ct_src_dport_ltm|ct_dst_sport_ltm|is_sm_ips_ports,ksf-v4-idsplit::
classical_ext,svc,10,rbf_gscale__svc__d10,rbf_gscale,id_test,fixed_c1,1.0,,0.007030010223388672,0.8755020080321285,0.8721268078512396,0.8728440820360761,0.8912280701754386,0.9411157024793388,0.9242346491883087,port_protocol_service_ablation,39,36,3,ct_src_dport_ltm|ct_dst_sport_ltm|is_sm_ips_ports,ksf-v4-idsplit::
classical_ext,svc,10,rbf_gscale__svc__d10,rbf_gscale,ood_test,fixed_c1,1.0,,0.007030010223388672,0.9,0.8985020165162282,0.8988198345501934,0.9097472924187726,0.9498431598489213,0.9079917193627721,port_protocol_service_ablation,39,36,3,ct_src_dport_ltm|ct_dst_sport_ltm|is_sm_ips_ports,ksf-v4-idsplit::
classical_ext,svc,10,rbf_gscale__svc__d10,rbf_gscale,id_val,train_cv,10.0,0.8944617461746175,0.009001731872558594,0.8844621513944223,0.882704282628034,0.8835676695938706,0.8937728937728938,0.9665777100012709,0.957892629944366,port_protocol_service_ablation,39,36,3,ct_src_dport_ltm|ct_dst_sport_ltm|is_sm_ips_ports,ksf-v4-idsplit::
classical_ext,svc,10,rbf_gscale__svc__d10,rbf_gscale,id_test,train_cv,10.0,0.8944617461746175,0.009001731872558594,0.8795180722891566,0.8769369834710744,0.8778613472858077,0.8920863309352518,0.9402117768595042,0.9046557718674424,port_protocol_service_ablation,39,36,3,ct_src_dport_ltm|ct_dst_sport_ltm|is_sm_ips_ports,ksf-v4-idsplit::
classical_ext,svc,10,rbf_gscale__svc__d10,rbf_gscale,ood_test,train_cv,10.0,0.8944617461746175,0.009001731872558594,0.922,0.9213078548108316,0.9217367223339313,0.9262759924385633,0.9583413353818577,0.9295548629020994,port_protocol_service_ablation,39,36,3,ct_src_dport_ltm|ct_dst_sport_ltm|is_sm_ips_ports,ksf-v4-idsplit::
classical_ext,svc,10,poly2__svc__d10,poly2,id_val,fixed_c1,1.0,,0.006838798522949219,0.8764940239043825,0.8729508196721312,0.8735968289552772,0.8927335640138409,0.8558266615834287,0.7860739394441039,port_protocol_service_ablation,39,36,3,ct_src_dport_ltm|ct_dst_sport_ltm|is_sm_ips_ports,ksf-v4-idsplit::
classical_ext,svc,10,poly2__svc__d10,poly2,id_test,fixed_c1,1.0,,0.006838798522949219,0.8755020080321285,0.8723527892561984,0.8731366587229846,0.8904593639575972,0.8700929752066116,0.7962665119596919,port_protocol_service_ablation,39,36,3,ct_src_dport_ltm|ct_dst_sport_ltm|is_sm_ips_ports,ksf-v4-idsplit::
classical_ext,svc,10,poly2__svc__d10,poly2,ood_test,fixed_c1,1.0,,0.006838798522949219,0.878,0.8760162601626016,0.8756315267963088,0.8927943760984183,0.8145445233979899,0.6891740185819667,port_protocol_service_ablation,39,36,3,ct_src_dport_ltm|ct_dst_sport_ltm|is_sm_ips_ports,ksf-v4-idsplit::
classical_ext,svc,10,poly2__svc__d10,poly2,id_val,train_cv,100.0,0.8897712771277128,0.012006998062133789,0.8764940239043825,0.8729508196721312,0.8735968289552772,0.8927335640138409,0.9637819290888296,0.9565192104522554,port_protocol_service_ablation,39,36,3,ct_src_dport_ltm|ct_dst_sport_ltm|is_sm_ips_ports,ksf-v4-idsplit::
classical_ext,svc,10,poly2__svc__d10,poly2,id_test,train_cv,100.0,0.8897712771277128,0.012006998062133789,0.8795180722891566,0.8762590392561984,0.8770896406476241,0.8943661971830986,0.9323347107438017,0.8948139426577624,port_protocol_service_ablation,39,36,3,ct_src_dport_ltm|ct_dst_sport_ltm|is_sm_ips_ports,ksf-v4-idsplit::
classical_ext,svc,10,poly2__svc__d10,poly2,ood_test,train_cv,100.0,0.8897712771277128,0.012006998062133789,0.924,0.9227642276422765,0.923351244937148,0.9304029304029304,0.9553005569425773,0.9207007693377309,port_protocol_service_ablation,39,36,3,ct_src_dport_ltm|ct_dst_sport_ltm|is_sm_ips_ports,ksf-v4-idsplit::
classical_ext,svc,10,poly3__svc__d10,poly3,id_val,fixed_c1,1.0,,0.005999088287353516,0.8764940239043825,0.8729508196721312,0.8735968289552772,0.8927335640138409,0.8743169398907105,0.8075611206182496,port_protocol_service_ablation,39,36,3,ct_src_dport_ltm|ct_dst_sport_ltm|is_sm_ips_ports,ksf-v4-idsplit::
classical_ext,svc,10,poly3__svc__d10,poly3,id_test,fixed_c1,1.0,,0.005999088287353516,0.8755020080321285,0.8721268078512396,0.8728440820360761,0.8912280701754386,0.8621513429752066,0.7702052043596002,port_protocol_service_ablation,39,36,3,ct_src_dport_ltm|ct_dst_sport_ltm|is_sm_ips_ports,ksf-v4-idsplit::
classical_ext,svc,10,poly3__svc__d10,poly3,ood_test,fixed_c1,1.0,,0.005999088287353516,0.878,0.8760162601626016,0.8756315267963088,0.8927943760984183,0.8787849689520517,0.7963605170484328,port_protocol_service_ablation,39,36,3,ct_src_dport_ltm|ct_dst_sport_ltm|is_sm_ips_ports,ksf-v4-idsplit::
classical_ext,svc,10,poly3__svc__d10,poly3,id_val,train_cv,100.0,0.8995318531853187,0.010999679565429688,0.8844621513944223,0.8818147159740755,0.8827877167839487,0.896797153024911,0.9654339814461813,0.9543553432583445,port_protocol_service_ablation,39,36,3,ct_src_dport_ltm|ct_dst_sport_ltm|is_sm_ips_ports,ksf-v4-idsplit::
classical_ext,svc,10,poly3__svc__d10,poly3,id_test,train_cv,100.0,0.8995318531853187,0.010999679565429688,0.8875502008032129,0.8847494834710744,0.8857798165137615,0.9,0.92942923553719,0.8872701985135992,port_protocol_service_ablation,39,36,3,ct_src_dport_ltm|ct_dst_sport_ltm|is_sm_ips_ports,ksf-v4-idsplit::
classical_ext,svc,10,poly3__svc__d10,poly3,ood_test,train_cv,100.0,0.8995318531853187,0.010999679565429688,0.938,0.9370558863068945,0.9376586185954285,0.9422718808193669,0.9591095320402023,0.9274749007617589,port_protocol_service_ablation,39,36,3,ct_src_dport_ltm|ct_dst_sport_ltm|is_sm_ips_ports,ksf-v4-idsplit::
classical_ext,svc,10,laplacian_med__svc__d10,laplacian_med,id_val,fixed_c1,1.0,,0.006000041961669922,0.8725099601593626,0.8690748506798831,0.8696780893042575,0.8888888888888888,0.9610496886516712,0.9590505632359015,port_protocol_service_ablation,39,36,3,ct_src_dport_ltm|ct_dst_sport_ltm|is_sm_ips_ports,ksf-v4-idsplit::
classical_ext,svc,10,laplacian_med__svc__d10,laplacian_med,id_test,fixed_c1,1.0,,0.006000041961669922,0.8755020080321285,0.8721268078512396,0.8728440820360761,0.8912280701754386,0.9485408057851239,0.9467817053848583,port_protocol_service_ablation,39,36,3,ct_src_dport_ltm|ct_dst_sport_ltm|is_sm_ips_ports,ksf-v4-idsplit::
classical_ext,svc,10,laplacian_med__svc__d10,laplacian_med,ood_test,fixed_c1,1.0,,0.006000041961669922,0.928,0.9268932846808783,0.9274883578530109,0.933579335793358,0.976121887203124,0.9704164319909588,port_protocol_service_ablation,39,36,3,ct_src_dport_ltm|ct_dst_sport_ltm|is_sm_ips_ports,ksf-v4-idsplit::
classical_ext,svc,10,laplacian_med__svc__d10,laplacian_med,id_val,train_cv,100.0,0.894041504150415,0.008997917175292969,0.8605577689243028,0.8603380353285042,0.8604159715270827,0.8648648648648649,0.9621934172067608,0.9628982989089605,port_protocol_service_ablation,39,36,3,ct_src_dport_ltm|ct_dst_sport_ltm|is_sm_ips_ports,ksf-v4-idsplit::
classical_ext,svc,10,laplacian_med__svc__d10,laplacian_med,id_test,train_cv,100.0,0.894041504150415,0.008997917175292969,0.8714859437751004,0.870706353305785,0.8711346875404322,0.8778625954198473,0.9523502066115703,0.9551057541764798,port_protocol_service_ablation,39,36,3,ct_src_dport_ltm|ct_dst_sport_ltm|is_sm_ips_ports,ksf-v4-idsplit::
classical_ext,svc,10,laplacian_med__svc__d10,laplacian_med,ood_test,train_cv,100.0,0.894041504150415,0.008997917175292969,0.924,0.9239805390179886,0.9239805390179886,0.9251968503937008,0.9699122975481722,0.9439035771338625,port_protocol_service_ablation,39,36,3,ct_src_dport_ltm|ct_dst_sport_ltm|is_sm_ips_ports,ksf-v4-idsplit::
classical_ext,svc,10,matern15_med__svc__d10,matern15_med,id_val,fixed_c1,1.0,,0.00599980354309082,0.8764940239043825,0.8729508196721312,0.8735968289552772,0.8927335640138409,0.9514550768839751,0.946390671032709,port_protocol_service_ablation,39,36,3,ct_src_dport_ltm|ct_dst_sport_ltm|is_sm_ips_ports,ksf-v4-idsplit::
classical_ext,svc,10,matern15_med__svc__d10,matern15_med,id_test,fixed_c1,1.0,,0.00599980354309082,0.8755020080321285,0.8721268078512396,0.8728440820360761,0.8912280701754386,0.9233600206611571,0.8950956826348075,port_protocol_service_ablation,39,36,3,ct_src_dport_ltm|ct_dst_sport_ltm|is_sm_ips_ports,ksf-v4-idsplit::
classical_ext,svc,10,matern15_med__svc__d10,matern15_med,ood_test,fixed_c1,1.0,,0.00599980354309082,0.898,0.8964054798028296,0.8966569537712107,0.9084380610412927,0.9437135906792139,0.9023370669885723,port_protocol_service_ablation,39,36,3,ct_src_dport_ltm|ct_dst_sport_ltm|is_sm_ips_ports,ksf-v4-idsplit::
classical_ext,svc,10,matern15_med__svc__d10,matern15_med,id_val,train_cv,10.0,0.8954617461746175,0.007998228073120117,0.8924302788844621,0.8909010039395096,0.89174294340346,0.9003690036900369,0.9599695005718641,0.9416635033669866,port_protocol_service_ablation,39,36,3,ct_src_dport_ltm|ct_dst_sport_ltm|is_sm_ips_ports,ksf-v4-idsplit::
classical_ext,svc,10,matern15_med__svc__d10,matern15_med,id_test,train_cv,10.0,0.8954617461746175,0.007998228073120117,0.8755020080321285,0.8730307334710744,0.8739075746933042,0.8880866425992779,0.9465392561983471,0.9192079626127019,port_protocol_service_ablation,39,36,3,ct_src_dport_ltm|ct_dst_sport_ltm|is_sm_ips_ports,ksf-v4-idsplit::
classical_ext,svc,10,matern15_med__svc__d10,matern15_med,ood_test,train_cv,10.0,0.8954617461746175,0.007998228073120117,0.926,0.9253088790730426,0.9257502237527041,0.9300567107750473,0.9609339991037705,0.9336880268572041,port_protocol_service_ablation,39,36,3,ct_src_dport_ltm|ct_dst_sport_ltm|is_sm_ips_ports,ksf-v4-idsplit::
classical_ext,svc,10,matern25_med__svc__d10,matern25_med,id_val,fixed_c1,1.0,,0.005998849868774414,0.8764940239043825,0.8729508196721312,0.8735968289552772,0.8927335640138409,0.9398271699072309,0.9225219426327608,port_protocol_service_ablation,39,36,3,ct_src_dport_ltm|ct_dst_sport_ltm|is_sm_ips_ports,ksf-v4-idsplit::
classical_ext,svc,10,matern25_med__svc__d10,matern25_med,id_test,fixed_c1,1.0,,0.005998849868774414,0.8755020080321285,0.8721268078512396,0.8728440820360761,0.8912280701754386,0.9090263429752067,0.8644772588961079,port_protocol_service_ablation,39,36,3,ct_src_dport_ltm|ct_dst_sport_ltm|is_sm_ips_ports,ksf-v4-idsplit::
classical_ext,svc,10,matern25_med__svc__d10,matern25_med,ood_test,fixed_c1,1.0,,0.005998849868774414,0.878,0.876080276550797,0.875769313798567,0.892416225749559,0.941232955636643,0.8995347267429006,port_protocol_service_ablation,39,36,3,ct_src_dport_ltm|ct_dst_sport_ltm|is_sm_ips_ports,ksf-v4-idsplit::
classical_ext,svc,10,matern25_med__svc__d10,matern25_med,id_val,train_cv,10.0,0.8965718571857184,0.00835418701171875,0.8844621513944223,0.8815923243105859,0.8825532052212918,0.8975265017667845,0.9665777100012707,0.9481514317440705,port_protocol_service_ablation,39,36,3,ct_src_dport_ltm|ct_dst_sport_ltm|is_sm_ips_ports,ksf-v4-idsplit::
classical_ext,svc,10,matern25_med__svc__d10,matern25_med,id_test,train_cv,10.0,0.8965718571857184,0.00835418701171875,0.8795180722891566,0.8769369834710744,0.8778613472858077,0.8920863309352518,0.9396952479338843,0.9053409560481878,port_protocol_service_ablation,39,36,3,ct_src_dport_ltm|ct_dst_sport_ltm|is_sm_ips_ports,ksf-v4-idsplit::
classical_ext,svc,10,matern25_med__svc__d10,matern25_med,ood_test,train_cv,10.0,0.8965718571857184,0.00835418701171875,0.932,0.9310863581076756,0.9316456510550695,0.9365671641791045,0.9597496959221561,0.9301942562659024,port_protocol_service_ablation,39,36,3,ct_src_dport_ltm|ct_dst_sport_ltm|is_sm_ips_ports,ksf-v4-idsplit::
classical_ext,svc,10,rbf_gscale_x0.1__svc__d10,rbf_gscale_x0.1,id_val,fixed_c1,1.0,,0.00800013542175293,0.8645418326693227,0.861322912695387,0.8618557368557369,0.8811188811188811,0.8649764900241455,0.8046322197836091,port_protocol_service_ablation,39,36,3,ct_src_dport_ltm|ct_dst_sport_ltm|is_sm_ips_ports,ksf-v4-idsplit::
classical_ext,svc,10,rbf_gscale_x0.1__svc__d10,rbf_gscale_x0.1,id_test,fixed_c1,1.0,,0.00800013542175293,0.8634538152610441,0.8606340392561984,0.8613040629095675,0.8785714285714286,0.878486570247934,0.8073074267229985,port_protocol_service_ablation,39,36,3,ct_src_dport_ltm|ct_dst_sport_ltm|is_sm_ips_ports,ksf-v4-idsplit::
classical_ext,svc,10,rbf_gscale_x0.1__svc__d10,rbf_gscale_x0.1,ood_test,fixed_c1,1.0,,0.00800013542175293,0.848,0.8464887011074835,0.846206148516294,0.8628158844765343,0.7751904487548813,0.6506054028295174,port_protocol_service_ablation,39,36,3,ct_src_dport_ltm|ct_dst_sport_ltm|is_sm_ips_ports,ksf-v4-idsplit::
classical_ext,svc,10,rbf_gscale_x0.1__svc__d10,rbf_gscale_x0.1,id_val,train_cv,100.0,0.8928015801580159,0.012024641036987305,0.8764940239043825,0.8729508196721312,0.8735968289552772,0.8927335640138409,0.9621934172067608,0.950993995767796,port_protocol_service_ablation,39,36,3,ct_src_dport_ltm|ct_dst_sport_ltm|is_sm_ips_ports,ksf-v4-idsplit::
classical_ext,svc,10,rbf_gscale_x0.1__svc__d10,rbf_gscale_x0.1,id_test,train_cv,100.0,0.8928015801580159,0.012024641036987305,0.8795180722891566,0.8762590392561984,0.8770896406476241,0.8943661971830986,0.9261363636363636,0.8710410358231484,port_protocol_service_ablation,39,36,3,ct_src_dport_ltm|ct_dst_sport_ltm|is_sm_ips_ports,ksf-v4-idsplit::
classical_ext,svc,10,rbf_gscale_x0.1__svc__d10,rbf_gscale_x0.1,ood_test,train_cv,100.0,0.8928015801580159,0.012024641036987305,0.916,0.9147621791178542,0.915282954930532,0.9230769230769231,0.9521317457269063,0.9164457358054026,port_protocol_service_ablation,39,36,3,ct_src_dport_ltm|ct_dst_sport_ltm|is_sm_ips_ports,ksf-v4-idsplit::
classical_ext,svc,10,rbf_gscale_x0.3__svc__d10,rbf_gscale_x0.3,id_val,fixed_c1,1.0,,0.006852626800537109,0.8764940239043825,0.8729508196721312,0.8735968289552772,0.8927335640138409,0.9110433346041429,0.8812647045930685,port_protocol_service_ablation,39,36,3,ct_src_dport_ltm|ct_dst_sport_ltm|is_sm_ips_ports,ksf-v4-idsplit::
classical_ext,svc,10,rbf_gscale_x0.3__svc__d10,rbf_gscale_x0.3,id_test,fixed_c1,1.0,,0.006852626800537109,0.8755020080321285,0.8721268078512396,0.8728440820360761,0.8912280701754386,0.881456611570248,0.8101717865039842,port_protocol_service_ablation,39,36,3,ct_src_dport_ltm|ct_dst_sport_ltm|is_sm_ips_ports,ksf-v4-idsplit::
classical_ext,svc,10,rbf_gscale_x0.3__svc__d10,rbf_gscale_x0.3,ood_test,fixed_c1,1.0,,0.006852626800537109,0.876,0.8740477562255937,0.8736632759520084,0.8908450704225352,0.8998943729594776,0.8307371416633992,port_protocol_service_ablation,39,36,3,ct_src_dport_ltm|ct_dst_sport_ltm|is_sm_ips_ports,ksf-v4-idsplit::
classical_ext,svc,10,rbf_gscale_x0.3__svc__d10,rbf_gscale_x0.3,id_val,train_cv,100.0,0.8984219421942192,0.01204538345336914,0.8924302788844621,0.8909010039395096,0.89174294340346,0.9003690036900369,0.9679756004574914,0.9604388203676293,port_protocol_service_ablation,39,36,3,ct_src_dport_ltm|ct_dst_sport_ltm|is_sm_ips_ports,ksf-v4-idsplit::
classical_ext,svc,10,rbf_gscale_x0.3__svc__d10,rbf_gscale_x0.3,id_test,train_cv,100.0,0.8984219421942192,0.01204538345336914,0.8795180722891566,0.8771629648760331,0.8780846063454759,0.8913043478260869,0.940986570247934,0.9045691238683324,port_protocol_service_ablation,39,36,3,ct_src_dport_ltm|ct_dst_sport_ltm|is_sm_ips_ports,ksf-v4-idsplit::
classical_ext,svc,10,rbf_gscale_x0.3__svc__d10,rbf_gscale_x0.3,ood_test,train_cv,100.0,0.8984219421942192,0.01204538345336914,0.926,0.9253728954612381,0.9257835849336666,0.9297912713472486,0.948946930414186,0.9280222868813123,port_protocol_service_ablation,39,36,3,ct_src_dport_ltm|ct_dst_sport_ltm|is_sm_ips_ports,ksf-v4-idsplit::
classical_ext,svc,10,rbf_gscale_x3__svc__d10,rbf_gscale_x3,id_val,fixed_c1,1.0,,0.006999969482421875,0.8804780876494024,0.8774939636548481,0.878375759142008,0.8943661971830986,0.9670860338035329,0.9489887361309672,port_protocol_service_ablation,39,36,3,ct_src_dport_ltm|ct_dst_sport_ltm|is_sm_ips_ports,ksf-v4-idsplit::
classical_ext,svc,10,rbf_gscale_x3__svc__d10,rbf_gscale_x3,id_test,fixed_c1,1.0,,0.006999969482421875,0.8755020080321285,0.8728047520661157,0.8736681887366818,0.8888888888888888,0.9351110537190082,0.8966208762420523,port_protocol_service_ablation,39,36,3,ct_src_dport_ltm|ct_dst_sport_ltm|is_sm_ips_ports,ksf-v4-idsplit::
classical_ext,svc,10,rbf_gscale_x3__svc__d10,rbf_gscale_x3,ood_test,fixed_c1,1.0,,0.006999969482421875,0.928,0.9270853338454644,0.9276248069994854,0.9328358208955224,0.9525798604442738,0.9248017287161779,port_protocol_service_ablation,39,36,3,ct_src_dport_ltm|ct_dst_sport_ltm|is_sm_ips_ports,ksf-v4-idsplit::
classical_ext,svc,10,rbf_gscale_x3__svc__d10,rbf_gscale_x3,id_val,train_cv,1.0,0.8976219621962196,0.006999969482421875,0.8804780876494024,0.8774939636548481,0.878375759142008,0.8943661971830986,0.9670860338035329,0.9489887361309672,port_protocol_service_ablation,39,36,3,ct_src_dport_ltm|ct_dst_sport_ltm|is_sm_ips_ports,ksf-v4-idsplit::
classical_ext,svc,10,rbf_gscale_x3__svc__d10,rbf_gscale_x3,id_test,train_cv,1.0,0.8976219621962196,0.006999969482421875,0.8755020080321285,0.8728047520661157,0.8736681887366818,0.8888888888888888,0.9351110537190082,0.8966208762420523,port_protocol_service_ablation,39,36,3,ct_src_dport_ltm|ct_dst_sport_ltm|is_sm_ips_ports,ksf-v4-idsplit::
classical_ext,svc,10,rbf_gscale_x3__svc__d10,rbf_gscale_x3,ood_test,train_cv,1.0,0.8976219621962196,0.006999969482421875,0.928,0.9270853338454644,0.9276248069994854,0.9328358208955224,0.9525798604442738,0.9248017287161779,port_protocol_service_ablation,39,36,3,ct_src_dport_ltm|ct_dst_sport_ltm|is_sm_ips_ports,ksf-v4-idsplit::
classical_ext,svc,10,rbf_gscale_x10__svc__d10,rbf_gscale_x10,id_val,fixed_c1,1.0,,0.006198883056640625,0.8884462151394422,0.8870250349472615,0.8878033205619412,0.8962962962962963,0.9468166221883341,0.9028244010170473,port_protocol_service_ablation,39,36,3,ct_src_dport_ltm|ct_dst_sport_ltm|is_sm_ips_ports,ksf-v4-idsplit::
classical_ext,svc,10,rbf_gscale_x10__svc__d10,rbf_gscale_x10,id_test,fixed_c1,1.0,,0.006198883056640625,0.8714859437751004,0.8695764462809917,0.8703800104112441,0.8823529411764706,0.9385330578512396,0.8972360451824775,port_protocol_service_ablation,39,36,3,ct_src_dport_ltm|ct_dst_sport_ltm|is_sm_ips_ports,ksf-v4-idsplit::
classical_ext,svc,10,rbf_gscale_x10__svc__d10,rbf_gscale_x10,ood_test,fixed_c1,1.0,,0.006198883056640625,0.914,0.9134978554509954,0.9138176381222667,0.9177820267686424,0.9585653927405416,0.9427734098994216,port_protocol_service_ablation,39,36,3,ct_src_dport_ltm|ct_dst_sport_ltm|is_sm_ips_ports,ksf-v4-idsplit::
classical_ext,svc,10,rbf_gscale_x10__svc__d10,rbf_gscale_x10,id_val,train_cv,10.0,0.9000918091809181,0.00899815559387207,0.8725099601593626,0.8726331172957174,0.8724593495934959,0.875,0.9202567035201423,0.8528967823457083,port_protocol_service_ablation,39,36,3,ct_src_dport_ltm|ct_dst_sport_ltm|is_sm_ips_ports,ksf-v4-idsplit::
classical_ext,svc,10,rbf_gscale_x10__svc__d10,rbf_gscale_x10,id_test,train_cv,10.0,0.9000918091809181,0.00899815559387207,0.8795180722891566,0.8787448347107438,0.8791887695691551,0.8854961832061069,0.9086389462809917,0.8478953596598147,port_protocol_service_ablation,39,36,3,ct_src_dport_ltm|ct_dst_sport_ltm|is_sm_ips_ports,ksf-v4-idsplit::
classical_ext,svc,10,rbf_gscale_x10__svc__d10,rbf_gscale_x10,ood_test,train_cv,10.0,0.9000918091809181,0.00899815559387207,0.902,0.9018788809935343,0.9019525450317953,0.9041095890410958,0.9488829140259906,0.9306368317607796,port_protocol_service_ablation,39,36,3,ct_src_dport_ltm|ct_dst_sport_ltm|is_sm_ips_ports,ksf-v4-idsplit::
classical_ext,svc,10,laplacian_med_x0.1__svc__d10,laplacian_med_x0.1,id_val,fixed_c1,1.0,,0.011037349700927734,0.8884462151394422,0.8874698182742407,0.8880463871543265,0.8947368421052632,0.9586351505909264,0.9599707306681958,port_protocol_service_ablation,39,36,3,ct_src_dport_ltm|ct_dst_sport_ltm|is_sm_ips_ports,ksf-v4-idsplit::
classical_ext,svc,10,laplacian_med_x0.1__svc__d10,laplacian_med_x0.1,id_test,fixed_c1,1.0,,0.011037349700927734,0.8594377510040161,0.8580836776859504,0.8586993530813756,0.8689138576779026,0.9482179752066116,0.9531580950891583,port_protocol_service_ablation,39,36,3,ct_src_dport_ltm|ct_dst_sport_ltm|is_sm_ips_ports,ksf-v4-idsplit::
classical_ext,svc,10,laplacian_med_x0.1__svc__d10,laplacian_med_x0.1,ood_test,fixed_c1,1.0,,0.011037349700927734,0.902,0.901814864605339,0.9019337071860578,0.9044834307992202,0.9451059471224633,0.9090273684996528,port_protocol_service_ablation,39,36,3,ct_src_dport_ltm|ct_dst_sport_ltm|is_sm_ips_ports,ksf-v4-idsplit::
classical_ext,svc,10,laplacian_med_x0.1__svc__d10,laplacian_med_x0.1,id_val,train_cv,1.0,0.885020702070207,0.011025667190551758,0.8884462151394422,0.8874698182742407,0.8880463871543265,0.8947368421052632,0.9586351505909264,0.9599707306681958,port_protocol_service_ablation,39,36,3,ct_src_dport_ltm|ct_dst_sport_ltm|is_sm_ips_ports,ksf-v4-idsplit::
classical_ext,svc,10,laplacian_med_x0.1__svc__d10,laplacian_med_x0.1,id_test,train_cv,1.0,0.885020702070207,0.011025667190551758,0.8594377510040161,0.8580836776859504,0.8586993530813756,0.8689138576779026,0.9482179752066116,0.9531580950891583,port_protocol_service_ablation,39,36,3,ct_src_dport_ltm|ct_dst_sport_ltm|is_sm_ips_ports,ksf-v4-idsplit::
classical_ext,svc,10,laplacian_med_x0.1__svc__d10,laplacian_med_x0.1,ood_test,train_cv,1.0,0.885020702070207,0.011025667190551758,0.902,0.901814864605339,0.9019337071860578,0.9044834307992202,0.9451059471224633,0.9090273684996528,port_protocol_service_ablation,39,36,3,ct_src_dport_ltm|ct_dst_sport_ltm|is_sm_ips_ports,ksf-v4-idsplit::
classical_ext,svc,10,laplacian_med_x0.3__svc__d10,laplacian_med_x0.3,id_val,fixed_c1,1.0,,0.0073702335357666016,0.8924302788844621,0.8906786122760199,0.8915974854839483,0.9010989010989011,0.959270555343754,0.9502529674401692,port_protocol_service_ablation,39,36,3,ct_src_dport_ltm|ct_dst_sport_ltm|is_sm_ips_ports,ksf-v4-idsplit::
classical_ext,svc,10,laplacian_med_x0.3__svc__d10,laplacian_med_x0.3,id_test,fixed_c1,1.0,,0.0073702335357666016,0.8674698795180723,0.8649922520661157,0.865772579512227,0.8808664259927798,0.9505423553719009,0.9389083866347974,port_protocol_service_ablation,39,36,3,ct_src_dport_ltm|ct_dst_sport_ltm|is_sm_ips_ports,ksf-v4-idsplit::
classical_ext,svc,10,laplacian_med_x0.3__svc__d10,laplacian_med_x0.3,ood_test,fixed_c1,1.0,,0.0073702335357666016,0.928,0.9270853338454644,0.9276248069994854,0.9328358208955224,0.9662153511298892,0.9504331741484421,port_protocol_service_ablation,39,36,3,ct_src_dport_ltm|ct_dst_sport_ltm|is_sm_ips_ports,ksf-v4-idsplit::
classical_ext,svc,10,laplacian_med_x0.3__svc__d10,laplacian_med_x0.3,id_val,train_cv,10.0,0.8960815081508151,0.009000301361083984,0.8764940239043825,0.8758419112974964,0.8762110822979143,0.8821292775665399,0.9627652814843055,0.9629327577982886,port_protocol_service_ablation,39,36,3,ct_src_dport_ltm|ct_dst_sport_ltm|is_sm_ips_ports,ksf-v4-idsplit::
classical_ext,svc,10,laplacian_med_x0.3__svc__d10,laplacian_med_x0.3,id_test,train_cv,10.0,0.8960815081508151,0.009000301361083984,0.8795180722891566,0.8782928719008265,0.8789538501425979,0.8872180451127819,0.9550619834710743,0.9486636064550358,port_protocol_service_ablation,39,36,3,ct_src_dport_ltm|ct_dst_sport_ltm|is_sm_ips_ports,ksf-v4-idsplit::
classical_ext,svc,10,laplacian_med_x0.3__svc__d10,laplacian_med_x0.3,ood_test,train_cv,10.0,0.8960815081508151,0.009000301361083984,0.92,0.9197874655911913,0.9199372307889386,0.9221789883268483,0.9689520517252417,0.9377214995855576,port_protocol_service_ablation,39,36,3,ct_src_dport_ltm|ct_dst_sport_ltm|is_sm_ips_ports,ksf-v4-idsplit::
classical_ext,svc,10,laplacian_med_x3__svc__d10,laplacian_med_x3,id_val,fixed_c1,1.0,,0.005999326705932617,0.8764940239043825,0.8729508196721312,0.8735968289552772,0.8927335640138409,0.9357605794891346,0.9125504433870671,port_protocol_service_ablation,39,36,3,ct_src_dport_ltm|ct_dst_sport_ltm|is_sm_ips_ports,ksf-v4-idsplit::
classical_ext,svc,10,laplacian_med_x3__svc__d10,laplacian_med_x3,id_test,fixed_c1,1.0,,0.005999326705932617,0.8755020080321285,0.8721268078512396,0.8728440820360761,0.8912280701754386,0.9129003099173554,0.8531780774117865,port_protocol_service_ablation,39,36,3,ct_src_dport_ltm|ct_dst_sport_ltm|is_sm_ips_ports,ksf-v4-idsplit::
classical_ext,svc,10,laplacian_med_x3__svc__d10,laplacian_med_x3,ood_test,fixed_c1,1.0,,0.005999326705932617,0.9,0.8983739837398375,0.8986360466436367,0.910394265232975,0.967671723961334,0.9603988787272512,port_protocol_service_ablation,39,36,3,ct_src_dport_ltm|ct_dst_sport_ltm|is_sm_ips_ports,ksf-v4-idsplit::
classical_ext,svc,10,laplacian_med_x3__svc__d10,laplacian_med_x3,id_val,train_cv,1.0,0.8878710871087108,0.006173372268676758,0.8764940239043825,0.8729508196721312,0.8735968289552772,0.8927335640138409,0.9357605794891346,0.9125504433870671,port_protocol_service_ablation,39,36,3,ct_src_dport_ltm|ct_dst_sport_ltm|is_sm_ips_ports,ksf-v4-idsplit::
classical_ext,svc,10,laplacian_med_x3__svc__d10,laplacian_med_x3,id_test,train_cv,1.0,0.8878710871087108,0.006173372268676758,0.8755020080321285,0.8721268078512396,0.8728440820360761,0.8912280701754386,0.9129003099173554,0.8531780774117865,port_protocol_service_ablation,39,36,3,ct_src_dport_ltm|ct_dst_sport_ltm|is_sm_ips_ports,ksf-v4-idsplit::
classical_ext,svc,10,laplacian_med_x3__svc__d10,laplacian_med_x3,ood_test,train_cv,1.0,0.8878710871087108,0.006173372268676758,0.9,0.8983739837398375,0.8986360466436367,0.910394265232975,0.967671723961334,0.9603988787272512,port_protocol_service_ablation,39,36,3,ct_src_dport_ltm|ct_dst_sport_ltm|is_sm_ips_ports,ksf-v4-idsplit::
classical_ext,svc,10,laplacian_med_x10__svc__d10,laplacian_med_x10,id_val,fixed_c1,1.0,,0.006523847579956055,0.8764940239043825,0.8729508196721312,0.8735968289552772,0.8927335640138409,0.881433473122379,0.7729164640934199,port_protocol_service_ablation,39,36,3,ct_src_dport_ltm|ct_dst_sport_ltm|is_sm_ips_ports,ksf-v4-idsplit::
classical_ext,svc,10,laplacian_med_x10__svc__d10,laplacian_med_x10,id_test,fixed_c1,1.0,,0.006523847579956055,0.8755020080321285,0.8721268078512396,0.8728440820360761,0.8912280701754386,0.8740315082644629,0.7652492350101904,port_protocol_service_ablation,39,36,3,ct_src_dport_ltm|ct_dst_sport_ltm|is_sm_ips_ports,ksf-v4-idsplit::
classical_ext,svc,10,laplacian_med_x10__svc__d10,laplacian_med_x10,ood_test,fixed_c1,1.0,,0.006523847579956055,0.876,0.8739837398373984,0.8735210118319053,0.8912280701754386,0.9214358875872223,0.8847212239965092,port_protocol_service_ablation,39,36,3,ct_src_dport_ltm|ct_dst_sport_ltm|is_sm_ips_ports,ksf-v4-idsplit::
classical_ext,svc,10,laplacian_med_x10__svc__d10,laplacian_med_x10,id_val,train_cv,10.0,0.8888611861186119,0.0061435699462890625,0.8764940239043825,0.8729508196721312,0.8735968289552772,0.8927335640138409,0.9507561316558648,0.9406655933282302,port_protocol_service_ablation,39,36,3,ct_src_dport_ltm|ct_dst_sport_ltm|is_sm_ips_ports,ksf-v4-idsplit::
classical_ext,svc,10,laplacian_med_x10__svc__d10,laplacian_med_x10,id_test,train_cv,10.0,0.8888611861186119,0.0061435699462890625,0.8714859437751004,0.8682205578512396,0.8688956166907991,0.8873239436619719,0.9382747933884297,0.9094258250714213,port_protocol_service_ablation,39,36,3,ct_src_dport_ltm|ct_dst_sport_ltm|is_sm_ips_ports,ksf-v4-idsplit::
classical_ext,svc,10,laplacian_med_x10__svc__d10,laplacian_med_x10,ood_test,train_cv,10.0,0.8888611861186119,0.0061435699462890625,0.9,0.8983739837398375,0.8986360466436367,0.910394265232975,0.979322706612893,0.9765306415960338,port_protocol_service_ablation,39,36,3,ct_src_dport_ltm|ct_dst_sport_ltm|is_sm_ips_ports,ksf-v4-idsplit::
classical_ext,svc,10,matern15_med_x0.1__svc__d10,matern15_med_x0.1,id_val,fixed_c1,1.0,,0.010001182556152344,0.8685258964143426,0.8678675816495107,0.868224700510683,0.8745247148288974,0.941097979412886,0.9188298487631127,port_protocol_service_ablation,39,36,3,ct_src_dport_ltm|ct_dst_sport_ltm|is_sm_ips_ports,ksf-v4-idsplit::
classical_ext,svc,10,matern15_med_x0.1__svc__d10,matern15_med_x0.1,id_test,fixed_c1,1.0,,0.010001182556152344,0.8594377510040161,0.8583096590909092,0.8588549680136044,0.8679245283018868,0.9409220041322314,0.9311631424930243,port_protocol_service_ablation,39,36,3,ct_src_dport_ltm|ct_dst_sport_ltm|is_sm_ips_ports,ksf-v4-idsplit::
classical_ext,svc,10,matern15_med_x0.1__svc__d10,matern15_med_x0.1,ood_test,fixed_c1,1.0,,0.010001182556152344,0.886,0.886066833109276,0.885988598859886,0.8871287128712871,0.9421451891684272,0.904049322248732,port_protocol_service_ablation,39,36,3,ct_src_dport_ltm|ct_dst_sport_ltm|is_sm_ips_ports,ksf-v4-idsplit::
classical_ext,svc,10,matern15_med_x0.1__svc__d10,matern15_med_x0.1,id_val,train_cv,1.0,0.875900090009001,0.009411811828613281,0.8685258964143426,0.8678675816495107,0.868224700510683,0.8745247148288974,0.941097979412886,0.9188298487631127,port_protocol_service_ablation,39,36,3,ct_src_dport_ltm|ct_dst_sport_ltm|is_sm_ips_ports,ksf-v4-idsplit::
classical_ext,svc,10,matern15_med_x0.1__svc__d10,matern15_med_x0.1,id_test,train_cv,1.0,0.875900090009001,0.009411811828613281,0.8594377510040161,0.8583096590909092,0.8588549680136044,0.8679245283018868,0.9409220041322314,0.9311631424930243,port_protocol_service_ablation,39,36,3,ct_src_dport_ltm|ct_dst_sport_ltm|is_sm_ips_ports,ksf-v4-idsplit::
classical_ext,svc,10,matern15_med_x0.1__svc__d10,matern15_med_x0.1,ood_test,train_cv,1.0,0.875900090009001,0.009411811828613281,0.886,0.886066833109276,0.885988598859886,0.8871287128712871,0.9421451891684272,0.904049322248732,port_protocol_service_ablation,39,36,3,ct_src_dport_ltm|ct_dst_sport_ltm|is_sm_ips_ports,ksf-v4-idsplit::
classical_ext,svc,10,matern15_med_x0.3__svc__d10,matern15_med_x0.3,id_val,fixed_c1,1.0,,0.007001638412475586,0.8884462151394422,0.8861354682933028,0.8871402877697842,0.8992805755395683,0.9540602363705681,0.9117963917309888,port_protocol_service_ablation,39,36,3,ct_src_dport_ltm|ct_dst_sport_ltm|is_sm_ips_ports,ksf-v4-idsplit::
classical_ext,svc,10,matern15_med_x0.3__svc__d10,matern15_med_x0.3,id_test,fixed_c1,1.0,,0.007001638412475586,0.8755020080321285,0.8730307334710744,0.8739075746933042,0.8880866425992779,0.9475723140495868,0.9341853278403871,port_protocol_service_ablation,39,36,3,ct_src_dport_ltm|ct_dst_sport_ltm|is_sm_ips_ports,ksf-v4-idsplit::
classical_ext,svc,10,matern15_med_x0.3__svc__d10,matern15_med_x0.3,ood_test,fixed_c1,1.0,,0.007001638412475586,0.918,0.917242814160425,0.9176835756648557,0.9227871939736346,0.9588694705844697,0.9378878547804826,port_protocol_service_ablation,39,36,3,ct_src_dport_ltm|ct_dst_sport_ltm|is_sm_ips_ports,ksf-v4-idsplit::
classical_ext,svc,10,matern15_med_x0.3__svc__d10,matern15_med_x0.3,id_val,train_cv,10.0,0.8990819081908192,0.008012056350708008,0.8685258964143426,0.86831236497649,0.868392201725535,0.8725868725868726,0.9285169653069005,0.8708912178038384,port_protocol_service_ablation,39,36,3,ct_src_dport_ltm|ct_dst_sport_ltm|is_sm_ips_ports,ksf-v4-idsplit::
classical_ext,svc,10,matern15_med_x0.3__svc__d10,matern15_med_x0.3,id_test,train_cv,10.0,0.8990819081908192,0.008012056350708008,0.8755020080321285,0.874612603305785,0.8751071919747593,0.8821292775665399,0.9303331611570248,0.883917092866613,port_protocol_service_ablation,39,36,3,ct_src_dport_ltm|ct_dst_sport_ltm|is_sm_ips_ports,ksf-v4-idsplit::
classical_ext,svc,10,matern15_med_x0.3__svc__d10,matern15_med_x0.3,ood_test,train_cv,10.0,0.8990819081908192,0.008012056350708008,0.91,0.9096248639651752,0.9098698520663839,0.9132947976878613,0.9535080980731067,0.9365649106494317,port_protocol_service_ablation,39,36,3,ct_src_dport_ltm|ct_dst_sport_ltm|is_sm_ips_ports,ksf-v4-idsplit::
classical_ext,svc,10,matern15_med_x3__svc__d10,matern15_med_x3,id_val,fixed_c1,1.0,,0.0065114498138427734,0.8764940239043825,0.8729508196721312,0.8735968289552772,0.8927335640138409,0.8680264328377176,0.7992718786926514,port_protocol_service_ablation,39,36,3,ct_src_dport_ltm|ct_dst_sport_ltm|is_sm_ips_ports,ksf-v4-idsplit::
classical_ext,svc,10,matern15_med_x3__svc__d10,matern15_med_x3,id_test,fixed_c1,1.0,,0.0065114498138427734,0.8755020080321285,0.8721268078512396,0.8728440820360761,0.8912280701754386,0.8590521694214877,0.7686864556905603,port_protocol_service_ablation,39,36,3,ct_src_dport_ltm|ct_dst_sport_ltm|is_sm_ips_ports,ksf-v4-idsplit::
classical_ext,svc,10,matern15_med_x3__svc__d10,matern15_med_x3,ood_test,fixed_c1,1.0,,0.0065114498138427734,0.878,0.8760162601626016,0.8756315267963088,0.8927943760984183,0.8274918379105052,0.7223454719976512,port_protocol_service_ablation,39,36,3,ct_src_dport_ltm|ct_dst_sport_ltm|is_sm_ips_ports,ksf-v4-idsplit::
classical_ext,svc,10,matern15_med_x3__svc__d10,matern15_med_x3,id_val,train_cv,100.0,0.8945116511651164,0.00909113883972168,0.8924302788844621,0.8902338289490406,0.8912635379061371,0.9025270758122743,0.9644808743169399,0.9436771323765475,port_protocol_service_ablation,39,36,3,ct_src_dport_ltm|ct_dst_sport_ltm|is_sm_ips_ports,ksf-v4-idsplit::
classical_ext,svc,10,matern15_med_x3__svc__d10,matern15_med_x3,id_test,train_cv,100.0,0.8945116511651164,0.00909113883972168,0.8795180722891566,0.8769369834710744,0.8778613472858077,0.8920863309352518,0.9409220041322314,0.9105434481942303,port_protocol_service_ablation,39,36,3,ct_src_dport_ltm|ct_dst_sport_ltm|is_sm_ips_ports,ksf-v4-idsplit::
classical_ext,svc,10,matern15_med_x3__svc__d10,matern15_med_x3,ood_test,train_cv,100.0,0.8945116511651164,0.00909113883972168,0.934,0.9331188784328788,0.933675007536931,0.9383177570093458,0.9606619294539402,0.9325715254732132,port_protocol_service_ablation,39,36,3,ct_src_dport_ltm|ct_dst_sport_ltm|is_sm_ips_ports,ksf-v4-idsplit::
classical_ext,svc,10,matern15_med_x10__svc__d10,matern15_med_x10,id_val,fixed_c1,1.0,,0.007998228073120117,0.8565737051792829,0.8535709747108908,0.8540509109704095,0.8732394366197183,0.9501207269030373,0.9423323991449828,port_protocol_service_ablation,39,36,3,ct_src_dport_ltm|ct_dst_sport_ltm|is_sm_ips_ports,ksf-v4-idsplit::
classical_ext,svc,10,matern15_med_x10__svc__d10,matern15_med_x10,id_test,fixed_c1,1.0,,0.007998228073120117,0.8674698795180723,0.8645402892561984,0.8652442724305887,0.8825622775800712,0.9356921487603306,0.9223684776477266,port_protocol_service_ablation,39,36,3,ct_src_dport_ltm|ct_dst_sport_ltm|is_sm_ips_ports,ksf-v4-idsplit::
classical_ext,svc,10,matern15_med_x10__svc__d10,matern15_med_x10,ood_test,fixed_c1,1.0,,0.007998228073120117,0.762,0.7618430318161449,0.7618847522200745,0.7671232876712328,0.8219064080404583,0.7055514486931482,port_protocol_service_ablation,39,36,3,ct_src_dport_ltm|ct_dst_sport_ltm|is_sm_ips_ports,ksf-v4-idsplit::
classical_ext,svc,10,matern15_med_x10__svc__d10,matern15_med_x10,id_val,train_cv,100.0,0.8839007900790079,0.008089542388916016,0.8764940239043825,0.8729508196721312,0.8735968289552772,0.8927335640138409,0.8945228110306266,0.8418981332457647,port_protocol_service_ablation,39,36,3,ct_src_dport_ltm|ct_dst_sport_ltm|is_sm_ips_ports,ksf-v4-idsplit::
classical_ext,svc,10,matern15_med_x10__svc__d10,matern15_med_x10,id_test,train_cv,100.0,0.8839007900790079,0.008089542388916016,0.8755020080321285,0.8721268078512396,0.8728440820360761,0.8912280701754386,0.8639591942148761,0.7748237940450857,port_protocol_service_ablation,39,36,3,ct_src_dport_ltm|ct_dst_sport_ltm|is_sm_ips_ports,ksf-v4-idsplit::
classical_ext,svc,10,matern15_med_x10__svc__d10,matern15_med_x10,ood_test,train_cv,100.0,0.8839007900790079,0.008089542388916016,0.878,0.8760162601626016,0.8756315267963088,0.8927943760984183,0.9138979578772166,0.846975543290641,port_protocol_service_ablation,39,36,3,ct_src_dport_ltm|ct_dst_sport_ltm|is_sm_ips_ports,ksf-v4-idsplit::
classical_ext,svc,10,matern25_med_x0.1__svc__d10,matern25_med_x0.1,id_val,fixed_c1,1.0,,0.009999990463256836,0.8725099601593626,0.8719659423052484,0.872264631043257,0.8778625954198473,0.9351887152115896,0.8938175338867098,port_protocol_service_ablation,39,36,3,ct_src_dport_ltm|ct_dst_sport_ltm|is_sm_ips_ports,ksf-v4-idsplit::
classical_ext,svc,10,matern25_med_x0.1__svc__d10,matern25_med_x0.1,id_test,fixed_c1,1.0,,0.009999990463256836,0.8634538152610441,0.8626678719008265,0.8630806055117092,0.8702290076335878,0.936144111570248,0.913261683858273,port_protocol_service_ablation,39,36,3,ct_src_dport_ltm|ct_dst_sport_ltm|is_sm_ips_ports,ksf-v4-idsplit::
classical_ext,svc,10,matern25_med_x0.1__svc__d10,matern25_med_x0.1,ood_test,fixed_c1,1.0,,0.009999990463256836,0.88,0.8801613212982524,0.8799980799692795,0.8804780876494024,0.9423372383330132,0.8992103423860155,port_protocol_service_ablation,39,36,3,ct_src_dport_ltm|ct_dst_sport_ltm|is_sm_ips_ports,ksf-v4-idsplit::
classical_ext,svc,10,matern25_med_x0.1__svc__d10,matern25_med_x0.1,id_val,train_cv,1.0,0.8758600860086009,0.00900125503540039,0.8725099601593626,0.8719659423052484,0.872264631043257,0.8778625954198473,0.9351887152115896,0.8938175338867098,port_protocol_service_ablation,39,36,3,ct_src_dport_ltm|ct_dst_sport_ltm|is_sm_ips_ports,ksf-v4-idsplit::
classical_ext,svc,10,matern25_med_x0.1__svc__d10,matern25_med_x0.1,id_test,train_cv,1.0,0.8758600860086009,0.00900125503540039,0.8634538152610441,0.8626678719008265,0.8630806055117092,0.8702290076335878,0.936144111570248,0.913261683858273,port_protocol_service_ablation,39,36,3,ct_src_dport_ltm|ct_dst_sport_ltm|is_sm_ips_ports,ksf-v4-idsplit::
classical_ext,svc,10,matern25_med_x0.1__svc__d10,matern25_med_x0.1,ood_test,train_cv,1.0,0.8758600860086009,0.00900125503540039,0.88,0.8801613212982524,0.8799980799692795,0.8804780876494024,0.9423372383330132,0.8992103423860155,port_protocol_service_ablation,39,36,3,ct_src_dport_ltm|ct_dst_sport_ltm|is_sm_ips_ports,ksf-v4-idsplit::
classical_ext,svc,10,matern25_med_x0.3__svc__d10,matern25_med_x0.3,id_val,fixed_c1,1.0,,0.005999088287353516,0.8844621513944223,0.8822594993010549,0.8832089851584436,0.8953068592057761,0.9569195577582921,0.9181877138268099,port_protocol_service_ablation,39,36,3,ct_src_dport_ltm|ct_dst_sport_ltm|is_sm_ips_ports,ksf-v4-idsplit::
classical_ext,svc,10,matern25_med_x0.3__svc__d10,matern25_med_x0.3,id_test,fixed_c1,1.0,,0.005999088287353516,0.8755020080321285,0.8730307334710744,0.8739075746933042,0.8880866425992779,0.9513817148760332,0.9415909645562897,port_protocol_service_ablation,39,36,3,ct_src_dport_ltm|ct_dst_sport_ltm|is_sm_ips_ports,ksf-v4-idsplit::
classical_ext,svc,10,matern25_med_x0.3__svc__d10,matern25_med_x0.3,ood_test,fixed_c1,1.0,,0.005999088287353516,0.918,0.917242814160425,0.9176835756648557,0.9227871939736346,0.9568369502592663,0.9346499962442473,port_protocol_service_ablation,39,36,3,ct_src_dport_ltm|ct_dst_sport_ltm|is_sm_ips_ports,ksf-v4-idsplit::
classical_ext,svc,10,matern25_med_x0.3__svc__d10,matern25_med_x0.3,id_val,train_cv,10.0,0.9000920092009201,0.008008241653442383,0.8884462151394422,0.8883593849281992,0.8883593849281992,0.8914728682170543,0.9261659677214384,0.8640517882471154,port_protocol_service_ablation,39,36,3,ct_src_dport_ltm|ct_dst_sport_ltm|is_sm_ips_ports,ksf-v4-idsplit::
classical_ext,svc,10,matern25_med_x0.3__svc__d10,matern25_med_x0.3,id_test,train_cv,10.0,0.9000920092009201,0.008008241653442383,0.8634538152610441,0.8626678719008265,0.8630806055117092,0.8702290076335878,0.9220686983471074,0.8593483280159162,port_protocol_service_ablation,39,36,3,ct_src_dport_ltm|ct_dst_sport_ltm|is_sm_ips_ports,ksf-v4-idsplit::
classical_ext,svc,10,matern25_med_x0.3__svc__d10,matern25_med_x0.3,ood_test,train_cv,10.0,0.9000920092009201,0.008008241653442383,0.91,0.9096248639651752,0.9098698520663839,0.9132947976878613,0.9539562127904744,0.9429466299998889,port_protocol_service_ablation,39,36,3,ct_src_dport_ltm|ct_dst_sport_ltm|is_sm_ips_ports,ksf-v4-idsplit::
classical_ext,svc,10,matern25_med_x3__svc__d10,matern25_med_x3,id_val,fixed_c1,1.0,,0.005999326705932617,0.8605577689243028,0.8574469437031389,0.8579513299377476,0.8771929824561403,0.8732367518109037,0.8201601383910643,port_protocol_service_ablation,39,36,3,ct_src_dport_ltm|ct_dst_sport_ltm|is_sm_ips_ports,ksf-v4-idsplit::
classical_ext,svc,10,matern25_med_x3__svc__d10,matern25_med_x3,id_test,fixed_c1,1.0,,0.005999326705932617,0.8634538152610441,0.8606340392561984,0.8613040629095675,0.8785714285714286,0.8818440082644629,0.819232321994469,port_protocol_service_ablation,39,36,3,ct_src_dport_ltm|ct_dst_sport_ltm|is_sm_ips_ports,ksf-v4-idsplit::
classical_ext,svc,10,matern25_med_x3__svc__d10,matern25_med_x3,ood_test,fixed_c1,1.0,,0.005999326705932617,0.826,0.824835157800397,0.8247035071387985,0.8397790055248618,0.773878112796876,0.6346865551615167,port_protocol_service_ablation,39,36,3,ct_src_dport_ltm|ct_dst_sport_ltm|is_sm_ips_ports,ksf-v4-idsplit::
classical_ext,svc,10,matern25_med_x3__svc__d10,matern25_med_x3,id_val,train_cv,100.0,0.8908512851285127,0.012225151062011719,0.8764940239043825,0.8729508196721312,0.8735968289552772,0.8927335640138409,0.9620663362561952,0.9564691404501802,port_protocol_service_ablation,39,36,3,ct_src_dport_ltm|ct_dst_sport_ltm|is_sm_ips_ports,ksf-v4-idsplit::
classical_ext,svc,10,matern25_med_x3__svc__d10,matern25_med_x3,id_test,train_cv,100.0,0.8908512851285127,0.012225151062011719,0.8755020080321285,0.8721268078512396,0.8728440820360761,0.8912280701754386,0.9292355371900826,0.8826514853086531,port_protocol_service_ablation,39,36,3,ct_src_dport_ltm|ct_dst_sport_ltm|is_sm_ips_ports,ksf-v4-idsplit::
classical_ext,svc,10,matern25_med_x3__svc__d10,matern25_med_x3,ood_test,train_cv,100.0,0.8908512851285127,0.012225151062011719,0.914,0.912729658792651,0.9132333297012402,0.9213893967093236,0.9504193073426798,0.9121833390345003,port_protocol_service_ablation,39,36,3,ct_src_dport_ltm|ct_dst_sport_ltm|is_sm_ips_ports,ksf-v4-idsplit::
classical_ext,svc,10,matern25_med_x10__svc__d10,matern25_med_x10,id_val,fixed_c1,1.0,,0.012020111083984375,0.7330677290836654,0.7274113610369806,0.7190846070324898,0.7817589576547231,0.9407167365611895,0.9535570860951998,port_protocol_service_ablation,39,36,3,ct_src_dport_ltm|ct_dst_sport_ltm|is_sm_ips_ports,ksf-v4-idsplit::
classical_ext,svc,10,matern25_med_x10__svc__d10,matern25_med_x10,id_test,fixed_c1,1.0,,0.012020111083984375,0.7590361445783133,0.7547778925619835,0.7516292060114377,0.7945205479452054,0.9278150826446281,0.9377747223198992,port_protocol_service_ablation,39,36,3,ct_src_dport_ltm|ct_dst_sport_ltm|is_sm_ips_ports,ksf-v4-idsplit::
classical_ext,svc,10,matern25_med_x10__svc__d10,matern25_med_x10,ood_test,fixed_c1,1.0,,0.012020111083984375,0.564,0.5636963062544011,0.563657907799715,0.5758754863813229,0.7340279111452531,0.6508618829121346,port_protocol_service_ablation,39,36,3,ct_src_dport_ltm|ct_dst_sport_ltm|is_sm_ips_ports,ksf-v4-idsplit::
classical_ext,svc,10,matern25_med_x10__svc__d10,matern25_med_x10,id_val,train_cv,100.0,0.8536482648264828,0.00918126106262207,0.8605577689243028,0.8574469437031389,0.8579513299377476,0.8771929824561403,0.8581141186936079,0.782833307356158,port_protocol_service_ablation,39,36,3,ct_src_dport_ltm|ct_dst_sport_ltm|is_sm_ips_ports,ksf-v4-idsplit::
classical_ext,svc,10,matern25_med_x10__svc__d10,matern25_med_x10,id_test,train_cv,100.0,0.8536482648264828,0.00918126106262207,0.8634538152610441,0.8606340392561984,0.8613040629095675,0.8785714285714286,0.8696410123966942,0.7819155013845603,port_protocol_service_ablation,39,36,3,ct_src_dport_ltm|ct_dst_sport_ltm|is_sm_ips_ports,ksf-v4-idsplit::
classical_ext,svc,10,matern25_med_x10__svc__d10,matern25_med_x10,ood_test,train_cv,100.0,0.8536482648264828,0.00918126106262207,0.834,0.8327091735484284,0.8325201480279751,0.8482632541133455,0.8177773510018566,0.7190215674682704,port_protocol_service_ablation,39,36,3,ct_src_dport_ltm|ct_dst_sport_ltm|is_sm_ips_ports,ksf-v4-idsplit::
quantum,svc,10,zz_r1_full__as0.5__svc__d10,zz_r1_full__as0.5,id_val,fixed_c1,1.0,,0.009970903396606445,0.8764940239043825,0.8753971279705173,0.8759901187345606,0.8838951310861424,0.9485322150209682,0.9334278013477307,port_protocol_service_ablation,39,36,3,ct_src_dport_ltm|ct_dst_sport_ltm|is_sm_ips_ports,ksf-v4-idsplit::
quantum,svc,10,zz_r1_full__as0.5__svc__d10,zz_r1_full__as0.5,id_test,fixed_c1,1.0,,0.009970903396606445,0.8634538152610441,0.8617639462809917,0.8624756335282651,0.8740740740740741,0.9472494834710743,0.9535826182515947,port_protocol_service_ablation,39,36,3,ct_src_dport_ltm|ct_dst_sport_ltm|is_sm_ips_ports,ksf-v4-idsplit::
quantum,svc,10,zz_r1_full__as0.5__svc__d10,zz_r1_full__as0.5,ood_test,fixed_c1,1.0,,0.009970903396606445,0.922,0.9212438384226362,0.9216990109982774,0.9265536723163842,0.9407688368222266,0.8940302345109773,port_protocol_service_ablation,39,36,3,ct_src_dport_ltm|ct_dst_sport_ltm|is_sm_ips_ports,ksf-v4-idsplit::
quantum,svc,10,zz_r1_full__as0.5__svc__d10,zz_r1_full__as0.5,id_val,train_cv,1.0,0.8892110211021101,0.009999752044677734,0.8764940239043825,0.8753971279705173,0.8759901187345606,0.8838951310861424,0.9485322150209682,0.9334278013477307,port_protocol_service_ablation,39,36,3,ct_src_dport_ltm|ct_dst_sport_ltm|is_sm_ips_ports,ksf-v4-idsplit::
quantum,svc,10,zz_r1_full__as0.5__svc__d10,zz_r1_full__as0.5,id_test,train_cv,1.0,0.8892110211021101,0.009999752044677734,0.8634538152610441,0.8617639462809917,0.8624756335282651,0.8740740740740741,0.9472494834710743,0.9535826182515947,port_protocol_service_ablation,39,36,3,ct_src_dport_ltm|ct_dst_sport_ltm|is_sm_ips_ports,ksf-v4-idsplit::
quantum,svc,10,zz_r1_full__as0.5__svc__d10,zz_r1_full__as0.5,ood_test,train_cv,1.0,0.8892110211021101,0.009999752044677734,0.922,0.9212438384226362,0.9216990109982774,0.9265536723163842,0.9407688368222266,0.8940302345109773,port_protocol_service_ablation,39,36,3,ct_src_dport_ltm|ct_dst_sport_ltm|is_sm_ips_ports,ksf-v4-idsplit::
quantum,svc,10,zz_r2_full__as0.5__svc__d10,zz_r2_full__as0.5,id_val,fixed_c1,1.0,,0.012809991836547852,0.848605577689243,0.8504892616596772,0.8483142493638677,0.8416666666666667,0.9433854365230653,0.9431657838334188,port_protocol_service_ablation,39,36,3,ct_src_dport_ltm|ct_dst_sport_ltm|is_sm_ips_ports,ksf-v4-idsplit::
quantum,svc,10,zz_r2_full__as0.5__svc__d10,zz_r2_full__as0.5,id_test,fixed_c1,1.0,,0.012809991836547852,0.8473895582329317,0.8486247417355373,0.8473279979346844,0.8442622950819673,0.9461518595041323,0.9536110718598058,port_protocol_service_ablation,39,36,3,ct_src_dport_ltm|ct_dst_sport_ltm|is_sm_ips_ports,ksf-v4-idsplit::
quantum,svc,10,zz_r2_full__as0.5__svc__d10,zz_r2_full__as0.5,ood_test,fixed_c1,1.0,,0.012809991836547852,0.742,0.7447186479738813,0.7353943854380761,0.6935866983372921,0.9333269316945136,0.8940634689873495,port_protocol_service_ablation,39,36,3,ct_src_dport_ltm|ct_dst_sport_ltm|is_sm_ips_ports,ksf-v4-idsplit::
quantum,svc,10,zz_r2_full__as0.5__svc__d10,zz_r2_full__as0.5,id_val,train_cv,10.0,0.8161354135413543,0.013907670974731445,0.8565737051792829,0.8580188079806836,0.8564620663362561,0.8524590163934426,0.9446562460287202,0.9466073539687633,port_protocol_service_ablation,39,36,3,ct_src_dport_ltm|ct_dst_sport_ltm|is_sm_ips_ports,ksf-v4-idsplit::
quantum,svc,10,zz_r2_full__as0.5__svc__d10,zz_r2_full__as0.5,id_test,train_cv,10.0,0.8161354135413543,0.013907670974731445,0.8755020080321285,0.8761944731404958,0.8755020080321285,0.8755020080321285,0.9534478305785125,0.9583903114361865,port_protocol_service_ablation,39,36,3,ct_src_dport_ltm|ct_dst_sport_ltm|is_sm_ips_ports,ksf-v4-idsplit::
quantum,svc,10,zz_r2_full__as0.5__svc__d10,zz_r2_full__as0.5,ood_test,train_cv,10.0,0.8161354135413543,0.013907670974731445,0.744,0.7466871519108892,0.7376145886288723,0.6966824644549763,0.9296779975673773,0.888390947102041,port_protocol_service_ablation,39,36,3,ct_src_dport_ltm|ct_dst_sport_ltm|is_sm_ips_ports,ksf-v4-idsplit::
quantum,svc,10,pauli_xz_r1_full__as0.5__svc__d10,pauli_xz_r1_full__as0.5,id_val,fixed_c1,1.0,,0.006514310836791992,0.8764940239043825,0.8729508196721312,0.8735968289552772,0.8927335640138409,0.9606684457999746,0.9509076010590355,port_protocol_service_ablation,39,36,3,ct_src_dport_ltm|ct_dst_sport_ltm|is_sm_ips_ports,ksf-v4-idsplit::
quantum,svc,10,pauli_xz_r1_full__as0.5__svc__d10,pauli_xz_r1_full__as0.5,id_test,fixed_c1,1.0,,0.006514310836791992,0.8755020080321285,0.8721268078512396,0.8728440820360761,0.8912280701754386,0.9477014462809917,0.9316893122653394,port_protocol_service_ablation,39,36,3,ct_src_dport_ltm|ct_dst_sport_ltm|is_sm_ips_ports,ksf-v4-idsplit::
quantum,svc,10,pauli_xz_r1_full__as0.5__svc__d10,pauli_xz_r1_full__as0.5,ood_test,fixed_c1,1.0,,0.006514310836791992,0.906,0.9045355611036425,0.904931813860537,0.9150090415913201,0.9489309263171372,0.9140460369625608,port_protocol_service_ablation,39,36,3,ct_src_dport_ltm|ct_dst_sport_ltm|is_sm_ips_ports,ksf-v4-idsplit::
quantum,svc,10,pauli_xz_r1_full__as0.5__svc__d10,pauli_xz_r1_full__as0.5,id_val,train_cv,10.0,0.8924714471447144,0.00799870491027832,0.8844621513944223,0.8829266742915237,0.8837239021740867,0.8929889298892989,0.9631465243360019,0.9538376253523769,port_protocol_service_ablation,39,36,3,ct_src_dport_ltm|ct_dst_sport_ltm|is_sm_ips_ports,ksf-v4-idsplit::
quantum,svc,10,pauli_xz_r1_full__as0.5__svc__d10,pauli_xz_r1_full__as0.5,id_test,train_cv,10.0,0.8924714471447144,0.00799870491027832,0.8755020080321285,0.8730307334710744,0.8739075746933042,0.8880866425992779,0.9520273760330579,0.933592005635359,port_protocol_service_ablation,39,36,3,ct_src_dport_ltm|ct_dst_sport_ltm|is_sm_ips_ports,ksf-v4-idsplit::
quantum,svc,10,pauli_xz_r1_full__as0.5__svc__d10,pauli_xz_r1_full__as0.5,ood_test,train_cv,10.0,0.8924714471447144,0.00799870491027832,0.928,0.9274694321746366,0.9278337289114119,0.9312977099236641,0.9554125856219192,0.9266815224613322,port_protocol_service_ablation,39,36,3,ct_src_dport_ltm|ct_dst_sport_ltm|is_sm_ips_ports,ksf-v4-idsplit::
quantum,svc,10,zmap_r2__as0.5__svc__d10,zmap_r2__as0.5,id_val,fixed_c1,1.0,,0.008007287979125977,0.8725099601593626,0.8690748506798831,0.8696780893042575,0.8888888888888888,0.9667047909518364,0.9515943703721079,port_protocol_service_ablation,39,36,3,ct_src_dport_ltm|ct_dst_sport_ltm|is_sm_ips_ports,ksf-v4-idsplit::
quantum,svc,10,zmap_r2__as0.5__svc__d10,zmap_r2__as0.5,id_test,fixed_c1,1.0,,0.008007287979125977,0.8795180722891566,0.8762590392561984,0.8770896406476241,0.8943661971830986,0.9341425619834711,0.8960472172927391,port_protocol_service_ablation,39,36,3,ct_src_dport_ltm|ct_dst_sport_ltm|is_sm_ips_ports,ksf-v4-idsplit::
quantum,svc,10,zmap_r2__as0.5__svc__d10,zmap_r2__as0.5,ood_test,fixed_c1,1.0,,0.008007287979125977,0.928,0.9268292682926829,0.927438080495356,0.9338235294117647,0.9539082004993278,0.9268089618074955,port_protocol_service_ablation,39,36,3,ct_src_dport_ltm|ct_dst_sport_ltm|is_sm_ips_ports,ksf-v4-idsplit::
quantum,svc,10,zmap_r2__as0.5__svc__d10,zmap_r2__as0.5,id_val,train_cv,10.0,0.8943316331633163,0.0065119266510009766,0.900398406374502,0.8993201169144744,0.8999920312375488,0.9063670411985019,0.9622569576820434,0.9483414536592414,port_protocol_service_ablation,39,36,3,ct_src_dport_ltm|ct_dst_sport_ltm|is_sm_ips_ports,ksf-v4-idsplit::
quantum,svc,10,zmap_r2__as0.5__svc__d10,zmap_r2__as0.5,id_test,train_cv,10.0,0.8943316331633163,0.0065119266510009766,0.8755020080321285,0.8737086776859504,0.8745224897182893,0.8856088560885609,0.9480242768595042,0.9233334707633416,port_protocol_service_ablation,39,36,3,ct_src_dport_ltm|ct_dst_sport_ltm|is_sm_ips_ports,ksf-v4-idsplit::
quantum,svc,10,zmap_r2__as0.5__svc__d10,zmap_r2__as0.5,ood_test,train_cv,10.0,0.8943316331633163,0.0065119266510009766,0.924,0.9234684079124256,0.9238244916287126,0.9274809160305344,0.9434255169323347,0.9306399549529212,port_protocol_service_ablation,39,36,3,ct_src_dport_ltm|ct_dst_sport_ltm|is_sm_ips_ports,ksf-v4-idsplit::
quantum,svc,10,zz_r1_full__svc__d10,zz_r1_full,id_val,fixed_c1,1.0,,0.01810479164123535,0.896414342629482,0.8961113229126954,0.8962809917355372,0.9,0.9575549625111196,0.9587228612332634,port_protocol_service_ablation,39,36,3,ct_src_dport_ltm|ct_dst_sport_ltm|is_sm_ips_ports,ksf-v4-idsplit::
quantum,svc,10,zz_r1_full__svc__d10,zz_r1_full,id_test,fixed_c1,1.0,,0.01810479164123535,0.8594377510040161,0.8580836776859504,0.8586993530813756,0.8689138576779026,0.9502840909090909,0.9559445293369084,port_protocol_service_ablation,39,36,3,ct_src_dport_ltm|ct_dst_sport_ltm|is_sm_ips_ports,ksf-v4-idsplit::
quantum,svc,10,zz_r1_full__svc__d10,zz_r1_full,ood_test,fixed_c1,1.0,,0.01810479164123535,0.898,0.897813840343128,0.8979310013569173,0.9005847953216374,0.9402407016196145,0.8990148889485546,port_protocol_service_ablation,39,36,3,ct_src_dport_ltm|ct_dst_sport_ltm|is_sm_ips_ports,ksf-v4-idsplit::
quantum,svc,10,zz_r1_full__svc__d10,zz_r1_full,id_val,train_cv,1.0,0.867849184918492,0.010468721389770508,0.896414342629482,0.8961113229126954,0.8962809917355372,0.9,0.9575549625111196,0.9587228612332634,port_protocol_service_ablation,39,36,3,ct_src_dport_ltm|ct_dst_sport_ltm|is_sm_ips_ports,ksf-v4-idsplit::
quantum,svc,10,zz_r1_full__svc__d10,zz_r1_full,id_test,train_cv,1.0,0.867849184918492,0.010468721389770508,0.8594377510040161,0.8580836776859504,0.8586993530813756,0.8689138576779026,0.9502840909090909,0.9559445293369084,port_protocol_service_ablation,39,36,3,ct_src_dport_ltm|ct_dst_sport_ltm|is_sm_ips_ports,ksf-v4-idsplit::
quantum,svc,10,zz_r1_full__svc__d10,zz_r1_full,ood_test,train_cv,1.0,0.867849184918492,0.010468721389770508,0.898,0.897813840343128,0.8979310013569173,0.9005847953216374,0.9402407016196145,0.8990148889485546,port_protocol_service_ablation,39,36,3,ct_src_dport_ltm|ct_dst_sport_ltm|is_sm_ips_ports,ksf-v4-idsplit::
quantum,svc,10,zz_r2_full__svc__d10,zz_r2_full,id_val,fixed_c1,1.0,,0.012001991271972656,0.8446215139442231,0.847947642648367,0.8431878253904685,0.8281938325991189,0.9455458126826789,0.95307473523367,port_protocol_service_ablation,39,36,3,ct_src_dport_ltm|ct_dst_sport_ltm|is_sm_ips_ports,ksf-v4-idsplit::
quantum,svc,10,zz_r2_full__svc__d10,zz_r2_full,id_test,fixed_c1,1.0,,0.012001991271972656,0.8353413654618473,0.838487861570248,0.8340458734983827,0.8193832599118943,0.9464101239669421,0.9541279376402493,port_protocol_service_ablation,39,36,3,ct_src_dport_ltm|ct_dst_sport_ltm|is_sm_ips_ports,ksf-v4-idsplit::
quantum,svc,10,zz_r2_full__svc__d10,zz_r2_full,ood_test,fixed_c1,1.0,,0.012001991271972656,0.7,0.7034440816849113,0.6869730713367502,0.6231155778894473,0.9302381409640869,0.9138151125435738,port_protocol_service_ablation,39,36,3,ct_src_dport_ltm|ct_dst_sport_ltm|is_sm_ips_ports,ksf-v4-idsplit::
quantum,svc,10,zz_r2_full__svc__d10,zz_r2_full,id_val,train_cv,10.0,0.8048446844684468,0.010572195053100586,0.8446215139442231,0.8477252509848774,0.843418590143481,0.8296943231441049,0.9456728936332444,0.9520029488398197,port_protocol_service_ablation,39,36,3,ct_src_dport_ltm|ct_dst_sport_ltm|is_sm_ips_ports,ksf-v4-idsplit::
quantum,svc,10,zz_r2_full__svc__d10,zz_r2_full,id_test,train_cv,10.0,0.8048446844684468,0.010572195053100586,0.8433734939759037,0.846300361570248,0.8423564552523498,0.8296943231441049,0.9514462809917356,0.9589648445875615,port_protocol_service_ablation,39,36,3,ct_src_dport_ltm|ct_dst_sport_ltm|is_sm_ips_ports,ksf-v4-idsplit::
quantum,svc,10,zz_r2_full__svc__d10,zz_r2_full,ood_test,train_cv,10.0,0.8048446844684468,0.010572195053100586,0.692,0.6956340823250752,0.6769266917293233,0.6071428571428571,0.919307342679726,0.9060459596551762,port_protocol_service_ablation,39,36,3,ct_src_dport_ltm|ct_dst_sport_ltm|is_sm_ips_ports,ksf-v4-idsplit::
quantum,svc,10,pauli_xz_r1_full__svc__d10,pauli_xz_r1_full,id_val,fixed_c1,1.0,,0.005999326705932617,0.8804780876494024,0.8786059219722964,0.8794660007683442,0.8905109489051095,0.9560299911043334,0.9249858411047387,port_protocol_service_ablation,39,36,3,ct_src_dport_ltm|ct_dst_sport_ltm|is_sm_ips_ports,ksf-v4-idsplit::
quantum,svc,10,pauli_xz_r1_full__svc__d10,pauli_xz_r1_full,id_test,fixed_c1,1.0,,0.005999326705932617,0.8714859437751004,0.8688985020661157,0.8697187704381949,0.8848920863309353,0.9491864669421488,0.9367296073152864,port_protocol_service_ablation,39,36,3,ct_src_dport_ltm|ct_dst_sport_ltm|is_sm_ips_ports,ksf-v4-idsplit::
quantum,svc,10,pauli_xz_r1_full__svc__d10,pauli_xz_r1_full,ood_test,fixed_c1,1.0,,0.005999326705932617,0.922,0.9213078548108316,0.9217367223339313,0.9262759924385633,0.9502592663721913,0.919997869904968,port_protocol_service_ablation,39,36,3,ct_src_dport_ltm|ct_dst_sport_ltm|is_sm_ips_ports,ksf-v4-idsplit::
quantum,svc,10,pauli_xz_r1_full__svc__d10,pauli_xz_r1_full,id_val,train_cv,1.0,0.8974518451845185,0.006092071533203125,0.8804780876494024,0.8786059219722964,0.8794660007683442,0.8905109489051095,0.9560299911043334,0.9249858411047387,port_protocol_service_ablation,39,36,3,ct_src_dport_ltm|ct_dst_sport_ltm|is_sm_ips_ports,ksf-v4-idsplit::
quantum,svc,10,pauli_xz_r1_full__svc__d10,pauli_xz_r1_full,id_test,train_cv,1.0,0.8974518451845185,0.006092071533203125,0.8714859437751004,0.8688985020661157,0.8697187704381949,0.8848920863309353,0.9491864669421488,0.9367296073152864,port_protocol_service_ablation,39,36,3,ct_src_dport_ltm|ct_dst_sport_ltm|is_sm_ips_ports,ksf-v4-idsplit::
quantum,svc,10,pauli_xz_r1_full__svc__d10,pauli_xz_r1_full,ood_test,train_cv,1.0,0.8974518451845185,0.006092071533203125,0.922,0.9213078548108316,0.9217367223339313,0.9262759924385633,0.9502592663721913,0.919997869904968,port_protocol_service_ablation,39,36,3,ct_src_dport_ltm|ct_dst_sport_ltm|is_sm_ips_ports,ksf-v4-idsplit::
quantum,svc,10,zmap_r2__svc__d10,zmap_r2,id_val,fixed_c1,1.0,,0.00599980354309082,0.8804780876494024,0.8790507052992756,0.8797892720306513,0.8888888888888888,0.9533612911424577,0.9194211750600906,port_protocol_service_ablation,39,36,3,ct_src_dport_ltm|ct_dst_sport_ltm|is_sm_ips_ports,ksf-v4-idsplit::
quantum,svc,10,zmap_r2__svc__d10,zmap_r2,id_test,fixed_c1,1.0,,0.00599980354309082,0.8755020080321285,0.8732567148760331,0.8741296371789646,0.8872727272727273,0.9409865702479339,0.8957919647913195,port_protocol_service_ablation,39,36,3,ct_src_dport_ltm|ct_dst_sport_ltm|is_sm_ips_ports,ksf-v4-idsplit::
quantum,svc,10,zmap_r2__svc__d10,zmap_r2,ood_test,fixed_c1,1.0,,0.00599980354309082,0.922,0.9213078548108316,0.9217367223339313,0.9262759924385633,0.9628704948466807,0.9538623741035979,port_protocol_service_ablation,39,36,3,ct_src_dport_ltm|ct_dst_sport_ltm|is_sm_ips_ports,ksf-v4-idsplit::
quantum,svc,10,zmap_r2__svc__d10,zmap_r2,id_val,train_cv,100.0,0.8960114011401139,0.01300048828125,0.8605577689243028,0.8603380353285042,0.8604159715270827,0.8648648648648649,0.9155547083492184,0.894798793906239,port_protocol_service_ablation,39,36,3,ct_src_dport_ltm|ct_dst_sport_ltm|is_sm_ips_ports,ksf-v4-idsplit::
quantum,svc,10,zmap_r2__svc__d10,zmap_r2,id_test,train_cv,100.0,0.8960114011401139,0.01300048828125,0.8634538152610441,0.8631198347107438,0.8632751937984495,0.8682170542635659,0.9096074380165289,0.8575474417603783,port_protocol_service_ablation,39,36,3,ct_src_dport_ltm|ct_dst_sport_ltm|is_sm_ips_ports,ksf-v4-idsplit::
quantum,svc,10,zmap_r2__svc__d10,zmap_r2,ood_test,train_cv,100.0,0.8960114011401139,0.01300048828125,0.912,0.9119134498431598,0.9119647859143658,0.9137254901960784,0.9405607835605914,0.912744074917626,port_protocol_service_ablation,39,36,3,ct_src_dport_ltm|ct_dst_sport_ltm|is_sm_ips_ports,ksf-v4-idsplit::
quantum,svc,10,zz_r1_full__as2__svc__d10,zz_r1_full__as2,id_val,fixed_c1,1.0,,0.010994434356689453,0.8764940239043825,0.877398652941924,0.8764861818816769,0.8755020080321285,0.9576820434616851,0.962039193978894,port_protocol_service_ablation,39,36,3,ct_src_dport_ltm|ct_dst_sport_ltm|is_sm_ips_ports,ksf-v4-idsplit::
quantum,svc,10,zz_r1_full__as2__svc__d10,zz_r1_full__as2,id_test,fixed_c1,1.0,,0.010994434356689453,0.8433734939759037,0.8444925103305785,0.8433330644510768,0.8408163265306122,0.9489927685950413,0.9548501104622589,port_protocol_service_ablation,39,36,3,ct_src_dport_ltm|ct_dst_sport_ltm|is_sm_ips_ports,ksf-v4-idsplit::
quantum,svc,10,zz_r1_full__as2__svc__d10,zz_r1_full__as2,ood_test,fixed_c1,1.0,,0.010994434356689453,0.738,0.7405895909352794,0.7319693094629156,0.691764705882353,0.9342391652262979,0.9090973022607353,port_protocol_service_ablation,39,36,3,ct_src_dport_ltm|ct_dst_sport_ltm|is_sm_ips_ports,ksf-v4-idsplit::
quantum,svc,10,zz_r1_full__as2__svc__d10,zz_r1_full__as2,id_val,train_cv,10.0,0.8192061206120613,0.01396799087524414,0.8685258964143426,0.8689795399669589,0.8685175484546883,0.8695652173913043,0.9529800482907612,0.9488586400883426,port_protocol_service_ablation,39,36,3,ct_src_dport_ltm|ct_dst_sport_ltm|is_sm_ips_ports,ksf-v4-idsplit::
quantum,svc,10,zz_r1_full__as2__svc__d10,zz_r1_full__as2,id_test,train_cv,10.0,0.8192061206120613,0.01396799087524414,0.8594377510040161,0.8603434917355373,0.8594286820330016,0.8582995951417004,0.9568052685950413,0.9623200432461322,port_protocol_service_ablation,39,36,3,ct_src_dport_ltm|ct_dst_sport_ltm|is_sm_ips_ports,ksf-v4-idsplit::
quantum,svc,10,zz_r1_full__as2__svc__d10,zz_r1_full__as2,ood_test,train_cv,10.0,0.8192061206120613,0.01396799087524414,0.762,0.7643396709557646,0.7576483334758931,0.7251732101616628,0.9327827923948532,0.9119654195699636,port_protocol_service_ablation,39,36,3,ct_src_dport_ltm|ct_dst_sport_ltm|is_sm_ips_ports,ksf-v4-idsplit::
quantum,svc,10,zz_r2_full__as2__svc__d10,zz_r2_full__as2,id_val,fixed_c1,1.0,,0.014646053314208984,0.8326693227091634,0.8367645189986022,0.8300773694390715,0.8090909090909091,0.9435125174736306,0.950295313265542,port_protocol_service_ablation,39,36,3,ct_src_dport_ltm|ct_dst_sport_ltm|is_sm_ips_ports,ksf-v4-idsplit::
quantum,svc,10,zz_r2_full__as2__svc__d10,zz_r2_full__as2,id_test,fixed_c1,1.0,,0.014646053314208984,0.8273092369477911,0.8311273243801653,0.8250976036068413,0.8054298642533937,0.9331095041322314,0.9455113805018993,port_protocol_service_ablation,39,36,3,ct_src_dport_ltm|ct_dst_sport_ltm|is_sm_ips_ports,ksf-v4-idsplit::
quantum,svc,10,zz_r2_full__as2__svc__d10,zz_r2_full__as2,ood_test,fixed_c1,1.0,,0.014646053314208984,0.698,0.7016676269124896,0.6829316434219865,0.6138107416879796,0.9066801101081876,0.8999380718628879,port_protocol_service_ablation,39,36,3,ct_src_dport_ltm|ct_dst_sport_ltm|is_sm_ips_ports,ksf-v4-idsplit::
quantum,svc,10,zz_r2_full__as2__svc__d10,zz_r2_full__as2,id_val,train_cv,1.0,0.7906133613361336,0.011512041091918945,0.8326693227091634,0.8367645189986022,0.8300773694390715,0.8090909090909091,0.9435125174736306,0.950295313265542,port_protocol_service_ablation,39,36,3,ct_src_dport_ltm|ct_dst_sport_ltm|is_sm_ips_ports,ksf-v4-idsplit::
quantum,svc,10,zz_r2_full__as2__svc__d10,zz_r2_full__as2,id_test,train_cv,1.0,0.7906133613361336,0.011512041091918945,0.8273092369477911,0.8311273243801653,0.8250976036068413,0.8054298642533937,0.9331095041322314,0.9455113805018993,port_protocol_service_ablation,39,36,3,ct_src_dport_ltm|ct_dst_sport_ltm|is_sm_ips_ports,ksf-v4-idsplit::
quantum,svc,10,zz_r2_full__as2__svc__d10,zz_r2_full__as2,ood_test,train_cv,1.0,0.7906133613361336,0.011512041091918945,0.698,0.7016676269124896,0.6829316434219865,0.6138107416879796,0.9066801101081876,0.8999380718628879,port_protocol_service_ablation,39,36,3,ct_src_dport_ltm|ct_dst_sport_ltm|is_sm_ips_ports,ksf-v4-idsplit::
quantum,svc,10,pauli_xz_r1_full__as2__svc__d10,pauli_xz_r1_full__as2,id_val,fixed_c1,1.0,,0.006998777389526367,0.8764940239043825,0.8758419112974964,0.8762110822979143,0.8821292775665399,0.9431948150972169,0.902707657447921,port_protocol_service_ablation,39,36,3,ct_src_dport_ltm|ct_dst_sport_ltm|is_sm_ips_ports,ksf-v4-idsplit::
quantum,svc,10,pauli_xz_r1_full__as2__svc__d10,pauli_xz_r1_full__as2,id_test,fixed_c1,1.0,,0.006998777389526367,0.8674698795180723,0.8665741219008265,0.8670495914570019,0.8745247148288974,0.9271048553719009,0.8654133954731091,port_protocol_service_ablation,39,36,3,ct_src_dport_ltm|ct_dst_sport_ltm|is_sm_ips_ports,ksf-v4-idsplit::
quantum,svc,10,pauli_xz_r1_full__as2__svc__d10,pauli_xz_r1_full__as2,ood_test,fixed_c1,1.0,,0.006998777389526367,0.918,0.9176269124895973,0.9178814207715942,0.9210019267822736,0.9542762947314513,0.9295294269674759,port_protocol_service_ablation,39,36,3,ct_src_dport_ltm|ct_dst_sport_ltm|is_sm_ips_ports,ksf-v4-idsplit::
quantum,svc,10,pauli_xz_r1_full__as2__svc__d10,pauli_xz_r1_full__as2,id_val,train_cv,10.0,0.887950795079508,0.013513326644897461,0.848605577689243,0.8489325200152498,0.8485839471678944,0.8503937007874016,0.9019570466387088,0.8411237537534894,port_protocol_service_ablation,39,36,3,ct_src_dport_ltm|ct_dst_sport_ltm|is_sm_ips_ports,ksf-v4-idsplit::
quantum,svc,10,pauli_xz_r1_full__as2__svc__d10,pauli_xz_r1_full__as2,id_test,train_cv,10.0,0.887950795079508,0.013513326644897461,0.8634538152610441,0.862893853305785,0.8631868131868132,0.8692307692307693,0.9078641528925621,0.846250187732407,port_protocol_service_ablation,39,36,3,ct_src_dport_ltm|ct_dst_sport_ltm|is_sm_ips_ports,ksf-v4-idsplit::
quantum,svc,10,pauli_xz_r1_full__as2__svc__d10,pauli_xz_r1_full__as2,ood_test,train_cv,10.0,0.887950795079508,0.013513326644897461,0.904,0.9039114013187376,0.9039615846338536,0.9058823529411765,0.9452979962870496,0.9106086013954977,port_protocol_service_ablation,39,36,3,ct_src_dport_ltm|ct_dst_sport_ltm|is_sm_ips_ports,ksf-v4-idsplit::
quantum,svc,10,zmap_r2__as2__svc__d10,zmap_r2__as2,id_val,fixed_c1,1.0,,0.010501384735107422,0.8844621513944223,0.8829266742915237,0.8837239021740867,0.8929889298892989,0.9424958698691066,0.89645978678911,port_protocol_service_ablation,39,36,3,ct_src_dport_ltm|ct_dst_sport_ltm|is_sm_ips_ports,ksf-v4-idsplit::
quantum,svc,10,zmap_r2__as2__svc__d10,zmap_r2__as2,id_test,fixed_c1,1.0,,0.010501384735107422,0.8714859437751004,0.8704803719008265,0.8710178710178711,0.8787878787878788,0.9426652892561984,0.9213984129666785,port_protocol_service_ablation,39,36,3,ct_src_dport_ltm|ct_dst_sport_ltm|is_sm_ips_ports,ksf-v4-idsplit::
quantum,svc,10,zmap_r2__as2__svc__d10,zmap_r2__as2,ood_test,fixed_c1,1.0,,0.010501384735107422,0.912,0.9117214006785737,0.9119097956307258,0.9147286821705426,0.951619614621343,0.9222358639865318,port_protocol_service_ablation,39,36,3,ct_src_dport_ltm|ct_dst_sport_ltm|is_sm_ips_ports,ksf-v4-idsplit::
quantum,svc,10,zmap_r2__as2__svc__d10,zmap_r2__as2,id_val,train_cv,100.0,0.8769903990399041,0.010024785995483398,0.8764940239043825,0.8762866946244758,0.8763684319239875,0.8803088803088803,0.9189858940144872,0.9373574007259637,port_protocol_service_ablation,39,36,3,ct_src_dport_ltm|ct_dst_sport_ltm|is_sm_ips_ports,ksf-v4-idsplit::
quantum,svc,10,zmap_r2__as2__svc__d10,zmap_r2__as2,id_test,train_cv,100.0,0.8769903990399041,0.010024785995483398,0.8714859437751004,0.8709323347107438,0.871234647705236,0.8769230769230769,0.9289127066115703,0.9126962948807248,port_protocol_service_ablation,39,36,3,ct_src_dport_ltm|ct_dst_sport_ltm|is_sm_ips_ports,ksf-v4-idsplit::
quantum,svc,10,zmap_r2__as2__svc__d10,zmap_r2__as2,ood_test,train_cv,100.0,0.8769903990399041,0.010024785995483398,0.882,0.8825779399526279,0.8819428603444066,0.8793456032719836,0.9385122591383395,0.8682341700100872,port_protocol_service_ablation,39,36,3,ct_src_dport_ltm|ct_dst_sport_ltm|is_sm_ips_ports,ksf-v4-idsplit::
classical_ext,svc,12,linear__svc__d12,linear,id_val,fixed_c1,1.0,,0.00846242904663086,0.848605577689243,0.8467086033803533,0.847323600973236,0.8613138686131386,0.8375270047019951,0.7045688559190999,port_protocol_service_ablation,39,36,3,ct_src_dport_ltm|ct_dst_sport_ltm|is_sm_ips_ports,ksf-v4-idsplit::
classical_ext,svc,12,linear__svc__d12,linear,id_test,fixed_c1,1.0,,0.00846242904663086,0.8473895582329317,0.8459129648760331,0.8464957819597664,0.8582089552238806,0.8573734504132231,0.7499808396755636,port_protocol_service_ablation,39,36,3,ct_src_dport_ltm|ct_dst_sport_ltm|is_sm_ips_ports,ksf-v4-idsplit::
classical_ext,svc,12,linear__svc__d12,linear,ood_test,fixed_c1,1.0,,0.00846242904663086,0.694,0.6954260290634402,0.6921269000599648,0.6681127982646421,0.8065424748735676,0.7086183318408606,port_protocol_service_ablation,39,36,3,ct_src_dport_ltm|ct_dst_sport_ltm|is_sm_ips_ports,ksf-v4-idsplit::
classical_ext,svc,12,linear__svc__d12,linear,id_val,train_cv,100.0,0.8555484548454844,0.01599907875061035,0.852589641434263,0.850139789045622,0.850732115016796,0.8673835125448028,0.8729825899097725,0.790739393856583,port_protocol_service_ablation,39,36,3,ct_src_dport_ltm|ct_dst_sport_ltm|is_sm_ips_ports,ksf-v4-idsplit::
classical_ext,svc,12,linear__svc__d12,linear,id_test,train_cv,100.0,0.8555484548454844,0.01599907875061035,0.8714859437751004,0.8688985020661157,0.8697187704381949,0.8848920863309353,0.9052169421487604,0.8506051531131733,port_protocol_service_ablation,39,36,3,ct_src_dport_ltm|ct_dst_sport_ltm|is_sm_ips_ports,ksf-v4-idsplit::
classical_ext,svc,12,linear__svc__d12,linear,ood_test,train_cv,100.0,0.8555484548454844,0.01599907875061035,0.81,0.8096632737980922,0.8097801058023075,0.816247582205029,0.865053453684143,0.8344016797219487,port_protocol_service_ablation,39,36,3,ct_src_dport_ltm|ct_dst_sport_ltm|is_sm_ips_ports,ksf-v4-idsplit::
classical_ext,svc,12,rbf_gscale__svc__d12,rbf_gscale,id_val,fixed_c1,1.0,,0.005997896194458008,0.8764940239043825,0.8729508196721312,0.8735968289552772,0.8927335640138409,0.9480874316939891,0.9339640984661672,port_protocol_service_ablation,39,36,3,ct_src_dport_ltm|ct_dst_sport_ltm|is_sm_ips_ports,ksf-v4-idsplit::
classical_ext,svc,12,rbf_gscale__svc__d12,rbf_gscale,id_test,fixed_c1,1.0,,0.005997896194458008,0.8755020080321285,0.8721268078512396,0.8728440820360761,0.8912280701754386,0.9428589876033058,0.9185641815591585,port_protocol_service_ablation,39,36,3,ct_src_dport_ltm|ct_dst_sport_ltm|is_sm_ips_ports,ksf-v4-idsplit::
classical_ext,svc,12,rbf_gscale__svc__d12,rbf_gscale,ood_test,fixed_c1,1.0,,0.005997896194458008,0.904,0.9025670571666347,0.9029503105590062,0.9130434782608695,0.9512355162921708,0.9103715617050263,port_protocol_service_ablation,39,36,3,ct_src_dport_ltm|ct_dst_sport_ltm|is_sm_ips_ports,ksf-v4-idsplit::
classical_ext,svc,12,rbf_gscale__svc__d12,rbf_gscale,id_val,train_cv,10.0,0.8985221522152216,0.007010936737060547,0.8884462151394422,0.8863578599567925,0.8873284596639733,0.8985507246376812,0.9696276528148431,0.9604203234743585,port_protocol_service_ablation,39,36,3,ct_src_dport_ltm|ct_dst_sport_ltm|is_sm_ips_ports,ksf-v4-idsplit::
classical_ext,svc,12,rbf_gscale__svc__d12,rbf_gscale,id_test,train_cv,10.0,0.8985221522152216,0.007010936737060547,0.8875502008032129,0.8852014462809917,0.8862122992557775,0.8985507246376812,0.949896694214876,0.9299621190076122,port_protocol_service_ablation,39,36,3,ct_src_dport_ltm|ct_dst_sport_ltm|is_sm_ips_ports,ksf-v4-idsplit::
classical_ext,svc,12,rbf_gscale__svc__d12,rbf_gscale,ood_test,train_cv,10.0,0.8985221522152216,0.007010936737060547,0.922,0.9213078548108316,0.9217367223339313,0.9262759924385633,0.9603258434159145,0.932565498067823,port_protocol_service_ablation,39,36,3,ct_src_dport_ltm|ct_dst_sport_ltm|is_sm_ips_ports,ksf-v4-idsplit::
classical_ext,svc,12,poly2__svc__d12,poly2,id_val,fixed_c1,1.0,,0.0060498714447021484,0.8645418326693227,0.861322912695387,0.8618557368557369,0.8811188811188811,0.8577328758419114,0.7937057198016328,port_protocol_service_ablation,39,36,3,ct_src_dport_ltm|ct_dst_sport_ltm|is_sm_ips_ports,ksf-v4-idsplit::
classical_ext,svc,12,poly2__svc__d12,poly2,id_test,fixed_c1,1.0,,0.0060498714447021484,0.8714859437751004,0.8684465392561984,0.8691883372734437,0.8865248226950354,0.8770661157024794,0.8212122370996493,port_protocol_service_ablation,39,36,3,ct_src_dport_ltm|ct_dst_sport_ltm|is_sm_ips_ports,ksf-v4-idsplit::
classical_ext,svc,12,poly2__svc__d12,poly2,ood_test,fixed_c1,1.0,,0.0060498714447021484,0.862,0.8602682286665386,0.8599149744801627,0.8770053475935828,0.824419051277127,0.6953116914115138,port_protocol_service_ablation,39,36,3,ct_src_dport_ltm|ct_dst_sport_ltm|is_sm_ips_ports,ksf-v4-idsplit::
classical_ext,svc,12,poly2__svc__d12,poly2,id_val,train_cv,100.0,0.8947318731873187,0.01066279411315918,0.8764940239043825,0.8731732113356208,0.873900008103071,0.89198606271777,0.9523446435379336,0.9298399449735343,port_protocol_service_ablation,39,36,3,ct_src_dport_ltm|ct_dst_sport_ltm|is_sm_ips_ports,ksf-v4-idsplit::
classical_ext,svc,12,poly2__svc__d12,poly2,id_test,train_cv,100.0,0.8947318731873187,0.01066279411315918,0.8835341365461847,0.8806172520661157,0.8815783000147597,0.896797153024911,0.9285898760330578,0.8677462470752669,port_protocol_service_ablation,39,36,3,ct_src_dport_ltm|ct_dst_sport_ltm|is_sm_ips_ports,ksf-v4-idsplit::
classical_ext,svc,12,poly2__svc__d12,poly2,ood_test,train_cv,100.0,0.8947318731873187,0.01066279411315918,0.93,0.9289258050060816,0.9295261337231544,0.9353049907578558,0.9535401062672043,0.9176233764330332,port_protocol_service_ablation,39,36,3,ct_src_dport_ltm|ct_dst_sport_ltm|is_sm_ips_ports,ksf-v4-idsplit::
classical_ext,svc,12,poly3__svc__d12,poly3,id_val,fixed_c1,1.0,,0.006486177444458008,0.8764940239043825,0.8729508196721312,0.8735968289552772,0.8927335640138409,0.8692972423433728,0.7947787223953409,port_protocol_service_ablation,39,36,3,ct_src_dport_ltm|ct_dst_sport_ltm|is_sm_ips_ports,ksf-v4-idsplit::
classical_ext,svc,12,poly3__svc__d12,poly3,id_test,fixed_c1,1.0,,0.006486177444458008,0.8755020080321285,0.8721268078512396,0.8728440820360761,0.8912280701754386,0.8618930785123967,0.7702816208935908,port_protocol_service_ablation,39,36,3,ct_src_dport_ltm|ct_dst_sport_ltm|is_sm_ips_ports,ksf-v4-idsplit::
classical_ext,svc,12,poly3__svc__d12,poly3,ood_test,fixed_c1,1.0,,0.006486177444458008,0.878,0.8760162601626016,0.8756315267963088,0.8927943760984183,0.8792971000576147,0.797618855492662,port_protocol_service_ablation,39,36,3,ct_src_dport_ltm|ct_dst_sport_ltm|is_sm_ips_ports,ksf-v4-idsplit::
classical_ext,svc,12,poly3__svc__d12,poly3,id_val,train_cv,100.0,0.8975219521952195,0.010284185409545898,0.8725099601593626,0.8695196340068623,0.870267476418142,0.8873239436619719,0.9602236624729952,0.9459072812088989,port_protocol_service_ablation,39,36,3,ct_src_dport_ltm|ct_dst_sport_ltm|is_sm_ips_ports,ksf-v4-idsplit::
classical_ext,svc,12,poly3__svc__d12,poly3,id_test,train_cv,100.0,0.8975219521952195,0.010284185409545898,0.8875502008032129,0.8847494834710744,0.8857798165137615,0.9,0.9289772727272727,0.8672810366700704,port_protocol_service_ablation,39,36,3,ct_src_dport_ltm|ct_dst_sport_ltm|is_sm_ips_ports,ksf-v4-idsplit::
classical_ext,svc,12,poly3__svc__d12,poly3,ood_test,train_cv,100.0,0.8975219521952195,0.010284185409545898,0.938,0.9370558863068945,0.9376586185954285,0.9422718808193669,0.9573490813648294,0.9257913485205481,port_protocol_service_ablation,39,36,3,ct_src_dport_ltm|ct_dst_sport_ltm|is_sm_ips_ports,ksf-v4-idsplit::
classical_ext,svc,12,laplacian_med__svc__d12,laplacian_med,id_val,fixed_c1,1.0,,0.00603485107421875,0.8725099601593626,0.8690748506798831,0.8696780893042575,0.8888888888888888,0.9611767696022367,0.952573905382369,port_protocol_service_ablation,39,36,3,ct_src_dport_ltm|ct_dst_sport_ltm|is_sm_ips_ports,ksf-v4-idsplit::
classical_ext,svc,12,laplacian_med__svc__d12,laplacian_med,id_test,fixed_c1,1.0,,0.00603485107421875,0.8755020080321285,0.8721268078512396,0.8728440820360761,0.8912280701754386,0.948411673553719,0.9384652688749664,port_protocol_service_ablation,39,36,3,ct_src_dport_ltm|ct_dst_sport_ltm|is_sm_ips_ports,ksf-v4-idsplit::
classical_ext,svc,12,laplacian_med__svc__d12,laplacian_med,ood_test,fixed_c1,1.0,,0.00603485107421875,0.934,0.932990845656488,0.9335959980521493,0.9387755102040817,0.9750496127008514,0.9658011178996511,port_protocol_service_ablation,39,36,3,ct_src_dport_ltm|ct_dst_sport_ltm|is_sm_ips_ports,ksf-v4-idsplit::
classical_ext,svc,12,laplacian_med__svc__d12,laplacian_med,id_val,train_cv,1.0,0.8967718771877188,0.00681304931640625,0.8725099601593626,0.8690748506798831,0.8696780893042575,0.8888888888888888,0.9611767696022367,0.952573905382369,port_protocol_service_ablation,39,36,3,ct_src_dport_ltm|ct_dst_sport_ltm|is_sm_ips_ports,ksf-v4-idsplit::
classical_ext,svc,12,laplacian_med__svc__d12,laplacian_med,id_test,train_cv,1.0,0.8967718771877188,0.00681304931640625,0.8755020080321285,0.8721268078512396,0.8728440820360761,0.8912280701754386,0.948411673553719,0.9384652688749664,port_protocol_service_ablation,39,36,3,ct_src_dport_ltm|ct_dst_sport_ltm|is_sm_ips_ports,ksf-v4-idsplit::
classical_ext,svc,12,laplacian_med__svc__d12,laplacian_med,ood_test,train_cv,1.0,0.8967718771877188,0.00681304931640625,0.934,0.932990845656488,0.9335959980521493,0.9387755102040817,0.9750496127008514,0.9658011178996511,port_protocol_service_ablation,39,36,3,ct_src_dport_ltm|ct_dst_sport_ltm|is_sm_ips_ports,ksf-v4-idsplit::
classical_ext,svc,12,matern15_med__svc__d12,matern15_med,id_val,fixed_c1,1.0,,0.005839347839355469,0.8764940239043825,0.8729508196721312,0.8735968289552772,0.8927335640138409,0.9492947007243615,0.9335808637949082,port_protocol_service_ablation,39,36,3,ct_src_dport_ltm|ct_dst_sport_ltm|is_sm_ips_ports,ksf-v4-idsplit::
classical_ext,svc,12,matern15_med__svc__d12,matern15_med,id_test,fixed_c1,1.0,,0.005839347839355469,0.8755020080321285,0.8721268078512396,0.8728440820360761,0.8912280701754386,0.9336260330578512,0.9116810758539573,port_protocol_service_ablation,39,36,3,ct_src_dport_ltm|ct_dst_sport_ltm|is_sm_ips_ports,ksf-v4-idsplit::
classical_ext,svc,12,matern15_med__svc__d12,matern15_med,ood_test,fixed_c1,1.0,,0.005839347839355469,0.906,0.9045355611036425,0.904931813860537,0.9150090415913201,0.9479226682030599,0.9079316472866616,port_protocol_service_ablation,39,36,3,ct_src_dport_ltm|ct_dst_sport_ltm|is_sm_ips_ports,ksf-v4-idsplit::
classical_ext,svc,12,matern15_med__svc__d12,matern15_med,id_val,train_cv,10.0,0.8984219421942194,0.0065457820892333984,0.8924302788844621,0.8904562206125302,0.8914377252703244,0.9018181818181819,0.9595882577201678,0.9394921599577086,port_protocol_service_ablation,39,36,3,ct_src_dport_ltm|ct_dst_sport_ltm|is_sm_ips_ports,ksf-v4-idsplit::
classical_ext,svc,12,matern15_med__svc__d12,matern15_med,id_test,train_cv,10.0,0.8984219421942194,0.0065457820892333984,0.8835341365461847,0.8812951962809917,0.8822503057480635,0.8945454545454545,0.9538352272727272,0.9306348771646794,port_protocol_service_ablation,39,36,3,ct_src_dport_ltm|ct_dst_sport_ltm|is_sm_ips_ports,ksf-v4-idsplit::
classical_ext,svc,12,matern15_med__svc__d12,matern15_med,ood_test,train_cv,10.0,0.8984219421942194,0.0065457820892333984,0.926,0.9253728954612381,0.9257835849336666,0.9297912713472486,0.9642948594840279,0.9381940320462111,port_protocol_service_ablation,39,36,3,ct_src_dport_ltm|ct_dst_sport_ltm|is_sm_ips_ports,ksf-v4-idsplit::
classical_ext,svc,12,matern25_med__svc__d12,matern25_med,id_val,fixed_c1,1.0,,0.006006717681884766,0.8764940239043825,0.8729508196721312,0.8735968289552772,0.8927335640138409,0.9297242343372729,0.8937261667422858,port_protocol_service_ablation,39,36,3,ct_src_dport_ltm|ct_dst_sport_ltm|is_sm_ips_ports,ksf-v4-idsplit::
classical_ext,svc,12,matern25_med__svc__d12,matern25_med,id_test,fixed_c1,1.0,,0.006006717681884766,0.8755020080321285,0.8721268078512396,0.8728440820360761,0.8912280701754386,0.9298811983471075,0.9020147619525952,port_protocol_service_ablation,39,36,3,ct_src_dport_ltm|ct_dst_sport_ltm|is_sm_ips_ports,ksf-v4-idsplit::
classical_ext,svc,12,matern25_med__svc__d12,matern25_med,ood_test,fixed_c1,1.0,,0.006006717681884766,0.898,0.8964054798028296,0.8966569537712107,0.9084380610412927,0.9449459061519749,0.8999739069845316,port_protocol_service_ablation,39,36,3,ct_src_dport_ltm|ct_dst_sport_ltm|is_sm_ips_ports,ksf-v4-idsplit::
classical_ext,svc,12,matern25_med__svc__d12,matern25_med,id_val,train_cv,10.0,0.8995522552255226,0.007542848587036133,0.8764940239043825,0.8736179946626,0.874453426271036,0.8904593639575972,0.9688016266361672,0.9564421372346271,port_protocol_service_ablation,39,36,3,ct_src_dport_ltm|ct_dst_sport_ltm|is_sm_ips_ports,ksf-v4-idsplit::
classical_ext,svc,12,matern25_med__svc__d12,matern25_med,id_test,train_cv,10.0,0.8995522552255226,0.007542848587036133,0.8875502008032129,0.8847494834710744,0.8857798165137615,0.9,0.9380810950413223,0.9021809047671991,port_protocol_service_ablation,39,36,3,ct_src_dport_ltm|ct_dst_sport_ltm|is_sm_ips_ports,ksf-v4-idsplit::
classical_ext,svc,12,matern25_med__svc__d12,matern25_med,ood_test,train_cv,10.0,0.8995522552255226,0.007542848587036133,0.932,0.9311503744958709,0.9316841073122116,0.9363295880149812,0.9606619294539402,0.9312228584766404,port_protocol_service_ablation,39,36,3,ct_src_dport_ltm|ct_dst_sport_ltm|is_sm_ips_ports,ksf-v4-idsplit::
classical_ext,svc,12,rbf_gscale_x0.1__svc__d12,rbf_gscale_x0.1,id_val,fixed_c1,1.0,,0.014784097671508789,0.8605577689243028,0.8574469437031389,0.8579513299377476,0.8771929824561403,0.8677722709365867,0.8085246518228376,port_protocol_service_ablation,39,36,3,ct_src_dport_ltm|ct_dst_sport_ltm|is_sm_ips_ports,ksf-v4-idsplit::
classical_ext,svc,12,rbf_gscale_x0.1__svc__d12,rbf_gscale_x0.1,id_test,fixed_c1,1.0,,0.014784097671508789,0.8634538152610441,0.8606340392561984,0.8613040629095675,0.8785714285714286,0.8808755165289256,0.8126864456251287,port_protocol_service_ablation,39,36,3,ct_src_dport_ltm|ct_dst_sport_ltm|is_sm_ips_ports,ksf-v4-idsplit::
classical_ext,svc,12,rbf_gscale_x0.1__svc__d12,rbf_gscale_x0.1,ood_test,fixed_c1,1.0,,0.014784097671508789,0.828,0.8268036617374048,0.826657636738906,0.8419117647058824,0.7773189936623774,0.6508681206016051,port_protocol_service_ablation,39,36,3,ct_src_dport_ltm|ct_dst_sport_ltm|is_sm_ips_ports,ksf-v4-idsplit::
classical_ext,svc,12,rbf_gscale_x0.1__svc__d12,rbf_gscale_x0.1,id_val,train_cv,100.0,0.8928114811481148,0.013521432876586914,0.8764940239043825,0.8729508196721312,0.8735968289552772,0.8927335640138409,0.9596517981954504,0.9512200354776831,port_protocol_service_ablation,39,36,3,ct_src_dport_ltm|ct_dst_sport_ltm|is_sm_ips_ports,ksf-v4-idsplit::
classical_ext,svc,12,rbf_gscale_x0.1__svc__d12,rbf_gscale_x0.1,id_test,train_cv,100.0,0.8928114811481148,0.013521432876586914,0.8875502008032129,0.8845235020661157,0.8855397951142632,0.900709219858156,0.9205836776859504,0.856692929906662,port_protocol_service_ablation,39,36,3,ct_src_dport_ltm|ct_dst_sport_ltm|is_sm_ips_ports,ksf-v4-idsplit::
classical_ext,svc,12,rbf_gscale_x0.1__svc__d12,rbf_gscale_x0.1,ood_test,train_cv,100.0,0.8928114811481148,0.013521432876586914,0.914,0.9127936751808463,0.9132977114628491,0.9211009174311927,0.9536361308494975,0.9247903422225464,port_protocol_service_ablation,39,36,3,ct_src_dport_ltm|ct_dst_sport_ltm|is_sm_ips_ports,ksf-v4-idsplit::
classical_ext,svc,12,rbf_gscale_x0.3__svc__d12,rbf_gscale_x0.3,id_val,fixed_c1,1.0,,0.00699925422668457,0.8764940239043825,0.8729508196721312,0.8735968289552772,0.8927335640138409,0.8926165967721439,0.8384388685234806,port_protocol_service_ablation,39,36,3,ct_src_dport_ltm|ct_dst_sport_ltm|is_sm_ips_ports,ksf-v4-idsplit::
classical_ext,svc,12,rbf_gscale_x0.3__svc__d12,rbf_gscale_x0.3,id_test,fixed_c1,1.0,,0.00699925422668457,0.8755020080321285,0.8721268078512396,0.8728440820360761,0.8912280701754386,0.873514979338843,0.7878608030957859,port_protocol_service_ablation,39,36,3,ct_src_dport_ltm|ct_dst_sport_ltm|is_sm_ips_ports,ksf-v4-idsplit::
classical_ext,svc,12,rbf_gscale_x0.3__svc__d12,rbf_gscale_x0.3,ood_test,fixed_c1,1.0,,0.00699925422668457,0.876,0.8740477562255937,0.8736632759520084,0.8908450704225352,0.9032232251456372,0.8307310026849481,port_protocol_service_ablation,39,36,3,ct_src_dport_ltm|ct_dst_sport_ltm|is_sm_ips_ports,ksf-v4-idsplit::
classical_ext,svc,12,rbf_gscale_x0.3__svc__d12,rbf_gscale_x0.3,id_val,train_cv,100.0,0.9004722472247225,0.011001825332641602,0.8844621513944223,0.882037107637565,0.8830062523104618,0.8960573476702509,0.9699453551912569,0.9631541235959673,port_protocol_service_ablation,39,36,3,ct_src_dport_ltm|ct_dst_sport_ltm|is_sm_ips_ports,ksf-v4-idsplit::
classical_ext,svc,12,rbf_gscale_x0.3__svc__d12,rbf_gscale_x0.3,id_test,train_cv,100.0,0.9004722472247225,0.011001825332641602,0.8955823293172691,0.8930139462809917,0.8941465009810334,0.9064748201438849,0.9563533057851239,0.9400689466065519,port_protocol_service_ablation,39,36,3,ct_src_dport_ltm|ct_dst_sport_ltm|is_sm_ips_ports,ksf-v4-idsplit::
classical_ext,svc,12,rbf_gscale_x0.3__svc__d12,rbf_gscale_x0.3,ood_test,train_cv,100.0,0.9004722472247225,0.011001825332641602,0.928,0.927341399398246,0.927773497688752,0.9318181818181818,0.9564368478330454,0.933936104606119,port_protocol_service_ablation,39,36,3,ct_src_dport_ltm|ct_dst_sport_ltm|is_sm_ips_ports,ksf-v4-idsplit::
classical_ext,svc,12,rbf_gscale_x3__svc__d12,rbf_gscale_x3,id_val,fixed_c1,1.0,,0.0066416263580322266,0.8725099601593626,0.8692972423433727,0.86998186998187,0.8881118881118881,0.9647985766933537,0.9500736756455782,port_protocol_service_ablation,39,36,3,ct_src_dport_ltm|ct_dst_sport_ltm|is_sm_ips_ports,ksf-v4-idsplit::
classical_ext,svc,12,rbf_gscale_x3__svc__d12,rbf_gscale_x3,id_test,fixed_c1,1.0,,0.0066416263580322266,0.8835341365461847,0.8806172520661157,0.8815783000147597,0.896797153024911,0.9436337809917354,0.9240709847599258,port_protocol_service_ablation,39,36,3,ct_src_dport_ltm|ct_dst_sport_ltm|is_sm_ips_ports,ksf-v4-idsplit::
classical_ext,svc,12,rbf_gscale_x3__svc__d12,rbf_gscale_x3,ood_test,fixed_c1,1.0,,0.0066416263580322266,0.928,0.9270853338454644,0.9276248069994854,0.9328358208955224,0.9555566224953589,0.9297456802284736,port_protocol_service_ablation,39,36,3,ct_src_dport_ltm|ct_dst_sport_ltm|is_sm_ips_ports,ksf-v4-idsplit::
classical_ext,svc,12,rbf_gscale_x3__svc__d12,rbf_gscale_x3,id_val,train_cv,100.0,0.9000417041704172,0.012564659118652344,0.8844621513944223,0.8842610242724616,0.8843446621224399,0.888030888030888,0.9457999745838098,0.9207258351885409,port_protocol_service_ablation,39,36,3,ct_src_dport_ltm|ct_dst_sport_ltm|is_sm_ips_ports,ksf-v4-idsplit::
classical_ext,svc,12,rbf_gscale_x3__svc__d12,rbf_gscale_x3,id_test,train_cv,100.0,0.9000417041704172,0.012564659118652344,0.8514056224899599,0.8504971590909092,0.850934390421487,0.8593155893536122,0.9263946280991736,0.8864419006327705,port_protocol_service_ablation,39,36,3,ct_src_dport_ltm|ct_dst_sport_ltm|is_sm_ips_ports,ksf-v4-idsplit::
classical_ext,svc,12,rbf_gscale_x3__svc__d12,rbf_gscale_x3,ood_test,train_cv,100.0,0.9000417041704172,0.012564659118652344,0.914,0.913753921003777,0.9139225302772496,0.916504854368932,0.9443697586582164,0.9383191494160721,port_protocol_service_ablation,39,36,3,ct_src_dport_ltm|ct_dst_sport_ltm|is_sm_ips_ports,ksf-v4-idsplit::
classical_ext,svc,12,rbf_gscale_x10__svc__d12,rbf_gscale_x10,id_val,fixed_c1,1.0,,0.007004976272583008,0.8844621513944223,0.8831490659550134,0.8838648946184406,0.8921933085501859,0.9446562460287203,0.8986727358522358,port_protocol_service_ablation,39,36,3,ct_src_dport_ltm|ct_dst_sport_ltm|is_sm_ips_ports,ksf-v4-idsplit::
classical_ext,svc,12,rbf_gscale_x10__svc__d12,rbf_gscale_x10,id_test,fixed_c1,1.0,,0.007004976272583008,0.8795180722891566,0.8778409090909092,0.8786549707602339,0.8888888888888888,0.9391787190082646,0.8993104492470892,port_protocol_service_ablation,39,36,3,ct_src_dport_ltm|ct_dst_sport_ltm|is_sm_ips_ports,ksf-v4-idsplit::
classical_ext,svc,12,rbf_gscale_x10__svc__d12,rbf_gscale_x10,ood_test,fixed_c1,1.0,,0.007004976272583008,0.916,0.9156584085525894,0.915890994729169,0.918918918918919,0.9639267652519046,0.9519741713120207,port_protocol_service_ablation,39,36,3,ct_src_dport_ltm|ct_dst_sport_ltm|is_sm_ips_ports,ksf-v4-idsplit::
classical_ext,svc,12,rbf_gscale_x10__svc__d12,rbf_gscale_x10,id_val,train_cv,10.0,0.898011601160116,0.010255098342895508,0.8685258964143426,0.8685347566399797,0.8684507265941397,0.8715953307392996,0.9185411106875079,0.8466937051065055,port_protocol_service_ablation,39,36,3,ct_src_dport_ltm|ct_dst_sport_ltm|is_sm_ips_ports,ksf-v4-idsplit::
classical_ext,svc,12,rbf_gscale_x10__svc__d12,rbf_gscale_x10,id_test,train_cv,10.0,0.898011601160116,0.010255098342895508,0.8634538152610441,0.862893853305785,0.8631868131868132,0.8692307692307693,0.9075413223140495,0.8452723686483232,port_protocol_service_ablation,39,36,3,ct_src_dport_ltm|ct_dst_sport_ltm|is_sm_ips_ports,ksf-v4-idsplit::
classical_ext,svc,12,rbf_gscale_x10__svc__d12,rbf_gscale_x10,ood_test,train_cv,10.0,0.898011601160116,0.010255098342895508,0.91,0.9098169131297612,0.9099391188443388,0.9122807017543859,0.9545003520901351,0.9342799027547799,port_protocol_service_ablation,39,36,3,ct_src_dport_ltm|ct_dst_sport_ltm|is_sm_ips_ports,ksf-v4-idsplit::
classical_ext,svc,12,laplacian_med_x0.1__svc__d12,laplacian_med_x0.1,id_val,fixed_c1,1.0,,0.012628555297851562,0.8924302788844621,0.8920129622569577,0.8922592645585921,0.896551724137931,0.9573643410852714,0.9615283320339661,port_protocol_service_ablation,39,36,3,ct_src_dport_ltm|ct_dst_sport_ltm|is_sm_ips_ports,ksf-v4-idsplit::
classical_ext,svc,12,laplacian_med_x0.1__svc__d12,laplacian_med_x0.1,id_test,fixed_c1,1.0,,0.012628555297851562,0.8634538152610441,0.8626678719008265,0.8630806055117092,0.8702290076335878,0.9467329545454545,0.9519950350614412,port_protocol_service_ablation,39,36,3,ct_src_dport_ltm|ct_dst_sport_ltm|is_sm_ips_ports,ksf-v4-idsplit::
classical_ext,svc,12,laplacian_med_x0.1__svc__d12,laplacian_med_x0.1,ood_test,fixed_c1,1.0,,0.012628555297851562,0.906,0.9059439216439409,0.9059695341290579,0.9076620825147348,0.9494910697138468,0.916497906409718,port_protocol_service_ablation,39,36,3,ct_src_dport_ltm|ct_dst_sport_ltm|is_sm_ips_ports,ksf-v4-idsplit::
classical_ext,svc,12,laplacian_med_x0.1__svc__d12,laplacian_med_x0.1,id_val,train_cv,1.0,0.876920092009201,0.011777162551879883,0.8924302788844621,0.8920129622569577,0.8922592645585921,0.896551724137931,0.9573643410852714,0.9615283320339661,port_protocol_service_ablation,39,36,3,ct_src_dport_ltm|ct_dst_sport_ltm|is_sm_ips_ports,ksf-v4-idsplit::
classical_ext,svc,12,laplacian_med_x0.1__svc__d12,laplacian_med_x0.1,id_test,train_cv,1.0,0.876920092009201,0.011777162551879883,0.8634538152610441,0.8626678719008265,0.8630806055117092,0.8702290076335878,0.9467329545454545,0.9519950350614412,port_protocol_service_ablation,39,36,3,ct_src_dport_ltm|ct_dst_sport_ltm|is_sm_ips_ports,ksf-v4-idsplit::
classical_ext,svc,12,laplacian_med_x0.1__svc__d12,laplacian_med_x0.1,ood_test,train_cv,1.0,0.876920092009201,0.011777162551879883,0.906,0.9059439216439409,0.9059695341290579,0.9076620825147348,0.9494910697138468,0.916497906409718,port_protocol_service_ablation,39,36,3,ct_src_dport_ltm|ct_dst_sport_ltm|is_sm_ips_ports,ksf-v4-idsplit::
classical_ext,svc,12,laplacian_med_x0.3__svc__d12,laplacian_med_x0.3,id_val,fixed_c1,1.0,,0.007021188735961914,0.8804780876494024,0.878828313635786,0.8796355498721227,0.8897058823529411,0.9564747744313127,0.9361905879110142,port_protocol_service_ablation,39,36,3,ct_src_dport_ltm|ct_dst_sport_ltm|is_sm_ips_ports,ksf-v4-idsplit::
classical_ext,svc,12,laplacian_med_x0.3__svc__d12,laplacian_med_x0.3,id_test,fixed_c1,1.0,,0.007021188735961914,0.8714859437751004,0.8688985020661157,0.8697187704381949,0.8848920863309353,0.9507360537190084,0.9416849725489862,port_protocol_service_ablation,39,36,3,ct_src_dport_ltm|ct_dst_sport_ltm|is_sm_ips_ports,ksf-v4-idsplit::
classical_ext,svc,12,laplacian_med_x0.3__svc__d12,laplacian_med_x0.3,ood_test,fixed_c1,1.0,,0.007021188735961914,0.924,0.9232123423596441,0.9236874236874237,0.9285714285714286,0.9692561295691697,0.9530565062578878,port_protocol_service_ablation,39,36,3,ct_src_dport_ltm|ct_dst_sport_ltm|is_sm_ips_ports,ksf-v4-idsplit::
classical_ext,svc,12,laplacian_med_x0.3__svc__d12,laplacian_med_x0.3,id_val,train_cv,10.0,0.9051023102310232,0.00912022590637207,0.8804780876494024,0.8799402719532342,0.8802480916030535,0.8854961832061069,0.9630829838607193,0.9638820608411075,port_protocol_service_ablation,39,36,3,ct_src_dport_ltm|ct_dst_sport_ltm|is_sm_ips_ports,ksf-v4-idsplit::
classical_ext,svc,12,laplacian_med_x0.3__svc__d12,laplacian_med_x0.3,id_test,train_cv,10.0,0.9051023102310232,0.00912022590637207,0.8875502008032129,0.8867833161157025,0.8872428515978781,0.8931297709923665,0.9545454545454545,0.9498007893352325,port_protocol_service_ablation,39,36,3,ct_src_dport_ltm|ct_dst_sport_ltm|is_sm_ips_ports,ksf-v4-idsplit::
classical_ext,svc,12,laplacian_med_x0.3__svc__d12,laplacian_med_x0.3,ood_test,train_cv,10.0,0.9051023102310232,0.00912022590637207,0.922,0.92188400230459,0.9219622297191841,0.923679060665362,0.9691280967927789,0.9396678662973469,port_protocol_service_ablation,39,36,3,ct_src_dport_ltm|ct_dst_sport_ltm|is_sm_ips_ports,ksf-v4-idsplit::
classical_ext,svc,12,laplacian_med_x3__svc__d12,laplacian_med_x3,id_val,fixed_c1,1.0,,0.00652003288269043,0.8764940239043825,0.8729508196721312,0.8735968289552772,0.8927335640138409,0.9507561316558648,0.9443631135237482,port_protocol_service_ablation,39,36,3,ct_src_dport_ltm|ct_dst_sport_ltm|is_sm_ips_ports,ksf-v4-idsplit::
classical_ext,svc,12,laplacian_med_x3__svc__d12,laplacian_med_x3,id_test,fixed_c1,1.0,,0.00652003288269043,0.8755020080321285,0.8721268078512396,0.8728440820360761,0.8912280701754386,0.9365960743801652,0.9180191390104171,port_protocol_service_ablation,39,36,3,ct_src_dport_ltm|ct_dst_sport_ltm|is_sm_ips_ports,ksf-v4-idsplit::
classical_ext,svc,12,laplacian_med_x3__svc__d12,laplacian_med_x3,ood_test,fixed_c1,1.0,,0.00652003288269043,0.898,0.8964054798028296,0.8966569537712107,0.9084380610412927,0.9672236092439666,0.9552695006134592,port_protocol_service_ablation,39,36,3,ct_src_dport_ltm|ct_dst_sport_ltm|is_sm_ips_ports,ksf-v4-idsplit::
classical_ext,svc,12,laplacian_med_x3__svc__d12,laplacian_med_x3,id_val,train_cv,10.0,0.8944219421942193,0.005997419357299805,0.8844621513944223,0.8824818909645444,0.8833960752903485,0.8945454545454545,0.9637183886135468,0.9467781777565648,port_protocol_service_ablation,39,36,3,ct_src_dport_ltm|ct_dst_sport_ltm|is_sm_ips_ports,ksf-v4-idsplit::
classical_ext,svc,12,laplacian_med_x3__svc__d12,laplacian_med_x3,id_test,train_cv,10.0,0.8944219421942193,0.005997419357299805,0.8714859437751004,0.8688985020661157,0.8697187704381949,0.8848920863309353,0.95338326446281,0.9342903527843883,port_protocol_service_ablation,39,36,3,ct_src_dport_ltm|ct_dst_sport_ltm|is_sm_ips_ports,ksf-v4-idsplit::
classical_ext,svc,12,laplacian_med_x3__svc__d12,laplacian_med_x3,ood_test,train_cv,10.0,0.8944219421942193,0.005997419357299805,0.938,0.9371199026950899,0.9376947040498442,0.9420560747663551,0.9806670507649958,0.9757008137743616,port_protocol_service_ablation,39,36,3,ct_src_dport_ltm|ct_dst_sport_ltm|is_sm_ips_ports,ksf-v4-idsplit::
classical_ext,svc,12,laplacian_med_x10__svc__d12,laplacian_med_x10,id_val,fixed_c1,1.0,,0.005999088287353516,0.8764940239043825,0.8729508196721312,0.8735968289552772,0.8927335640138409,0.9061507180073708,0.827210700403139,port_protocol_service_ablation,39,36,3,ct_src_dport_ltm|ct_dst_sport_ltm|is_sm_ips_ports,ksf-v4-idsplit::
classical_ext,svc,12,laplacian_med_x10__svc__d12,laplacian_med_x10,id_test,fixed_c1,1.0,,0.005999088287353516,0.8755020080321285,0.8721268078512396,0.8728440820360761,0.8912280701754386,0.8836518595041323,0.7785844113394297,port_protocol_service_ablation,39,36,3,ct_src_dport_ltm|ct_dst_sport_ltm|is_sm_ips_ports,ksf-v4-idsplit::
classical_ext,svc,12,laplacian_med_x10__svc__d12,laplacian_med_x10,ood_test,fixed_c1,1.0,,0.005999088287353516,0.876,0.8739837398373984,0.8735210118319053,0.8912280701754386,0.9321106203188017,0.8977872958411083,port_protocol_service_ablation,39,36,3,ct_src_dport_ltm|ct_dst_sport_ltm|is_sm_ips_ports,ksf-v4-idsplit::
classical_ext,svc,12,laplacian_med_x10__svc__d12,laplacian_med_x10,id_val,train_cv,10.0,0.8898512851285127,0.00599980354309082,0.8764940239043825,0.8729508196721312,0.8735968289552772,0.8927335640138409,0.9593976362943195,0.952348990335378,port_protocol_service_ablation,39,36,3,ct_src_dport_ltm|ct_dst_sport_ltm|is_sm_ips_ports,ksf-v4-idsplit::
classical_ext,svc,12,laplacian_med_x10__svc__d12,laplacian_med_x10,id_test,train_cv,10.0,0.8898512851285127,0.00599980354309082,0.8755020080321285,0.8721268078512396,0.8728440820360761,0.8912280701754386,0.9453125,0.9211406846661204,port_protocol_service_ablation,39,36,3,ct_src_dport_ltm|ct_dst_sport_ltm|is_sm_ips_ports,ksf-v4-idsplit::
classical_ext,svc,12,laplacian_med_x10__svc__d12,laplacian_med_x10,ood_test,train_cv,10.0,0.8898512851285127,0.00599980354309082,0.928,0.9268292682926829,0.927438080495356,0.9338235294117647,0.9749055758274118,0.9672726619728277,port_protocol_service_ablation,39,36,3,ct_src_dport_ltm|ct_dst_sport_ltm|is_sm_ips_ports,ksf-v4-idsplit::
classical_ext,svc,12,matern15_med_x0.1__svc__d12,matern15_med_x0.1,id_val,fixed_c1,1.0,,0.010999917984008789,0.8725099601593626,0.8719659423052484,0.872264631043257,0.8778625954198473,0.9351887152115897,0.891926916059537,port_protocol_service_ablation,39,36,3,ct_src_dport_ltm|ct_dst_sport_ltm|is_sm_ips_ports,ksf-v4-idsplit::
classical_ext,svc,12,matern15_med_x0.1__svc__d12,matern15_med_x0.1,id_test,fixed_c1,1.0,,0.010999917984008789,0.8514056224899599,0.8509491219008265,0.8511655708308428,0.8571428571428571,0.9344653925619835,0.9140212969527183,port_protocol_service_ablation,39,36,3,ct_src_dport_ltm|ct_dst_sport_ltm|is_sm_ips_ports,ksf-v4-idsplit::
classical_ext,svc,12,matern15_med_x0.1__svc__d12,matern15_med_x0.1,ood_test,fixed_c1,1.0,,0.010999917984008789,0.884,0.8842263619486588,0.884,0.884,0.945554061839831,0.9125943362536668,port_protocol_service_ablation,39,36,3,ct_src_dport_ltm|ct_dst_sport_ltm|is_sm_ips_ports,ksf-v4-idsplit::
classical_ext,svc,12,matern15_med_x0.1__svc__d12,matern15_med_x0.1,id_val,train_cv,1.0,0.8718699869986999,0.010773897171020508,0.8725099601593626,0.8719659423052484,0.872264631043257,0.8778625954198473,0.9351887152115897,0.891926916059537,port_protocol_service_ablation,39,36,3,ct_src_dport_ltm|ct_dst_sport_ltm|is_sm_ips_ports,ksf-v4-idsplit::
classical_ext,svc,12,matern15_med_x0.1__svc__d12,matern15_med_x0.1,id_test,train_cv,1.0,0.8718699869986999,0.010773897171020508,0.8514056224899599,0.8509491219008265,0.8511655708308428,0.8571428571428571,0.9344653925619835,0.9140212969527183,port_protocol_service_ablation,39,36,3,ct_src_dport_ltm|ct_dst_sport_ltm|is_sm_ips_ports,ksf-v4-idsplit::
classical_ext,svc,12,matern15_med_x0.1__svc__d12,matern15_med_x0.1,ood_test,train_cv,1.0,0.8718699869986999,0.010773897171020508,0.884,0.8842263619486588,0.884,0.884,0.945554061839831,0.9125943362536668,port_protocol_service_ablation,39,36,3,ct_src_dport_ltm|ct_dst_sport_ltm|is_sm_ips_ports,ksf-v4-idsplit::
classical_ext,svc,12,matern15_med_x0.3__svc__d12,matern15_med_x0.3,id_val,fixed_c1,1.0,,0.006858348846435547,0.8804780876494024,0.8783835303088068,0.8792804924971143,0.8913043478260869,0.9533612911424576,0.9112825562551784,port_protocol_service_ablation,39,36,3,ct_src_dport_ltm|ct_dst_sport_ltm|is_sm_ips_ports,ksf-v4-idsplit::
classical_ext,svc,12,matern15_med_x0.3__svc__d12,matern15_med_x0.3,id_test,fixed_c1,1.0,,0.006858348846435547,0.8795180722891566,0.8771629648760331,0.8780846063454759,0.8913043478260869,0.9517045454545455,0.9352061995027323,port_protocol_service_ablation,39,36,3,ct_src_dport_ltm|ct_dst_sport_ltm|is_sm_ips_ports,ksf-v4-idsplit::
classical_ext,svc,12,matern15_med_x0.3__svc__d12,matern15_med_x0.3,ood_test,fixed_c1,1.0,,0.006858348846435547,0.916,0.9153383266116126,0.9157357473035439,0.9204545454545454,0.9606299212598426,0.9398348257483894,port_protocol_service_ablation,39,36,3,ct_src_dport_ltm|ct_dst_sport_ltm|is_sm_ips_ports,ksf-v4-idsplit::
classical_ext,svc,12,matern15_med_x0.3__svc__d12,matern15_med_x0.3,id_val,train_cv,1.0,0.8994120412041205,0.007384538650512695,0.8804780876494024,0.8783835303088068,0.8792804924971143,0.8913043478260869,0.9533612911424576,0.9112825562551784,port_protocol_service_ablation,39,36,3,ct_src_dport_ltm|ct_dst_sport_ltm|is_sm_ips_ports,ksf-v4-idsplit::
classical_ext,svc,12,matern15_med_x0.3__svc__d12,matern15_med_x0.3,id_test,train_cv,1.0,0.8994120412041205,0.007384538650512695,0.8795180722891566,0.8771629648760331,0.8780846063454759,0.8913043478260869,0.9517045454545455,0.9352061995027323,port_protocol_service_ablation,39,36,3,ct_src_dport_ltm|ct_dst_sport_ltm|is_sm_ips_ports,ksf-v4-idsplit::
classical_ext,svc,12,matern15_med_x0.3__svc__d12,matern15_med_x0.3,ood_test,train_cv,1.0,0.8994120412041205,0.007384538650512695,0.916,0.9153383266116126,0.9157357473035439,0.9204545454545454,0.9606299212598426,0.9398348257483894,port_protocol_service_ablation,39,36,3,ct_src_dport_ltm|ct_dst_sport_ltm|is_sm_ips_ports,ksf-v4-idsplit::
classical_ext,svc,12,matern15_med_x3__svc__d12,matern15_med_x3,id_val,fixed_c1,1.0,,0.007008552551269531,0.8764940239043825,0.8729508196721312,0.8735968289552772,0.8927335640138409,0.8750158851188208,0.801969616944927,port_protocol_service_ablation,39,36,3,ct_src_dport_ltm|ct_dst_sport_ltm|is_sm_ips_ports,ksf-v4-idsplit::
classical_ext,svc,12,matern15_med_x3__svc__d12,matern15_med_x3,id_test,fixed_c1,1.0,,0.007008552551269531,0.8755020080321285,0.8721268078512396,0.8728440820360761,0.8912280701754386,0.8728693181818182,0.7971805223613365,port_protocol_service_ablation,39,36,3,ct_src_dport_ltm|ct_dst_sport_ltm|is_sm_ips_ports,ksf-v4-idsplit::
classical_ext,svc,12,matern15_med_x3__svc__d12,matern15_med_x3,ood_test,fixed_c1,1.0,,0.007008552551269531,0.878,0.8760162601626016,0.8756315267963088,0.8927943760984183,0.8480891108123678,0.753094818175096,port_protocol_service_ablation,39,36,3,ct_src_dport_ltm|ct_dst_sport_ltm|is_sm_ips_ports,ksf-v4-idsplit::
classical_ext,svc,12,matern15_med_x3__svc__d12,matern15_med_x3,id_val,train_cv,100.0,0.8975021502150214,0.00883793830871582,0.8884462151394422,0.8859130766298131,0.8869369369369369,0.9,0.9681026814080569,0.9576156027670882,port_protocol_service_ablation,39,36,3,ct_src_dport_ltm|ct_dst_sport_ltm|is_sm_ips_ports,ksf-v4-idsplit::
classical_ext,svc,12,matern15_med_x3__svc__d12,matern15_med_x3,id_test,train_cv,100.0,0.8975021502150214,0.00883793830871582,0.8875502008032129,0.8849754648760331,0.8860039241334206,0.8992805755395683,0.9506714876033058,0.9230900675030448,port_protocol_service_ablation,39,36,3,ct_src_dport_ltm|ct_dst_sport_ltm|is_sm_ips_ports,ksf-v4-idsplit::
classical_ext,svc,12,matern15_med_x3__svc__d12,matern15_med_x3,ood_test,train_cv,100.0,0.8975021502150214,0.00883793830871582,0.936,0.9351513987580821,0.9357026892350226,0.9400749063670412,0.9620702899942385,0.934095690109404,port_protocol_service_ablation,39,36,3,ct_src_dport_ltm|ct_dst_sport_ltm|is_sm_ips_ports,ksf-v4-idsplit::
classical_ext,svc,12,matern15_med_x10__svc__d12,matern15_med_x10,id_val,fixed_c1,1.0,,0.007165193557739258,0.8605577689243028,0.8574469437031389,0.8579513299377476,0.8771929824561403,0.9555852077773542,0.9578741282114033,port_protocol_service_ablation,39,36,3,ct_src_dport_ltm|ct_dst_sport_ltm|is_sm_ips_ports,ksf-v4-idsplit::
classical_ext,svc,12,matern15_med_x10__svc__d12,matern15_med_x10,id_test,fixed_c1,1.0,,0.007165193557739258,0.8594377510040161,0.8567277892561984,0.8573673098639957,0.8745519713261649,0.9356275826446281,0.9262971135507271,port_protocol_service_ablation,39,36,3,ct_src_dport_ltm|ct_dst_sport_ltm|is_sm_ips_ports,ksf-v4-idsplit::
classical_ext,svc,12,matern15_med_x10__svc__d12,matern15_med_x10,ood_test,fixed_c1,1.0,,0.007165193557739258,0.754,0.7539049996799181,0.7539202701675343,0.7583497053045186,0.804445938160169,0.6656177582016594,port_protocol_service_ablation,39,36,3,ct_src_dport_ltm|ct_dst_sport_ltm|is_sm_ips_ports,ksf-v4-idsplit::
classical_ext,svc,12,matern15_med_x10__svc__d12,matern15_med_x10,id_val,train_cv,100.0,0.8839007900790079,0.0070002079010009766,0.8764940239043825,0.8729508196721312,0.8735968289552772,0.8927335640138409,0.8906468420383785,0.8258826386140321,port_protocol_service_ablation,39,36,3,ct_src_dport_ltm|ct_dst_sport_ltm|is_sm_ips_ports,ksf-v4-idsplit::
classical_ext,svc,12,matern15_med_x10__svc__d12,matern15_med_x10,id_test,train_cv,100.0,0.8839007900790079,0.0070002079010009766,0.8755020080321285,0.8721268078512396,0.8728440820360761,0.8912280701754386,0.868801652892562,0.7723763878161098,port_protocol_service_ablation,39,36,3,ct_src_dport_ltm|ct_dst_sport_ltm|is_sm_ips_ports,ksf-v4-idsplit::
classical_ext,svc,12,matern15_med_x10__svc__d12,matern15_med_x10,ood_test,train_cv,100.0,0.8839007900790079,0.0070002079010009766,0.878,0.8760162601626016,0.8756315267963088,0.8927943760984183,0.9243646373471608,0.8603386090593844,port_protocol_service_ablation,39,36,3,ct_src_dport_ltm|ct_dst_sport_ltm|is_sm_ips_ports,ksf-v4-idsplit::
classical_ext,svc,12,matern25_med_x0.1__svc__d12,matern25_med_x0.1,id_val,fixed_c1,1.0,,0.009999752044677734,0.8645418326693227,0.8642140043207522,0.8643674507310871,0.8692307692307693,0.9330918795272588,0.8866033377598543,port_protocol_service_ablation,39,36,3,ct_src_dport_ltm|ct_dst_sport_ltm|is_sm_ips_ports,ksf-v4-idsplit::
classical_ext,svc,12,matern25_med_x0.1__svc__d12,matern25_med_x0.1,id_test,fixed_c1,1.0,,0.009999752044677734,0.8473895582329317,0.8470428719008265,0.8471899224806201,0.8527131782945736,0.9286544421487604,0.8983926795014568,port_protocol_service_ablation,39,36,3,ct_src_dport_ltm|ct_dst_sport_ltm|is_sm_ips_ports,ksf-v4-idsplit::
classical_ext,svc,12,matern25_med_x0.1__svc__d12,matern25_med_x0.1,ood_test,fixed_c1,1.0,,0.009999752044677734,0.876,0.8763523462006273,0.8759920634920635,0.875,0.9447698610844376,0.9096040100301335,port_protocol_service_ablation,39,36,3,ct_src_dport_ltm|ct_dst_sport_ltm|is_sm_ips_ports,ksf-v4-idsplit::
classical_ext,svc,12,matern25_med_x0.1__svc__d12,matern25_med_x0.1,id_val,train_cv,100.0,0.8707901790179019,0.012506723403930664,0.8685258964143426,0.8689795399669589,0.8685175484546883,0.8695652173913043,0.9323293938238658,0.9314163620229928,port_protocol_service_ablation,39,36,3,ct_src_dport_ltm|ct_dst_sport_ltm|is_sm_ips_ports,ksf-v4-idsplit::
classical_ext,svc,12,matern25_med_x0.1__svc__d12,matern25_med_x0.1,id_test,train_cv,100.0,0.8707901790179019,0.012506723403930664,0.8755020080321285,0.8750645661157025,0.8753008836690845,0.8803088803088803,0.9392432851239669,0.9364414829906169,port_protocol_service_ablation,39,36,3,ct_src_dport_ltm|ct_dst_sport_ltm|is_sm_ips_ports,ksf-v4-idsplit::
classical_ext,svc,12,matern25_med_x0.1__svc__d12,matern25_med_x0.1,ood_test,train_cv,100.0,0.8707901790179019,0.012506723403930664,0.854,0.8548268356699316,0.8537888711299116,0.8482328482328483,0.93670379617182,0.9014393644242887,port_protocol_service_ablation,39,36,3,ct_src_dport_ltm|ct_dst_sport_ltm|is_sm_ips_ports,ksf-v4-idsplit::
classical_ext,svc,12,matern25_med_x0.3__svc__d12,matern25_med_x0.3,id_val,fixed_c1,1.0,,0.006048917770385742,0.8804780876494024,0.8786059219722964,0.8794660007683442,0.8905109489051095,0.9549498030245267,0.9189671496601693,port_protocol_service_ablation,39,36,3,ct_src_dport_ltm|ct_dst_sport_ltm|is_sm_ips_ports,ksf-v4-idsplit::
classical_ext,svc,12,matern25_med_x0.3__svc__d12,matern25_med_x0.3,id_test,fixed_c1,1.0,,0.006048917770385742,0.8795180722891566,0.8771629648760331,0.8780846063454759,0.8913043478260869,0.9534478305785123,0.9384411243581547,port_protocol_service_ablation,39,36,3,ct_src_dport_ltm|ct_dst_sport_ltm|is_sm_ips_ports,ksf-v4-idsplit::
classical_ext,svc,12,matern25_med_x0.3__svc__d12,matern25_med_x0.3,ood_test,fixed_c1,1.0,,0.006048917770385742,0.92,0.919403367262019,0.9197830934847828,0.9239543726235742,0.9633346136610972,0.9479373136454642,port_protocol_service_ablation,39,36,3,ct_src_dport_ltm|ct_dst_sport_ltm|is_sm_ips_ports,ksf-v4-idsplit::
classical_ext,svc,12,matern25_med_x0.3__svc__d12,matern25_med_x0.3,id_val,train_cv,10.0,0.8970417041704171,0.0070018768310546875,0.8924302788844621,0.8922353539204473,0.8923208923208923,0.8957528957528957,0.9247045367899351,0.8536964537351753,port_protocol_service_ablation,39,36,3,ct_src_dport_ltm|ct_dst_sport_ltm|is_sm_ips_ports,ksf-v4-idsplit::
classical_ext,svc,12,matern25_med_x0.3__svc__d12,matern25_med_x0.3,id_test,train_cv,10.0,0.8970417041704171,0.0070018768310546875,0.8674698795180723,0.866800103305785,0.8671613560308453,0.8735632183908046,0.9159349173553719,0.8647863298799441,port_protocol_service_ablation,39,36,3,ct_src_dport_ltm|ct_dst_sport_ltm|is_sm_ips_ports,ksf-v4-idsplit::
classical_ext,svc,12,matern25_med_x0.3__svc__d12,matern25_med_x0.3,ood_test,train_cv,10.0,0.8970417041704171,0.0070018768310546875,0.914,0.9136258882273862,0.9138756364189891,0.9171483622350675,0.9562127904743615,0.9419279752697942,port_protocol_service_ablation,39,36,3,ct_src_dport_ltm|ct_dst_sport_ltm|is_sm_ips_ports,ksf-v4-idsplit::
classical_ext,svc,12,matern25_med_x3__svc__d12,matern25_med_x3,id_val,fixed_c1,1.0,,0.007004976272583008,0.8605577689243028,0.8574469437031389,0.8579513299377476,0.8771929824561403,0.8711399161265727,0.8138934343171473,port_protocol_service_ablation,39,36,3,ct_src_dport_ltm|ct_dst_sport_ltm|is_sm_ips_ports,ksf-v4-idsplit::
classical_ext,svc,12,matern25_med_x3__svc__d12,matern25_med_x3,id_test,fixed_c1,1.0,,0.007004976272583008,0.8634538152610441,0.8606340392561984,0.8613040629095675,0.8785714285714286,0.8821668388429752,0.8190483032886003,port_protocol_service_ablation,39,36,3,ct_src_dport_ltm|ct_dst_sport_ltm|is_sm_ips_ports,ksf-v4-idsplit::
classical_ext,svc,12,matern25_med_x3__svc__d12,matern25_med_x3,ood_test,fixed_c1,1.0,,0.007004976272583008,0.822,0.8208981499263812,0.8207950257531642,0.8354898336414048,0.7795275590551181,0.6456169924426666,port_protocol_service_ablation,39,36,3,ct_src_dport_ltm|ct_dst_sport_ltm|is_sm_ips_ports,ksf-v4-idsplit::
classical_ext,svc,12,matern25_med_x3__svc__d12,matern25_med_x3,id_val,train_cv,100.0,0.8938015801580157,0.009997129440307617,0.8764940239043825,0.8729508196721312,0.8735968289552772,0.8927335640138409,0.9586986910662092,0.9457616277161701,port_protocol_service_ablation,39,36,3,ct_src_dport_ltm|ct_dst_sport_ltm|is_sm_ips_ports,ksf-v4-idsplit::
classical_ext,svc,12,matern25_med_x3__svc__d12,matern25_med_x3,id_test,train_cv,100.0,0.8938015801580157,0.009997129440307617,0.8875502008032129,0.8845235020661157,0.8855397951142632,0.900709219858156,0.928073347107438,0.8709537889171877,port_protocol_service_ablation,39,36,3,ct_src_dport_ltm|ct_dst_sport_ltm|is_sm_ips_ports,ksf-v4-idsplit::
classical_ext,svc,12,matern25_med_x3__svc__d12,matern25_med_x3,ood_test,train_cv,100.0,0.8938015801580157,0.009997129440307617,0.924,0.9228922604186671,0.9234599332892892,0.9298892988929889,0.9546603930606234,0.9229916385196774,port_protocol_service_ablation,39,36,3,ct_src_dport_ltm|ct_dst_sport_ltm|is_sm_ips_ports,ksf-v4-idsplit::
classical_ext,svc,12,matern25_med_x10__svc__d12,matern25_med_x10,id_val,fixed_c1,1.0,,0.007999897003173828,0.7330677290836654,0.7274113610369806,0.7190846070324898,0.7817589576547231,0.9419875460668445,0.9546443864224612,port_protocol_service_ablation,39,36,3,ct_src_dport_ltm|ct_dst_sport_ltm|is_sm_ips_ports,ksf-v4-idsplit::
classical_ext,svc,12,matern25_med_x10__svc__d12,matern25_med_x10,id_test,fixed_c1,1.0,,0.007999897003173828,0.7630522088353414,0.7589101239669421,0.7561133522585786,0.7972508591065293,0.9321410123966941,0.9429224146072359,port_protocol_service_ablation,39,36,3,ct_src_dport_ltm|ct_dst_sport_ltm|is_sm_ips_ports,ksf-v4-idsplit::
classical_ext,svc,12,matern25_med_x10__svc__d12,matern25_med_x10,ood_test,fixed_c1,1.0,,0.007999897003173828,0.664,0.6653223225145637,0.6622490993309316,0.6379310344827587,0.7154151462774471,0.6099488299551515,port_protocol_service_ablation,39,36,3,ct_src_dport_ltm|ct_dst_sport_ltm|is_sm_ips_ports,ksf-v4-idsplit::
classical_ext,svc,12,matern25_med_x10__svc__d12,matern25_med_x10,id_val,train_cv,100.0,0.8576385638563856,0.008002519607543945,0.8605577689243028,0.8574469437031389,0.8579513299377476,0.8771929824561403,0.8717117804041175,0.7985225817126045,port_protocol_service_ablation,39,36,3,ct_src_dport_ltm|ct_dst_sport_ltm|is_sm_ips_ports,ksf-v4-idsplit::
classical_ext,svc,12,matern25_med_x10__svc__d12,matern25_med_x10,id_test,train_cv,100.0,0.8576385638563856,0.008002519607543945,0.8634538152610441,0.8606340392561984,0.8613040629095675,0.8785714285714286,0.8789385330578512,0.8014503901359475,port_protocol_service_ablation,39,36,3,ct_src_dport_ltm|ct_dst_sport_ltm|is_sm_ips_ports,ksf-v4-idsplit::
classical_ext,svc,12,matern25_med_x10__svc__d12,matern25_med_x10,ood_test,train_cv,100.0,0.8576385638563856,0.008002519607543945,0.836,0.8346776774854363,0.8344745171500549,0.8503649635036497,0.8096952819921899,0.7024351129747506,port_protocol_service_ablation,39,36,3,ct_src_dport_ltm|ct_dst_sport_ltm|is_sm_ips_ports,ksf-v4-idsplit::
quantum,svc,12,zz_r1_full__as0.5__svc__d12,zz_r1_full__as0.5,id_val,fixed_c1,1.0,,0.012001991271972656,0.8725099601593626,0.8715211589782692,0.8720530138906588,0.8796992481203008,0.9499936459524717,0.9475791879287639,port_protocol_service_ablation,39,36,3,ct_src_dport_ltm|ct_dst_sport_ltm|is_sm_ips_ports,ksf-v4-idsplit::
quantum,svc,12,zz_r1_full__as0.5__svc__d12,zz_r1_full__as0.5,id_test,fixed_c1,1.0,,0.012001991271972656,0.8674698795180723,0.8658961776859504,0.8666093082904498,0.8773234200743495,0.9459581611570248,0.9506244346899957,port_protocol_service_ablation,39,36,3,ct_src_dport_ltm|ct_dst_sport_ltm|is_sm_ips_ports,ksf-v4-idsplit::
quantum,svc,12,zz_r1_full__as0.5__svc__d12,zz_r1_full__as0.5,ood_test,fixed_c1,1.0,,0.012001991271972656,0.918,0.917562896101402,0.917855096390032,0.9213051823416507,0.9433454964470904,0.8979527700628348,port_protocol_service_ablation,39,36,3,ct_src_dport_ltm|ct_dst_sport_ltm|is_sm_ips_ports,ksf-v4-idsplit::
quantum,svc,12,zz_r1_full__as0.5__svc__d12,zz_r1_full__as0.5,id_val,train_cv,1.0,0.8821304130413041,0.01035165786743164,0.8725099601593626,0.8715211589782692,0.8720530138906588,0.8796992481203008,0.9499936459524717,0.9475791879287639,port_protocol_service_ablation,39,36,3,ct_src_dport_ltm|ct_dst_sport_ltm|is_sm_ips_ports,ksf-v4-idsplit::
quantum,svc,12,zz_r1_full__as0.5__svc__d12,zz_r1_full__as0.5,id_test,train_cv,1.0,0.8821304130413041,0.01035165786743164,0.8674698795180723,0.8658961776859504,0.8666093082904498,0.8773234200743495,0.9459581611570248,0.9506244346899957,port_protocol_service_ablation,39,36,3,ct_src_dport_ltm|ct_dst_sport_ltm|is_sm_ips_ports,ksf-v4-idsplit::
quantum,svc,12,zz_r1_full__as0.5__svc__d12,zz_r1_full__as0.5,ood_test,train_cv,1.0,0.8821304130413041,0.01035165786743164,0.918,0.917562896101402,0.917855096390032,0.9213051823416507,0.9433454964470904,0.8979527700628348,port_protocol_service_ablation,39,36,3,ct_src_dport_ltm|ct_dst_sport_ltm|is_sm_ips_ports,ksf-v4-idsplit::
quantum,svc,12,zz_r2_full__as0.5__svc__d12,zz_r2_full__as0.5,id_val,fixed_c1,1.0,,0.014301776885986328,0.8605577689243028,0.8634515186173592,0.8596667784859666,0.8484848484848485,0.948087431693989,0.9549147526391506,port_protocol_service_ablation,39,36,3,ct_src_dport_ltm|ct_dst_sport_ltm|is_sm_ips_ports,ksf-v4-idsplit::
quantum,svc,12,zz_r2_full__as0.5__svc__d12,zz_r2_full__as0.5,id_test,fixed_c1,1.0,,0.014301776885986328,0.8433734939759037,0.8453964359504132,0.8430088753091809,0.8354430379746836,0.9431172520661157,0.9515630033267446,port_protocol_service_ablation,39,36,3,ct_src_dport_ltm|ct_dst_sport_ltm|is_sm_ips_ports,ksf-v4-idsplit::
quantum,svc,12,zz_r2_full__as0.5__svc__d12,zz_r2_full__as0.5,ood_test,fixed_c1,1.0,,0.014301776885986328,0.722,0.7250336086038026,0.712903638894741,0.6618004866180048,0.9339030791882723,0.9047362115853804,port_protocol_service_ablation,39,36,3,ct_src_dport_ltm|ct_dst_sport_ltm|is_sm_ips_ports,ksf-v4-idsplit::
quantum,svc,12,zz_r2_full__as0.5__svc__d12,zz_r2_full__as0.5,id_val,train_cv,10.0,0.8080049004900489,0.011805534362792969,0.8406374501992032,0.8422925403482018,0.8404322949777495,0.8347107438016529,0.9471343245647478,0.952898959435445,port_protocol_service_ablation,39,36,3,ct_src_dport_ltm|ct_dst_sport_ltm|is_sm_ips_ports,ksf-v4-idsplit::
quantum,svc,12,zz_r2_full__as0.5__svc__d12,zz_r2_full__as0.5,id_test,train_cv,10.0,0.8080049004900489,0.011805534362792969,0.8634538152610441,0.8651536673553719,0.8632751937984495,0.8583333333333333,0.9513817148760332,0.9582569834923343,port_protocol_service_ablation,39,36,3,ct_src_dport_ltm|ct_dst_sport_ltm|is_sm_ips_ports,ksf-v4-idsplit::
quantum,svc,12,zz_r2_full__as0.5__svc__d12,zz_r2_full__as0.5,ood_test,train_cv,10.0,0.8080049004900489,0.011805534362792969,0.716,0.7191280967927789,0.7060479597244302,0.6519607843137255,0.9170187568017412,0.8835015371905736,port_protocol_service_ablation,39,36,3,ct_src_dport_ltm|ct_dst_sport_ltm|is_sm_ips_ports,ksf-v4-idsplit::
quantum,svc,12,pauli_xz_r1_full__as0.5__svc__d12,pauli_xz_r1_full__as0.5,id_val,fixed_c1,1.0,,0.008514642715454102,0.8764940239043825,0.8729508196721312,0.8735968289552772,0.8927335640138409,0.9606049053246919,0.9410823624007877,port_protocol_service_ablation,39,36,3,ct_src_dport_ltm|ct_dst_sport_ltm|is_sm_ips_ports,ksf-v4-idsplit::
quantum,svc,12,pauli_xz_r1_full__as0.5__svc__d12,pauli_xz_r1_full__as0.5,id_test,fixed_c1,1.0,,0.008514642715454102,0.8795180722891566,0.8762590392561984,0.8770896406476241,0.8943661971830986,0.9415030991735537,0.9134709065629527,port_protocol_service_ablation,39,36,3,ct_src_dport_ltm|ct_dst_sport_ltm|is_sm_ips_ports,ksf-v4-idsplit::
quantum,svc,12,pauli_xz_r1_full__as0.5__svc__d12,pauli_xz_r1_full__as0.5,ood_test,fixed_c1,1.0,,0.008514642715454102,0.924,0.9228922604186671,0.9234599332892892,0.9298892988929889,0.9523077907944434,0.9228995904546891,port_protocol_service_ablation,39,36,3,ct_src_dport_ltm|ct_dst_sport_ltm|is_sm_ips_ports,ksf-v4-idsplit::
quantum,svc,12,pauli_xz_r1_full__as0.5__svc__d12,pauli_xz_r1_full__as0.5,id_val,train_cv,100.0,0.892101510151015,0.012000799179077148,0.900398406374502,0.8995425085779641,0.90008757264549,0.9056603773584906,0.9635277671876986,0.9555306056412068,port_protocol_service_ablation,39,36,3,ct_src_dport_ltm|ct_dst_sport_ltm|is_sm_ips_ports,ksf-v4-idsplit::
quantum,svc,12,pauli_xz_r1_full__as0.5__svc__d12,pauli_xz_r1_full__as0.5,id_test,train_cv,100.0,0.892101510151015,0.012000799179077148,0.8714859437751004,0.8700284090909092,0.8707332900713822,0.8805970149253731,0.9505423553719008,0.9451313670175037,port_protocol_service_ablation,39,36,3,ct_src_dport_ltm|ct_dst_sport_ltm|is_sm_ips_ports,ksf-v4-idsplit::
quantum,svc,12,pauli_xz_r1_full__as0.5__svc__d12,pauli_xz_r1_full__as0.5,ood_test,train_cv,100.0,0.892101510151015,0.012000799179077148,0.912,0.9117854170667691,0.9119309538678324,0.914396887159533,0.9383682222648998,0.9227447699192012,port_protocol_service_ablation,39,36,3,ct_src_dport_ltm|ct_dst_sport_ltm|is_sm_ips_ports,ksf-v4-idsplit::
quantum,svc,12,zmap_r2__as0.5__svc__d12,zmap_r2__as0.5,id_val,fixed_c1,1.0,,0.010181427001953125,0.8764940239043825,0.8731732113356208,0.873900008103071,0.89198606271777,0.9651798195450503,0.9505083829502934,port_protocol_service_ablation,39,36,3,ct_src_dport_ltm|ct_dst_sport_ltm|is_sm_ips_ports,ksf-v4-idsplit::
quantum,svc,12,zmap_r2__as0.5__svc__d12,zmap_r2__as0.5,id_test,fixed_c1,1.0,,0.010181427001953125,0.8875502008032129,0.8845235020661157,0.8855397951142632,0.900709219858156,0.9381456611570248,0.9014158792927729,port_protocol_service_ablation,39,36,3,ct_src_dport_ltm|ct_dst_sport_ltm|is_sm_ips_ports,ksf-v4-idsplit::
quantum,svc,12,zmap_r2__as0.5__svc__d12,zmap_r2__as0.5,ood_test,fixed_c1,1.0,,0.010181427001953125,0.932,0.9310223417194802,0.9316049501923108,0.9368029739776952,0.9556206388835542,0.9288294733645291,port_protocol_service_ablation,39,36,3,ct_src_dport_ltm|ct_dst_sport_ltm|is_sm_ips_ports,ksf-v4-idsplit::
quantum,svc,12,zmap_r2__as0.5__svc__d12,zmap_r2__as0.5,id_val,train_cv,100.0,0.900081908190819,0.014852523803710938,0.8884462151394422,0.8883593849281992,0.8883593849281992,0.8914728682170543,0.9503113483288854,0.9373908005127025,port_protocol_service_ablation,39,36,3,ct_src_dport_ltm|ct_dst_sport_ltm|is_sm_ips_ports,ksf-v4-idsplit::
quantum,svc,12,zmap_r2__as0.5__svc__d12,zmap_r2__as0.5,id_test,train_cv,100.0,0.900081908190819,0.014852523803710938,0.8514056224899599,0.8507231404958677,0.8510597022164024,0.8582375478927203,0.9289772727272727,0.8889171623117362,port_protocol_service_ablation,39,36,3,ct_src_dport_ltm|ct_dst_sport_ltm|is_sm_ips_ports,ksf-v4-idsplit::
quantum,svc,12,zmap_r2__as0.5__svc__d12,zmap_r2__as0.5,ood_test,train_cv,100.0,0.900081908190819,0.014852523803710938,0.914,0.913753921003777,0.9139225302772496,0.916504854368932,0.9491709877728699,0.9369451048670179,port_protocol_service_ablation,39,36,3,ct_src_dport_ltm|ct_dst_sport_ltm|is_sm_ips_ports,ksf-v4-idsplit::
quantum,svc,12,zz_r1_full__svc__d12,zz_r1_full,id_val,fixed_c1,1.0,,0.01267695426940918,0.8764940239043825,0.8765090862879654,0.8764234098308584,0.8793774319066148,0.9578726648875334,0.9625285332177064,port_protocol_service_ablation,39,36,3,ct_src_dport_ltm|ct_dst_sport_ltm|is_sm_ips_ports,ksf-v4-idsplit::
quantum,svc,12,zz_r1_full__svc__d12,zz_r1_full,id_test,fixed_c1,1.0,,0.01267695426940918,0.8514056224899599,0.8502711776859504,0.8507895376143817,0.8603773584905661,0.950154958677686,0.9553642339011911,port_protocol_service_ablation,39,36,3,ct_src_dport_ltm|ct_dst_sport_ltm|is_sm_ips_ports,ksf-v4-idsplit::
quantum,svc,12,zz_r1_full__svc__d12,zz_r1_full,ood_test,fixed_c1,1.0,,0.01267695426940918,0.86,0.8606043147045643,0.8599193135245902,0.8565573770491803,0.9422092055566225,0.9133038242484275,port_protocol_service_ablation,39,36,3,ct_src_dport_ltm|ct_dst_sport_ltm|is_sm_ips_ports,ksf-v4-idsplit::
quantum,svc,12,zz_r1_full__svc__d12,zz_r1_full,id_val,train_cv,1.0,0.8596584658465847,0.011488914489746094,0.8764940239043825,0.8765090862879654,0.8764234098308584,0.8793774319066148,0.9578726648875334,0.9625285332177064,port_protocol_service_ablation,39,36,3,ct_src_dport_ltm|ct_dst_sport_ltm|is_sm_ips_ports,ksf-v4-idsplit::
quantum,svc,12,zz_r1_full__svc__d12,zz_r1_full,id_test,train_cv,1.0,0.8596584658465847,0.011488914489746094,0.8514056224899599,0.8502711776859504,0.8507895376143817,0.8603773584905661,0.950154958677686,0.9553642339011911,port_protocol_service_ablation,39,36,3,ct_src_dport_ltm|ct_dst_sport_ltm|is_sm_ips_ports,ksf-v4-idsplit::
quantum,svc,12,zz_r1_full__svc__d12,zz_r1_full,ood_test,train_cv,1.0,0.8596584658465847,0.011488914489746094,0.86,0.8606043147045643,0.8599193135245902,0.8565573770491803,0.9422092055566225,0.9133038242484275,port_protocol_service_ablation,39,36,3,ct_src_dport_ltm|ct_dst_sport_ltm|is_sm_ips_ports,ksf-v4-idsplit::
quantum,svc,12,zz_r2_full__svc__d12,zz_r2_full,id_val,fixed_c1,1.0,,0.011512041091918945,0.8286852589641435,0.8324437666793747,0.8265265120465468,0.8071748878923767,0.9489769983479476,0.9545250093867421,port_protocol_service_ablation,39,36,3,ct_src_dport_ltm|ct_dst_sport_ltm|is_sm_ips_ports,ksf-v4-idsplit::
quantum,svc,12,zz_r2_full__svc__d12,zz_r2_full,id_test,fixed_c1,1.0,,0.011512041091918945,0.8192771084337349,0.822862861570248,0.8172849571952711,0.7982062780269058,0.9502195247933884,0.957119924291708,port_protocol_service_ablation,39,36,3,ct_src_dport_ltm|ct_dst_sport_ltm|is_sm_ips_ports,ksf-v4-idsplit::
quantum,svc,12,zz_r2_full__svc__d12,zz_r2_full,ood_test,fixed_c1,1.0,,0.011512041091918945,0.698,0.7016036105242942,0.6835058331342145,0.6157760814249363,0.9381761731003136,0.9237820870463095,port_protocol_service_ablation,39,36,3,ct_src_dport_ltm|ct_dst_sport_ltm|is_sm_ips_ports,ksf-v4-idsplit::
quantum,svc,12,zz_r2_full__svc__d12,zz_r2_full,id_val,train_cv,10.0,0.8007240724072406,0.014513492584228516,0.8366533864541833,0.8404180963273605,0.8345950463699632,0.8161434977578476,0.9470072436141823,0.9504265943418265,port_protocol_service_ablation,39,36,3,ct_src_dport_ltm|ct_dst_sport_ltm|is_sm_ips_ports,ksf-v4-idsplit::
quantum,svc,12,zz_r2_full__svc__d12,zz_r2_full,id_test,train_cv,10.0,0.8007240724072406,0.014513492584228516,0.8393574297188755,0.8430720557851239,0.8374461417939678,0.8198198198198198,0.9542226239669422,0.9617374466979554,port_protocol_service_ablation,39,36,3,ct_src_dport_ltm|ct_dst_sport_ltm|is_sm_ips_ports,ksf-v4-idsplit::
quantum,svc,12,zz_r2_full__svc__d12,zz_r2_full,ood_test,train_cv,10.0,0.8007240724072406,0.014513492584228516,0.686,0.6899206196786377,0.6678106393693057,0.5900783289817232,0.919931502464631,0.9103894910485208,port_protocol_service_ablation,39,36,3,ct_src_dport_ltm|ct_dst_sport_ltm|is_sm_ips_ports,ksf-v4-idsplit::
quantum,svc,12,pauli_xz_r1_full__svc__d12,pauli_xz_r1_full,id_val,fixed_c1,1.0,,0.005970954895019531,0.8804780876494024,0.878828313635786,0.8796355498721227,0.8897058823529411,0.958508069640361,0.923856127888595,port_protocol_service_ablation,39,36,3,ct_src_dport_ltm|ct_dst_sport_ltm|is_sm_ips_ports,ksf-v4-idsplit::
quantum,svc,12,pauli_xz_r1_full__svc__d12,pauli_xz_r1_full,id_test,fixed_c1,1.0,,0.005970954895019531,0.8755020080321285,0.8730307334710744,0.8739075746933042,0.8880866425992779,0.9504777892561983,0.9399854174738645,port_protocol_service_ablation,39,36,3,ct_src_dport_ltm|ct_dst_sport_ltm|is_sm_ips_ports,ksf-v4-idsplit::
quantum,svc,12,pauli_xz_r1_full__svc__d12,pauli_xz_r1_full,ood_test,fixed_c1,1.0,,0.005970954895019531,0.916,0.9154663593880032,0.9158060170633139,0.9198473282442748,0.9605018884834517,0.9456645301838238,port_protocol_service_ablation,39,36,3,ct_src_dport_ltm|ct_dst_sport_ltm|is_sm_ips_ports,ksf-v4-idsplit::
quantum,svc,12,pauli_xz_r1_full__svc__d12,pauli_xz_r1_full,id_val,train_cv,100.0,0.897061706170617,0.01601552963256836,0.8884462151394422,0.8879146016012199,0.8882315521628499,0.8931297709923665,0.9020205871139916,0.8116169468753731,port_protocol_service_ablation,39,36,3,ct_src_dport_ltm|ct_dst_sport_ltm|is_sm_ips_ports,ksf-v4-idsplit::
quantum,svc,12,pauli_xz_r1_full__svc__d12,pauli_xz_r1_full,id_test,train_cv,100.0,0.897061706170617,0.01601552963256836,0.8795180722891566,0.8789708161157025,0.8792824822236587,0.8846153846153846,0.9044421487603307,0.8387282008393936,port_protocol_service_ablation,39,36,3,ct_src_dport_ltm|ct_dst_sport_ltm|is_sm_ips_ports,ksf-v4-idsplit::
quantum,svc,12,pauli_xz_r1_full__svc__d12,pauli_xz_r1_full,ood_test,train_cv,100.0,0.897061706170617,0.01601552963256836,0.918,0.9178189616541834,0.9179445305026197,0.9200779727095516,0.9394244926701234,0.9392163578277785,port_protocol_service_ablation,39,36,3,ct_src_dport_ltm|ct_dst_sport_ltm|is_sm_ips_ports,ksf-v4-idsplit::
quantum,svc,12,zmap_r2__svc__d12,zmap_r2,id_val,fixed_c1,1.0,,0.007017850875854492,0.8804780876494024,0.8790507052992756,0.8797892720306513,0.8888888888888888,0.9497394840513407,0.9116893222930396,port_protocol_service_ablation,39,36,3,ct_src_dport_ltm|ct_dst_sport_ltm|is_sm_ips_ports,ksf-v4-idsplit::
quantum,svc,12,zmap_r2__svc__d12,zmap_r2,id_test,fixed_c1,1.0,,0.007017850875854492,0.8835341365461847,0.8815211776859504,0.8824420024420024,0.8937728937728938,0.943698347107438,0.9006455100026809,port_protocol_service_ablation,39,36,3,ct_src_dport_ltm|ct_dst_sport_ltm|is_sm_ips_ports,ksf-v4-idsplit::
quantum,svc,12,zmap_r2__svc__d12,zmap_r2,ood_test,fixed_c1,1.0,,0.007017850875854492,0.918,0.917562896101402,0.917855096390032,0.9213051823416507,0.966551437167915,0.9582430834286395,port_protocol_service_ablation,39,36,3,ct_src_dport_ltm|ct_dst_sport_ltm|is_sm_ips_ports,ksf-v4-idsplit::
quantum,svc,12,zmap_r2__svc__d12,zmap_r2,id_val,train_cv,10.0,0.898021502150215,0.009000301361083984,0.8645418326693227,0.8644363959842419,0.8644363959842419,0.8682170542635659,0.9191765154403354,0.8734869495063483,port_protocol_service_ablation,39,36,3,ct_src_dport_ltm|ct_dst_sport_ltm|is_sm_ips_ports,ksf-v4-idsplit::
quantum,svc,12,zmap_r2__svc__d12,zmap_r2,id_test,train_cv,10.0,0.898021502150215,0.009000301361083984,0.8714859437751004,0.8711583161157025,0.8713178294573644,0.875968992248062,0.9163868801652892,0.8671517999719328,port_protocol_service_ablation,39,36,3,ct_src_dport_ltm|ct_dst_sport_ltm|is_sm_ips_ports,ksf-v4-idsplit::
quantum,svc,12,zmap_r2__svc__d12,zmap_r2,ood_test,train_cv,10.0,0.898021502150215,0.009000301361083984,0.91,0.9098169131297612,0.9099391188443388,0.9122807017543859,0.9586454132257857,0.9426937532171206,port_protocol_service_ablation,39,36,3,ct_src_dport_ltm|ct_dst_sport_ltm|is_sm_ips_ports,ksf-v4-idsplit::
quantum,svc,12,zz_r1_full__as2__svc__d12,zz_r1_full__as2,id_val,fixed_c1,1.0,,0.012267589569091797,0.8645418326693227,0.8666603126191383,0.8641774891774892,0.8571428571428571,0.9576820434616851,0.9611156588314658,port_protocol_service_ablation,39,36,3,ct_src_dport_ltm|ct_dst_sport_ltm|is_sm_ips_ports,ksf-v4-idsplit::
quantum,svc,12,zz_r1_full__as2__svc__d12,zz_r1_full__as2,id_test,fixed_c1,1.0,,0.012267589569091797,0.8433734939759037,0.8453964359504132,0.8430088753091809,0.8354430379746836,0.953125,0.9575592774769424,port_protocol_service_ablation,39,36,3,ct_src_dport_ltm|ct_dst_sport_ltm|is_sm_ips_ports,ksf-v4-idsplit::
quantum,svc,12,zz_r1_full__as2__svc__d12,zz_r1_full__as2,ood_test,fixed_c1,1.0,,0.012267589569091797,0.716,0.7190640804045836,0.7064902852418355,0.6536585365853659,0.941024902375008,0.9246916703415806,port_protocol_service_ablation,39,36,3,ct_src_dport_ltm|ct_dst_sport_ltm|is_sm_ips_ports,ksf-v4-idsplit::
quantum,svc,12,zz_r1_full__as2__svc__d12,zz_r1_full__as2,id_val,train_cv,1.0,0.81091499149915,0.013549327850341797,0.8645418326693227,0.8666603126191383,0.8641774891774892,0.8571428571428571,0.9576820434616851,0.9611156588314658,port_protocol_service_ablation,39,36,3,ct_src_dport_ltm|ct_dst_sport_ltm|is_sm_ips_ports,ksf-v4-idsplit::
quantum,svc,12,zz_r1_full__as2__svc__d12,zz_r1_full__as2,id_test,train_cv,1.0,0.81091499149915,0.013549327850341797,0.8433734939759037,0.8453964359504132,0.8430088753091809,0.8354430379746836,0.953125,0.9575592774769424,port_protocol_service_ablation,39,36,3,ct_src_dport_ltm|ct_dst_sport_ltm|is_sm_ips_ports,ksf-v4-idsplit::
quantum,svc,12,zz_r1_full__as2__svc__d12,zz_r1_full__as2,ood_test,train_cv,1.0,0.81091499149915,0.013549327850341797,0.716,0.7190640804045836,0.7064902852418355,0.6536585365853659,0.941024902375008,0.9246916703415806,port_protocol_service_ablation,39,36,3,ct_src_dport_ltm|ct_dst_sport_ltm|is_sm_ips_ports,ksf-v4-idsplit::
quantum,svc,12,zz_r2_full__as2__svc__d12,zz_r2_full__as2,id_val,fixed_c1,1.0,,0.011712074279785156,0.8247011952191236,0.829012581014106,0.8216177800749451,0.7981651376146789,0.9414156817892998,0.9481592901077772,port_protocol_service_ablation,39,36,3,ct_src_dport_ltm|ct_dst_sport_ltm|is_sm_ips_ports,ksf-v4-idsplit::
quantum,svc,12,zz_r2_full__as2__svc__d12,zz_r2_full__as2,id_test,fixed_c1,1.0,,0.011712074279785156,0.8313253012048193,0.8352595557851239,0.8290058862001308,0.8090909090909091,0.9317536157024793,0.9436154316985065,port_protocol_service_ablation,39,36,3,ct_src_dport_ltm|ct_dst_sport_ltm|is_sm_ips_ports,ksf-v4-idsplit::
quantum,svc,12,zz_r2_full__as2__svc__d12,zz_r2_full__as2,ood_test,fixed_c1,1.0,,0.011712074279785156,0.7,0.7037641636258882,0.6841520113199919,0.6134020618556701,0.9174348633250111,0.9065013735856245,port_protocol_service_ablation,39,36,3,ct_src_dport_ltm|ct_dst_sport_ltm|is_sm_ips_ports,ksf-v4-idsplit::
quantum,svc,12,zz_r2_full__as2__svc__d12,zz_r2_full__as2,id_val,train_cv,1.0,0.7875933593359337,0.014514684677124023,0.8247011952191236,0.829012581014106,0.8216177800749451,0.7981651376146789,0.9414156817892998,0.9481592901077772,port_protocol_service_ablation,39,36,3,ct_src_dport_ltm|ct_dst_sport_ltm|is_sm_ips_ports,ksf-v4-idsplit::
quantum,svc,12,zz_r2_full__as2__svc__d12,zz_r2_full__as2,id_test,train_cv,1.0,0.7875933593359337,0.014514684677124023,0.8313253012048193,0.8352595557851239,0.8290058862001308,0.8090909090909091,0.9317536157024793,0.9436154316985065,port_protocol_service_ablation,39,36,3,ct_src_dport_ltm|ct_dst_sport_ltm|is_sm_ips_ports,ksf-v4-idsplit::
quantum,svc,12,zz_r2_full__as2__svc__d12,zz_r2_full__as2,ood_test,train_cv,1.0,0.7875933593359337,0.014514684677124023,0.7,0.7037641636258882,0.6841520113199919,0.6134020618556701,0.9174348633250111,0.9065013735856245,port_protocol_service_ablation,39,36,3,ct_src_dport_ltm|ct_dst_sport_ltm|is_sm_ips_ports,ksf-v4-idsplit::
quantum,svc,12,pauli_xz_r1_full__as2__svc__d12,pauli_xz_r1_full__as2,id_val,fixed_c1,1.0,,0.012920141220092773,0.8685258964143426,0.8680899733130003,0.8683168789049459,0.8735632183908046,0.9348074723598933,0.8906328276690526,port_protocol_service_ablation,39,36,3,ct_src_dport_ltm|ct_dst_sport_ltm|is_sm_ips_ports,ksf-v4-idsplit::
quantum,svc,12,pauli_xz_r1_full__as2__svc__d12,pauli_xz_r1_full__as2,id_test,fixed_c1,1.0,,0.012920141220092773,0.8594377510040161,0.8587616219008265,0.8591105291236238,0.8659003831417624,0.9211002066115702,0.8604554136799946,port_protocol_service_ablation,39,36,3,ct_src_dport_ltm|ct_dst_sport_ltm|is_sm_ips_ports,ksf-v4-idsplit::
quantum,svc,12,pauli_xz_r1_full__as2__svc__d12,pauli_xz_r1_full__as2,ood_test,fixed_c1,1.0,,0.012920141220092773,0.918,0.9178189616541834,0.9179445305026197,0.9200779727095516,0.9538761923052301,0.9141731733830042,port_protocol_service_ablation,39,36,3,ct_src_dport_ltm|ct_dst_sport_ltm|is_sm_ips_ports,ksf-v4-idsplit::
quantum,svc,12,pauli_xz_r1_full__as2__svc__d12,pauli_xz_r1_full__as2,id_val,train_cv,1.0,0.8819008900890088,0.010967254638671875,0.8685258964143426,0.8680899733130003,0.8683168789049459,0.8735632183908046,0.9348074723598933,0.8906328276690526,port_protocol_service_ablation,39,36,3,ct_src_dport_ltm|ct_dst_sport_ltm|is_sm_ips_ports,ksf-v4-idsplit::
quantum,svc,12,pauli_xz_r1_full__as2__svc__d12,pauli_xz_r1_full__as2,id_test,train_cv,1.0,0.8819008900890088,0.010967254638671875,0.8594377510040161,0.8587616219008265,0.8591105291236238,0.8659003831417624,0.9211002066115702,0.8604554136799946,port_protocol_service_ablation,39,36,3,ct_src_dport_ltm|ct_dst_sport_ltm|is_sm_ips_ports,ksf-v4-idsplit::
quantum,svc,12,pauli_xz_r1_full__as2__svc__d12,pauli_xz_r1_full__as2,ood_test,train_cv,1.0,0.8819008900890088,0.010967254638671875,0.918,0.9178189616541834,0.9179445305026197,0.9200779727095516,0.9538761923052301,0.9141731733830042,port_protocol_service_ablation,39,36,3,ct_src_dport_ltm|ct_dst_sport_ltm|is_sm_ips_ports,ksf-v4-idsplit::
quantum,svc,12,zmap_r2__as2__svc__d12,zmap_r2__as2,id_val,fixed_c1,1.0,,0.008445024490356445,0.8764940239043825,0.8756195196340069,0.8761085900804076,0.8830188679245283,0.9426864912949549,0.9056188410453017,port_protocol_service_ablation,39,36,3,ct_src_dport_ltm|ct_dst_sport_ltm|is_sm_ips_ports,ksf-v4-idsplit::
quantum,svc,12,zmap_r2__as2__svc__d12,zmap_r2__as2,id_test,fixed_c1,1.0,,0.008445024490356445,0.8594377510040161,0.8583096590909092,0.8588549680136044,0.8679245283018868,0.9375,0.9045887511849298,port_protocol_service_ablation,39,36,3,ct_src_dport_ltm|ct_dst_sport_ltm|is_sm_ips_ports,ksf-v4-idsplit::
quantum,svc,12,zmap_r2__as2__svc__d12,zmap_r2__as2,ood_test,fixed_c1,1.0,,0.008445024490356445,0.908,0.9078484091927533,0.9079469774590163,0.91015625,0.9513635490685615,0.9087118866702236,port_protocol_service_ablation,39,36,3,ct_src_dport_ltm|ct_dst_sport_ltm|is_sm_ips_ports,ksf-v4-idsplit::
quantum,svc,12,zmap_r2__as2__svc__d12,zmap_r2__as2,id_val,train_cv,1.0,0.879060706070607,0.01002812385559082,0.8764940239043825,0.8756195196340069,0.8761085900804076,0.8830188679245283,0.9426864912949549,0.9056188410453017,port_protocol_service_ablation,39,36,3,ct_src_dport_ltm|ct_dst_sport_ltm|is_sm_ips_ports,ksf-v4-idsplit::
quantum,svc,12,zmap_r2__as2__svc__d12,zmap_r2__as2,id_test,train_cv,1.0,0.879060706070607,0.01002812385559082,0.8594377510040161,0.8583096590909092,0.8588549680136044,0.8679245283018868,0.9375,0.9045887511849298,port_protocol_service_ablation,39,36,3,ct_src_dport_ltm|ct_dst_sport_ltm|is_sm_ips_ports,ksf-v4-idsplit::
quantum,svc,12,zmap_r2__as2__svc__d12,zmap_r2__as2,ood_test,train_cv,1.0,0.879060706070607,0.01002812385559082,0.908,0.9078484091927533,0.9079469774590163,0.91015625,0.9513635490685615,0.9087118866702236,port_protocol_service_ablation,39,36,3,ct_src_dport_ltm|ct_dst_sport_ltm|is_sm_ips_ports,ksf-v4-idsplit::
