n_id,n_val,n_test,pos_rate_val,pos_rate_test,overlap,class_balance_gap
1800,901,899,0.5027746947835738,0.5027808676307007,0,6.172847126895142e-06
