n_id,n_val,n_test,pos_rate_val,pos_rate_test,overlap,class_balance_gap
500,251,249,0.5179282868525896,0.5180722891566265,0,0.0001440023040368832
