n_id,n_val,n_test,pos_rate_val,pos_rate_test,overlap,class_balance_gap
1000,501,499,0.4750499001996008,0.4749498997995992,0,0.0001000004000016319
