family,model,dim,cfg,kernel,split,regularization,c_selected,c_cv_score,fit_seconds,accuracy,balanced_accuracy,f1_macro,f1_pos,roc_auc,pr_auc,feature_policy,n_input_features,n_retained_features,n_removed_features,removed_features,id_split_hash_salt
classical_ext,svc,4,linear__svc__d4,linear,id_val,fixed_c1,1.0,,0.008439779281616211,0.8247011952191236,0.8251746031746032,0.8223294723294723,0.8018018018018018,0.7877460317460317,0.7770020590841018,full_v4_features,39,39,0,,ksf-v4-idsplit::
classical_ext,svc,4,linear__svc__d4,linear,id_test,fixed_c1,1.0,,0.008439779281616211,0.7670682730923695,0.7677419354838709,0.760576923076923,0.7211538461538461,0.7550322580645161,0.7713335306891231,full_v4_features,39,39,0,,ksf-v4-idsplit::
classical_ext,svc,4,linear__svc__d4,linear,ood_test,fixed_c1,1.0,,0.008439779281616211,0.81,0.8117003730925045,0.8097252432512548,0.8024948024948025,0.7853837408528286,0.7146347362712372,full_v4_features,39,39,0,,ksf-v4-idsplit::
classical_ext,svc,4,rbf_gscale__svc__d4,rbf_gscale,id_val,fixed_c1,1.0,,0.005878448486328125,0.900398406374502,0.9,0.8993180906538307,0.9097472924187726,0.9496507936507936,0.9094513374759012,full_v4_features,39,39,0,,ksf-v4-idsplit::
classical_ext,svc,4,rbf_gscale__svc__d4,rbf_gscale,id_test,fixed_c1,1.0,,0.005878448486328125,0.8714859437751004,0.871,0.8694626474442988,0.8857142857142857,0.9130322580645162,0.8440286649035302,full_v4_features,39,39,0,,ksf-v4-idsplit::
classical_ext,svc,4,rbf_gscale__svc__d4,rbf_gscale,ood_test,fixed_c1,1.0,,0.005878448486328125,0.756,0.7494195449232198,0.7388877474145606,0.8057324840764332,0.7547997630142032,0.6421389006103342,full_v4_features,39,39,0,,ksf-v4-idsplit::
classical_ext,svc,4,poly2__svc__d4,poly2,id_val,fixed_c1,1.0,,0.006750345230102539,0.896414342629482,0.896,0.8952016957862281,0.9064748201438849,0.8813333333333333,0.7986051050740951,full_v4_features,39,39,0,,ksf-v4-idsplit::
classical_ext,svc,4,poly2__svc__d4,poly2,id_test,fixed_c1,1.0,,0.006750345230102539,0.8594377510040161,0.8589032258064516,0.8567671953324021,0.8763250883392226,0.8945806451612903,0.8203057818136459,full_v4_features,39,39,0,,ksf-v4-idsplit::
classical_ext,svc,4,poly2__svc__d4,poly2,ood_test,fixed_c1,1.0,,0.006750345230102539,0.736,0.728843413235977,0.7142312821489808,0.7931034482758621,0.7269058942210694,0.6195102974643609,full_v4_features,39,39,0,,ksf-v4-idsplit::
classical_ext,svc,4,poly3__svc__d4,poly3,id_val,fixed_c1,1.0,,0.008707046508789062,0.896414342629482,0.896,0.8952016957862281,0.9064748201438849,0.8966349206349206,0.8077696696048252,full_v4_features,39,39,0,,ksf-v4-idsplit::
classical_ext,svc,4,poly3__svc__d4,poly3,id_test,fixed_c1,1.0,,0.008707046508789062,0.8594377510040161,0.8589032258064516,0.8567671953324021,0.8763250883392226,0.9094193548387096,0.8472421404718435,full_v4_features,39,39,0,,ksf-v4-idsplit::
classical_ext,svc,4,poly3__svc__d4,poly3,ood_test,fixed_c1,1.0,,0.008707046508789062,0.736,0.728843413235977,0.7142312821489808,0.7931034482758621,0.7325583257273702,0.6139574751461873,full_v4_features,39,39,0,,ksf-v4-idsplit::
classical_ext,svc,4,laplacian_med__svc__d4,laplacian_med,id_val,fixed_c1,1.0,,0.005006313323974609,0.900398406374502,0.9,0.8993180906538307,0.9097472924187726,0.962031746031746,0.9449934800238069,full_v4_features,39,39,0,,ksf-v4-idsplit::
classical_ext,svc,4,laplacian_med__svc__d4,laplacian_med,id_test,fixed_c1,1.0,,0.005006313323974609,0.8714859437751004,0.871,0.8694626474442988,0.8857142857142857,0.9296774193548387,0.8853356541985675,full_v4_features,39,39,0,,ksf-v4-idsplit::
classical_ext,svc,4,laplacian_med__svc__d4,laplacian_med,ood_test,fixed_c1,1.0,,0.005006313323974609,0.756,0.7494195449232198,0.7388877474145606,0.8057324840764332,0.858657187234792,0.7939959482447302,full_v4_features,39,39,0,,ksf-v4-idsplit::
classical_ext,svc,4,matern15_med__svc__d4,matern15_med,id_val,fixed_c1,1.0,,0.00800013542175293,0.896414342629482,0.896,0.8952016957862281,0.9064748201438849,0.9573333333333333,0.9207464761055655,full_v4_features,39,39,0,,ksf-v4-idsplit::
classical_ext,svc,4,matern15_med__svc__d4,matern15_med,id_test,fixed_c1,1.0,,0.00800013542175293,0.8594377510040161,0.8589032258064516,0.8567671953324021,0.8763250883392226,0.9169032258064517,0.8617421969593525,full_v4_features,39,39,0,,ksf-v4-idsplit::
classical_ext,svc,4,matern15_med__svc__d4,matern15_med,ood_test,fixed_c1,1.0,,0.00800013542175293,0.736,0.728843413235977,0.7142312821489808,0.7931034482758621,0.7456886198779844,0.6544907078258778,full_v4_features,39,39,0,,ksf-v4-idsplit::
classical_ext,svc,4,matern25_med__svc__d4,matern25_med,id_val,fixed_c1,1.0,,0.005000591278076172,0.896414342629482,0.896,0.8952016957862281,0.9064748201438849,0.9419047619047619,0.8880018284161739,full_v4_features,39,39,0,,ksf-v4-idsplit::
classical_ext,svc,4,matern25_med__svc__d4,matern25_med,id_test,fixed_c1,1.0,,0.005000591278076172,0.8594377510040161,0.8589032258064516,0.8567671953324021,0.8763250883392226,0.9085161290322581,0.8560439348136392,full_v4_features,39,39,0,,ksf-v4-idsplit::
classical_ext,svc,4,matern25_med__svc__d4,matern25_med,ood_test,fixed_c1,1.0,,0.005000591278076172,0.736,0.728843413235977,0.7142312821489808,0.7931034482758621,0.733358953419481,0.6345216316272514,full_v4_features,39,39,0,,ksf-v4-idsplit::
classical_ext,svc,4,rbf_gscale_x0.1__svc__d4,rbf_gscale_x0.1,id_val,fixed_c1,1.0,,0.005261421203613281,0.896414342629482,0.896,0.8952016957862281,0.9064748201438849,0.8972063492063492,0.8445430888485091,full_v4_features,39,39,0,,ksf-v4-idsplit::
classical_ext,svc,4,rbf_gscale_x0.1__svc__d4,rbf_gscale_x0.1,id_test,fixed_c1,1.0,,0.005261421203613281,0.8594377510040161,0.8589032258064516,0.8567671953324021,0.8763250883392226,0.8821935483870967,0.8273942763448223,full_v4_features,39,39,0,,ksf-v4-idsplit::
classical_ext,svc,4,rbf_gscale_x0.1__svc__d4,rbf_gscale_x0.1,ood_test,fixed_c1,1.0,,0.005261421203613281,0.736,0.728843413235977,0.7142312821489808,0.7931034482758621,0.7097884741637444,0.6139047174034685,full_v4_features,39,39,0,,ksf-v4-idsplit::
classical_ext,svc,4,rbf_gscale_x0.3__svc__d4,rbf_gscale_x0.3,id_val,fixed_c1,1.0,,0.00568389892578125,0.896414342629482,0.896,0.8952016957862281,0.9064748201438849,0.9206349206349207,0.8551181636207309,full_v4_features,39,39,0,,ksf-v4-idsplit::
classical_ext,svc,4,rbf_gscale_x0.3__svc__d4,rbf_gscale_x0.3,id_test,fixed_c1,1.0,,0.00568389892578125,0.8594377510040161,0.8589032258064516,0.8567671953324021,0.8763250883392226,0.9072903225806451,0.8528862279248391,full_v4_features,39,39,0,,ksf-v4-idsplit::
classical_ext,svc,4,rbf_gscale_x0.3__svc__d4,rbf_gscale_x0.3,ood_test,fixed_c1,1.0,,0.00568389892578125,0.738,0.7309010264047013,0.7167334829672491,0.7943485086342229,0.7485708795695826,0.6426946193340612,full_v4_features,39,39,0,,ksf-v4-idsplit::
classical_ext,svc,4,rbf_gscale_x3__svc__d4,rbf_gscale_x3,id_val,fixed_c1,1.0,,0.00831460952758789,0.900398406374502,0.9,0.8993180906538307,0.9097472924187726,0.9663492063492063,0.9474281853002429,full_v4_features,39,39,0,,ksf-v4-idsplit::
classical_ext,svc,4,rbf_gscale_x3__svc__d4,rbf_gscale_x3,id_test,fixed_c1,1.0,,0.00831460952758789,0.8714859437751004,0.871,0.8694626474442988,0.8857142857142857,0.9307096774193548,0.8872629638339588,full_v4_features,39,39,0,,ksf-v4-idsplit::
classical_ext,svc,4,rbf_gscale_x3__svc__d4,rbf_gscale_x3,ood_test,fixed_c1,1.0,,0.00831460952758789,0.754,0.7473619317544955,0.7364575610968508,0.8044515103338633,0.8347984820098958,0.7419582704362464,full_v4_features,39,39,0,,ksf-v4-idsplit::
classical_ext,svc,4,rbf_gscale_x10__svc__d4,rbf_gscale_x10,id_val,fixed_c1,1.0,,0.006735801696777344,0.9083665338645418,0.9079999999999999,0.9075210252302763,0.9163636363636364,0.9746666666666666,0.9612057710513413,full_v4_features,39,39,0,,ksf-v4-idsplit::
classical_ext,svc,4,rbf_gscale_x10__svc__d4,rbf_gscale_x10,id_test,fixed_c1,1.0,,0.006735801696777344,0.8674698795180723,0.867,0.8655177493003388,0.8817204301075269,0.9473548387096773,0.9402740979555135,full_v4_features,39,39,0,,ksf-v4-idsplit::
classical_ext,svc,4,rbf_gscale_x10__svc__d4,rbf_gscale_x10,ood_test,fixed_c1,1.0,,0.006735801696777344,0.768,0.76165313605867,0.752795962902346,0.8141025641025641,0.8986565467326384,0.8613748430232977,full_v4_features,39,39,0,,ksf-v4-idsplit::
classical_ext,svc,4,laplacian_med_x0.1__svc__d4,laplacian_med_x0.1,id_val,fixed_c1,1.0,,0.009999752044677734,0.900398406374502,0.9002222222222223,0.9001702276596083,0.9049429657794676,0.9702857142857142,0.9659565110736917,full_v4_features,39,39,0,,ksf-v4-idsplit::
classical_ext,svc,4,laplacian_med_x0.1__svc__d4,laplacian_med_x0.1,id_test,fixed_c1,1.0,,0.009999752044677734,0.8755020080321285,0.8751612903225806,0.8745224897182893,0.8856088560885609,0.9498709677419355,0.9456145484571342,full_v4_features,39,39,0,,ksf-v4-idsplit::
classical_ext,svc,4,laplacian_med_x0.1__svc__d4,laplacian_med_x0.1,ood_test,fixed_c1,1.0,,0.009999752044677734,0.814,0.8093145025700148,0.8070339246809834,0.8436974789915966,0.9179516741125043,0.8869200775874339,full_v4_features,39,39,0,,ksf-v4-idsplit::
classical_ext,svc,4,laplacian_med_x0.3__svc__d4,laplacian_med_x0.3,id_val,fixed_c1,1.0,,0.005999326705932617,0.9043824701195219,0.904,0.9034243939976914,0.9130434782608695,0.9739047619047618,0.9693014505381675,full_v4_features,39,39,0,,ksf-v4-idsplit::
classical_ext,svc,4,laplacian_med_x0.3__svc__d4,laplacian_med_x0.3,id_test,fixed_c1,1.0,,0.005999326705932617,0.8755020080321285,0.8750645161290322,0.8739075746933042,0.8880866425992779,0.9438064516129032,0.9277460831814255,full_v4_features,39,39,0,,ksf-v4-idsplit::
classical_ext,svc,4,laplacian_med_x0.3__svc__d4,laplacian_med_x0.3,ood_test,fixed_c1,1.0,,0.005999326705932617,0.756,0.7495316328001153,0.7394543062650561,0.805111821086262,0.9132920209444205,0.8751887512399825,full_v4_features,39,39,0,,ksf-v4-idsplit::
classical_ext,svc,4,laplacian_med_x3__svc__d4,laplacian_med_x3,id_val,fixed_c1,1.0,,0.005000114440917969,0.8924302788844621,0.892,0.8910747866338782,0.9032258064516129,0.9446984126984127,0.9017495602418302,full_v4_features,39,39,0,,ksf-v4-idsplit::
classical_ext,svc,4,laplacian_med_x3__svc__d4,laplacian_med_x3,id_test,fixed_c1,1.0,,0.005000114440917969,0.8594377510040161,0.8589032258064516,0.8567671953324021,0.8763250883392226,0.9090322580645162,0.8557462176095192,full_v4_features,39,39,0,,ksf-v4-idsplit::
classical_ext,svc,4,laplacian_med_x3__svc__d4,laplacian_med_x3,ood_test,fixed_c1,1.0,,0.005000114440917969,0.736,0.728843413235977,0.7142312821489808,0.7931034482758621,0.7892267537749595,0.6901772156692574,full_v4_features,39,39,0,,ksf-v4-idsplit::
classical_ext,svc,4,laplacian_med_x10__svc__d4,laplacian_med_x10,id_val,fixed_c1,1.0,,0.005000591278076172,0.8924302788844621,0.892,0.8910747866338782,0.9032258064516129,0.9335238095238096,0.8776039432129699,full_v4_features,39,39,0,,ksf-v4-idsplit::
classical_ext,svc,4,laplacian_med_x10__svc__d4,laplacian_med_x10,id_test,fixed_c1,1.0,,0.005000591278076172,0.8594377510040161,0.8589032258064516,0.8567671953324021,0.8763250883392226,0.8907741935483872,0.8309166837613368,full_v4_features,39,39,0,,ksf-v4-idsplit::
classical_ext,svc,4,laplacian_med_x10__svc__d4,laplacian_med_x10,ood_test,fixed_c1,1.0,,0.005000591278076172,0.736,0.728843413235977,0.7142312821489808,0.7931034482758621,0.7626779395045715,0.6780760858466898,full_v4_features,39,39,0,,ksf-v4-idsplit::
classical_ext,svc,4,matern15_med_x0.1__svc__d4,matern15_med_x0.1,id_val,fixed_c1,1.0,,0.006047248840332031,0.9083665338645418,0.9082857142857144,0.9083141427777337,0.9105058365758755,0.9735238095238097,0.9679501837989939,full_v4_features,39,39,0,,ksf-v4-idsplit::
classical_ext,svc,4,matern15_med_x0.1__svc__d4,matern15_med_x0.1,id_test,fixed_c1,1.0,,0.006047248840332031,0.8835341365461847,0.8831935483870967,0.8826178129622706,0.8929889298892989,0.9469032258064516,0.9376211589604658,full_v4_features,39,39,0,,ksf-v4-idsplit::
classical_ext,svc,4,matern15_med_x0.1__svc__d4,matern15_med_x0.1,ood_test,fixed_c1,1.0,,0.006047248840332031,0.806,0.8011961377720133,0.7984130744707824,0.8375209380234506,0.9023874717778739,0.8711026400176503,full_v4_features,39,39,0,,ksf-v4-idsplit::
classical_ext,svc,4,matern15_med_x0.3__svc__d4,matern15_med_x0.3,id_val,fixed_c1,1.0,,0.006102323532104492,0.9043824701195219,0.904,0.9034243939976914,0.9130434782608695,0.9753650793650793,0.9677145863612504,full_v4_features,39,39,0,,ksf-v4-idsplit::
classical_ext,svc,4,matern15_med_x0.3__svc__d4,matern15_med_x0.3,id_test,fixed_c1,1.0,,0.006102323532104492,0.8714859437751004,0.871,0.8694626474442988,0.8857142857142857,0.9454838709677419,0.9372558177715988,full_v4_features,39,39,0,,ksf-v4-idsplit::
classical_ext,svc,4,matern15_med_x0.3__svc__d4,matern15_med_x0.3,ood_test,fixed_c1,1.0,,0.006102323532104492,0.756,0.7494195449232198,0.7388877474145606,0.8057324840764332,0.8885045875966758,0.8479715298820996,full_v4_features,39,39,0,,ksf-v4-idsplit::
classical_ext,svc,4,matern15_med_x3__svc__d4,matern15_med_x3,id_val,fixed_c1,1.0,,0.005236625671386719,0.896414342629482,0.896,0.8952016957862281,0.9064748201438849,0.9051428571428571,0.8592800187186174,full_v4_features,39,39,0,,ksf-v4-idsplit::
classical_ext,svc,4,matern15_med_x3__svc__d4,matern15_med_x3,id_test,fixed_c1,1.0,,0.005236625671386719,0.8594377510040161,0.8589032258064516,0.8567671953324021,0.8763250883392226,0.8923870967741935,0.8401192143790296,full_v4_features,39,39,0,,ksf-v4-idsplit::
classical_ext,svc,4,matern15_med_x3__svc__d4,matern15_med_x3,ood_test,fixed_c1,1.0,,0.005236625671386719,0.736,0.728843413235977,0.7142312821489808,0.7931034482758621,0.7400522009255256,0.644423518066698,full_v4_features,39,39,0,,ksf-v4-idsplit::
classical_ext,svc,4,matern15_med_x10__svc__d4,matern15_med_x10,id_val,fixed_c1,1.0,,0.008999824523925781,0.8645418326693227,0.8642222222222222,0.8635869565217391,0.875,0.9193015873015873,0.8749656847114091,full_v4_features,39,39,0,,ksf-v4-idsplit::
classical_ext,svc,4,matern15_med_x10__svc__d4,matern15_med_x10,id_test,fixed_c1,1.0,,0.008999824523925781,0.8232931726907631,0.8229354838709677,0.8217725143154607,0.8382352941176471,0.8968387096774194,0.845310875078797,full_v4_features,39,39,0,,ksf-v4-idsplit::
classical_ext,svc,4,matern15_med_x10__svc__d4,matern15_med_x10,ood_test,fixed_c1,1.0,,0.008999824523925781,0.72,0.7135033866551376,0.7010131383369496,0.7763578274760383,0.7784663175929929,0.6873696981855059,full_v4_features,39,39,0,,ksf-v4-idsplit::
classical_ext,svc,4,matern25_med_x0.1__svc__d4,matern25_med_x0.1,id_val,fixed_c1,1.0,,0.011397123336791992,0.9123505976095617,0.9121904761904762,0.9121819338422392,0.916030534351145,0.9726349206349207,0.9660314571646521,full_v4_features,39,39,0,,ksf-v4-idsplit::
classical_ext,svc,4,matern25_med_x0.1__svc__d4,matern25_med_x0.1,id_test,fixed_c1,1.0,,0.011397123336791992,0.8875502008032129,0.8871935483870967,0.8865825091098387,0.8970588235294118,0.9458709677419355,0.9380004633207892,full_v4_features,39,39,0,,ksf-v4-idsplit::
classical_ext,svc,4,matern25_med_x0.1__svc__d4,matern25_med_x0.1,ood_test,fixed_c1,1.0,,0.011397123336791992,0.806,0.8010840498951177,0.798084088609861,0.8380634390651085,0.9070471249459575,0.8779574054014497,full_v4_features,39,39,0,,ksf-v4-idsplit::
classical_ext,svc,4,matern25_med_x0.3__svc__d4,matern25_med_x0.3,id_val,fixed_c1,1.0,,0.0049953460693359375,0.900398406374502,0.9,0.8993180906538307,0.9097472924187726,0.9743492063492063,0.9642735254229176,full_v4_features,39,39,0,,ksf-v4-idsplit::
classical_ext,svc,4,matern25_med_x0.3__svc__d4,matern25_med_x0.3,id_test,fixed_c1,1.0,,0.0049953460693359375,0.8714859437751004,0.871,0.8694626474442988,0.8857142857142857,0.9414193548387098,0.9296740245327075,full_v4_features,39,39,0,,ksf-v4-idsplit::
classical_ext,svc,4,matern25_med_x0.3__svc__d4,matern25_med_x0.3,ood_test,fixed_c1,1.0,,0.0049953460693359375,0.756,0.7494195449232198,0.7388877474145606,0.8057324840764332,0.879393444460457,0.8313887959546198,full_v4_features,39,39,0,,ksf-v4-idsplit::
classical_ext,svc,4,matern25_med_x3__svc__d4,matern25_med_x3,id_val,fixed_c1,1.0,,0.008025646209716797,0.8804780876494024,0.8801269841269841,0.8794660007683442,0.8905109489051095,0.8824761904761906,0.8031419946051231,full_v4_features,39,39,0,,ksf-v4-idsplit::
classical_ext,svc,4,matern25_med_x3__svc__d4,matern25_med_x3,id_test,fixed_c1,1.0,,0.008025646209716797,0.8514056224899599,0.8509032258064516,0.8489102448464174,0.8683274021352313,0.8627741935483871,0.7911334482105437,full_v4_features,39,39,0,,ksf-v4-idsplit::
classical_ext,svc,4,matern25_med_x3__svc__d4,matern25_med_x3,ood_test,fixed_c1,1.0,,0.008025646209716797,0.73,0.7230068373604907,0.7087692805522597,0.7874015748031497,0.6808057517093402,0.5857409409018393,full_v4_features,39,39,0,,ksf-v4-idsplit::
classical_ext,svc,4,matern25_med_x10__svc__d4,matern25_med_x10,id_val,fixed_c1,1.0,,0.008591175079345703,0.7410358565737052,0.7403809523809524,0.7335761059490178,0.7781569965870307,0.9062222222222223,0.8904132690736336,full_v4_features,39,39,0,,ksf-v4-idsplit::
classical_ext,svc,4,matern25_med_x10__svc__d4,matern25_med_x10,id_test,fixed_c1,1.0,,0.008591175079345703,0.7349397590361446,0.7344516129032258,0.7307667103538663,0.7642857142857142,0.8872903225806452,0.8920636383080132,full_v4_features,39,39,0,,ksf-v4-idsplit::
classical_ext,svc,4,matern25_med_x10__svc__d4,matern25_med_x10,ood_test,fixed_c1,1.0,,0.008591175079345703,0.668,0.6605658836527838,0.6388729354844324,0.7414330218068536,0.8429488719155819,0.7893897019162314,full_v4_features,39,39,0,,ksf-v4-idsplit::
quantum,svc,4,zz_r1_full__as0.5__svc__d4,zz_r1_full__as0.5,id_val,fixed_c1,1.0,,0.009579658508300781,0.9083665338645418,0.9079999999999999,0.9075210252302763,0.9163636363636364,0.976190476190476,0.96602479814503,full_v4_features,39,39,0,,ksf-v4-idsplit::
quantum,svc,4,zz_r1_full__as0.5__svc__d4,zz_r1_full__as0.5,id_test,fixed_c1,1.0,,0.009579658508300781,0.8674698795180723,0.867,0.8655177493003388,0.8817204301075269,0.944258064516129,0.9396490031774538,full_v4_features,39,39,0,,ksf-v4-idsplit::
quantum,svc,4,zz_r1_full__as0.5__svc__d4,zz_r1_full__as0.5,ood_test,fixed_c1,1.0,,0.009579658508300781,0.768,0.76165313605867,0.752795962902346,0.8141025641025641,0.8971994043329972,0.8616353064877482,full_v4_features,39,39,0,,ksf-v4-idsplit::
quantum,svc,4,zz_r2_full__as0.5__svc__d4,zz_r2_full__as0.5,id_val,fixed_c1,1.0,,0.007510185241699219,0.900398406374502,0.9000952380952381,0.8997619846328333,0.9077490774907749,0.9760000000000002,0.9701353058706248,full_v4_features,39,39,0,,ksf-v4-idsplit::
quantum,svc,4,zz_r2_full__as0.5__svc__d4,zz_r2_full__as0.5,id_test,fixed_c1,1.0,,0.007510185241699219,0.8674698795180723,0.8670645161290322,0.8660089686098655,0.88,0.9427741935483871,0.9374626056761383,full_v4_features,39,39,0,,ksf-v4-idsplit::
quantum,svc,4,zz_r2_full__as0.5__svc__d4,zz_r2_full__as0.5,ood_test,fixed_c1,1.0,,0.007510185241699219,0.788,0.7823413556228083,0.7768007546661275,0.826797385620915,0.9094650205761317,0.864223047718395,full_v4_features,39,39,0,,ksf-v4-idsplit::
quantum,svc,4,pauli_xz_r1_full__as0.5__svc__d4,pauli_xz_r1_full__as0.5,id_val,fixed_c1,1.0,,0.006001472473144531,0.896414342629482,0.896,0.8952016957862281,0.9064748201438849,0.9445714285714286,0.8810296992147103,full_v4_features,39,39,0,,ksf-v4-idsplit::
quantum,svc,4,pauli_xz_r1_full__as0.5__svc__d4,pauli_xz_r1_full__as0.5,id_test,fixed_c1,1.0,,0.006001472473144531,0.8594377510040161,0.8589032258064516,0.8567671953324021,0.8763250883392226,0.9139354838709677,0.8517438024280032,full_v4_features,39,39,0,,ksf-v4-idsplit::
quantum,svc,4,pauli_xz_r1_full__as0.5__svc__d4,pauli_xz_r1_full__as0.5,ood_test,fixed_c1,1.0,,0.006001472473144531,0.738,0.7309010264047013,0.7167334829672491,0.7943485086342229,0.7568013322444797,0.639355809048026,full_v4_features,39,39,0,,ksf-v4-idsplit::
quantum,svc,4,zmap_r2__as0.5__svc__d4,zmap_r2__as0.5,id_val,fixed_c1,1.0,,0.006163358688354492,0.900398406374502,0.9,0.8993180906538307,0.9097472924187726,0.9606349206349206,0.9438326708360194,full_v4_features,39,39,0,,ksf-v4-idsplit::
quantum,svc,4,zmap_r2__as0.5__svc__d4,zmap_r2__as0.5,id_test,fixed_c1,1.0,,0.006163358688354492,0.8714859437751004,0.871,0.8694626474442988,0.8857142857142857,0.9145806451612903,0.8463618951224368,full_v4_features,39,39,0,,ksf-v4-idsplit::
quantum,svc,4,zmap_r2__as0.5__svc__d4,zmap_r2__as0.5,ood_test,fixed_c1,1.0,,0.006163358688354492,0.758,0.7514771580919442,0.741310380508913,0.8070175438596491,0.7509727626459144,0.6494428294794833,full_v4_features,39,39,0,,ksf-v4-idsplit::
quantum,svc,4,zz_r1_full__svc__d4,zz_r1_full,id_val,fixed_c1,1.0,,0.01000070571899414,0.9083665338645418,0.9081587301587302,0.9080805668338507,0.9132075471698113,0.9669841269841271,0.9503162958176916,full_v4_features,39,39,0,,ksf-v4-idsplit::
quantum,svc,4,zz_r1_full__svc__d4,zz_r1_full,id_test,fixed_c1,1.0,,0.01000070571899414,0.8634538152610441,0.8630645161290322,0.862063347236705,0.8759124087591241,0.932258064516129,0.9148392137193575,full_v4_features,39,39,0,,ksf-v4-idsplit::
quantum,svc,4,zz_r1_full__svc__d4,zz_r1_full,ood_test,fixed_c1,1.0,,0.01000070571899414,0.786,0.7805079182078749,0.7753224228222023,0.8243021346469622,0.892667851595651,0.8513595577195086,full_v4_features,39,39,0,,ksf-v4-idsplit::
quantum,svc,4,zz_r2_full__svc__d4,zz_r2_full,id_val,fixed_c1,1.0,,0.007658958435058594,0.900398406374502,0.9002857142857144,0.9002971225193448,0.9034749034749034,0.9661587301587302,0.9594511318066685,full_v4_features,39,39,0,,ksf-v4-idsplit::
quantum,svc,4,zz_r2_full__svc__d4,zz_r2_full,id_test,fixed_c1,1.0,,0.007658958435058594,0.8313253012048193,0.8310967741935484,0.8307109557109558,0.8409090909090909,0.9164516129032259,0.8779967335399096,full_v4_features,39,39,0,,ksf-v4-idsplit::
quantum,svc,4,zz_r2_full__svc__d4,zz_r2_full,ood_test,fixed_c1,1.0,,0.007658958435058594,0.8,0.7955837376503179,0.7933030177759405,0.8305084745762712,0.8785127539991353,0.8067048551415301,full_v4_features,39,39,0,,ksf-v4-idsplit::
quantum,svc,4,pauli_xz_r1_full__svc__d4,pauli_xz_r1_full,id_val,fixed_c1,1.0,,0.0056073665618896484,0.9043824701195219,0.904,0.9034243939976914,0.9130434782608695,0.9563174603174603,0.9206846688439352,full_v4_features,39,39,0,,ksf-v4-idsplit::
quantum,svc,4,pauli_xz_r1_full__svc__d4,pauli_xz_r1_full,id_test,fixed_c1,1.0,,0.0056073665618896484,0.8714859437751004,0.871,0.8694626474442988,0.8857142857142857,0.9367096774193548,0.9087221435721772,full_v4_features,39,39,0,,ksf-v4-idsplit::
quantum,svc,4,pauli_xz_r1_full__svc__d4,pauli_xz_r1_full,ood_test,fixed_c1,1.0,,0.0056073665618896484,0.758,0.7514771580919442,0.741310380508913,0.8070175438596491,0.8275127700116891,0.7507575194932983,full_v4_features,39,39,0,,ksf-v4-idsplit::
quantum,svc,4,zmap_r2__svc__d4,zmap_r2,id_val,fixed_c1,1.0,,0.006516456604003906,0.8924302788844621,0.8920317460317461,0.8912635379061371,0.9025270758122743,0.9638095238095238,0.9530577186113288,full_v4_features,39,39,0,,ksf-v4-idsplit::
quantum,svc,4,zmap_r2__svc__d4,zmap_r2,id_test,fixed_c1,1.0,,0.006516456604003906,0.8594377510040161,0.859,0.8576375843311499,0.8736462093862816,0.9014193548387096,0.8332674410829964,full_v4_features,39,39,0,,ksf-v4-idsplit::
quantum,svc,4,zmap_r2__svc__d4,zmap_r2,ood_test,fixed_c1,1.0,,0.006516456604003906,0.764,0.757649997598117,0.7485338243316967,0.8108974358974359,0.803590014571424,0.6937393947373158,full_v4_features,39,39,0,,ksf-v4-idsplit::
quantum,svc,4,zz_r1_full__as2__svc__d4,zz_r1_full__as2,id_val,fixed_c1,1.0,,0.00746607780456543,0.8645418326693227,0.8644444444444443,0.8644363959842419,0.8682170542635659,0.9295873015873016,0.8748049674862892,full_v4_features,39,39,0,,ksf-v4-idsplit::
quantum,svc,4,zz_r1_full__as2__svc__d4,zz_r1_full__as2,id_test,fixed_c1,1.0,,0.00746607780456543,0.8594377510040161,0.8593225806451613,0.8592925069021748,0.8638132295719845,0.9246451612903226,0.8843907595927639,full_v4_features,39,39,0,,ksf-v4-idsplit::
quantum,svc,4,zz_r1_full__as2__svc__d4,zz_r1_full__as2,ood_test,fixed_c1,1.0,,0.00746607780456543,0.816,0.8118204672463212,0.8103905953735305,0.8430034129692833,0.8998735008246466,0.87910135897078,full_v4_features,39,39,0,,ksf-v4-idsplit::
quantum,svc,4,zz_r2_full__as2__svc__d4,zz_r2_full__as2,id_val,fixed_c1,1.0,,0.007503032684326172,0.8764940239043825,0.8765396825396825,0.8764861818816769,0.8755020080321285,0.9332698412698412,0.8905647739515369,full_v4_features,39,39,0,,ksf-v4-idsplit::
quantum,svc,4,zz_r2_full__as2__svc__d4,zz_r2_full__as2,id_test,fixed_c1,1.0,,0.007503032684326172,0.7791164658634538,0.7791935483870968,0.7790594498669032,0.7755102040816326,0.8641935483870968,0.8576032520635473,full_v4_features,39,39,0,,ksf-v4-idsplit::
quantum,svc,4,zz_r2_full__as2__svc__d4,zz_r2_full__as2,ood_test,fixed_c1,1.0,,0.007503032684326172,0.774,0.7715248755023939,0.7712319060633668,0.7963963963963964,0.8486813661910937,0.8172270352934949,full_v4_features,39,39,0,,ksf-v4-idsplit::
quantum,svc,4,pauli_xz_r1_full__as2__svc__d4,pauli_xz_r1_full__as2,id_val,fixed_c1,1.0,,0.005998849868774414,0.8804780876494024,0.880031746031746,0.8788610038610039,0.8928571428571429,0.9201269841269841,0.8578464591001668,full_v4_features,39,39,0,,ksf-v4-idsplit::
quantum,svc,4,pauli_xz_r1_full__as2__svc__d4,pauli_xz_r1_full__as2,id_test,fixed_c1,1.0,,0.005998849868774414,0.8514056224899599,0.8509354838709677,0.8492168704276526,0.8673835125448028,0.9228387096774193,0.9059469440407786,full_v4_features,39,39,0,,ksf-v4-idsplit::
quantum,svc,4,pauli_xz_r1_full__as2__svc__d4,pauli_xz_r1_full__as2,ood_test,fixed_c1,1.0,,0.005998849868774414,0.754,0.7478102832620774,0.7386970542872803,0.8019323671497585,0.8870954828585611,0.8851374532325713,full_v4_features,39,39,0,,ksf-v4-idsplit::
quantum,svc,4,zmap_r2__as2__svc__d4,zmap_r2__as2,id_val,fixed_c1,1.0,,0.007006168365478516,0.8884462151394422,0.888,0.8869369369369369,0.9,0.9393015873015873,0.900503892239268,full_v4_features,39,39,0,,ksf-v4-idsplit::
quantum,svc,4,zmap_r2__as2__svc__d4,zmap_r2__as2,id_test,fixed_c1,1.0,,0.007006168365478516,0.8514056224899599,0.8509032258064516,0.8489102448464174,0.8683274021352313,0.9045161290322581,0.8504619389712631,full_v4_features,39,39,0,,ksf-v4-idsplit::
quantum,svc,4,zmap_r2__as2__svc__d4,zmap_r2__as2,ood_test,fixed_c1,1.0,,0.007006168365478516,0.762,0.7558165601831837,0.7471947110584256,0.8083735909822867,0.8813149509215225,0.8165058670067513,full_v4_features,39,39,0,,ksf-v4-idsplit::
classical_ext,svc,6,linear__svc__d6,linear,id_val,fixed_c1,1.0,,0.00700068473815918,0.852589641434263,0.8524761904761904,0.8524397413286302,0.8571428571428571,0.8998095238095238,0.8488879303444892,full_v4_features,39,39,0,,ksf-v4-idsplit::
classical_ext,svc,6,linear__svc__d6,linear,id_test,fixed_c1,1.0,,0.00700068473815918,0.7871485943775101,0.7870967741935484,0.787093651689925,0.7905138339920948,0.8546451612903225,0.779972575516978,full_v4_features,39,39,0,,ksf-v4-idsplit::
classical_ext,svc,6,linear__svc__d6,linear,ood_test,fixed_c1,1.0,,0.00700068473815918,0.762,0.7581704055979888,0.7559064485824113,0.7944732297063903,0.830667243118605,0.7364108159277635,full_v4_features,39,39,0,,ksf-v4-idsplit::
classical_ext,svc,6,rbf_gscale__svc__d6,rbf_gscale,id_val,fixed_c1,1.0,,0.005998849868774414,0.900398406374502,0.9,0.8993180906538307,0.9097472924187726,0.9761904761904762,0.9694245312689564,full_v4_features,39,39,0,,ksf-v4-idsplit::
classical_ext,svc,6,rbf_gscale__svc__d6,rbf_gscale,id_test,fixed_c1,1.0,,0.005998849868774414,0.8714859437751004,0.871,0.8694626474442988,0.8857142857142857,0.9287096774193548,0.8970697554062338,full_v4_features,39,39,0,,ksf-v4-idsplit::
classical_ext,svc,6,rbf_gscale__svc__d6,rbf_gscale,ood_test,fixed_c1,1.0,,0.005998849868774414,0.756,0.7494195449232198,0.7388877474145606,0.8057324840764332,0.8272245440425294,0.7545232888391237,full_v4_features,39,39,0,,ksf-v4-idsplit::
classical_ext,svc,6,poly2__svc__d6,poly2,id_val,fixed_c1,1.0,,0.007008790969848633,0.896414342629482,0.896,0.8952016957862281,0.9064748201438849,0.9032380952380953,0.8434104698775076,full_v4_features,39,39,0,,ksf-v4-idsplit::
classical_ext,svc,6,poly2__svc__d6,poly2,id_test,fixed_c1,1.0,,0.007008790969848633,0.8594377510040161,0.8589032258064516,0.8567671953324021,0.8763250883392226,0.8749677419354839,0.7939580552194301,full_v4_features,39,39,0,,ksf-v4-idsplit::
classical_ext,svc,6,poly2__svc__d6,poly2,ood_test,fixed_c1,1.0,,0.007008790969848633,0.736,0.728843413235977,0.7142312821489808,0.7931034482758621,0.7285872123745016,0.6300824306242268,full_v4_features,39,39,0,,ksf-v4-idsplit::
classical_ext,svc,6,poly3__svc__d6,poly3,id_val,fixed_c1,1.0,,0.0066640377044677734,0.896414342629482,0.896,0.8952016957862281,0.9064748201438849,0.892,0.814149907469319,full_v4_features,39,39,0,,ksf-v4-idsplit::
classical_ext,svc,6,poly3__svc__d6,poly3,id_test,fixed_c1,1.0,,0.0066640377044677734,0.8594377510040161,0.8589032258064516,0.8567671953324021,0.8763250883392226,0.8990967741935484,0.8454013761752021,full_v4_features,39,39,0,,ksf-v4-idsplit::
classical_ext,svc,6,poly3__svc__d6,poly3,ood_test,fixed_c1,1.0,,0.0066640377044677734,0.738,0.7307889385278058,0.7160556444236363,0.7949921752738655,0.7263294422827496,0.6251634769763785,full_v4_features,39,39,0,,ksf-v4-idsplit::
classical_ext,svc,6,laplacian_med__svc__d6,laplacian_med,id_val,fixed_c1,1.0,,0.005936622619628906,0.900398406374502,0.9,0.8993180906538307,0.9097472924187726,0.9747301587301588,0.9670671838557795,full_v4_features,39,39,0,,ksf-v4-idsplit::
classical_ext,svc,6,laplacian_med__svc__d6,laplacian_med,id_test,fixed_c1,1.0,,0.005936622619628906,0.8714859437751004,0.871,0.8694626474442988,0.8857142857142857,0.9303870967741934,0.8835605693791584,full_v4_features,39,39,0,,ksf-v4-idsplit::
classical_ext,svc,6,laplacian_med__svc__d6,laplacian_med,ood_test,fixed_c1,1.0,,0.005936622619628906,0.756,0.7494195449232198,0.7388877474145606,0.8057324840764332,0.9015067813165522,0.8588815267784896,full_v4_features,39,39,0,,ksf-v4-idsplit::
classical_ext,svc,6,matern15_med__svc__d6,matern15_med,id_val,fixed_c1,1.0,,0.006693363189697266,0.896414342629482,0.896,0.8952016957862281,0.9064748201438849,0.9652698412698413,0.9464557910127119,full_v4_features,39,39,0,,ksf-v4-idsplit::
classical_ext,svc,6,matern15_med__svc__d6,matern15_med,id_test,fixed_c1,1.0,,0.006693363189697266,0.8594377510040161,0.8589032258064516,0.8567671953324021,0.8763250883392226,0.9281290322580645,0.8912198319455651,full_v4_features,39,39,0,,ksf-v4-idsplit::
classical_ext,svc,6,matern15_med__svc__d6,matern15_med,ood_test,fixed_c1,1.0,,0.006693363189697266,0.736,0.728843413235977,0.7142312821489808,0.7931034482758621,0.8089702326624073,0.7232444222726486,full_v4_features,39,39,0,,ksf-v4-idsplit::
classical_ext,svc,6,matern25_med__svc__d6,matern25_med,id_val,fixed_c1,1.0,,0.005998849868774414,0.896414342629482,0.896,0.8952016957862281,0.9064748201438849,0.9488888888888889,0.9107430092654514,full_v4_features,39,39,0,,ksf-v4-idsplit::
classical_ext,svc,6,matern25_med__svc__d6,matern25_med,id_test,fixed_c1,1.0,,0.005998849868774414,0.8594377510040161,0.8589032258064516,0.8567671953324021,0.8763250883392226,0.9141935483870968,0.8738799132136171,full_v4_features,39,39,0,,ksf-v4-idsplit::
classical_ext,svc,6,matern25_med__svc__d6,matern25_med,ood_test,fixed_c1,1.0,,0.005998849868774414,0.736,0.728843413235977,0.7142312821489808,0.7931034482758621,0.7584346127363852,0.6631637201623283,full_v4_features,39,39,0,,ksf-v4-idsplit::
classical_ext,svc,6,rbf_gscale_x0.1__svc__d6,rbf_gscale_x0.1,id_val,fixed_c1,1.0,,0.007004499435424805,0.8924302788844621,0.8920317460317461,0.8912635379061371,0.9025270758122743,0.9037460317460317,0.8534794569264751,full_v4_features,39,39,0,,ksf-v4-idsplit::
classical_ext,svc,6,rbf_gscale_x0.1__svc__d6,rbf_gscale_x0.1,id_test,fixed_c1,1.0,,0.007004499435424805,0.8594377510040161,0.8589032258064516,0.8567671953324021,0.8763250883392226,0.8691612903225807,0.8062626130282313,full_v4_features,39,39,0,,ksf-v4-idsplit::
classical_ext,svc,6,rbf_gscale_x0.1__svc__d6,rbf_gscale_x0.1,ood_test,fixed_c1,1.0,,0.007004499435424805,0.734,0.7268978879441482,0.7124088033178941,0.7912087912087912,0.7066820387183552,0.6126965876559304,full_v4_features,39,39,0,,ksf-v4-idsplit::
classical_ext,svc,6,rbf_gscale_x0.3__svc__d6,rbf_gscale_x0.3,id_val,fixed_c1,1.0,,0.005999326705932617,0.896414342629482,0.896,0.8952016957862281,0.9064748201438849,0.9155555555555556,0.8495011703141417,full_v4_features,39,39,0,,ksf-v4-idsplit::
classical_ext,svc,6,rbf_gscale_x0.3__svc__d6,rbf_gscale_x0.3,id_test,fixed_c1,1.0,,0.005999326705932617,0.8594377510040161,0.8589032258064516,0.8567671953324021,0.8763250883392226,0.8954193548387097,0.84066044744739,full_v4_features,39,39,0,,ksf-v4-idsplit::
classical_ext,svc,6,rbf_gscale_x0.3__svc__d6,rbf_gscale_x0.3,ood_test,fixed_c1,1.0,,0.005999326705932617,0.74,0.7328465516965301,0.7185611112073296,0.7962382445141066,0.7069222270259885,0.612057061337591,full_v4_features,39,39,0,,ksf-v4-idsplit::
classical_ext,svc,6,rbf_gscale_x3__svc__d6,rbf_gscale_x3,id_val,fixed_c1,1.0,,0.0060002803802490234,0.9123505976095617,0.9119999999999999,0.9116084005634524,0.9197080291970803,0.9733333333333333,0.9532204917248197,full_v4_features,39,39,0,,ksf-v4-idsplit::
classical_ext,svc,6,rbf_gscale_x3__svc__d6,rbf_gscale_x3,id_test,fixed_c1,1.0,,0.0060002803802490234,0.8674698795180723,0.867,0.8655177493003388,0.8817204301075269,0.944451612903226,0.9321747982721218,full_v4_features,39,39,0,,ksf-v4-idsplit::
classical_ext,svc,6,rbf_gscale_x3__svc__d6,rbf_gscale_x3,ood_test,fixed_c1,1.0,,0.0060002803802490234,0.76,0.7535347712606684,0.7437255471459568,0.8083067092651757,0.9069830747305888,0.8699881518345592,full_v4_features,39,39,0,,ksf-v4-idsplit::
classical_ext,svc,6,rbf_gscale_x10__svc__d6,rbf_gscale_x10,id_val,fixed_c1,1.0,,0.0069997310638427734,0.9043824701195219,0.9041587301587302,0.9040397604179942,0.9097744360902256,0.9767619047619048,0.9601683121777898,full_v4_features,39,39,0,,ksf-v4-idsplit::
classical_ext,svc,6,rbf_gscale_x10__svc__d6,rbf_gscale_x10,id_test,fixed_c1,1.0,,0.0069997310638427734,0.8755020080321285,0.8751290322580645,0.8743345543345543,0.8864468864468864,0.9343870967741936,0.8965072797634308,full_v4_features,39,39,0,,ksf-v4-idsplit::
classical_ext,svc,6,rbf_gscale_x10__svc__d6,rbf_gscale_x10,ood_test,fixed_c1,1.0,,0.0069997310638427734,0.794,0.7886262830058766,0.7841132504160536,0.8303130148270181,0.9126355062368897,0.8714610256429545,full_v4_features,39,39,0,,ksf-v4-idsplit::
classical_ext,svc,6,laplacian_med_x0.1__svc__d6,laplacian_med_x0.1,id_val,fixed_c1,1.0,,0.009998559951782227,0.9163346613545816,0.9163174603174603,0.9163293490166198,0.9169960474308301,0.9667301587301588,0.9681466647915095,full_v4_features,39,39,0,,ksf-v4-idsplit::
classical_ext,svc,6,laplacian_med_x0.1__svc__d6,laplacian_med_x0.1,id_test,fixed_c1,1.0,,0.009998559951782227,0.8634538152610441,0.8631935483870967,0.8628143634949442,0.8721804511278195,0.9376774193548387,0.9228582254240948,full_v4_features,39,39,0,,ksf-v4-idsplit::
classical_ext,svc,6,laplacian_med_x0.1__svc__d6,laplacian_med_x0.1,ood_test,fixed_c1,1.0,,0.009998559951782227,0.822,0.817769130998703,0.8164426166620605,0.848381601362862,0.9227394277113258,0.8890769779847175,full_v4_features,39,39,0,,ksf-v4-idsplit::
classical_ext,svc,6,laplacian_med_x0.3__svc__d6,laplacian_med_x0.3,id_val,fixed_c1,1.0,,0.006657123565673828,0.9083665338645418,0.9082222222222223,0.9082208549943562,0.9118773946360154,0.9754920634920635,0.9718820599227534,full_v4_features,39,39,0,,ksf-v4-idsplit::
classical_ext,svc,6,laplacian_med_x0.3__svc__d6,laplacian_med_x0.3,id_test,fixed_c1,1.0,,0.006657123565673828,0.8594377510040161,0.8591290322580645,0.8585250239444164,0.8698884758364313,0.9392258064516129,0.9248733973579205,full_v4_features,39,39,0,,ksf-v4-idsplit::
classical_ext,svc,6,laplacian_med_x0.3__svc__d6,laplacian_med_x0.3,ood_test,fixed_c1,1.0,,0.006657123565673828,0.796,0.7909080719283919,0.7871416885089901,0.8305647840531561,0.9212502602039999,0.8894886059154434,full_v4_features,39,39,0,,ksf-v4-idsplit::
classical_ext,svc,6,laplacian_med_x3__svc__d6,laplacian_med_x3,id_val,fixed_c1,1.0,,0.006094932556152344,0.8924302788844621,0.892,0.8910747866338782,0.9032258064516129,0.9532063492063493,0.9134889295835275,full_v4_features,39,39,0,,ksf-v4-idsplit::
classical_ext,svc,6,laplacian_med_x3__svc__d6,laplacian_med_x3,id_test,fixed_c1,1.0,,0.006094932556152344,0.8594377510040161,0.8589032258064516,0.8567671953324021,0.8763250883392226,0.9211612903225807,0.8629847005971567,full_v4_features,39,39,0,,ksf-v4-idsplit::
classical_ext,svc,6,laplacian_med_x3__svc__d6,laplacian_med_x3,ood_test,fixed_c1,1.0,,0.006094932556152344,0.736,0.728843413235977,0.7142312821489808,0.7931034482758621,0.825991577396679,0.7359653183735639,full_v4_features,39,39,0,,ksf-v4-idsplit::
classical_ext,svc,6,laplacian_med_x10__svc__d6,laplacian_med_x10,id_val,fixed_c1,1.0,,0.005799531936645508,0.8924302788844621,0.892,0.8910747866338782,0.9032258064516129,0.9151746031746032,0.8332349209146003,full_v4_features,39,39,0,,ksf-v4-idsplit::
classical_ext,svc,6,laplacian_med_x10__svc__d6,laplacian_med_x10,id_test,fixed_c1,1.0,,0.005799531936645508,0.8594377510040161,0.8589032258064516,0.8567671953324021,0.8763250883392226,0.8993548387096775,0.8422665214659089,full_v4_features,39,39,0,,ksf-v4-idsplit::
classical_ext,svc,6,laplacian_med_x10__svc__d6,laplacian_med_x10,ood_test,fixed_c1,1.0,,0.005799531936645508,0.736,0.728843413235977,0.7142312821489808,0.7931034482758621,0.7726857856559544,0.6701916676880988,full_v4_features,39,39,0,,ksf-v4-idsplit::
classical_ext,svc,6,matern15_med_x0.1__svc__d6,matern15_med_x0.1,id_val,fixed_c1,1.0,,0.007999420166015625,0.9163346613545816,0.9162539682539683,0.9162868260144524,0.9182879377431906,0.9605079365079365,0.9607209261380768,full_v4_features,39,39,0,,ksf-v4-idsplit::
classical_ext,svc,6,matern15_med_x0.1__svc__d6,matern15_med_x0.1,id_test,fixed_c1,1.0,,0.007999420166015625,0.8554216867469879,0.8551935483870967,0.8548951048951049,0.8636363636363636,0.9292903225806451,0.9025708794520425,full_v4_features,39,39,0,,ksf-v4-idsplit::
classical_ext,svc,6,matern15_med_x0.1__svc__d6,matern15_med_x0.1,ood_test,fixed_c1,1.0,,0.007999420166015625,0.82,0.8158236057068742,0.8145125389523669,0.8464163822525598,0.8980000320251077,0.8269090393640187,full_v4_features,39,39,0,,ksf-v4-idsplit::
classical_ext,svc,6,matern15_med_x0.3__svc__d6,matern15_med_x0.3,id_val,fixed_c1,1.0,,0.005311489105224609,0.9163346613545816,0.916031746031746,0.91580006709158,0.922509225092251,0.9779047619047619,0.9669190271409924,full_v4_features,39,39,0,,ksf-v4-idsplit::
classical_ext,svc,6,matern15_med_x0.3__svc__d6,matern15_med_x0.3,id_test,fixed_c1,1.0,,0.005311489105224609,0.8714859437751004,0.8710645161290322,0.8699569134351743,0.8840579710144928,0.9404516129032259,0.9170716782641015,full_v4_features,39,39,0,,ksf-v4-idsplit::
classical_ext,svc,6,matern15_med_x0.3__svc__d6,matern15_med_x0.3,ood_test,fixed_c1,1.0,,0.005311489105224609,0.77,0.7638228371042898,0.755692367829571,0.8148148148148148,0.9036204384237243,0.8581646317508923,full_v4_features,39,39,0,,ksf-v4-idsplit::
classical_ext,svc,6,matern15_med_x3__svc__d6,matern15_med_x3,id_val,fixed_c1,1.0,,0.007006168365478516,0.896414342629482,0.896,0.8952016957862281,0.9064748201438849,0.9007619047619048,0.8556534628064321,full_v4_features,39,39,0,,ksf-v4-idsplit::
classical_ext,svc,6,matern15_med_x3__svc__d6,matern15_med_x3,id_test,fixed_c1,1.0,,0.007006168365478516,0.8594377510040161,0.8589032258064516,0.8567671953324021,0.8763250883392226,0.884774193548387,0.8292452947353419,full_v4_features,39,39,0,,ksf-v4-idsplit::
classical_ext,svc,6,matern15_med_x3__svc__d6,matern15_med_x3,ood_test,fixed_c1,1.0,,0.007006168365478516,0.736,0.728843413235977,0.7142312821489808,0.7931034482758621,0.7364493763110279,0.6444761368517071,full_v4_features,39,39,0,,ksf-v4-idsplit::
classical_ext,svc,6,matern15_med_x10__svc__d6,matern15_med_x10,id_val,fixed_c1,1.0,,0.007997751235961914,0.8446215139442231,0.8444444444444444,0.8442655551489889,0.8517110266159695,0.9313650793650794,0.8978413150628288,full_v4_features,39,39,0,,ksf-v4-idsplit::
classical_ext,svc,6,matern15_med_x10__svc__d6,matern15_med_x10,id_test,fixed_c1,1.0,,0.007997751235961914,0.7991967871485943,0.7989999999999999,0.7986479492819252,0.8091603053435115,0.9021290322580645,0.877694032161449,full_v4_features,39,39,0,,ksf-v4-idsplit::
classical_ext,svc,6,matern15_med_x10__svc__d6,matern15_med_x10,ood_test,fixed_c1,1.0,,0.007997751235961914,0.716,0.7101727754559575,0.7004269970127086,0.7687296416938111,0.8162879697682984,0.7437040808939818,full_v4_features,39,39,0,,ksf-v4-idsplit::
classical_ext,svc,6,matern25_med_x0.1__svc__d6,matern25_med_x0.1,id_val,fixed_c1,1.0,,0.008008241653442383,0.9163346613545816,0.9162539682539683,0.9162868260144524,0.9182879377431906,0.9591746031746032,0.9573002357426954,full_v4_features,39,39,0,,ksf-v4-idsplit::
classical_ext,svc,6,matern25_med_x0.1__svc__d6,matern25_med_x0.1,id_test,fixed_c1,1.0,,0.008008241653442383,0.8473895582329317,0.8471935483870967,0.8469724414542632,0.8549618320610687,0.9252903225806451,0.8871308383145231,full_v4_features,39,39,0,,ksf-v4-idsplit::
classical_ext,svc,6,matern25_med_x0.1__svc__d6,matern25_med_x0.1,ood_test,fixed_c1,1.0,,0.008008241653442383,0.818,0.81376599253815,0.8123177316432304,0.8449744463373083,0.8967510528254151,0.8273069428299997,full_v4_features,39,39,0,,ksf-v4-idsplit::
classical_ext,svc,6,matern25_med_x0.3__svc__d6,matern25_med_x0.3,id_val,fixed_c1,1.0,,0.0059697628021240234,0.9163346613545816,0.916031746031746,0.91580006709158,0.922509225092251,0.9773968253968254,0.9670698991359085,full_v4_features,39,39,0,,ksf-v4-idsplit::
classical_ext,svc,6,matern25_med_x0.3__svc__d6,matern25_med_x0.3,id_test,fixed_c1,1.0,,0.0059697628021240234,0.8634538152610441,0.863,0.8615761935905821,0.8776978417266187,0.9421935483870969,0.9232341098105445,full_v4_features,39,39,0,,ksf-v4-idsplit::
classical_ext,svc,6,matern25_med_x0.3__svc__d6,matern25_med_x0.3,ood_test,fixed_c1,1.0,,0.0059697628021240234,0.766,0.7597076107668412,0.7509271046659656,0.812199036918138,0.9067588989767978,0.8632281451429511,full_v4_features,39,39,0,,ksf-v4-idsplit::
classical_ext,svc,6,matern25_med_x3__svc__d6,matern25_med_x3,id_val,fixed_c1,1.0,,0.005998373031616211,0.8406374501992032,0.8404761904761905,0.8403307888040712,0.8473282442748091,0.9107936507936508,0.8568185938239821,full_v4_features,39,39,0,,ksf-v4-idsplit::
classical_ext,svc,6,matern25_med_x3__svc__d6,matern25_med_x3,id_test,fixed_c1,1.0,,0.005998373031616211,0.7951807228915663,0.7949354838709677,0.7943315248198235,0.8075471698113208,0.8690322580645161,0.794856891350439,full_v4_features,39,39,0,,ksf-v4-idsplit::
classical_ext,svc,6,matern25_med_x3__svc__d6,matern25_med_x3,ood_test,fixed_c1,1.0,,0.005998373031616211,0.7,0.6939360458599542,0.6823056981649978,0.7572815533980582,0.7216858016685082,0.6372441171191555,full_v4_features,39,39,0,,ksf-v4-idsplit::
classical_ext,svc,6,matern25_med_x10__svc__d6,matern25_med_x10,id_val,fixed_c1,1.0,,0.009000062942504883,0.7171314741035857,0.7165079365079365,0.7097604273546033,0.7560137457044673,0.8985396825396825,0.8874108078904553,full_v4_features,39,39,0,,ksf-v4-idsplit::
classical_ext,svc,6,matern25_med_x10__svc__d6,matern25_med_x10,id_test,fixed_c1,1.0,,0.009000062942504883,0.7228915662650602,0.7224838709677419,0.7198369343660824,0.7490909090909091,0.8738709677419354,0.880476879183431,full_v4_features,39,39,0,,ksf-v4-idsplit::
classical_ext,svc,6,matern25_med_x10__svc__d6,matern25_med_x10,ood_test,fixed_c1,1.0,,0.009000062942504883,0.67,0.66307184832909,0.6448726061185222,0.7393364928909952,0.8439576628076412,0.7978692845596286,full_v4_features,39,39,0,,ksf-v4-idsplit::
quantum,svc,6,zz_r1_full__as0.5__svc__d6,zz_r1_full__as0.5,id_val,fixed_c1,1.0,,0.008991003036499023,0.9083665338645418,0.9083174603174603,0.9083432563308724,0.9098039215686274,0.9688253968253968,0.9684461476423295,full_v4_features,39,39,0,,ksf-v4-idsplit::
quantum,svc,6,zz_r1_full__as0.5__svc__d6,zz_r1_full__as0.5,id_test,fixed_c1,1.0,,0.008991003036499023,0.8514056224899599,0.8511935483870967,0.850934390421487,0.8593155893536122,0.9200645161290323,0.8566243656202894,full_v4_features,39,39,0,,ksf-v4-idsplit::
quantum,svc,6,zz_r1_full__as0.5__svc__d6,zz_r1_full__as0.5,ood_test,fixed_c1,1.0,,0.008991003036499023,0.802,0.7975292629421467,0.7952167599568094,0.8324873096446701,0.8943011320875567,0.820415718036547,full_v4_features,39,39,0,,ksf-v4-idsplit::
quantum,svc,6,zz_r2_full__as0.5__svc__d6,zz_r2_full__as0.5,id_val,fixed_c1,1.0,,0.010530710220336914,0.9043824701195219,0.9042857142857144,0.9043080442241708,0.9069767441860465,0.9674285714285714,0.9738102441263595,full_v4_features,39,39,0,,ksf-v4-idsplit::
quantum,svc,6,zz_r2_full__as0.5__svc__d6,zz_r2_full__as0.5,id_test,fixed_c1,1.0,,0.010530710220336914,0.8473895582329317,0.8471935483870967,0.8469724414542632,0.8549618320610687,0.9315483870967742,0.904854809926282,full_v4_features,39,39,0,,ksf-v4-idsplit::
quantum,svc,6,zz_r2_full__as0.5__svc__d6,zz_r2_full__as0.5,ood_test,fixed_c1,1.0,,0.010530710220336914,0.814,0.8098749419544924,0.8084646277417362,0.841025641025641,0.9063265600230581,0.856351805455752,full_v4_features,39,39,0,,ksf-v4-idsplit::
quantum,svc,6,pauli_xz_r1_full__as0.5__svc__d6,pauli_xz_r1_full__as0.5,id_val,fixed_c1,1.0,,0.006831169128417969,0.896414342629482,0.896,0.8952016957862281,0.9064748201438849,0.9603174603174603,0.9443930272290336,full_v4_features,39,39,0,,ksf-v4-idsplit::
quantum,svc,6,pauli_xz_r1_full__as0.5__svc__d6,pauli_xz_r1_full__as0.5,id_test,fixed_c1,1.0,,0.006831169128417969,0.8674698795180723,0.8669677419354839,0.8652442724305887,0.8825622775800712,0.922,0.8827102795004732,full_v4_features,39,39,0,,ksf-v4-idsplit::
quantum,svc,6,pauli_xz_r1_full__as0.5__svc__d6,pauli_xz_r1_full__as0.5,ood_test,fixed_c1,1.0,,0.006831169128417969,0.746,0.7391314790795984,0.7266595210730443,0.7993680884676145,0.7931978671278281,0.6942115894681635,full_v4_features,39,39,0,,ksf-v4-idsplit::
quantum,svc,6,zmap_r2__as0.5__svc__d6,zmap_r2__as0.5,id_val,fixed_c1,1.0,,0.005634307861328125,0.900398406374502,0.9,0.8993180906538307,0.9097472924187726,0.9787936507936508,0.973498869052778,full_v4_features,39,39,0,,ksf-v4-idsplit::
quantum,svc,6,zmap_r2__as0.5__svc__d6,zmap_r2__as0.5,id_test,fixed_c1,1.0,,0.005634307861328125,0.8714859437751004,0.871,0.8694626474442988,0.8857142857142857,0.9401935483870968,0.9248991393008782,full_v4_features,39,39,0,,ksf-v4-idsplit::
quantum,svc,6,zmap_r2__as0.5__svc__d6,zmap_r2__as0.5,ood_test,fixed_c1,1.0,,0.005634307861328125,0.756,0.7494195449232198,0.7388877474145606,0.8057324840764332,0.8895934412579463,0.8600824552403886,full_v4_features,39,39,0,,ksf-v4-idsplit::
quantum,svc,6,zz_r1_full__svc__d6,zz_r1_full,id_val,fixed_c1,1.0,,0.009012699127197266,0.9043824701195219,0.9042539682539683,0.9042593769866497,0.9076923076923077,0.9605714285714286,0.965548189007668,full_v4_features,39,39,0,,ksf-v4-idsplit::
quantum,svc,6,zz_r1_full__svc__d6,zz_r1_full,id_test,fixed_c1,1.0,,0.009012699127197266,0.8393574297188755,0.8391290322580645,0.8387723387723388,0.8484848484848485,0.9249032258064516,0.8925212701957637,full_v4_features,39,39,0,,ksf-v4-idsplit::
quantum,svc,6,zz_r1_full__svc__d6,zz_r1_full,ood_test,fixed_c1,1.0,,0.009012699127197266,0.792,0.7874653728523162,0.7847111817700053,0.8243243243243243,0.8940289186722391,0.8187371585237804,full_v4_features,39,39,0,,ksf-v4-idsplit::
quantum,svc,6,zz_r2_full__svc__d6,zz_r2_full,id_val,fixed_c1,1.0,,0.009631872177124023,0.9083665338645418,0.9084761904761904,0.9083141427777337,0.9061224489795918,0.9535873015873017,0.9620760065951857,full_v4_features,39,39,0,,ksf-v4-idsplit::
quantum,svc,6,zz_r2_full__svc__d6,zz_r2_full,id_test,fixed_c1,1.0,,0.009631872177124023,0.8433734939759037,0.8432580645161291,0.8432116505481376,0.8482490272373541,0.9159354838709678,0.8947815874352268,full_v4_features,39,39,0,,ksf-v4-idsplit::
quantum,svc,6,zz_r2_full__svc__d6,zz_r2_full,ood_test,fixed_c1,1.0,,0.009631872177124023,0.814,0.8109958207234471,0.8108025633201099,0.8353982300884956,0.8936286048261837,0.8283919657322695,full_v4_features,39,39,0,,ksf-v4-idsplit::
quantum,svc,6,pauli_xz_r1_full__svc__d6,pauli_xz_r1_full,id_val,fixed_c1,1.0,,0.006013393402099609,0.9163346613545816,0.9159999999999999,0.9156869331541821,0.9230769230769231,0.971047619047619,0.9432602553392819,full_v4_features,39,39,0,,ksf-v4-idsplit::
quantum,svc,6,pauli_xz_r1_full__svc__d6,pauli_xz_r1_full,id_test,fixed_c1,1.0,,0.006013393402099609,0.8634538152610441,0.863,0.8615761935905821,0.8776978417266187,0.9418064516129032,0.9226160948351159,full_v4_features,39,39,0,,ksf-v4-idsplit::
quantum,svc,6,pauli_xz_r1_full__svc__d6,pauli_xz_r1_full,ood_test,fixed_c1,1.0,,0.006013393402099609,0.76,0.7535347712606684,0.7437255471459568,0.8083067092651757,0.8974395926406302,0.8474167749114104,full_v4_features,39,39,0,,ksf-v4-idsplit::
quantum,svc,6,zmap_r2__svc__d6,zmap_r2,id_val,fixed_c1,1.0,,0.007999420166015625,0.9083665338645418,0.9079999999999999,0.9075210252302763,0.9163636363636364,0.9732063492063492,0.9598146568185657,full_v4_features,39,39,0,,ksf-v4-idsplit::
quantum,svc,6,zmap_r2__svc__d6,zmap_r2,id_test,fixed_c1,1.0,,0.007999420166015625,0.8714859437751004,0.8710645161290322,0.8699569134351743,0.8840579710144928,0.9132258064516129,0.8574690367943294,full_v4_features,39,39,0,,ksf-v4-idsplit::
quantum,svc,6,zmap_r2__svc__d6,zmap_r2,ood_test,fixed_c1,1.0,,0.007999420166015625,0.766,0.7597076107668412,0.7509271046659656,0.812199036918138,0.8538854461898129,0.7669014453642534,full_v4_features,39,39,0,,ksf-v4-idsplit::
quantum,svc,6,zz_r1_full__as2__svc__d6,zz_r1_full__as2,id_val,fixed_c1,1.0,,0.010309457778930664,0.8924302788844621,0.8924126984126984,0.892423448735654,0.8932806324110671,0.963047619047619,0.9540665963286501,full_v4_features,39,39,0,,ksf-v4-idsplit::
quantum,svc,6,zz_r1_full__as2__svc__d6,zz_r1_full__as2,id_test,fixed_c1,1.0,,0.010309457778930664,0.8554216867469879,0.855225806451613,0.8550265234829861,0.8625954198473282,0.920258064516129,0.8889244490650624,full_v4_features,39,39,0,,ksf-v4-idsplit::
quantum,svc,6,zz_r1_full__as2__svc__d6,zz_r1_full__as2,ood_test,fixed_c1,1.0,,0.010309457778930664,0.824,0.8202750956750092,0.8196100296823496,0.8477508650519031,0.9032201245776689,0.858036511344972,full_v4_features,39,39,0,,ksf-v4-idsplit::
quantum,svc,6,zz_r2_full__as2__svc__d6,zz_r2_full__as2,id_val,fixed_c1,1.0,,0.010999202728271484,0.8446215139442231,0.8447301587301588,0.8445326768839831,0.8408163265306122,0.9403174603174602,0.9466429147923694,full_v4_features,39,39,0,,ksf-v4-idsplit::
quantum,svc,6,zz_r2_full__as2__svc__d6,zz_r2_full__as2,id_test,fixed_c1,1.0,,0.010999202728271484,0.7911646586345381,0.7912580645161291,0.7910804182264102,0.7868852459016393,0.8823870967741936,0.8779684389550322,full_v4_features,39,39,0,,ksf-v4-idsplit::
quantum,svc,6,zz_r2_full__as2__svc__d6,zz_r2_full__as2,ood_test,fixed_c1,1.0,,0.010999202728271484,0.814,0.8117804358617156,0.8120445110934159,0.8312159709618875,0.902691710300876,0.8832158069247054,full_v4_features,39,39,0,,ksf-v4-idsplit::
quantum,svc,6,pauli_xz_r1_full__as2__svc__d6,pauli_xz_r1_full__as2,id_val,fixed_c1,1.0,,0.007005214691162109,0.900398406374502,0.9002222222222223,0.9001702276596083,0.9049429657794676,0.9578412698412697,0.9167517839136788,full_v4_features,39,39,0,,ksf-v4-idsplit::
quantum,svc,6,pauli_xz_r1_full__as2__svc__d6,pauli_xz_r1_full__as2,id_test,fixed_c1,1.0,,0.007005214691162109,0.8674698795180723,0.8670645161290322,0.8660089686098655,0.88,0.9241290322580645,0.8968939905477267,full_v4_features,39,39,0,,ksf-v4-idsplit::
quantum,svc,6,pauli_xz_r1_full__as2__svc__d6,pauli_xz_r1_full__as2,ood_test,fixed_c1,1.0,,0.007005214691162109,0.8,0.7950232982658404,0.7916666666666667,0.8333333333333334,0.9058141583001073,0.8703923544006856,full_v4_features,39,39,0,,ksf-v4-idsplit::
quantum,svc,6,zmap_r2__as2__svc__d6,zmap_r2__as2,id_val,fixed_c1,1.0,,0.007117271423339844,0.900398406374502,0.9002539682539683,0.9002400597764741,0.9042145593869731,0.9604444444444444,0.9277811412180736,full_v4_features,39,39,0,,ksf-v4-idsplit::
quantum,svc,6,zmap_r2__as2__svc__d6,zmap_r2__as2,id_test,fixed_c1,1.0,,0.007117271423339844,0.8554216867469879,0.8551935483870967,0.8548951048951049,0.8636363636363636,0.937741935483871,0.9318174601685477,full_v4_features,39,39,0,,ksf-v4-idsplit::
quantum,svc,6,zmap_r2__as2__svc__d6,zmap_r2__as2,ood_test,fixed_c1,1.0,,0.007117271423339844,0.822,0.817993306752494,0.8169560406563257,0.8473413379073756,0.8982882579942676,0.8634020077583395,full_v4_features,39,39,0,,ksf-v4-idsplit::
classical_ext,svc,8,linear__svc__d8,linear,id_val,fixed_c1,1.0,,0.007204532623291016,0.848605577689243,0.8484761904761904,0.848410680228862,0.8538461538461538,0.8978412698412699,0.8365300659704681,full_v4_features,39,39,0,,ksf-v4-idsplit::
classical_ext,svc,8,linear__svc__d8,linear,id_test,fixed_c1,1.0,,0.007204532623291016,0.7871485943775101,0.7871612903225806,0.7871485943775101,0.7871485943775101,0.8543870967741936,0.7780779287602062,full_v4_features,39,39,0,,ksf-v4-idsplit::
classical_ext,svc,8,linear__svc__d8,linear,ood_test,fixed_c1,1.0,,0.007204532623291016,0.754,0.7498278650461963,0.7466790237874574,0.7897435897435897,0.8218603385053882,0.7230340577609756,full_v4_features,39,39,0,,ksf-v4-idsplit::
classical_ext,svc,8,rbf_gscale__svc__d8,rbf_gscale,id_val,fixed_c1,1.0,,0.0065898895263671875,0.896414342629482,0.896,0.8952016957862281,0.9064748201438849,0.9540952380952381,0.9297665359096949,full_v4_features,39,39,0,,ksf-v4-idsplit::
classical_ext,svc,8,rbf_gscale__svc__d8,rbf_gscale,id_test,fixed_c1,1.0,,0.0065898895263671875,0.8594377510040161,0.8589032258064516,0.8567671953324021,0.8763250883392226,0.9220645161290323,0.8921989141802376,full_v4_features,39,39,0,,ksf-v4-idsplit::
classical_ext,svc,8,rbf_gscale__svc__d8,rbf_gscale,ood_test,fixed_c1,1.0,,0.0065898895263671875,0.74,0.7329586395734256,0.7192273135669363,0.7955974842767296,0.8034298890330019,0.7092791545990148,full_v4_features,39,39,0,,ksf-v4-idsplit::
classical_ext,svc,8,poly2__svc__d8,poly2,id_val,fixed_c1,1.0,,0.0070002079010009766,0.8844621513944223,0.884095238095238,0.8833960752903485,0.8945454545454545,0.9086984126984128,0.8521402952679518,full_v4_features,39,39,0,,ksf-v4-idsplit::
classical_ext,svc,8,poly2__svc__d8,poly2,id_test,fixed_c1,1.0,,0.0070002079010009766,0.8393574297188755,0.8389032258064516,0.8371484630477437,0.8561151079136691,0.8729032258064515,0.7921269947222902,full_v4_features,39,39,0,,ksf-v4-idsplit::
classical_ext,svc,8,poly2__svc__d8,poly2,ood_test,fixed_c1,1.0,,0.0070002079010009766,0.732,0.7249523626523194,0.7105881539843804,0.789308176100629,0.7364493763110279,0.6375627983652519,full_v4_features,39,39,0,,ksf-v4-idsplit::
classical_ext,svc,8,poly3__svc__d8,poly3,id_val,fixed_c1,1.0,,0.012714147567749023,0.896414342629482,0.896,0.8952016957862281,0.9064748201438849,0.9005714285714286,0.8366224112165481,full_v4_features,39,39,0,,ksf-v4-idsplit::
classical_ext,svc,8,poly3__svc__d8,poly3,id_test,fixed_c1,1.0,,0.012714147567749023,0.8594377510040161,0.8589032258064516,0.8567671953324021,0.8763250883392226,0.8925806451612903,0.8337941560386648,full_v4_features,39,39,0,,ksf-v4-idsplit::
classical_ext,svc,8,poly3__svc__d8,poly3,ood_test,fixed_c1,1.0,,0.012714147567749023,0.738,0.7307889385278058,0.7160556444236363,0.7949921752738655,0.7477062016621031,0.6417469667275773,full_v4_features,39,39,0,,ksf-v4-idsplit::
classical_ext,svc,8,laplacian_med__svc__d8,laplacian_med,id_val,fixed_c1,1.0,,0.012006998062133789,0.900398406374502,0.9,0.8993180906538307,0.9097472924187726,0.970920634920635,0.9532212531974712,full_v4_features,39,39,0,,ksf-v4-idsplit::
classical_ext,svc,8,laplacian_med__svc__d8,laplacian_med,id_test,fixed_c1,1.0,,0.012006998062133789,0.8714859437751004,0.871,0.8694626474442988,0.8857142857142857,0.9410967741935483,0.9141926393578945,full_v4_features,39,39,0,,ksf-v4-idsplit::
classical_ext,svc,8,laplacian_med__svc__d8,laplacian_med,ood_test,fixed_c1,1.0,,0.012006998062133789,0.756,0.7494195449232198,0.7388877474145606,0.8057324840764332,0.8936766424877103,0.8456067345838562,full_v4_features,39,39,0,,ksf-v4-idsplit::
classical_ext,svc,8,matern15_med__svc__d8,matern15_med,id_val,fixed_c1,1.0,,0.005999326705932617,0.896414342629482,0.896,0.8952016957862281,0.9064748201438849,0.9497777777777778,0.9004974741174101,full_v4_features,39,39,0,,ksf-v4-idsplit::
classical_ext,svc,8,matern15_med__svc__d8,matern15_med,id_test,fixed_c1,1.0,,0.005999326705932617,0.8634538152610441,0.8629354838709677,0.8610126083530338,0.8794326241134752,0.9218709677419354,0.8869368183013122,full_v4_features,39,39,0,,ksf-v4-idsplit::
classical_ext,svc,8,matern15_med__svc__d8,matern15_med,ood_test,fixed_c1,1.0,,0.005999326705932617,0.744,0.7370738659108742,0.7241902397821103,0.7981072555205048,0.7725736977790588,0.6647692247703001,full_v4_features,39,39,0,,ksf-v4-idsplit::
classical_ext,svc,8,matern25_med__svc__d8,matern25_med,id_val,fixed_c1,1.0,,0.00600123405456543,0.896414342629482,0.896,0.8952016957862281,0.9064748201438849,0.9395555555555556,0.88338769240023,full_v4_features,39,39,0,,ksf-v4-idsplit::
classical_ext,svc,8,matern25_med__svc__d8,matern25_med,id_test,fixed_c1,1.0,,0.00600123405456543,0.8594377510040161,0.8589032258064516,0.8567671953324021,0.8763250883392226,0.9147741935483871,0.8782188235541232,full_v4_features,39,39,0,,ksf-v4-idsplit::
classical_ext,svc,8,matern25_med__svc__d8,matern25_med,ood_test,fixed_c1,1.0,,0.00600123405456543,0.736,0.728843413235977,0.7142312821489808,0.7931034482758621,0.7573457590751149,0.6531663252168565,full_v4_features,39,39,0,,ksf-v4-idsplit::
classical_ext,svc,8,rbf_gscale_x0.1__svc__d8,rbf_gscale_x0.1,id_val,fixed_c1,1.0,,0.017033100128173828,0.8446215139442231,0.8445079365079364,0.8444635111301777,0.8494208494208494,0.913968253968254,0.8625143811561689,full_v4_features,39,39,0,,ksf-v4-idsplit::
classical_ext,svc,8,rbf_gscale_x0.1__svc__d8,rbf_gscale_x0.1,id_test,fixed_c1,1.0,,0.017033100128173828,0.7791164658634538,0.7790322580645161,0.7789881384652626,0.7843137254901961,0.8687096774193548,0.796093891783483,full_v4_features,39,39,0,,ksf-v4-idsplit::
classical_ext,svc,8,rbf_gscale_x0.1__svc__d8,rbf_gscale_x0.1,ood_test,fixed_c1,1.0,,0.017033100128173828,0.706,0.7008935005043955,0.6934933006392854,0.7554076539101497,0.7215096635762438,0.6357591315116988,full_v4_features,39,39,0,,ksf-v4-idsplit::
classical_ext,svc,8,rbf_gscale_x0.3__svc__d8,rbf_gscale_x0.3,id_val,fixed_c1,1.0,,0.005830526351928711,0.896414342629482,0.896,0.8952016957862281,0.9064748201438849,0.8956190476190476,0.814923596376345,full_v4_features,39,39,0,,ksf-v4-idsplit::
classical_ext,svc,8,rbf_gscale_x0.3__svc__d8,rbf_gscale_x0.3,id_test,fixed_c1,1.0,,0.005830526351928711,0.8594377510040161,0.8589032258064516,0.8567671953324021,0.8763250883392226,0.8848387096774194,0.8227459132258682,full_v4_features,39,39,0,,ksf-v4-idsplit::
classical_ext,svc,8,rbf_gscale_x0.3__svc__d8,rbf_gscale_x0.3,ood_test,fixed_c1,1.0,,0.005830526351928711,0.738,0.7307889385278058,0.7160556444236363,0.7949921752738655,0.6949128116443292,0.5933286144540362,full_v4_features,39,39,0,,ksf-v4-idsplit::
classical_ext,svc,8,rbf_gscale_x3__svc__d8,rbf_gscale_x3,id_val,fixed_c1,1.0,,0.007224559783935547,0.900398406374502,0.9,0.8993180906538307,0.9097472924187726,0.9718095238095238,0.9538496449834195,full_v4_features,39,39,0,,ksf-v4-idsplit::
classical_ext,svc,8,rbf_gscale_x3__svc__d8,rbf_gscale_x3,id_test,fixed_c1,1.0,,0.007224559783935547,0.8714859437751004,0.871,0.8694626474442988,0.8857142857142857,0.9441935483870968,0.9392221782004171,full_v4_features,39,39,0,,ksf-v4-idsplit::
classical_ext,svc,8,rbf_gscale_x3__svc__d8,rbf_gscale_x3,ood_test,fixed_c1,1.0,,0.007224559783935547,0.76,0.7535347712606684,0.7437255471459568,0.8083067092651757,0.8898496421194216,0.8338198987700726,full_v4_features,39,39,0,,ksf-v4-idsplit::
classical_ext,svc,8,rbf_gscale_x10__svc__d8,rbf_gscale_x10,id_val,fixed_c1,1.0,,0.011512517929077148,0.9043824701195219,0.9041904761904762,0.9041252864782277,0.9090909090909091,0.9607619047619047,0.9056254204428738,full_v4_features,39,39,0,,ksf-v4-idsplit::
classical_ext,svc,8,rbf_gscale_x10__svc__d8,rbf_gscale_x10,id_test,fixed_c1,1.0,,0.011512517929077148,0.8875502008032129,0.8871935483870967,0.8865825091098387,0.8970588235294118,0.9367741935483871,0.8891225570097679,full_v4_features,39,39,0,,ksf-v4-idsplit::
classical_ext,svc,8,rbf_gscale_x10__svc__d8,rbf_gscale_x10,ood_test,fixed_c1,1.0,,0.011512517929077148,0.776,0.7705561159949401,0.7650375939849624,0.8157894736842105,0.8764471345534901,0.7852652400853134,full_v4_features,39,39,0,,ksf-v4-idsplit::
classical_ext,svc,8,laplacian_med_x0.1__svc__d8,laplacian_med_x0.1,id_val,fixed_c1,1.0,,0.011725187301635742,0.9163346613545816,0.9163174603174603,0.9163293490166198,0.9169960474308301,0.9755555555555556,0.9759499765179463,full_v4_features,39,39,0,,ksf-v4-idsplit::
classical_ext,svc,8,laplacian_med_x0.1__svc__d8,laplacian_med_x0.1,id_test,fixed_c1,1.0,,0.011725187301635742,0.8995983935742972,0.8993548387096775,0.8991821200097174,0.9056603773584906,0.9472258064516128,0.9330217467359839,full_v4_features,39,39,0,,ksf-v4-idsplit::
classical_ext,svc,8,laplacian_med_x0.1__svc__d8,laplacian_med_x0.1,ood_test,fixed_c1,1.0,,0.011725187301635742,0.82,0.8157115178299787,0.8142460867842283,0.8469387755102041,0.9151174520824327,0.8776125911987387,full_v4_features,39,39,0,,ksf-v4-idsplit::
classical_ext,svc,8,laplacian_med_x0.3__svc__d8,laplacian_med_x0.3,id_val,fixed_c1,1.0,,0.011298894882202148,0.9203187250996016,0.9201587301587302,0.9201653944020356,0.9236641221374046,0.972952380952381,0.9628226888342901,full_v4_features,39,39,0,,ksf-v4-idsplit::
classical_ext,svc,8,laplacian_med_x0.3__svc__d8,laplacian_med_x0.3,id_test,fixed_c1,1.0,,0.011298894882202148,0.8835341365461847,0.8831935483870967,0.8826178129622706,0.8929889298892989,0.9501935483870968,0.9378927060524278,full_v4_features,39,39,0,,ksf-v4-idsplit::
classical_ext,svc,8,laplacian_med_x0.3__svc__d8,laplacian_med_x0.3,ood_test,fixed_c1,1.0,,0.011298894882202148,0.79,0.784735232422219,0.7803117480908045,0.8264462809917356,0.9045972042080991,0.8530838499393092,full_v4_features,39,39,0,,ksf-v4-idsplit::
classical_ext,svc,8,laplacian_med_x3__svc__d8,laplacian_med_x3,id_val,fixed_c1,1.0,,0.0090179443359375,0.8924302788844621,0.892,0.8910747866338782,0.9032258064516129,0.9385396825396826,0.874843861988577,full_v4_features,39,39,0,,ksf-v4-idsplit::
classical_ext,svc,8,laplacian_med_x3__svc__d8,laplacian_med_x3,id_test,fixed_c1,1.0,,0.0090179443359375,0.8674698795180723,0.8669677419354839,0.8652442724305887,0.8825622775800712,0.9221290322580644,0.8634739854878678,full_v4_features,39,39,0,,ksf-v4-idsplit::
classical_ext,svc,8,laplacian_med_x3__svc__d8,laplacian_med_x3,ood_test,fixed_c1,1.0,,0.0090179443359375,0.744,0.7370738659108742,0.7241902397821103,0.7981072555205048,0.8172967606603577,0.7107971246074609,full_v4_features,39,39,0,,ksf-v4-idsplit::
classical_ext,svc,8,laplacian_med_x10__svc__d8,laplacian_med_x10,id_val,fixed_c1,1.0,,0.00621342658996582,0.8924302788844621,0.892,0.8910747866338782,0.9032258064516129,0.9163809523809524,0.8250413464484745,full_v4_features,39,39,0,,ksf-v4-idsplit::
classical_ext,svc,8,laplacian_med_x10__svc__d8,laplacian_med_x10,id_test,fixed_c1,1.0,,0.00621342658996582,0.8594377510040161,0.8589032258064516,0.8567671953324021,0.8763250883392226,0.9107741935483871,0.8648738571182015,full_v4_features,39,39,0,,ksf-v4-idsplit::
classical_ext,svc,8,laplacian_med_x10__svc__d8,laplacian_med_x10,ood_test,fixed_c1,1.0,,0.00621342658996582,0.736,0.728843413235977,0.7142312821489808,0.7931034482758621,0.768138220364766,0.6557265068057256,full_v4_features,39,39,0,,ksf-v4-idsplit::
classical_ext,svc,8,matern15_med_x0.1__svc__d8,matern15_med_x0.1,id_val,fixed_c1,1.0,,0.008999347686767578,0.9282868525896414,0.9282222222222223,0.9282583841463414,0.9296875,0.9682539682539683,0.9711362919385653,full_v4_features,39,39,0,,ksf-v4-idsplit::
classical_ext,svc,8,matern15_med_x0.1__svc__d8,matern15_med_x0.1,id_test,fixed_c1,1.0,,0.008999347686767578,0.891566265060241,0.8914516129032258,0.8914542196102491,0.8949416342412452,0.9434193548387096,0.9214164029189271,full_v4_features,39,39,0,,ksf-v4-idsplit::
classical_ext,svc,8,matern15_med_x0.1__svc__d8,matern15_med_x0.1,ood_test,fixed_c1,1.0,,0.008999347686767578,0.8,0.7961441770347952,0.7947454844006567,0.8275862068965517,0.8886647131350979,0.8163601685703726,full_v4_features,39,39,0,,ksf-v4-idsplit::
classical_ext,svc,8,matern15_med_x0.3__svc__d8,matern15_med_x0.3,id_val,fixed_c1,1.0,,0.006857872009277344,0.9123505976095617,0.912031746031746,0.91173273657289,0.9191176470588235,0.9661587301587302,0.9319025623618967,full_v4_features,39,39,0,,ksf-v4-idsplit::
classical_ext,svc,8,matern15_med_x0.3__svc__d8,matern15_med_x0.3,id_test,fixed_c1,1.0,,0.006857872009277344,0.8755020080321285,0.8750645161290322,0.8739075746933042,0.8880866425992779,0.9439354838709677,0.9041901697918049,full_v4_features,39,39,0,,ksf-v4-idsplit::
classical_ext,svc,8,matern15_med_x0.3__svc__d8,matern15_med_x0.3,ood_test,fixed_c1,1.0,,0.006857872009277344,0.77,0.7639349249811852,0.7561896039247114,0.81421647819063,0.8770716241533363,0.7888629629002983,full_v4_features,39,39,0,,ksf-v4-idsplit::
classical_ext,svc,8,matern15_med_x3__svc__d8,matern15_med_x3,id_val,fixed_c1,1.0,,0.007043600082397461,0.896414342629482,0.896,0.8952016957862281,0.9064748201438849,0.9094603174603175,0.860284913124109,full_v4_features,39,39,0,,ksf-v4-idsplit::
classical_ext,svc,8,matern15_med_x3__svc__d8,matern15_med_x3,id_test,fixed_c1,1.0,,0.007043600082397461,0.8594377510040161,0.8589032258064516,0.8567671953324021,0.8763250883392226,0.8835483870967742,0.8250581377764055,full_v4_features,39,39,0,,ksf-v4-idsplit::
classical_ext,svc,8,matern15_med_x3__svc__d8,matern15_med_x3,ood_test,fixed_c1,1.0,,0.007043600082397461,0.736,0.728843413235977,0.7142312821489808,0.7931034482758621,0.7436870506477079,0.6539951047982392,full_v4_features,39,39,0,,ksf-v4-idsplit::
classical_ext,svc,8,matern15_med_x10__svc__d8,matern15_med_x10,id_val,fixed_c1,1.0,,0.010000228881835938,0.8406374501992032,0.8404761904761905,0.8403307888040712,0.8473282442748091,0.9302857142857143,0.8999152503467815,full_v4_features,39,39,0,,ksf-v4-idsplit::
classical_ext,svc,8,matern15_med_x10__svc__d8,matern15_med_x10,id_test,fixed_c1,1.0,,0.010000228881835938,0.8032128514056225,0.8030322580645162,0.8027547407730733,0.8122605363984674,0.9065161290322581,0.8916087186033346,full_v4_features,39,39,0,,ksf-v4-idsplit::
classical_ext,svc,8,matern15_med_x10__svc__d8,matern15_med_x10,ood_test,fixed_c1,1.0,,0.010000228881835938,0.718,0.7123424765015772,0.7033814514534309,0.7692307692307693,0.849065667483307,0.7841583600593609,full_v4_features,39,39,0,,ksf-v4-idsplit::
classical_ext,svc,8,matern25_med_x0.1__svc__d8,matern25_med_x0.1,id_val,fixed_c1,1.0,,0.014004945755004883,0.9282868525896414,0.9282222222222223,0.9282583841463414,0.9296875,0.9676825396825397,0.9705164849400463,full_v4_features,39,39,0,,ksf-v4-idsplit::
classical_ext,svc,8,matern25_med_x0.1__svc__d8,matern25_med_x0.1,id_test,fixed_c1,1.0,,0.014004945755004883,0.8714859437751004,0.8714516129032258,0.8714672861014324,0.873015873015873,0.9416774193548387,0.9132683708966067,full_v4_features,39,39,0,,ksf-v4-idsplit::
classical_ext,svc,8,matern25_med_x0.1__svc__d8,matern25_med_x0.1,ood_test,fixed_c1,1.0,,0.014004945755004883,0.798,0.7941986517429664,0.7928281622422146,0.8255613126079447,0.8826119677827418,0.8061274666350657,full_v4_features,39,39,0,,ksf-v4-idsplit::
classical_ext,svc,8,matern25_med_x0.3__svc__d8,matern25_med_x0.3,id_val,fixed_c1,1.0,,0.007661104202270508,0.9123505976095617,0.9119999999999999,0.9116084005634524,0.9197080291970803,0.9633650793650794,0.9177137342670518,full_v4_features,39,39,0,,ksf-v4-idsplit::
classical_ext,svc,8,matern25_med_x0.3__svc__d8,matern25_med_x0.3,id_test,fixed_c1,1.0,,0.007661104202270508,0.8755020080321285,0.8750645161290322,0.8739075746933042,0.8880866425992779,0.9445806451612903,0.9116430623124244,full_v4_features,39,39,0,,ksf-v4-idsplit::
classical_ext,svc,8,matern25_med_x0.3__svc__d8,matern25_med_x0.3,ood_test,fixed_c1,1.0,,0.007661104202270508,0.768,0.7617652239355654,0.7533132581364093,0.8135048231511254,0.8771516869225473,0.7886485235146014,full_v4_features,39,39,0,,ksf-v4-idsplit::
classical_ext,svc,8,matern25_med_x3__svc__d8,matern25_med_x3,id_val,fixed_c1,1.0,,0.01307821273803711,0.848605577689243,0.8484761904761904,0.848410680228862,0.8538461538461538,0.9137777777777778,0.8616834866322993,full_v4_features,39,39,0,,ksf-v4-idsplit::
classical_ext,svc,8,matern25_med_x3__svc__d8,matern25_med_x3,id_test,fixed_c1,1.0,,0.01307821273803711,0.7831325301204819,0.7830322580645162,0.7829610020661157,0.7890625,0.8677419354838709,0.7927037552052711,full_v4_features,39,39,0,,ksf-v4-idsplit::
classical_ext,svc,8,matern25_med_x3__svc__d8,matern25_med_x3,ood_test,fixed_c1,1.0,,0.01307821273803711,0.706,0.7008935005043955,0.6934933006392854,0.7554076539101497,0.7235432579142048,0.6396676846676094,full_v4_features,39,39,0,,ksf-v4-idsplit::
classical_ext,svc,8,matern25_med_x10__svc__d8,matern25_med_x10,id_val,fixed_c1,1.0,,0.008543729782104492,0.7211155378486056,0.7205079365079365,0.7142160052049447,0.7586206896551724,0.901904761904762,0.8967108098660983,full_v4_features,39,39,0,,ksf-v4-idsplit::
classical_ext,svc,8,matern25_med_x10__svc__d8,matern25_med_x10,id_test,fixed_c1,1.0,,0.008543729782104492,0.7228915662650602,0.722516129032258,0.7202930402930403,0.7472527472527473,0.8865806451612903,0.891758997113123,full_v4_features,39,39,0,,ksf-v4-idsplit::
classical_ext,svc,8,matern25_med_x10__svc__d8,matern25_med_x10,ood_test,fixed_c1,1.0,,0.008543729782104492,0.684,0.6778114041408464,0.6646859083191851,0.7451612903225806,0.8469039727146084,0.7967275607344069,full_v4_features,39,39,0,,ksf-v4-idsplit::
quantum,svc,8,zz_r1_full__as0.5__svc__d8,zz_r1_full__as0.5,id_val,fixed_c1,1.0,,0.010293722152709961,0.9163346613545816,0.9162222222222223,0.9162495829162496,0.918918918918919,0.9640634920634921,0.9356256778639708,full_v4_features,39,39,0,,ksf-v4-idsplit::
quantum,svc,8,zz_r1_full__as0.5__svc__d8,zz_r1_full__as0.5,id_test,fixed_c1,1.0,,0.010293722152709961,0.8755020080321285,0.8753548387096775,0.8753008836690845,0.8803088803088803,0.944258064516129,0.9320478359049096,full_v4_features,39,39,0,,ksf-v4-idsplit::
quantum,svc,8,zz_r1_full__as0.5__svc__d8,zz_r1_full__as0.5,ood_test,fixed_c1,1.0,,0.010293722152709961,0.79,0.7856319354373829,0.7831286480859554,0.8217317487266553,0.879761733198828,0.8184000791789557,full_v4_features,39,39,0,,ksf-v4-idsplit::
quantum,svc,8,zz_r2_full__as0.5__svc__d8,zz_r2_full__as0.5,id_val,fixed_c1,1.0,,0.009996891021728516,0.896414342629482,0.8965396825396825,0.896333714576185,0.8934426229508197,0.9619682539682539,0.9659424445858408,full_v4_features,39,39,0,,ksf-v4-idsplit::
quantum,svc,8,zz_r2_full__as0.5__svc__d8,zz_r2_full__as0.5,id_test,fixed_c1,1.0,,0.009996891021728516,0.8433734939759037,0.8434516129032258,0.8433330644510768,0.8408163265306122,0.9365161290322581,0.9130973047398906,full_v4_features,39,39,0,,ksf-v4-idsplit::
quantum,svc,8,zz_r2_full__as0.5__svc__d8,zz_r2_full__as0.5,ood_test,fixed_c1,1.0,,0.009996891021728516,0.8,0.7983859345727049,0.7987117552334944,0.8148148148148148,0.8864549807048726,0.8345327192805851,full_v4_features,39,39,0,,ksf-v4-idsplit::
quantum,svc,8,pauli_xz_r1_full__as0.5__svc__d8,pauli_xz_r1_full__as0.5,id_val,fixed_c1,1.0,,0.005999565124511719,0.900398406374502,0.9,0.8993180906538307,0.9097472924187726,0.9576507936507936,0.9406152027175391,full_v4_features,39,39,0,,ksf-v4-idsplit::
quantum,svc,8,pauli_xz_r1_full__as0.5__svc__d8,pauli_xz_r1_full__as0.5,id_test,fixed_c1,1.0,,0.005999565124511719,0.8714859437751004,0.871,0.8694626474442988,0.8857142857142857,0.9247096774193547,0.8927273041304763,full_v4_features,39,39,0,,ksf-v4-idsplit::
quantum,svc,8,pauli_xz_r1_full__as0.5__svc__d8,pauli_xz_r1_full__as0.5,ood_test,fixed_c1,1.0,,0.005999565124511719,0.758,0.7514771580919442,0.741310380508913,0.8070175438596491,0.8140942498919153,0.7165107306330128,full_v4_features,39,39,0,,ksf-v4-idsplit::
quantum,svc,8,zmap_r2__as0.5__svc__d8,zmap_r2__as0.5,id_val,fixed_c1,1.0,,0.006657123565673828,0.900398406374502,0.9,0.8993180906538307,0.9097472924187726,0.976,0.9663160041097504,full_v4_features,39,39,0,,ksf-v4-idsplit::
quantum,svc,8,zmap_r2__as0.5__svc__d8,zmap_r2__as0.5,id_test,fixed_c1,1.0,,0.006657123565673828,0.8714859437751004,0.871,0.8694626474442988,0.8857142857142857,0.9414193548387096,0.9307486719521595,full_v4_features,39,39,0,,ksf-v4-idsplit::
quantum,svc,8,zmap_r2__as0.5__svc__d8,zmap_r2__as0.5,ood_test,fixed_c1,1.0,,0.006657123565673828,0.758,0.7514771580919442,0.741310380508913,0.8070175438596491,0.893420441626235,0.8516116468227737,full_v4_features,39,39,0,,ksf-v4-idsplit::
quantum,svc,8,zz_r1_full__svc__d8,zz_r1_full,id_val,fixed_c1,1.0,,0.014438152313232422,0.900398406374502,0.9003809523809524,0.9003920821626427,0.9011857707509882,0.9663492063492064,0.9689340489328321,full_v4_features,39,39,0,,ksf-v4-idsplit::
quantum,svc,8,zz_r1_full__svc__d8,zz_r1_full,id_test,fixed_c1,1.0,,0.014438152313232422,0.8755020080321285,0.8753870967741936,0.875373363256212,0.8793774319066148,0.9418709677419355,0.9284136294221199,full_v4_features,39,39,0,,ksf-v4-idsplit::
quantum,svc,8,zz_r1_full__svc__d8,zz_r1_full,ood_test,fixed_c1,1.0,,0.014438152313232422,0.762,0.7581704055979888,0.7559064485824113,0.7944732297063903,0.8847416374437559,0.8385434635218285,full_v4_features,39,39,0,,ksf-v4-idsplit::
quantum,svc,8,zz_r2_full__svc__d8,zz_r2_full,id_val,fixed_c1,1.0,,0.016005277633666992,0.8605577689243028,0.8609523809523809,0.8592711253504205,0.8458149779735683,0.9621587301587302,0.9666523732711323,full_v4_features,39,39,0,,ksf-v4-idsplit::
quantum,svc,8,zz_r2_full__svc__d8,zz_r2_full,id_test,fixed_c1,1.0,,0.016005277633666992,0.8192771084337349,0.8196774193548386,0.8175824175824176,0.8,0.9201935483870968,0.8942981453060027,full_v4_features,39,39,0,,ksf-v4-idsplit::
quantum,svc,8,zz_r2_full__svc__d8,zz_r2_full,ood_test,fixed_c1,1.0,,0.016005277633666992,0.8,0.8006276921106148,0.8,0.8,0.8888568637812045,0.8656311127726153,full_v4_features,39,39,0,,ksf-v4-idsplit::
quantum,svc,8,pauli_xz_r1_full__svc__d8,pauli_xz_r1_full,id_val,fixed_c1,1.0,,0.008022546768188477,0.9123505976095617,0.9119999999999999,0.9116084005634524,0.9197080291970803,0.9658412698412698,0.9250100255790914,full_v4_features,39,39,0,,ksf-v4-idsplit::
quantum,svc,8,pauli_xz_r1_full__svc__d8,pauli_xz_r1_full,id_test,fixed_c1,1.0,,0.008022546768188477,0.8755020080321285,0.8750645161290322,0.8739075746933042,0.8880866425992779,0.9398709677419355,0.9076972521740097,full_v4_features,39,39,0,,ksf-v4-idsplit::
quantum,svc,8,pauli_xz_r1_full__svc__d8,pauli_xz_r1_full,ood_test,fixed_c1,1.0,,0.008022546768188477,0.772,0.7658804502730141,0.7580645161290323,0.8161290322580645,0.8630606395414006,0.7739020213666318,full_v4_features,39,39,0,,ksf-v4-idsplit::
quantum,svc,8,zmap_r2__svc__d8,zmap_r2,id_val,fixed_c1,1.0,,0.00984644889831543,0.900398406374502,0.900063492063492,0.8996273013740262,0.9084249084249084,0.9697142857142858,0.9405574183163881,full_v4_features,39,39,0,,ksf-v4-idsplit::
quantum,svc,8,zmap_r2__svc__d8,zmap_r2,id_test,fixed_c1,1.0,,0.00984644889831543,0.8755020080321285,0.8750967741935484,0.8741296371789646,0.8872727272727273,0.915032258064516,0.8306624099914744,full_v4_features,39,39,0,,ksf-v4-idsplit::
quantum,svc,8,zmap_r2__svc__d8,zmap_r2,ood_test,fixed_c1,1.0,,0.00984644889831543,0.768,0.7619893996893564,0.7543164065809316,0.8122977346278317,0.8487934540679892,0.7464328428060407,full_v4_features,39,39,0,,ksf-v4-idsplit::
quantum,svc,8,zz_r1_full__as2__svc__d8,zz_r1_full__as2,id_val,fixed_c1,1.0,,0.009998083114624023,0.8924302788844621,0.8925079365079365,0.8924029530840676,0.8906882591093117,0.9679365079365079,0.9681663338793043,full_v4_features,39,39,0,,ksf-v4-idsplit::
quantum,svc,8,zz_r1_full__as2__svc__d8,zz_r1_full__as2,id_test,fixed_c1,1.0,,0.009998083114624023,0.8353413654618473,0.8355161290322581,0.8350753622720151,0.8284518828451883,0.9393548387096774,0.9196072594120037,full_v4_features,39,39,0,,ksf-v4-idsplit::
quantum,svc,8,zz_r1_full__as2__svc__d8,zz_r1_full__as2,ood_test,fixed_c1,1.0,,0.009998083114624023,0.8,0.7984980224496006,0.7988380888009141,0.8141263940520446,0.8957582744871979,0.8797674427743598,full_v4_features,39,39,0,,ksf-v4-idsplit::
quantum,svc,8,zz_r2_full__as2__svc__d8,zz_r2_full__as2,id_val,fixed_c1,1.0,,0.010997295379638672,0.8247011952191236,0.8253015873015873,0.820807372793354,0.794392523364486,0.9461587301587302,0.9515625595070865,full_v4_features,39,39,0,,ksf-v4-idsplit::
quantum,svc,8,zz_r2_full__as2__svc__d8,zz_r2_full__as2,id_test,fixed_c1,1.0,,0.010997295379638672,0.7791164658634538,0.7797741935483871,0.7732653432890184,0.7368421052631579,0.9152258064516129,0.9229229236838014,full_v4_features,39,39,0,,ksf-v4-idsplit::
quantum,svc,8,zz_r2_full__as2__svc__d8,zz_r2_full__as2,ood_test,fixed_c1,1.0,,0.010997295379638672,0.818,0.8203791772749836,0.8172976923293138,0.8059701492537313,0.8801940721525675,0.8782590698212578,full_v4_features,39,39,0,,ksf-v4-idsplit::
quantum,svc,8,pauli_xz_r1_full__as2__svc__d8,pauli_xz_r1_full__as2,id_val,fixed_c1,1.0,,0.007996082305908203,0.9083665338645418,0.9081904761904762,0.9081566094468396,0.9125475285171103,0.9589841269841269,0.9031748974110725,full_v4_features,39,39,0,,ksf-v4-idsplit::
quantum,svc,8,pauli_xz_r1_full__as2__svc__d8,pauli_xz_r1_full__as2,id_test,fixed_c1,1.0,,0.007996082305908203,0.8755020080321285,0.8752580645161291,0.8749858288120496,0.8830188679245283,0.9156774193548387,0.8382343992885123,full_v4_features,39,39,0,,ksf-v4-idsplit::
quantum,svc,8,pauli_xz_r1_full__as2__svc__d8,pauli_xz_r1_full__as2,ood_test,fixed_c1,1.0,,0.007996082305908203,0.798,0.7936382123584891,0.7913904138731571,0.8285229202037352,0.866871627355847,0.7708398052251347,full_v4_features,39,39,0,,ksf-v4-idsplit::
quantum,svc,8,zmap_r2__as2__svc__d8,zmap_r2__as2,id_val,fixed_c1,1.0,,0.006998777389526367,0.9043824701195219,0.9041904761904762,0.9041252864782277,0.9090909090909091,0.9564444444444443,0.917847951966613,full_v4_features,39,39,0,,ksf-v4-idsplit::
quantum,svc,8,zmap_r2__as2__svc__d8,zmap_r2__as2,id_test,fixed_c1,1.0,,0.006998777389526367,0.8594377510040161,0.8592580645161291,0.8591105291236238,0.8659003831417624,0.9438709677419356,0.9315902625620592,full_v4_features,39,39,0,,ksf-v4-idsplit::
quantum,svc,8,zmap_r2__as2__svc__d8,zmap_r2__as2,ood_test,fixed_c1,1.0,,0.006998777389526367,0.83,0.8264479351811821,0.8260869565217391,0.8521739130434782,0.899232998670958,0.8545835988173008,full_v4_features,39,39,0,,ksf-v4-idsplit::
classical_ext,svc,10,linear__svc__d10,linear,id_val,fixed_c1,1.0,,0.007273435592651367,0.852589641434263,0.8525714285714285,0.8525802816007111,0.8537549407114624,0.9166349206349206,0.8341665242211368,full_v4_features,39,39,0,,ksf-v4-idsplit::
classical_ext,svc,10,linear__svc__d10,linear,id_test,fixed_c1,1.0,,0.007273435592651367,0.7871485943775101,0.7871612903225806,0.7871485943775101,0.7871485943775101,0.8386451612903226,0.7633754720033508,full_v4_features,39,39,0,,ksf-v4-idsplit::
classical_ext,svc,10,linear__svc__d10,linear,ood_test,fixed_c1,1.0,,0.007273435592651367,0.754,0.7499399529230917,0.7470291348396412,0.7890222984562607,0.793854381835359,0.6776474241575202,full_v4_features,39,39,0,,ksf-v4-idsplit::
classical_ext,svc,10,rbf_gscale__svc__d10,rbf_gscale,id_val,fixed_c1,1.0,,0.0061664581298828125,0.900398406374502,0.9,0.8993180906538307,0.9097472924187726,0.9567619047619048,0.9417535933595874,full_v4_features,39,39,0,,ksf-v4-idsplit::
classical_ext,svc,10,rbf_gscale__svc__d10,rbf_gscale,id_test,fixed_c1,1.0,,0.0061664581298828125,0.8714859437751004,0.871,0.8694626474442988,0.8857142857142857,0.9205161290322581,0.8983263878135556,full_v4_features,39,39,0,,ksf-v4-idsplit::
classical_ext,svc,10,rbf_gscale__svc__d10,rbf_gscale,ood_test,fixed_c1,1.0,,0.0061664581298828125,0.758,0.7514771580919442,0.741310380508913,0.8070175438596491,0.8223887527821813,0.7606240755203528,full_v4_features,39,39,0,,ksf-v4-idsplit::
classical_ext,svc,10,poly2__svc__d10,poly2,id_val,fixed_c1,1.0,,0.008643627166748047,0.8804780876494024,0.8801587301587301,0.8796355498721227,0.8897058823529411,0.9026666666666667,0.851093357230045,full_v4_features,39,39,0,,ksf-v4-idsplit::
classical_ext,svc,10,poly2__svc__d10,poly2,id_test,fixed_c1,1.0,,0.008643627166748047,0.8393574297188755,0.8389032258064516,0.8371484630477437,0.8561151079136691,0.8574193548387097,0.7795645492365428,full_v4_features,39,39,0,,ksf-v4-idsplit::
classical_ext,svc,10,poly2__svc__d10,poly2,ood_test,fixed_c1,1.0,,0.008643627166748047,0.724,0.7171702614850043,0.7033227848101266,0.7816455696202531,0.7269058942210693,0.6476495896552938,full_v4_features,39,39,0,,ksf-v4-idsplit::
classical_ext,svc,10,poly3__svc__d10,poly3,id_val,fixed_c1,1.0,,0.0076448917388916016,0.896414342629482,0.896,0.8952016957862281,0.9064748201438849,0.8866666666666667,0.8306805092439165,full_v4_features,39,39,0,,ksf-v4-idsplit::
classical_ext,svc,10,poly3__svc__d10,poly3,id_test,fixed_c1,1.0,,0.0076448917388916016,0.8594377510040161,0.8589032258064516,0.8567671953324021,0.8763250883392226,0.8713548387096773,0.8021030008753451,full_v4_features,39,39,0,,ksf-v4-idsplit::
classical_ext,svc,10,poly3__svc__d10,poly3,ood_test,fixed_c1,1.0,,0.0076448917388916016,0.736,0.728843413235977,0.7142312821489808,0.7931034482758621,0.7489391683079534,0.6520578690468941,full_v4_features,39,39,0,,ksf-v4-idsplit::
classical_ext,svc,10,laplacian_med__svc__d10,laplacian_med,id_val,fixed_c1,1.0,,0.007548809051513672,0.900398406374502,0.9,0.8993180906538307,0.9097472924187726,0.9704761904761905,0.9505968578275011,full_v4_features,39,39,0,,ksf-v4-idsplit::
classical_ext,svc,10,laplacian_med__svc__d10,laplacian_med,id_test,fixed_c1,1.0,,0.007548809051513672,0.8714859437751004,0.871,0.8694626474442988,0.8857142857142857,0.9386451612903226,0.9135013022017711,full_v4_features,39,39,0,,ksf-v4-idsplit::
classical_ext,svc,10,laplacian_med__svc__d10,laplacian_med,ood_test,fixed_c1,1.0,,0.007548809051513672,0.756,0.7494195449232198,0.7388877474145606,0.8057324840764332,0.900818241501337,0.8604460651258254,full_v4_features,39,39,0,,ksf-v4-idsplit::
classical_ext,svc,10,matern15_med__svc__d10,matern15_med,id_val,fixed_c1,1.0,,0.005533695220947266,0.900398406374502,0.9,0.8993180906538307,0.9097472924187726,0.948952380952381,0.9276169536262497,full_v4_features,39,39,0,,ksf-v4-idsplit::
classical_ext,svc,10,matern15_med__svc__d10,matern15_med,id_test,fixed_c1,1.0,,0.005533695220947266,0.8714859437751004,0.871,0.8694626474442988,0.8857142857142857,0.917483870967742,0.8830676387817802,full_v4_features,39,39,0,,ksf-v4-idsplit::
classical_ext,svc,10,matern15_med__svc__d10,matern15_med,ood_test,fixed_c1,1.0,,0.005533695220947266,0.758,0.7514771580919442,0.741310380508913,0.8070175438596491,0.7978415077420697,0.7134180784727647,full_v4_features,39,39,0,,ksf-v4-idsplit::
classical_ext,svc,10,matern25_med__svc__d10,matern25_med,id_val,fixed_c1,1.0,,0.0060024261474609375,0.896414342629482,0.896,0.8952016957862281,0.9064748201438849,0.9384761904761905,0.9132007980166813,full_v4_features,39,39,0,,ksf-v4-idsplit::
classical_ext,svc,10,matern25_med__svc__d10,matern25_med,id_test,fixed_c1,1.0,,0.0060024261474609375,0.8594377510040161,0.8589032258064516,0.8567671953324021,0.8763250883392226,0.9113548387096774,0.8793855788773206,full_v4_features,39,39,0,,ksf-v4-idsplit::
classical_ext,svc,10,matern25_med__svc__d10,matern25_med,ood_test,fixed_c1,1.0,,0.0060024261474609375,0.738,0.7309010264047013,0.7167334829672491,0.7943485086342229,0.7934380554354614,0.7069459485467126,full_v4_features,39,39,0,,ksf-v4-idsplit::
classical_ext,svc,10,rbf_gscale_x0.1__svc__d10,rbf_gscale_x0.1,id_val,fixed_c1,1.0,,0.008752107620239258,0.8366533864541833,0.8365714285714285,0.8365599936472643,0.8404669260700389,0.8931428571428572,0.8112776601196845,full_v4_features,39,39,0,,ksf-v4-idsplit::
classical_ext,svc,10,rbf_gscale_x0.1__svc__d10,rbf_gscale_x0.1,id_test,fixed_c1,1.0,,0.008752107620239258,0.8232931726907631,0.8231290322580644,0.8229476405946994,0.8307692307692308,0.8604516129032258,0.7905100350569061,full_v4_features,39,39,0,,ksf-v4-idsplit::
classical_ext,svc,10,rbf_gscale_x0.1__svc__d10,rbf_gscale_x0.1,ood_test,fixed_c1,1.0,,0.008752107620239258,0.72,0.7149605290547789,0.7083333333333334,0.7666666666666667,0.7164176714544204,0.6422562669530885,full_v4_features,39,39,0,,ksf-v4-idsplit::
classical_ext,svc,10,rbf_gscale_x0.3__svc__d10,rbf_gscale_x0.3,id_val,fixed_c1,1.0,,0.007690906524658203,0.896414342629482,0.896,0.8952016957862281,0.9064748201438849,0.8820317460317461,0.7940888313261228,full_v4_features,39,39,0,,ksf-v4-idsplit::
classical_ext,svc,10,rbf_gscale_x0.3__svc__d10,rbf_gscale_x0.3,id_test,fixed_c1,1.0,,0.007690906524658203,0.8594377510040161,0.8589032258064516,0.8567671953324021,0.8763250883392226,0.8741290322580646,0.8121847732033465,full_v4_features,39,39,0,,ksf-v4-idsplit::
classical_ext,svc,10,rbf_gscale_x0.3__svc__d10,rbf_gscale_x0.3,ood_test,fixed_c1,1.0,,0.007690906524658203,0.736,0.728843413235977,0.7142312821489808,0.7931034482758621,0.7201165713919713,0.6235653089433129,full_v4_features,39,39,0,,ksf-v4-idsplit::
classical_ext,svc,10,rbf_gscale_x3__svc__d10,rbf_gscale_x3,id_val,fixed_c1,1.0,,0.0060617923736572266,0.9163346613545816,0.9159999999999999,0.9156869331541821,0.9230769230769231,0.965015873015873,0.9398326668371275,full_v4_features,39,39,0,,ksf-v4-idsplit::
classical_ext,svc,10,rbf_gscale_x3__svc__d10,rbf_gscale_x3,id_test,fixed_c1,1.0,,0.0060617923736572266,0.8634538152610441,0.863,0.8615761935905821,0.8776978417266187,0.948,0.9448024499707388,full_v4_features,39,39,0,,ksf-v4-idsplit::
classical_ext,svc,10,rbf_gscale_x3__svc__d10,rbf_gscale_x3,ood_test,fixed_c1,1.0,,0.0060617923736572266,0.764,0.757649997598117,0.7485338243316967,0.8108974358974359,0.8914989351651695,0.8437940600156816,full_v4_features,39,39,0,,ksf-v4-idsplit::
classical_ext,svc,10,rbf_gscale_x10__svc__d10,rbf_gscale_x10,id_val,fixed_c1,1.0,,0.00699925422668457,0.9163346613545816,0.9160952380952381,0.915993306239541,0.9213483146067416,0.9594285714285715,0.8991191361231496,full_v4_features,39,39,0,,ksf-v4-idsplit::
classical_ext,svc,10,rbf_gscale_x10__svc__d10,rbf_gscale_x10,id_test,fixed_c1,1.0,,0.00699925422668457,0.8835341365461847,0.8832258064516129,0.8827778769825165,0.8921933085501859,0.9452258064516128,0.9293192643570347,full_v4_features,39,39,0,,ksf-v4-idsplit::
classical_ext,svc,10,rbf_gscale_x10__svc__d10,rbf_gscale_x10,ood_test,fixed_c1,1.0,,0.00699925422668457,0.786,0.7806200060847704,0.7757292989759004,0.8237232289950577,0.876823429568782,0.788349163392988,full_v4_features,39,39,0,,ksf-v4-idsplit::
classical_ext,svc,10,laplacian_med_x0.1__svc__d10,laplacian_med_x0.1,id_val,fixed_c1,1.0,,0.011001110076904297,0.9203187250996016,0.9203174603174603,0.9203174603174603,0.9206349206349206,0.9733968253968255,0.9742917713531263,full_v4_features,39,39,0,,ksf-v4-idsplit::
classical_ext,svc,10,laplacian_med_x0.1__svc__d10,laplacian_med_x0.1,id_test,fixed_c1,1.0,,0.011001110076904297,0.891566265060241,0.8913548387096775,0.8912223930102743,0.8973384030418251,0.9447741935483871,0.9285292443128569,full_v4_features,39,39,0,,ksf-v4-idsplit::
classical_ext,svc,10,laplacian_med_x0.1__svc__d10,laplacian_med_x0.1,ood_test,fixed_c1,1.0,,0.011001110076904297,0.826,0.822444796720629,0.8219948849104859,0.8486956521739131,0.9183680005124016,0.8887438535208009,full_v4_features,39,39,0,,ksf-v4-idsplit::
classical_ext,svc,10,laplacian_med_x0.3__svc__d10,laplacian_med_x0.3,id_val,fixed_c1,1.0,,0.005998134613037109,0.9243027888446215,0.9241587301587302,0.9241824454301204,0.9272030651340997,0.971047619047619,0.9608978518096958,full_v4_features,39,39,0,,ksf-v4-idsplit::
classical_ext,svc,10,laplacian_med_x0.3__svc__d10,laplacian_med_x0.3,id_test,fixed_c1,1.0,,0.005998134613037109,0.8755020080321285,0.8751935483870967,0.8746935926364832,0.8847583643122676,0.9461935483870968,0.9290129454198643,full_v4_features,39,39,0,,ksf-v4-idsplit::
classical_ext,svc,10,laplacian_med_x0.3__svc__d10,laplacian_med_x0.3,ood_test,fixed_c1,1.0,,0.005998134613037109,0.796,0.7907959840514964,0.786775035119406,0.8311258278145696,0.9089045811916542,0.870146756171016,full_v4_features,39,39,0,,ksf-v4-idsplit::
classical_ext,svc,10,laplacian_med_x3__svc__d10,laplacian_med_x3,id_val,fixed_c1,1.0,,0.0049991607666015625,0.896414342629482,0.896,0.8952016957862281,0.9064748201438849,0.946984126984127,0.8899462755532395,full_v4_features,39,39,0,,ksf-v4-idsplit::
classical_ext,svc,10,laplacian_med_x3__svc__d10,laplacian_med_x3,id_test,fixed_c1,1.0,,0.0049991607666015625,0.8714859437751004,0.871,0.8694626474442988,0.8857142857142857,0.9226451612903226,0.8628100263147469,full_v4_features,39,39,0,,ksf-v4-idsplit::
classical_ext,svc,10,laplacian_med_x3__svc__d10,laplacian_med_x3,ood_test,fixed_c1,1.0,,0.0049991607666015625,0.756,0.7494195449232198,0.7388877474145606,0.8057324840764332,0.8297225024419145,0.7253057036089976,full_v4_features,39,39,0,,ksf-v4-idsplit::
classical_ext,svc,10,laplacian_med_x10__svc__d10,laplacian_med_x10,id_val,fixed_c1,1.0,,0.005541324615478516,0.8924302788844621,0.892,0.8910747866338782,0.9032258064516129,0.9182222222222223,0.833260252774362,full_v4_features,39,39,0,,ksf-v4-idsplit::
classical_ext,svc,10,laplacian_med_x10__svc__d10,laplacian_med_x10,id_test,fixed_c1,1.0,,0.005541324615478516,0.8594377510040161,0.8589032258064516,0.8567671953324021,0.8763250883392226,0.8997419354838709,0.8372860237929799,full_v4_features,39,39,0,,ksf-v4-idsplit::
classical_ext,svc,10,laplacian_med_x10__svc__d10,laplacian_med_x10,ood_test,fixed_c1,1.0,,0.005541324615478516,0.736,0.728843413235977,0.7142312821489808,0.7931034482758621,0.7952154489119471,0.6876323229640849,full_v4_features,39,39,0,,ksf-v4-idsplit::
classical_ext,svc,10,matern15_med_x0.1__svc__d10,matern15_med_x0.1,id_val,fixed_c1,1.0,,0.009998321533203125,0.9402390438247012,0.9402222222222223,0.9402352492975856,0.9407114624505929,0.9694603174603175,0.9721140692866963,full_v4_features,39,39,0,,ksf-v4-idsplit::
classical_ext,svc,10,matern15_med_x0.1__svc__d10,matern15_med_x0.1,id_test,fixed_c1,1.0,,0.009998321533203125,0.8755020080321285,0.8754193548387097,0.8754296780440571,0.8784313725490196,0.9435483870967742,0.9358717958787963,full_v4_features,39,39,0,,ksf-v4-idsplit::
classical_ext,svc,10,matern15_med_x0.1__svc__d10,matern15_med_x0.1,ood_test,fixed_c1,1.0,,0.009998321533203125,0.802,0.798762229587997,0.798156084472698,0.8260105448154658,0.8904901442731101,0.8330608083632997,full_v4_features,39,39,0,,ksf-v4-idsplit::
classical_ext,svc,10,matern15_med_x0.3__svc__d10,matern15_med_x0.3,id_val,fixed_c1,1.0,,0.009701251983642578,0.9083665338645418,0.908063492063492,0.9077810258622068,0.915129151291513,0.9633650793650793,0.9260366292930202,full_v4_features,39,39,0,,ksf-v4-idsplit::
classical_ext,svc,10,matern15_med_x0.3__svc__d10,matern15_med_x0.3,id_test,fixed_c1,1.0,,0.009701251983642578,0.8674698795180723,0.8670322580645161,0.865772579512227,0.8808664259927798,0.9463225806451613,0.9343300194300161,full_v4_features,39,39,0,,ksf-v4-idsplit::
classical_ext,svc,10,matern15_med_x0.3__svc__d10,matern15_med_x0.3,ood_test,fixed_c1,1.0,,0.009701251983642578,0.77,0.7640470128580807,0.7566765829775169,0.813614262560778,0.8759027077228547,0.7894771027573879,full_v4_features,39,39,0,,ksf-v4-idsplit::
classical_ext,svc,10,matern15_med_x3__svc__d10,matern15_med_x3,id_val,fixed_c1,1.0,,0.00677037239074707,0.896414342629482,0.896,0.8952016957862281,0.9064748201438849,0.8918095238095238,0.8110214453262283,full_v4_features,39,39,0,,ksf-v4-idsplit::
classical_ext,svc,10,matern15_med_x3__svc__d10,matern15_med_x3,id_test,fixed_c1,1.0,,0.00677037239074707,0.8594377510040161,0.8589032258064516,0.8567671953324021,0.8763250883392226,0.8821935483870968,0.8303821544945438,full_v4_features,39,39,0,,ksf-v4-idsplit::
classical_ext,svc,10,matern15_med_x3__svc__d10,matern15_med_x3,ood_test,fixed_c1,1.0,,0.00677037239074707,0.736,0.728843413235977,0.7142312821489808,0.7931034482758621,0.7590270772285472,0.6755156190299978,full_v4_features,39,39,0,,ksf-v4-idsplit::
classical_ext,svc,10,matern15_med_x10__svc__d10,matern15_med_x10,id_val,fixed_c1,1.0,,0.010998964309692383,0.8406374501992032,0.8404444444444444,0.8402088107970461,0.8484848484848485,0.9372063492063493,0.9200424235733238,full_v4_features,39,39,0,,ksf-v4-idsplit::
classical_ext,svc,10,matern15_med_x10__svc__d10,matern15_med_x10,id_test,fixed_c1,1.0,,0.010998964309692383,0.8152610441767069,0.8149677419354839,0.8141791044776119,0.8283582089552238,0.9116774193548387,0.9014833984070842,full_v4_features,39,39,0,,ksf-v4-idsplit::
classical_ext,svc,10,matern15_med_x10__svc__d10,matern15_med_x10,ood_test,fixed_c1,1.0,,0.010998964309692383,0.704,0.6979391843205073,0.6865416221894645,0.7605177993527508,0.8624361499415542,0.8105414361176816,full_v4_features,39,39,0,,ksf-v4-idsplit::
classical_ext,svc,10,matern25_med_x0.1__svc__d10,matern25_med_x0.1,id_val,fixed_c1,1.0,,0.009499311447143555,0.9282868525896414,0.9283174603174603,0.9282857142857144,0.928,0.9686349206349205,0.97176620173977,full_v4_features,39,39,0,,ksf-v4-idsplit::
classical_ext,svc,10,matern25_med_x0.1__svc__d10,matern25_med_x0.1,id_test,fixed_c1,1.0,,0.009499311447143555,0.8634538152610441,0.8634193548387097,0.863433991482772,0.8650793650793651,0.9427096774193549,0.9308044936108169,full_v4_features,39,39,0,,ksf-v4-idsplit::
classical_ext,svc,10,matern25_med_x0.1__svc__d10,matern25_med_x0.1,ood_test,fixed_c1,1.0,,0.009499311447143555,0.804,0.8008198427567212,0.8003064684402712,0.8274647887323944,0.8858625162127107,0.8223684068537096,full_v4_features,39,39,0,,ksf-v4-idsplit::
classical_ext,svc,10,matern25_med_x0.3__svc__d10,matern25_med_x0.3,id_val,fixed_c1,1.0,,0.008905410766601562,0.9163346613545816,0.9159999999999999,0.9156869331541821,0.9230769230769231,0.9620952380952381,0.9175286351331304,full_v4_features,39,39,0,,ksf-v4-idsplit::
classical_ext,svc,10,matern25_med_x0.3__svc__d10,matern25_med_x0.3,id_test,fixed_c1,1.0,,0.008905410766601562,0.8674698795180723,0.8670322580645161,0.865772579512227,0.8808664259927798,0.9454838709677419,0.926893908266836,full_v4_features,39,39,0,,ksf-v4-idsplit::
classical_ext,svc,10,matern25_med_x0.3__svc__d10,matern25_med_x0.3,ood_test,fixed_c1,1.0,,0.008905410766601562,0.768,0.7619893996893564,0.7543164065809316,0.8122977346278317,0.8784807288914509,0.7915908113741343,full_v4_features,39,39,0,,ksf-v4-idsplit::
classical_ext,svc,10,matern25_med_x3__svc__d10,matern25_med_x3,id_val,fixed_c1,1.0,,0.007977008819580078,0.8366533864541833,0.8365396825396826,0.8364872809317254,0.8416988416988417,0.8913015873015874,0.8068103385660839,full_v4_features,39,39,0,,ksf-v4-idsplit::
classical_ext,svc,10,matern25_med_x3__svc__d10,matern25_med_x3,id_test,fixed_c1,1.0,,0.007977008819580078,0.8072289156626506,0.8069677419354839,0.8063261602281566,0.8195488721804511,0.8594193548387097,0.7901051163289589,full_v4_features,39,39,0,,ksf-v4-idsplit::
classical_ext,svc,10,matern25_med_x3__svc__d10,matern25_med_x3,ood_test,fixed_c1,1.0,,0.007977008819580078,0.702,0.6964420105362604,0.6871312243038145,0.7553366174055829,0.7147843909625146,0.6399602394890564,full_v4_features,39,39,0,,ksf-v4-idsplit::
classical_ext,svc,10,matern25_med_x10__svc__d10,matern25_med_x10,id_val,fixed_c1,1.0,,0.012164592742919922,0.7131474103585658,0.7125714285714285,0.7067757009345794,0.75,0.9045079365079365,0.9093923010416702,full_v4_features,39,39,0,,ksf-v4-idsplit::
classical_ext,svc,10,matern25_med_x10__svc__d10,matern25_med_x10,id_test,fixed_c1,1.0,,0.012164592742919922,0.7309236947791165,0.7305806451612903,0.7288066713266252,0.7527675276752768,0.8878064516129032,0.8952591392259612,full_v4_features,39,39,0,,ksf-v4-idsplit::
classical_ext,svc,10,matern25_med_x10__svc__d10,matern25_med_x10,ood_test,fixed_c1,1.0,,0.012164592742919922,0.696,0.6901570831531921,0.679330306661491,0.752442996742671,0.8546860738819235,0.8158766545824842,full_v4_features,39,39,0,,ksf-v4-idsplit::
quantum,svc,10,zz_r1_full__as0.5__svc__d10,zz_r1_full__as0.5,id_val,fixed_c1,1.0,,0.012032747268676758,0.9402390438247012,0.9401587301587302,0.9402048757246089,0.9416342412451362,0.9717460317460318,0.9736128924410755,full_v4_features,39,39,0,,ksf-v4-idsplit::
quantum,svc,10,zz_r1_full__as0.5__svc__d10,zz_r1_full__as0.5,id_test,fixed_c1,1.0,,0.012032747268676758,0.891566265060241,0.8913870967741936,0.8913138367525097,0.896551724137931,0.9412258064516129,0.9178100265625826,full_v4_features,39,39,0,,ksf-v4-idsplit::
quantum,svc,10,zz_r1_full__as0.5__svc__d10,zz_r1_full__as0.5,ood_test,fixed_c1,1.0,,0.012032747268676758,0.774,0.7696193815951706,0.7666051165115519,0.8081494057724957,0.8797457206449857,0.8083516613779547,full_v4_features,39,39,0,,ksf-v4-idsplit::
quantum,svc,10,zz_r2_full__as0.5__svc__d10,zz_r2_full__as0.5,id_val,fixed_c1,1.0,,0.010419130325317383,0.8605577689243028,0.8608888888888888,0.8596667784859666,0.8484848484848485,0.9636825396825397,0.966691015471642,full_v4_features,39,39,0,,ksf-v4-idsplit::
quantum,svc,10,zz_r2_full__as0.5__svc__d10,zz_r2_full__as0.5,id_test,fixed_c1,1.0,,0.010419130325317383,0.7991967871485943,0.7996451612903226,0.7968076772424598,0.7747747747747747,0.9339999999999999,0.9202430777571206,full_v4_features,39,39,0,,ksf-v4-idsplit::
quantum,svc,10,zz_r2_full__as0.5__svc__d10,zz_r2_full__as0.5,ood_test,fixed_c1,1.0,,0.010419130325317383,0.802,0.8022369537717571,0.8019611843921408,0.8047337278106509,0.8909865334422187,0.8540231835242496,full_v4_features,39,39,0,,ksf-v4-idsplit::
quantum,svc,10,pauli_xz_r1_full__as0.5__svc__d10,pauli_xz_r1_full__as0.5,id_val,fixed_c1,1.0,,0.0076982975006103516,0.900398406374502,0.9,0.8993180906538307,0.9097472924187726,0.9624126984126984,0.9472530077042285,full_v4_features,39,39,0,,ksf-v4-idsplit::
quantum,svc,10,pauli_xz_r1_full__as0.5__svc__d10,pauli_xz_r1_full__as0.5,id_test,fixed_c1,1.0,,0.0076982975006103516,0.8674698795180723,0.867,0.8655177493003388,0.8817204301075269,0.934516129032258,0.9196425307989294,full_v4_features,39,39,0,,ksf-v4-idsplit::
quantum,svc,10,pauli_xz_r1_full__as0.5__svc__d10,pauli_xz_r1_full__as0.5,ood_test,fixed_c1,1.0,,0.0076982975006103516,0.76,0.7535347712606684,0.7437255471459568,0.8083067092651757,0.8588013002193721,0.8026667190439342,full_v4_features,39,39,0,,ksf-v4-idsplit::
quantum,svc,10,zmap_r2__as0.5__svc__d10,zmap_r2__as0.5,id_val,fixed_c1,1.0,,0.00700068473815918,0.9083665338645418,0.9079999999999999,0.9075210252302763,0.9163636363636364,0.9705396825396825,0.9546121289948702,full_v4_features,39,39,0,,ksf-v4-idsplit::
quantum,svc,10,zmap_r2__as0.5__svc__d10,zmap_r2__as0.5,id_test,fixed_c1,1.0,,0.00700068473815918,0.8674698795180723,0.867,0.8655177493003388,0.8817204301075269,0.944258064516129,0.9421891782780646,full_v4_features,39,39,0,,ksf-v4-idsplit::
quantum,svc,10,zmap_r2__as0.5__svc__d10,zmap_r2__as0.5,ood_test,fixed_c1,1.0,,0.00700068473815918,0.76,0.7535347712606684,0.7437255471459568,0.8083067092651757,0.8853180893820756,0.8446089454889127,full_v4_features,39,39,0,,ksf-v4-idsplit::
quantum,svc,10,zz_r1_full__svc__d10,zz_r1_full,id_val,fixed_c1,1.0,,0.011366844177246094,0.9163346613545816,0.9163492063492064,0.9163346613545816,0.9163346613545816,0.9712380952380952,0.9721104377200169,full_v4_features,39,39,0,,ksf-v4-idsplit::
quantum,svc,10,zz_r1_full__svc__d10,zz_r1_full,id_test,fixed_c1,1.0,,0.011366844177246094,0.8473895582329317,0.8473870967741935,0.8473870967741935,0.848,0.9351612903225806,0.906306616584287,full_v4_features,39,39,0,,ksf-v4-idsplit::
quantum,svc,10,zz_r1_full__svc__d10,zz_r1_full,ood_test,fixed_c1,1.0,,0.011366844177246094,0.788,0.7851435525451954,0.7846893839678903,0.8113879003558719,0.8954380234103538,0.8630692092474352,full_v4_features,39,39,0,,ksf-v4-idsplit::
quantum,svc,10,zz_r2_full__svc__d10,zz_r2_full,id_val,fixed_c1,1.0,,0.010931253433227539,0.8207171314741036,0.8213333333333332,0.8165115259028217,0.7887323943661971,0.951936507936508,0.9577676949160334,full_v4_features,39,39,0,,ksf-v4-idsplit::
quantum,svc,10,zz_r2_full__svc__d10,zz_r2_full,id_test,fixed_c1,1.0,,0.010931253433227539,0.7751004016064257,0.7757419354838709,0.7694444444444444,0.7333333333333333,0.922,0.8962268410718284,full_v4_features,39,39,0,,ksf-v4-idsplit::
quantum,svc,10,zz_r2_full__svc__d10,zz_r2_full,ood_test,fixed_c1,1.0,,0.010931253433227539,0.81,0.8119245488462955,0.8095971074794264,0.80083857442348,0.9003538774399129,0.8925121300633357,full_v4_features,39,39,0,,ksf-v4-idsplit::
quantum,svc,10,pauli_xz_r1_full__svc__d10,pauli_xz_r1_full,id_val,fixed_c1,1.0,,0.006586790084838867,0.9083665338645418,0.908063492063492,0.9077810258622068,0.915129151291513,0.9627301587301587,0.9270592980810393,full_v4_features,39,39,0,,ksf-v4-idsplit::
quantum,svc,10,pauli_xz_r1_full__svc__d10,pauli_xz_r1_full,id_test,fixed_c1,1.0,,0.006586790084838867,0.8674698795180723,0.8670322580645161,0.865772579512227,0.8808664259927798,0.9459354838709677,0.9355632609300722,full_v4_features,39,39,0,,ksf-v4-idsplit::
quantum,svc,10,pauli_xz_r1_full__svc__d10,pauli_xz_r1_full,ood_test,fixed_c1,1.0,,0.006586790084838867,0.78,0.774335078701702,0.7683781416346607,0.8202614379084967,0.8674320667403245,0.7771297744340192,full_v4_features,39,39,0,,ksf-v4-idsplit::
quantum,svc,10,zmap_r2__svc__d10,zmap_r2,id_val,fixed_c1,1.0,,0.005999565124511719,0.9043824701195219,0.9041587301587302,0.9040397604179942,0.9097744360902256,0.9681904761904763,0.9384592476529308,full_v4_features,39,39,0,,ksf-v4-idsplit::
quantum,svc,10,zmap_r2__svc__d10,zmap_r2,id_test,fixed_c1,1.0,,0.005999565124511719,0.8795180722891566,0.8791612903225806,0.8784812597605414,0.8897058823529411,0.9309032258064517,0.8654165928417619,full_v4_features,39,39,0,,ksf-v4-idsplit::
quantum,svc,10,zmap_r2__svc__d10,zmap_r2,ood_test,fixed_c1,1.0,,0.005999565124511719,0.788,0.7825655313765992,0.7776248657357681,0.8256578947368421,0.8622600118492898,0.7645471074265339,full_v4_features,39,39,0,,ksf-v4-idsplit::
quantum,svc,10,zz_r1_full__as2__svc__d10,zz_r1_full__as2,id_val,fixed_c1,1.0,,0.021907567977905273,0.848605577689243,0.848984126984127,0.847323600973236,0.8333333333333334,0.9695238095238095,0.9688893420652144,full_v4_features,39,39,0,,ksf-v4-idsplit::
quantum,svc,10,zz_r1_full__as2__svc__d10,zz_r1_full__as2,id_test,fixed_c1,1.0,,0.021907567977905273,0.7951807228915663,0.7956451612903226,0.7925576228825326,0.7692307692307693,0.9437419354838711,0.9372000627565754,full_v4_features,39,39,0,,ksf-v4-idsplit::
quantum,svc,10,zz_r1_full__as2__svc__d10,zz_r1_full__as2,ood_test,fixed_c1,1.0,,0.021907567977905273,0.814,0.8145826327841027,0.8139992559970239,0.8143712574850299,0.9039086643928841,0.8999839016388573,full_v4_features,39,39,0,,ksf-v4-idsplit::
quantum,svc,10,zz_r2_full__as2__svc__d10,zz_r2_full__as2,id_val,fixed_c1,1.0,,0.015506267547607422,0.8207171314741036,0.8213650793650793,0.8160453412810866,0.7867298578199052,0.9312380952380952,0.9394449132777045,full_v4_features,39,39,0,,ksf-v4-idsplit::
quantum,svc,10,zz_r2_full__as2__svc__d10,zz_r2_full__as2,id_test,fixed_c1,1.0,,0.015506267547607422,0.7670682730923695,0.7678064516129033,0.7592036814725891,0.7156862745098039,0.912258064516129,0.9176907963666732,full_v4_features,39,39,0,,ksf-v4-idsplit::
quantum,svc,10,zz_r2_full__as2__svc__d10,zz_r2_full__as2,ood_test,fixed_c1,1.0,,0.015506267547607422,0.82,0.8227730540743943,0.8189542799208227,0.8051948051948052,0.9000816640245953,0.8963531892294961,full_v4_features,39,39,0,,ksf-v4-idsplit::
quantum,svc,10,pauli_xz_r1_full__as2__svc__d10,pauli_xz_r1_full__as2,id_val,fixed_c1,1.0,,0.009001493453979492,0.9282868525896414,0.9282539682539683,0.9282766065532131,0.9291338582677166,0.9606984126984127,0.918129343114631,full_v4_features,39,39,0,,ksf-v4-idsplit::
quantum,svc,10,pauli_xz_r1_full__as2__svc__d10,pauli_xz_r1_full__as2,id_test,fixed_c1,1.0,,0.009001493453979492,0.8875502008032129,0.8873548387096775,0.8872428515978781,0.8931297709923665,0.927741935483871,0.8779085399382838,full_v4_features,39,39,0,,ksf-v4-idsplit::
quantum,svc,10,pauli_xz_r1_full__as2__svc__d10,pauli_xz_r1_full__as2,ood_test,fixed_c1,1.0,,0.009001493453979492,0.804,0.8002594033722439,0.7991111694189803,0.8304498269896193,0.8638132295719845,0.7659097640832553,full_v4_features,39,39,0,,ksf-v4-idsplit::
quantum,svc,10,zmap_r2__as2__svc__d10,zmap_r2__as2,id_val,fixed_c1,1.0,,0.007671356201171875,0.9243027888446215,0.9242222222222223,0.9242595092511713,0.9260700389105059,0.9616507936507936,0.9574699333770734,full_v4_features,39,39,0,,ksf-v4-idsplit::
quantum,svc,10,zmap_r2__as2__svc__d10,zmap_r2__as2,id_test,fixed_c1,1.0,,0.007671356201171875,0.8634538152610441,0.8633225806451613,0.8632751937984495,0.8682170542635659,0.9428387096774193,0.9340563073601359,full_v4_features,39,39,0,,ksf-v4-idsplit::
quantum,svc,10,zmap_r2__as2__svc__d10,zmap_r2__as2,ood_test,fixed_c1,1.0,,0.007671356201171875,0.842,0.8390177899473187,0.8392838978740718,0.8601769911504424,0.898400345871163,0.8370754334638117,full_v4_features,39,39,0,,ksf-v4-idsplit::
classical_ext,svc,12,linear__svc__d12,linear,id_val,fixed_c1,1.0,,0.008001327514648438,0.8406374501992032,0.8406031746031746,0.8406146812293624,0.84251968503937,0.88,0.8141469616166226,full_v4_features,39,39,0,,ksf-v4-idsplit::
classical_ext,svc,12,linear__svc__d12,linear,id_test,fixed_c1,1.0,,0.008001327514648438,0.7871485943775101,0.7872258064516129,0.787093651689925,0.7836734693877551,0.8323225806451612,0.7549898006545392,full_v4_features,39,39,0,,ksf-v4-idsplit::
classical_ext,svc,12,linear__svc__d12,linear,ood_test,fixed_c1,1.0,,0.008001327514648438,0.776,0.7730220492866406,0.7722688528856789,0.8014184397163121,0.750860674769019,0.6277274086876625,full_v4_features,39,39,0,,ksf-v4-idsplit::
classical_ext,svc,12,rbf_gscale__svc__d12,rbf_gscale,id_val,fixed_c1,1.0,,0.0059986114501953125,0.9083665338645418,0.9079999999999999,0.9075210252302763,0.9163636363636364,0.9622222222222223,0.9576919960360591,full_v4_features,39,39,0,,ksf-v4-idsplit::
classical_ext,svc,12,rbf_gscale__svc__d12,rbf_gscale,id_test,fixed_c1,1.0,,0.0059986114501953125,0.8714859437751004,0.871,0.8694626474442988,0.8857142857142857,0.9343870967741936,0.9327926642179373,full_v4_features,39,39,0,,ksf-v4-idsplit::
classical_ext,svc,12,rbf_gscale__svc__d12,rbf_gscale,ood_test,fixed_c1,1.0,,0.0059986114501953125,0.762,0.7555923844293927,0.7461333333333333,0.8096,0.8447903156074362,0.7957382392751723,full_v4_features,39,39,0,,ksf-v4-idsplit::
classical_ext,svc,12,poly2__svc__d12,poly2,id_val,fixed_c1,1.0,,0.006997108459472656,0.8565737051792829,0.8563492063492064,0.8560596406269911,0.8646616541353384,0.9202539682539683,0.8867193058192658,full_v4_features,39,39,0,,ksf-v4-idsplit::
classical_ext,svc,12,poly2__svc__d12,poly2,id_test,fixed_c1,1.0,,0.006997108459472656,0.8032128514056225,0.8029032258064517,0.8019350335221831,0.8178438661710037,0.8678709677419355,0.7973374216934882,full_v4_features,39,39,0,,ksf-v4-idsplit::
classical_ext,svc,12,poly2__svc__d12,poly2,ood_test,fixed_c1,1.0,,0.006997108459472656,0.712,0.7054971097340315,0.6924706565751482,0.7699680511182109,0.7513410513842852,0.6510331928540196,full_v4_features,39,39,0,,ksf-v4-idsplit::
classical_ext,svc,12,poly3__svc__d12,poly3,id_val,fixed_c1,1.0,,0.0066127777099609375,0.896414342629482,0.896,0.8952016957862281,0.9064748201438849,0.9071746031746032,0.8687473579908616,full_v4_features,39,39,0,,ksf-v4-idsplit::
classical_ext,svc,12,poly3__svc__d12,poly3,id_test,fixed_c1,1.0,,0.0066127777099609375,0.8554216867469879,0.8549032258064516,0.8528368794326242,0.8723404255319149,0.8798709677419355,0.8215596391332742,full_v4_features,39,39,0,,ksf-v4-idsplit::
classical_ext,svc,12,poly3__svc__d12,poly3,ood_test,fixed_c1,1.0,,0.0066127777099609375,0.736,0.728843413235977,0.7142312821489808,0.7931034482758621,0.7528302188916111,0.651714262238948,full_v4_features,39,39,0,,ksf-v4-idsplit::
classical_ext,svc,12,laplacian_med__svc__d12,laplacian_med,id_val,fixed_c1,1.0,,0.006998538970947266,0.9123505976095617,0.912031746031746,0.91173273657289,0.9191176470588235,0.9664126984126984,0.9516426754996969,full_v4_features,39,39,0,,ksf-v4-idsplit::
classical_ext,svc,12,laplacian_med__svc__d12,laplacian_med,id_test,fixed_c1,1.0,,0.006998538970947266,0.8714859437751004,0.871,0.8694626474442988,0.8857142857142857,0.9387741935483871,0.9267386007722597,full_v4_features,39,39,0,,ksf-v4-idsplit::
classical_ext,svc,12,laplacian_med__svc__d12,laplacian_med,ood_test,fixed_c1,1.0,,0.006998538970947266,0.766,0.7597076107668412,0.7509271046659656,0.812199036918138,0.9159661174360698,0.9015495762498653,full_v4_features,39,39,0,,ksf-v4-idsplit::
classical_ext,svc,12,matern15_med__svc__d12,matern15_med,id_val,fixed_c1,1.0,,0.006000518798828125,0.9123505976095617,0.9119999999999999,0.9116084005634524,0.9197080291970803,0.9509206349206349,0.9436739917103248,full_v4_features,39,39,0,,ksf-v4-idsplit::
classical_ext,svc,12,matern15_med__svc__d12,matern15_med,id_test,fixed_c1,1.0,,0.006000518798828125,0.8714859437751004,0.871,0.8694626474442988,0.8857142857142857,0.9271612903225807,0.9210528230112183,full_v4_features,39,39,0,,ksf-v4-idsplit::
classical_ext,svc,12,matern15_med__svc__d12,matern15_med,ood_test,fixed_c1,1.0,,0.006000518798828125,0.768,0.7618773118124609,0.7538200339558574,0.8129032258064516,0.8169124593681446,0.7481569876327663,full_v4_features,39,39,0,,ksf-v4-idsplit::
classical_ext,svc,12,matern25_med__svc__d12,matern25_med,id_val,fixed_c1,1.0,,0.006005764007568359,0.896414342629482,0.896,0.8952016957862281,0.9064748201438849,0.9484444444444445,0.9397323892919021,full_v4_features,39,39,0,,ksf-v4-idsplit::
classical_ext,svc,12,matern25_med__svc__d12,matern25_med,id_test,fixed_c1,1.0,,0.006005764007568359,0.8594377510040161,0.8589032258064516,0.8567671953324021,0.8763250883392226,0.9243870967741935,0.9148054443184427,full_v4_features,39,39,0,,ksf-v4-idsplit::
classical_ext,svc,12,matern25_med__svc__d12,matern25_med,ood_test,fixed_c1,1.0,,0.006005764007568359,0.74,0.7329586395734256,0.7192273135669363,0.7955974842767296,0.8140622247842307,0.7325278052594096,full_v4_features,39,39,0,,ksf-v4-idsplit::
classical_ext,svc,12,rbf_gscale_x0.1__svc__d12,rbf_gscale_x0.1,id_val,fixed_c1,1.0,,0.007158756256103516,0.8366533864541833,0.8365714285714285,0.8365599936472643,0.8404669260700389,0.9008253968253969,0.8274188165624407,full_v4_features,39,39,0,,ksf-v4-idsplit::
classical_ext,svc,12,rbf_gscale_x0.1__svc__d12,rbf_gscale_x0.1,id_test,fixed_c1,1.0,,0.007158756256103516,0.8192771084337349,0.8191612903225807,0.8190903660170819,0.8249027237354085,0.8653548387096773,0.8026878451789088,full_v4_features,39,39,0,,ksf-v4-idsplit::
classical_ext,svc,12,rbf_gscale_x0.1__svc__d12,rbf_gscale_x0.1,ood_test,fixed_c1,1.0,,0.007158756256103516,0.734,0.7295879969896398,0.7252962875755435,0.7741935483870968,0.7374581672030872,0.6637642093820696,full_v4_features,39,39,0,,ksf-v4-idsplit::
classical_ext,svc,12,rbf_gscale_x0.3__svc__d12,rbf_gscale_x0.3,id_val,fixed_c1,1.0,,0.00685429573059082,0.896414342629482,0.896,0.8952016957862281,0.9064748201438849,0.8968888888888888,0.8178722064347689,full_v4_features,39,39,0,,ksf-v4-idsplit::
classical_ext,svc,12,rbf_gscale_x0.3__svc__d12,rbf_gscale_x0.3,id_test,fixed_c1,1.0,,0.00685429573059082,0.8594377510040161,0.8589032258064516,0.8567671953324021,0.8763250883392226,0.884516129032258,0.8313366800906156,full_v4_features,39,39,0,,ksf-v4-idsplit::
classical_ext,svc,12,rbf_gscale_x0.3__svc__d12,rbf_gscale_x0.3,ood_test,fixed_c1,1.0,,0.00685429573059082,0.736,0.728843413235977,0.7142312821489808,0.7931034482758621,0.7382748074490401,0.6415127146627929,full_v4_features,39,39,0,,ksf-v4-idsplit::
classical_ext,svc,12,rbf_gscale_x3__svc__d12,rbf_gscale_x3,id_val,fixed_c1,1.0,,0.007580280303955078,0.9282868525896414,0.928031746031746,0.9279563719862227,0.9328358208955224,0.973015873015873,0.9686578424738863,full_v4_features,39,39,0,,ksf-v4-idsplit::
classical_ext,svc,12,rbf_gscale_x3__svc__d12,rbf_gscale_x3,id_test,fixed_c1,1.0,,0.007580280303955078,0.8594377510040161,0.859,0.8576375843311499,0.8736462093862816,0.9483870967741935,0.9469245031531655,full_v4_features,39,39,0,,ksf-v4-idsplit::
classical_ext,svc,12,rbf_gscale_x3__svc__d12,rbf_gscale_x3,ood_test,fixed_c1,1.0,,0.007580280303955078,0.782,0.7762806039935308,0.7702661119330947,0.8221859706362153,0.9052216938079454,0.876386924301964,full_v4_features,39,39,0,,ksf-v4-idsplit::
classical_ext,svc,12,rbf_gscale_x10__svc__d12,rbf_gscale_x10,id_val,fixed_c1,1.0,,0.006840944290161133,0.9163346613545816,0.9161904761904762,0.9162016502122383,0.9195402298850575,0.964,0.9329437916330429,full_v4_features,39,39,0,,ksf-v4-idsplit::
classical_ext,svc,12,rbf_gscale_x10__svc__d12,rbf_gscale_x10,id_test,fixed_c1,1.0,,0.006840944290161133,0.8714859437751004,0.8712580645161291,0.8710178710178711,0.8787878787878788,0.9478709677419355,0.9462533637467145,full_v4_features,39,39,0,,ksf-v4-idsplit::
classical_ext,svc,12,rbf_gscale_x10__svc__d12,rbf_gscale_x10,ood_test,fixed_c1,1.0,,0.006840944290161133,0.804,0.7999231397415574,0.7983074288724974,0.8321917808219178,0.8974636114713936,0.8326918766770266,full_v4_features,39,39,0,,ksf-v4-idsplit::
classical_ext,svc,12,laplacian_med_x0.1__svc__d12,laplacian_med_x0.1,id_val,fixed_c1,1.0,,0.013286352157592773,0.9083665338645418,0.9084444444444444,0.9083432563308724,0.9068825910931174,0.9733333333333333,0.9733371136704513,full_v4_features,39,39,0,,ksf-v4-idsplit::
classical_ext,svc,12,laplacian_med_x0.1__svc__d12,laplacian_med_x0.1,id_test,fixed_c1,1.0,,0.013286352157592773,0.8433734939759037,0.8433548387096774,0.843363388551059,0.8446215139442231,0.9426451612903225,0.9390615533861807,full_v4_features,39,39,0,,ksf-v4-idsplit::
classical_ext,svc,12,laplacian_med_x0.1__svc__d12,laplacian_med_x0.1,ood_test,fixed_c1,1.0,,0.013286352157592773,0.838,0.8352388272405566,0.835552361346278,0.8556149732620321,0.9237322060495429,0.9046397819908308,full_v4_features,39,39,0,,ksf-v4-idsplit::
classical_ext,svc,12,laplacian_med_x0.3__svc__d12,laplacian_med_x0.3,id_val,fixed_c1,1.0,,0.008006095886230469,0.9322709163346613,0.9321904761904762,0.93223219248789,0.933852140077821,0.9701587301587302,0.9605798613785063,full_v4_features,39,39,0,,ksf-v4-idsplit::
classical_ext,svc,12,laplacian_med_x0.3__svc__d12,laplacian_med_x0.3,id_test,fixed_c1,1.0,,0.008006095886230469,0.8634538152610441,0.8631612903225807,0.8626541207008436,0.8731343283582089,0.9518064516129032,0.9499077125394116,full_v4_features,39,39,0,,ksf-v4-idsplit::
classical_ext,svc,12,laplacian_med_x0.3__svc__d12,laplacian_med_x0.3,ood_test,fixed_c1,1.0,,0.008006095886230469,0.81,0.8054234519863572,0.8031912028539347,0.8397976391231029,0.9246929592800757,0.9006176512737931,full_v4_features,39,39,0,,ksf-v4-idsplit::
classical_ext,svc,12,laplacian_med_x3__svc__d12,laplacian_med_x3,id_val,fixed_c1,1.0,,0.005995750427246094,0.896414342629482,0.896,0.8952016957862281,0.9064748201438849,0.9393650793650793,0.882324380432746,full_v4_features,39,39,0,,ksf-v4-idsplit::
classical_ext,svc,12,laplacian_med_x3__svc__d12,laplacian_med_x3,id_test,fixed_c1,1.0,,0.005995750427246094,0.8714859437751004,0.871,0.8694626474442988,0.8857142857142857,0.9167741935483871,0.857762986587464,full_v4_features,39,39,0,,ksf-v4-idsplit::
classical_ext,svc,12,laplacian_med_x3__svc__d12,laplacian_med_x3,ood_test,fixed_c1,1.0,,0.005995750427246094,0.754,0.7473619317544955,0.7364575610968508,0.8044515103338633,0.8314518582568734,0.729638008453669,full_v4_features,39,39,0,,ksf-v4-idsplit::
classical_ext,svc,12,laplacian_med_x10__svc__d12,laplacian_med_x10,id_val,fixed_c1,1.0,,0.006511211395263672,0.8924302788844621,0.892,0.8910747866338782,0.9032258064516129,0.9107936507936508,0.8133144701468055,full_v4_features,39,39,0,,ksf-v4-idsplit::
classical_ext,svc,12,laplacian_med_x10__svc__d12,laplacian_med_x10,id_test,fixed_c1,1.0,,0.006511211395263672,0.8594377510040161,0.8589032258064516,0.8567671953324021,0.8763250883392226,0.8881290322580645,0.8088584386869615,full_v4_features,39,39,0,,ksf-v4-idsplit::
classical_ext,svc,12,laplacian_med_x10__svc__d12,laplacian_med_x10,ood_test,fixed_c1,1.0,,0.006511211395263672,0.736,0.728843413235977,0.7142312821489808,0.7931034482758621,0.7883300507597957,0.6726707122135978,full_v4_features,39,39,0,,ksf-v4-idsplit::
classical_ext,svc,12,matern15_med_x0.1__svc__d12,matern15_med_x0.1,id_val,fixed_c1,1.0,,0.010149002075195312,0.9083665338645418,0.9084444444444444,0.9083432563308724,0.9068825910931174,0.972,0.9718505319291447,full_v4_features,39,39,0,,ksf-v4-idsplit::
classical_ext,svc,12,matern15_med_x0.1__svc__d12,matern15_med_x0.1,id_test,fixed_c1,1.0,,0.010149002075195312,0.8393574297188755,0.8393870967741935,0.8393548387096774,0.8387096774193549,0.9324516129032259,0.9066884420437273,full_v4_features,39,39,0,,ksf-v4-idsplit::
classical_ext,svc,12,matern15_med_x0.1__svc__d12,matern15_med_x0.1,ood_test,fixed_c1,1.0,,0.010149002075195312,0.816,0.8139501369073353,0.8142884826561592,0.8321167883211679,0.9113545019295127,0.8967875173408464,full_v4_features,39,39,0,,ksf-v4-idsplit::
classical_ext,svc,12,matern15_med_x0.3__svc__d12,matern15_med_x0.3,id_val,fixed_c1,1.0,,0.0063343048095703125,0.9243027888446215,0.9240952380952381,0.9240665552105725,0.9283018867924528,0.9688253968253968,0.9511611806052471,full_v4_features,39,39,0,,ksf-v4-idsplit::
classical_ext,svc,12,matern15_med_x0.3__svc__d12,matern15_med_x0.3,id_test,fixed_c1,1.0,,0.0063343048095703125,0.8714859437751004,0.8710967741935484,0.870177267987487,0.8832116788321168,0.9483225806451612,0.9440964639972025,full_v4_features,39,39,0,,ksf-v4-idsplit::
classical_ext,svc,12,matern15_med_x0.3__svc__d12,matern15_med_x0.3,ood_test,fixed_c1,1.0,,0.0063343048095703125,0.79,0.7848473202991145,0.7806935097810694,0.8258706467661692,0.8975516805175258,0.8334539865335645,full_v4_features,39,39,0,,ksf-v4-idsplit::
classical_ext,svc,12,matern15_med_x3__svc__d12,matern15_med_x3,id_val,fixed_c1,1.0,,0.00654911994934082,0.896414342629482,0.896,0.8952016957862281,0.9064748201438849,0.9034920634920636,0.8310780334840037,full_v4_features,39,39,0,,ksf-v4-idsplit::
classical_ext,svc,12,matern15_med_x3__svc__d12,matern15_med_x3,id_test,fixed_c1,1.0,,0.00654911994934082,0.8594377510040161,0.8589032258064516,0.8567671953324021,0.8763250883392226,0.8863870967741935,0.8368237364329867,full_v4_features,39,39,0,,ksf-v4-idsplit::
classical_ext,svc,12,matern15_med_x3__svc__d12,matern15_med_x3,ood_test,fixed_c1,1.0,,0.00654911994934082,0.736,0.728843413235977,0.7142312821489808,0.7931034482758621,0.7584826503979119,0.6647155021169128,full_v4_features,39,39,0,,ksf-v4-idsplit::
classical_ext,svc,12,matern15_med_x10__svc__d12,matern15_med_x10,id_val,fixed_c1,1.0,,0.008875608444213867,0.8366533864541833,0.8364761904761905,0.8362791733617576,0.844106463878327,0.9411428571428572,0.9456534896563152,full_v4_features,39,39,0,,ksf-v4-idsplit::
classical_ext,svc,12,matern15_med_x10__svc__d12,matern15_med_x10,id_test,fixed_c1,1.0,,0.008875608444213867,0.8072289156626506,0.8069677419354839,0.8063261602281566,0.8195488721804511,0.909032258064516,0.9032804282964857,full_v4_features,39,39,0,,ksf-v4-idsplit::
classical_ext,svc,12,matern15_med_x10__svc__d12,matern15_med_x10,ood_test,fixed_c1,1.0,,0.008875608444213867,0.706,0.6997726217354406,0.6877111136604082,0.7632850241545893,0.8635890538181934,0.8159325649739887,full_v4_features,39,39,0,,ksf-v4-idsplit::
classical_ext,svc,12,matern25_med_x0.1__svc__d12,matern25_med_x0.1,id_val,fixed_c1,1.0,,0.01142263412475586,0.9043824701195219,0.9044761904761904,0.9043445121951219,0.9024390243902439,0.9702857142857143,0.9709857165397932,full_v4_features,39,39,0,,ksf-v4-idsplit::
classical_ext,svc,12,matern25_med_x0.1__svc__d12,matern25_med_x0.1,id_test,fixed_c1,1.0,,0.01142263412475586,0.8393574297188755,0.8393870967741935,0.8393548387096774,0.8387096774193549,0.932258064516129,0.9068327329082058,full_v4_features,39,39,0,,ksf-v4-idsplit::
classical_ext,svc,12,matern25_med_x0.1__svc__d12,matern25_med_x0.1,ood_test,fixed_c1,1.0,,0.01142263412475586,0.816,0.8140622247842308,0.814429329847832,0.8315018315018315,0.9073673760228018,0.8836616913437019,full_v4_features,39,39,0,,ksf-v4-idsplit::
classical_ext,svc,12,matern25_med_x0.3__svc__d12,matern25_med_x0.3,id_val,fixed_c1,1.0,,0.010629653930664062,0.9282868525896414,0.928063492063492,0.9280298203134956,0.9323308270676691,0.9702222222222222,0.9565300729991262,full_v4_features,39,39,0,,ksf-v4-idsplit::
classical_ext,svc,12,matern25_med_x0.3__svc__d12,matern25_med_x0.3,id_test,fixed_c1,1.0,,0.010629653930664062,0.8714859437751004,0.8710967741935484,0.870177267987487,0.8832116788321168,0.9464516129032259,0.9406892273239628,full_v4_features,39,39,0,,ksf-v4-idsplit::
classical_ext,svc,12,matern25_med_x0.3__svc__d12,matern25_med_x0.3,ood_test,fixed_c1,1.0,,0.010629653930664062,0.796,0.7909080719283919,0.7871416885089901,0.8305647840531561,0.8999215384861731,0.8431415613493104,full_v4_features,39,39,0,,ksf-v4-idsplit::
classical_ext,svc,12,matern25_med_x3__svc__d12,matern25_med_x3,id_val,fixed_c1,1.0,,0.0070803165435791016,0.8366533864541833,0.8365714285714285,0.8365599936472643,0.8404669260700389,0.8993015873015873,0.8275236809190113,full_v4_features,39,39,0,,ksf-v4-idsplit::
classical_ext,svc,12,matern25_med_x3__svc__d12,matern25_med_x3,id_test,fixed_c1,1.0,,0.0070803165435791016,0.8112449799196787,0.8110645161290322,0.8108055676802949,0.8199233716475096,0.8637419354838709,0.7989731777754185,full_v4_features,39,39,0,,ksf-v4-idsplit::
classical_ext,svc,12,matern25_med_x3__svc__d12,matern25_med_x3,ood_test,fixed_c1,1.0,,0.0070803165435791016,0.718,0.7130150037629501,0.7064933659174268,0.7646076794657763,0.7301564426510384,0.6462966120843541,full_v4_features,39,39,0,,ksf-v4-idsplit::
classical_ext,svc,12,matern25_med_x10__svc__d12,matern25_med_x10,id_val,fixed_c1,1.0,,0.009627580642700195,0.7131474103585658,0.7125714285714285,0.7067757009345794,0.75,0.9106666666666666,0.9275028969498277,full_v4_features,39,39,0,,ksf-v4-idsplit::
classical_ext,svc,12,matern25_med_x10__svc__d12,matern25_med_x10,id_test,fixed_c1,1.0,,0.009627580642700195,0.7269076305220884,0.7265806451612904,0.7249512670565301,0.7481481481481481,0.8836774193548387,0.8964161305070479,full_v4_features,39,39,0,,ksf-v4-idsplit::
classical_ext,svc,12,matern25_med_x10__svc__d12,matern25_med_x10,ood_test,fixed_c1,1.0,,0.009627580642700195,0.7,0.6942723094906407,0.6841520113199919,0.7549019607843137,0.856911818865991,0.815977480247348,full_v4_features,39,39,0,,ksf-v4-idsplit::
quantum,svc,12,zz_r1_full__as0.5__svc__d12,zz_r1_full__as0.5,id_val,fixed_c1,1.0,,0.01042032241821289,0.9322709163346613,0.9322857142857144,0.9322709163346613,0.9322709163346613,0.9757460317460317,0.9744451322282579,full_v4_features,39,39,0,,ksf-v4-idsplit::
quantum,svc,12,zz_r1_full__as0.5__svc__d12,zz_r1_full__as0.5,id_test,fixed_c1,1.0,,0.01042032241821289,0.8594377510040161,0.8593548387096774,0.8593560881142581,0.8627450980392157,0.9316129032258065,0.8879797967028069,full_v4_features,39,39,0,,ksf-v4-idsplit::
quantum,svc,12,zz_r1_full__as0.5__svc__d12,zz_r1_full__as0.5,ood_test,fixed_c1,1.0,,0.01042032241821289,0.79,0.7867528142063378,0.7859231198952858,0.8154657293497364,0.9084722422379147,0.9002876091177094,full_v4_features,39,39,0,,ksf-v4-idsplit::
quantum,svc,12,zz_r2_full__as0.5__svc__d12,zz_r2_full__as0.5,id_val,fixed_c1,1.0,,0.011001348495483398,0.8326693227091634,0.8331746031746032,0.8300773694390715,0.8090909090909091,0.9630476190476192,0.9653896939385762,full_v4_features,39,39,0,,ksf-v4-idsplit::
quantum,svc,12,zz_r2_full__as0.5__svc__d12,zz_r2_full__as0.5,id_test,fixed_c1,1.0,,0.011001348495483398,0.7751004016064257,0.7756451612903226,0.7710795902285263,0.7407407407407407,0.9190322580645162,0.9019746499396517,full_v4_features,39,39,0,,ksf-v4-idsplit::
quantum,svc,12,zz_r2_full__as0.5__svc__d12,zz_r2_full__as0.5,ood_test,fixed_c1,1.0,,0.011001348495483398,0.804,0.8058637972170182,0.8036198079481877,0.7949790794979079,0.9115786776833038,0.9032657669690568,full_v4_features,39,39,0,,ksf-v4-idsplit::
quantum,svc,12,pauli_xz_r1_full__as0.5__svc__d12,pauli_xz_r1_full__as0.5,id_val,fixed_c1,1.0,,0.006679058074951172,0.9123505976095617,0.9119999999999999,0.9116084005634524,0.9197080291970803,0.9636190476190476,0.9573629854926122,full_v4_features,39,39,0,,ksf-v4-idsplit::
quantum,svc,12,pauli_xz_r1_full__as0.5__svc__d12,pauli_xz_r1_full__as0.5,id_test,fixed_c1,1.0,,0.006679058074951172,0.8714859437751004,0.871,0.8694626474442988,0.8857142857142857,0.940774193548387,0.9379758775657636,full_v4_features,39,39,0,,ksf-v4-idsplit::
quantum,svc,12,pauli_xz_r1_full__as0.5__svc__d12,pauli_xz_r1_full__as0.5,ood_test,fixed_c1,1.0,,0.006679058074951172,0.766,0.7598196986437367,0.7514435394439983,0.8115942028985508,0.8758706826151702,0.8420053816874177,full_v4_features,39,39,0,,ksf-v4-idsplit::
quantum,svc,12,zmap_r2__as0.5__svc__d12,zmap_r2__as0.5,id_val,fixed_c1,1.0,,0.006000518798828125,0.9243027888446215,0.924031746031746,0.9239114826810473,0.929368029739777,0.9723174603174602,0.9688053003628843,full_v4_features,39,39,0,,ksf-v4-idsplit::
quantum,svc,12,zmap_r2__as0.5__svc__d12,zmap_r2__as0.5,id_test,fixed_c1,1.0,,0.006000518798828125,0.8674698795180723,0.867,0.8655177493003388,0.8817204301075269,0.9456774193548387,0.9456307287027053,full_v4_features,39,39,0,,ksf-v4-idsplit::
quantum,svc,12,zmap_r2__as0.5__svc__d12,zmap_r2__as0.5,ood_test,fixed_c1,1.0,,0.006000518798828125,0.772,0.7659925381499095,0.7585523306053983,0.8155339805825242,0.8943972074106098,0.8684458760358322,full_v4_features,39,39,0,,ksf-v4-idsplit::
quantum,svc,12,zz_r1_full__svc__d12,zz_r1_full,id_val,fixed_c1,1.0,,0.017061233520507812,0.8844621513944223,0.8846666666666667,0.8841974640851455,0.8786610878661087,0.9772698412698413,0.9759155347730752,full_v4_features,39,39,0,,ksf-v4-idsplit::
quantum,svc,12,zz_r1_full__svc__d12,zz_r1_full,id_test,fixed_c1,1.0,,0.017061233520507812,0.8112449799196787,0.8114838709677419,0.8106463878326997,0.8,0.9356129032258065,0.9199724137328602,full_v4_features,39,39,0,,ksf-v4-idsplit::
quantum,svc,12,zz_r1_full__svc__d12,zz_r1_full,ood_test,fixed_c1,1.0,,0.017061233520507812,0.824,0.8227410289667099,0.8231823953963125,0.8352059925093633,0.9105058365758755,0.9068539305173204,full_v4_features,39,39,0,,ksf-v4-idsplit::
quantum,svc,12,zz_r2_full__svc__d12,zz_r2_full,id_val,fixed_c1,1.0,,0.012007474899291992,0.8207171314741036,0.8213650793650793,0.8160453412810866,0.7867298578199052,0.9601904761904761,0.9630267222958752,full_v4_features,39,39,0,,ksf-v4-idsplit::
quantum,svc,12,zz_r2_full__svc__d12,zz_r2_full,id_test,fixed_c1,1.0,,0.012007474899291992,0.7710843373493976,0.7718064516129033,0.7637059851827187,0.7219512195121951,0.9230322580645162,0.9226119009672263,full_v4_features,39,39,0,,ksf-v4-idsplit::
quantum,svc,12,zz_r2_full__svc__d12,zz_r2_full,ood_test,fixed_c1,1.0,,0.012007474899291992,0.814,0.817160653952699,0.8124810968847667,0.7956043956043956,0.9073193383612752,0.8986748190436671,full_v4_features,39,39,0,,ksf-v4-idsplit::
quantum,svc,12,pauli_xz_r1_full__svc__d12,pauli_xz_r1_full,id_val,fixed_c1,1.0,,0.006275177001953125,0.9203187250996016,0.9201587301587302,0.9201653944020356,0.9236641221374046,0.9685079365079365,0.9605972210464153,full_v4_features,39,39,0,,ksf-v4-idsplit::
quantum,svc,12,pauli_xz_r1_full__svc__d12,pauli_xz_r1_full,id_test,fixed_c1,1.0,,0.006275177001953125,0.8714859437751004,0.8710967741935484,0.870177267987487,0.8832116788321168,0.9482580645161292,0.9480075155480276,full_v4_features,39,39,0,,ksf-v4-idsplit::
quantum,svc,12,pauli_xz_r1_full__svc__d12,pauli_xz_r1_full,ood_test,fixed_c1,1.0,,0.006275177001953125,0.8,0.7955837376503179,0.7933030177759405,0.8305084745762712,0.894269106979872,0.8435751027825877,full_v4_features,39,39,0,,ksf-v4-idsplit::
quantum,svc,12,zmap_r2__svc__d12,zmap_r2,id_val,fixed_c1,1.0,,0.0070002079010009766,0.9282868525896414,0.9281269841269841,0.9281488549618321,0.9312977099236641,0.9711111111111111,0.9601222878344073,full_v4_features,39,39,0,,ksf-v4-idsplit::
quantum,svc,12,zmap_r2__svc__d12,zmap_r2,id_test,fixed_c1,1.0,,0.0070002079010009766,0.8634538152610441,0.8631612903225807,0.8626541207008436,0.8731343283582089,0.9280645161290323,0.8887913135181584,full_v4_features,39,39,0,,ksf-v4-idsplit::
quantum,svc,12,zmap_r2__svc__d12,zmap_r2,ood_test,fixed_c1,1.0,,0.0070002079010009766,0.802,0.7973050871883557,0.7945845004668535,0.8336134453781513,0.8904100815038991,0.8201540474302713,full_v4_features,39,39,0,,ksf-v4-idsplit::
quantum,svc,12,zz_r1_full__as2__svc__d12,zz_r1_full__as2,id_val,fixed_c1,1.0,,0.014021635055541992,0.8286852589641435,0.8292063492063492,0.8258547525695016,0.8036529680365296,0.9764444444444444,0.9752143229918766,full_v4_features,39,39,0,,ksf-v4-idsplit::
quantum,svc,12,zz_r1_full__as2__svc__d12,zz_r1_full__as2,id_test,fixed_c1,1.0,,0.014021635055541992,0.7791164658634538,0.7797096774193548,0.7744007907091672,0.7417840375586855,0.9380645161290323,0.9311784485072631,full_v4_features,39,39,0,,ksf-v4-idsplit::
quantum,svc,12,zz_r1_full__as2__svc__d12,zz_r1_full__as2,ood_test,fixed_c1,1.0,,0.014021635055541992,0.812,0.8139821620150198,0.8115658477131311,0.8025210084033614,0.909721221437607,0.8958162136893374,full_v4_features,39,39,0,,ksf-v4-idsplit::
quantum,svc,12,zz_r2_full__as2__svc__d12,zz_r2_full__as2,id_val,fixed_c1,1.0,,0.012996435165405273,0.8127490039840638,0.8134603174603174,0.8068124130025383,0.7729468599033816,0.9478095238095239,0.9540172806545123,full_v4_features,39,39,0,,ksf-v4-idsplit::
quantum,svc,12,zz_r2_full__as2__svc__d12,zz_r2_full__as2,id_test,fixed_c1,1.0,,0.012996435165405273,0.7630522088353414,0.7638387096774193,0.7539072315191718,0.7064676616915423,0.8883225806451613,0.9006176841102167,full_v4_features,39,39,0,,ksf-v4-idsplit::
quantum,svc,12,zz_r2_full__as2__svc__d12,zz_r2_full__as2,ood_test,fixed_c1,1.0,,0.012996435165405273,0.818,0.8217242317977294,0.815770827006782,0.7955056179775281,0.9012505804550768,0.889580914617906,full_v4_features,39,39,0,,ksf-v4-idsplit::
quantum,svc,12,pauli_xz_r1_full__as2__svc__d12,pauli_xz_r1_full__as2,id_val,fixed_c1,1.0,,0.008000373840332031,0.9123505976095617,0.9123809523809524,0.9123492063492064,0.912,0.9643809523809523,0.9644414199578359,full_v4_features,39,39,0,,ksf-v4-idsplit::
quantum,svc,12,pauli_xz_r1_full__as2__svc__d12,pauli_xz_r1_full__as2,id_test,fixed_c1,1.0,,0.008000373840332031,0.8634538152610441,0.8634193548387097,0.863433991482772,0.8650793650793651,0.933741935483871,0.9138215834201094,full_v4_features,39,39,0,,ksf-v4-idsplit::
quantum,svc,12,pauli_xz_r1_full__as2__svc__d12,pauli_xz_r1_full__as2,ood_test,fixed_c1,1.0,,0.008000373840332031,0.824,0.821620150197755,0.8219229088083404,0.8411552346570397,0.8981281324558454,0.8363712669376192,full_v4_features,39,39,0,,ksf-v4-idsplit::
quantum,svc,12,zmap_r2__as2__svc__d12,zmap_r2__as2,id_val,fixed_c1,1.0,,0.007107973098754883,0.9123505976095617,0.9123174603174603,0.9123380746761494,0.9133858267716536,0.9526349206349205,0.9609671279931953,full_v4_features,39,39,0,,ksf-v4-idsplit::
quantum,svc,12,zmap_r2__as2__svc__d12,zmap_r2__as2,id_test,fixed_c1,1.0,,0.007107973098754883,0.8554216867469879,0.8554516129032258,0.8554193548387097,0.8548387096774194,0.9336774193548387,0.9187587069259112,full_v4_features,39,39,0,,ksf-v4-idsplit::
quantum,svc,12,zmap_r2__as2__svc__d12,zmap_r2__as2,ood_test,fixed_c1,1.0,,0.007107973098754883,0.844,0.8416358425005204,0.8421589418983018,0.8592057761732852,0.9133560711597892,0.8922554214039664,full_v4_features,39,39,0,,ksf-v4-idsplit::
