family,model,dim,cfg,kernel,split,regularization,c_selected,c_cv_score,fit_seconds,accuracy,balanced_accuracy,f1_macro,f1_pos,roc_auc,pr_auc,feature_policy,n_input_features,n_retained_features,n_removed_features,removed_features,id_split_hash_salt
classical_ext,svc,4,linear__svc__d4,linear,id_val,fixed_c1,1.0,,0.007002115249633789,0.82,0.8200000000000001,0.8175448839585462,0.7963800904977375,0.8255359999999999,0.7943052544314375,full_v4_features,39,39,0,,ksf-v4-idsplit::
classical_ext,svc,4,linear__svc__d4,linear,id_test,fixed_c1,1.0,,0.007002115249633789,0.8,0.8,0.7947454844006567,0.7619047619047619,0.799232,0.8025089355955597,full_v4_features,39,39,0,,ksf-v4-idsplit::
classical_ext,svc,4,linear__svc__d4,linear,ood_test,fixed_c1,1.0,,0.007002115249633789,0.832,0.83210931374902,0.8319031762295082,0.8278688524590164,0.7923326773228372,0.7059000318498536,full_v4_features,39,39,0,,ksf-v4-idsplit::
classical_ext,svc,4,rbf_gscale__svc__d4,rbf_gscale,id_val,fixed_c1,1.0,,0.004996538162231445,0.868,0.868,0.8656592467147579,0.8833922261484098,0.949376,0.9204413990359767,full_v4_features,39,39,0,,ksf-v4-idsplit::
classical_ext,svc,4,rbf_gscale__svc__d4,rbf_gscale,id_test,fixed_c1,1.0,,0.004996538162231445,0.912,0.9119999999999999,0.911313209494324,0.9191176470588235,0.977408,0.9698564827632834,full_v4_features,39,39,0,,ksf-v4-idsplit::
classical_ext,svc,4,rbf_gscale__svc__d4,rbf_gscale,ood_test,fixed_c1,1.0,,0.004996538162231445,0.742,0.741011856189699,0.7248,0.7936,0.8685258964143427,0.7748110137854451,full_v4_features,39,39,0,,ksf-v4-idsplit::
classical_ext,svc,4,poly2__svc__d4,poly2,id_val,fixed_c1,1.0,,0.006020069122314453,0.856,0.856,0.8529507875302268,0.8741258741258742,0.8831360000000001,0.818700858178208,full_v4_features,39,39,0,,ksf-v4-idsplit::
classical_ext,svc,4,poly2__svc__d4,poly2,id_test,fixed_c1,1.0,,0.006020069122314453,0.9,0.9,0.898989898989899,0.9090909090909091,0.9051520000000001,0.8266982082400095,full_v4_features,39,39,0,,ksf-v4-idsplit::
classical_ext,svc,4,poly2__svc__d4,poly2,ood_test,fixed_c1,1.0,,0.006020069122314453,0.722,0.7209315349045584,0.7001402221982527,0.7811023622047244,0.7418518696299141,0.6400281266495226,full_v4_features,39,39,0,,ksf-v4-idsplit::
classical_ext,svc,4,poly3__svc__d4,poly3,id_val,fixed_c1,1.0,,0.008536815643310547,0.856,0.856,0.8529507875302268,0.8741258741258742,0.9151360000000001,0.8672213715061867,full_v4_features,39,39,0,,ksf-v4-idsplit::
classical_ext,svc,4,poly3__svc__d4,poly3,id_test,fixed_c1,1.0,,0.008536815643310547,0.9,0.9,0.898989898989899,0.9090909090909091,0.928256,0.8541795261515281,full_v4_features,39,39,0,,ksf-v4-idsplit::
classical_ext,svc,4,poly3__svc__d4,poly3,ood_test,fixed_c1,1.0,,0.008536815643310547,0.722,0.7209315349045584,0.7001402221982527,0.7811023622047244,0.750012000192003,0.6281848567643273,full_v4_features,39,39,0,,ksf-v4-idsplit::
classical_ext,svc,4,laplacian_med__svc__d4,laplacian_med,id_val,fixed_c1,1.0,,0.0049991607666015625,0.864,0.864,0.8614371413667188,0.8802816901408451,0.946624,0.9103996960254417,full_v4_features,39,39,0,,ksf-v4-idsplit::
classical_ext,svc,4,laplacian_med__svc__d4,laplacian_med,id_test,fixed_c1,1.0,,0.0049991607666015625,0.904,0.9039999999999999,0.903250773993808,0.9117647058823529,0.971328,0.9436992660066688,full_v4_features,39,39,0,,ksf-v4-idsplit::
classical_ext,svc,4,laplacian_med__svc__d4,laplacian_med,ood_test,fixed_c1,1.0,,0.0049991607666015625,0.742,0.741011856189699,0.7248,0.7936,0.8912142594281509,0.8305844517459438,full_v4_features,39,39,0,,ksf-v4-idsplit::
classical_ext,svc,4,matern15_med__svc__d4,matern15_med,id_val,fixed_c1,1.0,,0.005396842956542969,0.868,0.868,0.8656592467147579,0.8833922261484098,0.948608,0.9176506679419685,full_v4_features,39,39,0,,ksf-v4-idsplit::
classical_ext,svc,4,matern15_med__svc__d4,matern15_med,id_test,fixed_c1,1.0,,0.005396842956542969,0.908,0.9079999999999999,0.907214664923916,0.9157509157509157,0.972864,0.9601721043865163,full_v4_features,39,39,0,,ksf-v4-idsplit::
classical_ext,svc,4,matern15_med__svc__d4,matern15_med,ood_test,fixed_c1,1.0,,0.005396842956542969,0.742,0.741011856189699,0.7248,0.7936,0.864253828061249,0.7739191066390765,full_v4_features,39,39,0,,ksf-v4-idsplit::
classical_ext,svc,4,matern25_med__svc__d4,matern25_med,id_val,fixed_c1,1.0,,0.005006313323974609,0.868,0.868,0.8656592467147579,0.8833922261484098,0.94336,0.9055985008865931,full_v4_features,39,39,0,,ksf-v4-idsplit::
classical_ext,svc,4,matern25_med__svc__d4,matern25_med,id_test,fixed_c1,1.0,,0.005006313323974609,0.908,0.9079999999999999,0.907214664923916,0.9157509157509157,0.967808,0.9525554540878101,full_v4_features,39,39,0,,ksf-v4-idsplit::
classical_ext,svc,4,matern25_med__svc__d4,matern25_med,ood_test,fixed_c1,1.0,,0.005006313323974609,0.742,0.741011856189699,0.7248,0.7936,0.8317413078609258,0.7199711774693991,full_v4_features,39,39,0,,ksf-v4-idsplit::
classical_ext,svc,4,rbf_gscale_x0.1__svc__d4,rbf_gscale_x0.1,id_val,fixed_c1,1.0,,0.007033348083496094,0.852,0.852,0.8490412076703386,0.8701754385964913,0.8561920000000001,0.7572066481205653,full_v4_features,39,39,0,,ksf-v4-idsplit::
classical_ext,svc,4,rbf_gscale_x0.1__svc__d4,rbf_gscale_x0.1,id_test,fixed_c1,1.0,,0.007033348083496094,0.9,0.9,0.898989898989899,0.9090909090909091,0.889152,0.7994386345253777,full_v4_features,39,39,0,,ksf-v4-idsplit::
classical_ext,svc,4,rbf_gscale_x0.1__svc__d4,rbf_gscale_x0.1,ood_test,fixed_c1,1.0,,0.007033348083496094,0.718,0.7169474711595385,0.6965274997740099,0.7772511848341233,0.7098513576217219,0.6057475073302191,full_v4_features,39,39,0,,ksf-v4-idsplit::
classical_ext,svc,4,rbf_gscale_x0.3__svc__d4,rbf_gscale_x0.3,id_val,fixed_c1,1.0,,0.006011486053466797,0.856,0.856,0.8529507875302268,0.8741258741258742,0.929728,0.881100180404044,full_v4_features,39,39,0,,ksf-v4-idsplit::
classical_ext,svc,4,rbf_gscale_x0.3__svc__d4,rbf_gscale_x0.3,id_test,fixed_c1,1.0,,0.006011486053466797,0.9,0.9,0.898989898989899,0.9090909090909091,0.941376,0.8843464006837768,full_v4_features,39,39,0,,ksf-v4-idsplit::
classical_ext,svc,4,rbf_gscale_x0.3__svc__d4,rbf_gscale_x0.3,ood_test,fixed_c1,1.0,,0.006011486053466797,0.722,0.7209315349045584,0.7001402221982527,0.7811023622047244,0.7391318261092178,0.6102972636195709,full_v4_features,39,39,0,,ksf-v4-idsplit::
classical_ext,svc,4,rbf_gscale_x3__svc__d4,rbf_gscale_x3,id_val,fixed_c1,1.0,,0.0049974918365478516,0.872,0.872,0.8701298701298701,0.8857142857142857,0.9489920000000001,0.9199496314033234,full_v4_features,39,39,0,,ksf-v4-idsplit::
classical_ext,svc,4,rbf_gscale_x3__svc__d4,rbf_gscale_x3,id_test,fixed_c1,1.0,,0.0049974918365478516,0.916,0.9159999999999999,0.9155119972963839,0.9219330855018587,0.980608,0.9783226778353031,full_v4_features,39,39,0,,ksf-v4-idsplit::
classical_ext,svc,4,rbf_gscale_x3__svc__d4,rbf_gscale_x3,ood_test,fixed_c1,1.0,,0.0049974918365478516,0.754,0.7530600489607834,0.7392288807194739,0.8012924071082391,0.8924622793964704,0.8183765560625953,full_v4_features,39,39,0,,ksf-v4-idsplit::
classical_ext,svc,4,rbf_gscale_x10__svc__d4,rbf_gscale_x10,id_val,fixed_c1,1.0,,0.0050008296966552734,0.876,0.876,0.8747474747474748,0.8872727272727273,0.935872,0.8935099512876712,full_v4_features,39,39,0,,ksf-v4-idsplit::
classical_ext,svc,4,rbf_gscale_x10__svc__d4,rbf_gscale_x10,id_test,fixed_c1,1.0,,0.0050008296966552734,0.912,0.9119999999999999,0.9115414307771488,0.917910447761194,0.9740800000000001,0.9617094666897451,full_v4_features,39,39,0,,ksf-v4-idsplit::
classical_ext,svc,4,rbf_gscale_x10__svc__d4,rbf_gscale_x10,ood_test,fixed_c1,1.0,,0.0050008296966552734,0.782,0.7811724987599802,0.771942671827597,0.8198347107438017,0.9041904670474729,0.8640580974989307,full_v4_features,39,39,0,,ksf-v4-idsplit::
classical_ext,svc,4,laplacian_med_x0.1__svc__d4,laplacian_med_x0.1,id_val,fixed_c1,1.0,,0.007122516632080078,0.896,0.8959999999999999,0.8956728299948639,0.9015151515151515,0.94048,0.8965529353163664,full_v4_features,39,39,0,,ksf-v4-idsplit::
classical_ext,svc,4,laplacian_med_x0.1__svc__d4,laplacian_med_x0.1,id_test,fixed_c1,1.0,,0.007122516632080078,0.928,0.9279999999999999,0.9279261964251393,0.9302325581395349,0.976704,0.9726773656487837,full_v4_features,39,39,0,,ksf-v4-idsplit::
classical_ext,svc,4,laplacian_med_x0.1__svc__d4,laplacian_med_x0.1,ood_test,fixed_c1,1.0,,0.007122516632080078,0.808,0.8073569177106834,0.8026932373107089,0.8350515463917526,0.9173586777388438,0.8711718306893625,full_v4_features,39,39,0,,ksf-v4-idsplit::
classical_ext,svc,4,laplacian_med_x0.3__svc__d4,laplacian_med_x0.3,id_val,fixed_c1,1.0,,0.007027864456176758,0.884,0.884,0.8830097949040681,0.8937728937728938,0.939776,0.8919160450078651,full_v4_features,39,39,0,,ksf-v4-idsplit::
classical_ext,svc,4,laplacian_med_x0.3__svc__d4,laplacian_med_x0.3,id_test,fixed_c1,1.0,,0.007027864456176758,0.912,0.9119999999999999,0.9116380695328063,0.9172932330827067,0.972032,0.940512971955217,full_v4_features,39,39,0,,ksf-v4-idsplit::
classical_ext,svc,4,laplacian_med_x0.3__svc__d4,laplacian_med_x0.3,ood_test,fixed_c1,1.0,,0.007027864456176758,0.784,0.7832125314005024,0.7749999999999999,0.82,0.9061424982799724,0.8562387124835777,full_v4_features,39,39,0,,ksf-v4-idsplit::
classical_ext,svc,4,laplacian_med_x3__svc__d4,laplacian_med_x3,id_val,fixed_c1,1.0,,0.005999565124511719,0.86,0.86,0.8572011423908609,0.8771929824561403,0.939392,0.9039726715174439,full_v4_features,39,39,0,,ksf-v4-idsplit::
classical_ext,svc,4,laplacian_med_x3__svc__d4,laplacian_med_x3,id_test,fixed_c1,1.0,,0.005999565124511719,0.908,0.9079999999999999,0.907214664923916,0.9157509157509157,0.957312,0.9199752970221386,full_v4_features,39,39,0,,ksf-v4-idsplit::
classical_ext,svc,4,laplacian_med_x3__svc__d4,laplacian_med_x3,ood_test,fixed_c1,1.0,,0.005999565124511719,0.742,0.741011856189699,0.7248,0.7936,0.8378534056544905,0.7328972856736744,full_v4_features,39,39,0,,ksf-v4-idsplit::
classical_ext,svc,4,laplacian_med_x10__svc__d4,laplacian_med_x10,id_val,fixed_c1,1.0,,0.005999088287353516,0.852,0.852,0.8486856095925144,0.8710801393728222,0.898368,0.8172672359072081,full_v4_features,39,39,0,,ksf-v4-idsplit::
classical_ext,svc,4,laplacian_med_x10__svc__d4,laplacian_med_x10,id_test,fixed_c1,1.0,,0.005999088287353516,0.9,0.9,0.898989898989899,0.9090909090909091,0.931136,0.861234249254554,full_v4_features,39,39,0,,ksf-v4-idsplit::
classical_ext,svc,4,laplacian_med_x10__svc__d4,laplacian_med_x10,ood_test,fixed_c1,1.0,,0.005999088287353516,0.722,0.7209315349045584,0.7001402221982527,0.7811023622047244,0.7939487031792509,0.673684859387149,full_v4_features,39,39,0,,ksf-v4-idsplit::
classical_ext,svc,4,matern15_med_x0.1__svc__d4,matern15_med_x0.1,id_val,fixed_c1,1.0,,0.006039619445800781,0.892,0.8919999999999999,0.8916097952629466,0.8981132075471698,0.93248,0.8790997332746745,full_v4_features,39,39,0,,ksf-v4-idsplit::
classical_ext,svc,4,matern15_med_x0.1__svc__d4,matern15_med_x0.1,id_test,fixed_c1,1.0,,0.006039619445800781,0.924,0.9239999999999999,0.9239403692494916,0.9260700389105059,0.9748479999999999,0.9688413352314161,full_v4_features,39,39,0,,ksf-v4-idsplit::
classical_ext,svc,4,matern15_med_x0.1__svc__d4,matern15_med_x0.1,ood_test,fixed_c1,1.0,,0.006039619445800781,0.806,0.8053808860941776,0.8010329874999487,0.8324697754749568,0.8993263892222275,0.8220034305411172,full_v4_features,39,39,0,,ksf-v4-idsplit::
classical_ext,svc,4,matern15_med_x0.3__svc__d4,matern15_med_x0.3,id_val,fixed_c1,1.0,,0.003998517990112305,0.872,0.872,0.870600414078675,0.8840579710144928,0.9399040000000001,0.9043988269766484,full_v4_features,39,39,0,,ksf-v4-idsplit::
classical_ext,svc,4,matern15_med_x0.3__svc__d4,matern15_med_x0.3,id_test,fixed_c1,1.0,,0.003998517990112305,0.912,0.9119999999999999,0.9115414307771488,0.917910447761194,0.9790719999999999,0.9767862712562424,full_v4_features,39,39,0,,ksf-v4-idsplit::
classical_ext,svc,4,matern15_med_x0.3__svc__d4,matern15_med_x0.3,ood_test,fixed_c1,1.0,,0.003998517990112305,0.78,0.7791644666314661,0.7696470154629677,0.8184818481848185,0.9003024048384775,0.8429604314012837,full_v4_features,39,39,0,,ksf-v4-idsplit::
classical_ext,svc,4,matern15_med_x3__svc__d4,matern15_med_x3,id_val,fixed_c1,1.0,,0.005999088287353516,0.856,0.856,0.8529507875302268,0.8741258741258742,0.8844799999999999,0.8151319105570483,full_v4_features,39,39,0,,ksf-v4-idsplit::
classical_ext,svc,4,matern15_med_x3__svc__d4,matern15_med_x3,id_test,fixed_c1,1.0,,0.005999088287353516,0.9,0.9,0.898989898989899,0.9090909090909091,0.903936,0.822847591395485,full_v4_features,39,39,0,,ksf-v4-idsplit::
classical_ext,svc,4,matern15_med_x3__svc__d4,matern15_med_x3,ood_test,fixed_c1,1.0,,0.005999088287353516,0.722,0.7209315349045584,0.7001402221982527,0.7811023622047244,0.7362197795164723,0.6203183440140297,full_v4_features,39,39,0,,ksf-v4-idsplit::
classical_ext,svc,4,matern15_med_x10__svc__d4,matern15_med_x10,id_val,fixed_c1,1.0,,0.009141921997070312,0.824,0.8240000000000001,0.8230828615542974,0.835820895522388,0.836736,0.7152383787279033,full_v4_features,39,39,0,,ksf-v4-idsplit::
classical_ext,svc,4,matern15_med_x10__svc__d4,matern15_med_x10,id_test,fixed_c1,1.0,,0.009141921997070312,0.828,0.828,0.8279752284328943,0.8300395256916996,0.8799999999999999,0.7953989147549838,full_v4_features,39,39,0,,ksf-v4-idsplit::
classical_ext,svc,4,matern15_med_x10__svc__d4,matern15_med_x10,ood_test,fixed_c1,1.0,,0.009141921997070312,0.712,0.7112753804060865,0.7019077901430844,0.7567567567567568,0.6399782396518344,0.5313290523200496,full_v4_features,39,39,0,,ksf-v4-idsplit::
classical_ext,svc,4,matern25_med_x0.1__svc__d4,matern25_med_x0.1,id_val,fixed_c1,1.0,,0.009293556213378906,0.896,0.8959999999999999,0.8955722639933166,0.9022556390977443,0.93248,0.88700900060299,full_v4_features,39,39,0,,ksf-v4-idsplit::
classical_ext,svc,4,matern25_med_x0.1__svc__d4,matern25_med_x0.1,id_test,fixed_c1,1.0,,0.009293556213378906,0.928,0.9279999999999999,0.9279261964251393,0.9302325581395349,0.9738239999999999,0.9660782985868631,full_v4_features,39,39,0,,ksf-v4-idsplit::
classical_ext,svc,4,matern25_med_x0.1__svc__d4,matern25_med_x0.1,ood_test,fixed_c1,1.0,,0.009293556213378906,0.806,0.8053488855821693,0.8005026510523999,0.8336192109777015,0.8960943375094002,0.8222272752162452,full_v4_features,39,39,0,,ksf-v4-idsplit::
classical_ext,svc,4,matern25_med_x0.3__svc__d4,matern25_med_x0.3,id_val,fixed_c1,1.0,,0.004999399185180664,0.88,0.88,0.8784755979000584,0.8920863309352518,0.942912,0.9114160142143019,full_v4_features,39,39,0,,ksf-v4-idsplit::
classical_ext,svc,4,matern25_med_x0.3__svc__d4,matern25_med_x0.3,id_test,fixed_c1,1.0,,0.004999399185180664,0.912,0.9119999999999999,0.9115414307771488,0.917910447761194,0.97984,0.9778943223505542,full_v4_features,39,39,0,,ksf-v4-idsplit::
classical_ext,svc,4,matern25_med_x0.3__svc__d4,matern25_med_x0.3,ood_test,fixed_c1,1.0,,0.004999399185180664,0.772,0.7711323381174099,0.7604035308953342,0.8131147540983606,0.8955343285492567,0.8332197363506574,full_v4_features,39,39,0,,ksf-v4-idsplit::
classical_ext,svc,4,matern25_med_x3__svc__d4,matern25_med_x3,id_val,fixed_c1,1.0,,0.0059986114501953125,0.852,0.852,0.8490412076703386,0.8701754385964913,0.847488,0.7378122929376578,full_v4_features,39,39,0,,ksf-v4-idsplit::
classical_ext,svc,4,matern25_med_x3__svc__d4,matern25_med_x3,id_test,fixed_c1,1.0,,0.0059986114501953125,0.888,0.888,0.887125902992776,0.8970588235294118,0.88288,0.8012421772872218,full_v4_features,39,39,0,,ksf-v4-idsplit::
classical_ext,svc,4,matern25_med_x3__svc__d4,matern25_med_x3,ood_test,fixed_c1,1.0,,0.0059986114501953125,0.71,0.7089793436694987,0.6893198890979135,0.7694753577106518,0.6835149362389799,0.580791961407432,full_v4_features,39,39,0,,ksf-v4-idsplit::
classical_ext,svc,4,matern25_med_x10__svc__d4,matern25_med_x10,id_val,fixed_c1,1.0,,0.009006977081298828,0.836,0.8360000000000001,0.8348345928874137,0.8487084870848709,0.875392,0.8028598531081574,full_v4_features,39,39,0,,ksf-v4-idsplit::
classical_ext,svc,4,matern25_med_x10__svc__d4,matern25_med_x10,id_test,fixed_c1,1.0,,0.009006977081298828,0.832,0.832,0.8319569809871327,0.8346456692913385,0.9133439999999999,0.8718882444765239,full_v4_features,39,39,0,,ksf-v4-idsplit::
classical_ext,svc,4,matern25_med_x10__svc__d4,matern25_med_x10,ood_test,fixed_c1,1.0,,0.009006977081298828,0.714,0.7132514120225923,0.7032887228965661,0.7596638655462185,0.7469399510392165,0.6306161752436799,full_v4_features,39,39,0,,ksf-v4-idsplit::
quantum,svc,4,zz_r1_full__as0.5__svc__d4,zz_r1_full__as0.5,id_val,fixed_c1,1.0,,0.006058454513549805,0.872,0.872,0.870600414078675,0.8840579710144928,0.9352959999999999,0.9085988469551575,full_v4_features,39,39,0,,ksf-v4-idsplit::
quantum,svc,4,zz_r1_full__as0.5__svc__d4,zz_r1_full__as0.5,id_test,fixed_c1,1.0,,0.006058454513549805,0.908,0.9079999999999999,0.9075726157753452,0.9138576779026217,0.97664,0.9725119370315172,full_v4_features,39,39,0,,ksf-v4-idsplit::
quantum,svc,4,zz_r1_full__as0.5__svc__d4,zz_r1_full__as0.5,ood_test,fixed_c1,1.0,,0.006058454513549805,0.776,0.7751484023744379,0.7650375939849624,0.8157894736842105,0.8828621257940127,0.8208727593233804,full_v4_features,39,39,0,,ksf-v4-idsplit::
quantum,svc,4,zz_r2_full__as0.5__svc__d4,zz_r2_full__as0.5,id_val,fixed_c1,1.0,,0.009636163711547852,0.876,0.876,0.874941504897452,0.8864468864468864,0.937344,0.9104189946621312,full_v4_features,39,39,0,,ksf-v4-idsplit::
quantum,svc,4,zz_r2_full__as0.5__svc__d4,zz_r2_full__as0.5,id_test,fixed_c1,1.0,,0.009636163711547852,0.924,0.9239999999999999,0.9236469434665895,0.9288389513108615,0.98336,0.9835062770113847,full_v4_features,39,39,0,,ksf-v4-idsplit::
quantum,svc,4,zz_r2_full__as0.5__svc__d4,zz_r2_full__as0.5,ood_test,fixed_c1,1.0,,0.009636163711547852,0.788,0.7871805948895183,0.7784132717907553,0.8245033112582781,0.873757980127682,0.8053755516415154,full_v4_features,39,39,0,,ksf-v4-idsplit::
quantum,svc,4,pauli_xz_r1_full__as0.5__svc__d4,pauli_xz_r1_full__as0.5,id_val,fixed_c1,1.0,,0.006348133087158203,0.868,0.868,0.8656592467147579,0.8833922261484098,0.9483520000000001,0.9243281525207685,full_v4_features,39,39,0,,ksf-v4-idsplit::
quantum,svc,4,pauli_xz_r1_full__as0.5__svc__d4,pauli_xz_r1_full__as0.5,id_test,fixed_c1,1.0,,0.006348133087158203,0.912,0.9119999999999999,0.911313209494324,0.9191176470588235,0.973056,0.9658599267070108,full_v4_features,39,39,0,,ksf-v4-idsplit::
quantum,svc,4,pauli_xz_r1_full__as0.5__svc__d4,pauli_xz_r1_full__as0.5,ood_test,fixed_c1,1.0,,0.006348133087158203,0.742,0.741011856189699,0.7248,0.7936,0.8372453959263348,0.7260931882698411,full_v4_features,39,39,0,,ksf-v4-idsplit::
quantum,svc,4,zmap_r2__as0.5__svc__d4,zmap_r2__as0.5,id_val,fixed_c1,1.0,,0.00573420524597168,0.868,0.868,0.8656592467147579,0.8833922261484098,0.950336,0.9267313761847054,full_v4_features,39,39,0,,ksf-v4-idsplit::
quantum,svc,4,zmap_r2__as0.5__svc__d4,zmap_r2__as0.5,id_test,fixed_c1,1.0,,0.00573420524597168,0.912,0.9119999999999999,0.911313209494324,0.9191176470588235,0.977152,0.9706730803392731,full_v4_features,39,39,0,,ksf-v4-idsplit::
quantum,svc,4,zmap_r2__as0.5__svc__d4,zmap_r2__as0.5,ood_test,fixed_c1,1.0,,0.00573420524597168,0.742,0.741011856189699,0.7248,0.7936,0.8961903390454248,0.8226362650038366,full_v4_features,39,39,0,,ksf-v4-idsplit::
quantum,svc,4,zz_r1_full__svc__d4,zz_r1_full,id_val,fixed_c1,1.0,,0.00587153434753418,0.88,0.88,0.87906346749226,0.8897058823529411,0.929088,0.8903609202206542,full_v4_features,39,39,0,,ksf-v4-idsplit::
quantum,svc,4,zz_r1_full__svc__d4,zz_r1_full,id_test,fixed_c1,1.0,,0.00587153434753418,0.916,0.9159999999999999,0.9156965074267363,0.9207547169811321,0.9797119999999999,0.9785851776045759,full_v4_features,39,39,0,,ksf-v4-idsplit::
quantum,svc,4,zz_r1_full__svc__d4,zz_r1_full,ood_test,fixed_c1,1.0,,0.00587153434753418,0.78,0.7791644666314661,0.7696470154629677,0.8184818481848185,0.8946543144690315,0.8330607026905813,full_v4_features,39,39,0,,ksf-v4-idsplit::
quantum,svc,4,zz_r2_full__svc__d4,zz_r2_full,id_val,fixed_c1,1.0,,0.010005712509155273,0.868,0.868,0.8672331386086033,0.8773234200743495,0.9221119999999999,0.876635350028208,full_v4_features,39,39,0,,ksf-v4-idsplit::
quantum,svc,4,zz_r2_full__svc__d4,zz_r2_full,id_test,fixed_c1,1.0,,0.010005712509155273,0.908,0.9079999999999999,0.9078806132748041,0.9111969111969112,0.974272,0.9699471988359671,full_v4_features,39,39,0,,ksf-v4-idsplit::
quantum,svc,4,zz_r2_full__svc__d4,zz_r2_full,ood_test,fixed_c1,1.0,,0.010005712509155273,0.802,0.8013328213251412,0.7961075069508805,0.8307692307692308,0.8882382118113891,0.8537688989157892,full_v4_features,39,39,0,,ksf-v4-idsplit::
quantum,svc,4,pauli_xz_r1_full__svc__d4,pauli_xz_r1_full,id_val,fixed_c1,1.0,,0.004938364028930664,0.872,0.872,0.8701298701298701,0.8857142857142857,0.9468799999999999,0.9168937692936783,full_v4_features,39,39,0,,ksf-v4-idsplit::
quantum,svc,4,pauli_xz_r1_full__svc__d4,pauli_xz_r1_full,id_test,fixed_c1,1.0,,0.004938364028930664,0.916,0.9159999999999999,0.9155119972963839,0.9219330855018587,0.97984,0.9779313128741007,full_v4_features,39,39,0,,ksf-v4-idsplit::
quantum,svc,4,pauli_xz_r1_full__svc__d4,pauli_xz_r1_full,ood_test,fixed_c1,1.0,,0.004938364028930664,0.756,0.7550680810892975,0.7416086345075315,0.8025889967637541,0.8808780940495048,0.805254693867227,full_v4_features,39,39,0,,ksf-v4-idsplit::
quantum,svc,4,zmap_r2__svc__d4,zmap_r2,id_val,fixed_c1,1.0,,0.00608515739440918,0.856,0.856,0.8532863849765258,0.8732394366197183,0.940096,0.9123893458219505,full_v4_features,39,39,0,,ksf-v4-idsplit::
quantum,svc,4,zmap_r2__svc__d4,zmap_r2,id_test,fixed_c1,1.0,,0.00608515739440918,0.912,0.9119999999999999,0.911313209494324,0.9191176470588235,0.974144,0.9715193245725144,full_v4_features,39,39,0,,ksf-v4-idsplit::
quantum,svc,4,zmap_r2__svc__d4,zmap_r2,ood_test,fixed_c1,1.0,,0.00608515739440918,0.742,0.741011856189699,0.7248,0.7936,0.8846861549784797,0.8124929545593091,full_v4_features,39,39,0,,ksf-v4-idsplit::
quantum,svc,4,zz_r1_full__as2__svc__d4,zz_r1_full__as2,id_val,fixed_c1,1.0,,0.0103302001953125,0.868,0.868,0.8677439522916366,0.8735632183908046,0.921664,0.8624032996592853,full_v4_features,39,39,0,,ksf-v4-idsplit::
quantum,svc,4,zz_r1_full__as2__svc__d4,zz_r1_full__as2,id_test,fixed_c1,1.0,,0.0103302001953125,0.896,0.8959999999999999,0.8956728299948639,0.9015151515151515,0.9660799999999999,0.9578054469118218,full_v4_features,39,39,0,,ksf-v4-idsplit::
quantum,svc,4,zz_r1_full__as2__svc__d4,zz_r1_full__as2,ood_test,fixed_c1,1.0,,0.0103302001953125,0.776,0.7752604041664667,0.767792871241147,0.8114478114478114,0.8667818685098962,0.7904162954811506,full_v4_features,39,39,0,,ksf-v4-idsplit::
quantum,svc,4,zz_r2_full__as2__svc__d4,zz_r2_full__as2,id_val,fixed_c1,1.0,,0.009942770004272461,0.832,0.8320000000000001,0.8316120341266278,0.8396946564885496,0.903808,0.8898517580319487,full_v4_features,39,39,0,,ksf-v4-idsplit::
quantum,svc,4,zz_r2_full__as2__svc__d4,zz_r2_full__as2,id_test,fixed_c1,1.0,,0.009942770004272461,0.876,0.876,0.8759027077228547,0.8793774319066148,0.937792,0.924520105686146,full_v4_features,39,39,0,,ksf-v4-idsplit::
quantum,svc,4,zz_r2_full__as2__svc__d4,zz_r2_full__as2,ood_test,fixed_c1,1.0,,0.009942770004272461,0.802,0.8015088241411863,0.7988058415402937,0.8241563055062167,0.8598537576601226,0.7801141430784535,full_v4_features,39,39,0,,ksf-v4-idsplit::
quantum,svc,4,pauli_xz_r1_full__as2__svc__d4,pauli_xz_r1_full__as2,id_val,fixed_c1,1.0,,0.006141185760498047,0.868,0.868,0.8661995815696005,0.8817204301075269,0.9273600000000001,0.8994902937325352,full_v4_features,39,39,0,,ksf-v4-idsplit::
quantum,svc,4,pauli_xz_r1_full__as2__svc__d4,pauli_xz_r1_full__as2,id_test,fixed_c1,1.0,,0.006141185760498047,0.912,0.9119999999999999,0.9115414307771488,0.917910447761194,0.950272,0.9276133630751942,full_v4_features,39,39,0,,ksf-v4-idsplit::
quantum,svc,4,pauli_xz_r1_full__as2__svc__d4,pauli_xz_r1_full__as2,ood_test,fixed_c1,1.0,,0.006141185760498047,0.764,0.7631002096033537,0.7510590538556312,0.8078175895765473,0.8339973439575032,0.7626468840449282,full_v4_features,39,39,0,,ksf-v4-idsplit::
quantum,svc,4,zmap_r2__as2__svc__d4,zmap_r2__as2,id_val,fixed_c1,1.0,,0.006000041961669922,0.856,0.8560000000000001,0.855072463768116,0.8666666666666667,0.91264,0.8728677899783697,full_v4_features,39,39,0,,ksf-v4-idsplit::
quantum,svc,4,zmap_r2__as2__svc__d4,zmap_r2__as2,id_test,fixed_c1,1.0,,0.006000041961669922,0.876,0.876,0.8755519871537536,0.8830188679245283,0.9543039999999999,0.9375361380006856,full_v4_features,39,39,0,,ksf-v4-idsplit::
quantum,svc,4,zmap_r2__as2__svc__d4,zmap_r2__as2,ood_test,fixed_c1,1.0,,0.006000041961669922,0.768,0.767164274628394,0.7570823072154931,0.8085808580858086,0.8624937999007984,0.7904877535211243,full_v4_features,39,39,0,,ksf-v4-idsplit::
classical_ext,svc,6,linear__svc__d6,linear,id_val,fixed_c1,1.0,,0.007005453109741211,0.832,0.8320000000000001,0.8314714946070878,0.8409090909090909,0.863936,0.7678638734760339,full_v4_features,39,39,0,,ksf-v4-idsplit::
classical_ext,svc,6,linear__svc__d6,linear,id_test,fixed_c1,1.0,,0.007005453109741211,0.836,0.836,0.8359973759580153,0.8353413654618473,0.887616,0.828093086319436,full_v4_features,39,39,0,,ksf-v4-idsplit::
classical_ext,svc,6,linear__svc__d6,linear,ood_test,fixed_c1,1.0,,0.007005453109741211,0.742,0.7414438631018097,0.7366906298605073,0.7740805604203153,0.7940287044592714,0.6769225049874964,full_v4_features,39,39,0,,ksf-v4-idsplit::
classical_ext,svc,6,rbf_gscale__svc__d6,rbf_gscale,id_val,fixed_c1,1.0,,0.00600123405456543,0.868,0.868,0.8656592467147579,0.8833922261484098,0.948608,0.9191411023514934,full_v4_features,39,39,0,,ksf-v4-idsplit::
classical_ext,svc,6,rbf_gscale__svc__d6,rbf_gscale,id_test,fixed_c1,1.0,,0.00600123405456543,0.908,0.9079999999999999,0.907214664923916,0.9157509157509157,0.9702400000000001,0.9621136896165585,full_v4_features,39,39,0,,ksf-v4-idsplit::
classical_ext,svc,6,rbf_gscale__svc__d6,rbf_gscale,ood_test,fixed_c1,1.0,,0.00600123405456543,0.742,0.741011856189699,0.7248,0.7936,0.8562537000592009,0.7479110041580089,full_v4_features,39,39,0,,ksf-v4-idsplit::
classical_ext,svc,6,poly2__svc__d6,poly2,id_val,fixed_c1,1.0,,0.0060045719146728516,0.852,0.852,0.8490412076703386,0.8701754385964913,0.8778239999999999,0.8158957465399689,full_v4_features,39,39,0,,ksf-v4-idsplit::
classical_ext,svc,6,poly2__svc__d6,poly2,id_test,fixed_c1,1.0,,0.0060045719146728516,0.9,0.9,0.898989898989899,0.9090909090909091,0.899136,0.8335573955741937,full_v4_features,39,39,0,,ksf-v4-idsplit::
classical_ext,svc,6,poly2__svc__d6,poly2,ood_test,fixed_c1,1.0,,0.0060045719146728516,0.718,0.7169474711595385,0.6965274997740099,0.7772511848341233,0.7358517736283781,0.6395171644241516,full_v4_features,39,39,0,,ksf-v4-idsplit::
classical_ext,svc,6,poly3__svc__d6,poly3,id_val,fixed_c1,1.0,,0.006870269775390625,0.856,0.856,0.8529507875302268,0.8741258741258742,0.901376,0.846892526685053,full_v4_features,39,39,0,,ksf-v4-idsplit::
classical_ext,svc,6,poly3__svc__d6,poly3,id_test,fixed_c1,1.0,,0.006870269775390625,0.9,0.9,0.898989898989899,0.9090909090909091,0.901248,0.8121984945470755,full_v4_features,39,39,0,,ksf-v4-idsplit::
classical_ext,svc,6,poly3__svc__d6,poly3,ood_test,fixed_c1,1.0,,0.006870269775390625,0.722,0.7209315349045584,0.7001402221982527,0.7811023622047244,0.7458839341429464,0.6198089577613665,full_v4_features,39,39,0,,ksf-v4-idsplit::
classical_ext,svc,6,laplacian_med__svc__d6,laplacian_med,id_val,fixed_c1,1.0,,0.004720926284790039,0.864,0.864,0.8614371413667188,0.8802816901408451,0.940672,0.8946214092409007,full_v4_features,39,39,0,,ksf-v4-idsplit::
classical_ext,svc,6,laplacian_med__svc__d6,laplacian_med,id_test,fixed_c1,1.0,,0.004720926284790039,0.908,0.9079999999999999,0.9073462350344028,0.915129151291513,0.962304,0.9209373838018088,full_v4_features,39,39,0,,ksf-v4-idsplit::
classical_ext,svc,6,laplacian_med__svc__d6,laplacian_med,ood_test,fixed_c1,1.0,,0.004720926284790039,0.742,0.741011856189699,0.7248,0.7936,0.8942863085809374,0.8141179961369737,full_v4_features,39,39,0,,ksf-v4-idsplit::
classical_ext,svc,6,matern15_med__svc__d6,matern15_med,id_val,fixed_c1,1.0,,0.005000114440917969,0.864,0.864,0.8614371413667188,0.8802816901408451,0.9418880000000001,0.9091747003347496,full_v4_features,39,39,0,,ksf-v4-idsplit::
classical_ext,svc,6,matern15_med__svc__d6,matern15_med,id_test,fixed_c1,1.0,,0.005000114440917969,0.908,0.9079999999999999,0.907214664923916,0.9157509157509157,0.969152,0.9562615681965391,full_v4_features,39,39,0,,ksf-v4-idsplit::
classical_ext,svc,6,matern15_med__svc__d6,matern15_med,ood_test,fixed_c1,1.0,,0.005000114440917969,0.742,0.741011856189699,0.7248,0.7936,0.8580457287316597,0.7550337607236052,full_v4_features,39,39,0,,ksf-v4-idsplit::
classical_ext,svc,6,matern25_med__svc__d6,matern25_med,id_val,fixed_c1,1.0,,0.006505250930786133,0.864,0.864,0.8614371413667188,0.8802816901408451,0.940608,0.9052410077778381,full_v4_features,39,39,0,,ksf-v4-idsplit::
classical_ext,svc,6,matern25_med__svc__d6,matern25_med,id_test,fixed_c1,1.0,,0.006505250930786133,0.908,0.9079999999999999,0.907214664923916,0.9157509157509157,0.9557760000000001,0.9335289856752984,full_v4_features,39,39,0,,ksf-v4-idsplit::
classical_ext,svc,6,matern25_med__svc__d6,matern25_med,ood_test,fixed_c1,1.0,,0.006505250930786133,0.742,0.741011856189699,0.7248,0.7936,0.8172610761772188,0.7004615243980291,full_v4_features,39,39,0,,ksf-v4-idsplit::
classical_ext,svc,6,rbf_gscale_x0.1__svc__d6,rbf_gscale_x0.1,id_val,fixed_c1,1.0,,0.00852513313293457,0.832,0.8320000000000001,0.8309178743961353,0.8444444444444444,0.860992,0.7677819976710406,full_v4_features,39,39,0,,ksf-v4-idsplit::
classical_ext,svc,6,rbf_gscale_x0.1__svc__d6,rbf_gscale_x0.1,id_test,fixed_c1,1.0,,0.00852513313293457,0.84,0.84,0.8399077868852459,0.84375,0.888256,0.8165179045247211,full_v4_features,39,39,0,,ksf-v4-idsplit::
classical_ext,svc,6,rbf_gscale_x0.1__svc__d6,rbf_gscale_x0.1,ood_test,fixed_c1,1.0,,0.00852513313293457,0.714,0.7132674122785965,0.7037509685064491,0.7588532883642496,0.6865709851357622,0.5872041712413081,full_v4_features,39,39,0,,ksf-v4-idsplit::
classical_ext,svc,6,rbf_gscale_x0.3__svc__d6,rbf_gscale_x0.3,id_val,fixed_c1,1.0,,0.006509304046630859,0.856,0.856,0.8529507875302268,0.8741258741258742,0.907392,0.8631488475639124,full_v4_features,39,39,0,,ksf-v4-idsplit::
classical_ext,svc,6,rbf_gscale_x0.3__svc__d6,rbf_gscale_x0.3,id_test,fixed_c1,1.0,,0.006509304046630859,0.9,0.9,0.898989898989899,0.9090909090909091,0.906112,0.8250128293059771,full_v4_features,39,39,0,,ksf-v4-idsplit::
classical_ext,svc,6,rbf_gscale_x0.3__svc__d6,rbf_gscale_x0.3,ood_test,fixed_c1,1.0,,0.006509304046630859,0.722,0.7209315349045584,0.7001402221982527,0.7811023622047244,0.7252276036416583,0.6006442087983743,full_v4_features,39,39,0,,ksf-v4-idsplit::
classical_ext,svc,6,rbf_gscale_x3__svc__d6,rbf_gscale_x3,id_val,fixed_c1,1.0,,0.0060007572174072266,0.872,0.872,0.8701298701298701,0.8857142857142857,0.946496,0.9229906282245632,full_v4_features,39,39,0,,ksf-v4-idsplit::
classical_ext,svc,6,rbf_gscale_x3__svc__d6,rbf_gscale_x3,id_test,fixed_c1,1.0,,0.0060007572174072266,0.916,0.9159999999999999,0.9155119972963839,0.9219330855018587,0.981504,0.9791021860202788,full_v4_features,39,39,0,,ksf-v4-idsplit::
classical_ext,svc,6,rbf_gscale_x3__svc__d6,rbf_gscale_x3,ood_test,fixed_c1,1.0,,0.0060007572174072266,0.748,0.7470359525752412,0.7320471596998928,0.797427652733119,0.8982543720699532,0.8269135074717882,full_v4_features,39,39,0,,ksf-v4-idsplit::
classical_ext,svc,6,rbf_gscale_x10__svc__d6,rbf_gscale_x10,id_val,fixed_c1,1.0,,0.0065152645111083984,0.876,0.876,0.874941504897452,0.8864468864468864,0.938112,0.9078769752197251,full_v4_features,39,39,0,,ksf-v4-idsplit::
classical_ext,svc,6,rbf_gscale_x10__svc__d6,rbf_gscale_x10,id_test,fixed_c1,1.0,,0.0065152645111083984,0.916,0.9159999999999999,0.9156097796209673,0.9213483146067416,0.970496,0.9575536193843923,full_v4_features,39,39,0,,ksf-v4-idsplit::
classical_ext,svc,6,rbf_gscale_x10__svc__d6,rbf_gscale_x10,ood_test,fixed_c1,1.0,,0.0065152645111083984,0.78,0.7792284676554825,0.7712108354548328,0.8160535117056856,0.9003024048384773,0.8455418103646476,full_v4_features,39,39,0,,ksf-v4-idsplit::
classical_ext,svc,6,laplacian_med_x0.1__svc__d6,laplacian_med_x0.1,id_val,fixed_c1,1.0,,0.009138345718383789,0.892,0.8919999999999999,0.8916097952629466,0.8981132075471698,0.9474560000000001,0.937669501016735,full_v4_features,39,39,0,,ksf-v4-idsplit::
classical_ext,svc,6,laplacian_med_x0.1__svc__d6,laplacian_med_x0.1,id_test,fixed_c1,1.0,,0.009138345718383789,0.92,0.9199999999999999,0.919953893442623,0.921875,0.979456,0.9792392668943665,full_v4_features,39,39,0,,ksf-v4-idsplit::
classical_ext,svc,6,laplacian_med_x0.1__svc__d6,laplacian_med_x0.1,ood_test,fixed_c1,1.0,,0.009138345718383789,0.814,0.8134130146082337,0.8097186700767263,0.8382608695652174,0.9186386982191715,0.8715294920571252,full_v4_features,39,39,0,,ksf-v4-idsplit::
classical_ext,svc,6,laplacian_med_x0.3__svc__d6,laplacian_med_x0.3,id_val,fixed_c1,1.0,,0.006009578704833984,0.884,0.884,0.8830097949040681,0.8937728937728938,0.94304,0.9111524600575398,full_v4_features,39,39,0,,ksf-v4-idsplit::
classical_ext,svc,6,laplacian_med_x0.3__svc__d6,laplacian_med_x0.3,id_test,fixed_c1,1.0,,0.006009578704833984,0.916,0.9159999999999999,0.9156097796209673,0.9213483146067416,0.96928,0.9397825741140867,full_v4_features,39,39,0,,ksf-v4-idsplit::
classical_ext,svc,6,laplacian_med_x0.3__svc__d6,laplacian_med_x0.3,ood_test,fixed_c1,1.0,,0.006009578704833984,0.784,0.7832445319125105,0.7757326068177288,0.8187919463087249,0.9136306180898893,0.8648635844565463,full_v4_features,39,39,0,,ksf-v4-idsplit::
classical_ext,svc,6,laplacian_med_x3__svc__d6,laplacian_med_x3,id_val,fixed_c1,1.0,,0.0045108795166015625,0.86,0.86,0.8572011423908609,0.8771929824561403,0.935488,0.8853122128508283,full_v4_features,39,39,0,,ksf-v4-idsplit::
classical_ext,svc,6,laplacian_med_x3__svc__d6,laplacian_med_x3,id_test,fixed_c1,1.0,,0.0045108795166015625,0.908,0.9079999999999999,0.907214664923916,0.9157509157509157,0.945088,0.8965728525351073,full_v4_features,39,39,0,,ksf-v4-idsplit::
classical_ext,svc,6,laplacian_med_x3__svc__d6,laplacian_med_x3,ood_test,fixed_c1,1.0,,0.0045108795166015625,0.742,0.741011856189699,0.7248,0.7936,0.8707179314869039,0.7694691145790655,full_v4_features,39,39,0,,ksf-v4-idsplit::
classical_ext,svc,6,laplacian_med_x10__svc__d6,laplacian_med_x10,id_val,fixed_c1,1.0,,0.006006479263305664,0.852,0.852,0.8486856095925144,0.8710801393728222,0.8983679999999999,0.8164908205409721,full_v4_features,39,39,0,,ksf-v4-idsplit::
classical_ext,svc,6,laplacian_med_x10__svc__d6,laplacian_med_x10,id_test,fixed_c1,1.0,,0.006006479263305664,0.9,0.9,0.898989898989899,0.9090909090909091,0.9276160000000001,0.8540046564040227,full_v4_features,39,39,0,,ksf-v4-idsplit::
classical_ext,svc,6,laplacian_med_x10__svc__d6,laplacian_med_x10,ood_test,fixed_c1,1.0,,0.006006479263305664,0.722,0.7209315349045584,0.7001402221982527,0.7811023622047244,0.8152450439207026,0.6983290488918674,full_v4_features,39,39,0,,ksf-v4-idsplit::
classical_ext,svc,6,matern15_med_x0.1__svc__d6,matern15_med_x0.1,id_val,fixed_c1,1.0,,0.01724553108215332,0.888,0.8879999999999999,0.8874163664436439,0.8955223880597015,0.924032,0.9084667047794275,full_v4_features,39,39,0,,ksf-v4-idsplit::
classical_ext,svc,6,matern15_med_x0.1__svc__d6,matern15_med_x0.1,id_test,fixed_c1,1.0,,0.01724553108215332,0.916,0.9159999999999999,0.9158370605492233,0.9195402298850575,0.979008,0.9789993317897269,full_v4_features,39,39,0,,ksf-v4-idsplit::
classical_ext,svc,6,matern15_med_x0.1__svc__d6,matern15_med_x0.1,ood_test,fixed_c1,1.0,,0.01724553108215332,0.798,0.7973487575801212,0.792275956250437,0.8267581475128645,0.9002544040704652,0.829016184377549,full_v4_features,39,39,0,,ksf-v4-idsplit::
classical_ext,svc,6,matern15_med_x0.3__svc__d6,matern15_med_x0.3,id_val,fixed_c1,1.0,,0.005998849868774414,0.876,0.876,0.8747474747474748,0.8872727272727273,0.93248,0.8961979868326949,full_v4_features,39,39,0,,ksf-v4-idsplit::
classical_ext,svc,6,matern15_med_x0.3__svc__d6,matern15_med_x0.3,id_test,fixed_c1,1.0,,0.005998849868774414,0.916,0.9159999999999999,0.9156097796209673,0.9213483146067416,0.970624,0.9556304105339151,full_v4_features,39,39,0,,ksf-v4-idsplit::
classical_ext,svc,6,matern15_med_x0.3__svc__d6,matern15_med_x0.3,ood_test,fixed_c1,1.0,,0.005998849868774414,0.774,0.7732043712699403,0.7643860066138723,0.8119800332778702,0.9041424662794604,0.8434560340544645,full_v4_features,39,39,0,,ksf-v4-idsplit::
classical_ext,svc,6,matern15_med_x3__svc__d6,matern15_med_x3,id_val,fixed_c1,1.0,,0.006823062896728516,0.856,0.856,0.8529507875302268,0.8741258741258742,0.8842239999999999,0.8239829526543682,full_v4_features,39,39,0,,ksf-v4-idsplit::
classical_ext,svc,6,matern15_med_x3__svc__d6,matern15_med_x3,id_test,fixed_c1,1.0,,0.006823062896728516,0.9,0.9,0.898989898989899,0.9090909090909091,0.8961920000000001,0.8098224602110762,full_v4_features,39,39,0,,ksf-v4-idsplit::
classical_ext,svc,6,matern15_med_x3__svc__d6,matern15_med_x3,ood_test,fixed_c1,1.0,,0.006823062896728516,0.718,0.7169474711595385,0.6965274997740099,0.7772511848341233,0.7410678570857132,0.6279936593054187,full_v4_features,39,39,0,,ksf-v4-idsplit::
classical_ext,svc,6,matern15_med_x10__svc__d6,matern15_med_x10,id_val,fixed_c1,1.0,,0.008006572723388672,0.828,0.8280000000000001,0.8270007563687861,0.8401486988847584,0.8675839999999999,0.7847391704487936,full_v4_features,39,39,0,,ksf-v4-idsplit::
classical_ext,svc,6,matern15_med_x10__svc__d6,matern15_med_x10,id_test,fixed_c1,1.0,,0.008006572723388672,0.832,0.832,0.8319569809871327,0.8346456692913385,0.9092480000000001,0.855334190059414,full_v4_features,39,39,0,,ksf-v4-idsplit::
classical_ext,svc,6,matern15_med_x10__svc__d6,matern15_med_x10,ood_test,fixed_c1,1.0,,0.008006572723388672,0.712,0.7112753804060865,0.7019077901430844,0.7567567567567568,0.7092273476375622,0.6045170794755099,full_v4_features,39,39,0,,ksf-v4-idsplit::
classical_ext,svc,6,matern25_med_x0.1__svc__d6,matern25_med_x0.1,id_val,fixed_c1,1.0,,0.0069997310638427734,0.888,0.8879999999999999,0.8874163664436439,0.8955223880597015,0.920896,0.9036771466301463,full_v4_features,39,39,0,,ksf-v4-idsplit::
classical_ext,svc,6,matern25_med_x0.1__svc__d6,matern25_med_x0.1,id_test,fixed_c1,1.0,,0.0069997310638427734,0.912,0.9119999999999999,0.9117967797806146,0.916030534351145,0.9787520000000001,0.9785893553515409,full_v4_features,39,39,0,,ksf-v4-idsplit::
classical_ext,svc,6,matern25_med_x0.1__svc__d6,matern25_med_x0.1,ood_test,fixed_c1,1.0,,0.0069997310638427734,0.798,0.7973487575801212,0.792275956250437,0.8267581475128645,0.8972783564537032,0.8215589184974077,full_v4_features,39,39,0,,ksf-v4-idsplit::
classical_ext,svc,6,matern25_med_x0.3__svc__d6,matern25_med_x0.3,id_val,fixed_c1,1.0,,0.005000591278076172,0.88,0.88,0.8786878881987578,0.8913043478260869,0.9381120000000001,0.9054894889925631,full_v4_features,39,39,0,,ksf-v4-idsplit::
classical_ext,svc,6,matern25_med_x0.3__svc__d6,matern25_med_x0.3,id_test,fixed_c1,1.0,,0.005000591278076172,0.912,0.9119999999999999,0.9115414307771488,0.917910447761194,0.970688,0.9576825675426511,full_v4_features,39,39,0,,ksf-v4-idsplit::
classical_ext,svc,6,matern25_med_x0.3__svc__d6,matern25_med_x0.3,ood_test,fixed_c1,1.0,,0.005000591278076172,0.772,0.771164338629418,0.7612705432979847,0.8118811881188119,0.9018704299268788,0.8445165520093927,full_v4_features,39,39,0,,ksf-v4-idsplit::
classical_ext,svc,6,matern25_med_x3__svc__d6,matern25_med_x3,id_val,fixed_c1,1.0,,0.0069997310638427734,0.836,0.8360000000000001,0.8348345928874137,0.8487084870848709,0.8601599999999999,0.7687810776493121,full_v4_features,39,39,0,,ksf-v4-idsplit::
classical_ext,svc,6,matern25_med_x3__svc__d6,matern25_med_x3,id_test,fixed_c1,1.0,,0.0069997310638427734,0.848,0.848,0.847844192453072,0.8527131782945736,0.888576,0.8215434269979882,full_v4_features,39,39,0,,ksf-v4-idsplit::
classical_ext,svc,6,matern25_med_x3__svc__d6,matern25_med_x3,ood_test,fixed_c1,1.0,,0.0069997310638427734,0.716,0.7152274436390982,0.7046539875871479,0.7625418060200669,0.6876590025440407,0.5924292077040745,full_v4_features,39,39,0,,ksf-v4-idsplit::
classical_ext,svc,6,matern25_med_x10__svc__d6,matern25_med_x10,id_val,fixed_c1,1.0,,0.012401103973388672,0.828,0.8280000000000001,0.8270007563687861,0.8401486988847584,0.917504,0.8964706506795277,full_v4_features,39,39,0,,ksf-v4-idsplit::
classical_ext,svc,6,matern25_med_x10__svc__d6,matern25_med_x10,id_test,fixed_c1,1.0,,0.012401103973388672,0.832,0.832,0.8319569809871327,0.8346456692913385,0.932416,0.9106967884372456,full_v4_features,39,39,0,,ksf-v4-idsplit::
classical_ext,svc,6,matern25_med_x10__svc__d6,matern25_med_x10,ood_test,fixed_c1,1.0,,0.012401103973388672,0.714,0.7132674122785965,0.7037509685064491,0.7588532883642496,0.8488615817853086,0.7682615736468639,full_v4_features,39,39,0,,ksf-v4-idsplit::
quantum,svc,6,zz_r1_full__as0.5__svc__d6,zz_r1_full__as0.5,id_val,fixed_c1,1.0,,0.01499485969543457,0.88,0.88,0.87906346749226,0.8897058823529411,0.9220479999999999,0.8972863080946474,full_v4_features,39,39,0,,ksf-v4-idsplit::
quantum,svc,6,zz_r1_full__as0.5__svc__d6,zz_r1_full__as0.5,id_test,fixed_c1,1.0,,0.01499485969543457,0.916,0.9159999999999999,0.915772248159022,0.9201520912547528,0.979904,0.9780993981267397,full_v4_features,39,39,0,,ksf-v4-idsplit::
quantum,svc,6,zz_r1_full__as0.5__svc__d6,zz_r1_full__as0.5,ood_test,fixed_c1,1.0,,0.01499485969543457,0.782,0.7812364997839966,0.7734744857455182,0.8174204355108877,0.8942223075569209,0.8212388143390417,full_v4_features,39,39,0,,ksf-v4-idsplit::
quantum,svc,6,zz_r2_full__as0.5__svc__d6,zz_r2_full__as0.5,id_val,fixed_c1,1.0,,0.007998943328857422,0.88,0.88,0.87906346749226,0.8897058823529411,0.9266559999999999,0.906405194408255,full_v4_features,39,39,0,,ksf-v4-idsplit::
quantum,svc,6,zz_r2_full__as0.5__svc__d6,zz_r2_full__as0.5,id_test,fixed_c1,1.0,,0.007998943328857422,0.912,0.9119999999999999,0.9118589743589743,0.9153846153846154,0.976256,0.9747171995364733,full_v4_features,39,39,0,,ksf-v4-idsplit::
quantum,svc,6,zz_r2_full__as0.5__svc__d6,zz_r2_full__as0.5,ood_test,fixed_c1,1.0,,0.007998943328857422,0.798,0.7973167570681131,0.7916933065490799,0.82793867120954,0.8968303492855886,0.826205517545728,full_v4_features,39,39,0,,ksf-v4-idsplit::
quantum,svc,6,pauli_xz_r1_full__as0.5__svc__d6,pauli_xz_r1_full__as0.5,id_val,fixed_c1,1.0,,0.00600123405456543,0.868,0.868,0.8656592467147579,0.8833922261484098,0.952256,0.9339893520822523,full_v4_features,39,39,0,,ksf-v4-idsplit::
quantum,svc,6,pauli_xz_r1_full__as0.5__svc__d6,pauli_xz_r1_full__as0.5,id_test,fixed_c1,1.0,,0.00600123405456543,0.912,0.9119999999999999,0.911313209494324,0.9191176470588235,0.9745280000000001,0.9704577939260617,full_v4_features,39,39,0,,ksf-v4-idsplit::
quantum,svc,6,pauli_xz_r1_full__as0.5__svc__d6,pauli_xz_r1_full__as0.5,ood_test,fixed_c1,1.0,,0.00600123405456543,0.742,0.741011856189699,0.7248,0.7936,0.8602537640602249,0.7503697252098577,full_v4_features,39,39,0,,ksf-v4-idsplit::
quantum,svc,6,zmap_r2__as0.5__svc__d6,zmap_r2__as0.5,id_val,fixed_c1,1.0,,0.005057334899902344,0.868,0.868,0.8656592467147579,0.8833922261484098,0.950144,0.9351992304806499,full_v4_features,39,39,0,,ksf-v4-idsplit::
quantum,svc,6,zmap_r2__as0.5__svc__d6,zmap_r2__as0.5,id_test,fixed_c1,1.0,,0.005057334899902344,0.912,0.9119999999999999,0.911313209494324,0.9191176470588235,0.9756800000000001,0.9717595468034694,full_v4_features,39,39,0,,ksf-v4-idsplit::
quantum,svc,6,zmap_r2__as0.5__svc__d6,zmap_r2__as0.5,ood_test,fixed_c1,1.0,,0.005057334899902344,0.742,0.741011856189699,0.7248,0.7936,0.8992783884542153,0.821874651678526,full_v4_features,39,39,0,,ksf-v4-idsplit::
quantum,svc,6,zz_r1_full__svc__d6,zz_r1_full,id_val,fixed_c1,1.0,,0.010513544082641602,0.876,0.876,0.874941504897452,0.8864468864468864,0.928064,0.8990143203294457,full_v4_features,39,39,0,,ksf-v4-idsplit::
quantum,svc,6,zz_r1_full__svc__d6,zz_r1_full,id_test,fixed_c1,1.0,,0.010513544082641602,0.916,0.9159999999999999,0.915772248159022,0.9201520912547528,0.979392,0.9796504713525677,full_v4_features,39,39,0,,ksf-v4-idsplit::
quantum,svc,6,zz_r1_full__svc__d6,zz_r1_full,ood_test,fixed_c1,1.0,,0.010513544082641602,0.782,0.7812685002960047,0.7741878011692513,0.8161888701517707,0.894078305252884,0.8437136276482219,full_v4_features,39,39,0,,ksf-v4-idsplit::
quantum,svc,6,zz_r2_full__svc__d6,zz_r2_full,id_val,fixed_c1,1.0,,0.009979248046875,0.884,0.884,0.8837749883774988,0.8888888888888888,0.925824,0.9012186502913311,full_v4_features,39,39,0,,ksf-v4-idsplit::
quantum,svc,6,zz_r2_full__svc__d6,zz_r2_full,id_test,fixed_c1,1.0,,0.009979248046875,0.912,0.912,0.9119492827868853,0.9140625,0.9687680000000001,0.9708512439201601,full_v4_features,39,39,0,,ksf-v4-idsplit::
quantum,svc,6,zz_r2_full__svc__d6,zz_r2_full,ood_test,fixed_c1,1.0,,0.009979248046875,0.818,0.8174610793772701,0.8144667039092477,0.8400702987697716,0.8930382886126179,0.8365822345952371,full_v4_features,39,39,0,,ksf-v4-idsplit::
quantum,svc,6,pauli_xz_r1_full__svc__d6,pauli_xz_r1_full,id_val,fixed_c1,1.0,,0.005002260208129883,0.876,0.876,0.8743086978381096,0.8888888888888888,0.947648,0.93334098057375,full_v4_features,39,39,0,,ksf-v4-idsplit::
quantum,svc,6,pauli_xz_r1_full__svc__d6,pauli_xz_r1_full,id_test,fixed_c1,1.0,,0.005002260208129883,0.912,0.9119999999999999,0.9115414307771488,0.917910447761194,0.98144,0.9793758983710417,full_v4_features,39,39,0,,ksf-v4-idsplit::
quantum,svc,6,pauli_xz_r1_full__svc__d6,pauli_xz_r1_full,ood_test,fixed_c1,1.0,,0.005002260208129883,0.764,0.7631002096033537,0.7510590538556312,0.8078175895765473,0.8869261908190531,0.8243058848502127,full_v4_features,39,39,0,,ksf-v4-idsplit::
quantum,svc,6,zmap_r2__svc__d6,zmap_r2,id_val,fixed_c1,1.0,,0.006000518798828125,0.868,0.868,0.865938673036611,0.8825622775800712,0.9399040000000001,0.9224854405105325,full_v4_features,39,39,0,,ksf-v4-idsplit::
quantum,svc,6,zmap_r2__svc__d6,zmap_r2,id_test,fixed_c1,1.0,,0.006000518798828125,0.912,0.9119999999999999,0.9114331723027376,0.9185185185185185,0.97344,0.9692426482095017,full_v4_features,39,39,0,,ksf-v4-idsplit::
quantum,svc,6,zmap_r2__svc__d6,zmap_r2,ood_test,fixed_c1,1.0,,0.006000518798828125,0.752,0.7510680170882734,0.7373727104830647,0.7993527508090615,0.900558408934543,0.8492390332079979,full_v4_features,39,39,0,,ksf-v4-idsplit::
quantum,svc,6,zz_r1_full__as2__svc__d6,zz_r1_full__as2,id_val,fixed_c1,1.0,,0.00999903678894043,0.864,0.864,0.8631239935587762,0.8740740740740741,0.923392,0.8895377105183131,full_v4_features,39,39,0,,ksf-v4-idsplit::
quantum,svc,6,zz_r1_full__as2__svc__d6,zz_r1_full__as2,id_test,fixed_c1,1.0,,0.00999903678894043,0.884,0.884,0.8839981439703035,0.8844621513944223,0.970176,0.9717824007047929,full_v4_features,39,39,0,,ksf-v4-idsplit::
quantum,svc,6,zz_r1_full__as2__svc__d6,zz_r1_full__as2,ood_test,fixed_c1,1.0,,0.00999903678894043,0.778,0.777316437062993,0.7710688814549294,0.8109028960817717,0.8881102097633562,0.8298216835815054,full_v4_features,39,39,0,,ksf-v4-idsplit::
quantum,svc,6,zz_r2_full__as2__svc__d6,zz_r2_full__as2,id_val,fixed_c1,1.0,,0.011377096176147461,0.84,0.84,0.8399590295115549,0.84251968503937,0.9265920000000001,0.9036496860105702,full_v4_features,39,39,0,,ksf-v4-idsplit::
quantum,svc,6,zz_r2_full__as2__svc__d6,zz_r2_full__as2,id_test,fixed_c1,1.0,,0.011377096176147461,0.896,0.896,0.8959933435739887,0.8968253968253969,0.948736,0.9543126777444609,full_v4_features,39,39,0,,ksf-v4-idsplit::
quantum,svc,6,zz_r2_full__as2__svc__d6,zz_r2_full__as2,ood_test,fixed_c1,1.0,,0.011377096176147461,0.782,0.7815405046480743,0.7789217058320048,0.8050089445438283,0.8888942223075569,0.8673730322542387,full_v4_features,39,39,0,,ksf-v4-idsplit::
quantum,svc,6,pauli_xz_r1_full__as2__svc__d6,pauli_xz_r1_full__as2,id_val,fixed_c1,1.0,,0.007277250289916992,0.868,0.868,0.8664421816062553,0.8808664259927798,0.922624,0.8896459581243437,full_v4_features,39,39,0,,ksf-v4-idsplit::
quantum,svc,6,pauli_xz_r1_full__as2__svc__d6,pauli_xz_r1_full__as2,id_test,fixed_c1,1.0,,0.007277250289916992,0.908,0.9079999999999999,0.9075726157753452,0.9138576779026217,0.9575680000000001,0.9239365905776724,full_v4_features,39,39,0,,ksf-v4-idsplit::
quantum,svc,6,pauli_xz_r1_full__as2__svc__d6,pauli_xz_r1_full__as2,ood_test,fixed_c1,1.0,,0.007277250289916992,0.774,0.7732203715259445,0.7647783712671576,0.8113522537562604,0.8771340341445464,0.7898851389325194,full_v4_features,39,39,0,,ksf-v4-idsplit::
quantum,svc,6,zmap_r2__as2__svc__d6,zmap_r2__as2,id_val,fixed_c1,1.0,,0.010510683059692383,0.864,0.864,0.862734965441509,0.8759124087591241,0.922368,0.8766875717635737,full_v4_features,39,39,0,,ksf-v4-idsplit::
quantum,svc,6,zmap_r2__as2__svc__d6,zmap_r2__as2,id_test,fixed_c1,1.0,,0.010510683059692383,0.904,0.9039999999999999,0.9036051667630616,0.9097744360902256,0.9520639999999999,0.9278432859871709,full_v4_features,39,39,0,,ksf-v4-idsplit::
quantum,svc,6,zmap_r2__as2__svc__d6,zmap_r2__as2,ood_test,fixed_c1,1.0,,0.010510683059692383,0.776,0.7752284036544586,0.7670510324631026,0.8127090301003345,0.8705739291828669,0.7784239470564297,full_v4_features,39,39,0,,ksf-v4-idsplit::
classical_ext,svc,8,linear__svc__d8,linear,id_val,fixed_c1,1.0,,0.00699925422668457,0.832,0.8320000000000001,0.8311245496654658,0.8432835820895522,0.836672,0.7099136994044855,full_v4_features,39,39,0,,ksf-v4-idsplit::
classical_ext,svc,8,linear__svc__d8,linear,id_test,fixed_c1,1.0,,0.00699925422668457,0.84,0.84,0.84,0.84,0.8784,0.7774279684748017,full_v4_features,39,39,0,,ksf-v4-idsplit::
classical_ext,svc,8,linear__svc__d8,linear,ood_test,fixed_c1,1.0,,0.00699925422668457,0.74,0.7393398294372711,0.7324486301369864,0.7773972602739726,0.7522200355205684,0.6282158588658363,full_v4_features,39,39,0,,ksf-v4-idsplit::
classical_ext,svc,8,rbf_gscale__svc__d8,rbf_gscale,id_val,fixed_c1,1.0,,0.0065593719482421875,0.868,0.868,0.8656592467147579,0.8833922261484098,0.9415680000000001,0.9210338884897935,full_v4_features,39,39,0,,ksf-v4-idsplit::
classical_ext,svc,8,rbf_gscale__svc__d8,rbf_gscale,id_test,fixed_c1,1.0,,0.0065593719482421875,0.908,0.9079999999999999,0.907214664923916,0.9157509157509157,0.9637120000000001,0.9501942734580278,full_v4_features,39,39,0,,ksf-v4-idsplit::
classical_ext,svc,8,rbf_gscale__svc__d8,rbf_gscale,ood_test,fixed_c1,1.0,,0.0065593719482421875,0.742,0.741011856189699,0.7248,0.7936,0.8395494327909248,0.7270319394993223,full_v4_features,39,39,0,,ksf-v4-idsplit::
classical_ext,svc,8,poly2__svc__d8,poly2,id_val,fixed_c1,1.0,,0.007668733596801758,0.856,0.856,0.8529507875302268,0.8741258741258742,0.8535039999999999,0.7593564119745208,full_v4_features,39,39,0,,ksf-v4-idsplit::
classical_ext,svc,8,poly2__svc__d8,poly2,id_test,fixed_c1,1.0,,0.007668733596801758,0.892,0.892,0.8910780849106841,0.9010989010989011,0.8894720000000002,0.8212250891060977,full_v4_features,39,39,0,,ksf-v4-idsplit::
classical_ext,svc,8,poly2__svc__d8,poly2,ood_test,fixed_c1,1.0,,0.007668733596801758,0.72,0.7189395030320485,0.6983330747616832,0.7791798107255521,0.7081393302292837,0.6128366393636253,full_v4_features,39,39,0,,ksf-v4-idsplit::
classical_ext,svc,8,poly3__svc__d8,poly3,id_val,fixed_c1,1.0,,0.00789952278137207,0.856,0.856,0.8529507875302268,0.8741258741258742,0.88896,0.8316130551979474,full_v4_features,39,39,0,,ksf-v4-idsplit::
classical_ext,svc,8,poly3__svc__d8,poly3,id_test,fixed_c1,1.0,,0.00789952278137207,0.9,0.9,0.898989898989899,0.9090909090909091,0.902336,0.8201695855835341,full_v4_features,39,39,0,,ksf-v4-idsplit::
classical_ext,svc,8,poly3__svc__d8,poly3,ood_test,fixed_c1,1.0,,0.00789952278137207,0.722,0.7209315349045584,0.7001402221982527,0.7811023622047244,0.7332117313877021,0.619984950208611,full_v4_features,39,39,0,,ksf-v4-idsplit::
classical_ext,svc,8,laplacian_med__svc__d8,laplacian_med,id_val,fixed_c1,1.0,,0.0070002079010009766,0.864,0.864,0.8614371413667188,0.8802816901408451,0.9453440000000001,0.9191689762566231,full_v4_features,39,39,0,,ksf-v4-idsplit::
classical_ext,svc,8,laplacian_med__svc__d8,laplacian_med,id_test,fixed_c1,1.0,,0.0070002079010009766,0.904,0.9039999999999999,0.903250773993808,0.9117647058823529,0.9624320000000001,0.9193730278334146,full_v4_features,39,39,0,,ksf-v4-idsplit::
classical_ext,svc,8,laplacian_med__svc__d8,laplacian_med,ood_test,fixed_c1,1.0,,0.0070002079010009766,0.742,0.741011856189699,0.7248,0.7936,0.9078065249043985,0.8428072846357744,full_v4_features,39,39,0,,ksf-v4-idsplit::
classical_ext,svc,8,matern15_med__svc__d8,matern15_med,id_val,fixed_c1,1.0,,0.006999492645263672,0.864,0.864,0.8614371413667188,0.8802816901408451,0.940544,0.9041127382823062,full_v4_features,39,39,0,,ksf-v4-idsplit::
classical_ext,svc,8,matern15_med__svc__d8,matern15_med,id_test,fixed_c1,1.0,,0.006999492645263672,0.908,0.9079999999999999,0.907214664923916,0.9157509157509157,0.9681280000000001,0.9516378550617128,full_v4_features,39,39,0,,ksf-v4-idsplit::
classical_ext,svc,8,matern15_med__svc__d8,matern15_med,ood_test,fixed_c1,1.0,,0.006999492645263672,0.742,0.741011856189699,0.7248,0.7936,0.8474055584889358,0.7452144744216564,full_v4_features,39,39,0,,ksf-v4-idsplit::
classical_ext,svc,8,matern25_med__svc__d8,matern25_med,id_val,fixed_c1,1.0,,0.006005287170410156,0.864,0.864,0.8614371413667188,0.8802816901408451,0.932544,0.8921978567624137,full_v4_features,39,39,0,,ksf-v4-idsplit::
classical_ext,svc,8,matern25_med__svc__d8,matern25_med,id_test,fixed_c1,1.0,,0.006005287170410156,0.908,0.9079999999999999,0.907214664923916,0.9157509157509157,0.947072,0.8964395570938388,full_v4_features,39,39,0,,ksf-v4-idsplit::
classical_ext,svc,8,matern25_med__svc__d8,matern25_med,ood_test,fixed_c1,1.0,,0.006005287170410156,0.742,0.741011856189699,0.7248,0.7936,0.7895646330341285,0.6617824941796311,full_v4_features,39,39,0,,ksf-v4-idsplit::
classical_ext,svc,8,rbf_gscale_x0.1__svc__d8,rbf_gscale_x0.1,id_val,fixed_c1,1.0,,0.00699925422668457,0.824,0.8240000000000001,0.8230828615542974,0.835820895522388,0.8648959999999999,0.7838661245791554,full_v4_features,39,39,0,,ksf-v4-idsplit::
classical_ext,svc,8,rbf_gscale_x0.1__svc__d8,rbf_gscale_x0.1,id_test,fixed_c1,1.0,,0.00699925422668457,0.832,0.832,0.8319569809871327,0.8346456692913385,0.891904,0.8178914352199033,full_v4_features,39,39,0,,ksf-v4-idsplit::
classical_ext,svc,8,rbf_gscale_x0.1__svc__d8,rbf_gscale_x0.1,ood_test,fixed_c1,1.0,,0.00699925422668457,0.712,0.7112913806620906,0.7023563455973543,0.7559322033898305,0.6896270340325446,0.5886725483562876,full_v4_features,39,39,0,,ksf-v4-idsplit::
classical_ext,svc,8,rbf_gscale_x0.3__svc__d8,rbf_gscale_x0.3,id_val,fixed_c1,1.0,,0.007057666778564453,0.856,0.856,0.8529507875302268,0.8741258741258742,0.8963840000000001,0.8466706215339036,full_v4_features,39,39,0,,ksf-v4-idsplit::
classical_ext,svc,8,rbf_gscale_x0.3__svc__d8,rbf_gscale_x0.3,id_test,fixed_c1,1.0,,0.007057666778564453,0.9,0.9,0.898989898989899,0.9090909090909091,0.9084800000000001,0.827396267780941,full_v4_features,39,39,0,,ksf-v4-idsplit::
classical_ext,svc,8,rbf_gscale_x0.3__svc__d8,rbf_gscale_x0.3,ood_test,fixed_c1,1.0,,0.007057666778564453,0.722,0.7209315349045584,0.7001402221982527,0.7811023622047244,0.7295316725067602,0.6082413995738913,full_v4_features,39,39,0,,ksf-v4-idsplit::
classical_ext,svc,8,rbf_gscale_x3__svc__d8,rbf_gscale_x3,id_val,fixed_c1,1.0,,0.010057449340820312,0.872,0.872,0.8698679159346736,0.8865248226950354,0.94816,0.9207665899316504,full_v4_features,39,39,0,,ksf-v4-idsplit::
classical_ext,svc,8,rbf_gscale_x3__svc__d8,rbf_gscale_x3,id_test,fixed_c1,1.0,,0.010057449340820312,0.912,0.9119999999999999,0.911313209494324,0.9191176470588235,0.9750400000000001,0.9658643801313818,full_v4_features,39,39,0,,ksf-v4-idsplit::
classical_ext,svc,8,rbf_gscale_x3__svc__d8,rbf_gscale_x3,ood_test,fixed_c1,1.0,,0.010057449340820312,0.748,0.7470359525752412,0.7320471596998928,0.797427652733119,0.9088945423126771,0.8584822167867069,full_v4_features,39,39,0,,ksf-v4-idsplit::
classical_ext,svc,8,rbf_gscale_x10__svc__d8,rbf_gscale_x10,id_val,fixed_c1,1.0,,0.00800013542175293,0.864,0.864,0.8625129399585921,0.8768115942028986,0.929216,0.8811175516722499,full_v4_features,39,39,0,,ksf-v4-idsplit::
classical_ext,svc,8,rbf_gscale_x10__svc__d8,rbf_gscale_x10,id_test,fixed_c1,1.0,,0.00800013542175293,0.912,0.9119999999999999,0.9115414307771488,0.917910447761194,0.9656319999999999,0.9417821362708025,full_v4_features,39,39,0,,ksf-v4-idsplit::
classical_ext,svc,8,rbf_gscale_x10__svc__d8,rbf_gscale_x10,ood_test,fixed_c1,1.0,,0.00800013542175293,0.77,0.7691563065009039,0.7589613960955939,0.8105436573311368,0.9006224099585594,0.851243908885619,full_v4_features,39,39,0,,ksf-v4-idsplit::
classical_ext,svc,8,laplacian_med_x0.1__svc__d8,laplacian_med_x0.1,id_val,fixed_c1,1.0,,0.017912864685058594,0.88,0.88,0.8792270531400965,0.8888888888888888,0.949696,0.9450863649193597,full_v4_features,39,39,0,,ksf-v4-idsplit::
classical_ext,svc,8,laplacian_med_x0.1__svc__d8,laplacian_med_x0.1,id_test,fixed_c1,1.0,,0.017912864685058594,0.916,0.9159999999999999,0.9158370605492233,0.9195402298850575,0.964608,0.9564722123386401,full_v4_features,39,39,0,,ksf-v4-idsplit::
classical_ext,svc,8,laplacian_med_x0.1__svc__d8,laplacian_med_x0.1,ood_test,fixed_c1,1.0,,0.017912864685058594,0.804,0.8033728539656635,0.7988505747126438,0.8310344827586207,0.9178386854189667,0.8898000344690981,full_v4_features,39,39,0,,ksf-v4-idsplit::
classical_ext,svc,8,laplacian_med_x0.3__svc__d8,laplacian_med_x0.3,id_val,fixed_c1,1.0,,0.007000923156738281,0.868,0.868,0.8666666666666667,0.88,0.9412480000000001,0.9091917923844164,full_v4_features,39,39,0,,ksf-v4-idsplit::
classical_ext,svc,8,laplacian_med_x0.3__svc__d8,laplacian_med_x0.3,id_test,fixed_c1,1.0,,0.007000923156738281,0.92,0.9199999999999999,0.9196709723025512,0.924812030075188,0.9616,0.9101393147898493,full_v4_features,39,39,0,,ksf-v4-idsplit::
classical_ext,svc,8,laplacian_med_x0.3__svc__d8,laplacian_med_x0.3,ood_test,fixed_c1,1.0,,0.007000923156738281,0.78,0.7792284676554825,0.7712108354548328,0.8160535117056856,0.9210707371317941,0.8780880933953195,full_v4_features,39,39,0,,ksf-v4-idsplit::
classical_ext,svc,8,laplacian_med_x3__svc__d8,laplacian_med_x3,id_val,fixed_c1,1.0,,0.006089210510253906,0.86,0.86,0.8572011423908609,0.8771929824561403,0.93984,0.9070720935762606,full_v4_features,39,39,0,,ksf-v4-idsplit::
classical_ext,svc,8,laplacian_med_x3__svc__d8,laplacian_med_x3,id_test,fixed_c1,1.0,,0.006089210510253906,0.908,0.9079999999999999,0.907214664923916,0.9157509157509157,0.9520000000000001,0.9045106579304869,full_v4_features,39,39,0,,ksf-v4-idsplit::
classical_ext,svc,8,laplacian_med_x3__svc__d8,laplacian_med_x3,ood_test,fixed_c1,1.0,,0.006089210510253906,0.742,0.741011856189699,0.7248,0.7936,0.8706539304628875,0.7715076544193772,full_v4_features,39,39,0,,ksf-v4-idsplit::
classical_ext,svc,8,laplacian_med_x10__svc__d8,laplacian_med_x10,id_val,fixed_c1,1.0,,0.006437063217163086,0.852,0.852,0.8486856095925144,0.8710801393728222,0.892736,0.8105956976550649,full_v4_features,39,39,0,,ksf-v4-idsplit::
classical_ext,svc,8,laplacian_med_x10__svc__d8,laplacian_med_x10,id_test,fixed_c1,1.0,,0.006437063217163086,0.9,0.9,0.898989898989899,0.9090909090909091,0.923328,0.8451237079569893,full_v4_features,39,39,0,,ksf-v4-idsplit::
classical_ext,svc,8,laplacian_med_x10__svc__d8,laplacian_med_x10,ood_test,fixed_c1,1.0,,0.006437063217163086,0.722,0.7209315349045584,0.7001402221982527,0.7811023622047244,0.8089249427990848,0.6863468081108857,full_v4_features,39,39,0,,ksf-v4-idsplit::
classical_ext,svc,8,matern15_med_x0.1__svc__d8,matern15_med_x0.1,id_val,fixed_c1,1.0,,0.009999990463256836,0.876,0.876,0.8751188385246298,0.8856088560885609,0.939008,0.9220983354214938,full_v4_features,39,39,0,,ksf-v4-idsplit::
classical_ext,svc,8,matern15_med_x0.1__svc__d8,matern15_med_x0.1,id_test,fixed_c1,1.0,,0.009999990463256836,0.912,0.9119999999999999,0.9117967797806146,0.916030534351145,0.950656,0.9130780546438946,full_v4_features,39,39,0,,ksf-v4-idsplit::
classical_ext,svc,8,matern15_med_x0.1__svc__d8,matern15_med_x0.1,ood_test,fixed_c1,1.0,,0.009999990463256836,0.794,0.7933326933230932,0.7878694264236432,0.8239316239316239,0.8966703467255476,0.8468906415680826,full_v4_features,39,39,0,,ksf-v4-idsplit::
classical_ext,svc,8,matern15_med_x0.3__svc__d8,matern15_med_x0.3,id_val,fixed_c1,1.0,,0.008513927459716797,0.872,0.872,0.8703739710933955,0.8848920863309353,0.93504,0.8985920618403739,full_v4_features,39,39,0,,ksf-v4-idsplit::
classical_ext,svc,8,matern15_med_x0.3__svc__d8,matern15_med_x0.3,id_test,fixed_c1,1.0,,0.008513927459716797,0.916,0.9159999999999999,0.9155119972963839,0.9219330855018587,0.96032,0.9216991308530408,full_v4_features,39,39,0,,ksf-v4-idsplit::
classical_ext,svc,8,matern15_med_x0.3__svc__d8,matern15_med_x0.3,ood_test,fixed_c1,1.0,,0.008513927459716797,0.754,0.7531080497287956,0.7407590070437675,0.799347471451876,0.9072305156882511,0.8655613782481181,full_v4_features,39,39,0,,ksf-v4-idsplit::
classical_ext,svc,8,matern15_med_x3__svc__d8,matern15_med_x3,id_val,fixed_c1,1.0,,0.011681556701660156,0.856,0.856,0.8529507875302268,0.8741258741258742,0.885184,0.8300311471287739,full_v4_features,39,39,0,,ksf-v4-idsplit::
classical_ext,svc,8,matern15_med_x3__svc__d8,matern15_med_x3,id_test,fixed_c1,1.0,,0.011681556701660156,0.9,0.9,0.898989898989899,0.9090909090909091,0.902784,0.8228037753142741,full_v4_features,39,39,0,,ksf-v4-idsplit::
classical_ext,svc,8,matern15_med_x3__svc__d8,matern15_med_x3,ood_test,fixed_c1,1.0,,0.011681556701660156,0.722,0.7209315349045584,0.7001402221982527,0.7811023622047244,0.7360917774684396,0.6275476410350745,full_v4_features,39,39,0,,ksf-v4-idsplit::
classical_ext,svc,8,matern15_med_x10__svc__d8,matern15_med_x10,id_val,fixed_c1,1.0,,0.008826255798339844,0.828,0.8280000000000001,0.8270007563687861,0.8401486988847584,0.871552,0.817256598037464,full_v4_features,39,39,0,,ksf-v4-idsplit::
classical_ext,svc,8,matern15_med_x10__svc__d8,matern15_med_x10,id_test,fixed_c1,1.0,,0.008826255798339844,0.836,0.836,0.8359343737494997,0.8392156862745098,0.916096,0.8698477809912273,full_v4_features,39,39,0,,ksf-v4-idsplit::
classical_ext,svc,8,matern15_med_x10__svc__d8,matern15_med_x10,ood_test,fixed_c1,1.0,,0.008826255798339844,0.712,0.7112753804060865,0.7019077901430844,0.7567567567567568,0.7083793340693451,0.6004610172112955,full_v4_features,39,39,0,,ksf-v4-idsplit::
classical_ext,svc,8,matern25_med_x0.1__svc__d8,matern25_med_x0.1,id_val,fixed_c1,1.0,,0.009612798690795898,0.876,0.876,0.8751188385246298,0.8856088560885609,0.9330559999999999,0.9097321423774767,full_v4_features,39,39,0,,ksf-v4-idsplit::
classical_ext,svc,8,matern25_med_x0.1__svc__d8,matern25_med_x0.1,id_test,fixed_c1,1.0,,0.009612798690795898,0.912,0.9119999999999999,0.9117967797806146,0.916030534351145,0.947584,0.8959087364477767,full_v4_features,39,39,0,,ksf-v4-idsplit::
classical_ext,svc,8,matern25_med_x0.1__svc__d8,matern25_med_x0.1,ood_test,fixed_c1,1.0,,0.009612798690795898,0.8,0.7993567897086353,0.794472122198655,0.8281786941580757,0.8919822717163475,0.825613069386121,full_v4_features,39,39,0,,ksf-v4-idsplit::
classical_ext,svc,8,matern25_med_x0.3__svc__d8,matern25_med_x0.3,id_val,fixed_c1,1.0,,0.008651018142700195,0.876,0.876,0.8743086978381096,0.8888888888888888,0.932032,0.890733926496236,full_v4_features,39,39,0,,ksf-v4-idsplit::
classical_ext,svc,8,matern25_med_x0.3__svc__d8,matern25_med_x0.3,id_test,fixed_c1,1.0,,0.008651018142700195,0.916,0.9159999999999999,0.9155119972963839,0.9219330855018587,0.9632,0.9343059821798749,full_v4_features,39,39,0,,ksf-v4-idsplit::
classical_ext,svc,8,matern25_med_x0.3__svc__d8,matern25_med_x0.3,ood_test,fixed_c1,1.0,,0.008651018142700195,0.756,0.7551000816013056,0.7426203777151441,0.8013029315960912,0.9086065377046032,0.8724143398873324,full_v4_features,39,39,0,,ksf-v4-idsplit::
classical_ext,svc,8,matern25_med_x3__svc__d8,matern25_med_x3,id_val,fixed_c1,1.0,,0.007143259048461914,0.832,0.8320000000000001,0.8309178743961353,0.8444444444444444,0.86496,0.785645053528279,full_v4_features,39,39,0,,ksf-v4-idsplit::
classical_ext,svc,8,matern25_med_x3__svc__d8,matern25_med_x3,id_test,fixed_c1,1.0,,0.007143259048461914,0.836,0.836,0.8359343737494997,0.8392156862745098,0.8944000000000001,0.8263559439659312,full_v4_features,39,39,0,,ksf-v4-idsplit::
classical_ext,svc,8,matern25_med_x3__svc__d8,matern25_med_x3,ood_test,fixed_c1,1.0,,0.007143259048461914,0.716,0.7152594441511064,0.7055945331807401,0.7609427609427609,0.6939631034096545,0.5930269635351679,full_v4_features,39,39,0,,ksf-v4-idsplit::
classical_ext,svc,8,matern25_med_x10__svc__d8,matern25_med_x10,id_val,fixed_c1,1.0,,0.01100611686706543,0.82,0.8200000000000001,0.8191638134735015,0.8314606741573034,0.915392,0.9061110347336844,full_v4_features,39,39,0,,ksf-v4-idsplit::
classical_ext,svc,8,matern25_med_x10__svc__d8,matern25_med_x10,id_test,fixed_c1,1.0,,0.01100611686706543,0.836,0.836,0.8359973759580153,0.8366533864541833,0.9208320000000001,0.9119741038790687,full_v4_features,39,39,0,,ksf-v4-idsplit::
classical_ext,svc,8,matern25_med_x10__svc__d8,matern25_med_x10,ood_test,fixed_c1,1.0,,0.01100611686706543,0.73,0.7293156690507048,0.7215702612289683,0.7700170357751278,0.852589641434263,0.771174795901991,full_v4_features,39,39,0,,ksf-v4-idsplit::
quantum,svc,8,zz_r1_full__as0.5__svc__d8,zz_r1_full__as0.5,id_val,fixed_c1,1.0,,0.007817983627319336,0.868,0.868,0.8664421816062553,0.8808664259927798,0.919808,0.8528377150795784,full_v4_features,39,39,0,,ksf-v4-idsplit::
quantum,svc,8,zz_r1_full__as0.5__svc__d8,zz_r1_full__as0.5,id_test,fixed_c1,1.0,,0.007817983627319336,0.924,0.9239999999999999,0.9237254114813328,0.9283018867924528,0.9385600000000001,0.8726510418038332,full_v4_features,39,39,0,,ksf-v4-idsplit::
quantum,svc,8,zz_r1_full__as0.5__svc__d8,zz_r1_full__as0.5,ood_test,fixed_c1,1.0,,0.007817983627319336,0.776,0.7752284036544586,0.7670510324631026,0.8127090301003345,0.8887982207715323,0.8330458390665756,full_v4_features,39,39,0,,ksf-v4-idsplit::
quantum,svc,8,zz_r2_full__as0.5__svc__d8,zz_r2_full__as0.5,id_val,fixed_c1,1.0,,0.010438203811645508,0.876,0.876,0.8754239603928566,0.8838951310861424,0.923264,0.8917371525337185,full_v4_features,39,39,0,,ksf-v4-idsplit::
quantum,svc,8,zz_r2_full__as0.5__svc__d8,zz_r2_full__as0.5,id_test,fixed_c1,1.0,,0.010438203811645508,0.904,0.9039999999999999,0.9038461538461539,0.9076923076923077,0.946496,0.9071662028715609,full_v4_features,39,39,0,,ksf-v4-idsplit::
quantum,svc,8,zz_r2_full__as0.5__svc__d8,zz_r2_full__as0.5,ood_test,fixed_c1,1.0,,0.010438203811645508,0.788,0.7873885982175715,0.7827120812082848,0.8166089965397924,0.899390390246244,0.8616540567588838,full_v4_features,39,39,0,,ksf-v4-idsplit::
quantum,svc,8,pauli_xz_r1_full__as0.5__svc__d8,pauli_xz_r1_full__as0.5,id_val,fixed_c1,1.0,,0.005515336990356445,0.868,0.868,0.8656592467147579,0.8833922261484098,0.946496,0.9306435588630683,full_v4_features,39,39,0,,ksf-v4-idsplit::
quantum,svc,8,pauli_xz_r1_full__as0.5__svc__d8,pauli_xz_r1_full__as0.5,id_test,fixed_c1,1.0,,0.005515336990356445,0.908,0.9079999999999999,0.907214664923916,0.9157509157509157,0.9690880000000001,0.9624665436308109,full_v4_features,39,39,0,,ksf-v4-idsplit::
quantum,svc,8,pauli_xz_r1_full__as0.5__svc__d8,pauli_xz_r1_full__as0.5,ood_test,fixed_c1,1.0,,0.005515336990356445,0.742,0.741011856189699,0.7248,0.7936,0.8597737563801021,0.7469412240287575,full_v4_features,39,39,0,,ksf-v4-idsplit::
quantum,svc,8,zmap_r2__as0.5__svc__d8,zmap_r2__as0.5,id_val,fixed_c1,1.0,,0.00699925422668457,0.868,0.868,0.8656592467147579,0.8833922261484098,0.9468799999999999,0.927137996661352,full_v4_features,39,39,0,,ksf-v4-idsplit::
quantum,svc,8,zmap_r2__as0.5__svc__d8,zmap_r2__as0.5,id_test,fixed_c1,1.0,,0.00699925422668457,0.912,0.9119999999999999,0.911313209494324,0.9191176470588235,0.963968,0.9496177743826834,full_v4_features,39,39,0,,ksf-v4-idsplit::
quantum,svc,8,zmap_r2__as0.5__svc__d8,zmap_r2__as0.5,ood_test,fixed_c1,1.0,,0.00699925422668457,0.742,0.741011856189699,0.7248,0.7936,0.8895822333157329,0.8212666677186681,full_v4_features,39,39,0,,ksf-v4-idsplit::
quantum,svc,8,zz_r1_full__svc__d8,zz_r1_full,id_val,fixed_c1,1.0,,0.011646032333374023,0.86,0.86,0.85880492488422,0.8717948717948718,0.9335039999999999,0.916994900690068,full_v4_features,39,39,0,,ksf-v4-idsplit::
quantum,svc,8,zz_r1_full__svc__d8,zz_r1_full,id_test,fixed_c1,1.0,,0.011646032333374023,0.904,0.9039999999999999,0.9036979969183359,0.9090909090909091,0.949504,0.9297374618859294,full_v4_features,39,39,0,,ksf-v4-idsplit::
quantum,svc,8,zz_r1_full__svc__d8,zz_r1_full,ood_test,fixed_c1,1.0,,0.011646032333374023,0.778,0.7772524360389766,0.7696856520385933,0.8134453781512605,0.8972943567097074,0.8612724401891109,full_v4_features,39,39,0,,ksf-v4-idsplit::
quantum,svc,8,zz_r2_full__svc__d8,zz_r2_full,id_val,fixed_c1,1.0,,0.011000633239746094,0.844,0.844,0.8439775327647181,0.8458498023715415,0.9244799999999999,0.8995543327686246,full_v4_features,39,39,0,,ksf-v4-idsplit::
quantum,svc,8,zz_r2_full__svc__d8,zz_r2_full,id_test,fixed_c1,1.0,,0.011000633239746094,0.864,0.864,0.8639651750848217,0.8617886178861789,0.9503999999999999,0.949405924914134,full_v4_features,39,39,0,,ksf-v4-idsplit::
quantum,svc,8,zz_r2_full__svc__d8,zz_r2_full,ood_test,fixed_c1,1.0,,0.011000633239746094,0.806,0.8057008912142594,0.8048124791229843,0.8200371057513914,0.9006384102145634,0.8853766859576817,full_v4_features,39,39,0,,ksf-v4-idsplit::
quantum,svc,8,pauli_xz_r1_full__svc__d8,pauli_xz_r1_full,id_val,fixed_c1,1.0,,0.009925127029418945,0.872,0.872,0.8701298701298701,0.8857142857142857,0.948672,0.9323547011261382,full_v4_features,39,39,0,,ksf-v4-idsplit::
quantum,svc,8,pauli_xz_r1_full__svc__d8,pauli_xz_r1_full,id_test,fixed_c1,1.0,,0.009925127029418945,0.916,0.9159999999999999,0.9155119972963839,0.9219330855018587,0.974272,0.969844632834425,full_v4_features,39,39,0,,ksf-v4-idsplit::
quantum,svc,8,pauli_xz_r1_full__svc__d8,pauli_xz_r1_full,ood_test,fixed_c1,1.0,,0.009925127029418945,0.752,0.7510840173442775,0.7378923160173161,0.7987012987012987,0.8919342709483351,0.8358998006273489,full_v4_features,39,39,0,,ksf-v4-idsplit::
quantum,svc,8,zmap_r2__svc__d8,zmap_r2,id_val,fixed_c1,1.0,,0.007102251052856445,0.864,0.864,0.8617346606805909,0.8794326241134752,0.9379200000000001,0.9072811077896096,full_v4_features,39,39,0,,ksf-v4-idsplit::
quantum,svc,8,zmap_r2__svc__d8,zmap_r2,id_test,fixed_c1,1.0,,0.007102251052856445,0.912,0.9119999999999999,0.9114331723027376,0.9185185185185185,0.957568,0.9197367769473723,full_v4_features,39,39,0,,ksf-v4-idsplit::
quantum,svc,8,zmap_r2__svc__d8,zmap_r2,ood_test,fixed_c1,1.0,,0.007102251052856445,0.756,0.7551000816013056,0.7426203777151441,0.8013029315960912,0.9072945167122674,0.8733834413196756,full_v4_features,39,39,0,,ksf-v4-idsplit::
quantum,svc,8,zz_r1_full__as2__svc__d8,zz_r1_full__as2,id_val,fixed_c1,1.0,,0.01182699203491211,0.872,0.872,0.8710010319917441,0.8823529411764706,0.9323520000000001,0.903167592954356,full_v4_features,39,39,0,,ksf-v4-idsplit::
quantum,svc,8,zz_r1_full__as2__svc__d8,zz_r1_full__as2,id_test,fixed_c1,1.0,,0.01182699203491211,0.896,0.896,0.8958933948363124,0.8992248062015504,0.9536,0.9514473079570037,full_v4_features,39,39,0,,ksf-v4-idsplit::
quantum,svc,8,zz_r1_full__as2__svc__d8,zz_r1_full__as2,ood_test,fixed_c1,1.0,,0.01182699203491211,0.776,0.7753244051904831,0.7691711595851676,0.8088737201365188,0.9136626186018976,0.9066329897816146,full_v4_features,39,39,0,,ksf-v4-idsplit::
quantum,svc,8,zz_r2_full__as2__svc__d8,zz_r2_full__as2,id_val,fixed_c1,1.0,,0.00997018814086914,0.832,0.8320000000000001,0.8317307692307692,0.825,0.9159679999999999,0.8933460254568936,full_v4_features,39,39,0,,ksf-v4-idsplit::
quantum,svc,8,zz_r2_full__as2__svc__d8,zz_r2_full__as2,id_test,fixed_c1,1.0,,0.00997018814086914,0.812,0.812,0.8109078034728592,0.7965367965367965,0.939776,0.9430864040007407,full_v4_features,39,39,0,,ksf-v4-idsplit::
quantum,svc,8,zz_r2_full__as2__svc__d8,zz_r2_full__as2,ood_test,fixed_c1,1.0,,0.00997018814086914,0.81,0.8099089585433368,0.8098714731158263,0.8148148148148148,0.9065745051920832,0.8980701528365256,full_v4_features,39,39,0,,ksf-v4-idsplit::
quantum,svc,8,pauli_xz_r1_full__as2__svc__d8,pauli_xz_r1_full__as2,id_val,fixed_c1,1.0,,0.008690118789672852,0.876,0.876,0.8747474747474748,0.8872727272727273,0.917056,0.8707743394942129,full_v4_features,39,39,0,,ksf-v4-idsplit::
quantum,svc,8,pauli_xz_r1_full__as2__svc__d8,pauli_xz_r1_full__as2,id_test,fixed_c1,1.0,,0.008690118789672852,0.92,0.9199999999999999,0.919583118888317,0.9253731343283582,0.9488639999999999,0.9003837330800128,full_v4_features,39,39,0,,ksf-v4-idsplit::
quantum,svc,8,pauli_xz_r1_full__as2__svc__d8,pauli_xz_r1_full__as2,ood_test,fixed_c1,1.0,,0.008690118789672852,0.78,0.7791964671434743,0.7704469189802835,0.8172757475083057,0.8811500984015743,0.8070501063886685,full_v4_features,39,39,0,,ksf-v4-idsplit::
quantum,svc,8,zmap_r2__as2__svc__d8,zmap_r2__as2,id_val,fixed_c1,1.0,,0.007999658584594727,0.864,0.864,0.862734965441509,0.8759124087591241,0.919616,0.8586994219597034,full_v4_features,39,39,0,,ksf-v4-idsplit::
quantum,svc,8,zmap_r2__as2__svc__d8,zmap_r2__as2,id_test,fixed_c1,1.0,,0.007999658584594727,0.912,0.9119999999999999,0.9116380695328063,0.9172932330827067,0.9420799999999999,0.9053968382266455,full_v4_features,39,39,0,,ksf-v4-idsplit::
quantum,svc,8,zmap_r2__as2__svc__d8,zmap_r2__as2,ood_test,fixed_c1,1.0,,0.007999658584594727,0.782,0.7812685002960047,0.7741878011692513,0.8161888701517707,0.8710539368629898,0.7994312970126799,full_v4_features,39,39,0,,ksf-v4-idsplit::
classical_ext,svc,10,linear__svc__d10,linear,id_val,fixed_c1,1.0,,0.008999347686767578,0.828,0.8280000000000001,0.8272009773191237,0.8389513108614233,0.8349439999999999,0.7096206919405713,full_v4_features,39,39,0,,ksf-v4-idsplit::
classical_ext,svc,10,linear__svc__d10,linear,id_test,fixed_c1,1.0,,0.008999347686767578,0.84,0.84,0.84,0.84,0.87712,0.7748043280723893,full_v4_features,39,39,0,,ksf-v4-idsplit::
classical_ext,svc,10,linear__svc__d10,linear,ood_test,fixed_c1,1.0,,0.008999347686767578,0.738,0.7373477975647611,0.7305757452357153,0.7753001715265866,0.7556280900494408,0.628477426411434,full_v4_features,39,39,0,,ksf-v4-idsplit::
classical_ext,svc,10,rbf_gscale__svc__d10,rbf_gscale,id_val,fixed_c1,1.0,,0.007155895233154297,0.868,0.868,0.8656592467147579,0.8833922261484098,0.9497599999999999,0.9355448189952316,full_v4_features,39,39,0,,ksf-v4-idsplit::
classical_ext,svc,10,rbf_gscale__svc__d10,rbf_gscale,id_test,fixed_c1,1.0,,0.007155895233154297,0.908,0.9079999999999999,0.907214664923916,0.9157509157509157,0.96,0.9439515335744992,full_v4_features,39,39,0,,ksf-v4-idsplit::
classical_ext,svc,10,rbf_gscale__svc__d10,rbf_gscale,ood_test,fixed_c1,1.0,,0.007155895233154297,0.742,0.741011856189699,0.7248,0.7936,0.8525576409222548,0.767473999841727,full_v4_features,39,39,0,,ksf-v4-idsplit::
classical_ext,svc,10,poly2__svc__d10,poly2,id_val,fixed_c1,1.0,,0.008009195327758789,0.852,0.852,0.8490412076703386,0.8701754385964913,0.8744959999999999,0.8149655074237865,full_v4_features,39,39,0,,ksf-v4-idsplit::
classical_ext,svc,10,poly2__svc__d10,poly2,id_test,fixed_c1,1.0,,0.008009195327758789,0.892,0.892,0.8910780849106841,0.9010989010989011,0.8928640000000001,0.8205042244407492,full_v4_features,39,39,0,,ksf-v4-idsplit::
classical_ext,svc,10,poly2__svc__d10,poly2,ood_test,fixed_c1,1.0,,0.008009195327758789,0.714,0.7129634074145186,0.6929208594780084,0.7733755942947702,0.7185714971439544,0.625386850560529,full_v4_features,39,39,0,,ksf-v4-idsplit::
classical_ext,svc,10,poly3__svc__d10,poly3,id_val,fixed_c1,1.0,,0.008777618408203125,0.856,0.856,0.8529507875302268,0.8741258741258742,0.9038079999999998,0.874270113230019,full_v4_features,39,39,0,,ksf-v4-idsplit::
classical_ext,svc,10,poly3__svc__d10,poly3,id_test,fixed_c1,1.0,,0.008777618408203125,0.9,0.9,0.898989898989899,0.9090909090909091,0.899008,0.8108910265925589,full_v4_features,39,39,0,,ksf-v4-idsplit::
classical_ext,svc,10,poly3__svc__d10,poly3,ood_test,fixed_c1,1.0,,0.008777618408203125,0.722,0.7209315349045584,0.7001402221982527,0.7811023622047244,0.7646202339237429,0.6592736820865692,full_v4_features,39,39,0,,ksf-v4-idsplit::
classical_ext,svc,10,laplacian_med__svc__d10,laplacian_med,id_val,fixed_c1,1.0,,0.006232261657714844,0.872,0.872,0.8698679159346736,0.8865248226950354,0.9607680000000001,0.9523672772238291,full_v4_features,39,39,0,,ksf-v4-idsplit::
classical_ext,svc,10,laplacian_med__svc__d10,laplacian_med,id_test,fixed_c1,1.0,,0.006232261657714844,0.912,0.9119999999999999,0.911313209494324,0.9191176470588235,0.9710080000000001,0.9458180348819225,full_v4_features,39,39,0,,ksf-v4-idsplit::
classical_ext,svc,10,laplacian_med__svc__d10,laplacian_med,ood_test,fixed_c1,1.0,,0.006232261657714844,0.744,0.7430358885742172,0.7277939400125895,0.7942122186495176,0.933214931438903,0.90004143840819,full_v4_features,39,39,0,,ksf-v4-idsplit::
classical_ext,svc,10,matern15_med__svc__d10,matern15_med,id_val,fixed_c1,1.0,,0.006517648696899414,0.864,0.864,0.8614371413667188,0.8802816901408451,0.944896,0.919457044872968,full_v4_features,39,39,0,,ksf-v4-idsplit::
classical_ext,svc,10,matern15_med__svc__d10,matern15_med,id_test,fixed_c1,1.0,,0.006517648696899414,0.908,0.9079999999999999,0.907214664923916,0.9157509157509157,0.9599360000000001,0.9395344018881424,full_v4_features,39,39,0,,ksf-v4-idsplit::
classical_ext,svc,10,matern15_med__svc__d10,matern15_med,ood_test,fixed_c1,1.0,,0.006517648696899414,0.742,0.741011856189699,0.7248,0.7936,0.8683818941103058,0.7888719155736432,full_v4_features,39,39,0,,ksf-v4-idsplit::
classical_ext,svc,10,matern25_med__svc__d10,matern25_med,id_val,fixed_c1,1.0,,0.0067288875579833984,0.864,0.864,0.8614371413667188,0.8802816901408451,0.938944,0.9058012120448284,full_v4_features,39,39,0,,ksf-v4-idsplit::
classical_ext,svc,10,matern25_med__svc__d10,matern25_med,id_test,fixed_c1,1.0,,0.0067288875579833984,0.908,0.9079999999999999,0.907214664923916,0.9157509157509157,0.94496,0.8952271499386598,full_v4_features,39,39,0,,ksf-v4-idsplit::
classical_ext,svc,10,matern25_med__svc__d10,matern25_med,ood_test,fixed_c1,1.0,,0.0067288875579833984,0.742,0.741011856189699,0.7248,0.7936,0.8338373413974624,0.7295726031106405,full_v4_features,39,39,0,,ksf-v4-idsplit::
classical_ext,svc,10,rbf_gscale_x0.1__svc__d10,rbf_gscale_x0.1,id_val,fixed_c1,1.0,,0.006509542465209961,0.824,0.8240000000000001,0.8230828615542974,0.835820895522388,0.8794879999999999,0.8149649923554441,full_v4_features,39,39,0,,ksf-v4-idsplit::
classical_ext,svc,10,rbf_gscale_x0.1__svc__d10,rbf_gscale_x0.1,id_test,fixed_c1,1.0,,0.006509542465209961,0.836,0.836,0.8359343737494997,0.8392156862745098,0.897472,0.8224167599722153,full_v4_features,39,39,0,,ksf-v4-idsplit::
classical_ext,svc,10,rbf_gscale_x0.1__svc__d10,rbf_gscale_x0.1,ood_test,fixed_c1,1.0,,0.006509542465209961,0.718,0.7172994767916286,0.7087727560011401,0.7606112054329371,0.7041072657162514,0.6064423081993696,full_v4_features,39,39,0,,ksf-v4-idsplit::
classical_ext,svc,10,rbf_gscale_x0.3__svc__d10,rbf_gscale_x0.3,id_val,fixed_c1,1.0,,0.007134675979614258,0.856,0.856,0.8529507875302268,0.8741258741258742,0.924032,0.8924040440519512,full_v4_features,39,39,0,,ksf-v4-idsplit::
classical_ext,svc,10,rbf_gscale_x0.3__svc__d10,rbf_gscale_x0.3,id_test,fixed_c1,1.0,,0.007134675979614258,0.9,0.9,0.898989898989899,0.9090909090909091,0.9143680000000001,0.834884954903185,full_v4_features,39,39,0,,ksf-v4-idsplit::
classical_ext,svc,10,rbf_gscale_x0.3__svc__d10,rbf_gscale_x0.3,ood_test,fixed_c1,1.0,,0.007134675979614258,0.722,0.7209315349045584,0.7001402221982527,0.7811023622047244,0.7803804860877773,0.6660035341785756,full_v4_features,39,39,0,,ksf-v4-idsplit::
classical_ext,svc,10,rbf_gscale_x3__svc__d10,rbf_gscale_x3,id_val,fixed_c1,1.0,,0.005998373031616211,0.872,0.872,0.8701298701298701,0.8857142857142857,0.9498239999999999,0.9177829347627152,full_v4_features,39,39,0,,ksf-v4-idsplit::
classical_ext,svc,10,rbf_gscale_x3__svc__d10,rbf_gscale_x3,id_test,fixed_c1,1.0,,0.005998373031616211,0.916,0.9159999999999999,0.915403084161846,0.922509225092251,0.967232,0.9545362559663274,full_v4_features,39,39,0,,ksf-v4-idsplit::
classical_ext,svc,10,rbf_gscale_x3__svc__d10,rbf_gscale_x3,ood_test,fixed_c1,1.0,,0.005998373031616211,0.754,0.7530760492167875,0.7397497365759529,0.8006482982171799,0.8995183922942767,0.8309495458202025,full_v4_features,39,39,0,,ksf-v4-idsplit::
classical_ext,svc,10,rbf_gscale_x10__svc__d10,rbf_gscale_x10,id_val,fixed_c1,1.0,,0.006999015808105469,0.876,0.876,0.8747474747474748,0.8872727272727273,0.949376,0.932818409528463,full_v4_features,39,39,0,,ksf-v4-idsplit::
classical_ext,svc,10,rbf_gscale_x10__svc__d10,rbf_gscale_x10,id_test,fixed_c1,1.0,,0.006999015808105469,0.904,0.9039999999999999,0.9036051667630616,0.9097744360902256,0.973888,0.9702890889113621,full_v4_features,39,39,0,,ksf-v4-idsplit::
classical_ext,svc,10,rbf_gscale_x10__svc__d10,rbf_gscale_x10,ood_test,fixed_c1,1.0,,0.006999015808105469,0.776,0.7752124033984544,0.7666666666666666,0.8133333333333334,0.90406246499944,0.8575771335849827,full_v4_features,39,39,0,,ksf-v4-idsplit::
classical_ext,svc,10,laplacian_med_x0.1__svc__d10,laplacian_med_x0.1,id_val,fixed_c1,1.0,,0.01147317886352539,0.876,0.876,0.8754239603928566,0.8838951310861424,0.96096,0.9608058292524306,full_v4_features,39,39,0,,ksf-v4-idsplit::
classical_ext,svc,10,laplacian_med_x0.1__svc__d10,laplacian_med_x0.1,id_test,fixed_c1,1.0,,0.01147317886352539,0.908,0.9079999999999999,0.9078215425062922,0.9118773946360154,0.965056,0.9630669677080418,full_v4_features,39,39,0,,ksf-v4-idsplit::
classical_ext,svc,10,laplacian_med_x0.1__svc__d10,laplacian_med_x0.1,ood_test,fixed_c1,1.0,,0.01147317886352539,0.804,0.8033888542216676,0.7991111694189803,0.8304498269896193,0.9298868781900511,0.9186270896433593,full_v4_features,39,39,0,,ksf-v4-idsplit::
classical_ext,svc,10,laplacian_med_x0.3__svc__d10,laplacian_med_x0.3,id_val,fixed_c1,1.0,,0.007105112075805664,0.888,0.888,0.887125902992776,0.8970588235294118,0.96576,0.9627311703291879,full_v4_features,39,39,0,,ksf-v4-idsplit::
classical_ext,svc,10,laplacian_med_x0.3__svc__d10,laplacian_med_x0.3,id_test,fixed_c1,1.0,,0.007105112075805664,0.908,0.9079999999999999,0.9076676033721397,0.9132075471698113,0.9732480000000001,0.9671574077116689,full_v4_features,39,39,0,,ksf-v4-idsplit::
classical_ext,svc,10,laplacian_med_x0.3__svc__d10,laplacian_med_x0.3,ood_test,fixed_c1,1.0,,0.007105112075805664,0.782,0.7812364997839966,0.7734744857455182,0.8174204355108877,0.9333909342549481,0.8938124371398067,full_v4_features,39,39,0,,ksf-v4-idsplit::
classical_ext,svc,10,laplacian_med_x3__svc__d10,laplacian_med_x3,id_val,fixed_c1,1.0,,0.0055713653564453125,0.86,0.86,0.8572011423908609,0.8771929824561403,0.949504,0.9359977525978257,full_v4_features,39,39,0,,ksf-v4-idsplit::
classical_ext,svc,10,laplacian_med_x3__svc__d10,laplacian_med_x3,id_test,fixed_c1,1.0,,0.0055713653564453125,0.908,0.9079999999999999,0.907214664923916,0.9157509157509157,0.9605760000000001,0.92066812776665,full_v4_features,39,39,0,,ksf-v4-idsplit::
classical_ext,svc,10,laplacian_med_x3__svc__d10,laplacian_med_x3,ood_test,fixed_c1,1.0,,0.0055713653564453125,0.742,0.741011856189699,0.7248,0.7936,0.8959343349493591,0.8250141953454904,full_v4_features,39,39,0,,ksf-v4-idsplit::
classical_ext,svc,10,laplacian_med_x10__svc__d10,laplacian_med_x10,id_val,fixed_c1,1.0,,0.007999897003173828,0.852,0.852,0.8486856095925144,0.8710801393728222,0.899008,0.8191209026844342,full_v4_features,39,39,0,,ksf-v4-idsplit::
classical_ext,svc,10,laplacian_med_x10__svc__d10,laplacian_med_x10,id_test,fixed_c1,1.0,,0.007999897003173828,0.9,0.9,0.898989898989899,0.9090909090909091,0.930752,0.8588475957934073,full_v4_features,39,39,0,,ksf-v4-idsplit::
classical_ext,svc,10,laplacian_med_x10__svc__d10,laplacian_med_x10,ood_test,fixed_c1,1.0,,0.007999897003173828,0.722,0.7209315349045584,0.7001402221982527,0.7811023622047244,0.8385734171746748,0.7332011369340637,full_v4_features,39,39,0,,ksf-v4-idsplit::
classical_ext,svc,10,matern15_med_x0.1__svc__d10,matern15_med_x0.1,id_val,fixed_c1,1.0,,0.010001659393310547,0.872,0.8720000000000001,0.871473555684082,0.8796992481203008,0.9541760000000001,0.9536676525191936,full_v4_features,39,39,0,,ksf-v4-idsplit::
classical_ext,svc,10,matern15_med_x0.1__svc__d10,matern15_med_x0.1,id_test,fixed_c1,1.0,,0.010001659393310547,0.908,0.9079999999999999,0.9078215425062922,0.9118773946360154,0.9532160000000001,0.9391934266042979,full_v4_features,39,39,0,,ksf-v4-idsplit::
classical_ext,svc,10,matern15_med_x0.1__svc__d10,matern15_med_x0.1,ood_test,fixed_c1,1.0,,0.010001659393310547,0.802,0.8014608233731739,0.798156084472698,0.8260105448154658,0.9182866925870814,0.9007774231769025,full_v4_features,39,39,0,,ksf-v4-idsplit::
classical_ext,svc,10,matern15_med_x0.3__svc__d10,matern15_med_x0.3,id_val,fixed_c1,1.0,,0.006647348403930664,0.876,0.876,0.8745365948422399,0.8880866425992779,0.952512,0.9328315163346427,full_v4_features,39,39,0,,ksf-v4-idsplit::
classical_ext,svc,10,matern15_med_x0.3__svc__d10,matern15_med_x0.3,id_test,fixed_c1,1.0,,0.006647348403930664,0.916,0.9159999999999999,0.915403084161846,0.922509225092251,0.9683839999999999,0.9620083607158176,full_v4_features,39,39,0,,ksf-v4-idsplit::
classical_ext,svc,10,matern15_med_x0.3__svc__d10,matern15_med_x0.3,ood_test,fixed_c1,1.0,,0.006647348403930664,0.766,0.765172242755884,0.755204519301182,0.8066115702479338,0.9175826813229013,0.886695499789041,full_v4_features,39,39,0,,ksf-v4-idsplit::
classical_ext,svc,10,matern15_med_x3__svc__d10,matern15_med_x3,id_val,fixed_c1,1.0,,0.007065773010253906,0.856,0.856,0.8529507875302268,0.8741258741258742,0.9012479999999999,0.8592606716251743,full_v4_features,39,39,0,,ksf-v4-idsplit::
classical_ext,svc,10,matern15_med_x3__svc__d10,matern15_med_x3,id_test,fixed_c1,1.0,,0.007065773010253906,0.9,0.9,0.898989898989899,0.9090909090909091,0.9011840000000001,0.8133271652448251,full_v4_features,39,39,0,,ksf-v4-idsplit::
classical_ext,svc,10,matern15_med_x3__svc__d10,matern15_med_x3,ood_test,fixed_c1,1.0,,0.007065773010253906,0.722,0.7209315349045584,0.7001402221982527,0.7811023622047244,0.7712603401654426,0.6672346175634347,full_v4_features,39,39,0,,ksf-v4-idsplit::
classical_ext,svc,10,matern15_med_x10__svc__d10,matern15_med_x10,id_val,fixed_c1,1.0,,0.009016990661621094,0.82,0.8200000000000001,0.8191638134735015,0.8314606741573034,0.8866559999999999,0.8499150749996183,full_v4_features,39,39,0,,ksf-v4-idsplit::
classical_ext,svc,10,matern15_med_x10__svc__d10,matern15_med_x10,id_test,fixed_c1,1.0,,0.009016990661621094,0.828,0.828,0.8279752284328943,0.8300395256916996,0.9226240000000001,0.8782809624852101,full_v4_features,39,39,0,,ksf-v4-idsplit::
classical_ext,svc,10,matern15_med_x10__svc__d10,matern15_med_x10,ood_test,fixed_c1,1.0,,0.009016990661621094,0.71,0.7092833485335766,0.7000649514518924,0.754653130287648,0.7600761612185796,0.6607929116932048,full_v4_features,39,39,0,,ksf-v4-idsplit::
classical_ext,svc,10,matern25_med_x0.1__svc__d10,matern25_med_x0.1,id_val,fixed_c1,1.0,,0.009058713912963867,0.872,0.8720000000000001,0.871473555684082,0.8796992481203008,0.9504640000000001,0.9476217166614933,full_v4_features,39,39,0,,ksf-v4-idsplit::
classical_ext,svc,10,matern25_med_x0.1__svc__d10,matern25_med_x0.1,id_test,fixed_c1,1.0,,0.009058713912963867,0.908,0.9079999999999999,0.9078806132748041,0.9111969111969112,0.949888,0.9335279175897716,full_v4_features,39,39,0,,ksf-v4-idsplit::
classical_ext,svc,10,matern25_med_x0.1__svc__d10,matern25_med_x0.1,ood_test,fixed_c1,1.0,,0.009058713912963867,0.8,0.799468791500664,0.7962310902451748,0.823943661971831,0.9127666042656682,0.8981670669701897,full_v4_features,39,39,0,,ksf-v4-idsplit::
classical_ext,svc,10,matern25_med_x0.3__svc__d10,matern25_med_x0.3,id_val,fixed_c1,1.0,,0.005997419357299805,0.876,0.876,0.8745365948422399,0.8880866425992779,0.947072,0.9162732742884617,full_v4_features,39,39,0,,ksf-v4-idsplit::
classical_ext,svc,10,matern25_med_x0.3__svc__d10,matern25_med_x0.3,id_test,fixed_c1,1.0,,0.005997419357299805,0.916,0.9159999999999999,0.915403084161846,0.922509225092251,0.973376,0.9691899732755035,full_v4_features,39,39,0,,ksf-v4-idsplit::
classical_ext,svc,10,matern25_med_x0.3__svc__d10,matern25_med_x0.3,ood_test,fixed_c1,1.0,,0.005997419357299805,0.766,0.765172242755884,0.755204519301182,0.8066115702479338,0.9112785804572873,0.8708648110549091,full_v4_features,39,39,0,,ksf-v4-idsplit::
classical_ext,svc,10,matern25_med_x3__svc__d10,matern25_med_x3,id_val,fixed_c1,1.0,,0.007400989532470703,0.84,0.8400000000000001,0.8387512899896801,0.8529411764705882,0.875072,0.8148097908671562,full_v4_features,39,39,0,,ksf-v4-idsplit::
classical_ext,svc,10,matern25_med_x3__svc__d10,matern25_med_x3,id_test,fixed_c1,1.0,,0.007400989532470703,0.86,0.86,0.8597284342487055,0.8659003831417624,0.8958720000000001,0.8235003264262982,full_v4_features,39,39,0,,ksf-v4-idsplit::
classical_ext,svc,10,matern25_med_x3__svc__d10,matern25_med_x3,ood_test,fixed_c1,1.0,,0.007400989532470703,0.71,0.7092193475095601,0.6981669365817509,0.7579298831385642,0.7065233043728699,0.6140684871115272,full_v4_features,39,39,0,,ksf-v4-idsplit::
classical_ext,svc,10,matern25_med_x10__svc__d10,matern25_med_x10,id_val,fixed_c1,1.0,,0.008063793182373047,0.824,0.8240000000000001,0.8232761390656127,0.8345864661654135,0.906176,0.9143588979925039,full_v4_features,39,39,0,,ksf-v4-idsplit::
classical_ext,svc,10,matern25_med_x10__svc__d10,matern25_med_x10,id_test,fixed_c1,1.0,,0.008063793182373047,0.836,0.836,0.8359973759580153,0.8366533864541833,0.9020160000000002,0.9017169637647843,full_v4_features,39,39,0,,ksf-v4-idsplit::
classical_ext,svc,10,matern25_med_x10__svc__d10,matern25_med_x10,ood_test,fixed_c1,1.0,,0.008063793182373047,0.746,0.7453959263348213,0.7398298036227163,0.779896013864818,0.8532296516744268,0.7925250655275712,full_v4_features,39,39,0,,ksf-v4-idsplit::
quantum,svc,10,zz_r1_full__as0.5__svc__d10,zz_r1_full__as0.5,id_val,fixed_c1,1.0,,0.00909566879272461,0.864,0.864,0.8631239935587762,0.8740740740740741,0.955712,0.9567523305792774,full_v4_features,39,39,0,,ksf-v4-idsplit::
quantum,svc,10,zz_r1_full__as0.5__svc__d10,zz_r1_full__as0.5,id_test,fixed_c1,1.0,,0.00909566879272461,0.912,0.9119999999999999,0.911723163841808,0.9166666666666666,0.9523839999999999,0.93906351665491,full_v4_features,39,39,0,,ksf-v4-idsplit::
quantum,svc,10,zz_r1_full__as0.5__svc__d10,zz_r1_full__as0.5,ood_test,fixed_c1,1.0,,0.00909566879272461,0.784,0.783308532936527,0.777095304141074,0.8163265306122449,0.9171986751788029,0.9098395519996142,full_v4_features,39,39,0,,ksf-v4-idsplit::
quantum,svc,10,zz_r2_full__as0.5__svc__d10,zz_r2_full__as0.5,id_val,fixed_c1,1.0,,0.010247230529785156,0.852,0.852,0.8519976319621114,0.8514056224899599,0.9467519999999999,0.9494615345550758,full_v4_features,39,39,0,,ksf-v4-idsplit::
quantum,svc,10,zz_r2_full__as0.5__svc__d10,zz_r2_full__as0.5,id_test,fixed_c1,1.0,,0.010247230529785156,0.88,0.88,0.8799923195084485,0.8790322580645161,0.95008,0.9450094454303051,full_v4_features,39,39,0,,ksf-v4-idsplit::
quantum,svc,10,zz_r2_full__as0.5__svc__d10,zz_r2_full__as0.5,ood_test,fixed_c1,1.0,,0.010247230529785156,0.8,0.7996767948287172,0.798578771813919,0.8154981549815498,0.916558664938639,0.9060185858406269,full_v4_features,39,39,0,,ksf-v4-idsplit::
quantum,svc,10,pauli_xz_r1_full__as0.5__svc__d10,pauli_xz_r1_full__as0.5,id_val,fixed_c1,1.0,,0.005753278732299805,0.868,0.868,0.8656592467147579,0.8833922261484098,0.95104,0.9396954360310923,full_v4_features,39,39,0,,ksf-v4-idsplit::
quantum,svc,10,pauli_xz_r1_full__as0.5__svc__d10,pauli_xz_r1_full__as0.5,id_test,fixed_c1,1.0,,0.005753278732299805,0.908,0.9079999999999999,0.907214664923916,0.9157509157509157,0.96448,0.9545268128126945,full_v4_features,39,39,0,,ksf-v4-idsplit::
quantum,svc,10,pauli_xz_r1_full__as0.5__svc__d10,pauli_xz_r1_full__as0.5,ood_test,fixed_c1,1.0,,0.005753278732299805,0.742,0.741011856189699,0.7248,0.7936,0.8607977727643643,0.7667711336552369,full_v4_features,39,39,0,,ksf-v4-idsplit::
quantum,svc,10,zmap_r2__as0.5__svc__d10,zmap_r2__as0.5,id_val,fixed_c1,1.0,,0.00756072998046875,0.872,0.872,0.8698679159346736,0.8865248226950354,0.94624,0.9255098025697572,full_v4_features,39,39,0,,ksf-v4-idsplit::
quantum,svc,10,zmap_r2__as0.5__svc__d10,zmap_r2__as0.5,id_test,fixed_c1,1.0,,0.00756072998046875,0.916,0.9159999999999999,0.915403084161846,0.922509225092251,0.965376,0.9548368985136079,full_v4_features,39,39,0,,ksf-v4-idsplit::
quantum,svc,10,zmap_r2__as0.5__svc__d10,zmap_r2__as0.5,ood_test,fixed_c1,1.0,,0.00756072998046875,0.744,0.7430198883182131,0.7272231314784505,0.7948717948717948,0.8831501304020865,0.8029507184659471,full_v4_features,39,39,0,,ksf-v4-idsplit::
quantum,svc,10,zz_r1_full__svc__d10,zz_r1_full,id_val,fixed_c1,1.0,,0.012999534606933594,0.872,0.8720000000000001,0.871473555684082,0.8796992481203008,0.9502079999999999,0.948362831752032,full_v4_features,39,39,0,,ksf-v4-idsplit::
quantum,svc,10,zz_r1_full__svc__d10,zz_r1_full,id_test,fixed_c1,1.0,,0.012999534606933594,0.908,0.9079999999999999,0.9078215425062922,0.9118773946360154,0.9540480000000001,0.9509404158121456,full_v4_features,39,39,0,,ksf-v4-idsplit::
quantum,svc,10,zz_r1_full__svc__d10,zz_r1_full,ood_test,fixed_c1,1.0,,0.012999534606933594,0.782,0.7813965023440375,0.7767043196446936,0.8110918544194108,0.9182866925870815,0.9192228284451835,full_v4_features,39,39,0,,ksf-v4-idsplit::
quantum,svc,10,zz_r2_full__svc__d10,zz_r2_full,id_val,fixed_c1,1.0,,0.01483297348022461,0.828,0.8280000000000001,0.8275336509922832,0.8185654008438819,0.943552,0.9437931217786192,full_v4_features,39,39,0,,ksf-v4-idsplit::
quantum,svc,10,zz_r2_full__svc__d10,zz_r2_full,id_test,fixed_c1,1.0,,0.01483297348022461,0.812,0.812,0.8106640455050839,0.7947598253275109,0.939136,0.9380497176011797,full_v4_features,39,39,0,,ksf-v4-idsplit::
quantum,svc,10,zz_r2_full__svc__d10,zz_r2_full,ood_test,fixed_c1,1.0,,0.01483297348022461,0.84,0.8400614409830558,0.8399769566817622,0.8380566801619433,0.9196947151154419,0.9282662572476177,full_v4_features,39,39,0,,ksf-v4-idsplit::
quantum,svc,10,pauli_xz_r1_full__svc__d10,pauli_xz_r1_full,id_val,fixed_c1,1.0,,0.010712146759033203,0.872,0.872,0.8703739710933955,0.8848920863309353,0.945536,0.9109353484063714,full_v4_features,39,39,0,,ksf-v4-idsplit::
quantum,svc,10,pauli_xz_r1_full__svc__d10,pauli_xz_r1_full,id_test,fixed_c1,1.0,,0.010712146759033203,0.912,0.9119999999999999,0.9114331723027376,0.9185185185185185,0.9698559999999999,0.9587776684948399,full_v4_features,39,39,0,,ksf-v4-idsplit::
quantum,svc,10,pauli_xz_r1_full__svc__d10,pauli_xz_r1_full,ood_test,fixed_c1,1.0,,0.010712146759033203,0.762,0.761156178498856,0.7505774446554405,0.8039538714991763,0.8888782220515529,0.8073986460443608,full_v4_features,39,39,0,,ksf-v4-idsplit::
quantum,svc,10,zmap_r2__svc__d10,zmap_r2,id_val,fixed_c1,1.0,,0.007562875747680664,0.864,0.864,0.862012987012987,0.8785714285714286,0.951872,0.9378081894801779,full_v4_features,39,39,0,,ksf-v4-idsplit::
quantum,svc,10,zmap_r2__svc__d10,zmap_r2,id_test,fixed_c1,1.0,,0.007562875747680664,0.916,0.9159999999999999,0.9155119972963839,0.9219330855018587,0.96384,0.9412586669905825,full_v4_features,39,39,0,,ksf-v4-idsplit::
quantum,svc,10,zmap_r2__svc__d10,zmap_r2,ood_test,fixed_c1,1.0,,0.007562875747680664,0.758,0.7571401142418279,0.7459253566494064,0.8013136288998358,0.9134866157858526,0.8684325183181282,full_v4_features,39,39,0,,ksf-v4-idsplit::
quantum,svc,10,zz_r1_full__as2__svc__d10,zz_r1_full__as2,id_val,fixed_c1,1.0,,0.012643814086914062,0.852,0.852,0.8518079430942501,0.8571428571428571,0.9454079999999999,0.9414721294173393,full_v4_features,39,39,0,,ksf-v4-idsplit::
quantum,svc,10,zz_r1_full__as2__svc__d10,zz_r1_full__as2,id_test,fixed_c1,1.0,,0.012643814086914062,0.888,0.888,0.8879354508196722,0.890625,0.9520639999999999,0.9504182449503837,full_v4_features,39,39,0,,ksf-v4-idsplit::
quantum,svc,10,zz_r1_full__as2__svc__d10,zz_r1_full__as2,ood_test,fixed_c1,1.0,,0.012643814086914062,0.778,0.7775724411590585,0.7752808988764045,0.8,0.9220147522360358,0.9333111128796546,full_v4_features,39,39,0,,ksf-v4-idsplit::
quantum,svc,10,zz_r2_full__as2__svc__d10,zz_r2_full__as2,id_val,fixed_c1,1.0,,0.012282609939575195,0.812,0.812,0.8086661998664735,0.783410138248848,0.913088,0.9227253215531575,full_v4_features,39,39,0,,ksf-v4-idsplit::
quantum,svc,10,zz_r2_full__as2__svc__d10,zz_r2_full__as2,id_test,fixed_c1,1.0,,0.012282609939575195,0.792,0.792,0.7840388065652203,0.7425742574257426,0.920064,0.9257978365166868,full_v4_features,39,39,0,,ksf-v4-idsplit::
quantum,svc,10,zz_r2_full__as2__svc__d10,zz_r2_full__as2,ood_test,fixed_c1,1.0,,0.012282609939575195,0.838,0.8382614121825949,0.8373748689964222,0.8272921108742004,0.9155666490663852,0.925518794113988,full_v4_features,39,39,0,,ksf-v4-idsplit::
quantum,svc,10,pauli_xz_r1_full__as2__svc__d10,pauli_xz_r1_full__as2,id_val,fixed_c1,1.0,,0.008278131484985352,0.876,0.876,0.874941504897452,0.8864468864468864,0.951232,0.93171558879436,full_v4_features,39,39,0,,ksf-v4-idsplit::
quantum,svc,10,pauli_xz_r1_full__as2__svc__d10,pauli_xz_r1_full__as2,id_test,fixed_c1,1.0,,0.008278131484985352,0.916,0.9159999999999999,0.915772248159022,0.9201520912547528,0.95232,0.9294005518969135,full_v4_features,39,39,0,,ksf-v4-idsplit::
quantum,svc,10,pauli_xz_r1_full__as2__svc__d10,pauli_xz_r1_full__as2,ood_test,fixed_c1,1.0,,0.008278131484985352,0.798,0.7973167570681131,0.7916933065490799,0.82793867120954,0.9114225827613242,0.8735560193069579,full_v4_features,39,39,0,,ksf-v4-idsplit::
quantum,svc,10,zmap_r2__as2__svc__d10,zmap_r2__as2,id_val,fixed_c1,1.0,,0.008038520812988281,0.872,0.872,0.8711755233494365,0.8814814814814815,0.9434239999999999,0.9395247726574082,full_v4_features,39,39,0,,ksf-v4-idsplit::
quantum,svc,10,zmap_r2__as2__svc__d10,zmap_r2__as2,id_test,fixed_c1,1.0,,0.008038520812988281,0.908,0.9079999999999999,0.9078215425062922,0.9118773946360154,0.9565440000000001,0.9217881634276978,full_v4_features,39,39,0,,ksf-v4-idsplit::
quantum,svc,10,zmap_r2__as2__svc__d10,zmap_r2__as2,ood_test,fixed_c1,1.0,,0.008038520812988281,0.8,0.7993887902206436,0.7950113973663064,0.8269896193771626,0.9108625738011809,0.8753786083043584,full_v4_features,39,39,0,,ksf-v4-idsplit::
classical_ext,svc,12,linear__svc__d12,linear,id_val,fixed_c1,1.0,,0.008270740509033203,0.824,0.8240000000000001,0.8234463276836159,0.8333333333333334,0.85024,0.7324518540794771,full_v4_features,39,39,0,,ksf-v4-idsplit::
classical_ext,svc,12,linear__svc__d12,linear,id_test,fixed_c1,1.0,,0.008270740509033203,0.836,0.836,0.8359973759580153,0.8353413654618473,0.88608,0.7936086425231372,full_v4_features,39,39,0,,ksf-v4-idsplit::
classical_ext,svc,12,linear__svc__d12,linear,ood_test,fixed_c1,1.0,,0.008270740509033203,0.748,0.7474359589753437,0.7426638781778969,0.7797202797202797,0.7830205283284533,0.659916319914899,full_v4_features,39,39,0,,ksf-v4-idsplit::
classical_ext,svc,12,rbf_gscale__svc__d12,rbf_gscale,id_val,fixed_c1,1.0,,0.006824016571044922,0.868,0.868,0.8656592467147579,0.8833922261484098,0.9646080000000001,0.9623744084826429,full_v4_features,39,39,0,,ksf-v4-idsplit::
classical_ext,svc,12,rbf_gscale__svc__d12,rbf_gscale,id_test,fixed_c1,1.0,,0.006824016571044922,0.912,0.9119999999999999,0.911313209494324,0.9191176470588235,0.970688,0.966159312977575,full_v4_features,39,39,0,,ksf-v4-idsplit::
classical_ext,svc,12,rbf_gscale__svc__d12,rbf_gscale,ood_test,fixed_c1,1.0,,0.006824016571044922,0.742,0.741011856189699,0.7248,0.7936,0.8882062112993807,0.8148125199467944,full_v4_features,39,39,0,,ksf-v4-idsplit::
classical_ext,svc,12,poly2__svc__d12,poly2,id_val,fixed_c1,1.0,,0.007955312728881836,0.844,0.8440000000000001,0.842668344870988,0.8571428571428571,0.8702719999999999,0.7768619179955952,full_v4_features,39,39,0,,ksf-v4-idsplit::
classical_ext,svc,12,poly2__svc__d12,poly2,id_test,fixed_c1,1.0,,0.007955312728881836,0.868,0.868,0.8676421042498917,0.8745247148288974,0.901056,0.8184874075438768,full_v4_features,39,39,0,,ksf-v4-idsplit::
classical_ext,svc,12,poly2__svc__d12,poly2,ood_test,fixed_c1,1.0,,0.007955312728881836,0.722,0.7211875390006239,0.7096799796149396,0.7694859038142621,0.7643802300836813,0.643266647774619,full_v4_features,39,39,0,,ksf-v4-idsplit::
classical_ext,svc,12,poly3__svc__d12,poly3,id_val,fixed_c1,1.0,,0.007577180862426758,0.86,0.86,0.8572011423908609,0.8771929824561403,0.88992,0.821576545028514,full_v4_features,39,39,0,,ksf-v4-idsplit::
classical_ext,svc,12,poly3__svc__d12,poly3,id_test,fixed_c1,1.0,,0.007577180862426758,0.9,0.9,0.898989898989899,0.9090909090909091,0.9013120000000001,0.809610307035516,full_v4_features,39,39,0,,ksf-v4-idsplit::
classical_ext,svc,12,poly3__svc__d12,poly3,ood_test,fixed_c1,1.0,,0.007577180862426758,0.722,0.7209315349045584,0.7001402221982527,0.7811023622047244,0.7719323509176147,0.6442138308355155,full_v4_features,39,39,0,,ksf-v4-idsplit::
classical_ext,svc,12,laplacian_med__svc__d12,laplacian_med,id_val,fixed_c1,1.0,,0.007000446319580078,0.872,0.872,0.8698679159346736,0.8865248226950354,0.9634560000000001,0.9570900940924494,full_v4_features,39,39,0,,ksf-v4-idsplit::
classical_ext,svc,12,laplacian_med__svc__d12,laplacian_med,id_test,fixed_c1,1.0,,0.007000446319580078,0.912,0.9119999999999999,0.911313209494324,0.9191176470588235,0.973952,0.9656948720788714,full_v4_features,39,39,0,,ksf-v4-idsplit::
classical_ext,svc,12,laplacian_med__svc__d12,laplacian_med,ood_test,fixed_c1,1.0,,0.007000446319580078,0.762,0.7610921774748396,0.7487065779748707,0.8065040650406504,0.9308628938063008,0.8887400966142746,full_v4_features,39,39,0,,ksf-v4-idsplit::
classical_ext,svc,12,matern15_med__svc__d12,matern15_med,id_val,fixed_c1,1.0,,0.00872182846069336,0.864,0.864,0.8614371413667188,0.8802816901408451,0.959808,0.9519277824028085,full_v4_features,39,39,0,,ksf-v4-idsplit::
classical_ext,svc,12,matern15_med__svc__d12,matern15_med,id_test,fixed_c1,1.0,,0.00872182846069336,0.908,0.9079999999999999,0.907214664923916,0.9157509157509157,0.9681919999999999,0.9615297191099248,full_v4_features,39,39,0,,ksf-v4-idsplit::
classical_ext,svc,12,matern15_med__svc__d12,matern15_med,ood_test,fixed_c1,1.0,,0.00872182846069336,0.742,0.741011856189699,0.7248,0.7936,0.894398310372966,0.8317626861956224,full_v4_features,39,39,0,,ksf-v4-idsplit::
classical_ext,svc,12,matern25_med__svc__d12,matern25_med,id_val,fixed_c1,1.0,,0.006518363952636719,0.864,0.864,0.8614371413667188,0.8802816901408451,0.95616,0.9470335127086684,full_v4_features,39,39,0,,ksf-v4-idsplit::
classical_ext,svc,12,matern25_med__svc__d12,matern25_med,id_test,fixed_c1,1.0,,0.006518363952636719,0.908,0.9079999999999999,0.907214664923916,0.9157509157509157,0.9648,0.9555429202411425,full_v4_features,39,39,0,,ksf-v4-idsplit::
classical_ext,svc,12,matern25_med__svc__d12,matern25_med,ood_test,fixed_c1,1.0,,0.006518363952636719,0.742,0.741011856189699,0.7248,0.7936,0.8724299588793419,0.7885040267535128,full_v4_features,39,39,0,,ksf-v4-idsplit::
classical_ext,svc,12,rbf_gscale_x0.1__svc__d12,rbf_gscale_x0.1,id_val,fixed_c1,1.0,,0.0075836181640625,0.824,0.8240000000000001,0.8232761390656127,0.8345864661654135,0.877504,0.7957875750814709,full_v4_features,39,39,0,,ksf-v4-idsplit::
classical_ext,svc,12,rbf_gscale_x0.1__svc__d12,rbf_gscale_x0.1,id_test,fixed_c1,1.0,,0.0075836181640625,0.84,0.84,0.8399897593445981,0.8412698412698413,0.901568,0.8178496028021411,full_v4_features,39,39,0,,ksf-v4-idsplit::
classical_ext,svc,12,rbf_gscale_x0.1__svc__d12,rbf_gscale_x0.1,ood_test,fixed_c1,1.0,,0.0075836181640625,0.732,0.7313717019472312,0.7249589490968802,0.7689655172413793,0.7433558936942991,0.6167782793189406,full_v4_features,39,39,0,,ksf-v4-idsplit::
classical_ext,svc,12,rbf_gscale_x0.3__svc__d12,rbf_gscale_x0.3,id_val,fixed_c1,1.0,,0.0060002803802490234,0.864,0.864,0.8614371413667188,0.8802816901408451,0.916096,0.8733165188764467,full_v4_features,39,39,0,,ksf-v4-idsplit::
classical_ext,svc,12,rbf_gscale_x0.3__svc__d12,rbf_gscale_x0.3,id_test,fixed_c1,1.0,,0.0060002803802490234,0.908,0.9079999999999999,0.907214664923916,0.9157509157509157,0.919104,0.841315377693223,full_v4_features,39,39,0,,ksf-v4-idsplit::
classical_ext,svc,12,rbf_gscale_x0.3__svc__d12,rbf_gscale_x0.3,ood_test,fixed_c1,1.0,,0.0060002803802490234,0.742,0.741011856189699,0.7248,0.7936,0.7752284036544584,0.6409671911574442,full_v4_features,39,39,0,,ksf-v4-idsplit::
classical_ext,svc,12,rbf_gscale_x3__svc__d12,rbf_gscale_x3,id_val,fixed_c1,1.0,,0.006998300552368164,0.88,0.88,0.8782467532467533,0.8928571428571429,0.961472,0.9553385246956719,full_v4_features,39,39,0,,ksf-v4-idsplit::
classical_ext,svc,12,rbf_gscale_x3__svc__d12,rbf_gscale_x3,id_test,fixed_c1,1.0,,0.006998300552368164,0.92,0.9199999999999999,0.919583118888317,0.9253731343283582,0.976448,0.975977380752797,full_v4_features,39,39,0,,ksf-v4-idsplit::
classical_ext,svc,12,rbf_gscale_x3__svc__d12,rbf_gscale_x3,ood_test,fixed_c1,1.0,,0.006998300552368164,0.77,0.7691723067569081,0.7593890574327858,0.8099173553719008,0.9196947151154418,0.8940778044119032,full_v4_features,39,39,0,,ksf-v4-idsplit::
classical_ext,svc,12,rbf_gscale_x10__svc__d12,rbf_gscale_x10,id_val,fixed_c1,1.0,,0.008024930953979492,0.896,0.896,0.895188338493292,0.9044117647058824,0.95296,0.9310415269984829,full_v4_features,39,39,0,,ksf-v4-idsplit::
classical_ext,svc,12,rbf_gscale_x10__svc__d12,rbf_gscale_x10,id_test,fixed_c1,1.0,,0.008024930953979492,0.908,0.9079999999999999,0.9077505575075002,0.9125475285171103,0.962304,0.9621259467835476,full_v4_features,39,39,0,,ksf-v4-idsplit::
classical_ext,svc,12,rbf_gscale_x10__svc__d12,rbf_gscale_x10,ood_test,fixed_c1,1.0,,0.008024930953979492,0.792,0.7913086609385751,0.7853510336173304,0.8231292517006803,0.9219187507000112,0.897849481772764,full_v4_features,39,39,0,,ksf-v4-idsplit::
classical_ext,svc,12,laplacian_med_x0.1__svc__d12,laplacian_med_x0.1,id_val,fixed_c1,1.0,,0.011865377426147461,0.888,0.8879999999999999,0.8875393612235718,0.8947368421052632,0.959232,0.9584203095971657,full_v4_features,39,39,0,,ksf-v4-idsplit::
classical_ext,svc,12,laplacian_med_x0.1__svc__d12,laplacian_med_x0.1,id_test,fixed_c1,1.0,,0.011865377426147461,0.912,0.9119999999999999,0.9118589743589743,0.9153846153846154,0.9624320000000001,0.9610142880638884,full_v4_features,39,39,0,,ksf-v4-idsplit::
classical_ext,svc,12,laplacian_med_x0.1__svc__d12,laplacian_med_x0.1,ood_test,fixed_c1,1.0,,0.011865377426147461,0.804,0.8034848557576921,0.8005243360310041,0.8268551236749117,0.9328309252948047,0.9265509422985617,full_v4_features,39,39,0,,ksf-v4-idsplit::
classical_ext,svc,12,laplacian_med_x0.3__svc__d12,laplacian_med_x0.3,id_val,fixed_c1,1.0,,0.0068471431732177734,0.888,0.888,0.887125902992776,0.8970588235294118,0.963392,0.9564342325293717,full_v4_features,39,39,0,,ksf-v4-idsplit::
classical_ext,svc,12,laplacian_med_x0.3__svc__d12,laplacian_med_x0.3,id_test,fixed_c1,1.0,,0.0068471431732177734,0.912,0.9119999999999999,0.9117967797806146,0.916030534351145,0.974848,0.9731136495372806,full_v4_features,39,39,0,,ksf-v4-idsplit::
classical_ext,svc,12,laplacian_med_x0.3__svc__d12,laplacian_med_x0.3,ood_test,fixed_c1,1.0,,0.0068471431732177734,0.794,0.7933006928110851,0.7872595309795563,0.8251273344651953,0.9350069601113618,0.8970988088275337,full_v4_features,39,39,0,,ksf-v4-idsplit::
classical_ext,svc,12,laplacian_med_x3__svc__d12,laplacian_med_x3,id_val,fixed_c1,1.0,,0.006513118743896484,0.864,0.864,0.8614371413667188,0.8802816901408451,0.9554560000000001,0.9482233160329498,full_v4_features,39,39,0,,ksf-v4-idsplit::
classical_ext,svc,12,laplacian_med_x3__svc__d12,laplacian_med_x3,id_test,fixed_c1,1.0,,0.006513118743896484,0.908,0.9079999999999999,0.907214664923916,0.9157509157509157,0.965568,0.9418123305851378,full_v4_features,39,39,0,,ksf-v4-idsplit::
classical_ext,svc,12,laplacian_med_x3__svc__d12,laplacian_med_x3,ood_test,fixed_c1,1.0,,0.006513118743896484,0.742,0.741011856189699,0.7248,0.7936,0.9156466503464056,0.8728173260430445,full_v4_features,39,39,0,,ksf-v4-idsplit::
classical_ext,svc,12,laplacian_med_x10__svc__d12,laplacian_med_x10,id_val,fixed_c1,1.0,,0.006943225860595703,0.86,0.86,0.8572011423908609,0.8771929824561403,0.91552,0.8680322817558411,full_v4_features,39,39,0,,ksf-v4-idsplit::
classical_ext,svc,12,laplacian_med_x10__svc__d12,laplacian_med_x10,id_test,fixed_c1,1.0,,0.006943225860595703,0.904,0.904,0.9031070344293004,0.9124087591240876,0.9403520000000001,0.8868853093646222,full_v4_features,39,39,0,,ksf-v4-idsplit::
classical_ext,svc,12,laplacian_med_x10__svc__d12,laplacian_med_x10,ood_test,fixed_c1,1.0,,0.006943225860595703,0.734,0.7329797276756428,0.7150313465518793,0.7885532591414944,0.8573577177234837,0.7872160076211656,full_v4_features,39,39,0,,ksf-v4-idsplit::
classical_ext,svc,12,matern15_med_x0.1__svc__d12,matern15_med_x0.1,id_val,fixed_c1,1.0,,0.010286092758178711,0.884,0.8839999999999999,0.88358089120835,0.8905660377358491,0.9516159999999999,0.9483911122308322,full_v4_features,39,39,0,,ksf-v4-idsplit::
classical_ext,svc,12,matern15_med_x0.1__svc__d12,matern15_med_x0.1,id_test,fixed_c1,1.0,,0.010286092758178711,0.908,0.9079999999999999,0.9078806132748041,0.9111969111969112,0.942272,0.902928098760107,full_v4_features,39,39,0,,ksf-v4-idsplit::
classical_ext,svc,12,matern15_med_x0.1__svc__d12,matern15_med_x0.1,ood_test,fixed_c1,1.0,,0.010286092758178711,0.806,0.8055248883982143,0.803068877167765,0.8270944741532977,0.9169266708267333,0.8916075694689961,full_v4_features,39,39,0,,ksf-v4-idsplit::
classical_ext,svc,12,matern15_med_x0.3__svc__d12,matern15_med_x0.3,id_val,fixed_c1,1.0,,0.006742238998413086,0.888,0.888,0.8869582068341839,0.8978102189781022,0.960704,0.952513598996525,full_v4_features,39,39,0,,ksf-v4-idsplit::
classical_ext,svc,12,matern15_med_x0.3__svc__d12,matern15_med_x0.3,id_test,fixed_c1,1.0,,0.006742238998413086,0.916,0.9159999999999999,0.9156097796209673,0.9213483146067416,0.961856,0.951062407767412,full_v4_features,39,39,0,,ksf-v4-idsplit::
classical_ext,svc,12,matern15_med_x0.3__svc__d12,matern15_med_x0.3,ood_test,fixed_c1,1.0,,0.006742238998413086,0.78,0.7792604681674906,0.7719394271118409,0.8148148148148148,0.9166066657066513,0.8767216681249289,full_v4_features,39,39,0,,ksf-v4-idsplit::
classical_ext,svc,12,matern15_med_x3__svc__d12,matern15_med_x3,id_val,fixed_c1,1.0,,0.0065155029296875,0.856,0.856,0.8529507875302268,0.8741258741258742,0.8820479999999999,0.8044445155751748,full_v4_features,39,39,0,,ksf-v4-idsplit::
classical_ext,svc,12,matern15_med_x3__svc__d12,matern15_med_x3,id_test,fixed_c1,1.0,,0.0065155029296875,0.9,0.9,0.898989898989899,0.9090909090909091,0.901568,0.8108606296915305,full_v4_features,39,39,0,,ksf-v4-idsplit::
classical_ext,svc,12,matern15_med_x3__svc__d12,matern15_med_x3,ood_test,fixed_c1,1.0,,0.0065155029296875,0.722,0.7209315349045584,0.7001402221982527,0.7811023622047244,0.7727323637178195,0.64232855308144,full_v4_features,39,39,0,,ksf-v4-idsplit::
classical_ext,svc,12,matern15_med_x10__svc__d12,matern15_med_x10,id_val,fixed_c1,1.0,,0.009002447128295898,0.828,0.8280000000000001,0.8270007563687861,0.8401486988847584,0.8843519999999999,0.8342996409791057,full_v4_features,39,39,0,,ksf-v4-idsplit::
classical_ext,svc,12,matern15_med_x10__svc__d12,matern15_med_x10,id_test,fixed_c1,1.0,,0.009002447128295898,0.836,0.836,0.8359343737494997,0.8392156862745098,0.9205760000000001,0.8730820219242833,full_v4_features,39,39,0,,ksf-v4-idsplit::
classical_ext,svc,12,matern15_med_x10__svc__d12,matern15_med_x10,ood_test,fixed_c1,1.0,,0.009002447128295898,0.714,0.7132834125346006,0.7042019866042801,0.7580372250423012,0.727659642554281,0.6074336911366627,full_v4_features,39,39,0,,ksf-v4-idsplit::
classical_ext,svc,12,matern25_med_x0.1__svc__d12,matern25_med_x0.1,id_val,fixed_c1,1.0,,0.010020732879638672,0.884,0.8839999999999999,0.88358089120835,0.8905660377358491,0.9510399999999999,0.9490293334106038,full_v4_features,39,39,0,,ksf-v4-idsplit::
classical_ext,svc,12,matern25_med_x0.1__svc__d12,matern25_med_x0.1,id_test,fixed_c1,1.0,,0.010020732879638672,0.908,0.9079999999999999,0.9078806132748041,0.9111969111969112,0.939392,0.8860134940928925,full_v4_features,39,39,0,,ksf-v4-idsplit::
classical_ext,svc,12,matern25_med_x0.1__svc__d12,matern25_med_x0.1,ood_test,fixed_c1,1.0,,0.010020732879638672,0.808,0.8075329205267284,0.8051948051948052,0.8285714285714286,0.9146066337061394,0.8774784885663591,full_v4_features,39,39,0,,ksf-v4-idsplit::
classical_ext,svc,12,matern25_med_x0.3__svc__d12,matern25_med_x0.3,id_val,fixed_c1,1.0,,0.006896257400512695,0.884,0.884,0.8828282828282827,0.8945454545454545,0.956224,0.942189622190865,full_v4_features,39,39,0,,ksf-v4-idsplit::
classical_ext,svc,12,matern25_med_x0.3__svc__d12,matern25_med_x0.3,id_test,fixed_c1,1.0,,0.006896257400512695,0.912,0.9119999999999999,0.9116380695328063,0.9172932330827067,0.9672959999999999,0.9591270449385187,full_v4_features,39,39,0,,ksf-v4-idsplit::
classical_ext,svc,12,matern25_med_x0.3__svc__d12,matern25_med_x0.3,ood_test,fixed_c1,1.0,,0.006896257400512695,0.782,0.7812685002960047,0.7741878011692513,0.8161888701517707,0.9164466631466104,0.8790623140899431,full_v4_features,39,39,0,,ksf-v4-idsplit::
classical_ext,svc,12,matern25_med_x3__svc__d12,matern25_med_x3,id_val,fixed_c1,1.0,,0.006688833236694336,0.828,0.8280000000000001,0.8270007563687861,0.8401486988847584,0.8751999999999999,0.7945396752489695,full_v4_features,39,39,0,,ksf-v4-idsplit::
classical_ext,svc,12,matern25_med_x3__svc__d12,matern25_med_x3,id_test,fixed_c1,1.0,,0.006688833236694336,0.848,0.848,0.847844192453072,0.8527131782945736,0.89888,0.8162986064693928,full_v4_features,39,39,0,,ksf-v4-idsplit::
classical_ext,svc,12,matern25_med_x3__svc__d12,matern25_med_x3,ood_test,fixed_c1,1.0,,0.006688833236694336,0.718,0.7172834765356246,0.7083390217566679,0.7614213197969543,0.7457719323509175,0.6208794991951893,full_v4_features,39,39,0,,ksf-v4-idsplit::
classical_ext,svc,12,matern25_med_x10__svc__d12,matern25_med_x10,id_val,fixed_c1,1.0,,0.011518239974975586,0.824,0.8240000000000001,0.8232761390656127,0.8345864661654135,0.906112,0.9068979251049244,full_v4_features,39,39,0,,ksf-v4-idsplit::
classical_ext,svc,12,matern25_med_x10__svc__d12,matern25_med_x10,id_test,fixed_c1,1.0,,0.011518239974975586,0.836,0.836,0.8359973759580153,0.8366533864541833,0.9044480000000001,0.9129506857679701,full_v4_features,39,39,0,,ksf-v4-idsplit::
classical_ext,svc,12,matern25_med_x10__svc__d12,matern25_med_x10,ood_test,fixed_c1,1.0,,0.011518239974975586,0.744,0.7433878942063072,0.7376145886288723,0.7785467128027682,0.84742155874494,0.7726882980350561,full_v4_features,39,39,0,,ksf-v4-idsplit::
quantum,svc,12,zz_r1_full__as0.5__svc__d12,zz_r1_full__as0.5,id_val,fixed_c1,1.0,,0.013402223587036133,0.876,0.876,0.874941504897452,0.8864468864468864,0.948544,0.9279510883750574,full_v4_features,39,39,0,,ksf-v4-idsplit::
quantum,svc,12,zz_r1_full__as0.5__svc__d12,zz_r1_full__as0.5,id_test,fixed_c1,1.0,,0.013402223587036133,0.904,0.9039999999999999,0.9037783052152158,0.9083969465648855,0.9450240000000001,0.896712257307783,full_v4_features,39,39,0,,ksf-v4-idsplit::
quantum,svc,12,zz_r1_full__as0.5__svc__d12,zz_r1_full__as0.5,ood_test,fixed_c1,1.0,,0.013402223587036133,0.788,0.7873565977055633,0.7821404495305744,0.8178694158075601,0.9190067041072657,0.9028837841249174,full_v4_features,39,39,0,,ksf-v4-idsplit::
quantum,svc,12,zz_r2_full__as0.5__svc__d12,zz_r2_full__as0.5,id_val,fixed_c1,1.0,,0.01676774024963379,0.856,0.856,0.856,0.856,0.938624,0.9196927140379122,full_v4_features,39,39,0,,ksf-v4-idsplit::
quantum,svc,12,zz_r2_full__as0.5__svc__d12,zz_r2_full__as0.5,id_test,fixed_c1,1.0,,0.01676774024963379,0.852,0.8520000000000001,0.8517129162057744,0.8451882845188284,0.9409919999999999,0.9392319824673757,full_v4_features,39,39,0,,ksf-v4-idsplit::
quantum,svc,12,zz_r2_full__as0.5__svc__d12,zz_r2_full__as0.5,ood_test,fixed_c1,1.0,,0.01676774024963379,0.816,0.8158690539048625,0.8157612265496084,0.8223938223938224,0.9141426262820205,0.9231372322967293,full_v4_features,39,39,0,,ksf-v4-idsplit::
quantum,svc,12,pauli_xz_r1_full__as0.5__svc__d12,pauli_xz_r1_full__as0.5,id_val,fixed_c1,1.0,,0.0060002803802490234,0.868,0.868,0.8656592467147579,0.8833922261484098,0.96448,0.9613215894603546,full_v4_features,39,39,0,,ksf-v4-idsplit::
quantum,svc,12,pauli_xz_r1_full__as0.5__svc__d12,pauli_xz_r1_full__as0.5,id_test,fixed_c1,1.0,,0.0060002803802490234,0.916,0.9159999999999999,0.915403084161846,0.922509225092251,0.9774079999999999,0.9765499740294485,full_v4_features,39,39,0,,ksf-v4-idsplit::
quantum,svc,12,pauli_xz_r1_full__as0.5__svc__d12,pauli_xz_r1_full__as0.5,ood_test,fixed_c1,1.0,,0.0060002803802490234,0.75,0.7490439847037553,0.7344482259017076,0.7987117552334944,0.8996143938303013,0.8389326632116753,full_v4_features,39,39,0,,ksf-v4-idsplit::
quantum,svc,12,zmap_r2__as0.5__svc__d12,zmap_r2__as0.5,id_val,fixed_c1,1.0,,0.0060024261474609375,0.88,0.88,0.8782467532467533,0.8928571428571429,0.963008,0.957957601834257,full_v4_features,39,39,0,,ksf-v4-idsplit::
quantum,svc,12,zmap_r2__as0.5__svc__d12,zmap_r2__as0.5,id_test,fixed_c1,1.0,,0.0060024261474609375,0.916,0.9159999999999999,0.9155119972963839,0.9219330855018587,0.975616,0.9752550320085357,full_v4_features,39,39,0,,ksf-v4-idsplit::
quantum,svc,12,zmap_r2__as0.5__svc__d12,zmap_r2__as0.5,ood_test,fixed_c1,1.0,,0.0060024261474609375,0.764,0.7631322101153619,0.7519966372425388,0.8065573770491803,0.9268308292932687,0.9246917268244921,full_v4_features,39,39,0,,ksf-v4-idsplit::
quantum,svc,12,zz_r1_full__svc__d12,zz_r1_full,id_val,fixed_c1,1.0,,0.013000249862670898,0.9,0.8999999999999999,0.8994190444004571,0.9070631970260223,0.946496,0.9190376839626826,full_v4_features,39,39,0,,ksf-v4-idsplit::
quantum,svc,12,zz_r1_full__svc__d12,zz_r1_full,id_test,fixed_c1,1.0,,0.013000249862670898,0.896,0.896,0.8958333333333334,0.9,0.950464,0.9471650986539973,full_v4_features,39,39,0,,ksf-v4-idsplit::
quantum,svc,12,zz_r1_full__svc__d12,zz_r1_full,ood_test,fixed_c1,1.0,,0.013000249862670898,0.792,0.7914366629866078,0.7875955819881053,0.8181818181818182,0.9193587097393557,0.9294216233094577,full_v4_features,39,39,0,,ksf-v4-idsplit::
quantum,svc,12,zz_r2_full__svc__d12,zz_r2_full,id_val,fixed_c1,1.0,,0.012000560760498047,0.8,0.8,0.7981396550610426,0.7787610619469026,0.9355519999999999,0.9220690124357667,full_v4_features,39,39,0,,ksf-v4-idsplit::
quantum,svc,12,zz_r2_full__svc__d12,zz_r2_full,id_test,fixed_c1,1.0,,0.012000560760498047,0.796,0.796,0.791921664626683,0.7627906976744186,0.936704,0.939107877692392,full_v4_features,39,39,0,,ksf-v4-idsplit::
quantum,svc,12,zz_r2_full__svc__d12,zz_r2_full,ood_test,fixed_c1,1.0,,0.012000560760498047,0.834,0.8341653466455463,0.8337599493668858,0.8274428274428275,0.9100305604889678,0.9242415153353507,full_v4_features,39,39,0,,ksf-v4-idsplit::
quantum,svc,12,pauli_xz_r1_full__svc__d12,pauli_xz_r1_full,id_val,fixed_c1,1.0,,0.0059490203857421875,0.88,0.88,0.8786878881987578,0.8913043478260869,0.956928,0.93660161598273,full_v4_features,39,39,0,,ksf-v4-idsplit::
quantum,svc,12,pauli_xz_r1_full__svc__d12,pauli_xz_r1_full,id_test,fixed_c1,1.0,,0.0059490203857421875,0.912,0.9119999999999999,0.9116380695328063,0.9172932330827067,0.9696,0.9651922966906697,full_v4_features,39,39,0,,ksf-v4-idsplit::
quantum,svc,12,pauli_xz_r1_full__svc__d12,pauli_xz_r1_full,ood_test,fixed_c1,1.0,,0.0059490203857421875,0.784,0.7832765324245188,0.7764308426073132,0.8175675675675675,0.9122385958175331,0.8773084851101007,full_v4_features,39,39,0,,ksf-v4-idsplit::
quantum,svc,12,zmap_r2__svc__d12,zmap_r2,id_val,fixed_c1,1.0,,0.00668644905090332,0.876,0.876,0.8745365948422399,0.8880866425992779,0.957504,0.9491588339213779,full_v4_features,39,39,0,,ksf-v4-idsplit::
quantum,svc,12,zmap_r2__svc__d12,zmap_r2,id_test,fixed_c1,1.0,,0.00668644905090332,0.908,0.9079999999999999,0.9076676033721397,0.9132075471698113,0.9664640000000001,0.9612812625015437,full_v4_features,39,39,0,,ksf-v4-idsplit::
quantum,svc,12,zmap_r2__svc__d12,zmap_r2,ood_test,fixed_c1,1.0,,0.00668644905090332,0.782,0.7812685002960047,0.7741878011692513,0.8161888701517707,0.9239987839805438,0.8848894583929272,full_v4_features,39,39,0,,ksf-v4-idsplit::
quantum,svc,12,zz_r1_full__as2__svc__d12,zz_r1_full__as2,id_val,fixed_c1,1.0,,0.013501644134521484,0.864,0.864,0.8637820512820513,0.8692307692307693,0.942336,0.9187799707170816,full_v4_features,39,39,0,,ksf-v4-idsplit::
quantum,svc,12,zz_r1_full__as2__svc__d12,zz_r1_full__as2,id_test,fixed_c1,1.0,,0.013501644134521484,0.86,0.86,0.8599977599641595,0.8594377510040161,0.9539839999999999,0.9527353937384068,full_v4_features,39,39,0,,ksf-v4-idsplit::
quantum,svc,12,zz_r1_full__as2__svc__d12,zz_r1_full__as2,ood_test,fixed_c1,1.0,,0.013501644134521484,0.794,0.7936206979311669,0.7920023909628068,0.8123861566484517,0.9207987327797246,0.9322513107750792,full_v4_features,39,39,0,,ksf-v4-idsplit::
quantum,svc,12,zz_r2_full__as2__svc__d12,zz_r2_full__as2,id_val,fixed_c1,1.0,,0.012711286544799805,0.788,0.788,0.7827120812082848,0.7488151658767772,0.927488,0.927340154565304,full_v4_features,39,39,0,,ksf-v4-idsplit::
quantum,svc,12,zz_r2_full__as2__svc__d12,zz_r2_full__as2,id_test,fixed_c1,1.0,,0.012711286544799805,0.788,0.788,0.7795304414382935,0.736318407960199,0.917824,0.9248939632369304,full_v4_features,39,39,0,,ksf-v4-idsplit::
quantum,svc,12,zz_r2_full__as2__svc__d12,zz_r2_full__as2,ood_test,fixed_c1,1.0,,0.012711286544799805,0.83,0.8303892862285797,0.8284844889443119,0.8123620309050773,0.905230483687739,0.9220742861488223,full_v4_features,39,39,0,,ksf-v4-idsplit::
quantum,svc,12,pauli_xz_r1_full__as2__svc__d12,pauli_xz_r1_full__as2,id_val,fixed_c1,1.0,,0.009444475173950195,0.88,0.88,0.8792270531400965,0.8888888888888888,0.9506560000000001,0.9457695135443441,full_v4_features,39,39,0,,ksf-v4-idsplit::
quantum,svc,12,pauli_xz_r1_full__as2__svc__d12,pauli_xz_r1_full__as2,id_test,fixed_c1,1.0,,0.009444475173950195,0.916,0.9159999999999999,0.9158370605492233,0.9195402298850575,0.9468799999999999,0.9236766223221238,full_v4_features,39,39,0,,ksf-v4-idsplit::
quantum,svc,12,pauli_xz_r1_full__as2__svc__d12,pauli_xz_r1_full__as2,ood_test,fixed_c1,1.0,,0.009444475173950195,0.804,0.803468855501688,0.8003064684402712,0.8274647887323944,0.9219827517240277,0.9047714106052258,full_v4_features,39,39,0,,ksf-v4-idsplit::
quantum,svc,12,zmap_r2__as2__svc__d12,zmap_r2__as2,id_val,fixed_c1,1.0,,0.008512258529663086,0.864,0.8640000000000001,0.8632913021101389,0.8731343283582089,0.9417599999999999,0.9351286966929845,full_v4_features,39,39,0,,ksf-v4-idsplit::
quantum,svc,12,zmap_r2__as2__svc__d12,zmap_r2__as2,id_test,fixed_c1,1.0,,0.008512258529663086,0.908,0.9079999999999999,0.9078215425062922,0.9118773946360154,0.9482879999999999,0.9263817766662502,full_v4_features,39,39,0,,ksf-v4-idsplit::
quantum,svc,12,zmap_r2__as2__svc__d12,zmap_r2__as2,ood_test,fixed_c1,1.0,,0.008512258529663086,0.808,0.8074209187346998,0.8037002502821808,0.8327526132404182,0.9199507192115073,0.891548459701522,full_v4_features,39,39,0,,ksf-v4-idsplit::
