n_id,n_val,n_test,pos_rate_val,pos_rate_test,overlap,class_balance_gap
1800,901,899,0.4694783573806881,0.4694104560622914,0,6.790131839667923e-05
