n_id,n_val,n_test,pos_rate_val,pos_rate_test,overlap,class_balance_gap
1000,501,499,0.47105788423153694,0.4709418837675351,0,0.00011600046400184194
