model,view,reference,n_settings,wins,mean_delta,median_delta,wilcoxon_p,effect_gt1,effect_gt1_quantum,wilcoxon_p_holm
gpc,ood,classical_orig,27,27,0.03666652864368652,0.037237666033580696,1.4901161193847656e-08,21,21,5.960464477539063e-08
gpc,ood,classical_ext,27,26,0.007975889015915004,0.006060727823372969,2.9802322387695312e-08,2,2,5.960464477539063e-08
gpc,id,classical_orig,27,27,0.021199710250933194,0.012256821020147468,1.4901161193847656e-08,16,16,5.960464477539063e-08
gpc,id,classical_ext,27,21,0.005495854253886101,0.001288157936151002,0.0042315274477005005,9,9,0.0042315274477005005
svc,ood,classical_orig,27,27,0.03535882391803939,0.039774634171959256,1.4901161193847656e-08,19,19,5.960464477539063e-08
svc,ood,classical_ext,27,23,0.009079126776442119,0.0041140116207677435,3.084540367126465e-06,4,4,6.16908073425293e-06
svc,id,classical_orig,27,27,0.022799820807960267,0.010526055615601826,1.4901161193847656e-08,17,17,5.960464477539063e-08
svc,id,classical_ext,27,17,0.002846749572228923,0.0014708935687256508,0.04910190403461456,5,5,0.04910190403461456
