n_id,n_val,n_test,pos_rate_val,pos_rate_test,overlap,class_balance_gap
1800,901,899,0.4894561598224195,0.489432703003337,0,2.34568190825013e-05
