n_id,n_val,n_test,pos_rate_val,pos_rate_test,overlap,class_balance_gap
1000,501,499,0.49500998003992014,0.49498997995991983,0,2.0000080000304177e-05
