n_id,n_val,n_test,pos_rate_val,pos_rate_test,overlap,class_balance_gap
1800,901,899,0.49500554938956715,0.4949944382647386,0,1.1111124828544483e-05
