n_id,n_val,n_test,pos_rate_val,pos_rate_test,overlap,class_balance_gap
1000,501,499,0.49700598802395207,0.4969939879759519,0,1.2000048000171404e-05
