n_id,n_val,n_test,pos_rate_val,pos_rate_test,overlap,class_balance_gap
1000,501,499,0.5189620758483033,0.5190380761523046,0,7.600030400123359e-05
