n_id,n_val,n_test,pos_rate_val,pos_rate_test,overlap,class_balance_gap
1800,901,899,0.5216426193118757,0.5216907675194661,0,4.8148207590359426e-05
