family,model,dim,cfg,kernel,split,regularization,c_selected,c_cv_score,fit_seconds,accuracy,balanced_accuracy,f1_macro,f1_pos,roc_auc,pr_auc,feature_policy,n_input_features,n_retained_features,n_removed_features,removed_features,id_split_hash_salt
classical_ext,svc,4,linear__svc__d4,linear,id_val,fixed_c1,1.0,,0.013637542724609375,0.66,0.6551735197895953,0.6539707869925584,0.6996466431095406,0.6782988004362052,0.638796583392756,full_v4_features,524,524,0,,ksf-v4-idsplit::
classical_ext,svc,4,linear__svc__d4,linear,id_test,fixed_c1,1.0,,0.013637542724609375,0.632,0.6257617550837129,0.6223316912972086,0.6827586206896552,0.6548848547052409,0.629165711777805,full_v4_features,524,524,0,,ksf-v4-idsplit::
classical_ext,svc,4,linear__svc__d4,linear,ood_test,fixed_c1,1.0,,0.013637542724609375,0.63,0.6304027780000321,0.6297497108045038,0.6393762183235867,0.6351314589300859,0.6386629975148771,full_v4_features,524,524,0,,ksf-v4-idsplit::
classical_ext,svc,4,rbf_gscale__svc__d4,rbf_gscale,id_val,fixed_c1,1.0,,0.010061264038085938,0.704,0.7033164410802488,0.7033164410802488,0.7175572519083969,0.7382128423888639,0.7253129571579291,full_v4_features,524,524,0,,ksf-v4-idsplit::
classical_ext,svc,4,rbf_gscale__svc__d4,rbf_gscale,id_test,fixed_c1,1.0,,0.010061264038085938,0.656,0.6548207069087177,0.6549178222907036,0.6742424242424242,0.693565976008724,0.6505486393681078,full_v4_features,524,524,0,,ksf-v4-idsplit::
classical_ext,svc,4,rbf_gscale__svc__d4,rbf_gscale,ood_test,fixed_c1,1.0,,0.010061264038085938,0.66,0.6606231297306813,0.6593404831754277,0.6743295019157088,0.6971723928245669,0.664818454471502,full_v4_features,524,524,0,,ksf-v4-idsplit::
classical_ext,svc,4,poly2__svc__d4,poly2,id_val,fixed_c1,1.0,,0.01100921630859375,0.656,0.6521264994547438,0.6516300473135006,0.6906474820143885,0.6924113156713068,0.6581251259582509,full_v4_features,524,524,0,,ksf-v4-idsplit::
classical_ext,svc,4,poly2__svc__d4,poly2,id_test,fixed_c1,1.0,,0.01100921630859375,0.616,0.6104945795111938,0.6078687667472714,0.6643356643356644,0.6612996343575599,0.6252406933493093,full_v4_features,524,524,0,,ksf-v4-idsplit::
classical_ext,svc,4,poly2__svc__d4,poly2,ood_test,fixed_c1,1.0,,0.01100921630859375,0.606,0.6062553007633099,0.6059227608611288,0.611439842209073,0.65183786465251,0.6521824578131077,full_v4_features,524,524,0,,ksf-v4-idsplit::
classical_ext,svc,4,poly3__svc__d4,poly3,id_val,fixed_c1,1.0,,0.010999679565429688,0.704,0.7033164410802488,0.7033164410802488,0.7175572519083969,0.7027391109115402,0.676827270068995,full_v4_features,524,524,0,,ksf-v4-idsplit::
classical_ext,svc,4,poly3__svc__d4,poly3,id_test,fixed_c1,1.0,,0.010999679565429688,0.652,0.6510039130155879,0.6510564566588054,0.6692015209125475,0.6682917441785875,0.626586399310719,full_v4_features,524,524,0,,ksf-v4-idsplit::
classical_ext,svc,4,poly3__svc__d4,poly3,ood_test,fixed_c1,1.0,,0.010999679565429688,0.644,0.6439007217039254,0.6439088406632097,0.6382113821138211,0.6569746043430255,0.6252595113865822,full_v4_features,524,524,0,,ksf-v4-idsplit::
classical_ext,svc,4,laplacian_med__svc__d4,laplacian_med,id_val,fixed_c1,1.0,,0.012221574783325195,0.724,0.72586439155815,0.7239955839293428,0.7228915662650602,0.8230162293925203,0.8406973759257758,full_v4_features,524,524,0,,ksf-v4-idsplit::
classical_ext,svc,4,laplacian_med__svc__d4,laplacian_med,id_test,fixed_c1,1.0,,0.012221574783325195,0.688,0.6911283597408429,0.6876801845089371,0.6776859504132231,0.7987683623067549,0.7889862597061339,full_v4_features,524,524,0,,ksf-v4-idsplit::
classical_ext,svc,4,laplacian_med__svc__d4,laplacian_med,ood_test,fixed_c1,1.0,,0.012221574783325195,0.736,0.736202013089885,0.7359831029185868,0.7380952380952381,0.8031876590228995,0.7543693280639929,full_v4_features,524,524,0,,ksf-v4-idsplit::
classical_ext,svc,4,matern15_med__svc__d4,matern15_med,id_val,fixed_c1,1.0,,0.009999990463256836,0.732,0.7346526396818269,0.7318927571028412,0.726530612244898,0.7988966578998011,0.7948949572923845,full_v4_features,524,524,0,,ksf-v4-idsplit::
classical_ext,svc,4,matern15_med__svc__d4,matern15_med,id_test,fixed_c1,1.0,,0.009999990463256836,0.68,0.6838796587337225,0.6792610173840529,0.6638655462184874,0.7679774199756237,0.7454172885323282,full_v4_features,524,524,0,,ksf-v4-idsplit::
classical_ext,svc,4,matern15_med__svc__d4,matern15_med,ood_test,fixed_c1,1.0,,0.009999990463256836,0.728,0.7284408954889504,0.727786584682391,0.7354085603112841,0.7866892832567889,0.7311631323656069,full_v4_features,524,524,0,,ksf-v4-idsplit::
classical_ext,svc,4,matern25_med__svc__d4,matern25_med,id_val,fixed_c1,1.0,,0.010075092315673828,0.728,0.7296811854512797,0.728,0.728,0.7716338443774458,0.7608864443426968,full_v4_features,524,524,0,,ksf-v4-idsplit::
classical_ext,svc,4,matern25_med__svc__d4,matern25_med,id_test,fixed_c1,1.0,,0.010075092315673828,0.692,0.6949451536339726,0.6917583385374133,0.6831275720164609,0.7475784206812497,0.7217144401886599,full_v4_features,524,524,0,,ksf-v4-idsplit::
classical_ext,svc,4,matern25_med__svc__d4,matern25_med,ood_test,fixed_c1,1.0,,0.010075092315673828,0.722,0.7226560624729961,0.7214105046277924,0.734225621414914,0.7562368981133285,0.690149164931997,full_v4_features,524,524,0,,ksf-v4-idsplit::
classical_ext,svc,4,rbf_gscale_x0.1__svc__d4,rbf_gscale_x0.1,id_val,fixed_c1,1.0,,0.011454343795776367,0.656,0.6509718391173263,0.6495174752217006,0.6971830985915493,0.6914490987234588,0.656402522050173,full_v4_features,524,524,0,,ksf-v4-idsplit::
classical_ext,svc,4,rbf_gscale_x0.1__svc__d4,rbf_gscale_x0.1,id_test,fixed_c1,1.0,,0.011454343795776367,0.628,0.621560074411444,0.6177181472894984,0.6804123711340206,0.6701520302777599,0.641424384516414,full_v4_features,524,524,0,,ksf-v4-idsplit::
classical_ext,svc,4,rbf_gscale_x0.1__svc__d4,rbf_gscale_x0.1,ood_test,fixed_c1,1.0,,0.011454343795776367,0.62,0.6209534172920901,0.618019814719506,0.6455223880597015,0.6571506296906755,0.6448321423246195,full_v4_features,524,524,0,,ksf-v4-idsplit::
classical_ext,svc,4,rbf_gscale_x0.3__svc__d4,rbf_gscale_x0.3,id_val,fixed_c1,1.0,,0.0161590576171875,0.704,0.7033164410802488,0.7033164410802488,0.7175572519083969,0.7108858810699853,0.6966817058044572,full_v4_features,524,524,0,,ksf-v4-idsplit::
classical_ext,svc,4,rbf_gscale_x0.3__svc__d4,rbf_gscale_x0.3,id_test,fixed_c1,1.0,,0.0161590576171875,0.652,0.6510039130155879,0.6510564566588054,0.6692015209125475,0.6800949387388544,0.6356240168986952,full_v4_features,524,524,0,,ksf-v4-idsplit::
classical_ext,svc,4,rbf_gscale_x0.3__svc__d4,rbf_gscale_x0.3,ood_test,fixed_c1,1.0,,0.0161590576171875,0.67,0.6706485733945688,0.6693002393063723,0.6845124282982792,0.684082507881135,0.6507332383581049,full_v4_features,524,524,0,,ksf-v4-idsplit::
classical_ext,svc,4,rbf_gscale_x3__svc__d4,rbf_gscale_x3,id_val,fixed_c1,1.0,,0.012662172317504883,0.708,0.7075181217525177,0.7074335914330143,0.7203065134099617,0.7421258579767785,0.7376455599371756,full_v4_features,524,524,0,,ksf-v4-idsplit::
classical_ext,svc,4,rbf_gscale_x3__svc__d4,rbf_gscale_x3,id_test,fixed_c1,1.0,,0.012662172317504883,0.632,0.631919943549939,0.6316227817284901,0.6434108527131783,0.707742639040349,0.6721850742810955,full_v4_features,524,524,0,,ksf-v4-idsplit::
classical_ext,svc,4,rbf_gscale_x3__svc__d4,rbf_gscale_x3,ood_test,fixed_c1,1.0,,0.012662172317504883,0.656,0.6564785329087388,0.6556473829201102,0.6666666666666666,0.7184394552815606,0.6910382478693727,full_v4_features,524,524,0,,ksf-v4-idsplit::
classical_ext,svc,4,rbf_gscale_x10__svc__d4,rbf_gscale_x10,id_val,fixed_c1,1.0,,0.013371467590332031,0.736,0.7376996600166784,0.736,0.736,0.747065238309064,0.7437027249872943,full_v4_features,524,524,0,,ksf-v4-idsplit::
classical_ext,svc,4,rbf_gscale_x10__svc__d4,rbf_gscale_x10,id_test,fixed_c1,1.0,,0.013371467590332031,0.672,0.6750914106100456,0.6716637837145236,0.6611570247933884,0.7206363461415101,0.7075658422957178,full_v4_features,524,524,0,,ksf-v4-idsplit::
classical_ext,svc,4,rbf_gscale_x10__svc__d4,rbf_gscale_x10,ood_test,fixed_c1,1.0,,0.013371467590332031,0.668,0.6680962058536429,0.668,0.668,0.7402185914771726,0.7027221749717487,full_v4_features,524,524,0,,ksf-v4-idsplit::
classical_ext,svc,4,laplacian_med_x0.1__svc__d4,laplacian_med_x0.1,id_val,fixed_c1,1.0,,0.014374732971191406,0.784,0.7850407338507923,0.7839446898405993,0.7874015748031497,0.8860093655782922,0.892238701261076,full_v4_features,524,524,0,,ksf-v4-idsplit::
classical_ext,svc,4,laplacian_med_x0.1__svc__d4,laplacian_med_x0.1,id_test,fixed_c1,1.0,,0.014374732971191406,0.776,0.7770222592853936,0.775942641316177,0.7795275590551181,0.8581692218872281,0.8404488065607009,full_v4_features,524,524,0,,ksf-v4-idsplit::
classical_ext,svc,4,laplacian_med_x0.1__svc__d4,laplacian_med_x0.1,ood_test,fixed_c1,1.0,,0.014374732971191406,0.75,0.7489318461858507,0.7475757171878723,0.7228381374722838,0.8335920372533645,0.8333622059202503,full_v4_features,524,524,0,,ksf-v4-idsplit::
classical_ext,svc,4,laplacian_med_x0.3__svc__d4,laplacian_med_x0.3,id_val,fixed_c1,1.0,,0.011157512664794922,0.808,0.8071717236512925,0.8073959938366718,0.8181818181818182,0.8726024761049458,0.8856467842762933,full_v4_features,524,524,0,,ksf-v4-idsplit::
classical_ext,svc,4,laplacian_med_x0.3__svc__d4,laplacian_med_x0.3,id_test,fixed_c1,1.0,,0.011157512664794922,0.784,0.7835011867342356,0.7835011867342356,0.7938931297709924,0.8373853358137148,0.7990621395333815,full_v4_features,524,524,0,,ksf-v4-idsplit::
classical_ext,svc,4,laplacian_med_x0.3__svc__d4,laplacian_med_x0.3,ood_test,fixed_c1,1.0,,0.011157512664794922,0.756,0.7558208382007009,0.755859375,0.75,0.8385847562048936,0.8071387819001724,full_v4_features,524,524,0,,ksf-v4-idsplit::
classical_ext,svc,4,laplacian_med_x3__svc__d4,laplacian_med_x3,id_val,fixed_c1,1.0,,0.009497642517089844,0.72,0.7224324844441594,0.7199283016452211,0.7154471544715447,0.7741997562383732,0.801611678146235,full_v4_features,524,524,0,,ksf-v4-idsplit::
classical_ext,svc,4,laplacian_med_x3__svc__d4,laplacian_med_x3,id_test,fixed_c1,1.0,,0.009497642517089844,0.688,0.6911283597408429,0.6876801845089371,0.6776859504132231,0.7466162037334017,0.7571669184367945,full_v4_features,524,524,0,,ksf-v4-idsplit::
classical_ext,svc,4,laplacian_med_x3__svc__d4,laplacian_med_x3,ood_test,fixed_c1,1.0,,0.009497642517089844,0.71,0.7105103134851418,0.7096643720140482,0.7195357833655706,0.7537725432462274,0.6873912156293684,full_v4_features,524,524,0,,ksf-v4-idsplit::
classical_ext,svc,4,laplacian_med_x10__svc__d4,laplacian_med_x10,id_val,fixed_c1,1.0,,0.011511087417602539,0.72,0.7208929373276027,0.7199283016452211,0.7244094488188977,0.7704791840400281,0.7879757729356596,full_v4_features,524,524,0,,ksf-v4-idsplit::
classical_ext,svc,4,laplacian_med_x10__svc__d4,laplacian_med_x10,id_test,fixed_c1,1.0,,0.011511087417602539,0.696,0.6972224004105458,0.6959805427547363,0.6984126984126984,0.7432163705176726,0.7433145518530265,full_v4_features,524,524,0,,ksf-v4-idsplit::
classical_ext,svc,4,laplacian_med_x10__svc__d4,laplacian_med_x10,ood_test,fixed_c1,1.0,,0.011511087417602539,0.714,0.7149909586980525,0.7124252406176221,0.7337057728119181,0.7297050775311645,0.6749529490805011,full_v4_features,524,524,0,,ksf-v4-idsplit::
classical_ext,svc,4,matern15_med_x0.1__svc__d4,matern15_med_x0.1,id_val,fixed_c1,1.0,,0.010510683059692383,0.792,0.7926743216370518,0.7918801229508197,0.796875,0.872345884918853,0.857238707540114,full_v4_features,524,524,0,,ksf-v4-idsplit::
classical_ext,svc,4,matern15_med_x0.1__svc__d4,matern15_med_x0.1,id_test,fixed_c1,1.0,,0.010510683059692383,0.776,0.7766373725062544,0.7758709016393442,0.78125,0.83950221309898,0.8089698861562558,full_v4_features,524,524,0,,ksf-v4-idsplit::
classical_ext,svc,4,matern15_med_x0.1__svc__d4,matern15_med_x0.1,ood_test,fixed_c1,1.0,,0.010510683059692383,0.758,0.7572210398297354,0.7566675112918341,0.7386609071274298,0.8352562769038742,0.8220943158736649,full_v4_features,524,524,0,,ksf-v4-idsplit::
classical_ext,svc,4,matern15_med_x0.3__svc__d4,matern15_med_x0.3,id_val,fixed_c1,1.0,,0.014151811599731445,0.78,0.7792995060619667,0.7794035070831529,0.7908745247148289,0.8431586375008018,0.8271234845233654,full_v4_features,524,524,0,,ksf-v4-idsplit::
classical_ext,svc,4,matern15_med_x0.3__svc__d4,matern15_med_x0.3,id_test,fixed_c1,1.0,,0.014151811599731445,0.764,0.7644172172685868,0.7638148308273687,0.7704280155642024,0.8055680287382129,0.7685418826239057,full_v4_features,524,524,0,,ksf-v4-idsplit::
classical_ext,svc,4,matern15_med_x0.3__svc__d4,matern15_med_x0.3,ood_test,fixed_c1,1.0,,0.014151811599731445,0.77,0.7699908786865308,0.7699769976997699,0.7676767676767676,0.8382327055095933,0.8052736796460743,full_v4_features,524,524,0,,ksf-v4-idsplit::
classical_ext,svc,4,matern15_med_x3__svc__d4,matern15_med_x3,id_val,fixed_c1,1.0,,0.009746551513671875,0.704,0.7033164410802488,0.7033164410802488,0.7175572519083969,0.7452691000064148,0.7387338865134143,full_v4_features,524,524,0,,ksf-v4-idsplit::
classical_ext,svc,4,matern15_med_x3__svc__d4,matern15_med_x3,id_test,fixed_c1,1.0,,0.009746551513671875,0.664,0.6632240682532555,0.6632240682532555,0.6793893129770993,0.7194175380075695,0.689506303210123,full_v4_features,524,524,0,,ksf-v4-idsplit::
classical_ext,svc,4,matern15_med_x3__svc__d4,matern15_med_x3,ood_test,fixed_c1,1.0,,0.009746551513671875,0.658,0.65855083131971,0.6575054378522587,0.6705202312138728,0.7282488678369685,0.7004548306876168,full_v4_features,524,524,0,,ksf-v4-idsplit::
classical_ext,svc,4,matern15_med_x10__svc__d4,matern15_med_x10,id_val,fixed_c1,1.0,,0.012142419815063477,0.684,0.6823080377189044,0.6825320280979248,0.704119850187266,0.7058823529411764,0.6779989761392973,full_v4_features,524,524,0,,ksf-v4-idsplit::
classical_ext,svc,4,matern15_med_x10__svc__d4,matern15_med_x10,id_test,fixed_c1,1.0,,0.012142419815063477,0.644,0.6426005516710501,0.6427137695704537,0.6641509433962264,0.6699595868881905,0.6335094524906507,full_v4_features,524,524,0,,ksf-v4-idsplit::
classical_ext,svc,4,matern15_med_x10__svc__d4,matern15_med_x10,ood_test,fixed_c1,1.0,,0.012142419815063477,0.662,0.6625034004896705,0.6616088197956838,0.6731141199226306,0.6731689363268312,0.6307617196116835,full_v4_features,524,524,0,,ksf-v4-idsplit::
classical_ext,svc,4,matern25_med_x0.1__svc__d4,matern25_med_x0.1,id_val,fixed_c1,1.0,,0.019640207290649414,0.796,0.7964911155301815,0.7958399385117932,0.8015564202334631,0.8663159920456732,0.8455165172929427,full_v4_features,524,524,0,,ksf-v4-idsplit::
classical_ext,svc,4,matern25_med_x0.1__svc__d4,matern25_med_x0.1,id_test,fixed_c1,1.0,,0.019640207290649414,0.784,0.784270960292514,0.783778589275418,0.7906976744186046,0.8349477195458337,0.7941898568828277,full_v4_features,524,524,0,,ksf-v4-idsplit::
classical_ext,svc,4,matern25_med_x0.1__svc__d4,matern25_med_x0.1,ood_test,fixed_c1,1.0,,0.019640207290649414,0.76,0.7593413451537021,0.7590129169076538,0.7435897435897436,0.8301835464306859,0.8013283323556131,full_v4_features,524,524,0,,ksf-v4-idsplit::
classical_ext,svc,4,matern25_med_x0.3__svc__d4,matern25_med_x0.3,id_val,fixed_c1,1.0,,0.014609813690185547,0.736,0.7380845467958176,0.7359831029185868,0.7338709677419355,0.8311629995509654,0.810140929911647,full_v4_features,524,524,0,,ksf-v4-idsplit::
classical_ext,svc,4,matern25_med_x0.3__svc__d4,matern25_med_x0.3,id_test,fixed_c1,1.0,,0.014609813690185547,0.704,0.706395535313362,0.7039242045963767,0.6991869918699187,0.7987683623067547,0.772701686218618,full_v4_features,524,524,0,,ksf-v4-idsplit::
classical_ext,svc,4,matern25_med_x0.3__svc__d4,matern25_med_x0.3,ood_test,fixed_c1,1.0,,0.014609813690185547,0.756,0.7559648589396872,0.7559648589396872,0.7530364372469636,0.8305195948216544,0.7915645269148355,full_v4_features,524,524,0,,ksf-v4-idsplit::
classical_ext,svc,4,matern25_med_x3__svc__d4,matern25_med_x3,id_val,fixed_c1,1.0,,0.009893655776977539,0.704,0.7033164410802488,0.7033164410802488,0.7175572519083969,0.7431522227211494,0.7383648608234544,full_v4_features,524,524,0,,ksf-v4-idsplit::
classical_ext,svc,4,matern25_med_x3__svc__d4,matern25_med_x3,id_test,fixed_c1,1.0,,0.009893655776977539,0.656,0.6548207069087177,0.6549178222907036,0.6742424242424242,0.6984412085444864,0.6534270943482072,full_v4_features,524,524,0,,ksf-v4-idsplit::
classical_ext,svc,4,matern25_med_x3__svc__d4,matern25_med_x3,ood_test,fixed_c1,1.0,,0.009893655776977539,0.654,0.6545022483237586,0.6535995610926231,0.6653771760154739,0.7089180842041254,0.6802571016797613,full_v4_features,524,524,0,,ksf-v4-idsplit::
classical_ext,svc,4,matern25_med_x10__svc__d4,matern25_med_x10,id_val,fixed_c1,1.0,,0.010561227798461914,0.66,0.6547886330104561,0.6532027743778049,0.7017543859649122,0.7009429726088909,0.6667770146141212,full_v4_features,524,524,0,,ksf-v4-idsplit::
classical_ext,svc,4,matern25_med_x10__svc__d4,matern25_med_x10,id_test,fixed_c1,1.0,,0.010561227798461914,0.628,0.621560074411444,0.6177181472894984,0.6804123711340206,0.6697671434986209,0.6370799593337777,full_v4_features,524,524,0,,ksf-v4-idsplit::
classical_ext,svc,4,matern25_med_x10__svc__d4,matern25_med_x10,ood_test,fixed_c1,1.0,,0.010561227798461914,0.646,0.6472692067657743,0.6425672155380272,0.6775956284153005,0.6624473924245091,0.6589155711365151,full_v4_features,524,524,0,,ksf-v4-idsplit::
quantum,svc,4,zz_r1_full__as0.5__svc__d4,zz_r1_full__as0.5,id_val,fixed_c1,1.0,,0.010861635208129883,0.7,0.6994996471871191,0.6994180733900832,0.7126436781609196,0.7500160369491309,0.766356398373047,full_v4_features,524,524,0,,ksf-v4-idsplit::
quantum,svc,4,zz_r1_full__as0.5__svc__d4,zz_r1_full__as0.5,id_test,fixed_c1,1.0,,0.010861635208129883,0.628,0.6281031496568092,0.6277081231685642,0.6381322957198443,0.7149271922509461,0.7236685015099501,full_v4_features,524,524,0,,ksf-v4-idsplit::
quantum,svc,4,zz_r1_full__as0.5__svc__d4,zz_r1_full__as0.5,ood_test,fixed_c1,1.0,,0.010861635208129883,0.666,0.6666479973116128,0.6652917573585707,0.6806883365200764,0.7359779808292395,0.6909530229426712,full_v4_features,524,524,0,,ksf-v4-idsplit::
quantum,svc,4,zz_r2_full__as0.5__svc__d4,zz_r2_full__as0.5,id_val,fixed_c1,1.0,,0.009952306747436523,0.732,0.7338828661235487,0.7319957119313909,0.7309236947791165,0.796843928411059,0.7928439951112619,full_v4_features,524,524,0,,ksf-v4-idsplit::
quantum,svc,4,zz_r2_full__as0.5__svc__d4,zz_r2_full__as0.5,id_test,fixed_c1,1.0,,0.009952306747436523,0.692,0.6949451536339726,0.6917583385374133,0.6831275720164609,0.7602796843928411,0.7354379956332133,full_v4_features,524,524,0,,ksf-v4-idsplit::
quantum,svc,4,zz_r2_full__as0.5__svc__d4,zz_r2_full__as0.5,ood_test,fixed_c1,1.0,,0.009952306747436523,0.736,0.7366820822198397,0.7353903393418436,0.7480916030534351,0.7833127970427742,0.7063608597738392,full_v4_features,524,524,0,,ksf-v4-idsplit::
quantum,svc,4,pauli_xz_r1_full__as0.5__svc__d4,pauli_xz_r1_full__as0.5,id_val,fixed_c1,1.0,,0.010411977767944336,0.704,0.7033164410802488,0.7033164410802488,0.7175572519083969,0.7301302200269422,0.7157539854935844,full_v4_features,524,524,0,,ksf-v4-idsplit::
quantum,svc,4,pauli_xz_r1_full__as0.5__svc__d4,pauli_xz_r1_full__as0.5,id_test,fixed_c1,1.0,,0.010411977767944336,0.656,0.6548207069087177,0.6549178222907036,0.6742424242424242,0.6874719353390211,0.6498195816166721,full_v4_features,524,524,0,,ksf-v4-idsplit::
quantum,svc,4,pauli_xz_r1_full__as0.5__svc__d4,pauli_xz_r1_full__as0.5,ood_test,fixed_c1,1.0,,0.010411977767944336,0.658,0.6585988382327055,0.6573956459194018,0.6717850287907869,0.6931718167416108,0.661928413237956,full_v4_features,524,524,0,,ksf-v4-idsplit::
quantum,svc,4,zmap_r2__as0.5__svc__d4,zmap_r2__as0.5,id_val,fixed_c1,1.0,,0.010076522827148438,0.704,0.7033164410802488,0.7033164410802488,0.7175572519083969,0.7446276220411828,0.7411356091126197,full_v4_features,524,524,0,,ksf-v4-idsplit::
quantum,svc,4,zmap_r2__as0.5__svc__d4,zmap_r2__as0.5,id_test,fixed_c1,1.0,,0.010076522827148438,0.656,0.6548207069087177,0.6549178222907036,0.6742424242424242,0.6970941048174994,0.6523820264359983,full_v4_features,524,524,0,,ksf-v4-idsplit::
quantum,svc,4,zmap_r2__as0.5__svc__d4,zmap_r2__as0.5,ood_test,fixed_c1,1.0,,0.010076522827148438,0.656,0.6564305259957434,0.6557300923924356,0.6653696498054474,0.7036213214702918,0.6726661916639266,full_v4_features,524,524,0,,ksf-v4-idsplit::
quantum,svc,4,zz_r1_full__svc__d4,zz_r1_full,id_val,fixed_c1,1.0,,0.014148473739624023,0.688,0.6918981332991212,0.6872794919494516,0.6722689075630253,0.7511706972865482,0.7623231865696865,full_v4_features,524,524,0,,ksf-v4-idsplit::
quantum,svc,4,zz_r1_full__svc__d4,zz_r1_full,id_test,fixed_c1,1.0,,0.014148473739624023,0.652,0.6567772147026749,0.6503833727154362,0.6266094420600858,0.7307716979921739,0.720585788172474,full_v4_features,524,524,0,,ksf-v4-idsplit::
quantum,svc,4,zz_r1_full__svc__d4,zz_r1_full,ood_test,fixed_c1,1.0,,0.014148473739624023,0.724,0.724392312492999,0.7238409323770492,0.73046875,0.7597734073706613,0.6972603190285551,full_v4_features,524,524,0,,ksf-v4-idsplit::
quantum,svc,4,zz_r2_full__svc__d4,zz_r2_full,id_val,fixed_c1,1.0,,0.009133338928222656,0.712,0.7147988966578998,0.7118340163934427,0.7049180327868853,0.7796523189428443,0.7798182171184658,full_v4_features,524,524,0,,ksf-v4-idsplit::
quantum,svc,4,zz_r2_full__svc__d4,zz_r2_full,id_test,fixed_c1,1.0,,0.009133338928222656,0.68,0.6842645455128616,0.6789933230611197,0.6610169491525424,0.7641926999807557,0.7673249410249701,full_v4_features,524,524,0,,ksf-v4-idsplit::
quantum,svc,4,zz_r2_full__svc__d4,zz_r2_full,ood_test,fixed_c1,1.0,,0.009133338928222656,0.728,0.728392888575955,0.727843237704918,0.734375,0.799395112896257,0.733069610829914,full_v4_features,524,524,0,,ksf-v4-idsplit::
quantum,svc,4,pauli_xz_r1_full__svc__d4,pauli_xz_r1_full,id_val,fixed_c1,1.0,,0.015144824981689453,0.704,0.7033164410802488,0.7033164410802488,0.7175572519083969,0.7429597793315799,0.7406756298300176,full_v4_features,524,524,0,,ksf-v4-idsplit::
quantum,svc,4,pauli_xz_r1_full__svc__d4,pauli_xz_r1_full,id_test,fixed_c1,1.0,,0.015144824981689453,0.656,0.6548207069087177,0.6549178222907036,0.6742424242424242,0.708127525819488,0.673662505889113,full_v4_features,524,524,0,,ksf-v4-idsplit::
quantum,svc,4,pauli_xz_r1_full__svc__d4,pauli_xz_r1_full,ood_test,fixed_c1,1.0,,0.015144824981689453,0.65,0.6505976860667936,0.649381508981844,0.6641074856046065,0.7193835912371381,0.6946318272486689,full_v4_features,524,524,0,,ksf-v4-idsplit::
quantum,svc,4,zmap_r2__svc__d4,zmap_r2,id_val,fixed_c1,1.0,,0.011052846908569336,0.712,0.7121046892039258,0.7117047857005574,0.7209302325581395,0.74738597729168,0.7526762382434756,full_v4_features,524,524,0,,ksf-v4-idsplit::
quantum,svc,4,zmap_r2__svc__d4,zmap_r2,id_test,fixed_c1,1.0,,0.011052846908569336,0.632,0.631919943549939,0.6316227817284901,0.6434108527131783,0.7150554878439925,0.6952280236327959,full_v4_features,524,524,0,,ksf-v4-idsplit::
quantum,svc,4,zmap_r2__svc__d4,zmap_r2,ood_test,fixed_c1,1.0,,0.011052846908569336,0.648,0.6483333600038406,0.647859143657463,0.6549019607843137,0.729385031444528,0.7030576591288221,full_v4_features,524,524,0,,ksf-v4-idsplit::
quantum,svc,4,zz_r1_full__as2__svc__d4,zz_r1_full__as2,id_val,fixed_c1,1.0,,0.008998870849609375,0.744,0.7480274552569119,0.7434088139072423,0.7310924369747899,0.8370004490345756,0.8257717191662488,full_v4_features,524,524,0,,ksf-v4-idsplit::
quantum,svc,4,zz_r1_full__as2__svc__d4,zz_r1_full__as2,id_test,fixed_c1,1.0,,0.008998870849609375,0.708,0.71098210276477,0.7077708923796256,0.6995884773662552,0.8052472897555969,0.7754551240716914,full_v4_features,524,524,0,,ksf-v4-idsplit::
quantum,svc,4,zz_r1_full__as2__svc__d4,zz_r1_full__as2,ood_test,fixed_c1,1.0,,0.008998870849609375,0.754,0.7540365812677026,0.7539911436811726,0.7525150905432596,0.814565297402826,0.7606828589493748,full_v4_features,524,524,0,,ksf-v4-idsplit::
quantum,svc,4,zz_r2_full__as2__svc__d4,zz_r2_full__as2,id_val,fixed_c1,1.0,,0.01362156867980957,0.74,0.7415164539098082,0.739995839933439,0.7410358565737052,0.8316120341266277,0.8113277374251969,full_v4_features,524,524,0,,ksf-v4-idsplit::
quantum,svc,4,zz_r2_full__as2__svc__d4,zz_r2_full__as2,id_test,fixed_c1,1.0,,0.01362156867980957,0.772,0.7732054653922638,0.771967163271511,0.7747035573122529,0.8070434280582461,0.7700151755918984,full_v4_features,524,524,0,,ksf-v4-idsplit::
quantum,svc,4,zz_r2_full__as2__svc__d4,zz_r2_full__as2,ood_test,fixed_c1,1.0,,0.01362156867980957,0.742,0.7418428253668528,0.7418750675326857,0.7361963190184049,0.8233025555680018,0.7860342903888918,full_v4_features,524,524,0,,ksf-v4-idsplit::
quantum,svc,4,pauli_xz_r1_full__as2__svc__d4,pauli_xz_r1_full__as2,id_val,fixed_c1,1.0,,0.010009288787841797,0.724,0.7262492783372891,0.7239602502760398,0.7206477732793523,0.7630380396433383,0.7583143576543732,full_v4_features,524,524,0,,ksf-v4-idsplit::
quantum,svc,4,pauli_xz_r1_full__as2__svc__d4,pauli_xz_r1_full__as2,id_test,fixed_c1,1.0,,0.010009288787841797,0.676,0.6800628648405926,0.6751215286133705,0.6582278481012658,0.7330810186670087,0.7141346856667051,full_v4_features,524,524,0,,ksf-v4-idsplit::
quantum,svc,4,pauli_xz_r1_full__as2__svc__d4,pauli_xz_r1_full__as2,ood_test,fixed_c1,1.0,,0.010009288787841797,0.678,0.6779296218655486,0.6779368756276231,0.6734279918864098,0.7371461490454627,0.7074326807857056,full_v4_features,524,524,0,,ksf-v4-idsplit::
quantum,svc,4,zmap_r2__as2__svc__d4,zmap_r2__as2,id_val,fixed_c1,1.0,,0.008998632431030273,0.732,0.7346526396818269,0.7318927571028412,0.726530612244898,0.7598947976137019,0.7436184757984435,full_v4_features,524,524,0,,ksf-v4-idsplit::
quantum,svc,4,zmap_r2__as2__svc__d4,zmap_r2__as2,id_test,fixed_c1,1.0,,0.008998632431030273,0.652,0.6571621014818141,0.6499782745135905,0.6233766233766234,0.7330168708704856,0.7198802530093766,full_v4_features,524,524,0,,ksf-v4-idsplit::
quantum,svc,4,zmap_r2__as2__svc__d4,zmap_r2__as2,ood_test,fixed_c1,1.0,,0.008998632431030273,0.712,0.7125346049831176,0.7116262676428651,0.722007722007722,0.7496919556416124,0.6788049304416006,full_v4_features,524,524,0,,ksf-v4-idsplit::
classical_ext,svc,6,linear__svc__d6,linear,id_val,fixed_c1,1.0,,0.010994434356689453,0.68,0.6773365834883571,0.6775025799793601,0.7058823529411765,0.6893322214381936,0.6533355998049187,full_v4_features,524,524,0,,ksf-v4-idsplit::
classical_ext,svc,6,linear__svc__d6,linear,id_test,fixed_c1,1.0,,0.010994434356689453,0.644,0.6418307781127719,0.6419317980656271,0.6691449814126395,0.6892039258451472,0.6599210254628438,full_v4_features,524,524,0,,ksf-v4-idsplit::
classical_ext,svc,6,linear__svc__d6,linear,ood_test,fixed_c1,1.0,,0.010994434356689453,0.644,0.6443327839208846,0.6438575430172069,0.6509803921568628,0.6796178649725562,0.6573609010448912,full_v4_features,524,524,0,,ksf-v4-idsplit::
classical_ext,svc,6,rbf_gscale__svc__d6,rbf_gscale,id_val,fixed_c1,1.0,,0.009000062942504883,0.704,0.7033164410802488,0.7033164410802488,0.7175572519083969,0.7343639745974726,0.7365676531206606,full_v4_features,524,524,0,,ksf-v4-idsplit::
classical_ext,svc,6,rbf_gscale__svc__d6,rbf_gscale,id_test,fixed_c1,1.0,,0.009000062942504883,0.66,0.6590223875809866,0.6590781473103271,0.6768060836501901,0.7130027583552504,0.7031742383337416,full_v4_features,524,524,0,,ksf-v4-idsplit::
classical_ext,svc,6,rbf_gscale__svc__d6,rbf_gscale,ood_test,fixed_c1,1.0,,0.009000062942504883,0.664,0.6644796850746507,0.663655583317317,0.6744186046511628,0.7313373125730105,0.7008367670754128,full_v4_features,524,524,0,,ksf-v4-idsplit::
classical_ext,svc,6,poly2__svc__d6,poly2,id_val,fixed_c1,1.0,,0.011008739471435547,0.692,0.690326512284303,0.6905691919435469,0.7116104868913857,0.6974148438001154,0.6639434309428152,full_v4_features,524,524,0,,ksf-v4-idsplit::
classical_ext,svc,6,poly2__svc__d6,poly2,id_test,fixed_c1,1.0,,0.011008739471435547,0.656,0.6544358201295786,0.6545851809009704,0.6766917293233082,0.693181089229585,0.6597060748452571,full_v4_features,524,524,0,,ksf-v4-idsplit::
classical_ext,svc,6,poly2__svc__d6,poly2,ood_test,fixed_c1,1.0,,0.011008739471435547,0.668,0.6685282680706022,0.6675691696438584,0.6795366795366795,0.690163383527228,0.666485709126329,full_v4_features,524,524,0,,ksf-v4-idsplit::
classical_ext,svc,6,poly3__svc__d6,poly3,id_val,fixed_c1,1.0,,0.010101318359375,0.696,0.6941433061774328,0.6944158517756047,0.7164179104477612,0.6988902431201488,0.6740392794373424,full_v4_features,524,524,0,,ksf-v4-idsplit::
classical_ext,svc,6,poly3__svc__d6,poly3,id_test,fixed_c1,1.0,,0.010101318359375,0.652,0.6502341394573097,0.6503833727154362,0.6741573033707865,0.6875360831355443,0.6591617211923454,full_v4_features,524,524,0,,ksf-v4-idsplit::
classical_ext,svc,6,poly3__svc__d6,poly3,ood_test,fixed_c1,1.0,,0.010101318359375,0.656,0.6565745467347298,0.655448717948718,0.6692307692307692,0.6821302267526523,0.6474733156660888,full_v4_features,524,524,0,,ksf-v4-idsplit::
classical_ext,svc,6,laplacian_med__svc__d6,laplacian_med,id_val,fixed_c1,1.0,,0.011321544647216797,0.724,0.7262492783372891,0.7239602502760398,0.7206477732793523,0.8133299121175187,0.8272321667651256,full_v4_features,524,524,0,,ksf-v4-idsplit::
classical_ext,svc,6,laplacian_med__svc__d6,laplacian_med,id_test,fixed_c1,1.0,,0.011321544647216797,0.704,0.7075501956507794,0.703525641025641,0.6916666666666667,0.8028096734877157,0.7829276458849316,full_v4_features,524,524,0,,ksf-v4-idsplit::
classical_ext,svc,6,laplacian_med__svc__d6,laplacian_med,ood_test,fixed_c1,1.0,,0.011321544647216797,0.758,0.7578931366116721,0.7579215665875744,0.7535641547861507,0.8436574866780816,0.8294498102539349,full_v4_features,524,524,0,,ksf-v4-idsplit::
classical_ext,svc,6,matern15_med__svc__d6,matern15_med,id_val,fixed_c1,1.0,,0.00861811637878418,0.7,0.7002694207453974,0.6997646154585195,0.708171206225681,0.7740073128488036,0.7824005260754583,full_v4_features,524,524,0,,ksf-v4-idsplit::
classical_ext,svc,6,matern15_med__svc__d6,matern15_med,id_test,fixed_c1,1.0,,0.00861811637878418,0.66,0.6594072743601258,0.6593404831754277,0.6743295019157088,0.7603438321893643,0.7733250622334495,full_v4_features,524,524,0,,ksf-v4-idsplit::
classical_ext,svc,6,matern15_med__svc__d6,matern15_med,ood_test,fixed_c1,1.0,,0.00861811637878418,0.722,0.7226560624729961,0.7214105046277924,0.734225621414914,0.830727624777968,0.8259144113452817,full_v4_features,524,524,0,,ksf-v4-idsplit::
classical_ext,svc,6,matern25_med__svc__d6,matern25_med,id_val,fixed_c1,1.0,,0.00810551643371582,0.7,0.7002694207453974,0.6997646154585195,0.708171206225681,0.7723394701392008,0.7830428027311893,full_v4_features,524,524,0,,ksf-v4-idsplit::
classical_ext,svc,6,matern25_med__svc__d6,matern25_med,id_test,fixed_c1,1.0,,0.00810551643371582,0.66,0.6594072743601258,0.6593404831754277,0.6743295019157088,0.7516838796587337,0.7632555299811665,full_v4_features,524,524,0,,ksf-v4-idsplit::
classical_ext,svc,6,matern25_med__svc__d6,matern25_med,ood_test,fixed_c1,1.0,,0.00810551643371582,0.718,0.7186074794770447,0.7175016729510857,0.7293666026871402,0.8233185578723337,0.8201020746692971,full_v4_features,524,524,0,,ksf-v4-idsplit::
classical_ext,svc,6,rbf_gscale_x0.1__svc__d6,rbf_gscale_x0.1,id_val,fixed_c1,1.0,,0.012549161911010742,0.688,0.6861248316120341,0.6863741636644365,0.7089552238805971,0.6933093848226314,0.6569872089648028,full_v4_features,524,524,0,,ksf-v4-idsplit::
classical_ext,svc,6,rbf_gscale_x0.1__svc__d6,rbf_gscale_x0.1,id_test,fixed_c1,1.0,,0.012549161911010742,0.648,0.64641734556418,0.6465522781312255,0.6691729323308271,0.6794534607736225,0.6498935891197009,full_v4_features,524,524,0,,ksf-v4-idsplit::
classical_ext,svc,6,rbf_gscale_x0.1__svc__d6,rbf_gscale_x0.1,ood_test,fixed_c1,1.0,,0.012549161911010742,0.654,0.6545502552367541,0.6534996534996536,0.6666666666666666,0.6764974156278503,0.6557835378973853,full_v4_features,524,524,0,,ksf-v4-idsplit::
classical_ext,svc,6,rbf_gscale_x0.3__svc__d6,rbf_gscale_x0.3,id_val,fixed_c1,1.0,,0.011002540588378906,0.708,0.7071332349733787,0.7072082912194574,0.7224334600760456,0.7082558214125345,0.6785705268971947,full_v4_features,524,524,0,,ksf-v4-idsplit::
classical_ext,svc,6,rbf_gscale_x0.3__svc__d6,rbf_gscale_x0.3,id_test,fixed_c1,1.0,,0.011002540588378906,0.656,0.6548207069087177,0.6549178222907036,0.6742424242424242,0.6887548912694849,0.6605884713275236,full_v4_features,524,524,0,,ksf-v4-idsplit::
classical_ext,svc,6,rbf_gscale_x0.3__svc__d6,rbf_gscale_x0.3,ood_test,fixed_c1,1.0,,0.011002540588378906,0.66,0.6605751228176857,0.6594551282051282,0.6730769230769231,0.6801459410155062,0.6499093167873908,full_v4_features,524,524,0,,ksf-v4-idsplit::
classical_ext,svc,6,rbf_gscale_x3__svc__d6,rbf_gscale_x3,id_val,fixed_c1,1.0,,0.01609969139099121,0.7,0.7002694207453974,0.6997646154585195,0.708171206225681,0.7501443325421772,0.759438561533903,full_v4_features,524,524,0,,ksf-v4-idsplit::
classical_ext,svc,6,rbf_gscale_x3__svc__d6,rbf_gscale_x3,id_test,fixed_c1,1.0,,0.01609969139099121,0.66,0.6597921611392649,0.6595587881894935,0.6718146718146718,0.7420617101802554,0.7475778743333401,full_v4_features,524,524,0,,ksf-v4-idsplit::
classical_ext,svc,6,rbf_gscale_x3__svc__d6,rbf_gscale_x3,ood_test,fixed_c1,1.0,,0.01609969139099121,0.674,0.67416908034757,0.6739882635774888,0.6759443339960238,0.7622697668464258,0.7535443817627095,full_v4_features,524,524,0,,ksf-v4-idsplit::
classical_ext,svc,6,rbf_gscale_x10__svc__d6,rbf_gscale_x10,id_val,fixed_c1,1.0,,0.015889883041381836,0.7,0.7002694207453974,0.6997646154585195,0.708171206225681,0.7753544165757906,0.7925150318324123,full_v4_features,524,524,0,,ksf-v4-idsplit::
classical_ext,svc,6,rbf_gscale_x10__svc__d6,rbf_gscale_x10,id_test,fixed_c1,1.0,,0.015889883041381836,0.656,0.6552055936878568,0.6552055936878568,0.6717557251908397,0.7493745589838989,0.7605219373613027,full_v4_features,524,524,0,,ksf-v4-idsplit::
classical_ext,svc,6,rbf_gscale_x10__svc__d6,rbf_gscale_x10,ood_test,fixed_c1,1.0,,0.015889883041381836,0.716,0.716583187979069,0.7155448717948718,0.7269230769230769,0.8271431086076395,0.8181318666852658,full_v4_features,524,524,0,,ksf-v4-idsplit::
classical_ext,svc,6,laplacian_med_x0.1__svc__d6,laplacian_med_x0.1,id_val,fixed_c1,1.0,,0.01364898681640625,0.796,0.7957213419719033,0.7956042899052567,0.8045977011494253,0.87369298864584,0.8681077664408408,full_v4_features,524,524,0,,ksf-v4-idsplit::
classical_ext,svc,6,laplacian_med_x0.1__svc__d6,laplacian_med_x0.1,id_test,fixed_c1,1.0,,0.01364898681640625,0.78,0.7792995060619667,0.7794035070831529,0.7908745247148289,0.8528449547758034,0.8156385599256821,full_v4_features,524,524,0,,ksf-v4-idsplit::
classical_ext,svc,6,laplacian_med_x0.1__svc__d6,laplacian_med_x0.1,ood_test,fixed_c1,1.0,,0.01364898681640625,0.754,0.7533164775727705,0.7529237357931149,0.7366167023554604,0.8469539613704373,0.8298663677485274,full_v4_features,524,524,0,,ksf-v4-idsplit::
classical_ext,svc,6,laplacian_med_x0.3__svc__d6,laplacian_med_x0.3,id_val,fixed_c1,1.0,,0.011000394821166992,0.764,0.7624927833728912,0.7629036665541464,0.7790262172284644,0.8531015459618961,0.8461583970562596,full_v4_features,524,524,0,,ksf-v4-idsplit::
classical_ext,svc,6,laplacian_med_x0.3__svc__d6,laplacian_med_x0.3,id_test,fixed_c1,1.0,,0.011000394821166992,0.768,0.7686188979408557,0.7678662909836065,0.7734375,0.83507601513888,0.7885626502026135,full_v4_features,524,524,0,,ksf-v4-idsplit::
classical_ext,svc,6,laplacian_med_x0.3__svc__d6,laplacian_med_x0.3,ood_test,fixed_c1,1.0,,0.011000394821166992,0.772,0.7721591909234929,0.7719963519416311,0.7729083665338645,0.8560112656222496,0.8272292002126316,full_v4_features,524,524,0,,ksf-v4-idsplit::
classical_ext,svc,6,laplacian_med_x3__svc__d6,laplacian_med_x3,id_val,fixed_c1,1.0,,0.01600027084350586,0.704,0.7048559881968055,0.7039242045963767,0.7086614173228346,0.7943421643466547,0.7876087299995902,full_v4_features,524,524,0,,ksf-v4-idsplit::
classical_ext,svc,6,laplacian_med_x3__svc__d6,laplacian_med_x3,id_test,fixed_c1,1.0,,0.01600027084350586,0.7,0.7010391943036757,0.6999567937783041,0.7035573122529645,0.7664378728590674,0.7618102845742527,full_v4_features,524,524,0,,ksf-v4-idsplit::
classical_ext,svc,6,laplacian_med_x3__svc__d6,laplacian_med_x3,ood_test,fixed_c1,1.0,,0.01600027084350586,0.73,0.7301771455089533,0.7299902796500675,0.731610337972167,0.8168216223136131,0.8056310446833386,full_v4_features,524,524,0,,ksf-v4-idsplit::
classical_ext,svc,6,laplacian_med_x10__svc__d6,laplacian_med_x10,id_val,fixed_c1,1.0,,0.01199960708618164,0.696,0.6960677400731285,0.6956883849061439,0.7054263565891473,0.7806786836872154,0.7718152384887365,full_v4_features,524,524,0,,ksf-v4-idsplit::
classical_ext,svc,6,laplacian_med_x10__svc__d6,laplacian_med_x10,id_test,fixed_c1,1.0,,0.01199960708618164,0.668,0.6674257489255244,0.6673560012183588,0.6819923371647509,0.7623965616781063,0.7426508611829727,full_v4_features,524,524,0,,ksf-v4-idsplit::
classical_ext,svc,6,laplacian_med_x10__svc__d6,laplacian_med_x10,ood_test,fixed_c1,1.0,,0.01199960708618164,0.7,0.700868925125218,0.6987661461345672,0.7180451127819549,0.7641900433662447,0.7183440473306614,full_v4_features,524,524,0,,ksf-v4-idsplit::
classical_ext,svc,6,matern15_med_x0.1__svc__d6,matern15_med_x0.1,id_val,fixed_c1,1.0,,0.014664173126220703,0.804,0.803739816537302,0.8036198079481877,0.8122605363984674,0.8647122971325935,0.8441666391189689,full_v4_features,524,524,0,,ksf-v4-idsplit::
classical_ext,svc,6,matern15_med_x0.1__svc__d6,matern15_med_x0.1,id_test,fixed_c1,1.0,,0.014664173126220703,0.772,0.7716659182757072,0.7715577357764632,0.7816091954022989,0.8457245493617294,0.7961316564532495,full_v4_features,524,524,0,,ksf-v4-idsplit::
classical_ext,svc,6,matern15_med_x0.1__svc__d6,matern15_med_x0.1,ood_test,fixed_c1,1.0,,0.014664173126220703,0.766,0.7655582403866157,0.7655038060536095,0.7547169811320755,0.8431614152437952,0.8098078773347377,full_v4_features,524,524,0,,ksf-v4-idsplit::
classical_ext,svc,6,matern15_med_x0.3__svc__d6,matern15_med_x0.3,id_val,fixed_c1,1.0,,0.009592771530151367,0.732,0.7342677529026878,0.7319614024419516,0.728744939271255,0.8295593046378857,0.8163255898149926,full_v4_features,524,524,0,,ksf-v4-idsplit::
classical_ext,svc,6,matern15_med_x0.3__svc__d6,matern15_med_x0.3,id_test,fixed_c1,1.0,,0.009592771530151367,0.712,0.7151837834370389,0.7117047857005574,0.7024793388429752,0.8183334402463275,0.8060017642241277,full_v4_features,524,524,0,,ksf-v4-idsplit::
classical_ext,svc,6,matern15_med_x0.3__svc__d6,matern15_med_x0.3,ood_test,fixed_c1,1.0,,0.009592771530151367,0.778,0.7779440239394473,0.777956479469976,0.7748478701825557,0.8531948600598486,0.8369334824100595,full_v4_features,524,524,0,,ksf-v4-idsplit::
classical_ext,svc,6,matern15_med_x3__svc__d6,matern15_med_x3,id_val,fixed_c1,1.0,,0.011667013168334961,0.7,0.7002694207453974,0.6997646154585195,0.708171206225681,0.7448842132272756,0.747383217035974,full_v4_features,524,524,0,,ksf-v4-idsplit::
classical_ext,svc,6,matern15_med_x3__svc__d6,matern15_med_x3,id_test,fixed_c1,1.0,,0.011667013168334961,0.66,0.6597921611392649,0.6595587881894935,0.6718146718146718,0.7292962986721405,0.7250119592683981,full_v4_features,524,524,0,,ksf-v4-idsplit::
classical_ext,svc,6,matern15_med_x3__svc__d6,matern15_med_x3,ood_test,fixed_c1,1.0,,0.011667013168334961,0.67,0.6702165111776095,0.66996699669967,0.6732673267326733,0.7563489142436511,0.7166564622016087,full_v4_features,524,524,0,,ksf-v4-idsplit::
classical_ext,svc,6,matern15_med_x10__svc__d6,matern15_med_x10,id_val,fixed_c1,1.0,,0.013372182846069336,0.688,0.6861248316120341,0.6863741636644365,0.7089552238805971,0.697607287189685,0.6545132933720831,full_v4_features,524,524,0,,ksf-v4-idsplit::
classical_ext,svc,6,matern15_med_x10__svc__d6,matern15_med_x10,id_test,fixed_c1,1.0,,0.013372182846069336,0.648,0.64641734556418,0.6465522781312255,0.6691729323308271,0.6779780614535891,0.6449019416359913,full_v4_features,524,524,0,,ksf-v4-idsplit::
classical_ext,svc,6,matern15_med_x10__svc__d6,matern15_med_x10,ood_test,fixed_c1,1.0,,0.013372182846069336,0.652,0.6526699844777648,0.6511963564051575,0.6679389312977099,0.683330399577539,0.6568475790121444,full_v4_features,524,524,0,,ksf-v4-idsplit::
classical_ext,svc,6,matern25_med_x0.1__svc__d6,matern25_med_x0.1,id_val,fixed_c1,1.0,,0.010999917984008789,0.796,0.7961062287510424,0.7957352729136962,0.803088803088803,0.8613124639168644,0.8375694734937775,full_v4_features,524,524,0,,ksf-v4-idsplit::
classical_ext,svc,6,matern25_med_x0.1__svc__d6,matern25_med_x0.1,id_test,fixed_c1,1.0,,0.010999917984008789,0.768,0.7674642376034383,0.7674642376034383,0.7786259541984732,0.8364872666623901,0.7882113162940503,full_v4_features,524,524,0,,ksf-v4-idsplit::
classical_ext,svc,6,matern25_med_x0.1__svc__d6,matern25_med_x0.1,ood_test,fixed_c1,1.0,,0.010999917984008789,0.77,0.769606823382567,0.7695935630452118,0.7599164926931107,0.8397209198124529,0.8042384231104651,full_v4_features,524,524,0,,ksf-v4-idsplit::
classical_ext,svc,6,matern25_med_x0.3__svc__d6,matern25_med_x0.3,id_val,fixed_c1,1.0,,0.016035795211791992,0.72,0.7228173712232985,0.7198386270491803,0.7131147540983607,0.821861569055103,0.8114969458128409,full_v4_features,524,524,0,,ksf-v4-idsplit::
classical_ext,svc,6,matern25_med_x0.3__svc__d6,matern25_med_x0.3,id_test,fixed_c1,1.0,,0.016035795211791992,0.704,0.7075501956507794,0.703525641025641,0.6916666666666667,0.8134582077105651,0.8110935105818645,full_v4_features,524,524,0,,ksf-v4-idsplit::
classical_ext,svc,6,matern25_med_x0.3__svc__d6,matern25_med_x0.3,ood_test,fixed_c1,1.0,,0.016035795211791992,0.766,0.765798274951593,0.7658417089952808,0.7597535934291582,0.8497383623241748,0.8357150104044848,full_v4_features,524,524,0,,ksf-v4-idsplit::
classical_ext,svc,6,matern25_med_x3__svc__d6,matern25_med_x3,id_val,fixed_c1,1.0,,0.009124994277954102,0.704,0.7033164410802488,0.7033164410802488,0.7175572519083969,0.7315414715504522,0.7258584311559265,full_v4_features,524,524,0,,ksf-v4-idsplit::
classical_ext,svc,6,matern25_med_x3__svc__d6,matern25_med_x3,id_test,fixed_c1,1.0,,0.009124994277954102,0.66,0.6590223875809866,0.6590781473103271,0.6768060836501901,0.7117839502213098,0.7020958759648708,full_v4_features,524,524,0,,ksf-v4-idsplit::
classical_ext,svc,6,matern25_med_x3__svc__d6,matern25_med_x3,ood_test,fixed_c1,1.0,,0.009124994277954102,0.666,0.6665039765726264,0.6656134491472142,0.6769825918762089,0.7242802963626762,0.6803613500912626,full_v4_features,524,524,0,,ksf-v4-idsplit::
classical_ext,svc,6,matern25_med_x10__svc__d6,matern25_med_x10,id_val,fixed_c1,1.0,,0.013999700546264648,0.688,0.6861248316120341,0.6863741636644365,0.7089552238805971,0.683366476361537,0.6474594490611281,full_v4_features,524,524,0,,ksf-v4-idsplit::
classical_ext,svc,6,matern25_med_x10__svc__d6,matern25_med_x10,id_test,fixed_c1,1.0,,0.013999700546264648,0.644,0.6426005516710501,0.6427137695704537,0.6641509433962264,0.6713708384117005,0.6443363216090241,full_v4_features,524,524,0,,ksf-v4-idsplit::
classical_ext,svc,6,matern25_med_x10__svc__d6,matern25_med_x10,ood_test,fixed_c1,1.0,,0.013999700546264648,0.638,0.638211902513962,0.637963796379638,0.6415841584158416,0.6678881758973292,0.6526312076221764,full_v4_features,524,524,0,,ksf-v4-idsplit::
quantum,svc,6,zz_r1_full__as0.5__svc__d6,zz_r1_full__as0.5,id_val,fixed_c1,1.0,,0.010342121124267578,0.704,0.7075501956507794,0.703525641025641,0.6916666666666667,0.7710565142087369,0.7697317671174504,full_v4_features,524,524,0,,ksf-v4-idsplit::
quantum,svc,6,zz_r1_full__as0.5__svc__d6,zz_r1_full__as0.5,id_test,fixed_c1,1.0,,0.010342121124267578,0.684,0.6884662261851305,0.6828582898434363,0.6638297872340425,0.7423824491628712,0.7126283176255157,full_v4_features,524,524,0,,ksf-v4-idsplit::
quantum,svc,6,zz_r1_full__as0.5__svc__d6,zz_r1_full__as0.5,ood_test,fixed_c1,1.0,,0.010342121124267578,0.752,0.751724248291754,0.7517457876865911,0.743801652892562,0.8185018642684546,0.8009598618506667,full_v4_features,524,524,0,,ksf-v4-idsplit::
quantum,svc,6,zz_r2_full__as0.5__svc__d6,zz_r2_full__as0.5,id_val,fixed_c1,1.0,,0.009630203247070312,0.72,0.7228173712232985,0.7198386270491803,0.7131147540983607,0.7772147026749631,0.7439731141794834,full_v4_features,524,524,0,,ksf-v4-idsplit::
quantum,svc,6,zz_r2_full__as0.5__svc__d6,zz_r2_full__as0.5,id_test,fixed_c1,1.0,,0.009630203247070312,0.696,0.6999166078645198,0.6952979665148502,0.680672268907563,0.7804862402976457,0.798665892724841,full_v4_features,524,524,0,,ksf-v4-idsplit::
quantum,svc,6,zz_r2_full__as0.5__svc__d6,zz_r2_full__as0.5,ood_test,fixed_c1,1.0,,0.009630203247070312,0.756,0.7558688451136963,0.7559023609443778,0.7510204081632653,0.8455777631979006,0.8244016856756264,full_v4_features,524,524,0,,ksf-v4-idsplit::
quantum,svc,6,pauli_xz_r1_full__as0.5__svc__d6,pauli_xz_r1_full__as0.5,id_val,fixed_c1,1.0,,0.010000228881835938,0.7,0.6994996471871191,0.6994180733900832,0.7126436781609196,0.736544999679261,0.7409476086781943,full_v4_features,524,524,0,,ksf-v4-idsplit::
quantum,svc,6,pauli_xz_r1_full__as0.5__svc__d6,pauli_xz_r1_full__as0.5,id_test,fixed_c1,1.0,,0.010000228881835938,0.664,0.6632240682532555,0.6632240682532555,0.6793893129770993,0.714863044454423,0.7062898209345896,full_v4_features,524,524,0,,ksf-v4-idsplit::
quantum,svc,6,pauli_xz_r1_full__as0.5__svc__d6,pauli_xz_r1_full__as0.5,ood_test,fixed_c1,1.0,,0.010000228881835938,0.662,0.6623593797506842,0.661836328783131,0.6692759295499021,0.7335616328751339,0.7015903874757969,full_v4_features,524,524,0,,ksf-v4-idsplit::
quantum,svc,6,zmap_r2__as0.5__svc__d6,zmap_r2__as0.5,id_val,fixed_c1,1.0,,0.01000070571899414,0.7,0.7002694207453974,0.6997646154585195,0.708171206225681,0.7434729617037653,0.7515711284330958,full_v4_features,524,524,0,,ksf-v4-idsplit::
quantum,svc,6,zmap_r2__as0.5__svc__d6,zmap_r2__as0.5,id_test,fixed_c1,1.0,,0.01000070571899414,0.66,0.6597921611392649,0.6595587881894935,0.6718146718146718,0.7252549874911798,0.7101083635481716,full_v4_features,524,524,0,,ksf-v4-idsplit::
quantum,svc,6,zmap_r2__as0.5__svc__d6,zmap_r2__as0.5,ood_test,fixed_c1,1.0,,0.01000070571899414,0.67,0.6702165111776095,0.66996699669967,0.6732673267326733,0.7552447552447553,0.7290609423422795,full_v4_features,524,524,0,,ksf-v4-idsplit::
quantum,svc,6,zz_r1_full__svc__d6,zz_r1_full,id_val,fixed_c1,1.0,,0.015176057815551758,0.716,0.7193854641093078,0.7156314583700476,0.7053941908713693,0.7637436654050933,0.7353385974760647,full_v4_features,524,524,0,,ksf-v4-idsplit::
quantum,svc,6,zz_r1_full__svc__d6,zz_r1_full,id_test,fixed_c1,1.0,,0.015176057815551758,0.684,0.6884662261851305,0.6828582898434363,0.6638297872340425,0.7611777535441657,0.7715595318110078,full_v4_features,524,524,0,,ksf-v4-idsplit::
quantum,svc,6,zz_r1_full__svc__d6,zz_r1_full,ood_test,fixed_c1,1.0,,0.015176057815551758,0.762,0.7616536781296507,0.7616558310199929,0.7525987525987526,0.8349842377302332,0.8012088914621196,full_v4_features,524,524,0,,ksf-v4-idsplit::
quantum,svc,6,zz_r2_full__svc__d6,zz_r2_full,id_val,fixed_c1,1.0,,0.008578300476074219,0.72,0.7228173712232985,0.7198386270491803,0.7131147540983607,0.8162807107575855,0.8079444743929795,full_v4_features,524,524,0,,ksf-v4-idsplit::
quantum,svc,6,zz_r2_full__svc__d6,zz_r2_full,id_test,fixed_c1,1.0,,0.008578300476074219,0.684,0.6884662261851305,0.6828582898434363,0.6638297872340425,0.8119186605940085,0.8124395313498063,full_v4_features,524,524,0,,ksf-v4-idsplit::
quantum,svc,6,zz_r2_full__svc__d6,zz_r2_full,ood_test,fixed_c1,1.0,,0.008578300476074219,0.76,0.7597734073706613,0.7598116923668157,0.7530864197530864,0.8374645949016658,0.803359100242192,full_v4_features,524,524,0,,ksf-v4-idsplit::
quantum,svc,6,pauli_xz_r1_full__svc__d6,pauli_xz_r1_full,id_val,fixed_c1,1.0,,0.009002447128295898,0.7,0.7002694207453974,0.6997646154585195,0.708171206225681,0.746038873564693,0.7528311610246596,full_v4_features,524,524,0,,ksf-v4-idsplit::
quantum,svc,6,pauli_xz_r1_full__svc__d6,pauli_xz_r1_full,id_test,fixed_c1,1.0,,0.009002447128295898,0.66,0.6597921611392649,0.6595587881894935,0.6718146718146718,0.7356469305279363,0.7534344073929682,full_v4_features,524,524,0,,ksf-v4-idsplit::
quantum,svc,6,pauli_xz_r1_full__svc__d6,pauli_xz_r1_full,ood_test,fixed_c1,1.0,,0.009002447128295898,0.708,0.7088220703781345,0.706945002007226,0.7245283018867924,0.7708470019682835,0.7609649850878091,full_v4_features,524,524,0,,ksf-v4-idsplit::
quantum,svc,6,zmap_r2__svc__d6,zmap_r2,id_val,fixed_c1,1.0,,0.009052515029907227,0.7,0.7002694207453974,0.6997646154585195,0.708171206225681,0.7619475271024441,0.7800253249177594,full_v4_features,524,524,0,,ksf-v4-idsplit::
quantum,svc,6,zmap_r2__svc__d6,zmap_r2,id_test,fixed_c1,1.0,,0.009052515029907227,0.664,0.6639938418115338,0.663655583317317,0.6744186046511628,0.731477323753929,0.7443402504186185,full_v4_features,524,524,0,,ksf-v4-idsplit::
quantum,svc,6,zmap_r2__svc__d6,zmap_r2,ood_test,fixed_c1,1.0,,0.009052515029907227,0.716,0.7165351810660735,0.7156314583700476,0.7258687258687259,0.8116528780144341,0.8109908959347302,full_v4_features,524,524,0,,ksf-v4-idsplit::
quantum,svc,6,zz_r1_full__as2__svc__d6,zz_r1_full__as2,id_val,fixed_c1,1.0,,0.010007143020629883,0.776,0.7758675989479762,0.7756410256410257,0.7846153846153846,0.8427737507216627,0.8214542431533307,full_v4_features,524,524,0,,ksf-v4-idsplit::
quantum,svc,6,zz_r1_full__as2__svc__d6,zz_r1_full__as2,id_test,fixed_c1,1.0,,0.010007143020629883,0.772,0.7712810314965681,0.7713818164316312,0.7832699619771863,0.8209634999037783,0.773290644849475,full_v4_features,524,524,0,,ksf-v4-idsplit::
quantum,svc,6,zz_r1_full__as2__svc__d6,zz_r1_full__as2,ood_test,fixed_c1,1.0,,0.010007143020629883,0.782,0.7819926069353987,0.781978197819782,0.7797979797979798,0.8497543646285064,0.8131883937554403,full_v4_features,524,524,0,,ksf-v4-idsplit::
quantum,svc,6,zz_r2_full__as2__svc__d6,zz_r2_full__as2,id_val,fixed_c1,1.0,,0.014668703079223633,0.804,0.8045095900955802,0.8038462154328994,0.8093385214007782,0.8458528449547759,0.812465151635617,full_v4_features,524,524,0,,ksf-v4-idsplit::
quantum,svc,6,zz_r2_full__as2__svc__d6,zz_r2_full__as2,id_test,fixed_c1,1.0,,0.014668703079223633,0.772,0.7716659182757072,0.7715577357764632,0.7816091954022989,0.8355250497145423,0.7775791278228077,full_v4_features,524,524,0,,ksf-v4-idsplit::
quantum,svc,6,zz_r2_full__as2__svc__d6,zz_r2_full__as2,ood_test,fixed_c1,1.0,,0.014668703079223633,0.77,0.7694628026435806,0.7693273585776124,0.7568710359408034,0.8365204589460882,0.7977580054639437,full_v4_features,524,524,0,,ksf-v4-idsplit::
quantum,svc,6,pauli_xz_r1_full__as2__svc__d6,pauli_xz_r1_full__as2,id_val,fixed_c1,1.0,,0.011401653289794922,0.7,0.7002694207453974,0.6997646154585195,0.708171206225681,0.7743921996279428,0.7804780051928679,full_v4_features,524,524,0,,ksf-v4-idsplit::
quantum,svc,6,pauli_xz_r1_full__as2__svc__d6,pauli_xz_r1_full__as2,id_test,fixed_c1,1.0,,0.011401653289794922,0.656,0.6552055936878568,0.6552055936878568,0.6717557251908397,0.7423183013663481,0.7330974317086133,full_v4_features,524,524,0,,ksf-v4-idsplit::
quantum,svc,6,pauli_xz_r1_full__as2__svc__d6,pauli_xz_r1_full__as2,ood_test,fixed_c1,1.0,,0.011401653289794922,0.718,0.7186074794770447,0.7175016729510857,0.7293666026871402,0.8324398713414731,0.8166669972169751,full_v4_features,524,524,0,,ksf-v4-idsplit::
quantum,svc,6,zmap_r2__as2__svc__d6,zmap_r2__as2,id_val,fixed_c1,1.0,,0.009145975112915039,0.728,0.7300660722304189,0.7279825908858166,0.7258064516129032,0.7700942972608892,0.7796766762494818,full_v4_features,524,524,0,,ksf-v4-idsplit::
quantum,svc,6,zmap_r2__as2__svc__d6,zmap_r2__as2,id_test,fixed_c1,1.0,,0.009145975112915039,0.692,0.6953300404131117,0.6916003140069531,0.6804979253112033,0.7431522227211496,0.728174248305019,full_v4_features,524,524,0,,ksf-v4-idsplit::
quantum,svc,6,zmap_r2__as2__svc__d6,zmap_r2__as2,ood_test,fixed_c1,1.0,,0.009145975112915039,0.742,0.7422748875838121,0.7419494220867291,0.7455621301775148,0.8154134195324125,0.8028148149715667,full_v4_features,524,524,0,,ksf-v4-idsplit::
classical_ext,svc,8,linear__svc__d8,linear,id_val,fixed_c1,1.0,,0.008274555206298828,0.588,0.5864712297132594,0.5865114411882778,0.6113207547169811,0.6435306947206364,0.6323893002274624,full_v4_features,524,524,0,,ksf-v4-idsplit::
classical_ext,svc,8,linear__svc__d8,linear,id_test,fixed_c1,1.0,,0.008274555206298828,0.592,0.5891333632689717,0.5888157894736843,0.625,0.6533453075886844,0.6322391366473499,full_v4_features,524,524,0,,ksf-v4-idsplit::
classical_ext,svc,8,linear__svc__d8,linear,ood_test,fixed_c1,1.0,,0.008274555206298828,0.614,0.6144484805812037,0.6136522870583525,0.625242718446602,0.6656478532908738,0.6274261605544957,full_v4_features,524,524,0,,ksf-v4-idsplit::
classical_ext,svc,8,rbf_gscale__svc__d8,rbf_gscale,id_val,fixed_c1,1.0,,0.008998870849609375,0.7,0.7002694207453974,0.6997646154585195,0.708171206225681,0.7596382064276092,0.7307043446484263,full_v4_features,524,524,0,,ksf-v4-idsplit::
classical_ext,svc,8,rbf_gscale__svc__d8,rbf_gscale,id_test,fixed_c1,1.0,,0.008998870849609375,0.66,0.6597921611392649,0.6595587881894935,0.6718146718146718,0.7292321508756173,0.7093104419503777,full_v4_features,524,524,0,,ksf-v4-idsplit::
classical_ext,svc,8,rbf_gscale__svc__d8,rbf_gscale,ood_test,fixed_c1,1.0,,0.008998870849609375,0.672,0.6722408026755853,0.6719527611976124,0.6758893280632411,0.7481237298170937,0.7092046922744735,full_v4_features,524,524,0,,ksf-v4-idsplit::
classical_ext,svc,8,poly2__svc__d8,poly2,id_val,fixed_c1,1.0,,0.013376235961914062,0.648,0.6429533645519276,0.6413667188315075,0.6901408450704225,0.6678427096029251,0.655037018401132,full_v4_features,524,524,0,,ksf-v4-idsplit::
classical_ext,svc,8,poly2__svc__d8,poly2,id_test,fixed_c1,1.0,,0.013376235961914062,0.644,0.6372121367631022,0.6331470214835699,0.6962457337883959,0.661748668933222,0.6476545442930485,full_v4_features,524,524,0,,ksf-v4-idsplit::
classical_ext,svc,8,poly2__svc__d8,poly2,ood_test,fixed_c1,1.0,,0.013376235961914062,0.634,0.6350754508649246,0.6315223563239221,0.6617375231053605,0.6788337520602967,0.6424596277931346,full_v4_features,524,524,0,,ksf-v4-idsplit::
classical_ext,svc,8,poly3__svc__d8,poly3,id_val,fixed_c1,1.0,,0.009206295013427734,0.684,0.6823080377189044,0.6825320280979248,0.704119850187266,0.6938225671948168,0.6727600834313952,full_v4_features,524,524,0,,ksf-v4-idsplit::
classical_ext,svc,8,poly3__svc__d8,poly3,id_test,fixed_c1,1.0,,0.009206295013427734,0.652,0.6502341394573097,0.6503833727154362,0.6741573033707865,0.6822759638206428,0.658061434431163,full_v4_features,524,524,0,,ksf-v4-idsplit::
classical_ext,svc,8,poly3__svc__d8,poly3,ood_test,fixed_c1,1.0,,0.009206295013427734,0.67,0.6705525595685778,0.6695227909100742,0.6820809248554913,0.6897153190059369,0.6514450961095205,full_v4_features,524,524,0,,ksf-v4-idsplit::
classical_ext,svc,8,laplacian_med__svc__d8,laplacian_med,id_val,fixed_c1,1.0,,0.011005640029907227,0.724,0.7262492783372891,0.7239602502760398,0.7206477732793523,0.825967028032587,0.820493980122712,full_v4_features,524,524,0,,ksf-v4-idsplit::
classical_ext,svc,8,laplacian_med__svc__d8,laplacian_med,id_test,fixed_c1,1.0,,0.011005640029907227,0.7,0.7037334017576496,0.6994180733900832,0.6861924686192469,0.8082622361921868,0.7866407502847044,full_v4_features,524,524,0,,ksf-v4-idsplit::
classical_ext,svc,8,laplacian_med__svc__d8,laplacian_med,ood_test,fixed_c1,1.0,,0.011005640029907227,0.756,0.7560128658526828,0.755984383000512,0.7540322580645161,0.8451777055896049,0.8268887467621806,full_v4_features,524,524,0,,ksf-v4-idsplit::
classical_ext,svc,8,matern15_med__svc__d8,matern15_med,id_val,fixed_c1,1.0,,0.012999773025512695,0.696,0.6956828532939894,0.6955128205128205,0.7076923076923077,0.788697158252614,0.782612669425239,full_v4_features,524,524,0,,ksf-v4-idsplit::
classical_ext,svc,8,matern15_med__svc__d8,matern15_med,id_test,fixed_c1,1.0,,0.012999773025512695,0.66,0.6590223875809866,0.6590781473103271,0.6768060836501901,0.7536083135544294,0.7522075035811727,full_v4_features,524,524,0,,ksf-v4-idsplit::
classical_ext,svc,8,matern15_med__svc__d8,matern15_med,ood_test,fixed_c1,1.0,,0.012999773025512695,0.72,0.7209678193659887,0.7185409161091096,0.7388059701492538,0.8296074634747405,0.7895033096451265,full_v4_features,524,524,0,,ksf-v4-idsplit::
classical_ext,svc,8,matern25_med__svc__d8,matern25_med,id_val,fixed_c1,1.0,,0.010757923126220703,0.692,0.6914811726217205,0.6914025553471521,0.7049808429118773,0.7816409006350631,0.7806221756801924,full_v4_features,524,524,0,,ksf-v4-idsplit::
classical_ext,svc,8,matern25_med__svc__d8,matern25_med,id_test,fixed_c1,1.0,,0.010757923126220703,0.66,0.6590223875809866,0.6590781473103271,0.6768060836501901,0.7426390403489641,0.7312584720449683,full_v4_features,524,524,0,,ksf-v4-idsplit::
classical_ext,svc,8,matern25_med__svc__d8,matern25_med,ood_test,fixed_c1,1.0,,0.010757923126220703,0.724,0.7250164023619401,0.7223965625452614,0.7434944237918215,0.8209822214398873,0.7813740943412403,full_v4_features,524,524,0,,ksf-v4-idsplit::
classical_ext,svc,8,rbf_gscale_x0.1__svc__d8,rbf_gscale_x0.1,id_val,fixed_c1,1.0,,0.00924825668334961,0.652,0.6471550452241965,0.6458289231570891,0.6925795053003534,0.6504586567451408,0.6356318772204296,full_v4_features,524,524,0,,ksf-v4-idsplit::
classical_ext,svc,8,rbf_gscale_x0.1__svc__d8,rbf_gscale_x0.1,id_test,fixed_c1,1.0,,0.00924825668334961,0.636,0.6295785489768426,0.6259392624015521,0.6872852233676976,0.6533453075886844,0.6371018295145039,full_v4_features,524,524,0,,ksf-v4-idsplit::
classical_ext,svc,8,rbf_gscale_x0.1__svc__d8,rbf_gscale_x0.1,ood_test,fixed_c1,1.0,,0.00924825668334961,0.62,0.6207133827271127,0.6189696940527185,0.6387832699619772,0.6724968395448945,0.6312215592177979,full_v4_features,524,524,0,,ksf-v4-idsplit::
classical_ext,svc,8,rbf_gscale_x0.3__svc__d8,rbf_gscale_x0.3,id_val,fixed_c1,1.0,,0.010379791259765625,0.704,0.7033164410802488,0.7033164410802488,0.7175572519083969,0.7067804220925011,0.6682068637871583,full_v4_features,524,524,0,,ksf-v4-idsplit::
classical_ext,svc,8,rbf_gscale_x0.3__svc__d8,rbf_gscale_x0.3,id_test,fixed_c1,1.0,,0.010379791259765625,0.656,0.6548207069087177,0.6549178222907036,0.6742424242424242,0.6918981332991211,0.6698941429286849,full_v4_features,524,524,0,,ksf-v4-idsplit::
classical_ext,svc,8,rbf_gscale_x0.3__svc__d8,rbf_gscale_x0.3,ood_test,fixed_c1,1.0,,0.010379791259765625,0.658,0.6585988382327055,0.6573956459194018,0.6717850287907869,0.6877310332687907,0.6611920602664932,full_v4_features,524,524,0,,ksf-v4-idsplit::
classical_ext,svc,8,rbf_gscale_x3__svc__d8,rbf_gscale_x3,id_val,fixed_c1,1.0,,0.013143539428710938,0.688,0.6876643787285908,0.6875,0.7,0.7774071460645328,0.760903299269615,full_v4_features,524,524,0,,ksf-v4-idsplit::
classical_ext,svc,8,rbf_gscale_x3__svc__d8,rbf_gscale_x3,id_test,fixed_c1,1.0,,0.013143539428710938,0.66,0.6590223875809866,0.6590781473103271,0.6768060836501901,0.7314131759574058,0.7175001615233159,full_v4_features,524,524,0,,ksf-v4-idsplit::
classical_ext,svc,8,rbf_gscale_x3__svc__d8,rbf_gscale_x3,ood_test,fixed_c1,1.0,,0.013143539428710938,0.73,0.7309452561168808,0.7286704853783539,0.7476635514018691,0.789873741818822,0.7482525635735078,full_v4_features,524,524,0,,ksf-v4-idsplit::
classical_ext,svc,8,rbf_gscale_x10__svc__d8,rbf_gscale_x10,id_val,fixed_c1,1.0,,0.010690450668334961,0.7,0.7002694207453974,0.6997646154585195,0.708171206225681,0.7922252870613894,0.7738106039929519,full_v4_features,524,524,0,,ksf-v4-idsplit::
classical_ext,svc,8,rbf_gscale_x10__svc__d8,rbf_gscale_x10,id_test,fixed_c1,1.0,,0.010690450668334961,0.656,0.6552055936878568,0.6552055936878568,0.6717557251908397,0.7501443325421772,0.7298790886963413,full_v4_features,524,524,0,,ksf-v4-idsplit::
classical_ext,svc,8,rbf_gscale_x10__svc__d8,rbf_gscale_x10,ood_test,fixed_c1,1.0,,0.010690450668334961,0.72,0.7208237986270023,0.7189883580891208,0.7358490566037735,0.8187258965291002,0.7723980900479074,full_v4_features,524,524,0,,ksf-v4-idsplit::
classical_ext,svc,8,laplacian_med_x0.1__svc__d8,laplacian_med_x0.1,id_val,fixed_c1,1.0,,0.012025117874145508,0.796,0.7957213419719033,0.7956042899052567,0.8045977011494253,0.876387196099814,0.8606491798693673,full_v4_features,524,524,0,,ksf-v4-idsplit::
classical_ext,svc,8,laplacian_med_x0.1__svc__d8,laplacian_med_x0.1,id_test,fixed_c1,1.0,,0.012025117874145508,0.76,0.7590608762589005,0.7592449922958397,0.7727272727272727,0.8452755147860671,0.8066583968112762,full_v4_features,524,524,0,,ksf-v4-idsplit::
classical_ext,svc,8,laplacian_med_x0.1__svc__d8,laplacian_med_x0.1,ood_test,fixed_c1,1.0,,0.012025117874145508,0.772,0.7715351010545519,0.7714734748861376,0.7605042016806722,0.8536109199724761,0.8288187282776962,full_v4_features,524,524,0,,ksf-v4-idsplit::
classical_ext,svc,8,laplacian_med_x0.3__svc__d8,laplacian_med_x0.3,id_val,fixed_c1,1.0,,0.011365652084350586,0.788,0.7877028674065045,0.7875887718623255,0.7969348659003831,0.8522034768105716,0.8357225200304486,full_v4_features,524,524,0,,ksf-v4-idsplit::
classical_ext,svc,8,laplacian_med_x0.3__svc__d8,laplacian_med_x0.3,id_test,fixed_c1,1.0,,0.011365652084350586,0.76,0.7606004233754571,0.7598616803278688,0.765625,0.821861569055103,0.7822912858376085,full_v4_features,524,524,0,,ksf-v4-idsplit::
classical_ext,svc,8,laplacian_med_x0.3__svc__d8,laplacian_med_x0.3,ood_test,fixed_c1,1.0,,0.011365652084350586,0.77,0.7701348994255173,0.76999907999632,0.7704590818363274,0.8557232241442767,0.8227188458933021,full_v4_features,524,524,0,,ksf-v4-idsplit::
classical_ext,svc,8,laplacian_med_x3__svc__d8,laplacian_med_x3,id_val,fixed_c1,1.0,,0.007997989654541016,0.696,0.6956828532939894,0.6955128205128205,0.7076923076923077,0.8008210917954969,0.7806939538563646,full_v4_features,524,524,0,,ksf-v4-idsplit::
classical_ext,svc,8,laplacian_med_x3__svc__d8,laplacian_med_x3,id_test,fixed_c1,1.0,,0.007997989654541016,0.68,0.679645904163192,0.6794871794871795,0.6923076923076923,0.7708640708191674,0.7645410515348242,full_v4_features,524,524,0,,ksf-v4-idsplit::
classical_ext,svc,8,laplacian_med_x3__svc__d8,laplacian_med_x3,ood_test,fixed_c1,1.0,,0.007997989654541016,0.73,0.7305612008129171,0.7296095561991516,0.7398843930635838,0.815749467923381,0.7863501307758543,full_v4_features,524,524,0,,ksf-v4-idsplit::
classical_ext,svc,8,laplacian_med_x10__svc__d8,laplacian_med_x10,id_val,fixed_c1,1.0,,0.008791685104370117,0.692,0.6918660594008597,0.6916003140069531,0.7027027027027027,0.791776252485727,0.7878957414385462,full_v4_features,524,524,0,,ksf-v4-idsplit::
classical_ext,svc,8,laplacian_med_x10__svc__d8,laplacian_med_x10,id_test,fixed_c1,1.0,,0.008791685104370117,0.66,0.6590223875809866,0.6590781473103271,0.6768060836501901,0.7589967284623773,0.7362688693857365,full_v4_features,524,524,0,,ksf-v4-idsplit::
classical_ext,svc,8,laplacian_med_x10__svc__d8,laplacian_med_x10,ood_test,fixed_c1,1.0,,0.008791685104370117,0.708,0.7090140980301163,0.7063036096493346,0.7286245353159851,0.778512105743227,0.7364848481776776,full_v4_features,524,524,0,,ksf-v4-idsplit::
classical_ext,svc,8,matern15_med_x0.1__svc__d8,matern15_med_x0.1,id_val,fixed_c1,1.0,,0.010000467300415039,0.8,0.7995381358650331,0.7995381358650331,0.8091603053435115,0.868304573737892,0.8463359966102861,full_v4_features,524,524,0,,ksf-v4-idsplit::
classical_ext,svc,8,matern15_med_x0.1__svc__d8,matern15_med_x0.1,id_test,fixed_c1,1.0,,0.010000467300415039,0.76,0.7594457630380396,0.7594457630380396,0.7709923664122137,0.8262236192186798,0.7700282708012597,full_v4_features,524,524,0,,ksf-v4-idsplit::
classical_ext,svc,8,matern15_med_x0.1__svc__d8,matern15_med_x0.1,ood_test,fixed_c1,1.0,,0.010000467300415039,0.776,0.7757757117024852,0.7758242462090279,0.7695473251028807,0.8460898369365187,0.804972362959385,full_v4_features,524,524,0,,ksf-v4-idsplit::
classical_ext,svc,8,matern15_med_x0.3__svc__d8,matern15_med_x0.3,id_val,fixed_c1,1.0,,0.009129762649536133,0.724,0.7270190518955674,0.7237834462218379,0.7160493827160493,0.8260311758291102,0.8044962227910597,full_v4_features,524,524,0,,ksf-v4-idsplit::
classical_ext,svc,8,matern15_med_x0.3__svc__d8,matern15_med_x0.3,id_test,fixed_c1,1.0,,0.009129762649536133,0.696,0.6999166078645198,0.6952979665148502,0.680672268907563,0.8056963243312593,0.7964041139977774,full_v4_features,524,524,0,,ksf-v4-idsplit::
classical_ext,svc,8,matern15_med_x0.3__svc__d8,matern15_med_x0.3,ood_test,fixed_c1,1.0,,0.009129762649536133,0.762,0.761797698868637,0.7618390031661403,0.75564681724846,0.849722360019843,0.8416201208641435,full_v4_features,524,524,0,,ksf-v4-idsplit::
classical_ext,svc,8,matern15_med_x3__svc__d8,matern15_med_x3,id_val,fixed_c1,1.0,,0.010040998458862305,0.7,0.7002694207453974,0.6997646154585195,0.708171206225681,0.7630380396433383,0.7341266860611649,full_v4_features,524,524,0,,ksf-v4-idsplit::
classical_ext,svc,8,matern15_med_x3__svc__d8,matern15_med_x3,id_test,fixed_c1,1.0,,0.010040998458862305,0.664,0.6636089550323947,0.6634615384615385,0.676923076923077,0.7258323176598884,0.7129084304256408,full_v4_features,524,524,0,,ksf-v4-idsplit::
classical_ext,svc,8,matern15_med_x3__svc__d8,matern15_med_x3,ood_test,fixed_c1,1.0,,0.010040998458862305,0.72,0.7208237986270023,0.7189883580891208,0.7358490566037735,0.7531484533772863,0.7100724448072855,full_v4_features,524,524,0,,ksf-v4-idsplit::
classical_ext,svc,8,matern15_med_x10__svc__d8,matern15_med_x10,id_val,fixed_c1,1.0,,0.010055065155029297,0.584,0.5822695490409904,0.5822890559732665,0.6090225563909775,0.6396176791327217,0.6210865451292135,full_v4_features,524,524,0,,ksf-v4-idsplit::
classical_ext,svc,8,matern15_med_x10__svc__d8,matern15_med_x10,id_test,fixed_c1,1.0,,0.010055065155029297,0.596,0.5929501571621014,0.592551354665892,0.63003663003663,0.6517416126756046,0.6274692664986954,full_v4_features,524,524,0,,ksf-v4-idsplit::
classical_ext,svc,8,matern15_med_x10__svc__d8,matern15_med_x10,ood_test,fixed_c1,1.0,,0.010055065155029297,0.618,0.6186410843161415,0.6171899739849522,0.6347992351816444,0.6769294778448096,0.6366270093735644,full_v4_features,524,524,0,,ksf-v4-idsplit::
classical_ext,svc,8,matern25_med_x0.1__svc__d8,matern25_med_x0.1,id_val,fixed_c1,1.0,,0.010560035705566406,0.788,0.7880877541856437,0.7877248914593313,0.7953667953667953,0.8624029764577587,0.8321379640076116,full_v4_features,524,524,0,,ksf-v4-idsplit::
classical_ext,svc,8,matern25_med_x0.1__svc__d8,matern25_med_x0.1,id_test,fixed_c1,1.0,,0.010560035705566406,0.764,0.7640323304894476,0.7636937470962367,0.7722007722007722,0.8231445249855667,0.7683791973079394,full_v4_features,524,524,0,,ksf-v4-idsplit::
classical_ext,svc,8,matern25_med_x0.1__svc__d8,matern25_med_x0.1,ood_test,fixed_c1,1.0,,0.010560035705566406,0.776,0.7758717255284762,0.7759103641456583,0.7714285714285715,0.8428093645484951,0.8166434538759432,full_v4_features,524,524,0,,ksf-v4-idsplit::
classical_ext,svc,8,matern25_med_x0.3__svc__d8,matern25_med_x0.3,id_val,fixed_c1,1.0,,0.010378837585449219,0.724,0.7270190518955674,0.7237834462218379,0.7160493827160493,0.8132657643209955,0.7871065701375981,full_v4_features,524,524,0,,ksf-v4-idsplit::
classical_ext,svc,8,matern25_med_x0.3__svc__d8,matern25_med_x0.3,id_test,fixed_c1,1.0,,0.010378837585449219,0.696,0.6999166078645198,0.6952979665148502,0.680672268907563,0.7965231894284431,0.7999468564033545,full_v4_features,524,524,0,,ksf-v4-idsplit::
classical_ext,svc,8,matern25_med_x0.3__svc__d8,matern25_med_x0.3,ood_test,fixed_c1,1.0,,0.010378837585449219,0.764,0.7638219903666128,0.7638639856557377,0.7581967213114754,0.8450176825462865,0.8327097296901127,full_v4_features,524,524,0,,ksf-v4-idsplit::
classical_ext,svc,8,matern25_med_x3__svc__d8,matern25_med_x3,id_val,fixed_c1,1.0,,0.01000356674194336,0.7,0.7002694207453974,0.6997646154585195,0.708171206225681,0.7468727949194945,0.7236409279679319,full_v4_features,524,524,0,,ksf-v4-idsplit::
classical_ext,svc,8,matern25_med_x3__svc__d8,matern25_med_x3,id_test,fixed_c1,1.0,,0.01000356674194336,0.66,0.6597921611392649,0.6595587881894935,0.6718146718146718,0.7147347488613766,0.7108324637663157,full_v4_features,524,524,0,,ksf-v4-idsplit::
classical_ext,svc,8,matern25_med_x3__svc__d8,matern25_med_x3,ood_test,fixed_c1,1.0,,0.01000356674194336,0.67,0.6703125250036006,0.6698930453466923,0.6758349705304518,0.7388904002176313,0.7117773454418157,full_v4_features,524,524,0,,ksf-v4-idsplit::
classical_ext,svc,8,matern25_med_x10__svc__d8,matern25_med_x10,id_val,fixed_c1,1.0,,0.010558128356933594,0.532,0.5237988325101033,0.5133030499675535,0.6086956521739131,0.5832317659888383,0.5821149569819482,full_v4_features,524,524,0,,ksf-v4-idsplit::
classical_ext,svc,8,matern25_med_x10__svc__d8,matern25_med_x10,id_test,fixed_c1,1.0,,0.010558128356933594,0.56,0.5516710500994291,0.5416666666666666,0.6333333333333333,0.6017704791840399,0.5873354439741751,full_v4_features,524,524,0,,ksf-v4-idsplit::
classical_ext,svc,8,matern25_med_x10__svc__d8,matern25_med_x10,ood_test,fixed_c1,1.0,,0.010558128356933594,0.596,0.5971419884463363,0.5928470072239422,0.6286764705882353,0.6521259061304828,0.600761601774237,full_v4_features,524,524,0,,ksf-v4-idsplit::
quantum,svc,8,zz_r1_full__as0.5__svc__d8,zz_r1_full__as0.5,id_val,fixed_c1,1.0,,0.011651277542114258,0.724,0.7270190518955674,0.7237834462218379,0.7160493827160493,0.8027455256911924,0.7861844642727449,full_v4_features,524,524,0,,ksf-v4-idsplit::
quantum,svc,8,zz_r1_full__as0.5__svc__d8,zz_r1_full__as0.5,id_test,fixed_c1,1.0,,0.011651277542114258,0.692,0.6960998139713901,0.691164909916414,0.6751054852320675,0.7849124382577458,0.7686430903237113,full_v4_features,524,524,0,,ksf-v4-idsplit::
quantum,svc,8,zz_r1_full__as0.5__svc__d8,zz_r1_full__as0.5,ood_test,fixed_c1,1.0,,0.011651277542114258,0.764,0.7638219903666128,0.7638639856557377,0.7581967213114754,0.8445216111120002,0.8310438052774081,full_v4_features,524,524,0,,ksf-v4-idsplit::
quantum,svc,8,zz_r2_full__as0.5__svc__d8,zz_r2_full__as0.5,id_val,fixed_c1,1.0,,0.010048866271972656,0.728,0.7312207325678364,0.7277211864949709,0.71900826446281,0.826993392776958,0.8055656931900746,full_v4_features,524,524,0,,ksf-v4-idsplit::
quantum,svc,8,zz_r2_full__as0.5__svc__d8,zz_r2_full__as0.5,id_test,fixed_c1,1.0,,0.010048866271972656,0.696,0.6999166078645198,0.6952979665148502,0.680672268907563,0.8017191609468215,0.795327518513757,full_v4_features,524,524,0,,ksf-v4-idsplit::
quantum,svc,8,zz_r2_full__as0.5__svc__d8,zz_r2_full__as0.5,ood_test,fixed_c1,1.0,,0.010048866271972656,0.756,0.7557248243747099,0.7557498878851945,0.7479338842975206,0.8442655742426909,0.8245612125942798,full_v4_features,524,524,0,,ksf-v4-idsplit::
quantum,svc,8,pauli_xz_r1_full__as0.5__svc__d8,pauli_xz_r1_full__as0.5,id_val,fixed_c1,1.0,,0.011008024215698242,0.7,0.7002694207453974,0.6997646154585195,0.708171206225681,0.7536724613509524,0.7339901363745541,full_v4_features,524,524,0,,ksf-v4-idsplit::
quantum,svc,8,pauli_xz_r1_full__as0.5__svc__d8,pauli_xz_r1_full__as0.5,id_test,fixed_c1,1.0,,0.011008024215698242,0.66,0.6597921611392649,0.6595587881894935,0.6718146718146718,0.7204439027519404,0.7012125745098421,full_v4_features,524,524,0,,ksf-v4-idsplit::
quantum,svc,8,pauli_xz_r1_full__as0.5__svc__d8,pauli_xz_r1_full__as0.5,ood_test,fixed_c1,1.0,,0.011008024215698242,0.714,0.7147989310460707,0.7130346485577482,0.7296786389413988,0.7532764718119409,0.7110863100112197,full_v4_features,524,524,0,,ksf-v4-idsplit::
quantum,svc,8,zmap_r2__as0.5__svc__d8,zmap_r2__as0.5,id_val,fixed_c1,1.0,,0.009884357452392578,0.692,0.6914811726217205,0.6914025553471521,0.7049808429118773,0.7607928667650267,0.746238096427635,full_v4_features,524,524,0,,ksf-v4-idsplit::
quantum,svc,8,zmap_r2__as0.5__svc__d8,zmap_r2__as0.5,id_test,fixed_c1,1.0,,0.009884357452392578,0.66,0.6590223875809866,0.6590781473103271,0.6768060836501901,0.7286548207069087,0.7059616978094961,full_v4_features,524,524,0,,ksf-v4-idsplit::
quantum,svc,8,zmap_r2__as0.5__svc__d8,zmap_r2__as0.5,ood_test,fixed_c1,1.0,,0.009884357452392578,0.716,0.7171112640220192,0.713981855975765,0.7380073800738007,0.7559328543310235,0.7073464510961818,full_v4_features,524,524,0,,ksf-v4-idsplit::
quantum,svc,8,zz_r1_full__svc__d8,zz_r1_full,id_val,fixed_c1,1.0,,0.011089324951171875,0.732,0.7354224132401053,0.7316522212787773,0.7219917012448133,0.8306498171787798,0.8179989058688684,full_v4_features,524,524,0,,ksf-v4-idsplit::
quantum,svc,8,zz_r1_full__svc__d8,zz_r1_full,id_test,fixed_c1,1.0,,0.011089324951171875,0.696,0.700301494643659,0.6950436569080637,0.6779661016949152,0.7979985887484764,0.7777072220729422,full_v4_features,524,524,0,,ksf-v4-idsplit::
quantum,svc,8,zz_r1_full__svc__d8,zz_r1_full,ood_test,fixed_c1,1.0,,0.011089324951171875,0.758,0.7577011089596902,0.7577199242324126,0.7494824016563147,0.8468739498487783,0.826822412932881,full_v4_features,524,524,0,,ksf-v4-idsplit::
quantum,svc,8,zz_r2_full__svc__d8,zz_r2_full,id_val,fixed_c1,1.0,,0.010397195816040039,0.76,0.7625248572711527,0.7599385442673324,0.7560975609756098,0.8410417602155366,0.8185262296355014,full_v4_features,524,524,0,,ksf-v4-idsplit::
quantum,svc,8,zz_r2_full__svc__d8,zz_r2_full,id_test,fixed_c1,1.0,,0.010397195816040039,0.712,0.7151837834370389,0.7117047857005574,0.7024793388429752,0.8135865033036115,0.7873665611378775,full_v4_features,524,524,0,,ksf-v4-idsplit::
quantum,svc,8,zz_r2_full__svc__d8,zz_r2_full,ood_test,fixed_c1,1.0,,0.010397195816040039,0.758,0.7578451296986766,0.7578828152825967,0.7525562372188139,0.8429213806788178,0.8190442714855046,full_v4_features,524,524,0,,ksf-v4-idsplit::
quantum,svc,8,pauli_xz_r1_full__svc__d8,pauli_xz_r1_full,id_val,fixed_c1,1.0,,0.0104522705078125,0.7,0.7002694207453974,0.6997646154585195,0.708171206225681,0.7781127718262878,0.7710533804464558,full_v4_features,524,524,0,,ksf-v4-idsplit::
quantum,svc,8,pauli_xz_r1_full__svc__d8,pauli_xz_r1_full,id_test,fixed_c1,1.0,,0.0104522705078125,0.656,0.6552055936878568,0.6552055936878568,0.6717557251908397,0.7532234267752902,0.7613438155889778,full_v4_features,524,524,0,,ksf-v4-idsplit::
quantum,svc,8,pauli_xz_r1_full__svc__d8,pauli_xz_r1_full,ood_test,fixed_c1,1.0,,0.0104522705078125,0.726,0.7268486662079339,0.7249426796606153,0.7419962335216572,0.8065641452369143,0.7538977880970557,full_v4_features,524,524,0,,ksf-v4-idsplit::
quantum,svc,8,zmap_r2__svc__d8,zmap_r2,id_val,fixed_c1,1.0,,0.01127314567565918,0.688,0.6876643787285908,0.6875,0.7,0.7969722240041054,0.782136345376249,full_v4_features,524,524,0,,ksf-v4-idsplit::
quantum,svc,8,zmap_r2__svc__d8,zmap_r2,id_test,fixed_c1,1.0,,0.01127314567565918,0.66,0.6590223875809866,0.6590781473103271,0.6768060836501901,0.7613701969337353,0.7369237145378722,full_v4_features,524,524,0,,ksf-v4-idsplit::
quantum,svc,8,zmap_r2__svc__d8,zmap_r2,ood_test,fixed_c1,1.0,,0.01127314567565918,0.724,0.7248723816229536,0.7228648544438019,0.7406015037593985,0.8209022099182282,0.7850551570589941,full_v4_features,524,524,0,,ksf-v4-idsplit::
quantum,svc,8,zz_r1_full__as2__svc__d8,zz_r1_full__as2,id_val,fixed_c1,1.0,,0.01002955436706543,0.8,0.7991532490858939,0.7993708269131998,0.8106060606060606,0.8660594008595806,0.8457586754098465,full_v4_features,524,524,0,,ksf-v4-idsplit::
quantum,svc,8,zz_r1_full__as2__svc__d8,zz_r1_full__as2,id_test,fixed_c1,1.0,,0.01002955436706543,0.768,0.7674642376034383,0.7674642376034383,0.7786259541984732,0.8321252164988132,0.7784489764495781,full_v4_features,524,524,0,,ksf-v4-idsplit::
quantum,svc,8,zz_r1_full__as2__svc__d8,zz_r1_full__as2,ood_test,fixed_c1,1.0,,0.01002955436706543,0.782,0.7818485861964123,0.7818944369074632,0.7770961145194274,0.8445376134163319,0.8070516324043331,full_v4_features,524,524,0,,ksf-v4-idsplit::
quantum,svc,8,zz_r2_full__as2__svc__d8,zz_r2_full__as2,id_val,fixed_c1,1.0,,0.010999202728271484,0.788,0.788857527743922,0.7879151660664265,0.792156862745098,0.8659952530630574,0.8430279467934407,full_v4_features,524,524,0,,ksf-v4-idsplit::
quantum,svc,8,zz_r2_full__as2__svc__d8,zz_r2_full__as2,id_test,fixed_c1,1.0,,0.010999202728271484,0.776,0.775482712168837,0.775482712168837,0.7862595419847328,0.8396946564885496,0.7847620410592282,full_v4_features,524,524,0,,ksf-v4-idsplit::
quantum,svc,8,zz_r2_full__as2__svc__d8,zz_r2_full__as2,ood_test,fixed_c1,1.0,,0.010999202728271484,0.778,0.7775599686354835,0.777529251897014,0.7672955974842768,0.8397689267254487,0.8005261606862875,full_v4_features,524,524,0,,ksf-v4-idsplit::
quantum,svc,8,pauli_xz_r1_full__as2__svc__d8,pauli_xz_r1_full__as2,id_val,fixed_c1,1.0,,0.010807275772094727,0.716,0.7190005773301686,0.7157771693007318,0.7078189300411523,0.8014625697607287,0.7886544270021694,full_v4_features,524,524,0,,ksf-v4-idsplit::
quantum,svc,8,pauli_xz_r1_full__as2__svc__d8,pauli_xz_r1_full__as2,id_test,fixed_c1,1.0,,0.010807275772094727,0.696,0.6995317210853808,0.6955128205128205,0.6833333333333333,0.7698377060747964,0.7317485001217159,full_v4_features,524,524,0,,ksf-v4-idsplit::
quantum,svc,8,pauli_xz_r1_full__as2__svc__d8,pauli_xz_r1_full__as2,ood_test,fixed_c1,1.0,,0.010807275772094727,0.754,0.754084588180698,0.7539990159960639,0.7535070140280561,0.8263269910867165,0.7835511726711946,full_v4_features,524,524,0,,ksf-v4-idsplit::
quantum,svc,8,zmap_r2__as2__svc__d8,zmap_r2__as2,id_val,fixed_c1,1.0,,0.009998321533203125,0.716,0.7190005773301686,0.7157771693007318,0.7078189300411523,0.7933157996022836,0.7861101756775432,full_v4_features,524,524,0,,ksf-v4-idsplit::
quantum,svc,8,zmap_r2__as2__svc__d8,zmap_r2__as2,id_test,fixed_c1,1.0,,0.009998321533203125,0.692,0.6960998139713901,0.691164909916414,0.6751054852320675,0.7716979921739687,0.7530025352670582,full_v4_features,524,524,0,,ksf-v4-idsplit::
quantum,svc,8,zmap_r2__as2__svc__d8,zmap_r2__as2,ood_test,fixed_c1,1.0,,0.009998321533203125,0.752,0.7519162759437359,0.7519364957429102,0.7479674796747967,0.823382567089661,0.783193683731298,full_v4_features,524,524,0,,ksf-v4-idsplit::
classical_ext,svc,10,linear__svc__d10,linear,id_val,fixed_c1,1.0,,0.010007143020629883,0.616,0.6162678811982809,0.6157786885245902,0.625,0.6820835204310731,0.6731054290714267,full_v4_features,524,524,0,,ksf-v4-idsplit::
classical_ext,svc,10,linear__svc__d10,linear,id_test,fixed_c1,1.0,,0.010007143020629883,0.648,0.6475720059015972,0.6474358974358974,0.6615384615384615,0.7016485983706461,0.6935406805492101,full_v4_features,524,524,0,,ksf-v4-idsplit::
classical_ext,svc,10,linear__svc__d10,linear,ood_test,fixed_c1,1.0,,0.010007143020629883,0.658,0.6584068105807236,0.6577686516084873,0.6666666666666666,0.7057816325550879,0.6657988024481784,full_v4_features,524,524,0,,ksf-v4-idsplit::
classical_ext,svc,10,rbf_gscale__svc__d10,rbf_gscale,id_val,fixed_c1,1.0,,0.01061868667602539,0.72,0.7193533902110463,0.7193533902110463,0.732824427480916,0.7770222592853936,0.7704123499927424,full_v4_features,524,524,0,,ksf-v4-idsplit::
classical_ext,svc,10,rbf_gscale__svc__d10,rbf_gscale,id_test,fixed_c1,1.0,,0.01061868667602539,0.668,0.6670408621463852,0.6670998379618488,0.6844106463878327,0.7614984925267817,0.7549882063834815,full_v4_features,524,524,0,,ksf-v4-idsplit::
classical_ext,svc,10,rbf_gscale__svc__d10,rbf_gscale,ood_test,fixed_c1,1.0,,0.01061868667602539,0.716,0.7167272087180554,0.7152299818709791,0.7300380228136882,0.8039237650221633,0.7825723411329193,full_v4_features,524,524,0,,ksf-v4-idsplit::
classical_ext,svc,10,poly2__svc__d10,poly2,id_val,fixed_c1,1.0,,0.009624242782592773,0.66,0.6544037462313169,0.6523858598746953,0.7038327526132404,0.718262877670152,0.7058838446179208,full_v4_features,524,524,0,,ksf-v4-idsplit::
classical_ext,svc,10,poly2__svc__d10,poly2,id_test,fixed_c1,1.0,,0.009624242782592773,0.628,0.6207903008531657,0.6155436130632492,0.6847457627118644,0.7214702674963115,0.7098080023758562,full_v4_features,524,524,0,,ksf-v4-idsplit::
classical_ext,svc,10,poly2__svc__d10,poly2,ood_test,fixed_c1,1.0,,0.009624242782592773,0.64,0.6412443391848426,0.6366513791098767,0.6715328467153284,0.723480181146085,0.6828952413814724,full_v4_features,524,524,0,,ksf-v4-idsplit::
classical_ext,svc,10,poly3__svc__d10,poly3,id_val,fixed_c1,1.0,,0.009325265884399414,0.692,0.6899416255051639,0.6902106567534076,0.7137546468401487,0.7347488613766116,0.7217384085903484,full_v4_features,524,524,0,,ksf-v4-idsplit::
classical_ext,svc,10,poly3__svc__d10,poly3,id_test,fixed_c1,1.0,,0.009325265884399414,0.66,0.6578677272435691,0.658024750961554,0.6840148698884758,0.7242286227468087,0.7007175619015589,full_v4_features,524,524,0,,ksf-v4-idsplit::
classical_ext,svc,10,poly3__svc__d10,poly3,ood_test,fixed_c1,1.0,,0.009325265884399414,0.67,0.6707925941335552,0.668886132951248,0.6880907372400756,0.7382343057400266,0.6923430785072937,full_v4_features,524,524,0,,ksf-v4-idsplit::
classical_ext,svc,10,laplacian_med__svc__d10,laplacian_med,id_val,fixed_c1,1.0,,0.009450435638427734,0.76,0.7598306498171787,0.7596153846153846,0.7692307692307693,0.8517544422349093,0.8354885021525923,full_v4_features,524,524,0,,ksf-v4-idsplit::
classical_ext,svc,10,laplacian_med__svc__d10,laplacian_med,id_test,fixed_c1,1.0,,0.009450435638427734,0.76,0.7606004233754571,0.7598616803278688,0.765625,0.8171146321123869,0.7836121793638974,full_v4_features,524,524,0,,ksf-v4-idsplit::
classical_ext,svc,10,laplacian_med__svc__d10,laplacian_med,ood_test,fixed_c1,1.0,,0.009450435638427734,0.776,0.7763517946584308,0.7759103641456583,0.7803921568627451,0.8486822102382743,0.8095762552488207,full_v4_features,524,524,0,,ksf-v4-idsplit::
classical_ext,svc,10,matern15_med__svc__d10,matern15_med,id_val,fixed_c1,1.0,,0.009517908096313477,0.736,0.7376996600166784,0.736,0.736,0.8152543460132143,0.807214921021018,full_v4_features,524,524,0,,ksf-v4-idsplit::
classical_ext,svc,10,matern15_med__svc__d10,matern15_med,id_test,fixed_c1,1.0,,0.009517908096313477,0.716,0.7182308037718904,0.7159590981101278,0.7125506072874493,0.7844634036820834,0.7446172332616317,full_v4_features,524,524,0,,ksf-v4-idsplit::
classical_ext,svc,10,matern15_med__svc__d10,matern15_med,ood_test,fixed_c1,1.0,,0.009517908096313477,0.752,0.7519642828567313,0.7519642828567313,0.7489878542510121,0.848170136499656,0.8244751378949671,full_v4_features,524,524,0,,ksf-v4-idsplit::
classical_ext,svc,10,matern25_med__svc__d10,matern25_med,id_val,fixed_c1,1.0,,0.008999824523925781,0.732,0.7334979793444094,0.7319957119313909,0.7330677290836654,0.7979344409519533,0.7869275735060355,full_v4_features,524,524,0,,ksf-v4-idsplit::
classical_ext,svc,10,matern25_med__svc__d10,matern25_med,id_test,fixed_c1,1.0,,0.008999824523925781,0.712,0.7140291230996215,0.7119815668202765,0.7096774193548387,0.7806145358906922,0.7678573200933576,full_v4_features,524,524,0,,ksf-v4-idsplit::
classical_ext,svc,10,matern25_med__svc__d10,matern25_med,ood_test,fixed_c1,1.0,,0.008999824523925781,0.75,0.7499879982717511,0.74997499749975,0.7474747474747475,0.8389208045958618,0.8053222391447514,full_v4_features,524,524,0,,ksf-v4-idsplit::
classical_ext,svc,10,rbf_gscale_x0.1__svc__d10,rbf_gscale_x0.1,id_val,fixed_c1,1.0,,0.009019613265991211,0.616,0.61665276797742,0.6159016708277318,0.6220472440944882,0.6895888126242864,0.6791691809670278,full_v4_features,524,524,0,,ksf-v4-idsplit::
classical_ext,svc,10,rbf_gscale_x0.1__svc__d10,rbf_gscale_x0.1,id_test,fixed_c1,1.0,,0.009019613265991211,0.644,0.6437552120084675,0.6435380252807639,0.6563706563706564,0.7089614471742895,0.7077560448185284,full_v4_features,524,524,0,,ksf-v4-idsplit::
classical_ext,svc,10,rbf_gscale_x0.1__svc__d10,rbf_gscale_x0.1,ood_test,fixed_c1,1.0,,0.009019613265991211,0.648,0.648285353090845,0.6479098649254209,0.6535433070866141,0.726376598230145,0.6925752162898366,full_v4_features,524,524,0,,ksf-v4-idsplit::
classical_ext,svc,10,rbf_gscale_x0.3__svc__d10,rbf_gscale_x0.3,id_val,fixed_c1,1.0,,0.008481979370117188,0.688,0.6868946051703124,0.6870184899845917,0.7045454545454546,0.7530951311822438,0.7327030704179025,full_v4_features,524,524,0,,ksf-v4-idsplit::
classical_ext,svc,10,rbf_gscale_x0.3__svc__d10,rbf_gscale_x0.3,id_test,fixed_c1,1.0,,0.008481979370117188,0.656,0.6552055936878568,0.6552055936878568,0.6717557251908397,0.7330168708704855,0.7024907351638451,full_v4_features,524,524,0,,ksf-v4-idsplit::
classical_ext,svc,10,rbf_gscale_x0.3__svc__d10,rbf_gscale_x0.3,ood_test,fixed_c1,1.0,,0.008481979370117188,0.674,0.6745051287385384,0.6736227078502749,0.6847195357833655,0.7470035685138661,0.7058101823746032,full_v4_features,524,524,0,,ksf-v4-idsplit::
classical_ext,svc,10,rbf_gscale_x3__svc__d10,rbf_gscale_x3,id_val,fixed_c1,1.0,,0.00888514518737793,0.732,0.7327282057861313,0.7318927571028412,0.7372549019607844,0.785297325036885,0.7618785455614232,full_v4_features,524,524,0,,ksf-v4-idsplit::
classical_ext,svc,10,rbf_gscale_x3__svc__d10,rbf_gscale_x3,id_test,fixed_c1,1.0,,0.00888514518737793,0.712,0.7132593495413433,0.7119815668202765,0.7142857142857143,0.768362306754763,0.777693931470226,full_v4_features,524,524,0,,ksf-v4-idsplit::
classical_ext,svc,10,rbf_gscale_x3__svc__d10,rbf_gscale_x3,ood_test,fixed_c1,1.0,,0.00888514518737793,0.758,0.7580371573506585,0.7579912876863567,0.7565392354124748,0.8220703781344514,0.7877917188456774,full_v4_features,524,524,0,,ksf-v4-idsplit::
classical_ext,svc,10,rbf_gscale_x10__svc__d10,rbf_gscale_x10,id_val,fixed_c1,1.0,,0.009247779846191406,0.736,0.7376996600166784,0.736,0.736,0.8268009493873885,0.8068074440271088,full_v4_features,524,524,0,,ksf-v4-idsplit::
classical_ext,svc,10,rbf_gscale_x10__svc__d10,rbf_gscale_x10,id_test,fixed_c1,1.0,,0.009247779846191406,0.724,0.72586439155815,0.7239955839293428,0.7228915662650602,0.7893386362178458,0.7500546700189059,full_v4_features,524,524,0,,ksf-v4-idsplit::
classical_ext,svc,10,rbf_gscale_x10__svc__d10,rbf_gscale_x10,ood_test,fixed_c1,1.0,,0.009247779846191406,0.76,0.7602054695876206,0.7599846390168971,0.7619047619047619,0.8445056088076683,0.8172385025963999,full_v4_features,524,524,0,,ksf-v4-idsplit::
classical_ext,svc,10,laplacian_med_x0.1__svc__d10,laplacian_med_x0.1,id_val,fixed_c1,1.0,,0.010973930358886719,0.82,0.8209314260055167,0.8199279711884754,0.8235294117647058,0.8799794727051126,0.8714128719798437,full_v4_features,524,524,0,,ksf-v4-idsplit::
classical_ext,svc,10,laplacian_med_x0.1__svc__d10,laplacian_med_x0.1,id_test,fixed_c1,1.0,,0.010973930358886719,0.776,0.7766373725062544,0.7758709016393442,0.78125,0.8482263134261336,0.813000090303629,full_v4_features,524,524,0,,ksf-v4-idsplit::
classical_ext,svc,10,laplacian_med_x0.1__svc__d10,laplacian_med_x0.1,ood_test,fixed_c1,1.0,,0.010973930358886719,0.764,0.7632459074106671,0.7627702007205353,0.7456896551724138,0.8592597334016099,0.851466377284058,full_v4_features,524,524,0,,ksf-v4-idsplit::
classical_ext,svc,10,laplacian_med_x0.3__svc__d10,laplacian_med_x0.3,id_val,fixed_c1,1.0,,0.0114593505859375,0.804,0.8041247033164411,0.803745654368061,0.8108108108108109,0.8704214510231572,0.8647420232722176,full_v4_features,524,524,0,,ksf-v4-idsplit::
classical_ext,svc,10,laplacian_med_x0.3__svc__d10,laplacian_med_x0.3,id_test,fixed_c1,1.0,,0.0114593505859375,0.776,0.7758675989479762,0.7756410256410257,0.7846153846153846,0.8382192571685164,0.7953948962833866,full_v4_features,524,524,0,,ksf-v4-idsplit::
classical_ext,svc,10,laplacian_med_x0.3__svc__d10,laplacian_med_x0.3,ood_test,fixed_c1,1.0,,0.0114593505859375,0.786,0.7859931830183546,0.785978597859786,0.7838383838383839,0.8637563809188522,0.826027222006828,full_v4_features,524,524,0,,ksf-v4-idsplit::
classical_ext,svc,10,laplacian_med_x3__svc__d10,laplacian_med_x3,id_val,fixed_c1,1.0,,0.011648893356323242,0.736,0.7376996600166784,0.736,0.736,0.8192315093976522,0.8165474740184637,full_v4_features,524,524,0,,ksf-v4-idsplit::
classical_ext,svc,10,laplacian_med_x3__svc__d10,laplacian_med_x3,id_test,fixed_c1,1.0,,0.011648893356323242,0.716,0.7190005773301686,0.7157771693007318,0.7078189300411523,0.7974212585797678,0.7954429558781392,full_v4_features,524,524,0,,ksf-v4-idsplit::
classical_ext,svc,10,laplacian_med_x3__svc__d10,laplacian_med_x3,ood_test,fixed_c1,1.0,,0.011648893356323242,0.74,0.7402505960858363,0.7399625546078635,0.7430830039525692,0.8316237538205502,0.7960444785468872,full_v4_features,524,524,0,,ksf-v4-idsplit::
classical_ext,svc,10,laplacian_med_x10__svc__d10,laplacian_med_x10,id_val,fixed_c1,1.0,,0.008347749710083008,0.704,0.703701327859388,0.703525641025641,0.7153846153846154,0.7804862402976457,0.7775373921214499,full_v4_features,524,524,0,,ksf-v4-idsplit::
classical_ext,svc,10,laplacian_med_x10__svc__d10,laplacian_med_x10,id_test,fixed_c1,1.0,,0.008347749710083008,0.7,0.7002694207453974,0.6997646154585195,0.708171206225681,0.7580345115145294,0.7632346188290431,full_v4_features,524,524,0,,ksf-v4-idsplit::
classical_ext,svc,10,laplacian_med_x10__svc__d10,laplacian_med_x10,ood_test,fixed_c1,1.0,,0.008347749710083008,0.726,0.7265606247299611,0.7256037718465465,0.7360308285163777,0.8070762189755325,0.7831480162200394,full_v4_features,524,524,0,,ksf-v4-idsplit::
classical_ext,svc,10,matern15_med_x0.1__svc__d10,matern15_med_x0.1,id_val,fixed_c1,1.0,,0.010740995407104492,0.828,0.8289499005709153,0.8279311724689876,0.8313725490196079,0.8729873628840848,0.8456758491776653,full_v4_features,524,524,0,,ksf-v4-idsplit::
classical_ext,svc,10,matern15_med_x0.1__svc__d10,matern15_med_x0.1,id_test,fixed_c1,1.0,,0.010740995407104492,0.772,0.7724356918339855,0.7718211077484748,0.7782101167315175,0.8338572070049394,0.8005602024607974,full_v4_features,524,524,0,,ksf-v4-idsplit::
classical_ext,svc,10,matern15_med_x0.1__svc__d10,matern15_med_x0.1,ood_test,fixed_c1,1.0,,0.010740995407104492,0.764,0.7632939143236626,0.7629036665541464,0.7467811158798283,0.8440495431342114,0.8026465899997894,full_v4_features,524,524,0,,ksf-v4-idsplit::
classical_ext,svc,10,matern15_med_x0.3__svc__d10,matern15_med_x0.3,id_val,fixed_c1,1.0,,0.010000944137573242,0.784,0.7831162999550965,0.7833204930662558,0.7954545454545454,0.8599012123933542,0.8446474377219757,full_v4_features,524,524,0,,ksf-v4-idsplit::
classical_ext,svc,10,matern15_med_x0.3__svc__d10,matern15_med_x0.3,id_test,fixed_c1,1.0,,0.010000944137573242,0.788,0.7873179806273655,0.7874251977346746,0.7984790874524715,0.8197446917698378,0.7763926925377815,full_v4_features,524,524,0,,ksf-v4-idsplit::
classical_ext,svc,10,matern15_med_x0.3__svc__d10,matern15_med_x0.3,ood_test,fixed_c1,1.0,,0.010000944137573242,0.788,0.7880174745163304,0.7879864311315924,0.7862903225806451,0.8594357587492599,0.8279632254325198,full_v4_features,524,524,0,,ksf-v4-idsplit::
classical_ext,svc,10,matern15_med_x3__svc__d10,matern15_med_x3,id_val,fixed_c1,1.0,,0.00866246223449707,0.696,0.6941433061774328,0.6944158517756047,0.7164179104477612,0.7761241901340689,0.7700500002878449,full_v4_features,524,524,0,,ksf-v4-idsplit::
classical_ext,svc,10,matern15_med_x3__svc__d10,matern15_med_x3,id_test,fixed_c1,1.0,,0.00866246223449707,0.656,0.6540509333504394,0.6542074112197632,0.6791044776119403,0.7663095772660209,0.7579418935690461,full_v4_features,524,524,0,,ksf-v4-idsplit::
classical_ext,svc,10,matern15_med_x3__svc__d10,matern15_med_x3,ood_test,fixed_c1,1.0,,0.00866246223449707,0.714,0.7148469379590661,0.7128963736603504,0.7306967984934086,0.8062761037589414,0.7774557861658054,full_v4_features,524,524,0,,ksf-v4-idsplit::
classical_ext,svc,10,matern15_med_x10__svc__d10,matern15_med_x10,id_val,fixed_c1,1.0,,0.009000062942504883,0.62,0.6208544486496889,0.6199452721191852,0.6245059288537549,0.6820835204310731,0.6549871621610055,full_v4_features,524,524,0,,ksf-v4-idsplit::
classical_ext,svc,10,matern15_med_x10__svc__d10,matern15_med_x10,id_test,fixed_c1,1.0,,0.009000062942504883,0.636,0.6361216242222079,0.6357144000896704,0.6459143968871596,0.7258323176598883,0.7150184350384715,full_v4_features,524,524,0,,ksf-v4-idsplit::
classical_ext,svc,10,matern15_med_x10__svc__d10,matern15_med_x10,ood_test,fixed_c1,1.0,,0.009000062942504883,0.656,0.6561424845177706,0.6559944959119346,0.6573705179282868,0.7150789713718775,0.6779738159646844,full_v4_features,524,524,0,,ksf-v4-idsplit::
classical_ext,svc,10,matern25_med_x0.1__svc__d10,matern25_med_x0.1,id_val,fixed_c1,1.0,,0.010556936264038086,0.828,0.8285650137917763,0.8278650461962178,0.8326848249027238,0.8697158252614022,0.8357495330216894,full_v4_features,524,524,0,,ksf-v4-idsplit::
classical_ext,svc,10,matern25_med_x0.1__svc__d10,matern25_med_x0.1,id_test,fixed_c1,1.0,,0.010556936264038086,0.772,0.7724356918339855,0.7718211077484748,0.7782101167315175,0.8336006158188467,0.7980976567035072,full_v4_features,524,524,0,,ksf-v4-idsplit::
classical_ext,svc,10,matern25_med_x0.1__svc__d10,matern25_med_x0.1,ood_test,fixed_c1,1.0,,0.010556936264038086,0.768,0.767342497319614,0.7670458196773986,0.7521367521367521,0.845609767806564,0.8075540841415629,full_v4_features,524,524,0,,ksf-v4-idsplit::
classical_ext,svc,10,matern25_med_x0.3__svc__d10,matern25_med_x0.3,id_val,fixed_c1,1.0,,0.010007619857788086,0.776,0.7747129386105587,0.7750787224471435,0.7894736842105263,0.8545127974854063,0.8399185244237022,full_v4_features,524,524,0,,ksf-v4-idsplit::
classical_ext,svc,10,matern25_med_x0.3__svc__d10,matern25_med_x0.3,id_test,fixed_c1,1.0,,0.010007619857788086,0.772,0.7712810314965681,0.7713818164316312,0.7832699619771863,0.8125601385592406,0.7685142779311827,full_v4_features,524,524,0,,ksf-v4-idsplit::
classical_ext,svc,10,matern25_med_x0.3__svc__d10,matern25_med_x0.3,ood_test,fixed_c1,1.0,,0.010007619857788086,0.786,0.7860891968443455,0.785999143996576,0.7855711422845691,0.8568433854475045,0.8238176011417755,full_v4_features,524,524,0,,ksf-v4-idsplit::
classical_ext,svc,10,matern25_med_x3__svc__d10,matern25_med_x3,id_val,fixed_c1,1.0,,0.009002208709716797,0.716,0.7151517095387774,0.7152299818709791,0.7300380228136882,0.7696452626852268,0.7616160139166639,full_v4_features,524,524,0,,ksf-v4-idsplit::
classical_ext,svc,10,matern25_med_x3__svc__d10,matern25_med_x3,id_test,fixed_c1,1.0,,0.009002208709716797,0.668,0.6666559753672461,0.6668004817342432,0.6867924528301886,0.7469369427160176,0.7250750271687898,full_v4_features,524,524,0,,ksf-v4-idsplit::
classical_ext,svc,10,matern25_med_x3__svc__d10,matern25_med_x3,ood_test,fixed_c1,1.0,,0.009002208709716797,0.69,0.6904114192443711,0.6897902982416113,0.6978557504873294,0.7769758845273718,0.7436155419961185,full_v4_features,524,524,0,,ksf-v4-idsplit::
classical_ext,svc,10,matern25_med_x10__svc__d10,matern25_med_x10,id_val,fixed_c1,1.0,,0.008860111236572266,0.588,0.5933991917377639,0.5850722699366732,0.5502183406113537,0.6583488357174931,0.6147155529260772,full_v4_features,524,524,0,,ksf-v4-idsplit::
classical_ext,svc,10,matern25_med_x10__svc__d10,matern25_med_x10,id_test,fixed_c1,1.0,,0.008860111236572266,0.62,0.6223939957662454,0.6198479391756703,0.6122448979591837,0.714542305471807,0.7002873962646037,full_v4_features,524,524,0,,ksf-v4-idsplit::
classical_ext,svc,10,matern25_med_x10__svc__d10,matern25_med_x10,ood_test,fixed_c1,1.0,,0.008860111236572266,0.628,0.6259781408522826,0.6161085793540717,0.5485436893203883,0.6951721047830888,0.6613909624540626,full_v4_features,524,524,0,,ksf-v4-idsplit::
quantum,svc,10,zz_r1_full__as0.5__svc__d10,zz_r1_full__as0.5,id_val,fixed_c1,1.0,,0.011771917343139648,0.796,0.7961062287510424,0.7957352729136962,0.803088803088803,0.8579126307011354,0.835748700506463,full_v4_features,524,524,0,,ksf-v4-idsplit::
quantum,svc,10,zz_r1_full__as0.5__svc__d10,zz_r1_full__as0.5,id_test,fixed_c1,1.0,,0.011771917343139648,0.768,0.7674642376034383,0.7674642376034383,0.7786259541984732,0.8183975880428508,0.7699495665183875,full_v4_features,524,524,0,,ksf-v4-idsplit::
quantum,svc,10,zz_r1_full__as0.5__svc__d10,zz_r1_full__as0.5,ood_test,fixed_c1,1.0,,0.011771917343139648,0.79,0.7898977452753198,0.7899319379478951,0.7861507128309573,0.8541069914067625,0.8263244227294859,full_v4_features,524,524,0,,ksf-v4-idsplit::
quantum,svc,10,zz_r2_full__as0.5__svc__d10,zz_r2_full__as0.5,id_val,fixed_c1,1.0,,0.0110321044921875,0.812,0.8132978382192572,0.8119729241010705,0.8142292490118577,0.8680479825517994,0.8485823545358687,full_v4_features,524,524,0,,ksf-v4-idsplit::
quantum,svc,10,zz_r2_full__as0.5__svc__d10,zz_r2_full__as0.5,id_test,fixed_c1,1.0,,0.0110321044921875,0.776,0.7762524857271152,0.7757703888782113,0.7829457364341085,0.8355250497145422,0.807078543905302,full_v4_features,524,524,0,,ksf-v4-idsplit::
quantum,svc,10,zz_r2_full__as0.5__svc__d10,zz_r2_full__as0.5,ood_test,fixed_c1,1.0,,0.0110321044921875,0.782,0.7816085516314348,0.7816147684515485,0.7724425887265136,0.8473060120657374,0.8137923546897176,full_v4_features,524,524,0,,ksf-v4-idsplit::
quantum,svc,10,pauli_xz_r1_full__as0.5__svc__d10,pauli_xz_r1_full__as0.5,id_val,fixed_c1,1.0,,0.009998083114624023,0.704,0.7025466675219707,0.7027825975194396,0.7218045112781954,0.7757393033549298,0.766990918973722,full_v4_features,524,524,0,,ksf-v4-idsplit::
quantum,svc,10,pauli_xz_r1_full__as0.5__svc__d10,pauli_xz_r1_full__as0.5,id_test,fixed_c1,1.0,,0.009998083114624023,0.66,0.6582526140227083,0.6584205365610583,0.6816479400749064,0.7631021874398614,0.7636078714516673,full_v4_features,524,524,0,,ksf-v4-idsplit::
quantum,svc,10,pauli_xz_r1_full__as0.5__svc__d10,pauli_xz_r1_full__as0.5,ood_test,fixed_c1,1.0,,0.009998083114624023,0.72,0.7208718055399979,0.7188484030589293,0.7368421052631579,0.8198140532236641,0.780351343781081,full_v4_features,524,524,0,,ksf-v4-idsplit::
quantum,svc,10,zmap_r2__as0.5__svc__d10,zmap_r2__as0.5,id_val,fixed_c1,1.0,,0.009050846099853516,0.708,0.7075181217525177,0.7074335914330143,0.7203065134099617,0.7825389697863877,0.7553885029320234,full_v4_features,524,524,0,,ksf-v4-idsplit::
quantum,svc,10,zmap_r2__as0.5__svc__d10,zmap_r2__as0.5,id_test,fixed_c1,1.0,,0.009050846099853516,0.7,0.7006543075245366,0.6998799519807923,0.7058823529411765,0.7708640708191674,0.784991242611186,full_v4_features,524,524,0,,ksf-v4-idsplit::
quantum,svc,10,zmap_r2__as0.5__svc__d10,zmap_r2__as0.5,ood_test,fixed_c1,1.0,,0.009050846099853516,0.736,0.7364420476548623,0.7357928616034972,0.7431906614785992,0.8219423596997968,0.7937847139590928,full_v4_features,524,524,0,,ksf-v4-idsplit::
quantum,svc,10,zz_r1_full__svc__d10,zz_r1_full,id_val,fixed_c1,1.0,,0.011998176574707031,0.824,0.8243633331195074,0.8238195912614518,0.8294573643410853,0.873372249663224,0.8540792791428313,full_v4_features,524,524,0,,ksf-v4-idsplit::
quantum,svc,10,zz_r1_full__svc__d10,zz_r1_full,id_test,fixed_c1,1.0,,0.011998176574707031,0.768,0.7682340111617166,0.7677621884810046,0.7751937984496124,0.8346269805632176,0.8000724950796285,full_v4_features,524,524,0,,ksf-v4-idsplit::
quantum,svc,10,zz_r1_full__svc__d10,zz_r1_full,ood_test,fixed_c1,1.0,,0.011998176574707031,0.786,0.7857531484533773,0.7858072265038535,0.7793814432989691,0.8515626250180026,0.8082426596822286,full_v4_features,524,524,0,,ksf-v4-idsplit::
quantum,svc,10,zz_r2_full__svc__d10,zz_r2_full,id_val,fixed_c1,1.0,,0.01070857048034668,0.812,0.8129129514401181,0.8119247699079633,0.8156862745098039,0.8713836679710052,0.8492326945417606,full_v4_features,524,524,0,,ksf-v4-idsplit::
quantum,svc,10,zz_r2_full__svc__d10,zz_r2_full,id_test,fixed_c1,1.0,,0.01070857048034668,0.78,0.7804541663993841,0.7798273846695809,0.7859922178988327,0.8321252164988133,0.8070713288195016,full_v4_features,524,524,0,,ksf-v4-idsplit::
quantum,svc,10,zz_r2_full__svc__d10,zz_r2_full,ood_test,fixed_c1,1.0,,0.01070857048034668,0.764,0.7633419212366581,0.7630293682925262,0.7478632478632479,0.839544894464803,0.7876444318414204,full_v4_features,524,524,0,,ksf-v4-idsplit::
quantum,svc,10,pauli_xz_r1_full__svc__d10,pauli_xz_r1_full,id_val,fixed_c1,1.0,,0.009421348571777344,0.728,0.7296811854512797,0.728,0.728,0.8051189941625505,0.7416993424468117,full_v4_features,524,524,0,,ksf-v4-idsplit::
quantum,svc,10,pauli_xz_r1_full__svc__d10,pauli_xz_r1_full,id_test,fixed_c1,1.0,,0.009421348571777344,0.708,0.7105972159856309,0.7078831532613046,0.7020408163265306,0.7898518185900314,0.7753241223806348,full_v4_features,524,524,0,,ksf-v4-idsplit::
quantum,svc,10,pauli_xz_r1_full__svc__d10,pauli_xz_r1_full,ood_test,fixed_c1,1.0,,0.009421348571777344,0.748,0.7480597205997663,0.747995967935487,0.7469879518072289,0.8336880510793554,0.814750225589487,full_v4_features,524,524,0,,ksf-v4-idsplit::
quantum,svc,10,zmap_r2__svc__d10,zmap_r2,id_val,fixed_c1,1.0,,0.007576942443847656,0.76,0.7606004233754571,0.7598616803278688,0.765625,0.8309705561613959,0.8151292992501069,full_v4_features,524,524,0,,ksf-v4-idsplit::
quantum,svc,10,zmap_r2__svc__d10,zmap_r2,id_test,fixed_c1,1.0,,0.007576942443847656,0.756,0.756013855924049,0.7556833656418719,0.7644787644787645,0.7962024504458272,0.7501247736496524,full_v4_features,524,524,0,,ksf-v4-idsplit::
quantum,svc,10,zmap_r2__svc__d10,zmap_r2,ood_test,fixed_c1,1.0,,0.007576942443847656,0.764,0.7643020594965675,0.7639395685295436,0.7677165354330708,0.8386967723352162,0.8104966499746664,full_v4_features,524,524,0,,ksf-v4-idsplit::
quantum,svc,10,zz_r1_full__as2__svc__d10,zz_r1_full__as2,id_val,fixed_c1,1.0,,0.012645244598388672,0.816,0.817114632112387,0.8159528839382881,0.8188976377952756,0.8730515106806082,0.8477593338031366,full_v4_features,524,524,0,,ksf-v4-idsplit::
quantum,svc,10,zz_r1_full__as2__svc__d10,zz_r1_full__as2,id_test,fixed_c1,1.0,,0.012645244598388672,0.788,0.788857527743922,0.7879151660664265,0.792156862745098,0.8223106036307652,0.7966238424864296,full_v4_features,524,524,0,,ksf-v4-idsplit::
quantum,svc,10,zz_r1_full__as2__svc__d10,zz_r1_full__as2,ood_test,fixed_c1,1.0,,0.012645244598388672,0.768,0.7673905042326095,0.7671617824167001,0.7531914893617021,0.8525227632779121,0.8099784336138298,full_v4_features,524,524,0,,ksf-v4-idsplit::
quantum,svc,10,zz_r2_full__as2__svc__d10,zz_r2_full__as2,id_val,fixed_c1,1.0,,0.013563871383666992,0.784,0.787350054525627,0.783778589275418,0.7768595041322314,0.8793379947398807,0.8605174342401154,full_v4_features,524,524,0,,ksf-v4-idsplit::
quantum,svc,10,zz_r2_full__as2__svc__d10,zz_r2_full__as2,id_test,fixed_c1,1.0,,0.013563871383666992,0.756,0.7594778369363013,0.7556833656418719,0.7468879668049793,0.8337930592084162,0.8091036645148812,full_v4_features,524,524,0,,ksf-v4-idsplit::
quantum,svc,10,zz_r2_full__as2__svc__d10,zz_r2_full__as2,ood_test,fixed_c1,1.0,,0.013563871383666992,0.75,0.7487878254468643,0.7469379491851402,0.7191011235955056,0.8334000096013825,0.8125642390237711,full_v4_features,524,524,0,,ksf-v4-idsplit::
quantum,svc,10,pauli_xz_r1_full__as2__svc__d10,pauli_xz_r1_full__as2,id_val,fixed_c1,1.0,,0.010170459747314453,0.78,0.7792995060619667,0.7794035070831529,0.7908745247148289,0.8470075052921933,0.829767030043029,full_v4_features,524,524,0,,ksf-v4-idsplit::
quantum,svc,10,pauli_xz_r1_full__as2__svc__d10,pauli_xz_r1_full__as2,id_test,fixed_c1,1.0,,0.010170459747314453,0.78,0.7785297325036885,0.7789779942453907,0.7940074906367042,0.8050548463660272,0.7626288131116515,full_v4_features,524,524,0,,ksf-v4-idsplit::
quantum,svc,10,pauli_xz_r1_full__as2__svc__d10,pauli_xz_r1_full__as2,ood_test,fixed_c1,1.0,,0.010170459747314453,0.778,0.7782800723304155,0.777956479469976,0.7810650887573964,0.8444736041990047,0.804214198936649,full_v4_features,524,524,0,,ksf-v4-idsplit::
quantum,svc,10,zmap_r2__as2__svc__d10,zmap_r2__as2,id_val,fixed_c1,1.0,,0.017199993133544922,0.796,0.794951568413625,0.7952629466077881,0.8075471698113208,0.8575918917185195,0.8410111765946566,full_v4_features,524,524,0,,ksf-v4-idsplit::
quantum,svc,10,zmap_r2__as2__svc__d10,zmap_r2__as2,id_test,fixed_c1,1.0,,0.017199993133544922,0.776,0.7758675989479762,0.7756410256410257,0.7846153846153846,0.8096734877156969,0.7659373734082481,full_v4_features,524,524,0,,ksf-v4-idsplit::
quantum,svc,10,zmap_r2__as2__svc__d10,zmap_r2__as2,ood_test,fixed_c1,1.0,,0.017199993133544922,0.768,0.7682546286665279,0.7679665871885551,0.7707509881422925,0.8361204013377925,0.7876407038988873,full_v4_features,524,524,0,,ksf-v4-idsplit::
classical_ext,svc,12,linear__svc__d12,linear,id_val,fixed_c1,1.0,,0.00923776626586914,0.62,0.6204695618705498,0.6198479391756703,0.6274509803921569,0.6757970363718006,0.6523029474833366,full_v4_features,524,524,0,,ksf-v4-idsplit::
classical_ext,svc,12,linear__svc__d12,linear,id_test,fixed_c1,1.0,,0.00923776626586914,0.648,0.6475720059015972,0.6474358974358974,0.6615384615384615,0.7022900763358778,0.6922296659629927,full_v4_features,524,524,0,,ksf-v4-idsplit::
classical_ext,svc,12,linear__svc__d12,linear,ood_test,fixed_c1,1.0,,0.00923776626586914,0.666,0.66635995583364,0.6658382657206088,0.6731898238747553,0.7135907570690179,0.6621750071198802,full_v4_features,524,524,0,,ksf-v4-idsplit::
classical_ext,svc,12,rbf_gscale__svc__d12,rbf_gscale,id_val,fixed_c1,1.0,,0.008210420608520508,0.716,0.7151517095387774,0.7152299818709791,0.7300380228136882,0.7790108409776124,0.7649196543713401,full_v4_features,524,524,0,,ksf-v4-idsplit::
classical_ext,svc,12,rbf_gscale__svc__d12,rbf_gscale,id_test,fixed_c1,1.0,,0.008210420608520508,0.668,0.6670408621463852,0.6670998379618488,0.6844106463878327,0.7630380396433383,0.7418493101172507,full_v4_features,524,524,0,,ksf-v4-idsplit::
classical_ext,svc,12,rbf_gscale__svc__d12,rbf_gscale,ood_test,fixed_c1,1.0,,0.008210420608520508,0.724,0.7247763677969628,0.7231317411402157,0.7386363636363636,0.8119569217967388,0.7707987779407205,full_v4_features,524,524,0,,ksf-v4-idsplit::
classical_ext,svc,12,poly2__svc__d12,poly2,id_val,fixed_c1,1.0,,0.012521028518676758,0.664,0.6586054269035858,0.6568851709038624,0.7062937062937062,0.6985695041375329,0.6888784447880244,full_v4_features,524,524,0,,ksf-v4-idsplit::
classical_ext,svc,12,poly2__svc__d12,poly2,id_test,fixed_c1,1.0,,0.012521028518676758,0.636,0.6284238886394252,0.622663415766864,0.6936026936026936,0.7106934376804157,0.7052422125343992,full_v4_features,524,524,0,,ksf-v4-idsplit::
classical_ext,svc,12,poly2__svc__d12,poly2,ood_test,fixed_c1,1.0,,0.012521028518676758,0.652,0.6532460674337105,0.6487629998062141,0.6824817518248175,0.7462994671232658,0.7051457706238841,full_v4_features,524,524,0,,ksf-v4-idsplit::
classical_ext,svc,12,poly3__svc__d12,poly3,id_val,fixed_c1,1.0,,0.008999824523925781,0.672,0.6662390146898454,0.6642426624737945,0.7152777777777778,0.7293604464686637,0.6983567796744516,full_v4_features,524,524,0,,ksf-v4-idsplit::
classical_ext,svc,12,poly3__svc__d12,poly3,id_test,fixed_c1,1.0,,0.008999824523925781,0.632,0.6242222079671563,0.6179148116153897,0.6912751677852349,0.7254474308807493,0.6947750830446122,full_v4_features,524,524,0,,ksf-v4-idsplit::
classical_ext,svc,12,poly3__svc__d12,poly3,ood_test,fixed_c1,1.0,,0.008999824523925781,0.658,0.6597510041445969,0.6513605095437511,0.6994727592267135,0.7571170248515788,0.7278485490097479,full_v4_features,524,524,0,,ksf-v4-idsplit::
classical_ext,svc,12,laplacian_med__svc__d12,laplacian_med,id_val,fixed_c1,1.0,,0.008000850677490234,0.764,0.7636474437103085,0.763542217733532,0.7739463601532567,0.8552184232471615,0.8315685517685512,full_v4_features,524,524,0,,ksf-v4-idsplit::
classical_ext,svc,12,laplacian_med__svc__d12,laplacian_med,id_test,fixed_c1,1.0,,0.008000850677490234,0.76,0.7606004233754571,0.7598616803278688,0.765625,0.8193598049906985,0.778305347551041,full_v4_features,524,524,0,,ksf-v4-idsplit::
classical_ext,svc,12,laplacian_med__svc__d12,laplacian_med,ood_test,fixed_c1,1.0,,0.008000850677490234,0.778,0.7782800723304155,0.777956479469976,0.7810650887573964,0.8531308508425213,0.812895817829685,full_v4_features,524,524,0,,ksf-v4-idsplit::
classical_ext,svc,12,matern15_med__svc__d12,matern15_med,id_val,fixed_c1,1.0,,0.006998300552368164,0.732,0.7338828661235487,0.7319957119313909,0.7309236947791165,0.8157033805888767,0.8082480734691817,full_v4_features,524,524,0,,ksf-v4-idsplit::
classical_ext,svc,12,matern15_med__svc__d12,matern15_med,id_test,fixed_c1,1.0,,0.006998300552368164,0.716,0.7182308037718904,0.7159590981101278,0.7125506072874493,0.7845916992751298,0.7451902143425064,full_v4_features,524,524,0,,ksf-v4-idsplit::
classical_ext,svc,12,matern15_med__svc__d12,matern15_med,ood_test,fixed_c1,1.0,,0.006998300552368164,0.754,0.7539405674417116,0.7539517745478114,0.7505070993914807,0.8490022563249109,0.824972613868316,full_v4_features,524,524,0,,ksf-v4-idsplit::
classical_ext,svc,12,matern25_med__svc__d12,matern25_med,id_val,fixed_c1,1.0,,0.007364988327026367,0.728,0.7296811854512797,0.728,0.728,0.8001796138302649,0.7898607916550668,full_v4_features,524,524,0,,ksf-v4-idsplit::
classical_ext,svc,12,matern25_med__svc__d12,matern25_med,id_test,fixed_c1,1.0,,0.007364988327026367,0.712,0.7140291230996215,0.7119815668202765,0.7096774193548387,0.778882545384566,0.7640786655847853,full_v4_features,524,524,0,,ksf-v4-idsplit::
classical_ext,svc,12,matern25_med__svc__d12,matern25_med,ood_test,fixed_c1,1.0,,0.007364988327026367,0.752,0.7519642828567313,0.7519642828567313,0.7489878542510121,0.8414491686802901,0.8127734296832676,full_v4_features,524,524,0,,ksf-v4-idsplit::
classical_ext,svc,12,rbf_gscale_x0.1__svc__d12,rbf_gscale_x0.1,id_val,fixed_c1,1.0,,0.007917404174804688,0.62,0.6204695618705498,0.6198479391756703,0.6274509803921569,0.6847777278850471,0.6627422679450364,full_v4_features,524,524,0,,ksf-v4-idsplit::
classical_ext,svc,12,rbf_gscale_x0.1__svc__d12,rbf_gscale_x0.1,id_test,fixed_c1,1.0,,0.007917404174804688,0.648,0.6475720059015972,0.6474358974358974,0.6615384615384615,0.7109500288665085,0.7066395375159275,full_v4_features,524,524,0,,ksf-v4-idsplit::
classical_ext,svc,12,rbf_gscale_x0.1__svc__d12,rbf_gscale_x0.1,ood_test,fixed_c1,1.0,,0.007917404174804688,0.66,0.6602870813397129,0.6599129377120543,0.6653543307086615,0.7426029348226144,0.7070648929059838,full_v4_features,524,524,0,,ksf-v4-idsplit::
classical_ext,svc,12,rbf_gscale_x0.3__svc__d12,rbf_gscale_x0.3,id_val,fixed_c1,1.0,,0.008559942245483398,0.696,0.6937584193982937,0.6940418679549114,0.7185185185185186,0.7532875745718135,0.7058913016975218,full_v4_features,524,524,0,,ksf-v4-idsplit::
classical_ext,svc,12,rbf_gscale_x0.3__svc__d12,rbf_gscale_x0.3,id_test,fixed_c1,1.0,,0.008559942245483398,0.656,0.6544358201295786,0.6545851809009704,0.6766917293233082,0.7410994932324074,0.731324471545771,full_v4_features,524,524,0,,ksf-v4-idsplit::
classical_ext,svc,12,rbf_gscale_x0.3__svc__d12,rbf_gscale_x0.3,ood_test,fixed_c1,1.0,,0.008559942245483398,0.686,0.6866988846393881,0.6852130325814536,0.700952380952381,0.7645580963658767,0.7428792657632786,full_v4_features,524,524,0,,ksf-v4-idsplit::
classical_ext,svc,12,rbf_gscale_x3__svc__d12,rbf_gscale_x3,id_val,fixed_c1,1.0,,0.011333227157592773,0.712,0.7117198024247867,0.7115384615384615,0.7230769230769231,0.7885688626595677,0.770349406291221,full_v4_features,524,524,0,,ksf-v4-idsplit::
classical_ext,svc,12,rbf_gscale_x3__svc__d12,rbf_gscale_x3,id_test,fixed_c1,1.0,,0.011333227157592773,0.708,0.7090576688690744,0.707957945944216,0.7114624505928854,0.7666303162486368,0.7733199921209784,full_v4_features,524,524,0,,ksf-v4-idsplit::
classical_ext,svc,12,rbf_gscale_x3__svc__d12,rbf_gscale_x3,ood_test,fixed_c1,1.0,,0.011333227157592773,0.756,0.7562048935046646,0.755984383000512,0.7579365079365079,0.8236706085676337,0.789849781879426,full_v4_features,524,524,0,,ksf-v4-idsplit::
classical_ext,svc,12,rbf_gscale_x10__svc__d12,rbf_gscale_x10,id_val,fixed_c1,1.0,,0.00700068473815918,0.728,0.7300660722304189,0.7279825908858166,0.7258064516129032,0.8253255500673551,0.8051624219916225,full_v4_features,524,524,0,,ksf-v4-idsplit::
classical_ext,svc,12,rbf_gscale_x10__svc__d12,rbf_gscale_x10,id_test,fixed_c1,1.0,,0.00700068473815918,0.712,0.7144140098787606,0.7119262531207988,0.7073170731707317,0.7906857399448329,0.7507958632913145,full_v4_features,524,524,0,,ksf-v4-idsplit::
classical_ext,svc,12,rbf_gscale_x10__svc__d12,rbf_gscale_x10,ood_test,fixed_c1,1.0,,0.00700068473815918,0.75,0.7499879982717511,0.74997499749975,0.7474747474747475,0.8449376710246275,0.8150148894766869,full_v4_features,524,524,0,,ksf-v4-idsplit::
classical_ext,svc,12,laplacian_med_x0.1__svc__d12,laplacian_med_x0.1,id_val,fixed_c1,1.0,,0.015744924545288086,0.808,0.8094810443261273,0.8079877112135176,0.8095238095238095,0.8832510103277952,0.8589845325794534,full_v4_features,524,524,0,,ksf-v4-idsplit::
classical_ext,svc,12,laplacian_med_x0.1__svc__d12,laplacian_med_x0.1,id_test,fixed_c1,1.0,,0.015744924545288086,0.792,0.7930592084161909,0.7919467383650214,0.7952755905511811,0.8511771120662004,0.8152856065676721,full_v4_features,524,524,0,,ksf-v4-idsplit::
classical_ext,svc,12,laplacian_med_x0.1__svc__d12,laplacian_med_x0.1,ood_test,fixed_c1,1.0,,0.015744924545288086,0.754,0.7530764430077932,0.7521670273341634,0.7308533916849015,0.8595797794882463,0.8523371195896747,full_v4_features,524,524,0,,ksf-v4-idsplit::
classical_ext,svc,12,laplacian_med_x0.3__svc__d12,laplacian_med_x0.3,id_val,fixed_c1,1.0,,0.010578632354736328,0.808,0.8079414972095709,0.8076923076923077,0.8153846153846154,0.8722175893258066,0.8554753841461376,full_v4_features,524,524,0,,ksf-v4-idsplit::
classical_ext,svc,12,laplacian_med_x0.3__svc__d12,laplacian_med_x0.3,id_test,fixed_c1,1.0,,0.010578632354736328,0.776,0.7758675989479762,0.7756410256410257,0.7846153846153846,0.840849316825967,0.7894443306693767,full_v4_features,524,524,0,,ksf-v4-idsplit::
classical_ext,svc,12,laplacian_med_x0.3__svc__d12,laplacian_med_x0.3,ood_test,fixed_c1,1.0,,0.010578632354736328,0.792,0.7918260229473044,0.7918801229508197,0.7868852459016393,0.8628602518762702,0.8205684144571901,full_v4_features,524,524,0,,ksf-v4-idsplit::
classical_ext,svc,12,laplacian_med_x3__svc__d12,laplacian_med_x3,id_val,fixed_c1,1.0,,0.012543678283691406,0.74,0.7415164539098082,0.739995839933439,0.7410358565737052,0.8231445249855668,0.8159276903094118,full_v4_features,524,524,0,,ksf-v4-idsplit::
classical_ext,svc,12,laplacian_med_x3__svc__d12,laplacian_med_x3,id_test,fixed_c1,1.0,,0.012543678283691406,0.72,0.7228173712232985,0.7198386270491803,0.7131147540983607,0.8015267175572519,0.7958663289814003,full_v4_features,524,524,0,,ksf-v4-idsplit::
classical_ext,svc,12,laplacian_med_x3__svc__d12,laplacian_med_x3,ood_test,fixed_c1,1.0,,0.012543678283691406,0.746,0.7461314429277817,0.745998983995936,0.7465069860279441,0.8366164727720792,0.8038811465989533,full_v4_features,524,524,0,,ksf-v4-idsplit::
classical_ext,svc,12,laplacian_med_x10__svc__d12,laplacian_med_x10,id_val,fixed_c1,1.0,,0.007095813751220703,0.732,0.7331130925652704,0.7319614024419516,0.7351778656126482,0.7818333440246327,0.7643143678838871,full_v4_features,524,524,0,,ksf-v4-idsplit::
classical_ext,svc,12,laplacian_med_x10__svc__d12,laplacian_med_x10,id_test,fixed_c1,1.0,,0.007095813751220703,0.716,0.717076143434473,0.7159590981101278,0.7193675889328063,0.7665020206555905,0.7780168696482292,full_v4_features,524,524,0,,ksf-v4-idsplit::
classical_ext,svc,12,laplacian_med_x10__svc__d12,laplacian_med_x10,ood_test,fixed_c1,1.0,,0.007095813751220703,0.734,0.7344177561568865,0.7338200623621568,0.7407407407407407,0.8174297098782225,0.7983031854552952,full_v4_features,524,524,0,,ksf-v4-idsplit::
classical_ext,svc,12,matern15_med_x0.1__svc__d12,matern15_med_x0.1,id_val,fixed_c1,1.0,,0.01396489143371582,0.828,0.8289499005709153,0.8279311724689876,0.8313725490196079,0.870998781191866,0.8388328161896929,full_v4_features,524,524,0,,ksf-v4-idsplit::
classical_ext,svc,12,matern15_med_x0.1__svc__d12,matern15_med_x0.1,id_test,fixed_c1,1.0,,0.01396489143371582,0.768,0.7686188979408557,0.7678662909836065,0.7734375,0.8376419269998074,0.7988018065877136,full_v4_features,524,524,0,,ksf-v4-idsplit::
classical_ext,svc,12,matern15_med_x0.1__svc__d12,matern15_med_x0.1,ood_test,fixed_c1,1.0,,0.01396489143371582,0.758,0.7573170536557263,0.7569412360241211,0.7408993576017131,0.8482581491734809,0.8236739594701954,full_v4_features,524,524,0,,ksf-v4-idsplit::
classical_ext,svc,12,matern15_med_x0.3__svc__d12,matern15_med_x0.3,id_val,fixed_c1,1.0,,0.010000944137573242,0.796,0.7957213419719033,0.7956042899052567,0.8045977011494253,0.8593880300211687,0.8415023464847096,full_v4_features,524,524,0,,ksf-v4-idsplit::
classical_ext,svc,12,matern15_med_x0.3__svc__d12,matern15_med_x0.3,id_test,fixed_c1,1.0,,0.010000944137573242,0.784,0.7831162999550965,0.7833204930662558,0.7954545454545454,0.8230162293925203,0.7821262086625718,full_v4_features,524,524,0,,ksf-v4-idsplit::
classical_ext,svc,12,matern15_med_x0.3__svc__d12,matern15_med_x0.3,ood_test,fixed_c1,1.0,,0.010000944137573242,0.794,0.7939943351842665,0.793979397939794,0.7919191919191919,0.8611800099214287,0.8317018078196516,full_v4_features,524,524,0,,ksf-v4-idsplit::
classical_ext,svc,12,matern15_med_x3__svc__d12,matern15_med_x3,id_val,fixed_c1,1.0,,0.012525081634521484,0.7,0.6983449868497017,0.6986063557891691,0.7191011235955056,0.776829815895824,0.7682403372428166,full_v4_features,524,524,0,,ksf-v4-idsplit::
classical_ext,svc,12,matern15_med_x3__svc__d12,matern15_med_x3,id_test,fixed_c1,1.0,,0.012525081634521484,0.656,0.6540509333504394,0.6542074112197632,0.6791044776119403,0.7685547501443325,0.7663065936605225,full_v4_features,524,524,0,,ksf-v4-idsplit::
classical_ext,svc,12,matern15_med_x3__svc__d12,matern15_med_x3,ood_test,fixed_c1,1.0,,0.012525081634521484,0.718,0.7187995071290265,0.717048149976521,0.7334593572778828,0.8123249747963708,0.774463268673617,full_v4_features,524,524,0,,ksf-v4-idsplit::
classical_ext,svc,12,matern15_med_x10__svc__d12,matern15_med_x10,id_val,fixed_c1,1.0,,0.012895822525024414,0.612,0.6136057476425685,0.6119937919006704,0.6104417670682731,0.6836230675476297,0.6512011783326016,full_v4_features,524,524,0,,ksf-v4-idsplit::
classical_ext,svc,12,matern15_med_x10__svc__d12,matern15_med_x10,id_test,fixed_c1,1.0,,0.012895822525024414,0.636,0.6361216242222079,0.6357144000896704,0.6459143968871596,0.7316056193469754,0.7178046606388864,full_v4_features,524,524,0,,ksf-v4-idsplit::
classical_ext,svc,12,matern15_med_x10__svc__d12,matern15_med_x10,ood_test,fixed_c1,1.0,,0.012895822525024414,0.666,0.6658798867036853,0.6658917489266523,0.659877800407332,0.747451633035157,0.7056288708382159,full_v4_features,524,524,0,,ksf-v4-idsplit::
classical_ext,svc,12,matern25_med_x0.1__svc__d12,matern25_med_x0.1,id_val,fixed_c1,1.0,,0.014028549194335938,0.828,0.8289499005709153,0.8279311724689876,0.8313725490196079,0.8669574700109052,0.8245283608592487,full_v4_features,524,524,0,,ksf-v4-idsplit::
classical_ext,svc,12,matern25_med_x0.1__svc__d12,matern25_med_x0.1,id_test,fixed_c1,1.0,,0.014028549194335938,0.772,0.7724356918339855,0.7718211077484748,0.7782101167315175,0.8358457886971582,0.7942420496853326,full_v4_features,524,524,0,,ksf-v4-idsplit::
classical_ext,svc,12,matern25_med_x0.1__svc__d12,matern25_med_x0.1,ood_test,fixed_c1,1.0,,0.014028549194335938,0.768,0.767438511145605,0.7672701592193117,0.7542372881355932,0.8484421756732969,0.8253916654930458,full_v4_features,524,524,0,,ksf-v4-idsplit::
classical_ext,svc,12,matern25_med_x0.3__svc__d12,matern25_med_x0.3,id_val,fixed_c1,1.0,,0.01158595085144043,0.776,0.7750978253896978,0.7752953261427837,0.7878787878787878,0.852716659182757,0.8353347939003056,full_v4_features,524,524,0,,ksf-v4-idsplit::
classical_ext,svc,12,matern25_med_x0.3__svc__d12,matern25_med_x0.3,id_test,fixed_c1,1.0,,0.01158595085144043,0.776,0.7750978253896978,0.7752953261427837,0.7878787878787878,0.8141638334723202,0.7698808747919801,full_v4_features,524,524,0,,ksf-v4-idsplit::
classical_ext,svc,12,matern25_med_x0.3__svc__d12,matern25_med_x0.3,ood_test,fixed_c1,1.0,,0.01158595085144043,0.796,0.7959706197692469,0.7959706197692469,0.7935222672064778,0.8575154822294411,0.8266776791807311,full_v4_features,524,524,0,,ksf-v4-idsplit::
classical_ext,svc,12,matern25_med_x3__svc__d12,matern25_med_x3,id_val,fixed_c1,1.0,,0.011668205261230469,0.704,0.7025466675219707,0.7027825975194396,0.7218045112781954,0.7745846430175123,0.7531972548305956,full_v4_features,524,524,0,,ksf-v4-idsplit::
classical_ext,svc,12,matern25_med_x3__svc__d12,matern25_med_x3,id_test,fixed_c1,1.0,,0.011668205261230469,0.676,0.675059336711784,0.6751215286133705,0.6920152091254753,0.7524536532170119,0.7337404003880001,full_v4_features,524,524,0,,ksf-v4-idsplit::
classical_ext,svc,12,matern25_med_x3__svc__d12,matern25_med_x3,ood_test,fixed_c1,1.0,,0.011668205261230469,0.72,0.7207757917140067,0.7191191576784797,0.7348484848484849,0.7942423709014098,0.753540976626369,full_v4_features,524,524,0,,ksf-v4-idsplit::
classical_ext,svc,12,matern25_med_x10__svc__d12,matern25_med_x10,id_val,fixed_c1,1.0,,0.007880687713623047,0.58,0.5861504907306434,0.5757575757575757,0.5333333333333333,0.6700237346847135,0.6193011963653308,full_v4_features,524,524,0,,ksf-v4-idsplit::
classical_ext,svc,12,matern25_med_x10__svc__d12,matern25_med_x10,id_test,fixed_c1,1.0,,0.007880687713623047,0.624,0.6265956764385143,0.6237832991803278,0.6147540983606558,0.7223683366476361,0.7025471166962324,full_v4_features,524,524,0,,ksf-v4-idsplit::
classical_ext,svc,12,matern25_med_x10__svc__d12,matern25_med_x10,ood_test,fixed_c1,1.0,,0.007880687713623047,0.642,0.6400041605991262,0.630822790814706,0.5665859564164649,0.7138787985469908,0.6742426412494651,full_v4_features,524,524,0,,ksf-v4-idsplit::
quantum,svc,12,zz_r1_full__as0.5__svc__d12,zz_r1_full__as0.5,id_val,fixed_c1,1.0,,0.016864776611328125,0.804,0.8048944768747193,0.803921568627451,0.807843137254902,0.8632368978125602,0.8411953754021899,full_v4_features,524,524,0,,ksf-v4-idsplit::
quantum,svc,12,zz_r1_full__as0.5__svc__d12,zz_r1_full__as0.5,id_test,fixed_c1,1.0,,0.016864776611328125,0.78,0.7796843928411059,0.7795732538193944,0.789272030651341,0.8192956571941754,0.7743213550895907,full_v4_features,524,524,0,,ksf-v4-idsplit::
quantum,svc,12,zz_r1_full__as0.5__svc__d12,zz_r1_full__as0.5,ood_test,fixed_c1,1.0,,0.016864776611328125,0.788,0.7879214606903394,0.7879457141028103,0.7845528455284553,0.8578995375334048,0.8319963559935695,full_v4_features,524,524,0,,ksf-v4-idsplit::
quantum,svc,12,zz_r2_full__as0.5__svc__d12,zz_r2_full__as0.5,id_val,fixed_c1,1.0,,0.012355566024780273,0.832,0.8327666944640452,0.8319031762295082,0.8359375,0.8670216178074284,0.8399488903992144,full_v4_features,524,524,0,,ksf-v4-idsplit::
quantum,svc,12,zz_r2_full__as0.5__svc__d12,zz_r2_full__as0.5,id_test,fixed_c1,1.0,,0.012355566024780273,0.776,0.775482712168837,0.775482712168837,0.7862595419847328,0.837770222592854,0.807760185007182,full_v4_features,524,524,0,,ksf-v4-idsplit::
quantum,svc,12,zz_r2_full__as0.5__svc__d12,zz_r2_full__as0.5,ood_test,fixed_c1,1.0,,0.012355566024780273,0.774,0.7737034132915139,0.7737384416385342,0.7660455486542443,0.8489222448032516,0.8113937311731783,full_v4_features,524,524,0,,ksf-v4-idsplit::
quantum,svc,12,pauli_xz_r1_full__as0.5__svc__d12,pauli_xz_r1_full__as0.5,id_val,fixed_c1,1.0,,0.010599613189697266,0.704,0.7025466675219707,0.7027825975194396,0.7218045112781954,0.7813843094489704,0.7700585680407694,full_v4_features,524,524,0,,ksf-v4-idsplit::
quantum,svc,12,pauli_xz_r1_full__as0.5__svc__d12,pauli_xz_r1_full__as0.5,id_test,fixed_c1,1.0,,0.010599613189697266,0.656,0.6540509333504394,0.6542074112197632,0.6791044776119403,0.7647700301494643,0.7603220865159549,full_v4_features,524,524,0,,ksf-v4-idsplit::
quantum,svc,12,pauli_xz_r1_full__as0.5__svc__d12,pauli_xz_r1_full__as0.5,ood_test,fixed_c1,1.0,,0.010599613189697266,0.724,0.7248243747099583,0.7230028101164191,0.7396226415094339,0.8222304011777696,0.7814675708954458,full_v4_features,524,524,0,,ksf-v4-idsplit::
quantum,svc,12,zmap_r2__as0.5__svc__d12,zmap_r2__as0.5,id_val,fixed_c1,1.0,,0.009999275207519531,0.704,0.7033164410802488,0.7033164410802488,0.7175572519083969,0.7877349413047661,0.766492720159799,full_v4_features,524,524,0,,ksf-v4-idsplit::
quantum,svc,12,zmap_r2__as0.5__svc__d12,zmap_r2__as0.5,id_test,fixed_c1,1.0,,0.009999275207519531,0.696,0.6964526268522677,0.6958247950819672,0.703125,0.7688113413304252,0.7797941610511526,full_v4_features,524,524,0,,ksf-v4-idsplit::
quantum,svc,12,zmap_r2__as0.5__svc__d12,zmap_r2__as0.5,ood_test,fixed_c1,1.0,,0.009999275207519531,0.742,0.742466915235794,0.7417675908317485,0.7495145631067961,0.8247267606535341,0.7915460121104816,full_v4_features,524,524,0,,ksf-v4-idsplit::
quantum,svc,12,zz_r1_full__svc__d12,zz_r1_full,id_val,fixed_c1,1.0,,0.01707172393798828,0.828,0.8285650137917763,0.8278650461962178,0.8326848249027238,0.8697799730579253,0.8415239824003291,full_v4_features,524,524,0,,ksf-v4-idsplit::
quantum,svc,12,zz_r1_full__svc__d12,zz_r1_full,id_test,fixed_c1,1.0,,0.01707172393798828,0.78,0.7796843928411059,0.7795732538193944,0.789272030651341,0.8307139649753031,0.7929407420606249,full_v4_features,524,524,0,,ksf-v4-idsplit::
quantum,svc,12,zz_r1_full__svc__d12,zz_r1_full,ood_test,fixed_c1,1.0,,0.01707172393798828,0.788,0.7877774399513531,0.7878336615906871,0.7818930041152263,0.85961178409691,0.8287476839153547,full_v4_features,524,524,0,,ksf-v4-idsplit::
quantum,svc,12,zz_r2_full__svc__d12,zz_r2_full,id_val,fixed_c1,1.0,,0.011001825332641602,0.804,0.8060491372121368,0.8039968639498232,0.8032128514056225,0.8673423567900442,0.8283437476276375,full_v4_features,524,524,0,,ksf-v4-idsplit::
quantum,svc,12,zz_r2_full__svc__d12,zz_r2_full,id_test,fixed_c1,1.0,,0.011001825332641602,0.78,0.7808390531785234,0.7799119647859143,0.7843137254901961,0.8310347039579191,0.7986592025700079,full_v4_features,524,524,0,,ksf-v4-idsplit::
quantum,svc,12,zz_r2_full__svc__d12,zz_r2_full,ood_test,fixed_c1,1.0,,0.011001825332641602,0.752,0.7511961722488039,0.7505592301131334,0.7316017316017316,0.8409210926373398,0.7972349258664635,full_v4_features,524,524,0,,ksf-v4-idsplit::
quantum,svc,12,pauli_xz_r1_full__svc__d12,pauli_xz_r1_full,id_val,fixed_c1,1.0,,0.012775182723999023,0.724,0.72586439155815,0.7239955839293428,0.7228915662650602,0.8044133684007954,0.7392287018270554,full_v4_features,524,524,0,,ksf-v4-idsplit::
quantum,svc,12,pauli_xz_r1_full__svc__d12,pauli_xz_r1_full,id_test,fixed_c1,1.0,,0.012775182723999023,0.708,0.7105972159856309,0.7078831532613046,0.7020408163265306,0.7910706267239721,0.7770559367387926,full_v4_features,524,524,0,,ksf-v4-idsplit::
quantum,svc,12,pauli_xz_r1_full__svc__d12,pauli_xz_r1_full,ood_test,fixed_c1,1.0,,0.012775182723999023,0.752,0.7520122897697268,0.751984126984127,0.75,0.8316557584292139,0.8152662033647082,full_v4_features,524,524,0,,ksf-v4-idsplit::
quantum,svc,12,zmap_r2__svc__d12,zmap_r2,id_val,fixed_c1,1.0,,0.008022069931030273,0.772,0.7732054653922638,0.771967163271511,0.7747035573122529,0.8318044775161973,0.818346265087284,full_v4_features,524,524,0,,ksf-v4-idsplit::
quantum,svc,12,zmap_r2__svc__d12,zmap_r2,id_test,fixed_c1,1.0,,0.008022069931030273,0.76,0.7602155365963179,0.7597539880837978,0.7674418604651163,0.7959458592597344,0.7495066811114734,full_v4_features,524,524,0,,ksf-v4-idsplit::
quantum,svc,12,zmap_r2__svc__d12,zmap_r2,ood_test,fixed_c1,1.0,,0.008022069931030273,0.766,0.7662783440815477,0.7659541270088938,0.7692307692307693,0.8384247331615752,0.8083005213167862,full_v4_features,524,524,0,,ksf-v4-idsplit::
quantum,svc,12,zz_r1_full__as2__svc__d12,zz_r1_full__as2,id_val,fixed_c1,1.0,,0.012145757675170898,0.812,0.8136827249983962,0.8119969919518712,0.8127490039840638,0.8725383283084226,0.8415052025425046,full_v4_features,524,524,0,,ksf-v4-idsplit::
quantum,svc,12,zz_r1_full__as2__svc__d12,zz_r1_full__as2,id_test,fixed_c1,1.0,,0.012145757675170898,0.784,0.7854256206299314,0.7839861751152073,0.7857142857142857,0.8268650971839118,0.7977692624497672,full_v4_features,524,524,0,,ksf-v4-idsplit::
quantum,svc,12,zz_r1_full__as2__svc__d12,zz_r1_full__as2,ood_test,fixed_c1,1.0,,0.012145757675170898,0.758,0.757269046742731,0.7568083609687468,0.7397849462365591,0.8519466803219663,0.8179705138079636,full_v4_features,524,524,0,,ksf-v4-idsplit::
quantum,svc,12,zz_r2_full__as2__svc__d12,zz_r2_full__as2,id_val,fixed_c1,1.0,,0.012005805969238281,0.768,0.772082878953108,0.7674642376034383,0.7563025210084033,0.8777342998268008,0.8592356941371582,full_v4_features,524,524,0,,ksf-v4-idsplit::
quantum,svc,12,zz_r2_full__as2__svc__d12,zz_r2_full__as2,id_test,fixed_c1,1.0,,0.012005805969238281,0.772,0.7755147860670986,0.7717041285506016,0.7634854771784232,0.8394380653024568,0.815214494719696,full_v4_features,524,524,0,,ksf-v4-idsplit::
quantum,svc,12,zz_r2_full__as2__svc__d12,zz_r2_full__as2,ood_test,fixed_c1,1.0,,0.012005805969238281,0.75,0.748643804707878,0.7462227798553673,0.715261958997722,0.8321038229505049,0.813892831319693,full_v4_features,524,524,0,,ksf-v4-idsplit::
quantum,svc,12,pauli_xz_r1_full__as2__svc__d12,pauli_xz_r1_full__as2,id_val,fixed_c1,1.0,,0.009845733642578125,0.772,0.7716659182757072,0.7715577357764632,0.7816091954022989,0.8484829046122266,0.8343015330808012,full_v4_features,524,524,0,,ksf-v4-idsplit::
quantum,svc,12,pauli_xz_r1_full__as2__svc__d12,pauli_xz_r1_full__as2,id_test,fixed_c1,1.0,,0.009845733642578125,0.784,0.7823465263968183,0.7828744209984559,0.7985074626865671,0.8088395663608955,0.768169041357131,full_v4_features,524,524,0,,ksf-v4-idsplit::
quantum,svc,12,pauli_xz_r1_full__as2__svc__d12,pauli_xz_r1_full__as2,ood_test,fixed_c1,1.0,,0.009845733642578125,0.784,0.7842089260853563,0.7839861751152073,0.7857142857142857,0.8486662079339425,0.8146659948745396,full_v4_features,524,524,0,,ksf-v4-idsplit::
quantum,svc,12,zmap_r2__as2__svc__d12,zmap_r2__as2,id_val,fixed_c1,1.0,,0.010003089904785156,0.804,0.8029700429790236,0.8032918506623846,0.8150943396226416,0.857784335108089,0.8396186197620429,full_v4_features,524,524,0,,ksf-v4-idsplit::
quantum,svc,12,zmap_r2__as2__svc__d12,zmap_r2__as2,id_test,fixed_c1,1.0,,0.010003089904785156,0.784,0.7835011867342356,0.7835011867342356,0.7938931297709924,0.8078132016165245,0.766745769737452,full_v4_features,524,524,0,,ksf-v4-idsplit::
quantum,svc,12,zmap_r2__as2__svc__d12,zmap_r2__as2,ood_test,fixed_c1,1.0,,0.010003089904785156,0.768,0.7682546286665279,0.7679665871885551,0.7707509881422925,0.842345297722872,0.796544215220383,full_v4_features,524,524,0,,ksf-v4-idsplit::
