n_id,n_val,n_test,pos_rate_val,pos_rate_test,overlap,class_balance_gap
1800,901,899,0.4983351831298557,0.4983314794215795,0,3.7037082761814943e-06
