n_id,n_val,n_test,pos_rate_val,pos_rate_test,overlap,class_balance_gap
1800,901,899,0.4961154273029967,0.4961067853170189,0,8.641985977775324e-06
