n_id,n_val,n_test,pos_rate_val,pos_rate_test,overlap,class_balance_gap
1000,501,499,0.47904191616766467,0.4789579158316633,0,8.400033600136636e-05
