n_id,n_val,n_test,pos_rate_val,pos_rate_test,overlap,class_balance_gap
1000,501,499,0.5169660678642715,0.5170340681362725,0,6.80002720010453e-05
