family,model,dim,cfg,kernel,split,regularization,c_selected,c_cv_score,fit_seconds,accuracy,balanced_accuracy,f1_macro,f1_pos,roc_auc,pr_auc,feature_policy,n_input_features,n_retained_features,n_removed_features,removed_features,id_split_hash_salt
classical_ext,svc,4,linear__svc__d4,linear,id_val,fixed_c1,1.0,,0.011999130249023438,0.8207171314741036,0.821015873015873,0.8197903537182698,0.8068669527896996,0.8081269841269842,0.7621416321748699,full_v4_features,39,39,0,,ksf-v4-idsplit::
classical_ext,svc,4,linear__svc__d4,linear,id_test,fixed_c1,1.0,,0.011999130249023438,0.7951807228915663,0.7958387096774193,0.7897551365043625,0.7559808612440191,0.8172903225806453,0.8319701041710752,full_v4_features,39,39,0,,ksf-v4-idsplit::
classical_ext,svc,4,linear__svc__d4,linear,ood_test,fixed_c1,1.0,,0.011999130249023438,0.66,0.668644557059465,0.6523858598746953,0.6009389671361502,0.7053050227724676,0.6398724954620387,full_v4_features,39,39,0,,ksf-v4-idsplit::
classical_ext,svc,4,rbf_gscale__svc__d4,rbf_gscale,id_val,fixed_c1,1.0,,0.005878448486328125,0.8645418326693227,0.864031746031746,0.8621591936942758,0.8802816901408451,0.9266031746031745,0.8713924083578247,full_v4_features,39,39,0,,ksf-v4-idsplit::
classical_ext,svc,4,rbf_gscale__svc__d4,rbf_gscale,id_test,fixed_c1,1.0,,0.005878448486328125,0.9076305220883534,0.907258064516129,0.9067643467643467,0.9157509157509157,0.9472258064516129,0.9052481609366215,full_v4_features,39,39,0,,ksf-v4-idsplit::
classical_ext,svc,4,rbf_gscale__svc__d4,rbf_gscale,ood_test,fixed_c1,1.0,,0.005878448486328125,0.782,0.7710084033613445,0.76540069131466,0.8278041074249605,0.8474084290204632,0.7596856569716626,full_v4_features,39,39,0,,ksf-v4-idsplit::
classical_ext,svc,4,poly2__svc__d4,poly2,id_val,fixed_c1,1.0,,0.007997989654541016,0.848605577689243,0.848031746031746,0.8452427310488058,0.8680555555555556,0.8692063492063492,0.7792326733288414,full_v4_features,39,39,0,,ksf-v4-idsplit::
classical_ext,svc,4,poly2__svc__d4,poly2,id_test,fixed_c1,1.0,,0.007997989654541016,0.9076305220883534,0.907258064516129,0.9067643467643467,0.9157509157509157,0.9088387096774194,0.8291410505234925,full_v4_features,39,39,0,,ksf-v4-idsplit::
classical_ext,svc,4,poly2__svc__d4,poly2,ood_test,fixed_c1,1.0,,0.007997989654541016,0.758,0.7457983193277311,0.7357790151763293,0.8124031007751938,0.7417730450959009,0.6529247205981497,full_v4_features,39,39,0,,ksf-v4-idsplit::
classical_ext,svc,4,poly3__svc__d4,poly3,id_val,fixed_c1,1.0,,0.00882101058959961,0.848605577689243,0.848031746031746,0.8452427310488058,0.8680555555555556,0.8834285714285715,0.797817865551546,full_v4_features,39,39,0,,ksf-v4-idsplit::
classical_ext,svc,4,poly3__svc__d4,poly3,id_test,fixed_c1,1.0,,0.00882101058959961,0.9076305220883534,0.907258064516129,0.9067643467643467,0.9157509157509157,0.9212258064516129,0.8498248807736836,full_v4_features,39,39,0,,ksf-v4-idsplit::
classical_ext,svc,4,poly3__svc__d4,poly3,ood_test,fixed_c1,1.0,,0.00882101058959961,0.758,0.7457983193277311,0.7357790151763293,0.8124031007751938,0.7683623067547629,0.7241692001210096,full_v4_features,39,39,0,,ksf-v4-idsplit::
classical_ext,svc,4,laplacian_med__svc__d4,laplacian_med,id_val,fixed_c1,1.0,,0.005243062973022461,0.8645418326693227,0.864031746031746,0.8621591936942758,0.8802816901408451,0.9452698412698413,0.9305827255677208,full_v4_features,39,39,0,,ksf-v4-idsplit::
classical_ext,svc,4,laplacian_med__svc__d4,laplacian_med,id_test,fixed_c1,1.0,,0.005243062973022461,0.9036144578313253,0.9032258064516129,0.9026329509906152,0.9124087591240876,0.9611612903225806,0.9331047787414299,full_v4_features,39,39,0,,ksf-v4-idsplit::
classical_ext,svc,4,laplacian_med__svc__d4,laplacian_med,ood_test,fixed_c1,1.0,,0.005243062973022461,0.784,0.7731092436974789,0.7678178315905339,0.8291139240506329,0.8577201873115659,0.810615817881948,full_v4_features,39,39,0,,ksf-v4-idsplit::
classical_ext,svc,4,matern15_med__svc__d4,matern15_med,id_val,fixed_c1,1.0,,0.004679441452026367,0.848605577689243,0.848031746031746,0.8452427310488058,0.8680555555555556,0.920063492063492,0.8560180176895719,full_v4_features,39,39,0,,ksf-v4-idsplit::
classical_ext,svc,4,matern15_med__svc__d4,matern15_med,id_test,fixed_c1,1.0,,0.004679441452026367,0.9076305220883534,0.907258064516129,0.9067643467643467,0.9157509157509157,0.9510967741935484,0.9178266667222063,full_v4_features,39,39,0,,ksf-v4-idsplit::
classical_ext,svc,4,matern15_med__svc__d4,matern15_med,ood_test,fixed_c1,1.0,,0.004679441452026367,0.758,0.7457983193277311,0.7357790151763293,0.8124031007751938,0.8380268137789466,0.7456666824383826,full_v4_features,39,39,0,,ksf-v4-idsplit::
classical_ext,svc,4,matern25_med__svc__d4,matern25_med,id_val,fixed_c1,1.0,,0.00523066520690918,0.848605577689243,0.848031746031746,0.8452427310488058,0.8680555555555556,0.9118730158730158,0.8330933405697621,full_v4_features,39,39,0,,ksf-v4-idsplit::
classical_ext,svc,4,matern25_med__svc__d4,matern25_med,id_test,fixed_c1,1.0,,0.00523066520690918,0.9076305220883534,0.907258064516129,0.9067643467643467,0.9157509157509157,0.9324516129032258,0.8956557715608158,full_v4_features,39,39,0,,ksf-v4-idsplit::
classical_ext,svc,4,matern25_med__svc__d4,matern25_med,ood_test,fixed_c1,1.0,,0.00523066520690918,0.758,0.7457983193277311,0.7357790151763293,0.8124031007751938,0.8155109371993072,0.7395235150235518,full_v4_features,39,39,0,,ksf-v4-idsplit::
classical_ext,svc,4,rbf_gscale_x0.1__svc__d4,rbf_gscale_x0.1,id_val,fixed_c1,1.0,,0.007051706314086914,0.848605577689243,0.848031746031746,0.8452427310488058,0.8680555555555556,0.8775238095238096,0.8173855422322006,full_v4_features,39,39,0,,ksf-v4-idsplit::
classical_ext,svc,4,rbf_gscale_x0.1__svc__d4,rbf_gscale_x0.1,id_test,fixed_c1,1.0,,0.007051706314086914,0.9076305220883534,0.907258064516129,0.9067643467643467,0.9157509157509157,0.917483870967742,0.8650636955657477,full_v4_features,39,39,0,,ksf-v4-idsplit::
classical_ext,svc,4,rbf_gscale_x0.1__svc__d4,rbf_gscale_x0.1,ood_test,fixed_c1,1.0,,0.007051706314086914,0.758,0.7457983193277311,0.7357790151763293,0.8124031007751938,0.737250625441016,0.7061307242542357,full_v4_features,39,39,0,,ksf-v4-idsplit::
classical_ext,svc,4,rbf_gscale_x0.3__svc__d4,rbf_gscale_x0.3,id_val,fixed_c1,1.0,,0.0057680606842041016,0.848605577689243,0.848031746031746,0.8452427310488058,0.8680555555555556,0.8901587301587301,0.8010949316038443,full_v4_features,39,39,0,,ksf-v4-idsplit::
classical_ext,svc,4,rbf_gscale_x0.3__svc__d4,rbf_gscale_x0.3,id_test,fixed_c1,1.0,,0.0057680606842041016,0.9076305220883534,0.907258064516129,0.9067643467643467,0.9157509157509157,0.926516129032258,0.8712840676866481,full_v4_features,39,39,0,,ksf-v4-idsplit::
classical_ext,svc,4,rbf_gscale_x0.3__svc__d4,rbf_gscale_x0.3,ood_test,fixed_c1,1.0,,0.0057680606842041016,0.758,0.7457983193277311,0.7357790151763293,0.8124031007751938,0.794871383667971,0.7411210897695322,full_v4_features,39,39,0,,ksf-v4-idsplit::
classical_ext,svc,4,rbf_gscale_x3__svc__d4,rbf_gscale_x3,id_val,fixed_c1,1.0,,0.0057413578033447266,0.8645418326693227,0.864031746031746,0.8621591936942758,0.8802816901408451,0.9498412698412698,0.9252278704881192,full_v4_features,39,39,0,,ksf-v4-idsplit::
classical_ext,svc,4,rbf_gscale_x3__svc__d4,rbf_gscale_x3,id_test,fixed_c1,1.0,,0.0057413578033447266,0.9116465863453815,0.9112903225806452,0.9108862571577303,0.9191176470588235,0.9490322580645161,0.9123300271384966,full_v4_features,39,39,0,,ksf-v4-idsplit::
classical_ext,svc,4,rbf_gscale_x3__svc__d4,rbf_gscale_x3,ood_test,fixed_c1,1.0,,0.0057413578033447266,0.784,0.7731092436974789,0.7678178315905339,0.8291139240506329,0.875986272371544,0.8418792502461444,full_v4_features,39,39,0,,ksf-v4-idsplit::
classical_ext,svc,4,rbf_gscale_x10__svc__d4,rbf_gscale_x10,id_val,fixed_c1,1.0,,0.0073719024658203125,0.8725099601593626,0.872063492063492,0.8707850707850708,0.8857142857142857,0.959047619047619,0.9422276603921471,full_v4_features,39,39,0,,ksf-v4-idsplit::
classical_ext,svc,4,rbf_gscale_x10__svc__d4,rbf_gscale_x10,id_test,fixed_c1,1.0,,0.0073719024658203125,0.9036144578313253,0.9033225806451612,0.9030499675535366,0.9104477611940298,0.9583870967741936,0.9450518892753413,full_v4_features,39,39,0,,ksf-v4-idsplit::
classical_ext,svc,4,rbf_gscale_x10__svc__d4,rbf_gscale_x10,ood_test,fixed_c1,1.0,,0.0073719024658203125,0.79,0.7799890948745911,0.7764730426489435,0.8314606741573034,0.8796908076207582,0.8582088823369766,full_v4_features,39,39,0,,ksf-v4-idsplit::
classical_ext,svc,4,laplacian_med_x0.1__svc__d4,laplacian_med_x0.1,id_val,fixed_c1,1.0,,0.008999824523925781,0.8764940239043825,0.8762222222222222,0.8758555770059192,0.8847583643122676,0.9581587301587301,0.9554494694796274,full_v4_features,39,39,0,,ksf-v4-idsplit::
classical_ext,svc,4,laplacian_med_x0.1__svc__d4,laplacian_med_x0.1,id_test,fixed_c1,1.0,,0.008999824523925781,0.9116465863453815,0.9115806451612903,0.911610946172712,0.9133858267716536,0.9683225806451613,0.9705372814067477,full_v4_features,39,39,0,,ksf-v4-idsplit::
classical_ext,svc,4,laplacian_med_x0.1__svc__d4,laplacian_med_x0.1,ood_test,fixed_c1,1.0,,0.008999824523925781,0.784,0.7798447623324138,0.7806269195144542,0.8078291814946619,0.8696356405157484,0.8488707774541784,full_v4_features,39,39,0,,ksf-v4-idsplit::
classical_ext,svc,4,laplacian_med_x0.3__svc__d4,laplacian_med_x0.3,id_val,fixed_c1,1.0,,0.005511045455932617,0.8725099601593626,0.8721904761904762,0.8716112531969309,0.8823529411764706,0.9648888888888889,0.9636247381054925,full_v4_features,39,39,0,,ksf-v4-idsplit::
classical_ext,svc,4,laplacian_med_x0.3__svc__d4,laplacian_med_x0.3,id_test,fixed_c1,1.0,,0.005511045455932617,0.9116465863453815,0.9114193548387097,0.9113247863247863,0.9166666666666666,0.9646451612903226,0.9540630977545423,full_v4_features,39,39,0,,ksf-v4-idsplit::
classical_ext,svc,4,laplacian_med_x0.3__svc__d4,laplacian_med_x0.3,ood_test,fixed_c1,1.0,,0.005511045455932617,0.786,0.7796362819937135,0.7796313458964061,0.8170940170940171,0.8681762781448458,0.8373944194898943,full_v4_features,39,39,0,,ksf-v4-idsplit::
classical_ext,svc,4,laplacian_med_x3__svc__d4,laplacian_med_x3,id_val,fixed_c1,1.0,,0.005000114440917969,0.848605577689243,0.848031746031746,0.8452427310488058,0.8680555555555556,0.9074285714285715,0.8377943789994982,full_v4_features,39,39,0,,ksf-v4-idsplit::
classical_ext,svc,4,laplacian_med_x3__svc__d4,laplacian_med_x3,id_test,fixed_c1,1.0,,0.005000114440917969,0.9036144578313253,0.9032258064516129,0.9026329509906152,0.9124087591240876,0.9486451612903227,0.9004638113511735,full_v4_features,39,39,0,,ksf-v4-idsplit::
classical_ext,svc,4,laplacian_med_x3__svc__d4,laplacian_med_x3,ood_test,fixed_c1,1.0,,0.005000114440917969,0.758,0.7457983193277311,0.7357790151763293,0.8124031007751938,0.8248765154916928,0.7382867221896524,full_v4_features,39,39,0,,ksf-v4-idsplit::
classical_ext,svc,4,laplacian_med_x10__svc__d4,laplacian_med_x10,id_val,fixed_c1,1.0,,0.004999399185180664,0.848605577689243,0.848031746031746,0.8452427310488058,0.8680555555555556,0.9043174603174603,0.8414784888194923,full_v4_features,39,39,0,,ksf-v4-idsplit::
classical_ext,svc,4,laplacian_med_x10__svc__d4,laplacian_med_x10,id_test,fixed_c1,1.0,,0.004999399185180664,0.9036144578313253,0.9032258064516129,0.9026329509906152,0.9124087591240876,0.933225806451613,0.8903854126957216,full_v4_features,39,39,0,,ksf-v4-idsplit::
classical_ext,svc,4,laplacian_med_x10__svc__d4,laplacian_med_x10,ood_test,fixed_c1,1.0,,0.004999399185180664,0.758,0.7457983193277311,0.7357790151763293,0.8124031007751938,0.8060170633138752,0.7169766914353506,full_v4_features,39,39,0,,ksf-v4-idsplit::
classical_ext,svc,4,matern15_med_x0.1__svc__d4,matern15_med_x0.1,id_val,fixed_c1,1.0,,0.0067446231842041016,0.8884462151394422,0.8881904761904762,0.8879321342007909,0.8955223880597015,0.9544126984126984,0.9397587712868625,full_v4_features,39,39,0,,ksf-v4-idsplit::
classical_ext,svc,4,matern15_med_x0.1__svc__d4,matern15_med_x0.1,id_test,fixed_c1,1.0,,0.0067446231842041016,0.9036144578313253,0.9035483870967742,0.9035755776429586,0.905511811023622,0.9600000000000001,0.9490002843301153,full_v4_features,39,39,0,,ksf-v4-idsplit::
classical_ext,svc,4,matern15_med_x0.1__svc__d4,matern15_med_x0.1,ood_test,fixed_c1,1.0,,0.0067446231842041016,0.786,0.7819456026685483,0.7827666995561944,0.8092691622103387,0.8809577266020913,0.8509875597294337,full_v4_features,39,39,0,,ksf-v4-idsplit::
classical_ext,svc,4,matern15_med_x0.3__svc__d4,matern15_med_x0.3,id_val,fixed_c1,1.0,,0.0065097808837890625,0.8685258964143426,0.868031746031746,0.8663536473207802,0.8833922261484098,0.9572063492063492,0.9373873223613863,full_v4_features,39,39,0,,ksf-v4-idsplit::
classical_ext,svc,4,matern15_med_x0.3__svc__d4,matern15_med_x0.3,id_test,fixed_c1,1.0,,0.0065097808837890625,0.9036144578313253,0.9032903225806452,0.9029239766081871,0.9111111111111111,0.9575483870967744,0.9441955824740385,full_v4_features,39,39,0,,ksf-v4-idsplit::
classical_ext,svc,4,matern15_med_x0.3__svc__d4,matern15_med_x0.3,ood_test,fixed_c1,1.0,,0.0065097808837890625,0.782,0.7713932901404836,0.7664542614598109,0.8267090620031796,0.884533966258259,0.8675302207525412,full_v4_features,39,39,0,,ksf-v4-idsplit::
classical_ext,svc,4,matern15_med_x3__svc__d4,matern15_med_x3,id_val,fixed_c1,1.0,,0.00599980354309082,0.848605577689243,0.848031746031746,0.8452427310488058,0.8680555555555556,0.8951111111111111,0.8409226428183355,full_v4_features,39,39,0,,ksf-v4-idsplit::
classical_ext,svc,4,matern15_med_x3__svc__d4,matern15_med_x3,id_test,fixed_c1,1.0,,0.00599980354309082,0.9076305220883534,0.907258064516129,0.9067643467643467,0.9157509157509157,0.9207096774193548,0.8681837747676725,full_v4_features,39,39,0,,ksf-v4-idsplit::
classical_ext,svc,4,matern15_med_x3__svc__d4,matern15_med_x3,ood_test,fixed_c1,1.0,,0.00599980354309082,0.758,0.7457983193277311,0.7357790151763293,0.8124031007751938,0.7626050420168067,0.7226408665193215,full_v4_features,39,39,0,,ksf-v4-idsplit::
classical_ext,svc,4,matern15_med_x10__svc__d4,matern15_med_x10,id_val,fixed_c1,1.0,,0.0070002079010009766,0.8247011952191236,0.8242222222222222,0.8219858156028369,0.8439716312056738,0.9111746031746031,0.858879200742671,full_v4_features,39,39,0,,ksf-v4-idsplit::
classical_ext,svc,4,matern15_med_x10__svc__d4,matern15_med_x10,id_test,fixed_c1,1.0,,0.0070002079010009766,0.8755020080321285,0.8752258064516129,0.874847998443504,0.8838951310861424,0.9347096774193547,0.8973287125388738,full_v4_features,39,39,0,,ksf-v4-idsplit::
classical_ext,svc,4,matern15_med_x10__svc__d4,matern15_med_x10,ood_test,fixed_c1,1.0,,0.0070002079010009766,0.756,0.7438899223811662,0.7339311884988485,0.8105590062111802,0.7437135159407274,0.6503805919533272,full_v4_features,39,39,0,,ksf-v4-idsplit::
classical_ext,svc,4,matern25_med_x0.1__svc__d4,matern25_med_x0.1,id_val,fixed_c1,1.0,,0.010007381439208984,0.8884462151394422,0.8881904761904762,0.8879321342007909,0.8955223880597015,0.9568888888888889,0.936826646813453,full_v4_features,39,39,0,,ksf-v4-idsplit::
classical_ext,svc,4,matern25_med_x0.1__svc__d4,matern25_med_x0.1,id_test,fixed_c1,1.0,,0.010007381439208984,0.9036144578313253,0.9035161290322581,0.9035382231404958,0.90625,0.9627096774193549,0.9542996790407986,full_v4_features,39,39,0,,ksf-v4-idsplit::
classical_ext,svc,4,matern25_med_x0.1__svc__d4,matern25_med_x0.1,ood_test,fixed_c1,1.0,,0.010007381439208984,0.792,0.7872859067291038,0.7880803338549818,0.8169014084507042,0.8875328757457182,0.8644335545584866,full_v4_features,39,39,0,,ksf-v4-idsplit::
classical_ext,svc,4,matern25_med_x0.3__svc__d4,matern25_med_x0.3,id_val,fixed_c1,1.0,,0.00670313835144043,0.8685258964143426,0.868031746031746,0.8663536473207802,0.8833922261484098,0.957015873015873,0.9382670676325652,full_v4_features,39,39,0,,ksf-v4-idsplit::
classical_ext,svc,4,matern25_med_x0.3__svc__d4,matern25_med_x0.3,id_test,fixed_c1,1.0,,0.00670313835144043,0.9076305220883534,0.9072903225806452,0.9069037826942146,0.915129151291513,0.9550322580645162,0.931695853664383,full_v4_features,39,39,0,,ksf-v4-idsplit::
classical_ext,svc,4,matern25_med_x0.3__svc__d4,matern25_med_x0.3,ood_test,fixed_c1,1.0,,0.00670313835144043,0.786,0.7752100840336135,0.7702274962527755,0.8304278922345484,0.8835076015138881,0.8643471369999023,full_v4_features,39,39,0,,ksf-v4-idsplit::
classical_ext,svc,4,matern25_med_x3__svc__d4,matern25_med_x3,id_val,fixed_c1,1.0,,0.007001399993896484,0.848605577689243,0.848031746031746,0.8452427310488058,0.8680555555555556,0.843936507936508,0.7706364947436827,full_v4_features,39,39,0,,ksf-v4-idsplit::
classical_ext,svc,4,matern25_med_x3__svc__d4,matern25_med_x3,id_test,fixed_c1,1.0,,0.007001399993896484,0.8955823293172691,0.895258064516129,0.8948343079922028,0.9037037037037037,0.9013548387096775,0.8424988944534078,full_v4_features,39,39,0,,ksf-v4-idsplit::
classical_ext,svc,4,matern25_med_x3__svc__d4,matern25_med_x3,ood_test,fixed_c1,1.0,,0.007001399993896484,0.758,0.7457983193277311,0.7357790151763293,0.8124031007751938,0.6941272692283019,0.6522521980041771,full_v4_features,39,39,0,,ksf-v4-idsplit::
classical_ext,svc,4,matern25_med_x10__svc__d4,matern25_med_x10,id_val,fixed_c1,1.0,,0.008000850677490234,0.7131474103585658,0.7122539682539683,0.6975498728076048,0.7662337662337663,0.9107301587301588,0.895691541383932,full_v4_features,39,39,0,,ksf-v4-idsplit::
classical_ext,svc,4,matern25_med_x10__svc__d4,matern25_med_x10,id_test,fixed_c1,1.0,,0.008000850677490234,0.7188755020080321,0.7180967741935484,0.7075503355704698,0.7651006711409396,0.9117419354838711,0.9000576295884494,full_v4_features,39,39,0,,ksf-v4-idsplit::
classical_ext,svc,4,matern25_med_x10__svc__d4,matern25_med_x10,ood_test,fixed_c1,1.0,,0.008000850677490234,0.678,0.6619571492719225,0.6281944104456586,0.7642752562225475,0.8092565270382962,0.7399074320238938,full_v4_features,39,39,0,,ksf-v4-idsplit::
quantum,svc,4,zz_r1_full__as0.5__svc__d4,zz_r1_full__as0.5,id_val,fixed_c1,1.0,,0.008569955825805664,0.8725099601593626,0.872031746031746,0.8705351386202449,0.8865248226950354,0.9480000000000001,0.91951712269096,full_v4_features,39,39,0,,ksf-v4-idsplit::
quantum,svc,4,zz_r1_full__as0.5__svc__d4,zz_r1_full__as0.5,id_test,fixed_c1,1.0,,0.008569955825805664,0.9036144578313253,0.9032903225806452,0.9029239766081871,0.9111111111111111,0.9651612903225807,0.9547563133646885,full_v4_features,39,39,0,,ksf-v4-idsplit::
quantum,svc,4,zz_r1_full__as0.5__svc__d4,zz_r1_full__as0.5,ood_test,fixed_c1,1.0,,0.008569955825805664,0.788,0.7773109243697479,0.7726297726297726,0.8317460317460318,0.8723619218679839,0.8438491076645904,full_v4_features,39,39,0,,ksf-v4-idsplit::
quantum,svc,4,zz_r2_full__as0.5__svc__d4,zz_r2_full__as0.5,id_val,fixed_c1,1.0,,0.00755763053894043,0.8685258964143426,0.8681904761904762,0.8675080378137147,0.8791208791208791,0.957968253968254,0.9547766775344673,full_v4_features,39,39,0,,ksf-v4-idsplit::
quantum,svc,4,zz_r2_full__as0.5__svc__d4,zz_r2_full__as0.5,id_test,fixed_c1,1.0,,0.00755763053894043,0.8995983935742972,0.8994193548387097,0.8993646636597312,0.9042145593869731,0.9720645161290322,0.9720601281049973,full_v4_features,39,39,0,,ksf-v4-idsplit::
quantum,svc,4,zz_r2_full__as0.5__svc__d4,zz_r2_full__as0.5,ood_test,fixed_c1,1.0,,0.00755763053894043,0.798,0.7922413240105203,0.7928281622422146,0.8255613126079447,0.8853678876130604,0.862748149439966,full_v4_features,39,39,0,,ksf-v4-idsplit::
quantum,svc,4,pauli_xz_r1_full__as0.5__svc__d4,pauli_xz_r1_full__as0.5,id_val,fixed_c1,1.0,,0.008081912994384766,0.848605577689243,0.848031746031746,0.8452427310488058,0.8680555555555556,0.9171428571428571,0.8380125532132274,full_v4_features,39,39,0,,ksf-v4-idsplit::
quantum,svc,4,pauli_xz_r1_full__as0.5__svc__d4,pauli_xz_r1_full__as0.5,id_test,fixed_c1,1.0,,0.008081912994384766,0.9076305220883534,0.907258064516129,0.9067643467643467,0.9157509157509157,0.9372903225806452,0.8945539481444083,full_v4_features,39,39,0,,ksf-v4-idsplit::
quantum,svc,4,pauli_xz_r1_full__as0.5__svc__d4,pauli_xz_r1_full__as0.5,ood_test,fixed_c1,1.0,,0.008081912994384766,0.758,0.7457983193277311,0.7357790151763293,0.8124031007751938,0.850182821220091,0.761769398518586,full_v4_features,39,39,0,,ksf-v4-idsplit::
quantum,svc,4,zmap_r2__as0.5__svc__d4,zmap_r2__as0.5,id_val,fixed_c1,1.0,,0.00757145881652832,0.8645418326693227,0.864031746031746,0.8621591936942758,0.8802816901408451,0.9265396825396826,0.8870177780930272,full_v4_features,39,39,0,,ksf-v4-idsplit::
quantum,svc,4,zmap_r2__as0.5__svc__d4,zmap_r2__as0.5,id_test,fixed_c1,1.0,,0.00757145881652832,0.9036144578313253,0.9032258064516129,0.9026329509906152,0.9124087591240876,0.9441290322580645,0.8937932772432308,full_v4_features,39,39,0,,ksf-v4-idsplit::
quantum,svc,4,zmap_r2__as0.5__svc__d4,zmap_r2__as0.5,ood_test,fixed_c1,1.0,,0.00757145881652832,0.784,0.7731092436974789,0.7678178315905339,0.8291139240506329,0.843463339534287,0.7616670496345312,full_v4_features,39,39,0,,ksf-v4-idsplit::
quantum,svc,4,zz_r1_full__svc__d4,zz_r1_full,id_val,fixed_c1,1.0,,0.012549638748168945,0.8725099601593626,0.8722539682539683,0.8719224390866183,0.8805970149253731,0.944126984126984,0.9234140590554448,full_v4_features,39,39,0,,ksf-v4-idsplit::
quantum,svc,4,zz_r1_full__svc__d4,zz_r1_full,id_test,fixed_c1,1.0,,0.012549638748168945,0.8875502008032129,0.8873870967741936,0.8873303167420814,0.8923076923076924,0.9604516129032258,0.9527655122334124,full_v4_features,39,39,0,,ksf-v4-idsplit::
quantum,svc,4,zz_r1_full__svc__d4,zz_r1_full,ood_test,fixed_c1,1.0,,0.012549638748168945,0.79,0.784415292834691,0.7848986565384662,0.8180242634315424,0.8712874462762205,0.842424549199215,full_v4_features,39,39,0,,ksf-v4-idsplit::
quantum,svc,4,zz_r2_full__svc__d4,zz_r2_full,id_val,fixed_c1,1.0,,0.010986566543579102,0.8565737051792829,0.8562222222222222,0.855359200922013,0.8686131386861314,0.9462857142857143,0.9385133996628742,full_v4_features,39,39,0,,ksf-v4-idsplit::
quantum,svc,4,zz_r2_full__svc__d4,zz_r2_full,id_test,fixed_c1,1.0,,0.010986566543579102,0.8835341365461847,0.8833225806451613,0.8831647924925168,0.8897338403041825,0.9387096774193547,0.9184281895298035,full_v4_features,39,39,0,,ksf-v4-idsplit::
quantum,svc,4,zz_r2_full__svc__d4,zz_r2_full,ood_test,fixed_c1,1.0,,0.010986566543579102,0.776,0.7712489575983066,0.7717788210745957,0.8028169014084507,0.8711431137340432,0.848381744098832,full_v4_features,39,39,0,,ksf-v4-idsplit::
quantum,svc,4,pauli_xz_r1_full__svc__d4,pauli_xz_r1_full,id_val,fixed_c1,1.0,,0.006055116653442383,0.8685258964143426,0.868031746031746,0.8663536473207802,0.8833922261484098,0.9512380952380952,0.9239798853291921,full_v4_features,39,39,0,,ksf-v4-idsplit::
quantum,svc,4,pauli_xz_r1_full__svc__d4,pauli_xz_r1_full,id_test,fixed_c1,1.0,,0.006055116653442383,0.9116465863453815,0.9112903225806452,0.9108862571577303,0.9191176470588235,0.9519354838709677,0.9192585443417215,full_v4_features,39,39,0,,ksf-v4-idsplit::
quantum,svc,4,pauli_xz_r1_full__svc__d4,pauli_xz_r1_full,ood_test,fixed_c1,1.0,,0.006055116653442383,0.784,0.7731092436974789,0.7678178315905339,0.8291139240506329,0.8864744371030855,0.856228127176969,full_v4_features,39,39,0,,ksf-v4-idsplit::
quantum,svc,4,zmap_r2__svc__d4,zmap_r2,id_val,fixed_c1,1.0,,0.0069997310638427734,0.8565737051792829,0.856063492063492,0.8540509109704095,0.8732394366197183,0.9354285714285714,0.8768036474152999,full_v4_features,39,39,0,,ksf-v4-idsplit::
quantum,svc,4,zmap_r2__svc__d4,zmap_r2,id_test,fixed_c1,1.0,,0.0069997310638427734,0.9076305220883534,0.907258064516129,0.9067643467643467,0.9157509157509157,0.9471612903225807,0.8968784774253765,full_v4_features,39,39,0,,ksf-v4-idsplit::
quantum,svc,4,zmap_r2__svc__d4,zmap_r2,ood_test,fixed_c1,1.0,,0.0069997310638427734,0.786,0.7752100840336135,0.7702274962527755,0.8304278922345484,0.8485951632561421,0.768965360533596,full_v4_features,39,39,0,,ksf-v4-idsplit::
quantum,svc,4,zz_r1_full__as2__svc__d4,zz_r1_full__as2,id_val,fixed_c1,1.0,,0.00755000114440918,0.852589641434263,0.8524126984126985,0.8522519369362203,0.8593155893536122,0.9205714285714286,0.8883553332011642,full_v4_features,39,39,0,,ksf-v4-idsplit::
quantum,svc,4,zz_r1_full__as2__svc__d4,zz_r1_full__as2,id_test,fixed_c1,1.0,,0.00755000114440918,0.8835341365461847,0.883483870967742,0.8835040735661854,0.8853754940711462,0.9523225806451613,0.9419564263443,full_v4_features,39,39,0,,ksf-v4-idsplit::
quantum,svc,4,zz_r1_full__as2__svc__d4,zz_r1_full__as2,ood_test,fixed_c1,1.0,,0.00755000114440918,0.752,0.748733081018667,0.7492883022774327,0.7753623188405797,0.8514337032522933,0.8219261037803373,full_v4_features,39,39,0,,ksf-v4-idsplit::
quantum,svc,4,zz_r2_full__as2__svc__d4,zz_r2_full__as2,id_val,fixed_c1,1.0,,0.008997678756713867,0.8127490039840638,0.8125714285714285,0.8123200280000636,0.8212927756653993,0.9108571428571428,0.897193487277185,full_v4_features,39,39,0,,ksf-v4-idsplit::
quantum,svc,4,zz_r2_full__as2__svc__d4,zz_r2_full__as2,id_test,fixed_c1,1.0,,0.008997678756713867,0.8313253012048193,0.8313870967741935,0.8313008130081301,0.8292682926829268,0.9165161290322581,0.8989603153701728,full_v4_features,39,39,0,,ksf-v4-idsplit::
quantum,svc,4,zz_r2_full__as2__svc__d4,zz_r2_full__as2,ood_test,fixed_c1,1.0,,0.008997678756713867,0.772,0.7685868240425942,0.7693092227744411,0.7942238267148014,0.8534543588427738,0.8130949696702406,full_v4_features,39,39,0,,ksf-v4-idsplit::
quantum,svc,4,pauli_xz_r1_full__as2__svc__d4,pauli_xz_r1_full__as2,id_val,fixed_c1,1.0,,0.005544424057006836,0.848605577689243,0.848095238095238,0.8459426282465434,0.8661971830985915,0.9161904761904761,0.8720157599739665,full_v4_features,39,39,0,,ksf-v4-idsplit::
quantum,svc,4,pauli_xz_r1_full__as2__svc__d4,pauli_xz_r1_full__as2,id_test,fixed_c1,1.0,,0.005544424057006836,0.8955823293172691,0.8952258064516129,0.8946837584591358,0.9044117647058824,0.9526451612903226,0.9469595776798905,full_v4_features,39,39,0,,ksf-v4-idsplit::
quantum,svc,4,pauli_xz_r1_full__as2__svc__d4,pauli_xz_r1_full__as2,ood_test,fixed_c1,1.0,,0.005544424057006836,0.776,0.7652832125216499,0.7597597597597597,0.8222222222222222,0.7935403168901147,0.7552996512164147,full_v4_features,39,39,0,,ksf-v4-idsplit::
quantum,svc,4,zmap_r2__as2__svc__d4,zmap_r2__as2,id_val,fixed_c1,1.0,,0.006640434265136719,0.8764940239043825,0.8761904761904762,0.8757048609447133,0.8856088560885609,0.9332698412698414,0.8999952961503693,full_v4_features,39,39,0,,ksf-v4-idsplit::
quantum,svc,4,zmap_r2__as2__svc__d4,zmap_r2__as2,id_test,fixed_c1,1.0,,0.006640434265136719,0.8795180722891566,0.879258064516129,0.8789538501425979,0.8872180451127819,0.9476129032258064,0.9199213636027184,full_v4_features,39,39,0,,ksf-v4-idsplit::
quantum,svc,4,zmap_r2__as2__svc__d4,zmap_r2__as2,ood_test,fixed_c1,1.0,,0.006640434265136719,0.796,0.7860991724934249,0.7830857959475322,0.8360128617363344,0.8518185900314326,0.7984587168834081,full_v4_features,39,39,0,,ksf-v4-idsplit::
classical_ext,svc,6,linear__svc__d6,linear,id_val,fixed_c1,1.0,,0.009001493453979492,0.8047808764940239,0.8043492063492064,0.8023209090762975,0.8243727598566308,0.8717460317460318,0.8722315608262139,full_v4_features,39,39,0,,ksf-v4-idsplit::
classical_ext,svc,6,linear__svc__d6,linear,id_test,fixed_c1,1.0,,0.009001493453979492,0.8032128514056225,0.8030322580645162,0.8027547407730733,0.8122605363984674,0.8708387096774194,0.8567026311938867,full_v4_features,39,39,0,,ksf-v4-idsplit::
classical_ext,svc,6,linear__svc__d6,linear,ood_test,fixed_c1,1.0,,0.009001493453979492,0.716,0.707261530566425,0.7021012352309345,0.7664473684210527,0.6586856116492399,0.566184283862046,full_v4_features,39,39,0,,ksf-v4-idsplit::
classical_ext,svc,6,rbf_gscale__svc__d6,rbf_gscale,id_val,fixed_c1,1.0,,0.005387067794799805,0.8645418326693227,0.864031746031746,0.8621591936942758,0.8802816901408451,0.9497142857142856,0.9151409607269381,full_v4_features,39,39,0,,ksf-v4-idsplit::
classical_ext,svc,6,rbf_gscale__svc__d6,rbf_gscale,id_test,fixed_c1,1.0,,0.005387067794799805,0.9076305220883534,0.907258064516129,0.9067643467643467,0.9157509157509157,0.9667096774193549,0.9509648502228262,full_v4_features,39,39,0,,ksf-v4-idsplit::
classical_ext,svc,6,rbf_gscale__svc__d6,rbf_gscale,ood_test,fixed_c1,1.0,,0.005387067794799805,0.784,0.7731092436974789,0.7678178315905339,0.8291139240506329,0.8989191096285843,0.8494592491841467,full_v4_features,39,39,0,,ksf-v4-idsplit::
classical_ext,svc,6,poly2__svc__d6,poly2,id_val,fixed_c1,1.0,,0.007421255111694336,0.848605577689243,0.848031746031746,0.8452427310488058,0.8680555555555556,0.8652063492063491,0.7763255100348252,full_v4_features,39,39,0,,ksf-v4-idsplit::
classical_ext,svc,6,poly2__svc__d6,poly2,id_test,fixed_c1,1.0,,0.007421255111694336,0.9076305220883534,0.907258064516129,0.9067643467643467,0.9157509157509157,0.9025806451612903,0.8307401641010834,full_v4_features,39,39,0,,ksf-v4-idsplit::
classical_ext,svc,6,poly2__svc__d6,poly2,ood_test,fixed_c1,1.0,,0.007421255111694336,0.758,0.7457983193277311,0.7357790151763293,0.8124031007751938,0.7212297132593496,0.6260204686680872,full_v4_features,39,39,0,,ksf-v4-idsplit::
classical_ext,svc,6,poly3__svc__d6,poly3,id_val,fixed_c1,1.0,,0.0074770450592041016,0.848605577689243,0.848031746031746,0.8452427310488058,0.8680555555555556,0.870984126984127,0.7839237712783368,full_v4_features,39,39,0,,ksf-v4-idsplit::
classical_ext,svc,6,poly3__svc__d6,poly3,id_test,fixed_c1,1.0,,0.0074770450592041016,0.9036144578313253,0.9032258064516129,0.9026329509906152,0.9124087591240876,0.9141935483870969,0.8426873999385036,full_v4_features,39,39,0,,ksf-v4-idsplit::
classical_ext,svc,6,poly3__svc__d6,poly3,ood_test,fixed_c1,1.0,,0.0074770450592041016,0.758,0.7457983193277311,0.7357790151763293,0.8124031007751938,0.7423503752646096,0.6787698530209175,full_v4_features,39,39,0,,ksf-v4-idsplit::
classical_ext,svc,6,laplacian_med__svc__d6,laplacian_med,id_val,fixed_c1,1.0,,0.007067680358886719,0.8645418326693227,0.864031746031746,0.8621591936942758,0.8802816901408451,0.9707936507936508,0.9716394473789721,full_v4_features,39,39,0,,ksf-v4-idsplit::
classical_ext,svc,6,laplacian_med__svc__d6,laplacian_med,id_test,fixed_c1,1.0,,0.007067680358886719,0.9076305220883534,0.907258064516129,0.9067643467643467,0.9157509157509157,0.9676774193548388,0.9540371119003641,full_v4_features,39,39,0,,ksf-v4-idsplit::
classical_ext,svc,6,laplacian_med__svc__d6,laplacian_med,ood_test,fixed_c1,1.0,,0.007067680358886719,0.784,0.7731092436974789,0.7678178315905339,0.8291139240506329,0.8917024825197255,0.8772447681405349,full_v4_features,39,39,0,,ksf-v4-idsplit::
classical_ext,svc,6,matern15_med__svc__d6,matern15_med,id_val,fixed_c1,1.0,,0.004998922348022461,0.848605577689243,0.848031746031746,0.8452427310488058,0.8680555555555556,0.9453968253968253,0.9034953837358347,full_v4_features,39,39,0,,ksf-v4-idsplit::
classical_ext,svc,6,matern15_med__svc__d6,matern15_med,id_test,fixed_c1,1.0,,0.004998922348022461,0.9076305220883534,0.907258064516129,0.9067643467643467,0.9157509157509157,0.9654838709677419,0.9478616090657159,full_v4_features,39,39,0,,ksf-v4-idsplit::
classical_ext,svc,6,matern15_med__svc__d6,matern15_med,ood_test,fixed_c1,1.0,,0.004998922348022461,0.76,0.7478991596638656,0.7382929722939493,0.8136645962732919,0.8671819872987363,0.817674562543388,full_v4_features,39,39,0,,ksf-v4-idsplit::
classical_ext,svc,6,matern25_med__svc__d6,matern25_med,id_val,fixed_c1,1.0,,0.0060002803802490234,0.848605577689243,0.848031746031746,0.8452427310488058,0.8680555555555556,0.9158730158730158,0.849198588551644,full_v4_features,39,39,0,,ksf-v4-idsplit::
classical_ext,svc,6,matern25_med__svc__d6,matern25_med,id_test,fixed_c1,1.0,,0.0060002803802490234,0.9076305220883534,0.907258064516129,0.9067643467643467,0.9157509157509157,0.9443225806451613,0.9210218643192651,full_v4_features,39,39,0,,ksf-v4-idsplit::
classical_ext,svc,6,matern25_med__svc__d6,matern25_med,ood_test,fixed_c1,1.0,,0.0060002803802490234,0.758,0.7457983193277311,0.7357790151763293,0.8124031007751938,0.8308582975174802,0.7594489138442251,full_v4_features,39,39,0,,ksf-v4-idsplit::
classical_ext,svc,6,rbf_gscale_x0.1__svc__d6,rbf_gscale_x0.1,id_val,fixed_c1,1.0,,0.007274150848388672,0.848605577689243,0.848031746031746,0.8452427310488058,0.8680555555555556,0.8648253968253967,0.8014192611866685,full_v4_features,39,39,0,,ksf-v4-idsplit::
classical_ext,svc,6,rbf_gscale_x0.1__svc__d6,rbf_gscale_x0.1,id_test,fixed_c1,1.0,,0.007274150848388672,0.9036144578313253,0.903258064516129,0.9027850078084331,0.9117647058823529,0.9198709677419354,0.8737126285379669,full_v4_features,39,39,0,,ksf-v4-idsplit::
classical_ext,svc,6,rbf_gscale_x0.1__svc__d6,rbf_gscale_x0.1,ood_test,fixed_c1,1.0,,0.007274150848388672,0.758,0.7457983193277311,0.7357790151763293,0.8124031007751938,0.7194015010584386,0.6705309748000532,full_v4_features,39,39,0,,ksf-v4-idsplit::
classical_ext,svc,6,rbf_gscale_x0.3__svc__d6,rbf_gscale_x0.3,id_val,fixed_c1,1.0,,0.006520986557006836,0.848605577689243,0.848031746031746,0.8452427310488058,0.8680555555555556,0.8882539682539682,0.8035831702886886,full_v4_features,39,39,0,,ksf-v4-idsplit::
classical_ext,svc,6,rbf_gscale_x0.3__svc__d6,rbf_gscale_x0.3,id_test,fixed_c1,1.0,,0.006520986557006836,0.9076305220883534,0.907258064516129,0.9067643467643467,0.9157509157509157,0.9287096774193548,0.8754188263457335,full_v4_features,39,39,0,,ksf-v4-idsplit::
classical_ext,svc,6,rbf_gscale_x0.3__svc__d6,rbf_gscale_x0.3,ood_test,fixed_c1,1.0,,0.006520986557006836,0.758,0.7457983193277311,0.7357790151763293,0.8124031007751938,0.7717781769196229,0.7110702308752637,full_v4_features,39,39,0,,ksf-v4-idsplit::
classical_ext,svc,6,rbf_gscale_x3__svc__d6,rbf_gscale_x3,id_val,fixed_c1,1.0,,0.006406307220458984,0.8725099601593626,0.872063492063492,0.8707850707850708,0.8857142857142857,0.9597460317460318,0.9270593603026166,full_v4_features,39,39,0,,ksf-v4-idsplit::
classical_ext,svc,6,rbf_gscale_x3__svc__d6,rbf_gscale_x3,id_test,fixed_c1,1.0,,0.006406307220458984,0.9036144578313253,0.9032903225806452,0.9029239766081871,0.9111111111111111,0.967741935483871,0.9570343009522195,full_v4_features,39,39,0,,ksf-v4-idsplit::
classical_ext,svc,6,rbf_gscale_x3__svc__d6,rbf_gscale_x3,ood_test,fixed_c1,1.0,,0.006406307220458984,0.784,0.7734941304766181,0.7688514485309226,0.8280254777070064,0.8983257425107448,0.8869799478591726,full_v4_features,39,39,0,,ksf-v4-idsplit::
classical_ext,svc,6,rbf_gscale_x10__svc__d6,rbf_gscale_x10,id_val,fixed_c1,1.0,,0.007234096527099609,0.8844621513944223,0.8841269841269841,0.8835676695938706,0.8937728937728938,0.9588571428571429,0.9331576711498255,full_v4_features,39,39,0,,ksf-v4-idsplit::
classical_ext,svc,6,rbf_gscale_x10__svc__d6,rbf_gscale_x10,id_test,fixed_c1,1.0,,0.007234096527099609,0.9116465863453815,0.9114516129032257,0.9114050976840471,0.916030534351145,0.9638709677419355,0.9407861143050193,full_v4_features,39,39,0,,ksf-v4-idsplit::
classical_ext,svc,6,rbf_gscale_x10__svc__d6,rbf_gscale_x10,ood_test,fixed_c1,1.0,,0.007234096527099609,0.796,0.7878311629995509,0.786775035119406,0.8311258278145696,0.8919590737058182,0.8782975724020924,full_v4_features,39,39,0,,ksf-v4-idsplit::
classical_ext,svc,6,laplacian_med_x0.1__svc__d6,laplacian_med_x0.1,id_val,fixed_c1,1.0,,0.010472774505615234,0.8844621513944223,0.8841904761904762,0.8838648946184406,0.8921933085501859,0.9630476190476192,0.9598423881726176,full_v4_features,39,39,0,,ksf-v4-idsplit::
classical_ext,svc,6,laplacian_med_x0.1__svc__d6,laplacian_med_x0.1,id_test,fixed_c1,1.0,,0.010472774505615234,0.8955823293172691,0.8955161290322581,0.8955402091132051,0.8976377952755905,0.9696129032258064,0.9682310203024938,full_v4_features,39,39,0,,ksf-v4-idsplit::
classical_ext,svc,6,laplacian_med_x0.1__svc__d6,laplacian_med_x0.1,ood_test,fixed_c1,1.0,,0.010472774505615234,0.786,0.7811758291102701,0.7818454650361484,0.81195079086116,0.8923439604849573,0.8709287831528936,full_v4_features,39,39,0,,ksf-v4-idsplit::
classical_ext,svc,6,laplacian_med_x0.3__svc__d6,laplacian_med_x0.3,id_val,fixed_c1,1.0,,0.006071329116821289,0.8725099601593626,0.8721904761904762,0.8716112531969309,0.8823529411764706,0.9686349206349206,0.9684152234079977,full_v4_features,39,39,0,,ksf-v4-idsplit::
classical_ext,svc,6,laplacian_med_x0.3__svc__d6,laplacian_med_x0.3,id_test,fixed_c1,1.0,,0.006071329116821289,0.9036144578313253,0.903483870967742,0.9034883720930232,0.9069767441860465,0.9683225806451612,0.9550206946562051,full_v4_features,39,39,0,,ksf-v4-idsplit::
classical_ext,svc,6,laplacian_med_x0.3__svc__d6,laplacian_med_x0.3,ood_test,fixed_c1,1.0,,0.006071329116821289,0.79,0.7832606324972737,0.7831286480859554,0.8217317487266553,0.897347488613766,0.8878993884088731,full_v4_features,39,39,0,,ksf-v4-idsplit::
classical_ext,svc,6,laplacian_med_x3__svc__d6,laplacian_med_x3,id_val,fixed_c1,1.0,,0.005947113037109375,0.848605577689243,0.848031746031746,0.8452427310488058,0.8680555555555556,0.9367619047619047,0.8962580268821654,full_v4_features,39,39,0,,ksf-v4-idsplit::
classical_ext,svc,6,laplacian_med_x3__svc__d6,laplacian_med_x3,id_test,fixed_c1,1.0,,0.005947113037109375,0.9036144578313253,0.9032258064516129,0.9026329509906152,0.9124087591240876,0.9589032258064516,0.9334828653663686,full_v4_features,39,39,0,,ksf-v4-idsplit::
classical_ext,svc,6,laplacian_med_x3__svc__d6,laplacian_med_x3,ood_test,fixed_c1,1.0,,0.005947113037109375,0.758,0.7457983193277311,0.7357790151763293,0.8124031007751938,0.8549137212136764,0.7861212016307562,full_v4_features,39,39,0,,ksf-v4-idsplit::
classical_ext,svc,6,laplacian_med_x10__svc__d6,laplacian_med_x10,id_val,fixed_c1,1.0,,0.005999326705932617,0.848605577689243,0.848031746031746,0.8452427310488058,0.8680555555555556,0.8975873015873015,0.8199137058370078,full_v4_features,39,39,0,,ksf-v4-idsplit::
classical_ext,svc,6,laplacian_med_x10__svc__d6,laplacian_med_x10,id_test,fixed_c1,1.0,,0.005999326705932617,0.9036144578313253,0.9032258064516129,0.9026329509906152,0.9124087591240876,0.9338709677419355,0.8826978916618586,full_v4_features,39,39,0,,ksf-v4-idsplit::
classical_ext,svc,6,laplacian_med_x10__svc__d6,laplacian_med_x10,ood_test,fixed_c1,1.0,,0.005999326705932617,0.758,0.7457983193277311,0.7357790151763293,0.8124031007751938,0.7848322535120918,0.6958266806168837,full_v4_features,39,39,0,,ksf-v4-idsplit::
classical_ext,svc,6,matern15_med_x0.1__svc__d6,matern15_med_x0.1,id_val,fixed_c1,1.0,,0.01101231575012207,0.8804780876494024,0.8802222222222222,0.8799272866437046,0.8880597014925373,0.9596190476190477,0.940831081121254,full_v4_features,39,39,0,,ksf-v4-idsplit::
classical_ext,svc,6,matern15_med_x0.1__svc__d6,matern15_med_x0.1,id_test,fixed_c1,1.0,,0.01101231575012207,0.8875502008032129,0.887483870967742,0.8875048405834516,0.889763779527559,0.9608387096774192,0.9422357921191749,full_v4_features,39,39,0,,ksf-v4-idsplit::
classical_ext,svc,6,matern15_med_x0.1__svc__d6,matern15_med_x0.1,ood_test,fixed_c1,1.0,,0.01101231575012207,0.8,0.7953043812945025,0.7962310902451748,0.823943661971831,0.8880781320161653,0.8699137005093105,full_v4_features,39,39,0,,ksf-v4-idsplit::
classical_ext,svc,6,matern15_med_x0.3__svc__d6,matern15_med_x0.3,id_val,fixed_c1,1.0,,0.00601649284362793,0.8804780876494024,0.8801269841269841,0.8794660007683442,0.8905109489051095,0.9599365079365079,0.9356288320257259,full_v4_features,39,39,0,,ksf-v4-idsplit::
classical_ext,svc,6,matern15_med_x0.3__svc__d6,matern15_med_x0.3,id_test,fixed_c1,1.0,,0.00601649284362793,0.9036144578313253,0.9033870967741935,0.9032634032634033,0.9090909090909091,0.9627741935483871,0.937189732290785,full_v4_features,39,39,0,,ksf-v4-idsplit::
classical_ext,svc,6,matern15_med_x0.3__svc__d6,matern15_med_x0.3,ood_test,fixed_c1,1.0,,0.00601649284362793,0.794,0.7853454358842773,0.7837215845858583,0.8308702791461412,0.8985823336968375,0.8893671555252527,full_v4_features,39,39,0,,ksf-v4-idsplit::
classical_ext,svc,6,matern15_med_x3__svc__d6,matern15_med_x3,id_val,fixed_c1,1.0,,0.005997896194458008,0.848605577689243,0.848031746031746,0.8452427310488058,0.8680555555555556,0.8772698412698412,0.8175846121379473,full_v4_features,39,39,0,,ksf-v4-idsplit::
classical_ext,svc,6,matern15_med_x3__svc__d6,matern15_med_x3,id_test,fixed_c1,1.0,,0.005997896194458008,0.9076305220883534,0.907258064516129,0.9067643467643467,0.9157509157509157,0.9141935483870968,0.8553552469313825,full_v4_features,39,39,0,,ksf-v4-idsplit::
classical_ext,svc,6,matern15_med_x3__svc__d6,matern15_med_x3,ood_test,fixed_c1,1.0,,0.005997896194458008,0.758,0.7457983193277311,0.7357790151763293,0.8124031007751938,0.7474340881390724,0.7099723362202575,full_v4_features,39,39,0,,ksf-v4-idsplit::
classical_ext,svc,6,matern15_med_x10__svc__d6,matern15_med_x10,id_val,fixed_c1,1.0,,0.007999897003173828,0.8127490039840638,0.8123492063492064,0.8107180104292018,0.8303249097472925,0.9272380952380952,0.8931773031546208,full_v4_features,39,39,0,,ksf-v4-idsplit::
classical_ext,svc,6,matern15_med_x10__svc__d6,matern15_med_x10,id_test,fixed_c1,1.0,,0.007999897003173828,0.8634538152610441,0.8632580645161291,0.8630806055117092,0.8702290076335878,0.9381290322580644,0.9164628542312031,full_v4_features,39,39,0,,ksf-v4-idsplit::
classical_ext,svc,6,matern15_med_x10__svc__d6,matern15_med_x10,ood_test,fixed_c1,1.0,,0.007999897003173828,0.756,0.7438899223811662,0.7339311884988485,0.8105590062111802,0.8066745782282378,0.7345967587972073,full_v4_features,39,39,0,,ksf-v4-idsplit::
classical_ext,svc,6,matern25_med_x0.1__svc__d6,matern25_med_x0.1,id_val,fixed_c1,1.0,,0.0076313018798828125,0.8844621513944223,0.8841904761904762,0.8838648946184406,0.8921933085501859,0.957015873015873,0.9334970578243568,full_v4_features,39,39,0,,ksf-v4-idsplit::
classical_ext,svc,6,matern25_med_x0.1__svc__d6,matern25_med_x0.1,id_test,fixed_c1,1.0,,0.0076313018798828125,0.891566265060241,0.8915161290322581,0.891538275389207,0.8932806324110671,0.9578709677419355,0.9321115276344706,full_v4_features,39,39,0,,ksf-v4-idsplit::
classical_ext,svc,6,matern25_med_x0.1__svc__d6,matern25_med_x0.1,ood_test,fixed_c1,1.0,,0.0076313018798828125,0.804,0.7993136185772018,0.8003064684402712,0.8274647887323944,0.8900827506575149,0.8758553907543629,full_v4_features,39,39,0,,ksf-v4-idsplit::
classical_ext,svc,6,matern25_med_x0.3__svc__d6,matern25_med_x0.3,id_val,fixed_c1,1.0,,0.007020711898803711,0.8764940239043825,0.876095238095238,0.8751544324107501,0.8880866425992779,0.953968253968254,0.9230776967775263,full_v4_features,39,39,0,,ksf-v4-idsplit::
classical_ext,svc,6,matern25_med_x0.3__svc__d6,matern25_med_x0.3,id_test,fixed_c1,1.0,,0.007020711898803711,0.9036144578313253,0.9033225806451612,0.9030499675535366,0.9104477611940298,0.964,0.9443350762273143,full_v4_features,39,39,0,,ksf-v4-idsplit::
classical_ext,svc,6,matern25_med_x0.3__svc__d6,matern25_med_x0.3,ood_test,fixed_c1,1.0,,0.007020711898803711,0.792,0.7824748219898647,0.7797319507277318,0.8317152103559871,0.9016453909808199,0.8927263728242818,full_v4_features,39,39,0,,ksf-v4-idsplit::
classical_ext,svc,6,matern25_med_x3__svc__d6,matern25_med_x3,id_val,fixed_c1,1.0,,0.007005453109741211,0.8286852589641435,0.8282222222222222,0.8262024766106826,0.8469750889679716,0.8679999999999999,0.7957725604557624,full_v4_features,39,39,0,,ksf-v4-idsplit::
classical_ext,svc,6,matern25_med_x3__svc__d6,matern25_med_x3,id_test,fixed_c1,1.0,,0.007005453109741211,0.891566265060241,0.891258064516129,0.8908621613285499,0.8996282527881041,0.9206451612903226,0.8774797451137741,full_v4_features,39,39,0,,ksf-v4-idsplit::
classical_ext,svc,6,matern25_med_x3__svc__d6,matern25_med_x3,ood_test,fixed_c1,1.0,,0.007005453109741211,0.758,0.7457983193277311,0.7357790151763293,0.8124031007751938,0.7043588427737507,0.6129493047148031,full_v4_features,39,39,0,,ksf-v4-idsplit::
classical_ext,svc,6,matern25_med_x10__svc__d6,matern25_med_x10,id_val,fixed_c1,1.0,,0.008514881134033203,0.7370517928286853,0.7363809523809524,0.7291012558869702,0.7755102040816326,0.9065396825396825,0.8854970274676424,full_v4_features,39,39,0,,ksf-v4-idsplit::
classical_ext,svc,6,matern25_med_x10__svc__d6,matern25_med_x10,id_test,fixed_c1,1.0,,0.008514881134033203,0.7349397590361446,0.7344193548387097,0.7302009456264775,0.7659574468085106,0.9112903225806452,0.8994015057254733,full_v4_features,39,39,0,,ksf-v4-idsplit::
classical_ext,svc,6,matern25_med_x10__svc__d6,matern25_med_x10,ood_test,fixed_c1,1.0,,0.008514881134033203,0.712,0.6976714349862083,0.6763230296164429,0.7837837837837838,0.8169221887228173,0.7457391751986703,full_v4_features,39,39,0,,ksf-v4-idsplit::
quantum,svc,6,zz_r1_full__as0.5__svc__d6,zz_r1_full__as0.5,id_val,fixed_c1,1.0,,0.008510828018188477,0.8764940239043825,0.8761904761904762,0.8757048609447133,0.8856088560885609,0.9507301587301586,0.9408457903154088,full_v4_features,39,39,0,,ksf-v4-idsplit::
quantum,svc,6,zz_r1_full__as0.5__svc__d6,zz_r1_full__as0.5,id_test,fixed_c1,1.0,,0.008510828018188477,0.8995983935742972,0.899483870967742,0.8994946477872677,0.9027237354085603,0.9592258064516129,0.9150866458313492,full_v4_features,39,39,0,,ksf-v4-idsplit::
quantum,svc,6,zz_r1_full__as0.5__svc__d6,zz_r1_full__as0.5,ood_test,fixed_c1,1.0,,0.008510828018188477,0.792,0.7865161331708256,0.78708071278826,0.8194444444444444,0.880268137789467,0.8680175986406294,full_v4_features,39,39,0,,ksf-v4-idsplit::
quantum,svc,6,zz_r2_full__as0.5__svc__d6,zz_r2_full__as0.5,id_val,fixed_c1,1.0,,0.009000539779663086,0.8804780876494024,0.8801904761904762,0.8797892720306513,0.8888888888888888,0.9506031746031747,0.9415471275253304,full_v4_features,39,39,0,,ksf-v4-idsplit::
quantum,svc,6,zz_r2_full__as0.5__svc__d6,zz_r2_full__as0.5,id_test,fixed_c1,1.0,,0.009000539779663086,0.8995983935742972,0.899483870967742,0.8994946477872677,0.9027237354085603,0.955741935483871,0.9126739018401141,full_v4_features,39,39,0,,ksf-v4-idsplit::
quantum,svc,6,zz_r2_full__as0.5__svc__d6,zz_r2_full__as0.5,ood_test,fixed_c1,1.0,,0.009000539779663086,0.8,0.7949194945153634,0.7957649826808706,0.8251748251748252,0.8775097825389698,0.8574348840361095,full_v4_features,39,39,0,,ksf-v4-idsplit::
quantum,svc,6,pauli_xz_r1_full__as0.5__svc__d6,pauli_xz_r1_full__as0.5,id_val,fixed_c1,1.0,,0.0069997310638427734,0.8645418326693227,0.864031746031746,0.8621591936942758,0.8802816901408451,0.9395555555555555,0.8978477581445244,full_v4_features,39,39,0,,ksf-v4-idsplit::
quantum,svc,6,pauli_xz_r1_full__as0.5__svc__d6,pauli_xz_r1_full__as0.5,id_test,fixed_c1,1.0,,0.0069997310638427734,0.9076305220883534,0.907258064516129,0.9067643467643467,0.9157509157509157,0.9606451612903226,0.9438241944056851,full_v4_features,39,39,0,,ksf-v4-idsplit::
quantum,svc,6,pauli_xz_r1_full__as0.5__svc__d6,pauli_xz_r1_full__as0.5,ood_test,fixed_c1,1.0,,0.0069997310638427734,0.78,0.76890756302521,0.7629759873127511,0.8264984227129337,0.886747065238309,0.8387212173174285,full_v4_features,39,39,0,,ksf-v4-idsplit::
quantum,svc,6,zmap_r2__as0.5__svc__d6,zmap_r2__as0.5,id_val,fixed_c1,1.0,,0.006484508514404297,0.8645418326693227,0.864031746031746,0.8621591936942758,0.8802816901408451,0.9694603174603175,0.9536845933009285,full_v4_features,39,39,0,,ksf-v4-idsplit::
quantum,svc,6,zmap_r2__as0.5__svc__d6,zmap_r2__as0.5,id_test,fixed_c1,1.0,,0.006484508514404297,0.9076305220883534,0.907258064516129,0.9067643467643467,0.9157509157509157,0.965741935483871,0.9516243925972342,full_v4_features,39,39,0,,ksf-v4-idsplit::
quantum,svc,6,zmap_r2__as0.5__svc__d6,zmap_r2__as0.5,ood_test,fixed_c1,1.0,,0.006484508514404297,0.784,0.7731092436974789,0.7678178315905339,0.8291139240506329,0.8981653730194368,0.8751666608386867,full_v4_features,39,39,0,,ksf-v4-idsplit::
quantum,svc,6,zz_r1_full__svc__d6,zz_r1_full,id_val,fixed_c1,1.0,,0.008999824523925781,0.8924302788844621,0.8922222222222222,0.8920945784571293,0.8981132075471698,0.9619682539682539,0.9613389805808709,full_v4_features,39,39,0,,ksf-v4-idsplit::
quantum,svc,6,zz_r1_full__svc__d6,zz_r1_full,id_test,fixed_c1,1.0,,0.008999824523925781,0.8995983935742972,0.8995161290322581,0.8995400629387558,0.9019607843137255,0.9469032258064516,0.9011260700567829,full_v4_features,39,39,0,,ksf-v4-idsplit::
quantum,svc,6,zz_r1_full__svc__d6,zz_r1_full,ood_test,fixed_c1,1.0,,0.008999824523925781,0.798,0.7928186541792289,0.7936003858242293,0.8237347294938918,0.8773494130476618,0.8465532772544578,full_v4_features,39,39,0,,ksf-v4-idsplit::
quantum,svc,6,zz_r2_full__svc__d6,zz_r2_full,id_val,fixed_c1,1.0,,0.01018524169921875,0.8764940239043825,0.8763492063492063,0.8762976741228279,0.8812260536398467,0.9448253968253968,0.9329581084166858,full_v4_features,39,39,0,,ksf-v4-idsplit::
quantum,svc,6,zz_r2_full__svc__d6,zz_r2_full,id_test,fixed_c1,1.0,,0.01018524169921875,0.8955823293172691,0.8956129032258064,0.8955806451612903,0.8951612903225806,0.9534193548387097,0.9288164732407442,full_v4_features,39,39,0,,ksf-v4-idsplit::
quantum,svc,6,zz_r2_full__svc__d6,zz_r2_full,ood_test,fixed_c1,1.0,,0.01018524169921875,0.794,0.7901565206235166,0.7910911532173991,0.815742397137746,0.8800917313490282,0.851572124289045,full_v4_features,39,39,0,,ksf-v4-idsplit::
quantum,svc,6,pauli_xz_r1_full__svc__d6,pauli_xz_r1_full,id_val,fixed_c1,1.0,,0.0055692195892333984,0.8764940239043825,0.876063492063492,0.8749377179870453,0.8888888888888888,0.9620952380952381,0.9383423785495695,full_v4_features,39,39,0,,ksf-v4-idsplit::
quantum,svc,6,pauli_xz_r1_full__svc__d6,pauli_xz_r1_full,id_test,fixed_c1,1.0,,0.0055692195892333984,0.8995983935742972,0.8992903225806452,0.8989464456745833,0.9070631970260223,0.9631612903225806,0.9488477637688029,full_v4_features,39,39,0,,ksf-v4-idsplit::
quantum,svc,6,pauli_xz_r1_full__svc__d6,pauli_xz_r1_full,ood_test,fixed_c1,1.0,,0.0055692195892333984,0.79,0.7797966514850214,0.776,0.832,0.9095034960549105,0.9055348261503708,full_v4_features,39,39,0,,ksf-v4-idsplit::
quantum,svc,6,zmap_r2__svc__d6,zmap_r2,id_val,fixed_c1,1.0,,0.009007692337036133,0.8725099601593626,0.872063492063492,0.8707850707850708,0.8857142857142857,0.9613333333333333,0.953972147556139,full_v4_features,39,39,0,,ksf-v4-idsplit::
quantum,svc,6,zmap_r2__svc__d6,zmap_r2,id_test,fixed_c1,1.0,,0.009007692337036133,0.9076305220883534,0.9072903225806452,0.9069037826942146,0.915129151291513,0.9667096774193549,0.9396256431347615,full_v4_features,39,39,0,,ksf-v4-idsplit::
quantum,svc,6,zmap_r2__svc__d6,zmap_r2,ood_test,fixed_c1,1.0,,0.009007692337036133,0.792,0.7815126050420168,0.7774125059927403,0.8343949044585988,0.8702450445827186,0.8306602769118452,full_v4_features,39,39,0,,ksf-v4-idsplit::
quantum,svc,6,zz_r1_full__as2__svc__d6,zz_r1_full__as2,id_val,fixed_c1,1.0,,0.010021686553955078,0.8844621513944223,0.8842857142857143,0.8841974640851455,0.8897338403041825,0.9434920634920634,0.92328630433439,full_v4_features,39,39,0,,ksf-v4-idsplit::
quantum,svc,6,zz_r1_full__as2__svc__d6,zz_r1_full__as2,id_test,fixed_c1,1.0,,0.010021686553955078,0.8955823293172691,0.8955161290322581,0.8955402091132051,0.8976377952755905,0.9545161290322579,0.9571988879084392,full_v4_features,39,39,0,,ksf-v4-idsplit::
quantum,svc,6,zz_r1_full__as2__svc__d6,zz_r1_full__as2,ood_test,fixed_c1,1.0,,0.010021686553955078,0.792,0.7869010199499648,0.7875955819881053,0.8181818181818182,0.8735967669510553,0.8428530832380864,full_v4_features,39,39,0,,ksf-v4-idsplit::
quantum,svc,6,zz_r2_full__as2__svc__d6,zz_r2_full__as2,id_val,fixed_c1,1.0,,0.013775825500488281,0.848605577689243,0.8485714285714285,0.8485839471678944,0.8503937007874016,0.9281269841269841,0.9267969267696189,full_v4_features,39,39,0,,ksf-v4-idsplit::
quantum,svc,6,zz_r2_full__as2__svc__d6,zz_r2_full__as2,id_test,fixed_c1,1.0,,0.013775825500488281,0.8232931726907631,0.8234516129032259,0.8230620155038759,0.8166666666666667,0.9268387096774194,0.9206688333958005,full_v4_features,39,39,0,,ksf-v4-idsplit::
quantum,svc,6,zz_r2_full__as2__svc__d6,zz_r2_full__as2,ood_test,fixed_c1,1.0,,0.013775825500488281,0.782,0.778321252164988,0.77912956786396,0.8043087971274686,0.8735326191545321,0.8574517775604247,full_v4_features,39,39,0,,ksf-v4-idsplit::
quantum,svc,6,pauli_xz_r1_full__as2__svc__d6,pauli_xz_r1_full__as2,id_val,fixed_c1,1.0,,0.00700068473815918,0.8725099601593626,0.8721587301587301,0.8714304008195672,0.8832116788321168,0.9471111111111112,0.9129298277923155,full_v4_features,39,39,0,,ksf-v4-idsplit::
quantum,svc,6,pauli_xz_r1_full__as2__svc__d6,pauli_xz_r1_full__as2,id_test,fixed_c1,1.0,,0.00700068473815918,0.8995983935742972,0.899483870967742,0.8994946477872677,0.9027237354085603,0.9589677419354838,0.9519515691570616,full_v4_features,39,39,0,,ksf-v4-idsplit::
quantum,svc,6,pauli_xz_r1_full__as2__svc__d6,pauli_xz_r1_full__as2,ood_test,fixed_c1,1.0,,0.00700068473815918,0.8,0.7933799473988068,0.793606763093587,0.8299319727891157,0.8966418628520111,0.8889164373986795,full_v4_features,39,39,0,,ksf-v4-idsplit::
quantum,svc,6,zmap_r2__as2__svc__d6,zmap_r2__as2,id_val,fixed_c1,1.0,,0.009519577026367188,0.8645418326693227,0.8642857142857143,0.8639175915295318,0.8731343283582089,0.9499682539682539,0.9391345630444274,full_v4_features,39,39,0,,ksf-v4-idsplit::
quantum,svc,6,zmap_r2__as2__svc__d6,zmap_r2__as2,id_test,fixed_c1,1.0,,0.009519577026367188,0.8875502008032129,0.8874516129032258,0.8874612603305785,0.890625,0.9541935483870968,0.9226941507134595,full_v4_features,39,39,0,,ksf-v4-idsplit::
quantum,svc,6,zmap_r2__as2__svc__d6,zmap_r2__as2,ood_test,fixed_c1,1.0,,0.009519577026367188,0.802,0.7950959009558022,0.7952167599568094,0.8324873096446701,0.8934184360767208,0.8749385695959829,full_v4_features,39,39,0,,ksf-v4-idsplit::
classical_ext,svc,8,linear__svc__d8,linear,id_val,fixed_c1,1.0,,0.00877833366394043,0.848605577689243,0.8483174603174604,0.8477330779054917,0.8592592592592593,0.8638730158730159,0.7730418848527199,full_v4_features,39,39,0,,ksf-v4-idsplit::
classical_ext,svc,8,linear__svc__d8,linear,id_test,fixed_c1,1.0,,0.00877833366394043,0.8514056224899599,0.8513225806451613,0.8513192931493585,0.8549019607843137,0.8928387096774194,0.8303275711223368,full_v4_features,39,39,0,,ksf-v4-idsplit::
classical_ext,svc,8,linear__svc__d8,linear,ood_test,fixed_c1,1.0,,0.00877833366394043,0.784,0.7733016870870486,0.7683397683397684,0.8285714285714286,0.7129225736095965,0.6255928230854291,full_v4_features,39,39,0,,ksf-v4-idsplit::
classical_ext,svc,8,rbf_gscale__svc__d8,rbf_gscale,id_val,fixed_c1,1.0,,0.011831283569335938,0.8565737051792829,0.856031746031746,0.8537296037296038,0.8741258741258742,0.9403174603174602,0.8992015146394418,full_v4_features,39,39,0,,ksf-v4-idsplit::
classical_ext,svc,8,rbf_gscale__svc__d8,rbf_gscale,id_test,fixed_c1,1.0,,0.011831283569335938,0.9076305220883534,0.907258064516129,0.9067643467643467,0.9157509157509157,0.9646451612903226,0.954322355449004,full_v4_features,39,39,0,,ksf-v4-idsplit::
classical_ext,svc,8,rbf_gscale__svc__d8,rbf_gscale,ood_test,fixed_c1,1.0,,0.011831283569335938,0.772,0.7605042016806722,0.7531997436741198,0.8213166144200627,0.8944448008210918,0.8646681497247795,full_v4_features,39,39,0,,ksf-v4-idsplit::
classical_ext,svc,8,poly2__svc__d8,poly2,id_val,fixed_c1,1.0,,0.00648808479309082,0.848605577689243,0.848031746031746,0.8452427310488058,0.8680555555555556,0.8572063492063492,0.7581916757590353,full_v4_features,39,39,0,,ksf-v4-idsplit::
classical_ext,svc,8,poly2__svc__d8,poly2,id_test,fixed_c1,1.0,,0.00648808479309082,0.9036144578313253,0.903258064516129,0.9027850078084331,0.9117647058823529,0.908516129032258,0.8447371361655726,full_v4_features,39,39,0,,ksf-v4-idsplit::
classical_ext,svc,8,poly2__svc__d8,poly2,ood_test,fixed_c1,1.0,,0.00648808479309082,0.758,0.7457983193277311,0.7357790151763293,0.8124031007751938,0.7047116556546282,0.6104307255690338,full_v4_features,39,39,0,,ksf-v4-idsplit::
classical_ext,svc,8,poly3__svc__d8,poly3,id_val,fixed_c1,1.0,,0.005936622619628906,0.848605577689243,0.848031746031746,0.8452427310488058,0.8680555555555556,0.8735873015873016,0.806362983144549,full_v4_features,39,39,0,,ksf-v4-idsplit::
classical_ext,svc,8,poly3__svc__d8,poly3,id_test,fixed_c1,1.0,,0.005936622619628906,0.9076305220883534,0.907258064516129,0.9067643467643467,0.9157509157509157,0.9016774193548387,0.8297715423049381,full_v4_features,39,39,0,,ksf-v4-idsplit::
classical_ext,svc,8,poly3__svc__d8,poly3,ood_test,fixed_c1,1.0,,0.005936622619628906,0.758,0.7457983193277311,0.7357790151763293,0.8124031007751938,0.751106549490025,0.7046671670189066,full_v4_features,39,39,0,,ksf-v4-idsplit::
classical_ext,svc,8,laplacian_med__svc__d8,laplacian_med,id_val,fixed_c1,1.0,,0.005665302276611328,0.8645418326693227,0.864031746031746,0.8621591936942758,0.8802816901408451,0.9641269841269842,0.9519501724675421,full_v4_features,39,39,0,,ksf-v4-idsplit::
classical_ext,svc,8,laplacian_med__svc__d8,laplacian_med,id_test,fixed_c1,1.0,,0.005665302276611328,0.9076305220883534,0.907258064516129,0.9067643467643467,0.9157509157509157,0.9696129032258065,0.9531411945487056,full_v4_features,39,39,0,,ksf-v4-idsplit::
classical_ext,svc,8,laplacian_med__svc__d8,laplacian_med,ood_test,fixed_c1,1.0,,0.005665302276611328,0.786,0.7752100840336135,0.7702274962527755,0.8304278922345484,0.8935788055680288,0.875510137612396,full_v4_features,39,39,0,,ksf-v4-idsplit::
classical_ext,svc,8,matern15_med__svc__d8,matern15_med,id_val,fixed_c1,1.0,,0.00501704216003418,0.848605577689243,0.848031746031746,0.8452427310488058,0.8680555555555556,0.9313015873015872,0.8889368053086706,full_v4_features,39,39,0,,ksf-v4-idsplit::
classical_ext,svc,8,matern15_med__svc__d8,matern15_med,id_test,fixed_c1,1.0,,0.00501704216003418,0.9076305220883534,0.907258064516129,0.9067643467643467,0.9157509157509157,0.9631612903225806,0.9521800371900042,full_v4_features,39,39,0,,ksf-v4-idsplit::
classical_ext,svc,8,matern15_med__svc__d8,matern15_med,ood_test,fixed_c1,1.0,,0.00501704216003418,0.758,0.7457983193277311,0.7357790151763293,0.8124031007751938,0.8767720828789531,0.8477786022779913,full_v4_features,39,39,0,,ksf-v4-idsplit::
classical_ext,svc,8,matern25_med__svc__d8,matern25_med,id_val,fixed_c1,1.0,,0.005764961242675781,0.848605577689243,0.848031746031746,0.8452427310488058,0.8680555555555556,0.9119365079365078,0.8560225436226595,full_v4_features,39,39,0,,ksf-v4-idsplit::
classical_ext,svc,8,matern25_med__svc__d8,matern25_med,id_test,fixed_c1,1.0,,0.005764961242675781,0.9076305220883534,0.907258064516129,0.9067643467643467,0.9157509157509157,0.9469677419354838,0.9354380086437569,full_v4_features,39,39,0,,ksf-v4-idsplit::
classical_ext,svc,8,matern25_med__svc__d8,matern25_med,ood_test,fixed_c1,1.0,,0.005764961242675781,0.758,0.7457983193277311,0.7357790151763293,0.8124031007751938,0.835942010391943,0.7973725976586751,full_v4_features,39,39,0,,ksf-v4-idsplit::
classical_ext,svc,8,rbf_gscale_x0.1__svc__d8,rbf_gscale_x0.1,id_val,fixed_c1,1.0,,0.006005287170410156,0.8286852589641435,0.8281904761904761,0.8258547525695016,0.8480565371024735,0.8654603174603175,0.8006063778385496,full_v4_features,39,39,0,,ksf-v4-idsplit::
classical_ext,svc,8,rbf_gscale_x0.1__svc__d8,rbf_gscale_x0.1,id_test,fixed_c1,1.0,,0.006005287170410156,0.8955823293172691,0.895258064516129,0.8948343079922028,0.9037037037037037,0.9079354838709678,0.8524295434377417,full_v4_features,39,39,0,,ksf-v4-idsplit::
classical_ext,svc,8,rbf_gscale_x0.1__svc__d8,rbf_gscale_x0.1,ood_test,fixed_c1,1.0,,0.006005287170410156,0.758,0.7457983193277311,0.7357790151763293,0.8124031007751938,0.7144460837770223,0.6561019498739845,full_v4_features,39,39,0,,ksf-v4-idsplit::
classical_ext,svc,8,rbf_gscale_x0.3__svc__d8,rbf_gscale_x0.3,id_val,fixed_c1,1.0,,0.00662684440612793,0.848605577689243,0.848031746031746,0.8452427310488058,0.8680555555555556,0.8853333333333333,0.8068255614066172,full_v4_features,39,39,0,,ksf-v4-idsplit::
classical_ext,svc,8,rbf_gscale_x0.3__svc__d8,rbf_gscale_x0.3,id_test,fixed_c1,1.0,,0.00662684440612793,0.9076305220883534,0.907258064516129,0.9067643467643467,0.9157509157509157,0.9239354838709677,0.8758418091402885,full_v4_features,39,39,0,,ksf-v4-idsplit::
classical_ext,svc,8,rbf_gscale_x0.3__svc__d8,rbf_gscale_x0.3,ood_test,fixed_c1,1.0,,0.00662684440612793,0.758,0.7457983193277311,0.7357790151763293,0.8124031007751938,0.7466001667842709,0.7007733555296235,full_v4_features,39,39,0,,ksf-v4-idsplit::
classical_ext,svc,8,rbf_gscale_x3__svc__d8,rbf_gscale_x3,id_val,fixed_c1,1.0,,0.0066547393798828125,0.8725099601593626,0.872095238095238,0.8710174717368961,0.8848920863309353,0.9461587301587302,0.8962389643204991,full_v4_features,39,39,0,,ksf-v4-idsplit::
classical_ext,svc,8,rbf_gscale_x3__svc__d8,rbf_gscale_x3,id_test,fixed_c1,1.0,,0.0066547393798828125,0.9076305220883534,0.9072903225806452,0.9069037826942146,0.915129151291513,0.9632258064516129,0.9479418681752778,full_v4_features,39,39,0,,ksf-v4-idsplit::
classical_ext,svc,8,rbf_gscale_x3__svc__d8,rbf_gscale_x3,ood_test,fixed_c1,1.0,,0.0066547393798828125,0.79,0.7799890948745911,0.7764730426489435,0.8314606741573034,0.8891686445570595,0.8788856167093713,full_v4_features,39,39,0,,ksf-v4-idsplit::
classical_ext,svc,8,rbf_gscale_x10__svc__d8,rbf_gscale_x10,id_val,fixed_c1,1.0,,0.014926433563232422,0.8685258964143426,0.8682222222222222,0.86768581971534,0.8782287822878229,0.9550476190476189,0.9296910441833283,full_v4_features,39,39,0,,ksf-v4-idsplit::
classical_ext,svc,8,rbf_gscale_x10__svc__d8,rbf_gscale_x10,id_test,fixed_c1,1.0,,0.014926433563232422,0.9036144578313253,0.9035806451612903,0.9036004645760743,0.9047619047619048,0.960774193548387,0.944210843219391,full_v4_features,39,39,0,,ksf-v4-idsplit::
classical_ext,svc,8,rbf_gscale_x10__svc__d8,rbf_gscale_x10,ood_test,fixed_c1,1.0,,0.014926433563232422,0.782,0.7771665918275708,0.777767810177011,0.8084358523725835,0.8699243056001026,0.8178160042050269,full_v4_features,39,39,0,,ksf-v4-idsplit::
classical_ext,svc,8,laplacian_med_x0.1__svc__d8,laplacian_med_x0.1,id_val,fixed_c1,1.0,,0.016526460647583008,0.8804780876494024,0.8802539682539683,0.8800497005224927,0.8872180451127819,0.9537777777777778,0.9541839773351022,full_v4_features,39,39,0,,ksf-v4-idsplit::
classical_ext,svc,8,laplacian_med_x0.1__svc__d8,laplacian_med_x0.1,id_test,fixed_c1,1.0,,0.016526460647583008,0.8875502008032129,0.8875483870967742,0.8875483870967742,0.888,0.9605806451612903,0.9585678715649537,full_v4_features,39,39,0,,ksf-v4-idsplit::
classical_ext,svc,8,laplacian_med_x0.1__svc__d8,laplacian_med_x0.1,ood_test,fixed_c1,1.0,,0.016526460647583008,0.804,0.8000833921354802,0.8011363636363635,0.825,0.8854961832061068,0.8638132169117724,full_v4_features,39,39,0,,ksf-v4-idsplit::
classical_ext,svc,8,laplacian_med_x0.3__svc__d8,laplacian_med_x0.3,id_val,fixed_c1,1.0,,0.00782918930053711,0.8645418326693227,0.8642222222222222,0.8635869565217391,0.875,0.9551111111111111,0.9387362508012308,full_v4_features,39,39,0,,ksf-v4-idsplit::
classical_ext,svc,8,laplacian_med_x0.3__svc__d8,laplacian_med_x0.3,id_test,fixed_c1,1.0,,0.00782918930053711,0.8955823293172691,0.8954516129032258,0.8954457364341086,0.8992248062015504,0.9676774193548388,0.9579850029078577,full_v4_features,39,39,0,,ksf-v4-idsplit::
classical_ext,svc,8,laplacian_med_x0.3__svc__d8,laplacian_med_x0.3,ood_test,fixed_c1,1.0,,0.00782918930053711,0.794,0.7884245301173904,0.7889958249853526,0.8214904679376083,0.8932580665854128,0.8693206399410836,full_v4_features,39,39,0,,ksf-v4-idsplit::
classical_ext,svc,8,laplacian_med_x3__svc__d8,laplacian_med_x3,id_val,fixed_c1,1.0,,0.005536556243896484,0.848605577689243,0.848031746031746,0.8452427310488058,0.8680555555555556,0.9409523809523809,0.907770318382002,full_v4_features,39,39,0,,ksf-v4-idsplit::
classical_ext,svc,8,laplacian_med_x3__svc__d8,laplacian_med_x3,id_test,fixed_c1,1.0,,0.005536556243896484,0.9036144578313253,0.9032258064516129,0.9026329509906152,0.9124087591240876,0.9553548387096774,0.9366979952012907,full_v4_features,39,39,0,,ksf-v4-idsplit::
classical_ext,svc,8,laplacian_med_x3__svc__d8,laplacian_med_x3,ood_test,fixed_c1,1.0,,0.005536556243896484,0.758,0.7457983193277311,0.7357790151763293,0.8124031007751938,0.8573513374815576,0.8063562810670551,full_v4_features,39,39,0,,ksf-v4-idsplit::
classical_ext,svc,8,laplacian_med_x10__svc__d8,laplacian_med_x10,id_val,fixed_c1,1.0,,0.012005805969238281,0.848605577689243,0.848031746031746,0.8452427310488058,0.8680555555555556,0.8961904761904761,0.8246895728162071,full_v4_features,39,39,0,,ksf-v4-idsplit::
classical_ext,svc,8,laplacian_med_x10__svc__d8,laplacian_med_x10,id_test,fixed_c1,1.0,,0.012005805969238281,0.9036144578313253,0.9032258064516129,0.9026329509906152,0.9124087591240876,0.9294193548387096,0.8761699932728105,full_v4_features,39,39,0,,ksf-v4-idsplit::
classical_ext,svc,8,laplacian_med_x10__svc__d8,laplacian_med_x10,ood_test,fixed_c1,1.0,,0.012005805969238281,0.758,0.7457983193277311,0.7357790151763293,0.8124031007751938,0.7741997562383732,0.6894192992964848,full_v4_features,39,39,0,,ksf-v4-idsplit::
classical_ext,svc,8,matern15_med_x0.1__svc__d8,matern15_med_x0.1,id_val,fixed_c1,1.0,,0.010520696640014648,0.8804780876494024,0.8802857142857143,0.8801566080977845,0.8863636363636364,0.942031746031746,0.9266386296046831,full_v4_features,39,39,0,,ksf-v4-idsplit::
classical_ext,svc,8,matern15_med_x0.1__svc__d8,matern15_med_x0.1,id_test,fixed_c1,1.0,,0.010520696640014648,0.8835341365461847,0.8836451612903226,0.8834664730089566,0.8806584362139918,0.9543870967741935,0.9399074185923612,full_v4_features,39,39,0,,ksf-v4-idsplit::
classical_ext,svc,8,matern15_med_x0.1__svc__d8,matern15_med_x0.1,ood_test,fixed_c1,1.0,,0.010520696640014648,0.79,0.7865321701199564,0.7874278773155178,0.8108108108108109,0.8588106998524601,0.7981134757583238,full_v4_features,39,39,0,,ksf-v4-idsplit::
classical_ext,svc,8,matern15_med_x0.3__svc__d8,matern15_med_x0.3,id_val,fixed_c1,1.0,,0.0061609745025634766,0.8605577689243028,0.8601904761904762,0.8592711253504205,0.8727272727272727,0.9521269841269842,0.919923750462084,full_v4_features,39,39,0,,ksf-v4-idsplit::
classical_ext,svc,8,matern15_med_x0.3__svc__d8,matern15_med_x0.3,id_test,fixed_c1,1.0,,0.0061609745025634766,0.8995983935742972,0.8994516129032258,0.8994361965073262,0.9034749034749034,0.9663225806451613,0.9557229362108817,full_v4_features,39,39,0,,ksf-v4-idsplit::
classical_ext,svc,8,matern15_med_x0.3__svc__d8,matern15_med_x0.3,ood_test,fixed_c1,1.0,,0.0061609745025634766,0.796,0.7886009365578293,0.788191906438966,0.8288590604026845,0.8783757777920328,0.8410080206076109,full_v4_features,39,39,0,,ksf-v4-idsplit::
classical_ext,svc,8,matern15_med_x3__svc__d8,matern15_med_x3,id_val,fixed_c1,1.0,,0.0060062408447265625,0.848605577689243,0.848031746031746,0.8452427310488058,0.8680555555555556,0.8881904761904762,0.8352965660962839,full_v4_features,39,39,0,,ksf-v4-idsplit::
classical_ext,svc,8,matern15_med_x3__svc__d8,matern15_med_x3,id_test,fixed_c1,1.0,,0.0060062408447265625,0.9076305220883534,0.907258064516129,0.9067643467643467,0.9157509157509157,0.9035483870967742,0.8382297406221766,full_v4_features,39,39,0,,ksf-v4-idsplit::
classical_ext,svc,8,matern15_med_x3__svc__d8,matern15_med_x3,ood_test,fixed_c1,1.0,,0.0060062408447265625,0.758,0.7457983193277311,0.7357790151763293,0.8124031007751938,0.7539932003335685,0.7093009157901126,full_v4_features,39,39,0,,ksf-v4-idsplit::
classical_ext,svc,8,matern15_med_x10__svc__d8,matern15_med_x10,id_val,fixed_c1,1.0,,0.011660337448120117,0.8326693227091634,0.8322857142857143,0.8309926894959601,0.8478260869565217,0.9216507936507937,0.8875677962281716,full_v4_features,39,39,0,,ksf-v4-idsplit::
classical_ext,svc,8,matern15_med_x10__svc__d8,matern15_med_x10,id_test,fixed_c1,1.0,,0.011660337448120117,0.8594377510040161,0.8592903225806452,0.8592106751102567,0.8648648648648649,0.9363225806451612,0.9136444184817465,full_v4_features,39,39,0,,ksf-v4-idsplit::
classical_ext,svc,8,matern15_med_x10__svc__d8,matern15_med_x10,ood_test,fixed_c1,1.0,,0.011660337448120117,0.772,0.7606966450702419,0.7537839518971594,0.8207547169811321,0.8129610622875103,0.7375575079213497,full_v4_features,39,39,0,,ksf-v4-idsplit::
classical_ext,svc,8,matern25_med_x0.1__svc__d8,matern25_med_x0.1,id_val,fixed_c1,1.0,,0.011838436126708984,0.8764940239043825,0.8762857142857143,0.8761085900804076,0.8830188679245283,0.939047619047619,0.9198050547698913,full_v4_features,39,39,0,,ksf-v4-idsplit::
classical_ext,svc,8,matern25_med_x0.1__svc__d8,matern25_med_x0.1,id_test,fixed_c1,1.0,,0.011838436126708984,0.8835341365461847,0.8836451612903226,0.8834664730089566,0.8806584362139918,0.9532903225806452,0.9362964878049894,full_v4_features,39,39,0,,ksf-v4-idsplit::
classical_ext,svc,8,matern25_med_x0.1__svc__d8,matern25_med_x0.1,ood_test,fixed_c1,1.0,,0.011838436126708984,0.794,0.7907338507922252,0.7916590814390492,0.8137432188065099,0.8559561229071782,0.7921763417978815,full_v4_features,39,39,0,,ksf-v4-idsplit::
classical_ext,svc,8,matern25_med_x0.3__svc__d8,matern25_med_x0.3,id_val,fixed_c1,1.0,,0.0074651241302490234,0.8605577689243028,0.8601904761904762,0.8592711253504205,0.8727272727272727,0.9457777777777778,0.8976248387511256,full_v4_features,39,39,0,,ksf-v4-idsplit::
classical_ext,svc,8,matern25_med_x0.3__svc__d8,matern25_med_x0.3,id_test,fixed_c1,1.0,,0.0074651241302490234,0.9036144578313253,0.9034193548387097,0.9033510156553242,0.9083969465648855,0.9670967741935484,0.952484414227368,full_v4_features,39,39,0,,ksf-v4-idsplit::
classical_ext,svc,8,matern25_med_x0.3__svc__d8,matern25_med_x0.3,ood_test,fixed_c1,1.0,,0.0074651241302490234,0.798,0.7897395599461159,0.788680824354012,0.8330578512396695,0.8811341330425301,0.8522311598559908,full_v4_features,39,39,0,,ksf-v4-idsplit::
classical_ext,svc,8,matern25_med_x3__svc__d8,matern25_med_x3,id_val,fixed_c1,1.0,,0.006839752197265625,0.8247011952191236,0.8242539682539682,0.8223294723294723,0.8428571428571429,0.8688253968253967,0.7989293889421141,full_v4_features,39,39,0,,ksf-v4-idsplit::
classical_ext,svc,8,matern25_med_x3__svc__d8,matern25_med_x3,id_test,fixed_c1,1.0,,0.006839752197265625,0.8835341365461847,0.883258064516129,0.8829223211245683,0.8913857677902621,0.9094838709677419,0.8585665263263474,full_v4_features,39,39,0,,ksf-v4-idsplit::
classical_ext,svc,8,matern25_med_x3__svc__d8,matern25_med_x3,ood_test,fixed_c1,1.0,,0.006839752197265625,0.758,0.7457983193277311,0.7357790151763293,0.8124031007751938,0.7009269356597599,0.6087285962935711,full_v4_features,39,39,0,,ksf-v4-idsplit::
classical_ext,svc,8,matern25_med_x10__svc__d8,matern25_med_x10,id_val,fixed_c1,1.0,,0.008325338363647461,0.7410358565737052,0.7403809523809524,0.7335761059490178,0.7781569965870307,0.909968253968254,0.8924080746106482,full_v4_features,39,39,0,,ksf-v4-idsplit::
classical_ext,svc,8,matern25_med_x10__svc__d8,matern25_med_x10,id_test,fixed_c1,1.0,,0.008325338363647461,0.7389558232931727,0.7384838709677419,0.7351107183188491,0.7670250896057348,0.9113548387096775,0.8981893452572822,full_v4_features,39,39,0,,ksf-v4-idsplit::
classical_ext,svc,8,matern25_med_x10__svc__d8,matern25_med_x10,ood_test,fixed_c1,1.0,,0.008325338363647461,0.718,0.7039739559946117,0.6844663453146609,0.7873303167420814,0.8157033805888768,0.7427956340709134,full_v4_features,39,39,0,,ksf-v4-idsplit::
quantum,svc,8,zz_r1_full__as0.5__svc__d8,zz_r1_full__as0.5,id_val,fixed_c1,1.0,,0.00878453254699707,0.8764940239043825,0.8762539682539683,0.8759901187345606,0.8838951310861424,0.9395555555555556,0.9005054339010541,full_v4_features,39,39,0,,ksf-v4-idsplit::
quantum,svc,8,zz_r1_full__as0.5__svc__d8,zz_r1_full__as0.5,id_test,fixed_c1,1.0,,0.00878453254699707,0.8835341365461847,0.8836129032258064,0.8835040735661854,0.8816326530612245,0.9558064516129032,0.9347935894563211,full_v4_features,39,39,0,,ksf-v4-idsplit::
quantum,svc,8,zz_r1_full__as0.5__svc__d8,zz_r1_full__as0.5,ood_test,fixed_c1,1.0,,0.00878453254699707,0.78,0.7766052986079928,0.7774036360104255,0.8014440433212996,0.8572711527359034,0.8007097601685905,full_v4_features,39,39,0,,ksf-v4-idsplit::
quantum,svc,8,zz_r2_full__as0.5__svc__d8,zz_r2_full__as0.5,id_val,fixed_c1,1.0,,0.009000539779663086,0.8605577689243028,0.8605396825396825,0.8605489150276997,0.8616600790513834,0.9323809523809524,0.9241669604281159,full_v4_features,39,39,0,,ksf-v4-idsplit::
quantum,svc,8,zz_r2_full__as0.5__svc__d8,zz_r2_full__as0.5,id_test,fixed_c1,1.0,,0.009000539779663086,0.8634538152610441,0.8636774193548387,0.8630806055117092,0.8559322033898306,0.9320645161290323,0.9124317220182929,full_v4_features,39,39,0,,ksf-v4-idsplit::
quantum,svc,8,zz_r2_full__as0.5__svc__d8,zz_r2_full__as0.5,ood_test,fixed_c1,1.0,,0.009000539779663086,0.788,0.7865482070690872,0.7870151580910127,0.8014981273408239,0.8540156520623516,0.8033506198887216,full_v4_features,39,39,0,,ksf-v4-idsplit::
quantum,svc,8,pauli_xz_r1_full__as0.5__svc__d8,pauli_xz_r1_full__as0.5,id_val,fixed_c1,1.0,,0.006003856658935547,0.8645418326693227,0.864031746031746,0.8621591936942758,0.8802816901408451,0.9405714285714286,0.8975796350664442,full_v4_features,39,39,0,,ksf-v4-idsplit::
quantum,svc,8,pauli_xz_r1_full__as0.5__svc__d8,pauli_xz_r1_full__as0.5,id_test,fixed_c1,1.0,,0.006003856658935547,0.9076305220883534,0.907258064516129,0.9067643467643467,0.9157509157509157,0.967741935483871,0.9587751537717629,full_v4_features,39,39,0,,ksf-v4-idsplit::
quantum,svc,8,pauli_xz_r1_full__as0.5__svc__d8,pauli_xz_r1_full__as0.5,ood_test,fixed_c1,1.0,,0.006003856658935547,0.784,0.7731092436974789,0.7678178315905339,0.8291139240506329,0.889441272692283,0.8649199751016455,full_v4_features,39,39,0,,ksf-v4-idsplit::
quantum,svc,8,zmap_r2__as0.5__svc__d8,zmap_r2__as0.5,id_val,fixed_c1,1.0,,0.0071811676025390625,0.8645418326693227,0.864031746031746,0.8621591936942758,0.8802816901408451,0.9575873015873015,0.918384206501172,full_v4_features,39,39,0,,ksf-v4-idsplit::
quantum,svc,8,zmap_r2__as0.5__svc__d8,zmap_r2__as0.5,id_test,fixed_c1,1.0,,0.0071811676025390625,0.9076305220883534,0.907258064516129,0.9067643467643467,0.9157509157509157,0.9692903225806452,0.9626225568754775,full_v4_features,39,39,0,,ksf-v4-idsplit::
quantum,svc,8,zmap_r2__as0.5__svc__d8,zmap_r2__as0.5,ood_test,fixed_c1,1.0,,0.0071811676025390625,0.784,0.7731092436974789,0.7678178315905339,0.8291139240506329,0.8907081916736161,0.876442553249899,full_v4_features,39,39,0,,ksf-v4-idsplit::
quantum,svc,8,zz_r1_full__svc__d8,zz_r1_full,id_val,fixed_c1,1.0,,0.012027263641357422,0.8804780876494024,0.8802857142857143,0.8801566080977845,0.8863636363636364,0.950031746031746,0.9501718876023325,full_v4_features,39,39,0,,ksf-v4-idsplit::
quantum,svc,8,zz_r1_full__svc__d8,zz_r1_full,id_test,fixed_c1,1.0,,0.012027263641357422,0.8795180722891566,0.8795806451612903,0.8795005807200929,0.8780487804878049,0.9540645161290323,0.9461626687240479,full_v4_features,39,39,0,,ksf-v4-idsplit::
quantum,svc,8,zz_r1_full__svc__d8,zz_r1_full,ood_test,fixed_c1,1.0,,0.012027263641357422,0.776,0.7735582782731414,0.7742518059855521,0.7941176470588235,0.8658028096734877,0.8324935835456715,full_v4_features,39,39,0,,ksf-v4-idsplit::
quantum,svc,8,zz_r2_full__svc__d8,zz_r2_full,id_val,fixed_c1,1.0,,0.011176824569702148,0.8446215139442231,0.8448253968253968,0.8442655551489889,0.8368200836820083,0.9401904761904761,0.9296033596490182,full_v4_features,39,39,0,,ksf-v4-idsplit::
quantum,svc,8,zz_r2_full__svc__d8,zz_r2_full,id_test,fixed_c1,1.0,,0.011176824569702148,0.8273092369477911,0.8278387096774193,0.8244092034701609,0.8018433179723502,0.9381935483870968,0.9425039753774976,full_v4_features,39,39,0,,ksf-v4-idsplit::
quantum,svc,8,zz_r2_full__svc__d8,zz_r2_full,ood_test,fixed_c1,1.0,,0.011176824569702148,0.766,0.7694047084482648,0.7657291829354733,0.7577639751552795,0.8656103662839183,0.8571963880469563,full_v4_features,39,39,0,,ksf-v4-idsplit::
quantum,svc,8,pauli_xz_r1_full__svc__d8,pauli_xz_r1_full,id_val,fixed_c1,1.0,,0.010020732879638672,0.8764940239043825,0.8761587301587301,0.8755378537037926,0.8864468864468864,0.9551746031746031,0.914059922705825,full_v4_features,39,39,0,,ksf-v4-idsplit::
quantum,svc,8,pauli_xz_r1_full__svc__d8,pauli_xz_r1_full,id_test,fixed_c1,1.0,,0.010020732879638672,0.8875502008032129,0.8873870967741936,0.8873303167420814,0.8923076923076924,0.9649677419354838,0.9531922170982714,full_v4_features,39,39,0,,ksf-v4-idsplit::
quantum,svc,8,pauli_xz_r1_full__svc__d8,pauli_xz_r1_full,ood_test,fixed_c1,1.0,,0.010020732879638672,0.798,0.7905093335043941,0.790100211562361,0.830820770519263,0.8953107960741548,0.8864957193149343,full_v4_features,39,39,0,,ksf-v4-idsplit::
quantum,svc,8,zmap_r2__svc__d8,zmap_r2,id_val,fixed_c1,1.0,,0.011023759841918945,0.8725099601593626,0.8721587301587301,0.8714304008195672,0.8832116788321168,0.9367619047619047,0.8892517409499463,full_v4_features,39,39,0,,ksf-v4-idsplit::
quantum,svc,8,zmap_r2__svc__d8,zmap_r2,id_test,fixed_c1,1.0,,0.011023759841918945,0.9116465863453815,0.9114193548387097,0.9113247863247863,0.9166666666666666,0.9639354838709677,0.9350842966364272,full_v4_features,39,39,0,,ksf-v4-idsplit::
quantum,svc,8,zmap_r2__svc__d8,zmap_r2,ood_test,fixed_c1,1.0,,0.011023759841918945,0.792,0.7832445955481429,0.7814207650273224,0.8295081967213115,0.8639264866251845,0.8162195081003067,full_v4_features,39,39,0,,ksf-v4-idsplit::
quantum,svc,8,zz_r1_full__as2__svc__d8,zz_r1_full__as2,id_val,fixed_c1,1.0,,0.01600193977355957,0.8725099601593626,0.8724444444444444,0.8724593495934959,0.875,0.9561269841269842,0.9560981535918363,full_v4_features,39,39,0,,ksf-v4-idsplit::
quantum,svc,8,zz_r1_full__as2__svc__d8,zz_r1_full__as2,id_test,fixed_c1,1.0,,0.01600193977355957,0.8473895582329317,0.8476451612903226,0.8468337218337219,0.8376068376068376,0.947741935483871,0.9429534780060096,full_v4_features,39,39,0,,ksf-v4-idsplit::
quantum,svc,8,zz_r1_full__as2__svc__d8,zz_r1_full__as2,ood_test,fixed_c1,1.0,,0.01600193977355957,0.78,0.7789146192828276,0.779205138498595,0.7924528301886793,0.8707421900057732,0.8609444402202946,full_v4_features,39,39,0,,ksf-v4-idsplit::
quantum,svc,8,zz_r2_full__as2__svc__d8,zz_r2_full__as2,id_val,fixed_c1,1.0,,0.011087656021118164,0.8446215139442231,0.8448888888888889,0.8439875687305761,0.8340425531914893,0.9366984126984127,0.9411445267423366,full_v4_features,39,39,0,,ksf-v4-idsplit::
quantum,svc,8,zz_r2_full__as2__svc__d8,zz_r2_full__as2,id_test,fixed_c1,1.0,,0.011087656021118164,0.7791164658634538,0.7799032258064515,0.7705914870093975,0.7263681592039801,0.9249677419354839,0.9262584064976457,full_v4_features,39,39,0,,ksf-v4-idsplit::
quantum,svc,8,zz_r2_full__as2__svc__d8,zz_r2_full__as2,ood_test,fixed_c1,1.0,,0.011087656021118164,0.712,0.719609981397139,0.7075025593526056,0.6712328767123288,0.8517384052857785,0.845273370311748,full_v4_features,39,39,0,,ksf-v4-idsplit::
quantum,svc,8,pauli_xz_r1_full__as2__svc__d8,pauli_xz_r1_full__as2,id_val,fixed_c1,1.0,,0.011131048202514648,0.8565737051792829,0.8562857142857143,0.8557471264367816,0.8666666666666667,0.9282539682539682,0.8732002720422603,full_v4_features,39,39,0,,ksf-v4-idsplit::
quantum,svc,8,pauli_xz_r1_full__as2__svc__d8,pauli_xz_r1_full__as2,id_test,fixed_c1,1.0,,0.011131048202514648,0.8795180722891566,0.8794516129032258,0.8794694720536982,0.8818897637795275,0.946,0.9153942811195381,full_v4_features,39,39,0,,ksf-v4-idsplit::
quantum,svc,8,pauli_xz_r1_full__as2__svc__d8,pauli_xz_r1_full__as2,ood_test,fixed_c1,1.0,,0.011131048202514648,0.78,0.7758355250497145,0.7765644550610182,0.8042704626334519,0.8559561229071782,0.8122455023053649,full_v4_features,39,39,0,,ksf-v4-idsplit::
quantum,svc,8,zmap_r2__as2__svc__d8,zmap_r2__as2,id_val,fixed_c1,1.0,,0.007680416107177734,0.8565737051792829,0.8563174603174604,0.8559127439724454,0.8656716417910447,0.9462857142857142,0.9211019984296278,full_v4_features,39,39,0,,ksf-v4-idsplit::
quantum,svc,8,zmap_r2__as2__svc__d8,zmap_r2__as2,id_test,fixed_c1,1.0,,0.007680416107177734,0.8795180722891566,0.8794193548387097,0.8794227789256198,0.8828125,0.9474838709677419,0.9262854093667249,full_v4_features,39,39,0,,ksf-v4-idsplit::
quantum,svc,8,zmap_r2__as2__svc__d8,zmap_r2__as2,ood_test,fixed_c1,1.0,,0.007680416107177734,0.798,0.7918564372313811,0.792275956250437,0.8267581475128645,0.8769645262685227,0.8499385369725291,full_v4_features,39,39,0,,ksf-v4-idsplit::
classical_ext,svc,10,linear__svc__d10,linear,id_val,fixed_c1,1.0,,0.009375333786010742,0.848605577689243,0.8482539682539683,0.847323600973236,0.8613138686131386,0.850095238095238,0.7135886306812077,full_v4_features,39,39,0,,ksf-v4-idsplit::
classical_ext,svc,10,linear__svc__d10,linear,id_test,fixed_c1,1.0,,0.009375333786010742,0.8755020080321285,0.8753870967741936,0.875373363256212,0.8793774319066148,0.882258064516129,0.7785979870072822,full_v4_features,39,39,0,,ksf-v4-idsplit::
classical_ext,svc,10,linear__svc__d10,linear,ood_test,fixed_c1,1.0,,0.009375333786010742,0.778,0.7669991660786453,0.7610961168433694,0.8246445497630331,0.7458303932259926,0.646290456444539,full_v4_features,39,39,0,,ksf-v4-idsplit::
classical_ext,svc,10,rbf_gscale__svc__d10,rbf_gscale,id_val,fixed_c1,1.0,,0.009004831314086914,0.8645418326693227,0.864031746031746,0.8621591936942758,0.8802816901408451,0.9482539682539682,0.916984788641151,full_v4_features,39,39,0,,ksf-v4-idsplit::
classical_ext,svc,10,rbf_gscale__svc__d10,rbf_gscale,id_test,fixed_c1,1.0,,0.009004831314086914,0.9076305220883534,0.907258064516129,0.9067643467643467,0.9157509157509157,0.9673548387096774,0.9641319722865567,full_v4_features,39,39,0,,ksf-v4-idsplit::
classical_ext,svc,10,rbf_gscale__svc__d10,rbf_gscale,ood_test,fixed_c1,1.0,,0.009004831314086914,0.784,0.7731092436974789,0.7678178315905339,0.8291139240506329,0.9039547116556546,0.8751902591254785,full_v4_features,39,39,0,,ksf-v4-idsplit::
classical_ext,svc,10,poly2__svc__d10,poly2,id_val,fixed_c1,1.0,,0.007999658584594727,0.8326693227091634,0.8321587301587301,0.8297260627988112,0.852112676056338,0.8808253968253967,0.831495840472106,full_v4_features,39,39,0,,ksf-v4-idsplit::
classical_ext,svc,10,poly2__svc__d10,poly2,id_test,fixed_c1,1.0,,0.007999658584594727,0.8995983935742972,0.899258064516129,0.8988084594502332,0.9077490774907749,0.9058709677419357,0.8380495872516924,full_v4_features,39,39,0,,ksf-v4-idsplit::
classical_ext,svc,10,poly2__svc__d10,poly2,ood_test,fixed_c1,1.0,,0.007999658584594727,0.758,0.7457983193277311,0.7357790151763293,0.8124031007751938,0.7264737956251203,0.6380526616277911,full_v4_features,39,39,0,,ksf-v4-idsplit::
classical_ext,svc,10,poly3__svc__d10,poly3,id_val,fixed_c1,1.0,,0.008792400360107422,0.848605577689243,0.848031746031746,0.8452427310488058,0.8680555555555556,0.8941587301587302,0.8407492090563826,full_v4_features,39,39,0,,ksf-v4-idsplit::
classical_ext,svc,10,poly3__svc__d10,poly3,id_test,fixed_c1,1.0,,0.008792400360107422,0.9076305220883534,0.907258064516129,0.9067643467643467,0.9157509157509157,0.9050967741935484,0.8269205861504567,full_v4_features,39,39,0,,ksf-v4-idsplit::
classical_ext,svc,10,poly3__svc__d10,poly3,ood_test,fixed_c1,1.0,,0.008792400360107422,0.758,0.7457983193277311,0.7357790151763293,0.8124031007751938,0.7849445121560075,0.7331303321156836,full_v4_features,39,39,0,,ksf-v4-idsplit::
classical_ext,svc,10,laplacian_med__svc__d10,laplacian_med,id_val,fixed_c1,1.0,,0.008256912231445312,0.8685258964143426,0.868031746031746,0.8663536473207802,0.8833922261484098,0.9638095238095238,0.955619621075521,full_v4_features,39,39,0,,ksf-v4-idsplit::
classical_ext,svc,10,laplacian_med__svc__d10,laplacian_med,id_test,fixed_c1,1.0,,0.008256912231445312,0.9116465863453815,0.9113225806451613,0.9110136452241715,0.9185185185185185,0.9645806451612904,0.949701555063104,full_v4_features,39,39,0,,ksf-v4-idsplit::
classical_ext,svc,10,laplacian_med__svc__d10,laplacian_med,ood_test,fixed_c1,1.0,,0.008256912231445312,0.79,0.7794117647058824,0.7750247472777994,0.8330683624801272,0.9157418692667907,0.9117056739557692,full_v4_features,39,39,0,,ksf-v4-idsplit::
classical_ext,svc,10,matern15_med__svc__d10,matern15_med,id_val,fixed_c1,1.0,,0.008073806762695312,0.8645418326693227,0.864031746031746,0.8621591936942758,0.8802816901408451,0.9445079365079364,0.9155396302003197,full_v4_features,39,39,0,,ksf-v4-idsplit::
classical_ext,svc,10,matern15_med__svc__d10,matern15_med,id_test,fixed_c1,1.0,,0.008073806762695312,0.9076305220883534,0.907258064516129,0.9067643467643467,0.9157509157509157,0.9670967741935484,0.962996351200432,full_v4_features,39,39,0,,ksf-v4-idsplit::
classical_ext,svc,10,matern15_med__svc__d10,matern15_med,ood_test,fixed_c1,1.0,,0.008073806762695312,0.784,0.7731092436974789,0.7678178315905339,0.8291139240506329,0.8742863557636794,0.8430856082688937,full_v4_features,39,39,0,,ksf-v4-idsplit::
classical_ext,svc,10,matern25_med__svc__d10,matern25_med,id_val,fixed_c1,1.0,,0.006597042083740234,0.848605577689243,0.848031746031746,0.8452427310488058,0.8680555555555556,0.9231746031746031,0.8772938395356401,full_v4_features,39,39,0,,ksf-v4-idsplit::
classical_ext,svc,10,matern25_med__svc__d10,matern25_med,id_test,fixed_c1,1.0,,0.006597042083740234,0.9076305220883534,0.907258064516129,0.9067643467643467,0.9157509157509157,0.9572258064516129,0.9468722059479616,full_v4_features,39,39,0,,ksf-v4-idsplit::
classical_ext,svc,10,matern25_med__svc__d10,matern25_med,ood_test,fixed_c1,1.0,,0.006597042083740234,0.762,0.75,0.740798341109383,0.8149300155520995,0.8313394059914042,0.7956248083854724,full_v4_features,39,39,0,,ksf-v4-idsplit::
classical_ext,svc,10,rbf_gscale_x0.1__svc__d10,rbf_gscale_x0.1,id_val,fixed_c1,1.0,,0.006565570831298828,0.8247011952191236,0.8242539682539682,0.8223294723294723,0.8428571428571429,0.8627301587301587,0.8047825086115443,full_v4_features,39,39,0,,ksf-v4-idsplit::
classical_ext,svc,10,rbf_gscale_x0.1__svc__d10,rbf_gscale_x0.1,id_test,fixed_c1,1.0,,0.006565570831298828,0.8795180722891566,0.879258064516129,0.8789538501425979,0.8872180451127819,0.9076774193548387,0.8533852330719264,full_v4_features,39,39,0,,ksf-v4-idsplit::
classical_ext,svc,10,rbf_gscale_x0.1__svc__d10,rbf_gscale_x0.1,ood_test,fixed_c1,1.0,,0.006565570831298828,0.758,0.7457983193277311,0.7357790151763293,0.8124031007751938,0.715344152928347,0.6558487294051396,full_v4_features,39,39,0,,ksf-v4-idsplit::
classical_ext,svc,10,rbf_gscale_x0.3__svc__d10,rbf_gscale_x0.3,id_val,fixed_c1,1.0,,0.007000446319580078,0.848605577689243,0.848031746031746,0.8452427310488058,0.8680555555555556,0.8862857142857142,0.82350682763169,full_v4_features,39,39,0,,ksf-v4-idsplit::
classical_ext,svc,10,rbf_gscale_x0.3__svc__d10,rbf_gscale_x0.3,id_test,fixed_c1,1.0,,0.007000446319580078,0.9076305220883534,0.907258064516129,0.9067643467643467,0.9157509157509157,0.9209677419354838,0.867496571971537,full_v4_features,39,39,0,,ksf-v4-idsplit::
classical_ext,svc,10,rbf_gscale_x0.3__svc__d10,rbf_gscale_x0.3,ood_test,fixed_c1,1.0,,0.007000446319580078,0.758,0.7457983193277311,0.7357790151763293,0.8124031007751938,0.773911091154019,0.7235947070291218,full_v4_features,39,39,0,,ksf-v4-idsplit::
classical_ext,svc,10,rbf_gscale_x3__svc__d10,rbf_gscale_x3,id_val,fixed_c1,1.0,,0.005001068115234375,0.8804780876494024,0.880063492063492,0.8790788797533402,0.8920863309352518,0.9434285714285715,0.9143645107853712,full_v4_features,39,39,0,,ksf-v4-idsplit::
classical_ext,svc,10,rbf_gscale_x3__svc__d10,rbf_gscale_x3,id_test,fixed_c1,1.0,,0.005001068115234375,0.9076305220883534,0.9073548387096775,0.9071452891677612,0.9138576779026217,0.9647741935483871,0.9467939412582812,full_v4_features,39,39,0,,ksf-v4-idsplit::
classical_ext,svc,10,rbf_gscale_x3__svc__d10,rbf_gscale_x3,ood_test,fixed_c1,1.0,,0.005001068115234375,0.792,0.7817050484315864,0.7778954741931625,0.8338658146964856,0.8876932452370261,0.8678994850150521,full_v4_features,39,39,0,,ksf-v4-idsplit::
classical_ext,svc,10,rbf_gscale_x10__svc__d10,rbf_gscale_x10,id_val,fixed_c1,1.0,,0.007001399993896484,0.8804780876494024,0.8802539682539683,0.8800497005224927,0.8872180451127819,0.9546031746031745,0.9614799112930525,full_v4_features,39,39,0,,ksf-v4-idsplit::
classical_ext,svc,10,rbf_gscale_x10__svc__d10,rbf_gscale_x10,id_test,fixed_c1,1.0,,0.007001399993896484,0.9076305220883534,0.9076129032258065,0.9076245624788296,0.9083665338645418,0.9589677419354838,0.9444205666644622,full_v4_features,39,39,0,,ksf-v4-idsplit::
classical_ext,svc,10,rbf_gscale_x10__svc__d10,rbf_gscale_x10,ood_test,fixed_c1,1.0,,0.007001399993896484,0.798,0.7939733145166463,0.7949480061231368,0.8199643493761141,0.8737892103406248,0.8276222539372545,full_v4_features,39,39,0,,ksf-v4-idsplit::
classical_ext,svc,10,laplacian_med_x0.1__svc__d10,laplacian_med_x0.1,id_val,fixed_c1,1.0,,0.012998104095458984,0.8884462151394422,0.8882539682539683,0.8881461675579323,0.8939393939393939,0.9525079365079365,0.9420436420929065,full_v4_features,39,39,0,,ksf-v4-idsplit::
classical_ext,svc,10,laplacian_med_x0.1__svc__d10,laplacian_med_x0.1,id_test,fixed_c1,1.0,,0.012998104095458984,0.891566265060241,0.8916129032258064,0.891559268996887,0.8906882591093117,0.9589032258064516,0.960152550373401,full_v4_features,39,39,0,,ksf-v4-idsplit::
classical_ext,svc,10,laplacian_med_x0.1__svc__d10,laplacian_med_x0.1,ood_test,fixed_c1,1.0,,0.012998104095458984,0.8,0.7966514850214895,0.7976396691003869,0.8194945848375451,0.8876290974405029,0.8904515014632188,full_v4_features,39,39,0,,ksf-v4-idsplit::
classical_ext,svc,10,laplacian_med_x0.3__svc__d10,laplacian_med_x0.3,id_val,fixed_c1,1.0,,0.00603795051574707,0.8764940239043825,0.8761904761904762,0.8757048609447133,0.8856088560885609,0.9605079365079365,0.9542417306569044,full_v4_features,39,39,0,,ksf-v4-idsplit::
classical_ext,svc,10,laplacian_med_x0.3__svc__d10,laplacian_med_x0.3,id_test,fixed_c1,1.0,,0.00603795051574707,0.9196787148594378,0.9195483870967742,0.9195736434108527,0.9224806201550387,0.9686451612903226,0.9671118900848042,full_v4_features,39,39,0,,ksf-v4-idsplit::
classical_ext,svc,10,laplacian_med_x0.3__svc__d10,laplacian_med_x0.3,ood_test,fixed_c1,1.0,,0.00603795051574707,0.798,0.7924337674000899,0.793092993432239,0.8249566724436742,0.8960645326833024,0.8795891479283144,full_v4_features,39,39,0,,ksf-v4-idsplit::
classical_ext,svc,10,laplacian_med_x3__svc__d10,laplacian_med_x3,id_val,fixed_c1,1.0,,0.00800013542175293,0.8645418326693227,0.864031746031746,0.8621591936942758,0.8802816901408451,0.9307936507936507,0.874910965868184,full_v4_features,39,39,0,,ksf-v4-idsplit::
classical_ext,svc,10,laplacian_med_x3__svc__d10,laplacian_med_x3,id_test,fixed_c1,1.0,,0.00800013542175293,0.9036144578313253,0.9032258064516129,0.9026329509906152,0.9124087591240876,0.9490322580645161,0.9129805991243949,full_v4_features,39,39,0,,ksf-v4-idsplit::
classical_ext,svc,10,laplacian_med_x3__svc__d10,laplacian_med_x3,ood_test,fixed_c1,1.0,,0.00800013542175293,0.784,0.7731092436974789,0.7678178315905339,0.8291139240506329,0.8679517608570145,0.8209876172386568,full_v4_features,39,39,0,,ksf-v4-idsplit::
classical_ext,svc,10,laplacian_med_x10__svc__d10,laplacian_med_x10,id_val,fixed_c1,1.0,,0.00849151611328125,0.848605577689243,0.848031746031746,0.8452427310488058,0.8680555555555556,0.922031746031746,0.8576033664285678,full_v4_features,39,39,0,,ksf-v4-idsplit::
classical_ext,svc,10,laplacian_med_x10__svc__d10,laplacian_med_x10,id_test,fixed_c1,1.0,,0.00849151611328125,0.9036144578313253,0.9032258064516129,0.9026329509906152,0.9124087591240876,0.934,0.8860780883188482,full_v4_features,39,39,0,,ksf-v4-idsplit::
classical_ext,svc,10,laplacian_med_x10__svc__d10,laplacian_med_x10,ood_test,fixed_c1,1.0,,0.00849151611328125,0.758,0.7457983193277311,0.7357790151763293,0.8124031007751938,0.809112194496119,0.74389868368216,full_v4_features,39,39,0,,ksf-v4-idsplit::
classical_ext,svc,10,matern15_med_x0.1__svc__d10,matern15_med_x0.1,id_val,fixed_c1,1.0,,0.015532970428466797,0.8764940239043825,0.8763492063492063,0.8762976741228279,0.8812260536398467,0.933968253968254,0.9230757873459128,full_v4_features,39,39,0,,ksf-v4-idsplit::
classical_ext,svc,10,matern15_med_x0.1__svc__d10,matern15_med_x0.1,id_test,fixed_c1,1.0,,0.015532970428466797,0.8835341365461847,0.8836451612903226,0.8834664730089566,0.8806584362139918,0.9500645161290322,0.9504039357809578,full_v4_features,39,39,0,,ksf-v4-idsplit::
classical_ext,svc,10,matern15_med_x0.1__svc__d10,matern15_med_x0.1,ood_test,fixed_c1,1.0,,0.015532970428466797,0.8,0.7970363718006287,0.797979797979798,0.8181818181818182,0.8645840015395471,0.8538932181803762,full_v4_features,39,39,0,,ksf-v4-idsplit::
classical_ext,svc,10,matern15_med_x0.3__svc__d10,matern15_med_x0.3,id_val,fixed_c1,1.0,,0.006552219390869141,0.8725099601593626,0.8721904761904762,0.8716112531969309,0.8823529411764706,0.9631111111111111,0.9547599333376271,full_v4_features,39,39,0,,ksf-v4-idsplit::
classical_ext,svc,10,matern15_med_x0.3__svc__d10,matern15_med_x0.3,id_test,fixed_c1,1.0,,0.006552219390869141,0.9076305220883534,0.907483870967742,0.9074813007867402,0.9111969111969112,0.9654193548387098,0.944492682228269,full_v4_features,39,39,0,,ksf-v4-idsplit::
classical_ext,svc,10,matern15_med_x0.3__svc__d10,matern15_med_x0.3,ood_test,fixed_c1,1.0,,0.006552219390869141,0.796,0.7893707101161076,0.7894788983554587,0.826530612244898,0.889601642183591,0.8591250605787235,full_v4_features,39,39,0,,ksf-v4-idsplit::
classical_ext,svc,10,matern15_med_x3__svc__d10,matern15_med_x3,id_val,fixed_c1,1.0,,0.006420612335205078,0.848605577689243,0.848031746031746,0.8452427310488058,0.8680555555555556,0.8996190476190475,0.8576106266467587,full_v4_features,39,39,0,,ksf-v4-idsplit::
classical_ext,svc,10,matern15_med_x3__svc__d10,matern15_med_x3,id_test,fixed_c1,1.0,,0.006420612335205078,0.9076305220883534,0.907258064516129,0.9067643467643467,0.9157509157509157,0.9096129032258065,0.8551803851963894,full_v4_features,39,39,0,,ksf-v4-idsplit::
classical_ext,svc,10,matern15_med_x3__svc__d10,matern15_med_x3,ood_test,fixed_c1,1.0,,0.006420612335205078,0.758,0.7457983193277311,0.7357790151763293,0.8124031007751938,0.7827314131759574,0.7386632472202442,full_v4_features,39,39,0,,ksf-v4-idsplit::
classical_ext,svc,10,matern15_med_x10__svc__d10,matern15_med_x10,id_val,fixed_c1,1.0,,0.013803243637084961,0.8286852589641435,0.8282539682539682,0.8265265120465468,0.8458781362007168,0.9361904761904761,0.9246426356922127,full_v4_features,39,39,0,,ksf-v4-idsplit::
classical_ext,svc,10,matern15_med_x10__svc__d10,matern15_med_x10,id_test,fixed_c1,1.0,,0.013803243637084961,0.8634538152610441,0.8632580645161291,0.8630806055117092,0.8702290076335878,0.9347096774193548,0.931215742446606,full_v4_features,39,39,0,,ksf-v4-idsplit::
classical_ext,svc,10,matern15_med_x10__svc__d10,matern15_med_x10,ood_test,fixed_c1,1.0,,0.013803243637084961,0.76,0.7478991596638656,0.7382929722939493,0.8136645962732919,0.8412823144524985,0.7947912076086059,full_v4_features,39,39,0,,ksf-v4-idsplit::
classical_ext,svc,10,matern25_med_x0.1__svc__d10,matern25_med_x0.1,id_val,fixed_c1,1.0,,0.010163545608520508,0.8764940239043825,0.8763492063492063,0.8762976741228279,0.8812260536398467,0.9245714285714287,0.9093680286393788,full_v4_features,39,39,0,,ksf-v4-idsplit::
classical_ext,svc,10,matern25_med_x0.1__svc__d10,matern25_med_x0.1,id_test,fixed_c1,1.0,,0.010163545608520508,0.8835341365461847,0.8836451612903226,0.8834664730089566,0.8806584362139918,0.95,0.9507176436098841,full_v4_features,39,39,0,,ksf-v4-idsplit::
classical_ext,svc,10,matern25_med_x0.1__svc__d10,matern25_med_x0.1,ood_test,fixed_c1,1.0,,0.010163545608520508,0.802,0.7991372121367631,0.8000799680127949,0.819672131147541,0.8616332028994803,0.8523298845022437,full_v4_features,39,39,0,,ksf-v4-idsplit::
classical_ext,svc,10,matern25_med_x0.3__svc__d10,matern25_med_x0.3,id_val,fixed_c1,1.0,,0.0065152645111083984,0.8725099601593626,0.8721904761904762,0.8716112531969309,0.8823529411764706,0.9608253968253968,0.9469978027317519,full_v4_features,39,39,0,,ksf-v4-idsplit::
classical_ext,svc,10,matern25_med_x0.3__svc__d10,matern25_med_x0.3,id_test,fixed_c1,1.0,,0.0065152645111083984,0.9116465863453815,0.911483870967742,0.9114738202973497,0.9153846153846154,0.9652258064516129,0.9422384021049981,full_v4_features,39,39,0,,ksf-v4-idsplit::
classical_ext,svc,10,matern25_med_x0.3__svc__d10,matern25_med_x0.3,ood_test,fixed_c1,1.0,,0.0065152645111083984,0.8,0.7926101738405286,0.7923450063127118,0.8322147651006712,0.8931297709923663,0.8644559135985399,full_v4_features,39,39,0,,ksf-v4-idsplit::
classical_ext,svc,10,matern25_med_x3__svc__d10,matern25_med_x3,id_val,fixed_c1,1.0,,0.006524085998535156,0.8207171314741036,0.8203174603174603,0.8187725631768954,0.8375451263537906,0.8595555555555555,0.7964224489845749,full_v4_features,39,39,0,,ksf-v4-idsplit::
classical_ext,svc,10,matern25_med_x3__svc__d10,matern25_med_x3,id_test,fixed_c1,1.0,,0.006524085998535156,0.8714859437751004,0.8712580645161291,0.8710178710178711,0.8787878787878788,0.9085806451612902,0.8581784704881813,full_v4_features,39,39,0,,ksf-v4-idsplit::
classical_ext,svc,10,matern25_med_x3__svc__d10,matern25_med_x3,ood_test,fixed_c1,1.0,,0.006524085998535156,0.76,0.7478991596638656,0.7382929722939493,0.8136645962732919,0.7062030919237924,0.6215224007838589,full_v4_features,39,39,0,,ksf-v4-idsplit::
classical_ext,svc,10,matern25_med_x10__svc__d10,matern25_med_x10,id_val,fixed_c1,1.0,,0.009509086608886719,0.7410358565737052,0.7403809523809524,0.7335761059490178,0.7781569965870307,0.9207619047619048,0.9265840760323452,full_v4_features,39,39,0,,ksf-v4-idsplit::
classical_ext,svc,10,matern25_med_x10__svc__d10,matern25_med_x10,id_test,fixed_c1,1.0,,0.009509086608886719,0.7429718875502008,0.742516129032258,0.7394375408763898,0.7697841726618705,0.9114193548387096,0.9188663945245779,full_v4_features,39,39,0,,ksf-v4-idsplit::
classical_ext,svc,10,matern25_med_x10__svc__d10,matern25_med_x10,ood_test,fixed_c1,1.0,,0.009509086608886719,0.72,0.7060747963307461,0.6871592270151414,0.7885196374622356,0.8282442748091604,0.7829166477089003,full_v4_features,39,39,0,,ksf-v4-idsplit::
quantum,svc,10,zz_r1_full__as0.5__svc__d10,zz_r1_full__as0.5,id_val,fixed_c1,1.0,,0.01251983642578125,0.8764940239043825,0.8763174603174603,0.8762110822979143,0.8821292775665399,0.9436825396825396,0.9371489112272047,full_v4_features,39,39,0,,ksf-v4-idsplit::
quantum,svc,10,zz_r1_full__as0.5__svc__d10,zz_r1_full__as0.5,id_test,fixed_c1,1.0,,0.01251983642578125,0.891566265060241,0.8915483870967742,0.891559268996887,0.8924302788844621,0.9485161290322581,0.9353107418342937,full_v4_features,39,39,0,,ksf-v4-idsplit::
quantum,svc,10,zz_r1_full__as0.5__svc__d10,zz_r1_full__as0.5,ood_test,fixed_c1,1.0,,0.01251983642578125,0.78,0.7760279684392841,0.7767857142857143,0.8035714285714286,0.8729713259349541,0.8539721902869335,full_v4_features,39,39,0,,ksf-v4-idsplit::
quantum,svc,10,zz_r2_full__as0.5__svc__d10,zz_r2_full__as0.5,id_val,fixed_c1,1.0,,0.011988162994384766,0.8286852589641435,0.8288571428571428,0.8284129028155356,0.8215767634854771,0.9354920634920635,0.9334415373601609,full_v4_features,39,39,0,,ksf-v4-idsplit::
quantum,svc,10,zz_r2_full__as0.5__svc__d10,zz_r2_full__as0.5,id_test,fixed_c1,1.0,,0.011988162994384766,0.8232931726907631,0.8237741935483871,0.820863309352518,0.8,0.9443225806451613,0.9417020277311986,full_v4_features,39,39,0,,ksf-v4-idsplit::
quantum,svc,10,zz_r2_full__as0.5__svc__d10,zz_r2_full__as0.5,ood_test,fixed_c1,1.0,,0.011988162994384766,0.756,0.7579382898197446,0.7559960959375349,0.7550200803212851,0.863862338828661,0.8598935704564117,full_v4_features,39,39,0,,ksf-v4-idsplit::
quantum,svc,10,pauli_xz_r1_full__as0.5__svc__d10,pauli_xz_r1_full__as0.5,id_val,fixed_c1,1.0,,0.006896257400512695,0.8725099601593626,0.872031746031746,0.8705351386202449,0.8865248226950354,0.9512380952380952,0.9223969016483791,full_v4_features,39,39,0,,ksf-v4-idsplit::
quantum,svc,10,pauli_xz_r1_full__as0.5__svc__d10,pauli_xz_r1_full__as0.5,id_test,fixed_c1,1.0,,0.006896257400512695,0.9076305220883534,0.907258064516129,0.9067643467643467,0.9157509157509157,0.9705806451612902,0.9674496846960645,full_v4_features,39,39,0,,ksf-v4-idsplit::
quantum,svc,10,pauli_xz_r1_full__as0.5__svc__d10,pauli_xz_r1_full__as0.5,ood_test,fixed_c1,1.0,,0.006896257400512695,0.784,0.7731092436974789,0.7678178315905339,0.8291139240506329,0.9084771313105395,0.8868238010479514,full_v4_features,39,39,0,,ksf-v4-idsplit::
quantum,svc,10,zmap_r2__as0.5__svc__d10,zmap_r2__as0.5,id_val,fixed_c1,1.0,,0.00714111328125,0.8725099601593626,0.872031746031746,0.8705351386202449,0.8865248226950354,0.9543492063492063,0.9286472342904688,full_v4_features,39,39,0,,ksf-v4-idsplit::
quantum,svc,10,zmap_r2__as0.5__svc__d10,zmap_r2__as0.5,id_test,fixed_c1,1.0,,0.00714111328125,0.9196787148594378,0.9193548387096775,0.9191033138401559,0.9259259259259259,0.9665806451612904,0.956436999023507,full_v4_features,39,39,0,,ksf-v4-idsplit::
quantum,svc,10,zmap_r2__as0.5__svc__d10,zmap_r2__as0.5,ood_test,fixed_c1,1.0,,0.00714111328125,0.79,0.7794117647058824,0.7750247472777994,0.8330683624801272,0.891654371672333,0.8688661429863871,full_v4_features,39,39,0,,ksf-v4-idsplit::
quantum,svc,10,zz_r1_full__svc__d10,zz_r1_full,id_val,fixed_c1,1.0,,0.010049819946289062,0.8764940239043825,0.8763809523809524,0.8763684319239875,0.8803088803088803,0.9496507936507936,0.9492650537639347,full_v4_features,39,39,0,,ksf-v4-idsplit::
quantum,svc,10,zz_r1_full__svc__d10,zz_r1_full,id_test,fixed_c1,1.0,,0.010049819946289062,0.8875502008032129,0.8876774193548387,0.8874612603305785,0.8842975206611571,0.9538064516129033,0.9286425199350643,full_v4_features,39,39,0,,ksf-v4-idsplit::
quantum,svc,10,zz_r1_full__svc__d10,zz_r1_full,ood_test,fixed_c1,1.0,,0.010049819946289062,0.778,0.774696901661428,0.7754772625216937,0.7992766726943942,0.8772371544037463,0.8652198463775043,full_v4_features,39,39,0,,ksf-v4-idsplit::
quantum,svc,10,zz_r2_full__svc__d10,zz_r2_full,id_val,fixed_c1,1.0,,0.01049184799194336,0.8406374501992032,0.841047619047619,0.839040656662819,0.8230088495575221,0.9406984126984127,0.9413954258756555,full_v4_features,39,39,0,,ksf-v4-idsplit::
quantum,svc,10,zz_r2_full__svc__d10,zz_r2_full,id_test,fixed_c1,1.0,,0.01049184799194336,0.7751004016064257,0.7759032258064515,0.7660402684563759,0.72,0.9332903225806451,0.9359151505397266,full_v4_features,39,39,0,,ksf-v4-idsplit::
quantum,svc,10,zz_r2_full__svc__d10,zz_r2_full,ood_test,fixed_c1,1.0,,0.01049184799194336,0.714,0.7224805952915517,0.708114419147694,0.6666666666666666,0.8655462184873951,0.8758267607225696,full_v4_features,39,39,0,,ksf-v4-idsplit::
quantum,svc,10,pauli_xz_r1_full__svc__d10,pauli_xz_r1_full,id_val,fixed_c1,1.0,,0.00700068473815918,0.8804780876494024,0.8801587301587301,0.8796355498721227,0.8897058823529411,0.9508571428571428,0.9165369362034261,full_v4_features,39,39,0,,ksf-v4-idsplit::
quantum,svc,10,pauli_xz_r1_full__svc__d10,pauli_xz_r1_full,id_test,fixed_c1,1.0,,0.00700068473815918,0.9036144578313253,0.9034516129032257,0.903425985778927,0.9076923076923077,0.9638709677419355,0.9368877505902421,full_v4_features,39,39,0,,ksf-v4-idsplit::
quantum,svc,10,pauli_xz_r1_full__svc__d10,pauli_xz_r1_full,ood_test,fixed_c1,1.0,,0.00700068473815918,0.81,0.8027294887420617,0.8028841166096068,0.8403361344537815,0.8874206171018025,0.8665242958247095,full_v4_features,39,39,0,,ksf-v4-idsplit::
quantum,svc,10,zmap_r2__svc__d10,zmap_r2,id_val,fixed_c1,1.0,,0.0060002803802490234,0.8725099601593626,0.8721904761904762,0.8716112531969309,0.8823529411764706,0.9367619047619048,0.9068842598113065,full_v4_features,39,39,0,,ksf-v4-idsplit::
quantum,svc,10,zmap_r2__svc__d10,zmap_r2,id_test,fixed_c1,1.0,,0.0060002803802490234,0.9156626506024096,0.9155483870967742,0.9155755041413048,0.9182879377431906,0.9596129032258063,0.9205180855125614,full_v4_features,39,39,0,,ksf-v4-idsplit::
quantum,svc,10,zmap_r2__svc__d10,zmap_r2,ood_test,fixed_c1,1.0,,0.0060002803802490234,0.808,0.8021681955224838,0.8029556650246306,0.8344827586206897,0.8878215408300726,0.8507181329744494,full_v4_features,39,39,0,,ksf-v4-idsplit::
quantum,svc,10,zz_r1_full__as2__svc__d10,zz_r1_full__as2,id_val,fixed_c1,1.0,,0.011652231216430664,0.8446215139442231,0.8447301587301588,0.8445326768839831,0.8408163265306122,0.9486984126984127,0.9484307720063803,full_v4_features,39,39,0,,ksf-v4-idsplit::
quantum,svc,10,zz_r1_full__as2__svc__d10,zz_r1_full__as2,id_test,fixed_c1,1.0,,0.011652231216430664,0.8313253012048193,0.8317419354838709,0.8296076642335766,0.8125,0.9520000000000001,0.9394956985327376,full_v4_features,39,39,0,,ksf-v4-idsplit::
quantum,svc,10,zz_r1_full__as2__svc__d10,zz_r1_full__as2,ood_test,fixed_c1,1.0,,0.011652231216430664,0.76,0.7602155365963179,0.7597539880837978,0.7674418604651163,0.8723138110205915,0.8831000188889022,full_v4_features,39,39,0,,ksf-v4-idsplit::
quantum,svc,10,zz_r2_full__as2__svc__d10,zz_r2_full__as2,id_val,fixed_c1,1.0,,0.012997150421142578,0.8326693227091634,0.8331746031746032,0.8300773694390715,0.8090909090909091,0.9338412698412699,0.9372531771065151,full_v4_features,39,39,0,,ksf-v4-idsplit::
quantum,svc,10,zz_r2_full__as2__svc__d10,zz_r2_full__as2,id_test,fixed_c1,1.0,,0.012997150421142578,0.7670682730923695,0.7679354838709678,0.7560143262603054,0.7040816326530612,0.9349677419354839,0.9425888660327636,full_v4_features,39,39,0,,ksf-v4-idsplit::
quantum,svc,10,zz_r2_full__as2__svc__d10,zz_r2_full__as2,ood_test,fixed_c1,1.0,,0.012997150421142578,0.696,0.7068445698890243,0.684364409595322,0.6237623762376238,0.8617294245942653,0.880070839896349,full_v4_features,39,39,0,,ksf-v4-idsplit::
quantum,svc,10,pauli_xz_r1_full__as2__svc__d10,pauli_xz_r1_full__as2,id_val,fixed_c1,1.0,,0.009000062942504883,0.8884462151394422,0.8882857142857143,0.8882315521628499,0.8931297709923665,0.9346666666666668,0.8948024060711119,full_v4_features,39,39,0,,ksf-v4-idsplit::
quantum,svc,10,pauli_xz_r1_full__as2__svc__d10,pauli_xz_r1_full__as2,id_test,fixed_c1,1.0,,0.009000062942504883,0.8955823293172691,0.8955806451612903,0.8955806451612903,0.896,0.9584516129032258,0.9533625611101435,full_v4_features,39,39,0,,ksf-v4-idsplit::
quantum,svc,10,pauli_xz_r1_full__as2__svc__d10,pauli_xz_r1_full__as2,ood_test,fixed_c1,1.0,,0.009000062942504883,0.79,0.7865321701199564,0.7874278773155178,0.8108108108108109,0.8806209506703444,0.8516527392866955,full_v4_features,39,39,0,,ksf-v4-idsplit::
quantum,svc,10,zmap_r2__as2__svc__d10,zmap_r2__as2,id_val,fixed_c1,1.0,,0.0076601505279541016,0.8645418326693227,0.8643174603174604,0.8640563272588251,0.8721804511278195,0.9387936507936507,0.9174741444404431,full_v4_features,39,39,0,,ksf-v4-idsplit::
quantum,svc,10,zmap_r2__as2__svc__d10,zmap_r2__as2,id_test,fixed_c1,1.0,,0.0076601505279541016,0.8955823293172691,0.8955806451612903,0.8955806451612903,0.896,0.9478064516129032,0.9345201441597326,full_v4_features,39,39,0,,ksf-v4-idsplit::
quantum,svc,10,zmap_r2__as2__svc__d10,zmap_r2__as2,ood_test,fixed_c1,1.0,,0.0076601505279541016,0.808,0.8033228558599013,0.8043818466353678,0.8309859154929577,0.8935948425171595,0.884468187495828,full_v4_features,39,39,0,,ksf-v4-idsplit::
classical_ext,svc,12,linear__svc__d12,linear,id_val,fixed_c1,1.0,,0.006018400192260742,0.8247011952191236,0.8244444444444444,0.8238933537441,0.835820895522388,0.8327619047619047,0.6979306287821789,full_v4_features,39,39,0,,ksf-v4-idsplit::
classical_ext,svc,12,linear__svc__d12,linear,id_test,fixed_c1,1.0,,0.006018400192260742,0.8473895582329317,0.8474193548387097,0.8473870967741935,0.8467741935483871,0.8620645161290321,0.7544278260097648,full_v4_features,39,39,0,,ksf-v4-idsplit::
classical_ext,svc,12,linear__svc__d12,linear,ood_test,fixed_c1,1.0,,0.006018400192260742,0.792,0.7817050484315864,0.7778954741931625,0.8338658146964856,0.7261690935916351,0.6454841716085801,full_v4_features,39,39,0,,ksf-v4-idsplit::
classical_ext,svc,12,rbf_gscale__svc__d12,rbf_gscale,id_val,fixed_c1,1.0,,0.004999637603759766,0.8645418326693227,0.864031746031746,0.8621591936942758,0.8802816901408451,0.9533333333333333,0.9312198816009215,full_v4_features,39,39,0,,ksf-v4-idsplit::
classical_ext,svc,12,rbf_gscale__svc__d12,rbf_gscale,id_test,fixed_c1,1.0,,0.004999637603759766,0.9076305220883534,0.907258064516129,0.9067643467643467,0.9157509157509157,0.974516129032258,0.9718506581372726,full_v4_features,39,39,0,,ksf-v4-idsplit::
classical_ext,svc,12,rbf_gscale__svc__d12,rbf_gscale,ood_test,fixed_c1,1.0,,0.004999637603759766,0.784,0.7731092436974789,0.7678178315905339,0.8291139240506329,0.8612162422220796,0.8293695142756996,full_v4_features,39,39,0,,ksf-v4-idsplit::
classical_ext,svc,12,poly2__svc__d12,poly2,id_val,fixed_c1,1.0,,0.006567716598510742,0.8286852589641435,0.8282222222222222,0.8262024766106826,0.8469750889679716,0.8758095238095237,0.8246488742499889,full_v4_features,39,39,0,,ksf-v4-idsplit::
classical_ext,svc,12,poly2__svc__d12,poly2,id_test,fixed_c1,1.0,,0.006567716598510742,0.8995983935742972,0.899258064516129,0.8988084594502332,0.9077490774907749,0.9156129032258064,0.8747848009008107,full_v4_features,39,39,0,,ksf-v4-idsplit::
classical_ext,svc,12,poly2__svc__d12,poly2,ood_test,fixed_c1,1.0,,0.006567716598510742,0.758,0.7457983193277311,0.7357790151763293,0.8124031007751938,0.6939508627878633,0.599208429810068,full_v4_features,39,39,0,,ksf-v4-idsplit::
classical_ext,svc,12,poly3__svc__d12,poly3,id_val,fixed_c1,1.0,,0.008000373840332031,0.848605577689243,0.848031746031746,0.8452427310488058,0.8680555555555556,0.8938412698412698,0.8461026350393427,full_v4_features,39,39,0,,ksf-v4-idsplit::
classical_ext,svc,12,poly3__svc__d12,poly3,id_test,fixed_c1,1.0,,0.008000373840332031,0.9076305220883534,0.907258064516129,0.9067643467643467,0.9157509157509157,0.9129677419354838,0.8600549772759954,full_v4_features,39,39,0,,ksf-v4-idsplit::
classical_ext,svc,12,poly3__svc__d12,poly3,ood_test,fixed_c1,1.0,,0.008000373840332031,0.758,0.7457983193277311,0.7357790151763293,0.8124031007751938,0.7638238501507473,0.7115860341234893,full_v4_features,39,39,0,,ksf-v4-idsplit::
classical_ext,svc,12,laplacian_med__svc__d12,laplacian_med,id_val,fixed_c1,1.0,,0.006000041961669922,0.8685258964143426,0.868031746031746,0.8663536473207802,0.8833922261484098,0.9697142857142858,0.9658342339516204,full_v4_features,39,39,0,,ksf-v4-idsplit::
classical_ext,svc,12,laplacian_med__svc__d12,laplacian_med,id_test,fixed_c1,1.0,,0.006000041961669922,0.9116465863453815,0.9113225806451613,0.9110136452241715,0.9185185185185185,0.9696774193548388,0.9630535031076883,full_v4_features,39,39,0,,ksf-v4-idsplit::
classical_ext,svc,12,laplacian_med__svc__d12,laplacian_med,ood_test,fixed_c1,1.0,,0.006000041961669922,0.792,0.7815126050420168,0.7774125059927403,0.8343949044585988,0.8950542048880622,0.8976503923245748,full_v4_features,39,39,0,,ksf-v4-idsplit::
classical_ext,svc,12,matern15_med__svc__d12,matern15_med,id_val,fixed_c1,1.0,,0.005518674850463867,0.8645418326693227,0.864031746031746,0.8621591936942758,0.8802816901408451,0.9570158730158729,0.9387082709078057,full_v4_features,39,39,0,,ksf-v4-idsplit::
classical_ext,svc,12,matern15_med__svc__d12,matern15_med,id_test,fixed_c1,1.0,,0.005518674850463867,0.9076305220883534,0.907258064516129,0.9067643467643467,0.9157509157509157,0.9710967741935485,0.9682263932288268,full_v4_features,39,39,0,,ksf-v4-idsplit::
classical_ext,svc,12,matern15_med__svc__d12,matern15_med,ood_test,fixed_c1,1.0,,0.005518674850463867,0.784,0.7731092436974789,0.7678178315905339,0.8291139240506329,0.8506639296940149,0.815359141520672,full_v4_features,39,39,0,,ksf-v4-idsplit::
classical_ext,svc,12,matern25_med__svc__d12,matern25_med,id_val,fixed_c1,1.0,,0.006653785705566406,0.8645418326693227,0.864031746031746,0.8621591936942758,0.8802816901408451,0.9373968253968253,0.8956253385837251,full_v4_features,39,39,0,,ksf-v4-idsplit::
classical_ext,svc,12,matern25_med__svc__d12,matern25_med,id_test,fixed_c1,1.0,,0.006653785705566406,0.9076305220883534,0.907258064516129,0.9067643467643467,0.9157509157509157,0.9653548387096774,0.9543713963915859,full_v4_features,39,39,0,,ksf-v4-idsplit::
classical_ext,svc,12,matern25_med__svc__d12,matern25_med,ood_test,fixed_c1,1.0,,0.006653785705566406,0.782,0.7710084033613445,0.76540069131466,0.8278041074249605,0.8136987619475271,0.7611862285172359,full_v4_features,39,39,0,,ksf-v4-idsplit::
classical_ext,svc,12,rbf_gscale_x0.1__svc__d12,rbf_gscale_x0.1,id_val,fixed_c1,1.0,,0.007999897003173828,0.8366533864541833,0.8361904761904762,0.8342860823497207,0.8540925266903915,0.858095238095238,0.7834040045960756,full_v4_features,39,39,0,,ksf-v4-idsplit::
classical_ext,svc,12,rbf_gscale_x0.1__svc__d12,rbf_gscale_x0.1,id_test,fixed_c1,1.0,,0.007999897003173828,0.891566265060241,0.8912903225806452,0.8909966438056325,0.898876404494382,0.9092903225806451,0.8632504407735622,full_v4_features,39,39,0,,ksf-v4-idsplit::
classical_ext,svc,12,rbf_gscale_x0.1__svc__d12,rbf_gscale_x0.1,ood_test,fixed_c1,1.0,,0.007999897003173828,0.76,0.7478991596638656,0.7382929722939493,0.8136645962732919,0.699595868881904,0.6347123926398544,full_v4_features,39,39,0,,ksf-v4-idsplit::
classical_ext,svc,12,rbf_gscale_x0.3__svc__d12,rbf_gscale_x0.3,id_val,fixed_c1,1.0,,0.011278152465820312,0.848605577689243,0.848031746031746,0.8452427310488058,0.8680555555555556,0.900952380952381,0.856066097365253,full_v4_features,39,39,0,,ksf-v4-idsplit::
classical_ext,svc,12,rbf_gscale_x0.3__svc__d12,rbf_gscale_x0.3,id_test,fixed_c1,1.0,,0.011278152465820312,0.9076305220883534,0.907258064516129,0.9067643467643467,0.9157509157509157,0.938709677419355,0.8990595335558561,full_v4_features,39,39,0,,ksf-v4-idsplit::
classical_ext,svc,12,rbf_gscale_x0.3__svc__d12,rbf_gscale_x0.3,ood_test,fixed_c1,1.0,,0.011278152465820312,0.758,0.7457983193277311,0.7357790151763293,0.8124031007751938,0.7729649111553019,0.7134180293043677,full_v4_features,39,39,0,,ksf-v4-idsplit::
classical_ext,svc,12,rbf_gscale_x3__svc__d12,rbf_gscale_x3,id_val,fixed_c1,1.0,,0.006997346878051758,0.8844621513944223,0.8840317460317461,0.8830062523104618,0.8960573476702509,0.9603809523809523,0.954653666214796,full_v4_features,39,39,0,,ksf-v4-idsplit::
classical_ext,svc,12,rbf_gscale_x3__svc__d12,rbf_gscale_x3,id_test,fixed_c1,1.0,,0.006997346878051758,0.9116465863453815,0.9113548387096775,0.9111291369240753,0.917910447761194,0.9668387096774194,0.9589386428215373,full_v4_features,39,39,0,,ksf-v4-idsplit::
classical_ext,svc,12,rbf_gscale_x3__svc__d12,rbf_gscale_x3,ood_test,fixed_c1,1.0,,0.006997346878051758,0.792,0.7818974918211559,0.7783687943262412,0.8333333333333334,0.8881102059144269,0.8715562606031013,full_v4_features,39,39,0,,ksf-v4-idsplit::
classical_ext,svc,12,rbf_gscale_x10__svc__d12,rbf_gscale_x10,id_val,fixed_c1,1.0,,0.006002187728881836,0.8884462151394422,0.8882222222222222,0.8880463871543265,0.8947368421052632,0.9518730158730159,0.9429962665320575,full_v4_features,39,39,0,,ksf-v4-idsplit::
classical_ext,svc,12,rbf_gscale_x10__svc__d12,rbf_gscale_x10,id_test,fixed_c1,1.0,,0.006002187728881836,0.891566265060241,0.8915483870967742,0.891559268996887,0.8924302788844621,0.9589032258064515,0.9416518634853174,full_v4_features,39,39,0,,ksf-v4-idsplit::
classical_ext,svc,12,rbf_gscale_x10__svc__d12,rbf_gscale_x10,ood_test,fixed_c1,1.0,,0.006002187728881836,0.79,0.785762396561678,0.7866122561790994,0.8134991119005328,0.8777824106741934,0.8421805281152823,full_v4_features,39,39,0,,ksf-v4-idsplit::
classical_ext,svc,12,laplacian_med_x0.1__svc__d12,laplacian_med_x0.1,id_val,fixed_c1,1.0,,0.013999462127685547,0.8764940239043825,0.8763492063492063,0.8762976741228279,0.8812260536398467,0.952,0.9406348029543483,full_v4_features,39,39,0,,ksf-v4-idsplit::
classical_ext,svc,12,laplacian_med_x0.1__svc__d12,laplacian_med_x0.1,id_test,fixed_c1,1.0,,0.013999462127685547,0.8835341365461847,0.8836451612903226,0.8834664730089566,0.8806584362139918,0.9576129032258064,0.9583235838594579,full_v4_features,39,39,0,,ksf-v4-idsplit::
classical_ext,svc,12,laplacian_med_x0.1__svc__d12,laplacian_med_x0.1,ood_test,fixed_c1,1.0,,0.013999462127685547,0.796,0.793604464686638,0.794407894736842,0.8125,0.8818878696516774,0.8893810889911924,full_v4_features,39,39,0,,ksf-v4-idsplit::
classical_ext,svc,12,laplacian_med_x0.3__svc__d12,laplacian_med_x0.3,id_val,fixed_c1,1.0,,0.007999658584594727,0.8804780876494024,0.8801587301587301,0.8796355498721227,0.8897058823529411,0.9648253968253968,0.9585321876990354,full_v4_features,39,39,0,,ksf-v4-idsplit::
classical_ext,svc,12,laplacian_med_x0.3__svc__d12,laplacian_med_x0.3,id_test,fixed_c1,1.0,,0.007999658584594727,0.9196787148594378,0.9195806451612902,0.9196151859504132,0.921875,0.9639354838709677,0.9645086391727715,full_v4_features,39,39,0,,ksf-v4-idsplit::
classical_ext,svc,12,laplacian_med_x0.3__svc__d12,laplacian_med_x0.3,ood_test,fixed_c1,1.0,,0.007999658584594727,0.782,0.7771665918275708,0.777767810177011,0.8084358523725835,0.8862018089678619,0.878587410807642,full_v4_features,39,39,0,,ksf-v4-idsplit::
classical_ext,svc,12,laplacian_med_x3__svc__d12,laplacian_med_x3,id_val,fixed_c1,1.0,,0.00600123405456543,0.8645418326693227,0.864031746031746,0.8621591936942758,0.8802816901408451,0.9365079365079365,0.8774548777487466,full_v4_features,39,39,0,,ksf-v4-idsplit::
classical_ext,svc,12,laplacian_med_x3__svc__d12,laplacian_med_x3,id_test,fixed_c1,1.0,,0.00600123405456543,0.9036144578313253,0.9032258064516129,0.9026329509906152,0.9124087591240876,0.9572258064516129,0.9281070966859654,full_v4_features,39,39,0,,ksf-v4-idsplit::
classical_ext,svc,12,laplacian_med_x3__svc__d12,laplacian_med_x3,ood_test,fixed_c1,1.0,,0.00600123405456543,0.784,0.7731092436974789,0.7678178315905339,0.8291139240506329,0.8497017127461671,0.811154015274572,full_v4_features,39,39,0,,ksf-v4-idsplit::
classical_ext,svc,12,laplacian_med_x10__svc__d12,laplacian_med_x10,id_val,fixed_c1,1.0,,0.006999492645263672,0.848605577689243,0.848031746031746,0.8452427310488058,0.8680555555555556,0.9262222222222222,0.8556129868512888,full_v4_features,39,39,0,,ksf-v4-idsplit::
classical_ext,svc,12,laplacian_med_x10__svc__d12,laplacian_med_x10,id_test,fixed_c1,1.0,,0.006999492645263672,0.9036144578313253,0.9032258064516129,0.9026329509906152,0.9124087591240876,0.9414838709677418,0.8988781001929379,full_v4_features,39,39,0,,ksf-v4-idsplit::
classical_ext,svc,12,laplacian_med_x10__svc__d12,laplacian_med_x10,ood_test,fixed_c1,1.0,,0.006999492645263672,0.758,0.7457983193277311,0.7357790151763293,0.8124031007751938,0.8036917056899097,0.7382575950736916,full_v4_features,39,39,0,,ksf-v4-idsplit::
classical_ext,svc,12,matern15_med_x0.1__svc__d12,matern15_med_x0.1,id_val,fixed_c1,1.0,,0.010999679565429688,0.8725099601593626,0.8723809523809524,0.8723458359821996,0.8769230769230769,0.9384126984126984,0.9491731147184675,full_v4_features,39,39,0,,ksf-v4-idsplit::
classical_ext,svc,12,matern15_med_x0.1__svc__d12,matern15_med_x0.1,id_test,fixed_c1,1.0,,0.010999679565429688,0.8634538152610441,0.8636451612903225,0.8631868131868132,0.8571428571428571,0.9464516129032258,0.9471046991938069,full_v4_features,39,39,0,,ksf-v4-idsplit::
classical_ext,svc,12,matern15_med_x0.1__svc__d12,matern15_med_x0.1,ood_test,fixed_c1,1.0,,0.010999679565429688,0.8,0.7974212585797678,0.7982927498346,0.8168498168498168,0.8644557059465008,0.8607298978544007,full_v4_features,39,39,0,,ksf-v4-idsplit::
classical_ext,svc,12,matern15_med_x0.3__svc__d12,matern15_med_x0.3,id_val,fixed_c1,1.0,,0.0072710514068603516,0.8764940239043825,0.8761904761904762,0.8757048609447133,0.8856088560885609,0.963111111111111,0.9483814815106034,full_v4_features,39,39,0,,ksf-v4-idsplit::
classical_ext,svc,12,matern15_med_x0.3__svc__d12,matern15_med_x0.3,id_test,fixed_c1,1.0,,0.0072710514068603516,0.9036144578313253,0.9035161290322581,0.9035382231404958,0.90625,0.9655483870967742,0.9467556320732992,full_v4_features,39,39,0,,ksf-v4-idsplit::
classical_ext,svc,12,matern15_med_x0.3__svc__d12,matern15_med_x0.3,ood_test,fixed_c1,1.0,,0.0072710514068603516,0.78,0.774295977933158,0.7745125371029371,0.8096885813148789,0.8833793059208416,0.8555136921644462,full_v4_features,39,39,0,,ksf-v4-idsplit::
classical_ext,svc,12,matern15_med_x3__svc__d12,matern15_med_x3,id_val,fixed_c1,1.0,,0.006999969482421875,0.848605577689243,0.848031746031746,0.8452427310488058,0.8680555555555556,0.8903492063492063,0.8327885983888725,full_v4_features,39,39,0,,ksf-v4-idsplit::
classical_ext,svc,12,matern15_med_x3__svc__d12,matern15_med_x3,id_test,fixed_c1,1.0,,0.006999969482421875,0.9076305220883534,0.907258064516129,0.9067643467643467,0.9157509157509157,0.9172258064516129,0.8696900699024193,full_v4_features,39,39,0,,ksf-v4-idsplit::
classical_ext,svc,12,matern15_med_x3__svc__d12,matern15_med_x3,ood_test,fixed_c1,1.0,,0.006999969482421875,0.758,0.7457983193277311,0.7357790151763293,0.8124031007751938,0.7703508884469819,0.7226291393870803,full_v4_features,39,39,0,,ksf-v4-idsplit::
classical_ext,svc,12,matern15_med_x10__svc__d12,matern15_med_x10,id_val,fixed_c1,1.0,,0.008089542388916016,0.8286852589641435,0.8282222222222222,0.8262024766106826,0.8469750889679716,0.9313015873015873,0.9135372819878026,full_v4_features,39,39,0,,ksf-v4-idsplit::
classical_ext,svc,12,matern15_med_x10__svc__d12,matern15_med_x10,id_test,fixed_c1,1.0,,0.008089542388916016,0.8755020080321285,0.8752580645161291,0.8749858288120496,0.8830188679245283,0.9323870967741934,0.9207056340233368,full_v4_features,39,39,0,,ksf-v4-idsplit::
classical_ext,svc,12,matern15_med_x10__svc__d12,matern15_med_x10,ood_test,fixed_c1,1.0,,0.008089542388916016,0.762,0.75,0.740798341109383,0.8149300155520995,0.8296715632818012,0.7773854342014983,full_v4_features,39,39,0,,ksf-v4-idsplit::
classical_ext,svc,12,matern25_med_x0.1__svc__d12,matern25_med_x0.1,id_val,fixed_c1,1.0,,0.01324462890625,0.8725099601593626,0.8723809523809524,0.8723458359821996,0.8769230769230769,0.9327619047619048,0.9455423884778286,full_v4_features,39,39,0,,ksf-v4-idsplit::
classical_ext,svc,12,matern25_med_x0.1__svc__d12,matern25_med_x0.1,id_test,fixed_c1,1.0,,0.01324462890625,0.8594377510040161,0.8596774193548387,0.8589919909392444,0.851063829787234,0.9452903225806452,0.9468520758484024,full_v4_features,39,39,0,,ksf-v4-idsplit::
classical_ext,svc,12,matern25_med_x0.1__svc__d12,matern25_med_x0.1,ood_test,fixed_c1,1.0,,0.01324462890625,0.798,0.7955128616332029,0.7963504385522735,0.8146788990825689,0.8621303483225351,0.8635066007850438,full_v4_features,39,39,0,,ksf-v4-idsplit::
classical_ext,svc,12,matern25_med_x0.3__svc__d12,matern25_med_x0.3,id_val,fixed_c1,1.0,,0.006448030471801758,0.8764940239043825,0.8761904761904762,0.8757048609447133,0.8856088560885609,0.9634285714285714,0.9446701358319296,full_v4_features,39,39,0,,ksf-v4-idsplit::
classical_ext,svc,12,matern25_med_x0.3__svc__d12,matern25_med_x0.3,id_test,fixed_c1,1.0,,0.006448030471801758,0.8995983935742972,0.899483870967742,0.8994946477872677,0.9027237354085603,0.9660645161290323,0.9472030923066729,full_v4_features,39,39,0,,ksf-v4-idsplit::
classical_ext,svc,12,matern25_med_x0.3__svc__d12,matern25_med_x0.3,ood_test,fixed_c1,1.0,,0.006448030471801758,0.794,0.7880396433382513,0.7884480301019968,0.8227194492254734,0.8883186862531273,0.8636919547839084,full_v4_features,39,39,0,,ksf-v4-idsplit::
classical_ext,svc,12,matern25_med_x3__svc__d12,matern25_med_x3,id_val,fixed_c1,1.0,,0.0060040950775146484,0.8326693227091634,0.8322222222222222,0.8304054054054054,0.85,0.8586666666666667,0.7879517030858918,full_v4_features,39,39,0,,ksf-v4-idsplit::
classical_ext,svc,12,matern25_med_x3__svc__d12,matern25_med_x3,id_test,fixed_c1,1.0,,0.0060040950775146484,0.8875502008032129,0.887258064516129,0.8868916288124595,0.8955223880597015,0.9111612903225806,0.8693124316953305,full_v4_features,39,39,0,,ksf-v4-idsplit::
classical_ext,svc,12,matern25_med_x3__svc__d12,matern25_med_x3,ood_test,fixed_c1,1.0,,0.0060040950775146484,0.76,0.7478991596638656,0.7382929722939493,0.8136645962732919,0.6926679068573994,0.6093226430019116,full_v4_features,39,39,0,,ksf-v4-idsplit::
classical_ext,svc,12,matern25_med_x10__svc__d12,matern25_med_x10,id_val,fixed_c1,1.0,,0.010411977767944336,0.7450199203187251,0.7443809523809524,0.7380300065231572,0.7808219178082192,0.9161269841269841,0.9143315911502443,full_v4_features,39,39,0,,ksf-v4-idsplit::
classical_ext,svc,12,matern25_med_x10__svc__d12,matern25_med_x10,id_test,fixed_c1,1.0,,0.010411977767944336,0.7429718875502008,0.742516129032258,0.7394375408763898,0.7697841726618705,0.9086451612903225,0.9112907750666482,full_v4_features,39,39,0,,ksf-v4-idsplit::
classical_ext,svc,12,matern25_med_x10__svc__d12,matern25_med_x10,ood_test,fixed_c1,1.0,,0.010411977767944336,0.722,0.7081756366668805,0.6898415291035751,0.789712556732224,0.8157675283854,0.7605856172086312,full_v4_features,39,39,0,,ksf-v4-idsplit::
quantum,svc,12,zz_r1_full__as0.5__svc__d12,zz_r1_full__as0.5,id_val,fixed_c1,1.0,,0.010999441146850586,0.8725099601593626,0.8723492063492063,0.872264631043257,0.8778625954198473,0.9469841269841269,0.9490626898922983,full_v4_features,39,39,0,,ksf-v4-idsplit::
quantum,svc,12,zz_r1_full__as0.5__svc__d12,zz_r1_full__as0.5,id_test,fixed_c1,1.0,,0.010999441146850586,0.891566265060241,0.8916451612903226,0.891538275389207,0.889795918367347,0.9516129032258065,0.9300932230291314,full_v4_features,39,39,0,,ksf-v4-idsplit::
quantum,svc,12,zz_r1_full__as0.5__svc__d12,zz_r1_full__as0.5,ood_test,fixed_c1,1.0,,0.010999441146850586,0.782,0.778321252164988,0.77912956786396,0.8043087971274686,0.8738052472897556,0.8538188661027007,full_v4_features,39,39,0,,ksf-v4-idsplit::
quantum,svc,12,zz_r2_full__as0.5__svc__d12,zz_r2_full__as0.5,id_val,fixed_c1,1.0,,0.01005244255065918,0.8286852589641435,0.8289523809523809,0.827986293728584,0.8170212765957446,0.9415873015873016,0.9432635420738735,full_v4_features,39,39,0,,ksf-v4-idsplit::
quantum,svc,12,zz_r2_full__as0.5__svc__d12,zz_r2_full__as0.5,id_test,fixed_c1,1.0,,0.01005244255065918,0.7911646586345381,0.7918064516129033,0.7859126984126984,0.7523809523809524,0.9420645161290323,0.9432160092865703,full_v4_features,39,39,0,,ksf-v4-idsplit::
quantum,svc,12,zz_r2_full__as0.5__svc__d12,zz_r2_full__as0.5,ood_test,fixed_c1,1.0,,0.01005244255065918,0.742,0.7480434922060427,0.7398931343885473,0.7164835164835165,0.8619379049329656,0.8650346694553812,full_v4_features,39,39,0,,ksf-v4-idsplit::
quantum,svc,12,pauli_xz_r1_full__as0.5__svc__d12,pauli_xz_r1_full__as0.5,id_val,fixed_c1,1.0,,0.005999565124511719,0.8725099601593626,0.872031746031746,0.8705351386202449,0.8865248226950354,0.9636190476190477,0.9465301436775619,full_v4_features,39,39,0,,ksf-v4-idsplit::
quantum,svc,12,pauli_xz_r1_full__as0.5__svc__d12,pauli_xz_r1_full__as0.5,id_test,fixed_c1,1.0,,0.005999565124511719,0.9156626506024096,0.9153225806451613,0.9149991059381959,0.922509225092251,0.9748387096774194,0.9732424748272476,full_v4_features,39,39,0,,ksf-v4-idsplit::
quantum,svc,12,pauli_xz_r1_full__as0.5__svc__d12,pauli_xz_r1_full__as0.5,ood_test,fixed_c1,1.0,,0.005999565124511719,0.788,0.7773109243697479,0.7726297726297726,0.8317460317460318,0.8933061774328052,0.8766696630871124,full_v4_features,39,39,0,,ksf-v4-idsplit::
quantum,svc,12,zmap_r2__as0.5__svc__d12,zmap_r2__as0.5,id_val,fixed_c1,1.0,,0.00703120231628418,0.8764940239043825,0.876031746031746,0.8747041110449107,0.8896797153024911,0.9674285714285714,0.9599674716207135,full_v4_features,39,39,0,,ksf-v4-idsplit::
quantum,svc,12,zmap_r2__as0.5__svc__d12,zmap_r2__as0.5,id_test,fixed_c1,1.0,,0.00703120231628418,0.9156626506024096,0.9153548387096775,0.9151150143666499,0.9219330855018587,0.9682580645161291,0.9622625460089824,full_v4_features,39,39,0,,ksf-v4-idsplit::
quantum,svc,12,zmap_r2__as0.5__svc__d12,zmap_r2__as0.5,ood_test,fixed_c1,1.0,,0.00703120231628418,0.79,0.7794117647058824,0.7750247472777994,0.8330683624801272,0.8859772916800308,0.859845715110762,full_v4_features,39,39,0,,ksf-v4-idsplit::
quantum,svc,12,zz_r1_full__svc__d12,zz_r1_full,id_val,fixed_c1,1.0,,0.013071060180664062,0.8685258964143426,0.8684444444444444,0.8684507265941397,0.8715953307392996,0.9535238095238096,0.9544297324152002,full_v4_features,39,39,0,,ksf-v4-idsplit::
quantum,svc,12,zz_r1_full__svc__d12,zz_r1_full,id_test,fixed_c1,1.0,,0.013071060180664062,0.8554216867469879,0.8556774193548387,0.8548951048951049,0.8461538461538461,0.9516774193548386,0.9324826558482053,full_v4_features,39,39,0,,ksf-v4-idsplit::
quantum,svc,12,zz_r1_full__svc__d12,zz_r1_full,ood_test,fixed_c1,1.0,,0.013071060180664062,0.786,0.7840624799538136,0.7846900542903021,0.8014842300556586,0.875665533388928,0.8593344179855893,full_v4_features,39,39,0,,ksf-v4-idsplit::
quantum,svc,12,zz_r2_full__svc__d12,zz_r2_full,id_val,fixed_c1,1.0,,0.012603521347045898,0.8286852589641435,0.8292063492063492,0.8258547525695016,0.8036529680365296,0.9393650793650794,0.9425385857036381,full_v4_features,39,39,0,,ksf-v4-idsplit::
quantum,svc,12,zz_r2_full__svc__d12,zz_r2_full,id_test,fixed_c1,1.0,,0.012603521347045898,0.7590361445783133,0.7599032258064516,0.7476010271658332,0.6938775510204082,0.934516129032258,0.938872355646599,full_v4_features,39,39,0,,ksf-v4-idsplit::
quantum,svc,12,zz_r2_full__svc__d12,zz_r2_full,ood_test,fixed_c1,1.0,,0.012603521347045898,0.706,0.7161941112322792,0.6963801073203375,0.6423357664233577,0.8549778690101996,0.853490420290319,full_v4_features,39,39,0,,ksf-v4-idsplit::
quantum,svc,12,pauli_xz_r1_full__svc__d12,pauli_xz_r1_full,id_val,fixed_c1,1.0,,0.007477521896362305,0.8844621513944223,0.8841587301587301,0.8837239021740867,0.8929889298892989,0.9603174603174602,0.943947883732803,full_v4_features,39,39,0,,ksf-v4-idsplit::
quantum,svc,12,pauli_xz_r1_full__svc__d12,pauli_xz_r1_full,id_test,fixed_c1,1.0,,0.007477521896362305,0.891566265060241,0.8914516129032258,0.8914542196102491,0.8949416342412452,0.964258064516129,0.9427394892656301,full_v4_features,39,39,0,,ksf-v4-idsplit::
quantum,svc,12,pauli_xz_r1_full__svc__d12,pauli_xz_r1_full,ood_test,fixed_c1,1.0,,0.007477521896362305,0.798,0.791471550452242,0.7916933065490799,0.82793867120954,0.8969946757328886,0.8815745188287799,full_v4_features,39,39,0,,ksf-v4-idsplit::
quantum,svc,12,zmap_r2__svc__d12,zmap_r2,id_val,fixed_c1,1.0,,0.007512569427490234,0.8844621513944223,0.8841904761904762,0.8838648946184406,0.8921933085501859,0.9452698412698413,0.9319777761109231,full_v4_features,39,39,0,,ksf-v4-idsplit::
quantum,svc,12,zmap_r2__svc__d12,zmap_r2,id_test,fixed_c1,1.0,,0.007512569427490234,0.9076305220883534,0.9076129032258065,0.9076245624788296,0.9083665338645418,0.9512903225806452,0.9244146252812889,full_v4_features,39,39,0,,ksf-v4-idsplit::
quantum,svc,12,zmap_r2__svc__d12,zmap_r2,ood_test,fixed_c1,1.0,,0.007512569427490234,0.77,0.7664859837064597,0.767182913250329,0.7927927927927928,0.8677593174674451,0.8291964845829103,full_v4_features,39,39,0,,ksf-v4-idsplit::
quantum,svc,12,zz_r1_full__as2__svc__d12,zz_r1_full__as2,id_val,fixed_c1,1.0,,0.011905670166015625,0.8446215139442231,0.8448571428571429,0.8441366133269644,0.8354430379746836,0.9530158730158731,0.9532951532951469,full_v4_features,39,39,0,,ksf-v4-idsplit::
quantum,svc,12,zz_r1_full__as2__svc__d12,zz_r1_full__as2,id_test,fixed_c1,1.0,,0.011905670166015625,0.8032128514056225,0.8038387096774193,0.798520402265634,0.7677725118483413,0.9536129032258065,0.951500974611105,full_v4_features,39,39,0,,ksf-v4-idsplit::
quantum,svc,12,zz_r1_full__as2__svc__d12,zz_r1_full__as2,ood_test,fixed_c1,1.0,,0.011905670166015625,0.722,0.727997305792546,0.7197298114729307,0.6945054945054945,0.8731798062736544,0.8625682448903237,full_v4_features,39,39,0,,ksf-v4-idsplit::
quantum,svc,12,zz_r2_full__as2__svc__d12,zz_r2_full__as2,id_val,fixed_c1,1.0,,0.014005661010742188,0.8326693227091634,0.8332380952380952,0.8293512043512044,0.8055555555555556,0.9376507936507936,0.9439102341354946,full_v4_features,39,39,0,,ksf-v4-idsplit::
quantum,svc,12,zz_r2_full__as2__svc__d12,zz_r2_full__as2,id_test,fixed_c1,1.0,,0.014005661010742188,0.7590361445783133,0.7599354838709678,0.7466766142159522,0.6907216494845361,0.9125161290322581,0.9222957108104668,full_v4_features,39,39,0,,ksf-v4-idsplit::
quantum,svc,12,zz_r2_full__as2__svc__d12,zz_r2_full__as2,ood_test,fixed_c1,1.0,,0.014005661010742188,0.694,0.705128616332029,0.6815140779103993,0.6184538653366584,0.8555872730771699,0.8741974561125048,full_v4_features,39,39,0,,ksf-v4-idsplit::
quantum,svc,12,pauli_xz_r1_full__as2__svc__d12,pauli_xz_r1_full__as2,id_val,fixed_c1,1.0,,0.011184453964233398,0.8884462151394422,0.8882857142857143,0.8882315521628499,0.8931297709923665,0.9221587301587301,0.889222014612639,full_v4_features,39,39,0,,ksf-v4-idsplit::
quantum,svc,12,pauli_xz_r1_full__as2__svc__d12,pauli_xz_r1_full__as2,id_test,fixed_c1,1.0,,0.011184453964233398,0.8755020080321285,0.8756451612903225,0.875373363256212,0.8713692946058091,0.9488387096774193,0.9468849902730601,full_v4_features,39,39,0,,ksf-v4-idsplit::
quantum,svc,12,pauli_xz_r1_full__as2__svc__d12,pauli_xz_r1_full__as2,ood_test,fixed_c1,1.0,,0.011184453964233398,0.78,0.7775675155558406,0.7782830237358102,0.7977941176470589,0.8562928988389249,0.8151798240737772,full_v4_features,39,39,0,,ksf-v4-idsplit::
quantum,svc,12,zmap_r2__as2__svc__d12,zmap_r2__as2,id_val,fixed_c1,1.0,,0.009003639221191406,0.8685258964143426,0.8683809523809524,0.8683168789049459,0.8735632183908046,0.944825396825397,0.9490643135864365,full_v4_features,39,39,0,,ksf-v4-idsplit::
quantum,svc,12,zmap_r2__as2__svc__d12,zmap_r2__as2,id_test,fixed_c1,1.0,,0.009003639221191406,0.8875502008032129,0.8876129032258064,0.8875338753387534,0.8861788617886179,0.9516774193548387,0.9543909378581693,full_v4_features,39,39,0,,ksf-v4-idsplit::
quantum,svc,12,zmap_r2__as2__svc__d12,zmap_r2__as2,ood_test,fixed_c1,1.0,,0.009003639221191406,0.784,0.7809994226698314,0.7818181818181817,0.8036363636363636,0.8591474757842067,0.8402316204140451,full_v4_features,39,39,0,,ksf-v4-idsplit::
