n_id,n_val,n_test,pos_rate_val,pos_rate_test,overlap,class_balance_gap
1000,501,499,0.5049900199600799,0.5050100200400801,0,2.0000080000248666e-05
