n_id,n_val,n_test,pos_rate_val,pos_rate_test,overlap,class_balance_gap
1800,901,899,0.47613762486126526,0.4760845383759733,0,5.3086485291953256e-05
