n_id,n_val,n_test,pos_rate_val,pos_rate_test,overlap,class_balance_gap
500,251,249,0.4860557768924303,0.4859437751004016,0,0.00011200179202869309
