family,model,dim,cfg,kernel,split,regularization,c_selected,c_cv_score,fit_seconds,accuracy,balanced_accuracy,f1_macro,f1_pos,roc_auc,pr_auc,feature_policy,n_input_features,n_retained_features,n_removed_features,removed_features,id_split_hash_salt
classical_ext,svc,4,linear__svc__d4,linear,id_val,fixed_c1,1.0,,0.009516716003417969,0.6533864541832669,0.6565637310967085,0.6501882258710452,0.6836363636363636,0.6852204854492311,0.625327141490118,full_v4_features,524,524,0,,ksf-v4-idsplit::
classical_ext,svc,4,linear__svc__d4,linear,id_test,fixed_c1,1.0,,0.009516716003417969,0.6706827309236948,0.6744899276859504,0.6661543492478744,0.7050359712230215,0.709452479338843,0.6614373503816778,full_v4_features,524,524,0,,ksf-v4-idsplit::
classical_ext,svc,4,linear__svc__d4,linear,ood_test,fixed_c1,1.0,,0.009516716003417969,0.612,0.6125448258196722,0.6119751664106503,0.6150793650793651,0.6421298668032787,0.6759789341520536,full_v4_features,524,524,0,,ksf-v4-idsplit::
classical_ext,svc,4,rbf_gscale__svc__d4,rbf_gscale,id_val,fixed_c1,1.0,,0.011259078979492188,0.6812749003984063,0.6821387723980176,0.6812293624587249,0.6850393700787402,0.7362434871012836,0.7186197601452629,full_v4_features,524,524,0,,ksf-v4-idsplit::
classical_ext,svc,4,rbf_gscale__svc__d4,rbf_gscale,id_test,fixed_c1,1.0,,0.011259078979492188,0.6987951807228916,0.7004777892561984,0.6983085895219787,0.7104247104247104,0.7663352272727273,0.7417447976153662,full_v4_features,524,524,0,,ksf-v4-idsplit::
classical_ext,svc,4,rbf_gscale__svc__d4,rbf_gscale,ood_test,fixed_c1,1.0,,0.011259078979492188,0.66,0.6604764344262295,0.6599945599129586,0.6613545816733067,0.715788294057377,0.6980910855082106,full_v4_features,524,524,0,,ksf-v4-idsplit::
classical_ext,svc,4,poly2__svc__d4,poly2,id_val,fixed_c1,1.0,,0.009504318237304688,0.6812749003984063,0.6821387723980176,0.6812293624587249,0.6850393700787402,0.7049180327868854,0.6505742372579366,full_v4_features,524,524,0,,ksf-v4-idsplit::
classical_ext,svc,4,poly2__svc__d4,poly2,id_test,fixed_c1,1.0,,0.009504318237304688,0.6987951807228916,0.7004777892561984,0.6983085895219787,0.7104247104247104,0.7270790289256198,0.676490899383139,full_v4_features,524,524,0,,ksf-v4-idsplit::
classical_ext,svc,4,poly2__svc__d4,poly2,ood_test,fixed_c1,1.0,,0.009504318237304688,0.644,0.6440829918032787,0.6439487286169209,0.6396761133603239,0.6609086834016393,0.6718249988178655,full_v4_features,524,524,0,,ksf-v4-idsplit::
classical_ext,svc,4,poly3__svc__d4,poly3,id_val,fixed_c1,1.0,,0.010000228881835938,0.6812749003984063,0.6821387723980176,0.6812293624587249,0.6850393700787402,0.7164823992883466,0.663250506397691,full_v4_features,524,524,0,,ksf-v4-idsplit::
classical_ext,svc,4,poly3__svc__d4,poly3,id_test,fixed_c1,1.0,,0.010000228881835938,0.6987951807228916,0.7004777892561984,0.6983085895219787,0.7104247104247104,0.737474173553719,0.6899607604143358,full_v4_features,524,524,0,,ksf-v4-idsplit::
classical_ext,svc,4,poly3__svc__d4,poly3,ood_test,fixed_c1,1.0,,0.010000228881835938,0.654,0.654328893442623,0.653998615994464,0.6533066132264529,0.6656474129098362,0.670550134908276,full_v4_features,524,524,0,,ksf-v4-idsplit::
classical_ext,svc,4,laplacian_med__svc__d4,laplacian_med,id_val,fixed_c1,1.0,,0.008805513381958008,0.7569721115537849,0.7568941415681789,0.7568331612800763,0.7510204081632653,0.8128733002922861,0.7945108767051754,full_v4_features,524,524,0,,ksf-v4-idsplit::
classical_ext,svc,4,laplacian_med__svc__d4,laplacian_med,id_test,fixed_c1,1.0,,0.008805513381958008,0.7710843373493976,0.7719201962809917,0.771069567882317,0.7729083665338645,0.8263817148760331,0.8006984410307056,full_v4_features,524,524,0,,ksf-v4-idsplit::
classical_ext,svc,4,laplacian_med__svc__d4,laplacian_med,ood_test,fixed_c1,1.0,,0.008805513381958008,0.734,0.7360079405737705,0.7328362346380835,0.7504690431519699,0.7939293032786885,0.7156548512931246,full_v4_features,524,524,0,,ksf-v4-idsplit::
classical_ext,svc,4,matern15_med__svc__d4,matern15_med,id_val,fixed_c1,1.0,,0.009999275207519531,0.6932270916334662,0.6922099377303341,0.6922697237481092,0.6751054852320675,0.7814207650273224,0.768854178684058,full_v4_features,524,524,0,,ksf-v4-idsplit::
classical_ext,svc,4,matern15_med__svc__d4,matern15_med,id_test,fixed_c1,1.0,,0.009999275207519531,0.7108433734939759,0.7108406508264462,0.7107267329288757,0.7049180327868853,0.7989411157024793,0.7908036712923662,full_v4_features,524,524,0,,ksf-v4-idsplit::
classical_ext,svc,4,matern15_med__svc__d4,matern15_med,ood_test,fixed_c1,1.0,,0.009999275207519531,0.706,0.7068391393442623,0.7059047131270532,0.7111984282907662,0.8011174436475411,0.7796379588182567,full_v4_features,524,524,0,,ksf-v4-idsplit::
classical_ext,svc,4,matern25_med__svc__d4,matern25_med,id_val,fixed_c1,1.0,,0.008712530136108398,0.6852589641434262,0.6844579997458381,0.6845379194043623,0.6694560669456067,0.767505400940399,0.7634715541297666,full_v4_features,524,524,0,,ksf-v4-idsplit::
classical_ext,svc,4,matern25_med__svc__d4,matern25_med,id_test,fixed_c1,1.0,,0.008712530136108398,0.7068273092369478,0.707160382231405,0.7068083939545462,0.7044534412955465,0.7896435950413223,0.7925226834076117,full_v4_features,524,524,0,,ksf-v4-idsplit::
classical_ext,svc,4,matern25_med__svc__d4,matern25_med,ood_test,fixed_c1,1.0,,0.008712530136108398,0.704,0.7051741803278688,0.7036965853033507,0.7131782945736435,0.7946497182377049,0.7757007143421693,full_v4_features,524,524,0,,ksf-v4-idsplit::
classical_ext,svc,4,rbf_gscale_x0.1__svc__d4,rbf_gscale_x0.1,id_val,fixed_c1,1.0,,0.010998725891113281,0.6613545816733067,0.664760452408184,0.6576815082230245,0.6931407942238267,0.7089210827296987,0.656415267700206,full_v4_features,524,524,0,,ksf-v4-idsplit::
classical_ext,svc,4,rbf_gscale_x0.1__svc__d4,rbf_gscale_x0.1,id_test,fixed_c1,1.0,,0.010998725891113281,0.678714859437751,0.6827543904958677,0.6736566186107471,0.7142857142857143,0.7357954545454546,0.7007560873032989,full_v4_features,524,524,0,,ksf-v4-idsplit::
classical_ext,svc,4,rbf_gscale_x0.1__svc__d4,rbf_gscale_x0.1,ood_test,fixed_c1,1.0,,0.010998725891113281,0.628,0.6303790983606558,0.6253565155738894,0.6568265682656826,0.6597400102459017,0.679113577737416,full_v4_features,524,524,0,,ksf-v4-idsplit::
classical_ext,svc,4,rbf_gscale_x0.3__svc__d4,rbf_gscale_x0.3,id_val,fixed_c1,1.0,,0.011005401611328125,0.6812749003984063,0.6821387723980176,0.6812293624587249,0.6850393700787402,0.7375778370822214,0.7027779896206554,full_v4_features,524,524,0,,ksf-v4-idsplit::
classical_ext,svc,4,rbf_gscale_x0.3__svc__d4,rbf_gscale_x0.3,id_test,fixed_c1,1.0,,0.011005401611328125,0.6987951807228916,0.7004777892561984,0.6983085895219787,0.7104247104247104,0.758199896694215,0.7209443018477256,full_v4_features,524,524,0,,ksf-v4-idsplit::
classical_ext,svc,4,rbf_gscale_x0.3__svc__d4,rbf_gscale_x0.3,ood_test,fixed_c1,1.0,,0.011005401611328125,0.66,0.6606685450819672,0.6599510329487446,0.6640316205533597,0.6750288165983606,0.685728091631572,full_v4_features,524,524,0,,ksf-v4-idsplit::
classical_ext,svc,4,rbf_gscale_x3__svc__d4,rbf_gscale_x3,id_val,fixed_c1,1.0,,0.016988754272460938,0.6812749003984063,0.6803596390901004,0.6804176215940922,0.6638655462184874,0.7442495869869107,0.7546696002020796,full_v4_features,524,524,0,,ksf-v4-idsplit::
classical_ext,svc,4,rbf_gscale_x3__svc__d4,rbf_gscale_x3,id_test,fixed_c1,1.0,,0.016988754272460938,0.6947791164658634,0.695441632231405,0.6947741935483871,0.696,0.773566632231405,0.7765528149539405,full_v4_features,524,524,0,,ksf-v4-idsplit::
classical_ext,svc,4,rbf_gscale_x3__svc__d4,rbf_gscale_x3,ood_test,fixed_c1,1.0,,0.016988754272460938,0.692,0.6932633196721312,0.6916003140069531,0.7027027027027027,0.7705078125,0.7251101375516527,full_v4_features,524,524,0,,ksf-v4-idsplit::
classical_ext,svc,4,rbf_gscale_x10__svc__d4,rbf_gscale_x10,id_val,fixed_c1,1.0,,0.011999368667602539,0.6852589641434262,0.6846803914093278,0.6847585888936583,0.6721991701244814,0.7689032913966196,0.7506165028173638,full_v4_features,524,524,0,,ksf-v4-idsplit::
classical_ext,svc,4,rbf_gscale_x10__svc__d4,rbf_gscale_x10,id_test,fixed_c1,1.0,,0.011999368667602539,0.6987951807228916,0.699347882231405,0.6987951807228916,0.6987951807228916,0.7839617768595042,0.7719710146743876,full_v4_features,524,524,0,,ksf-v4-idsplit::
classical_ext,svc,4,rbf_gscale_x10__svc__d4,rbf_gscale_x10,ood_test,fixed_c1,1.0,,0.011999368667602539,0.692,0.6937435963114754,0.6910310734463276,0.7083333333333334,0.7968910092213115,0.7781520724363904,full_v4_features,524,524,0,,ksf-v4-idsplit::
classical_ext,svc,4,laplacian_med_x0.1__svc__d4,laplacian_med_x0.1,id_val,fixed_c1,1.0,,0.011940717697143555,0.7888446215139442,0.7892362434871013,0.7888312141848024,0.7871485943775101,0.8678993518871521,0.8152607888836458,full_v4_features,524,524,0,,ksf-v4-idsplit::
classical_ext,svc,4,laplacian_med_x0.1__svc__d4,laplacian_med_x0.1,id_test,fixed_c1,1.0,,0.011940717697143555,0.7991967871485943,0.8006198347107438,0.7990379648760331,0.8046875,0.853434917355372,0.8084157793613389,full_v4_features,524,524,0,,ksf-v4-idsplit::
classical_ext,svc,4,laplacian_med_x0.1__svc__d4,laplacian_med_x0.1,ood_test,fixed_c1,1.0,,0.011940717697143555,0.74,0.7400422643442623,0.7399334229562768,0.7357723577235772,0.8318231301229508,0.8495504435176021,full_v4_features,524,524,0,,ksf-v4-idsplit::
classical_ext,svc,4,laplacian_med_x0.3__svc__d4,laplacian_med_x0.3,id_val,fixed_c1,1.0,,0.010686159133911133,0.7888446215139442,0.7901258101410599,0.7887238942269514,0.7937743190661478,0.8598297115262423,0.8286245409040639,full_v4_features,524,524,0,,ksf-v4-idsplit::
classical_ext,svc,4,laplacian_med_x0.3__svc__d4,laplacian_med_x0.3,id_test,fixed_c1,1.0,,0.010686159133911133,0.7951807228915663,0.7976175103305785,0.7943315248198235,0.8075471698113208,0.8530475206611571,0.7952828057308797,full_v4_features,524,524,0,,ksf-v4-idsplit::
classical_ext,svc,4,laplacian_med_x0.3__svc__d4,laplacian_med_x0.3,ood_test,fixed_c1,1.0,,0.010686159133911133,0.744,0.7453893442622951,0.7435897435897436,0.7538461538461538,0.8198322233606558,0.7941451445673442,full_v4_features,524,524,0,,ksf-v4-idsplit::
classical_ext,svc,4,laplacian_med_x3__svc__d4,laplacian_med_x3,id_val,fixed_c1,1.0,,0.00899958610534668,0.7051792828685259,0.7036154530435887,0.7034802043422733,0.6810344827586207,0.7673783199898335,0.7645909180838901,full_v4_features,524,524,0,,ksf-v4-idsplit::
classical_ext,svc,4,laplacian_med_x3__svc__d4,laplacian_med_x3,id_test,fixed_c1,1.0,,0.00899958610534668,0.7028112449799196,0.7025761880165289,0.7025761880165289,0.6942148760330579,0.7972623966942148,0.7752506743164105,full_v4_features,524,524,0,,ksf-v4-idsplit::
classical_ext,svc,4,laplacian_med_x3__svc__d4,laplacian_med_x3,ood_test,fixed_c1,1.0,,0.00899958610534668,0.72,0.7211834016393442,0.719712986097764,0.7286821705426356,0.7982998206967213,0.7574694299887168,full_v4_features,524,524,0,,ksf-v4-idsplit::
classical_ext,svc,4,laplacian_med_x10__svc__d4,laplacian_med_x10,id_val,fixed_c1,1.0,,0.00974416732788086,0.6852589641434262,0.6860147413902655,0.6852389796339509,0.6877470355731226,0.7486974202567035,0.7497689042725889,full_v4_features,524,524,0,,ksf-v4-idsplit::
classical_ext,svc,4,laplacian_med_x10__svc__d4,laplacian_med_x10,id_test,fixed_c1,1.0,,0.00974416732788086,0.7028112449799196,0.7043840392561984,0.7024224806201551,0.7131782945736435,0.7791838842975207,0.7651431390236016,full_v4_features,524,524,0,,ksf-v4-idsplit::
classical_ext,svc,4,laplacian_med_x10__svc__d4,laplacian_med_x10,ood_test,fixed_c1,1.0,,0.00974416732788086,0.69,0.6926549692622951,0.6872364210160983,0.716636197440585,0.7680423924180328,0.7272810276036394,full_v4_features,524,524,0,,ksf-v4-idsplit::
classical_ext,svc,4,matern15_med_x0.1__svc__d4,matern15_med_x0.1,id_val,fixed_c1,1.0,,0.013596773147583008,0.7768924302788844,0.7773859448468674,0.776888888888889,0.776,0.8527131782945737,0.8057911322128943,full_v4_features,524,524,0,,ksf-v4-idsplit::
classical_ext,svc,4,matern15_med_x0.1__svc__d4,matern15_med_x0.1,id_test,fixed_c1,1.0,,0.013596773147583008,0.8112449799196787,0.8127905475206612,0.8110499378400633,0.8171206225680934,0.8578254132231405,0.82656700761946,full_v4_features,524,524,0,,ksf-v4-idsplit::
classical_ext,svc,4,matern15_med_x0.1__svc__d4,matern15_med_x0.1,ood_test,fixed_c1,1.0,,0.013596773147583008,0.744,0.7444287909836065,0.744,0.744,0.816710425204918,0.8048762337846224,full_v4_features,524,524,0,,ksf-v4-idsplit::
classical_ext,svc,4,matern15_med_x0.3__svc__d4,matern15_med_x0.3,id_val,fixed_c1,1.0,,0.012630939483642578,0.7649402390438247,0.7666476045240819,0.7645665410724789,0.7739463601532567,0.8307281738467402,0.8014474146415835,full_v4_features,524,524,0,,ksf-v4-idsplit::
classical_ext,svc,4,matern15_med_x0.3__svc__d4,matern15_med_x0.3,id_test,fixed_c1,1.0,,0.012630939483642578,0.7670682730923695,0.7700477789256198,0.7653996101364522,0.7851851851851852,0.8478176652892562,0.8173091902589427,full_v4_features,524,524,0,,ksf-v4-idsplit::
classical_ext,svc,4,matern15_med_x0.3__svc__d4,matern15_med_x0.3,ood_test,fixed_c1,1.0,,0.012630939483642578,0.744,0.7451011782786885,0.7437991385246032,0.7509727626459144,0.8082415471311475,0.756271659137211,full_v4_features,524,524,0,,ksf-v4-idsplit::
classical_ext,svc,4,matern15_med_x3__svc__d4,matern15_med_x3,id_val,fixed_c1,1.0,,0.009584903717041016,0.6812749003984063,0.6821387723980176,0.6812293624587249,0.6850393700787402,0.7450756131655865,0.7313604096119176,full_v4_features,524,524,0,,ksf-v4-idsplit::
classical_ext,svc,4,matern15_med_x3__svc__d4,matern15_med_x3,id_test,fixed_c1,1.0,,0.009584903717041016,0.6987951807228916,0.7004777892561984,0.6983085895219787,0.7104247104247104,0.7696926652892561,0.7544595127582214,full_v4_features,524,524,0,,ksf-v4-idsplit::
classical_ext,svc,4,matern15_med_x3__svc__d4,matern15_med_x3,ood_test,fixed_c1,1.0,,0.009584903717041016,0.66,0.6604764344262295,0.6599945599129586,0.6613545816733067,0.7422195184426229,0.7030297641336619,full_v4_features,524,524,0,,ksf-v4-idsplit::
classical_ext,svc,4,matern15_med_x10__svc__d4,matern15_med_x10,id_val,fixed_c1,1.0,,0.011155128479003906,0.6613545816733067,0.664760452408184,0.6576815082230245,0.6931407942238267,0.6965942305248444,0.6463986891120165,full_v4_features,524,524,0,,ksf-v4-idsplit::
classical_ext,svc,4,matern15_med_x10__svc__d4,matern15_med_x10,id_test,fixed_c1,1.0,,0.011155128479003906,0.678714859437751,0.6827543904958677,0.6736566186107471,0.7142857142857143,0.7172004132231404,0.6653282515186845,full_v4_features,524,524,0,,ksf-v4-idsplit::
classical_ext,svc,4,matern15_med_x10__svc__d4,matern15_med_x10,ood_test,fixed_c1,1.0,,0.011155128479003906,0.628,0.6299948770491803,0.6262718811785697,0.651685393258427,0.6462602459016393,0.6530069398549246,full_v4_features,524,524,0,,ksf-v4-idsplit::
classical_ext,svc,4,matern25_med_x0.1__svc__d4,matern25_med_x0.1,id_val,fixed_c1,1.0,,0.013512372970581055,0.7848605577689243,0.7853602744948532,0.7848571428571429,0.784,0.8496632354810013,0.8120279492305241,full_v4_features,524,524,0,,ksf-v4-idsplit::
classical_ext,svc,4,matern25_med_x0.1__svc__d4,matern25_med_x0.1,id_test,fixed_c1,1.0,,0.013512372970581055,0.7911646586345381,0.7932592975206612,0.7905938672532022,0.8015267175572519,0.8571797520661157,0.8309445604271561,full_v4_features,524,524,0,,ksf-v4-idsplit::
classical_ext,svc,4,matern25_med_x0.1__svc__d4,matern25_med_x0.1,ood_test,fixed_c1,1.0,,0.013512372970581055,0.746,0.7464779713114754,0.745998983995936,0.7465069860279441,0.8168705174180328,0.8017100817787874,full_v4_features,524,524,0,,ksf-v4-idsplit::
classical_ext,svc,4,matern25_med_x0.3__svc__d4,matern25_med_x0.3,id_val,fixed_c1,1.0,,0.009165763854980469,0.7450199203187251,0.7472677595628415,0.7441060277813176,0.7593984962406015,0.82380226204092,0.7882483795160454,full_v4_features,524,524,0,,ksf-v4-idsplit::
classical_ext,svc,4,matern25_med_x0.3__svc__d4,matern25_med_x0.3,id_test,fixed_c1,1.0,,0.009165763854980469,0.7349397590361446,0.7390237603305785,0.7307667103538663,0.7642857142857142,0.8440728305785122,0.8039285418430754,full_v4_features,524,524,0,,ksf-v4-idsplit::
classical_ext,svc,4,matern25_med_x0.3__svc__d4,matern25_med_x0.3,ood_test,fixed_c1,1.0,,0.009165763854980469,0.742,0.7434362192622951,0.7415440837637592,0.7523992322456814,0.8091060450819672,0.7566990359612652,full_v4_features,524,524,0,,ksf-v4-idsplit::
classical_ext,svc,4,matern25_med_x3__svc__d4,matern25_med_x3,id_val,fixed_c1,1.0,,0.009081363677978516,0.6812749003984063,0.6821387723980176,0.6812293624587249,0.6850393700787402,0.7389757275384419,0.7242571040724473,full_v4_features,524,524,0,,ksf-v4-idsplit::
classical_ext,svc,4,matern25_med_x3__svc__d4,matern25_med_x3,id_test,fixed_c1,1.0,,0.009081363677978516,0.6987951807228916,0.7004777892561984,0.6983085895219787,0.7104247104247104,0.7686596074380165,0.7396922652554649,full_v4_features,524,524,0,,ksf-v4-idsplit::
classical_ext,svc,4,matern25_med_x3__svc__d4,matern25_med_x3,ood_test,fixed_c1,1.0,,0.009081363677978516,0.658,0.6586193647540983,0.6579657965796579,0.6613861386138614,0.7165727459016394,0.698045108591725,full_v4_features,524,524,0,,ksf-v4-idsplit::
classical_ext,svc,4,matern25_med_x10__svc__d4,matern25_med_x10,id_val,fixed_c1,1.0,,0.01262521743774414,0.6653386454183267,0.6688588130639217,0.6614208633093526,0.697841726618705,0.6885245901639344,0.6266781925356848,full_v4_features,524,524,0,,ksf-v4-idsplit::
classical_ext,svc,4,matern25_med_x10__svc__d4,matern25_med_x10,id_test,fixed_c1,1.0,,0.01262521743774414,0.678714859437751,0.6827543904958677,0.6736566186107471,0.7142857142857143,0.706095041322314,0.6552394864724445,full_v4_features,524,524,0,,ksf-v4-idsplit::
classical_ext,svc,4,matern25_med_x10__svc__d4,matern25_med_x10,ood_test,fixed_c1,1.0,,0.01262521743774414,0.618,0.6198450307377049,0.6165259256582303,0.64030131826742,0.6454117571721312,0.6693560499899281,full_v4_features,524,524,0,,ksf-v4-idsplit::
quantum,svc,4,zz_r1_full__as0.5__svc__d4,zz_r1_full__as0.5,id_val,fixed_c1,1.0,,0.012754440307617188,0.6812749003984063,0.6821387723980176,0.6812293624587249,0.6850393700787402,0.7650908628796544,0.7559298881434333,full_v4_features,524,524,0,,ksf-v4-idsplit::
quantum,svc,4,zz_r1_full__as0.5__svc__d4,zz_r1_full__as0.5,id_test,fixed_c1,1.0,,0.012754440307617188,0.6987951807228916,0.7004777892561984,0.6983085895219787,0.7104247104247104,0.7879648760330579,0.7806254568159873,full_v4_features,524,524,0,,ksf-v4-idsplit::
quantum,svc,4,zz_r1_full__as0.5__svc__d4,zz_r1_full__as0.5,ood_test,fixed_c1,1.0,,0.012754440307617188,0.698,0.7005635245901639,0.695533823974191,0.7229357798165138,0.7819063780737705,0.7174831095912788,full_v4_features,524,524,0,,ksf-v4-idsplit::
quantum,svc,4,zz_r2_full__as0.5__svc__d4,zz_r2_full__as0.5,id_val,fixed_c1,1.0,,0.011743545532226562,0.7211155378486056,0.7220104206379463,0.7210756921513843,0.7244094488188977,0.7908882958444527,0.7853477664157652,full_v4_features,524,524,0,,ksf-v4-idsplit::
quantum,svc,4,zz_r2_full__as0.5__svc__d4,zz_r2_full__as0.5,id_test,fixed_c1,1.0,,0.011743545532226562,0.7108433734939759,0.712422520661157,0.7104651162790697,0.7209302325581395,0.8133393595041323,0.7992287115221763,full_v4_features,524,524,0,,ksf-v4-idsplit::
quantum,svc,4,zz_r2_full__as0.5__svc__d4,zz_r2_full__as0.5,ood_test,fixed_c1,1.0,,0.011743545532226562,0.726,0.7276191086065573,0.72531328320802,0.7390476190476191,0.7718846055327869,0.6941591623394039,full_v4_features,524,524,0,,ksf-v4-idsplit::
quantum,svc,4,pauli_xz_r1_full__as0.5__svc__d4,pauli_xz_r1_full__as0.5,id_val,fixed_c1,1.0,,0.009997367858886719,0.6812749003984063,0.6821387723980176,0.6812293624587249,0.6850393700787402,0.7373872156563731,0.7183493844186377,full_v4_features,524,524,0,,ksf-v4-idsplit::
quantum,svc,4,pauli_xz_r1_full__as0.5__svc__d4,pauli_xz_r1_full__as0.5,id_test,fixed_c1,1.0,,0.009997367858886719,0.6987951807228916,0.7004777892561984,0.6983085895219787,0.7104247104247104,0.7644628099173554,0.7293195007712892,full_v4_features,524,524,0,,ksf-v4-idsplit::
quantum,svc,4,pauli_xz_r1_full__as0.5__svc__d4,pauli_xz_r1_full__as0.5,ood_test,fixed_c1,1.0,,0.009997367858886719,0.66,0.6605724897540983,0.6599782386072708,0.6626984126984127,0.6889728483606558,0.6818561114021585,full_v4_features,524,524,0,,ksf-v4-idsplit::
quantum,svc,4,zmap_r2__as0.5__svc__d4,zmap_r2__as0.5,id_val,fixed_c1,1.0,,0.009476900100708008,0.6812749003984063,0.6821387723980176,0.6812293624587249,0.6850393700787402,0.7335747871394078,0.7241789397382326,full_v4_features,524,524,0,,ksf-v4-idsplit::
quantum,svc,4,zmap_r2__as0.5__svc__d4,zmap_r2__as0.5,id_test,fixed_c1,1.0,,0.009476900100708008,0.6987951807228916,0.7004777892561984,0.6983085895219787,0.7104247104247104,0.7649147727272728,0.7506159123572907,full_v4_features,524,524,0,,ksf-v4-idsplit::
quantum,svc,4,zmap_r2__as0.5__svc__d4,zmap_r2__as0.5,ood_test,fixed_c1,1.0,,0.009476900100708008,0.658,0.6583311987704918,0.6579986319945279,0.657314629258517,0.7160764600409837,0.6949210760995158,full_v4_features,524,524,0,,ksf-v4-idsplit::
quantum,svc,4,zz_r1_full__svc__d4,zz_r1_full,id_val,fixed_c1,1.0,,0.009550809860229492,0.7131474103585658,0.7120345660185539,0.7121192812539825,0.6949152542372882,0.7957809124412251,0.7747594257142894,full_v4_features,524,524,0,,ksf-v4-idsplit::
quantum,svc,4,zz_r1_full__svc__d4,zz_r1_full,id_test,fixed_c1,1.0,,0.009550809860229492,0.7108433734939759,0.711066632231405,0.7108013937282229,0.7073170731707317,0.8043001033057853,0.7858833933711037,full_v4_features,524,524,0,,ksf-v4-idsplit::
quantum,svc,4,zz_r1_full__svc__d4,zz_r1_full,ood_test,fixed_c1,1.0,,0.009550809860229492,0.732,0.7329982069672132,0.7318455430327868,0.73828125,0.8060162653688525,0.7539927012267397,full_v4_features,524,524,0,,ksf-v4-idsplit::
quantum,svc,4,zz_r2_full__svc__d4,zz_r2_full,id_val,fixed_c1,1.0,,0.008758306503295898,0.749003984063745,0.7500317702376413,0.7489402238628244,0.7529411764705882,0.8133180836192655,0.8032386534432678,full_v4_features,524,524,0,,ksf-v4-idsplit::
quantum,svc,4,zz_r2_full__svc__d4,zz_r2_full,id_test,fixed_c1,1.0,,0.008758306503295898,0.7228915662650602,0.7257231404958677,0.7210921900618497,0.7434944237918215,0.8209581611570248,0.7733160738985885,full_v4_features,524,524,0,,ksf-v4-idsplit::
quantum,svc,4,zz_r2_full__svc__d4,zz_r2_full,ood_test,fixed_c1,1.0,,0.008758306503295898,0.762,0.7631595799180328,0.7617856070463417,0.7689320388349514,0.785220286885246,0.7042175081010213,full_v4_features,524,524,0,,ksf-v4-idsplit::
quantum,svc,4,pauli_xz_r1_full__svc__d4,pauli_xz_r1_full,id_val,fixed_c1,1.0,,0.013245582580566406,0.6812749003984063,0.6821387723980176,0.6812293624587249,0.6850393700787402,0.7389757275384421,0.7304695967003267,full_v4_features,524,524,0,,ksf-v4-idsplit::
quantum,svc,4,pauli_xz_r1_full__svc__d4,pauli_xz_r1_full,id_test,fixed_c1,1.0,,0.013245582580566406,0.6947791164658634,0.6965715392561984,0.6941822882999353,0.7076923076923077,0.7638817148760331,0.7583059850007834,full_v4_features,524,524,0,,ksf-v4-idsplit::
quantum,svc,4,pauli_xz_r1_full__svc__d4,pauli_xz_r1_full,ood_test,fixed_c1,1.0,,0.013245582580566406,0.696,0.6980340676229508,0.694587773866358,0.7153558052434457,0.7551389600409837,0.7064839571932819,full_v4_features,524,524,0,,ksf-v4-idsplit::
quantum,svc,4,zmap_r2__svc__d4,zmap_r2,id_val,fixed_c1,1.0,,0.013674736022949219,0.6852589641434262,0.6853475663997967,0.6851790108756053,0.680161943319838,0.7476172321768967,0.7503529405367262,full_v4_features,524,524,0,,ksf-v4-idsplit::
quantum,svc,4,zmap_r2__svc__d4,zmap_r2,id_test,fixed_c1,1.0,,0.013674736022949219,0.6827309236947792,0.683722882231405,0.682649027990643,0.6877470355731226,0.7706611570247933,0.7799008392204984,full_v4_features,524,524,0,,ksf-v4-idsplit::
quantum,svc,4,zmap_r2__svc__d4,zmap_r2,ood_test,fixed_c1,1.0,,0.013674736022949219,0.704,0.7056544569672132,0.7031974458936966,0.7186311787072244,0.7694191854508197,0.7197796885886443,full_v4_features,524,524,0,,ksf-v4-idsplit::
quantum,svc,4,zz_r1_full__as2__svc__d4,zz_r1_full__as2,id_val,fixed_c1,1.0,,0.010000944137573242,0.749003984063745,0.7493645952471724,0.7489880470498596,0.7469879518072289,0.8161138645317068,0.7899640799944933,full_v4_features,524,524,0,,ksf-v4-idsplit::
quantum,svc,4,zz_r1_full__as2__svc__d4,zz_r1_full__as2,id_test,fixed_c1,1.0,,0.010000944137573242,0.7349397590361446,0.7369899276859504,0.7342152930521413,0.7480916030534351,0.8178589876033059,0.7672052038752751,full_v4_features,524,524,0,,ksf-v4-idsplit::
quantum,svc,4,zz_r1_full__as2__svc__d4,zz_r1_full__as2,ood_test,fixed_c1,1.0,,0.010000944137573242,0.752,0.7528176229508197,0.7519364957429102,0.7559055118110236,0.8015336834016393,0.7623089032055176,full_v4_features,524,524,0,,ksf-v4-idsplit::
quantum,svc,4,zz_r2_full__as2__svc__d4,zz_r2_full__as2,id_val,fixed_c1,1.0,,0.008999824523925781,0.7928286852589641,0.7933346041428391,0.7928253968253969,0.792,0.8358749523446436,0.7988252379879989,full_v4_features,524,524,0,,ksf-v4-idsplit::
quantum,svc,4,zz_r2_full__as2__svc__d4,zz_r2_full__as2,id_test,fixed_c1,1.0,,0.008999824523925781,0.7670682730923695,0.7684659090909092,0.7668840392561984,0.7734375,0.8373579545454546,0.8046084296724554,full_v4_features,524,524,0,,ksf-v4-idsplit::
quantum,svc,4,zz_r2_full__as2__svc__d4,zz_r2_full__as2,ood_test,fixed_c1,1.0,,0.008999824523925781,0.722,0.723328637295082,0.7215979874939413,0.7321772639691715,0.7739658043032788,0.7181722363768965,full_v4_features,524,524,0,,ksf-v4-idsplit::
quantum,svc,4,pauli_xz_r1_full__as2__svc__d4,pauli_xz_r1_full__as2,id_val,fixed_c1,1.0,,0.01222372055053711,0.6772908366533864,0.6764836700978524,0.6765515376171309,0.6610878661087866,0.7479984750285933,0.7397761771050391,full_v4_features,524,524,0,,ksf-v4-idsplit::
quantum,svc,4,pauli_xz_r1_full__as2__svc__d4,pauli_xz_r1_full__as2,id_test,fixed_c1,1.0,,0.01222372055053711,0.6947791164658634,0.695441632231405,0.6947741935483871,0.696,0.7664643595041322,0.7517873614455484,full_v4_features,524,524,0,,ksf-v4-idsplit::
quantum,svc,4,pauli_xz_r1_full__as2__svc__d4,pauli_xz_r1_full__as2,ood_test,fixed_c1,1.0,,0.01222372055053711,0.712,0.7134669569672132,0.7114413504544799,0.7241379310344828,0.7814581198770492,0.7342668090432449,full_v4_features,524,524,0,,ksf-v4-idsplit::
quantum,svc,4,zmap_r2__as2__svc__d4,zmap_r2__as2,id_val,fixed_c1,1.0,,0.00842428207397461,0.6573705179282868,0.6591053501080189,0.6567111959287533,0.6717557251908397,0.7662345914347439,0.7381179401033844,full_v4_features,524,524,0,,ksf-v4-idsplit::
quantum,svc,4,zmap_r2__as2__svc__d4,zmap_r2__as2,id_test,fixed_c1,1.0,,0.00842428207397461,0.678714859437751,0.6818504648760331,0.6759500260281104,0.7058823529411765,0.7701446280991736,0.712025562737393,full_v4_features,524,524,0,,ksf-v4-idsplit::
quantum,svc,4,zmap_r2__as2__svc__d4,zmap_r2__as2,ood_test,fixed_c1,1.0,,0.00842428207397461,0.696,0.6987064549180328,0.6931722756927847,0.7226277372262774,0.7586609887295083,0.6743434913258922,full_v4_features,524,524,0,,ksf-v4-idsplit::
classical_ext,svc,6,linear__svc__d6,linear,id_val,fixed_c1,1.0,,0.008231401443481445,0.6533864541832669,0.6558965561062398,0.6515946838553217,0.6765799256505576,0.67619773795908,0.6218025794868373,full_v4_features,524,524,0,,ksf-v4-idsplit::
classical_ext,svc,6,linear__svc__d6,linear,id_test,fixed_c1,1.0,,0.008231401443481445,0.678714859437751,0.6809465392561984,0.6775446775446776,0.696969696969697,0.7064178719008265,0.6604943722704548,full_v4_features,524,524,0,,ksf-v4-idsplit::
classical_ext,svc,6,linear__svc__d6,linear,ood_test,fixed_c1,1.0,,0.008231401443481445,0.584,0.5844326331967213,0.5839933438935023,0.5856573705179283,0.6505186987704918,0.6392341247822227,full_v4_features,524,524,0,,ksf-v4-idsplit::
classical_ext,svc,6,rbf_gscale__svc__d6,rbf_gscale,id_val,fixed_c1,1.0,,0.009248495101928711,0.6772908366533864,0.6784851950692592,0.6771063289128881,0.6848249027237354,0.7306519252764012,0.7170695440386508,full_v4_features,524,524,0,,ksf-v4-idsplit::
classical_ext,svc,6,rbf_gscale__svc__d6,rbf_gscale,id_test,fixed_c1,1.0,,0.009248495101928711,0.6907630522088354,0.6926652892561984,0.6900431640719724,0.7049808429118773,0.762396694214876,0.7532379388165852,full_v4_features,524,524,0,,ksf-v4-idsplit::
classical_ext,svc,6,rbf_gscale__svc__d6,rbf_gscale,ood_test,fixed_c1,1.0,,0.009248495101928711,0.684,0.6866034836065573,0.681302544738668,0.7106227106227107,0.7768154456967213,0.7328293191205506,full_v4_features,524,524,0,,ksf-v4-idsplit::
classical_ext,svc,6,poly2__svc__d6,poly2,id_val,fixed_c1,1.0,,0.009001493453979492,0.6653386454183267,0.6681916380734527,0.6629795396419438,0.6911764705882353,0.6945609353157961,0.6485488366864217,full_v4_features,524,524,0,,ksf-v4-idsplit::
classical_ext,svc,6,poly2__svc__d6,poly2,id_test,fixed_c1,1.0,,0.009001493453979492,0.678714859437751,0.6809465392561984,0.6775446775446776,0.696969696969697,0.7276601239669422,0.6891998499084536,full_v4_features,524,524,0,,ksf-v4-idsplit::
classical_ext,svc,6,poly2__svc__d6,poly2,ood_test,fixed_c1,1.0,,0.009001493453979492,0.596,0.5973040471311475,0.5953525641025641,0.6115384615384616,0.660188268442623,0.6423186910864632,full_v4_features,524,524,0,,ksf-v4-idsplit::
classical_ext,svc,6,poly3__svc__d6,poly3,id_val,fixed_c1,1.0,,0.008005857467651367,0.6653386454183267,0.6681916380734527,0.6629795396419438,0.6911764705882353,0.7023128733002922,0.679649988818411,full_v4_features,524,524,0,,ksf-v4-idsplit::
classical_ext,svc,6,poly3__svc__d6,poly3,id_test,fixed_c1,1.0,,0.008005857467651367,0.6827309236947792,0.685078770661157,0.6814154992307069,0.7018867924528301,0.7428331611570248,0.715201484503132,full_v4_features,524,524,0,,ksf-v4-idsplit::
classical_ext,svc,6,poly3__svc__d6,poly3,ood_test,fixed_c1,1.0,,0.008005857467651367,0.6,0.6017866290983607,0.5985547972701726,0.6226415094339622,0.6747886782786885,0.6479152289367964,full_v4_features,524,524,0,,ksf-v4-idsplit::
classical_ext,svc,6,laplacian_med__svc__d6,laplacian_med,id_val,fixed_c1,1.0,,0.008998870849609375,0.7330677290836654,0.7340831109416699,0.7329999206160197,0.7372549019607844,0.817066971660948,0.7983479274314054,full_v4_features,524,524,0,,ksf-v4-idsplit::
classical_ext,svc,6,laplacian_med__svc__d6,laplacian_med,id_test,fixed_c1,1.0,,0.008998870849609375,0.7550200803212851,0.7569731404958677,0.7544497793297444,0.7662835249042146,0.8247029958677686,0.7956408984443684,full_v4_features,524,524,0,,ksf-v4-idsplit::
classical_ext,svc,6,laplacian_med__svc__d6,laplacian_med,ood_test,fixed_c1,1.0,,0.008998870849609375,0.732,0.7336705942622951,0.7312733631740226,0.7452471482889734,0.8012935450819672,0.7448476168724378,full_v4_features,524,524,0,,ksf-v4-idsplit::
classical_ext,svc,6,matern15_med__svc__d6,matern15_med,id_val,fixed_c1,1.0,,0.01081538200378418,0.6892430278884463,0.6885563604015759,0.688645038167939,0.675,0.7625492438683441,0.7638468514693946,full_v4_features,524,524,0,,ksf-v4-idsplit::
classical_ext,svc,6,matern15_med__svc__d6,matern15_med,id_test,fixed_c1,1.0,,0.01081538200378418,0.7068273092369478,0.7073863636363636,0.7068273092369478,0.7068273092369478,0.7987474173553719,0.8050004259685503,full_v4_features,524,524,0,,ksf-v4-idsplit::
classical_ext,svc,6,matern15_med__svc__d6,matern15_med,ood_test,fixed_c1,1.0,,0.01081538200378418,0.722,0.7229444159836065,0.7218653828452971,0.7279843444227005,0.7999807889344264,0.7810572355913737,full_v4_features,524,524,0,,ksf-v4-idsplit::
classical_ext,svc,6,matern25_med__svc__d6,matern25_med,id_val,fixed_c1,1.0,,0.008000373840332031,0.6693227091633466,0.6691765154403355,0.6691336456761694,0.6612244897959184,0.7636929724234338,0.7578484687698459,full_v4_features,524,524,0,,ksf-v4-idsplit::
classical_ext,svc,6,matern25_med__svc__d6,matern25_med,id_test,fixed_c1,1.0,,0.008000373840332031,0.7028112449799196,0.7037060950413223,0.7027680991095626,0.7063492063492064,0.7926136363636364,0.7907812947791337,full_v4_features,524,524,0,,ksf-v4-idsplit::
classical_ext,svc,6,matern25_med__svc__d6,matern25_med,ood_test,fixed_c1,1.0,,0.008000373840332031,0.704,0.7054623463114754,0.7034258324115488,0.7164750957854407,0.7986680327868854,0.7796799526234147,full_v4_features,524,524,0,,ksf-v4-idsplit::
classical_ext,svc,6,rbf_gscale_x0.1__svc__d6,rbf_gscale_x0.1,id_val,fixed_c1,1.0,,0.017000436782836914,0.6454183266932271,0.6479222264582539,0.6435853662428004,0.6691449814126395,0.6967848519506925,0.6530273850074579,full_v4_features,524,524,0,,ksf-v4-idsplit::
classical_ext,svc,6,rbf_gscale_x0.1__svc__d6,rbf_gscale_x0.1,id_test,fixed_c1,1.0,,0.017000436782836914,0.678714859437751,0.6809465392561984,0.6775446775446776,0.696969696969697,0.733019111570248,0.691709964232152,full_v4_features,524,524,0,,ksf-v4-idsplit::
classical_ext,svc,6,rbf_gscale_x0.1__svc__d6,rbf_gscale_x0.1,ood_test,fixed_c1,1.0,,0.017000436782836914,0.59,0.591828893442623,0.5884178783242785,0.6139359698681732,0.664830942622951,0.6442458872543201,full_v4_features,524,524,0,,ksf-v4-idsplit::
classical_ext,svc,6,rbf_gscale_x0.3__svc__d6,rbf_gscale_x0.3,id_val,fixed_c1,1.0,,0.013144493103027344,0.6653386454183267,0.6681916380734527,0.6629795396419438,0.6911764705882353,0.7090481636802644,0.6821642241158423,full_v4_features,524,524,0,,ksf-v4-idsplit::
classical_ext,svc,6,rbf_gscale_x0.3__svc__d6,rbf_gscale_x0.3,id_test,fixed_c1,1.0,,0.013144493103027344,0.678714859437751,0.6809465392561984,0.6775446775446776,0.696969696969697,0.7468362603305785,0.7137558575825792,full_v4_features,524,524,0,,ksf-v4-idsplit::
classical_ext,svc,6,rbf_gscale_x0.3__svc__d6,rbf_gscale_x0.3,ood_test,fixed_c1,1.0,,0.013144493103027344,0.66,0.6633580942622951,0.6546905214579373,0.697508896797153,0.698274205942623,0.6511781582151999,full_v4_features,524,524,0,,ksf-v4-idsplit::
classical_ext,svc,6,rbf_gscale_x3__svc__d6,rbf_gscale_x3,id_val,fixed_c1,1.0,,0.010370492935180664,0.6772908366533864,0.6769284534248317,0.6769626769626769,0.6666666666666666,0.7607065700851443,0.7551834728310587,full_v4_features,524,524,0,,ksf-v4-idsplit::
classical_ext,svc,6,rbf_gscale_x3__svc__d6,rbf_gscale_x3,id_test,fixed_c1,1.0,,0.010370492935180664,0.7028112449799196,0.7037060950413223,0.7027680991095626,0.7063492063492064,0.7904829545454546,0.783857735205077,full_v4_features,524,524,0,,ksf-v4-idsplit::
classical_ext,svc,6,rbf_gscale_x3__svc__d6,rbf_gscale_x3,ood_test,fixed_c1,1.0,,0.010370492935180664,0.708,0.7095607069672132,0.7073256783629482,0.7213740458015268,0.795258068647541,0.7594447571349111,full_v4_features,524,524,0,,ksf-v4-idsplit::
classical_ext,svc,6,rbf_gscale_x10__svc__d6,rbf_gscale_x10,id_val,fixed_c1,1.0,,0.013292312622070312,0.6972111553784861,0.6976426483670097,0.6972063492063492,0.696,0.7635658914728682,0.779202519975979,full_v4_features,524,524,0,,ksf-v4-idsplit::
classical_ext,svc,6,rbf_gscale_x10__svc__d6,rbf_gscale_x10,id_test,fixed_c1,1.0,,0.013292312622070312,0.714859437751004,0.7170067148760331,0.7139551816196101,0.7300380228136882,0.7922908057851239,0.8057319721655987,full_v4_features,524,524,0,,ksf-v4-idsplit::
classical_ext,svc,6,rbf_gscale_x10__svc__d6,rbf_gscale_x10,ood_test,fixed_c1,1.0,,0.013292312622070312,0.736,0.7371926229508197,0.7357293868921776,0.7441860465116279,0.7790087090163934,0.7275336387110315,full_v4_features,524,524,0,,ksf-v4-idsplit::
classical_ext,svc,6,laplacian_med_x0.1__svc__d6,laplacian_med_x0.1,id_val,fixed_c1,1.0,,0.01251840591430664,0.796812749003984,0.7974329647985767,0.796812749003984,0.796812749003984,0.8756512898716482,0.8303712499678066,full_v4_features,524,524,0,,ksf-v4-idsplit::
classical_ext,svc,6,laplacian_med_x0.1__svc__d6,laplacian_med_x0.1,id_test,fixed_c1,1.0,,0.01251840591430664,0.7991967871485943,0.8006198347107438,0.7990379648760331,0.8046875,0.8638300619834711,0.8317642362068693,full_v4_features,524,524,0,,ksf-v4-idsplit::
classical_ext,svc,6,laplacian_med_x0.1__svc__d6,laplacian_med_x0.1,ood_test,fixed_c1,1.0,,0.01251840591430664,0.75,0.7498078893442623,0.7498308856787188,0.7433264887063655,0.8302702356557377,0.8443518239738459,full_v4_features,524,524,0,,ksf-v4-idsplit::
classical_ext,svc,6,laplacian_med_x0.3__svc__d6,laplacian_med_x0.3,id_val,fixed_c1,1.0,,0.013234615325927734,0.796812749003984,0.7981001397890457,0.7966965774636703,0.8015564202334631,0.8651035709747108,0.8370882200003653,full_v4_features,524,524,0,,ksf-v4-idsplit::
classical_ext,svc,6,laplacian_med_x0.3__svc__d6,laplacian_med_x0.3,id_test,fixed_c1,1.0,,0.013234615325927734,0.7751004016064257,0.7771823347107438,0.7744857031957562,0.7862595419847328,0.8534349173553719,0.8309945834935919,full_v4_features,524,524,0,,ksf-v4-idsplit::
classical_ext,svc,6,laplacian_med_x0.3__svc__d6,laplacian_med_x0.3,ood_test,fixed_c1,1.0,,0.013234615325927734,0.746,0.7470543032786885,0.7458281798495783,0.7524366471734892,0.8224897540983607,0.7893494957926892,full_v4_features,524,524,0,,ksf-v4-idsplit::
classical_ext,svc,6,laplacian_med_x3__svc__d6,laplacian_med_x3,id_val,fixed_c1,1.0,,0.009871959686279297,0.6932270916334662,0.6926547210573135,0.6927393841115403,0.6804979253112033,0.7693480747235989,0.7594628187293753,full_v4_features,524,524,0,,ksf-v4-idsplit::
classical_ext,svc,6,laplacian_med_x3__svc__d6,laplacian_med_x3,id_test,fixed_c1,1.0,,0.009871959686279297,0.7108433734939759,0.7112926136363636,0.7108387096774194,0.7096774193548387,0.7871255165289256,0.754075886647555,full_v4_features,524,524,0,,ksf-v4-idsplit::
classical_ext,svc,6,laplacian_med_x3__svc__d6,laplacian_med_x3,ood_test,fixed_c1,1.0,,0.009871959686279297,0.7,0.7013639856557377,0.6995192307692308,0.7115384615384616,0.7973552766393442,0.7619878487415649,full_v4_features,524,524,0,,ksf-v4-idsplit::
classical_ext,svc,6,laplacian_med_x10__svc__d6,laplacian_med_x10,id_val,fixed_c1,1.0,,0.012000799179077148,0.6772908366533864,0.6784851950692592,0.6771063289128881,0.6848249027237354,0.7513025797432965,0.7287731674253674,full_v4_features,524,524,0,,ksf-v4-idsplit::
classical_ext,svc,6,laplacian_med_x10__svc__d6,laplacian_med_x10,id_test,fixed_c1,1.0,,0.012000799179077148,0.6907630522088354,0.6924393078512396,0.6902634852425648,0.7027027027027027,0.7775051652892562,0.7336064886424609,full_v4_features,524,524,0,,ksf-v4-idsplit::
classical_ext,svc,6,laplacian_med_x10__svc__d6,laplacian_med_x10,ood_test,fixed_c1,1.0,,0.012000799179077148,0.68,0.6824090676229508,0.6777260349022705,0.7047970479704797,0.7714683657786885,0.748752739300993,full_v4_features,524,524,0,,ksf-v4-idsplit::
classical_ext,svc,6,matern15_med_x0.1__svc__d6,matern15_med_x0.1,id_val,fixed_c1,1.0,,0.009436368942260742,0.7928286852589641,0.7933346041428391,0.7928253968253969,0.792,0.8563349853856906,0.818311504905019,full_v4_features,524,524,0,,ksf-v4-idsplit::
classical_ext,svc,6,matern15_med_x0.1__svc__d6,matern15_med_x0.1,id_test,fixed_c1,1.0,,0.009436368942260742,0.7831325301204819,0.784768853305785,0.7828488372093023,0.7906976744186046,0.853434917355372,0.8289647651979348,full_v4_features,524,524,0,,ksf-v4-idsplit::
classical_ext,svc,6,matern15_med_x0.1__svc__d6,matern15_med_x0.1,ood_test,fixed_c1,1.0,,0.009436368942260742,0.752,0.7521452356557377,0.7519642828567313,0.7489878542510121,0.8145491803278689,0.7862128127646297,full_v4_features,524,524,0,,ksf-v4-idsplit::
classical_ext,svc,6,matern15_med_x0.3__svc__d6,matern15_med_x0.3,id_val,fixed_c1,1.0,,0.014937400817871094,0.7529880478087649,0.7556868725378065,0.7515644955300127,0.7703703703703704,0.8353666285423815,0.79795515281663,full_v4_features,524,524,0,,ksf-v4-idsplit::
classical_ext,svc,6,matern15_med_x0.3__svc__d6,matern15_med_x0.3,id_test,fixed_c1,1.0,,0.014937400817871094,0.714859437751004,0.7188145661157025,0.7106594000098199,0.7455197132616488,0.8456869834710744,0.8326175869192506,full_v4_features,524,524,0,,ksf-v4-idsplit::
classical_ext,svc,6,matern15_med_x0.3__svc__d6,matern15_med_x0.3,ood_test,fixed_c1,1.0,,0.014937400817871094,0.75,0.7515368852459017,0.7494698782624032,0.7609942638623327,0.7986360143442622,0.7339831716112322,full_v4_features,524,524,0,,ksf-v4-idsplit::
classical_ext,svc,6,matern15_med_x3__svc__d6,matern15_med_x3,id_val,fixed_c1,1.0,,0.008380889892578125,0.6772908366533864,0.6784851950692592,0.6771063289128881,0.6848249027237354,0.7194688016266362,0.6711458394804786,full_v4_features,524,524,0,,ksf-v4-idsplit::
classical_ext,svc,6,matern15_med_x3__svc__d6,matern15_med_x3,id_test,fixed_c1,1.0,,0.008380889892578125,0.6907630522088354,0.6926652892561984,0.6900431640719724,0.7049808429118773,0.7616864669421488,0.7324199819242028,full_v4_features,524,524,0,,ksf-v4-idsplit::
classical_ext,svc,6,matern15_med_x3__svc__d6,matern15_med_x3,ood_test,fixed_c1,1.0,,0.008380889892578125,0.682,0.6845543032786885,0.6794031656416978,0.708256880733945,0.7589331454918032,0.7222074323644212,full_v4_features,524,524,0,,ksf-v4-idsplit::
classical_ext,svc,6,matern15_med_x10__svc__d6,matern15_med_x10,id_val,fixed_c1,1.0,,0.014513731002807617,0.6095617529880478,0.6114817638835939,0.6085115864527629,0.6287878787878788,0.672575930867963,0.6041903662562238,full_v4_features,524,524,0,,ksf-v4-idsplit::
classical_ext,svc,6,matern15_med_x10__svc__d6,matern15_med_x10,id_test,fixed_c1,1.0,,0.014513731002807617,0.6586345381526104,0.6605113636363636,0.6578398564430865,0.6743295019157088,0.6986053719008264,0.6391781404030172,full_v4_features,524,524,0,,ksf-v4-idsplit::
classical_ext,svc,6,matern15_med_x10__svc__d6,matern15_med_x10,ood_test,fixed_c1,1.0,,0.014513731002807617,0.556,0.5568007172131147,0.5558223289315727,0.5647058823529412,0.6465964395491803,0.6436082633780011,full_v4_features,524,524,0,,ksf-v4-idsplit::
classical_ext,svc,6,matern25_med_x0.1__svc__d6,matern25_med_x0.1,id_val,fixed_c1,1.0,,0.012544870376586914,0.7888446215139442,0.789458635150591,0.7888446215139442,0.7888446215139442,0.8548100139789045,0.8226898972451357,full_v4_features,524,524,0,,ksf-v4-idsplit::
classical_ext,svc,6,matern25_med_x0.1__svc__d6,matern25_med_x0.1,id_test,fixed_c1,1.0,,0.012544870376586914,0.7871485943775101,0.7891270661157025,0.7866530869586303,0.7969348659003831,0.8555010330578513,0.8335766924850679,full_v4_features,524,524,0,,ksf-v4-idsplit::
classical_ext,svc,6,matern25_med_x0.1__svc__d6,matern25_med_x0.1,ood_test,fixed_c1,1.0,,0.012544870376586914,0.75,0.7501921106557377,0.74997499749975,0.7474747474747475,0.806976818647541,0.7716844532836928,full_v4_features,524,524,0,,ksf-v4-idsplit::
classical_ext,svc,6,matern25_med_x0.3__svc__d6,matern25_med_x0.3,id_val,fixed_c1,1.0,,0.009158849716186523,0.7529880478087649,0.7556868725378065,0.7515644955300127,0.7703703703703704,0.8181471597407548,0.7793928609834488,full_v4_features,524,524,0,,ksf-v4-idsplit::
classical_ext,svc,6,matern25_med_x0.3__svc__d6,matern25_med_x0.3,id_test,fixed_c1,1.0,,0.009158849716186523,0.7188755020080321,0.7227208161157025,0.7150098103335514,0.7482014388489209,0.8305785123966942,0.8086640685523317,full_v4_features,524,524,0,,ksf-v4-idsplit::
classical_ext,svc,6,matern25_med_x0.3__svc__d6,matern25_med_x0.3,ood_test,fixed_c1,1.0,,0.009158849716186523,0.744,0.7454853995901639,0.7435034226262043,0.7547892720306514,0.795594262295082,0.731518001978295,full_v4_features,524,524,0,,ksf-v4-idsplit::
classical_ext,svc,6,matern25_med_x3__svc__d6,matern25_med_x3,id_val,fixed_c1,1.0,,0.013933420181274414,0.6613545816733067,0.6640932774177151,0.6591907477516334,0.6863468634686347,0.7100648112847884,0.6735481115111401,full_v4_features,524,524,0,,ksf-v4-idsplit::
classical_ext,svc,6,matern25_med_x3__svc__d6,matern25_med_x3,id_test,fixed_c1,1.0,,0.013933420181274414,0.6827309236947792,0.6848527892561984,0.6817247795485801,0.6996197718631179,0.7525180785123966,0.7184274903434225,full_v4_features,524,524,0,,ksf-v4-idsplit::
classical_ext,svc,6,matern25_med_x3__svc__d6,matern25_med_x3,ood_test,fixed_c1,1.0,,0.013933420181274414,0.654,0.6571144979508197,0.6494441765180283,0.6894075403949731,0.7112256659836065,0.6567291440198406,full_v4_features,524,524,0,,ksf-v4-idsplit::
classical_ext,svc,6,matern25_med_x10__svc__d6,matern25_med_x10,id_val,fixed_c1,1.0,,0.012513399124145508,0.6294820717131474,0.629749650527386,0.6294585456450308,0.6265060240963856,0.6651416952598805,0.590960163353651,full_v4_features,524,524,0,,ksf-v4-idsplit::
classical_ext,svc,6,matern25_med_x10__svc__d6,matern25_med_x10,id_test,fixed_c1,1.0,,0.012513399124145508,0.6465863453815262,0.6474367252066116,0.6465350367789393,0.6507936507936508,0.6909220041322314,0.6218834085531814,full_v4_features,524,524,0,,ksf-v4-idsplit::
classical_ext,svc,6,matern25_med_x10__svc__d6,matern25_med_x10,ood_test,fixed_c1,1.0,,0.012513399124145508,0.588,0.5868019979508197,0.5863055073581389,0.5598290598290598,0.6323962602459017,0.6347646088638262,full_v4_features,524,524,0,,ksf-v4-idsplit::
quantum,svc,6,zz_r1_full__as0.5__svc__d6,zz_r1_full__as0.5,id_val,fixed_c1,1.0,,0.009474754333496094,0.7370517928286853,0.7390710382513661,0.7363445378151261,0.75,0.8030880670987418,0.7718623443392223,full_v4_features,524,524,0,,ksf-v4-idsplit::
quantum,svc,6,zz_r1_full__as0.5__svc__d6,zz_r1_full__as0.5,id_test,fixed_c1,1.0,,0.009474754333496094,0.7228915662650602,0.7257231404958677,0.7210921900618497,0.7434944237918215,0.809659090909091,0.7704846203393197,full_v4_features,524,524,0,,ksf-v4-idsplit::
quantum,svc,6,zz_r1_full__as0.5__svc__d6,zz_r1_full__as0.5,ood_test,fixed_c1,1.0,,0.009474754333496094,0.738,0.7392418032786885,0.7376967774747608,0.746615087040619,0.7840356045081968,0.7360425701490362,full_v4_features,524,524,0,,ksf-v4-idsplit::
quantum,svc,6,zz_r2_full__as0.5__svc__d6,zz_r2_full__as0.5,id_val,fixed_c1,1.0,,0.010849475860595703,0.7290836653386454,0.73131910026687,0.7281126545176501,0.7443609022556391,0.8142711907485068,0.776467606355913,full_v4_features,524,524,0,,ksf-v4-idsplit::
quantum,svc,6,zz_r2_full__as0.5__svc__d6,zz_r2_full__as0.5,id_test,fixed_c1,1.0,,0.010849475860595703,0.714859437751004,0.7185885847107438,0.7112076710717612,0.7436823104693141,0.8263171487603306,0.8132298199240621,full_v4_features,524,524,0,,ksf-v4-idsplit::
quantum,svc,6,zz_r2_full__as0.5__svc__d6,zz_r2_full__as0.5,ood_test,fixed_c1,1.0,,0.010849475860595703,0.746,0.7471503586065573,0.7457711940746672,0.7533980582524272,0.7882140112704918,0.72993834047686,full_v4_features,524,524,0,,ksf-v4-idsplit::
quantum,svc,6,pauli_xz_r1_full__as0.5__svc__d6,pauli_xz_r1_full__as0.5,id_val,fixed_c1,1.0,,0.009000778198242188,0.6812749003984063,0.6823611640615073,0.6811483739837398,0.6875,0.7295717371965942,0.7177449248020622,full_v4_features,524,524,0,,ksf-v4-idsplit::
quantum,svc,6,pauli_xz_r1_full__as0.5__svc__d6,pauli_xz_r1_full__as0.5,id_test,fixed_c1,1.0,,0.009000778198242188,0.6987951807228916,0.7004777892561984,0.6983085895219787,0.7104247104247104,0.7587164256198348,0.7494619303270248,full_v4_features,524,524,0,,ksf-v4-idsplit::
quantum,svc,6,pauli_xz_r1_full__as0.5__svc__d6,pauli_xz_r1_full__as0.5,ood_test,fixed_c1,1.0,,0.009000778198242188,0.688,0.6905097336065573,0.6855650154798762,0.7132352941176471,0.769227074795082,0.7252331217646288,full_v4_features,524,524,0,,ksf-v4-idsplit::
quantum,svc,6,zmap_r2__as0.5__svc__d6,zmap_r2__as0.5,id_val,fixed_c1,1.0,,0.00853109359741211,0.6852589641434262,0.6862371330537553,0.6851790108756053,0.6901960784313725,0.7363705680518491,0.7291893084609025,full_v4_features,524,524,0,,ksf-v4-idsplit::
quantum,svc,6,zmap_r2__as0.5__svc__d6,zmap_r2__as0.5,id_test,fixed_c1,1.0,,0.00853109359741211,0.6947791164658634,0.6963455578512396,0.6943798449612404,0.7054263565891473,0.7713068181818182,0.7634260762239344,full_v4_features,524,524,0,,ksf-v4-idsplit::
quantum,svc,6,zmap_r2__as0.5__svc__d6,zmap_r2__as0.5,ood_test,fixed_c1,1.0,,0.00853109359741211,0.702,0.7040855532786885,0.700532609787961,0.7214953271028037,0.7813140368852459,0.742304207149208,full_v4_features,524,524,0,,ksf-v4-idsplit::
quantum,svc,6,zz_r1_full__svc__d6,zz_r1_full,id_val,fixed_c1,1.0,,0.013158559799194336,0.7290836653386454,0.7315414919303597,0.7278351830590637,0.746268656716418,0.8063286313381623,0.7551502270820281,full_v4_features,524,524,0,,ksf-v4-idsplit::
quantum,svc,6,zz_r1_full__svc__d6,zz_r1_full,id_test,fixed_c1,1.0,,0.013158559799194336,0.7349397590361446,0.7381198347107438,0.732658771473191,0.7573529411764706,0.8237345041322315,0.789747087431907,full_v4_features,524,524,0,,ksf-v4-idsplit::
quantum,svc,6,zz_r1_full__svc__d6,zz_r1_full,ood_test,fixed_c1,1.0,,0.013158559799194336,0.744,0.7450051229508197,0.7438524590163935,0.75,0.7826107838114754,0.7110645209153593,full_v4_features,524,524,0,,ksf-v4-idsplit::
quantum,svc,6,zz_r2_full__svc__d6,zz_r2_full,id_val,fixed_c1,1.0,,0.010997533798217773,0.7569721115537849,0.7584508832126065,0.7567249789472013,0.7644787644787645,0.8311094166984369,0.7857752694444704,full_v4_features,524,524,0,,ksf-v4-idsplit::
quantum,svc,6,zz_r2_full__svc__d6,zz_r2_full,id_test,fixed_c1,1.0,,0.010997533798217773,0.751004016064257,0.7537448347107438,0.7495457495133031,0.7686567164179104,0.8344524793388429,0.8085921581190921,full_v4_features,524,524,0,,ksf-v4-idsplit::
quantum,svc,6,zz_r2_full__svc__d6,zz_r2_full,ood_test,fixed_c1,1.0,,0.010997533798217773,0.734,0.7349513319672132,0.7338711936577303,0.7397260273972602,0.7932088883196722,0.7414936183914241,full_v4_features,524,524,0,,ksf-v4-idsplit::
quantum,svc,6,pauli_xz_r1_full__svc__d6,pauli_xz_r1_full,id_val,fixed_c1,1.0,,0.009007453918457031,0.6772908366533864,0.6769284534248317,0.6769626769626769,0.6666666666666666,0.7579743296479857,0.7402307562923494,full_v4_features,524,524,0,,ksf-v4-idsplit::
quantum,svc,6,pauli_xz_r1_full__svc__d6,pauli_xz_r1_full,id_test,fixed_c1,1.0,,0.009007453918457031,0.7028112449799196,0.7037060950413223,0.7027680991095626,0.7063492063492064,0.7862861570247933,0.7644859915019421,full_v4_features,524,524,0,,ksf-v4-idsplit::
quantum,svc,6,pauli_xz_r1_full__svc__d6,pauli_xz_r1_full,ood_test,fixed_c1,1.0,,0.009007453918457031,0.704,0.7055584016393442,0.7033164410802488,0.7175572519083969,0.7954501793032787,0.7574537725830881,full_v4_features,524,524,0,,ksf-v4-idsplit::
quantum,svc,6,zmap_r2__svc__d6,zmap_r2,id_val,fixed_c1,1.0,,0.012037992477416992,0.6733067729083665,0.6732748760960732,0.6731770833333333,0.6666666666666666,0.7591180582030753,0.7698980143223221,full_v4_features,524,524,0,,ksf-v4-idsplit::
quantum,svc,6,zmap_r2__svc__d6,zmap_r2,id_test,fixed_c1,1.0,,0.012037992477416992,0.7028112449799196,0.7037060950413223,0.7027680991095626,0.7063492063492064,0.7900309917355373,0.7957781217064851,full_v4_features,524,524,0,,ksf-v4-idsplit::
quantum,svc,6,zmap_r2__svc__d6,zmap_r2,ood_test,fixed_c1,1.0,,0.012037992477416992,0.706,0.707703637295082,0.7051401887905131,0.7210626185958254,0.7768794825819674,0.7303096593447205,full_v4_features,524,524,0,,ksf-v4-idsplit::
quantum,svc,6,zz_r1_full__as2__svc__d6,zz_r1_full__as2,id_val,fixed_c1,1.0,,0.022737503051757812,0.7848605577689243,0.7851378828313635,0.7848298196596393,0.782258064516129,0.8499809378574151,0.8108719721698475,full_v4_features,524,524,0,,ksf-v4-idsplit::
quantum,svc,6,zz_r1_full__as2__svc__d6,zz_r1_full__as2,id_test,fixed_c1,1.0,,0.022737503051757812,0.7710843373493976,0.773050103305785,0.7705514331441874,0.7816091954022989,0.8455578512396694,0.831185132213531,full_v4_features,524,524,0,,ksf-v4-idsplit::
quantum,svc,6,zz_r1_full__as2__svc__d6,zz_r1_full__as2,ood_test,fixed_c1,1.0,,0.022737503051757812,0.74,0.7405225409836065,0.739995839933439,0.7410358565737052,0.8098264600409837,0.7511313152321275,full_v4_features,524,524,0,,ksf-v4-idsplit::
quantum,svc,6,zz_r2_full__as2__svc__d6,zz_r2_full__as2,id_val,fixed_c1,1.0,,0.012347221374511719,0.7928286852589641,0.7931122124793493,0.7927990855981712,0.7903225806451613,0.8517600711653324,0.827694793748019,full_v4_features,524,524,0,,ksf-v4-idsplit::
quantum,svc,6,zz_r2_full__as2__svc__d6,zz_r2_full__as2,id_test,fixed_c1,1.0,,0.012347221374511719,0.7911646586345381,0.7932592975206612,0.7905938672532022,0.8015267175572519,0.8510459710743801,0.8235154641480605,full_v4_features,524,524,0,,ksf-v4-idsplit::
quantum,svc,6,zz_r2_full__as2__svc__d6,zz_r2_full__as2,ood_test,fixed_c1,1.0,,0.012347221374511719,0.74,0.7403304303278688,0.739995839933439,0.7389558232931727,0.7995805584016393,0.7848431603777044,full_v4_features,524,524,0,,ksf-v4-idsplit::
quantum,svc,6,pauli_xz_r1_full__as2__svc__d6,pauli_xz_r1_full__as2,id_val,fixed_c1,1.0,,0.013226032257080078,0.7091633466135459,0.7094929470072436,0.7091448799149166,0.7068273092369478,0.7747490151226331,0.7800318114790689,full_v4_features,524,524,0,,ksf-v4-idsplit::
quantum,svc,6,pauli_xz_r1_full__as2__svc__d6,pauli_xz_r1_full__as2,id_test,fixed_c1,1.0,,0.013226032257080078,0.714859437751004,0.7170067148760331,0.7139551816196101,0.7300380228136882,0.7971978305785125,0.792721316687242,full_v4_features,524,524,0,,ksf-v4-idsplit::
quantum,svc,6,pauli_xz_r1_full__as2__svc__d6,pauli_xz_r1_full__as2,ood_test,fixed_c1,1.0,,0.013226032257080078,0.728,0.7294761782786885,0.7274723865403421,0.7394636015325671,0.7858446465163933,0.7456118261551066,full_v4_features,524,524,0,,ksf-v4-idsplit::
quantum,svc,6,zmap_r2__as2__svc__d6,zmap_r2__as2,id_val,fixed_c1,1.0,,0.009513616561889648,0.7290836653386454,0.7308743169398907,0.7285623409669211,0.7404580152671756,0.8056932265853348,0.7912546183996235,full_v4_features,524,524,0,,ksf-v4-idsplit::
quantum,svc,6,zmap_r2__as2__svc__d6,zmap_r2__as2,id_test,fixed_c1,1.0,,0.009513616561889648,0.7228915662650602,0.7257231404958677,0.7210921900618497,0.7434944237918215,0.7931947314049587,0.7445706850810621,full_v4_features,524,524,0,,ksf-v4-idsplit::
quantum,svc,6,zmap_r2__as2__svc__d6,zmap_r2__as2,ood_test,fixed_c1,1.0,,0.009513616561889648,0.736,0.737000512295082,0.7358478483606558,0.7421875,0.8054879610655739,0.7758135914683795,full_v4_features,524,524,0,,ksf-v4-idsplit::
classical_ext,svc,8,linear__svc__d8,linear,id_val,fixed_c1,1.0,,0.010338306427001953,0.6334661354581673,0.6365167111449994,0.6303624023562555,0.6642335766423357,0.7207396111322912,0.6606065486369728,full_v4_features,524,524,0,,ksf-v4-idsplit::
classical_ext,svc,8,linear__svc__d8,linear,id_test,fixed_c1,1.0,,0.010338306427001953,0.6465863453815262,0.6501485020661157,0.6423815119467293,0.6811594202898551,0.7458677685950413,0.7201819893406785,full_v4_features,524,524,0,,ksf-v4-idsplit::
classical_ext,svc,8,linear__svc__d8,linear,ood_test,fixed_c1,1.0,,0.010338306427001953,0.656,0.6594518442622951,0.6502700240744356,0.6950354609929078,0.7549468493852458,0.7099422857748416,full_v4_features,524,524,0,,ksf-v4-idsplit::
classical_ext,svc,8,rbf_gscale__svc__d8,rbf_gscale,id_val,fixed_c1,1.0,,0.012785196304321289,0.6812749003984063,0.6821387723980176,0.6812293624587249,0.6850393700787402,0.7479984750285932,0.7238839192604617,full_v4_features,524,524,0,,ksf-v4-idsplit::
classical_ext,svc,8,rbf_gscale__svc__d8,rbf_gscale,id_test,fixed_c1,1.0,,0.012785196304321289,0.6987951807228916,0.7004777892561984,0.6983085895219787,0.7104247104247104,0.7851885330578513,0.7597753095422335,full_v4_features,524,524,0,,ksf-v4-idsplit::
classical_ext,svc,8,rbf_gscale__svc__d8,rbf_gscale,ood_test,fixed_c1,1.0,,0.012785196304321289,0.7,0.7021324282786885,0.698436695831189,0.7201492537313433,0.7919441598360655,0.7601647685154388,full_v4_features,524,524,0,,ksf-v4-idsplit::
classical_ext,svc,8,poly2__svc__d8,poly2,id_val,fixed_c1,1.0,,0.009645223617553711,0.6772908366533864,0.6784851950692592,0.6771063289128881,0.6848249027237354,0.7255686872537807,0.6680698058976728,full_v4_features,524,524,0,,ksf-v4-idsplit::
classical_ext,svc,8,poly2__svc__d8,poly2,id_test,fixed_c1,1.0,,0.009645223617553711,0.6907630522088354,0.6926652892561984,0.6900431640719724,0.7049808429118773,0.7566503099173554,0.7425545070683058,full_v4_features,524,524,0,,ksf-v4-idsplit::
classical_ext,svc,8,poly2__svc__d8,poly2,ood_test,fixed_c1,1.0,,0.009645223617553711,0.676,0.6783107069672132,0.6739130434782609,0.7,0.7567078637295082,0.7070251384663999,full_v4_features,524,524,0,,ksf-v4-idsplit::
classical_ext,svc,8,poly3__svc__d8,poly3,id_val,fixed_c1,1.0,,0.010005474090576172,0.6772908366533864,0.6784851950692592,0.6771063289128881,0.6848249027237354,0.7338289490405389,0.677445260168819,full_v4_features,524,524,0,,ksf-v4-idsplit::
classical_ext,svc,8,poly3__svc__d8,poly3,id_test,fixed_c1,1.0,,0.010005474090576172,0.6907630522088354,0.6926652892561984,0.6900431640719724,0.7049808429118773,0.7738894628099173,0.7615292846580863,full_v4_features,524,524,0,,ksf-v4-idsplit::
classical_ext,svc,8,poly3__svc__d8,poly3,ood_test,fixed_c1,1.0,,0.010005474090576172,0.678,0.680359887295082,0.6758202151265107,0.7024029574861368,0.7621349897540983,0.7059572165491346,full_v4_features,524,524,0,,ksf-v4-idsplit::
classical_ext,svc,8,laplacian_med__svc__d8,laplacian_med,id_val,fixed_c1,1.0,,0.008001089096069336,0.7290836653386454,0.7299847502859321,0.7290449580899162,0.7322834645669292,0.816304485957555,0.8094795553638914,full_v4_features,524,524,0,,ksf-v4-idsplit::
classical_ext,svc,8,laplacian_med__svc__d8,laplacian_med,id_test,fixed_c1,1.0,,0.008001089096069336,0.7429718875502008,0.7450284090909092,0.7422693750808642,0.7557251908396947,0.8255423553719008,0.7971730823188028,full_v4_features,524,524,0,,ksf-v4-idsplit::
classical_ext,svc,8,laplacian_med__svc__d8,laplacian_med,ood_test,fixed_c1,1.0,,0.008001089096069336,0.722,0.7235207479508197,0.7214105046277924,0.734225621414914,0.8081134733606558,0.7584230828951919,full_v4_features,524,524,0,,ksf-v4-idsplit::
classical_ext,svc,8,matern15_med__svc__d8,matern15_med,id_val,fixed_c1,1.0,,0.008907556533813477,0.6733067729083665,0.6737196594230525,0.6733015873015873,0.672,0.7633117295717372,0.7671757781829794,full_v4_features,524,524,0,,ksf-v4-idsplit::
classical_ext,svc,8,matern15_med__svc__d8,matern15_med,id_test,fixed_c1,1.0,,0.008907556533813477,0.6907630522088354,0.6919873450413223,0.6905833938513677,0.6980392156862745,0.810885847107438,0.8150296339017014,full_v4_features,524,524,0,,ksf-v4-idsplit::
classical_ext,svc,8,matern15_med__svc__d8,matern15_med,ood_test,fixed_c1,1.0,,0.008907556533813477,0.712,0.7138511782786885,0.7109594540345243,0.7283018867924528,0.7984439036885246,0.7763362472333055,full_v4_features,524,524,0,,ksf-v4-idsplit::
classical_ext,svc,8,matern25_med__svc__d8,matern25_med,id_val,fixed_c1,1.0,,0.008519411087036133,0.6693227091633466,0.6698436904308045,0.6693227091633466,0.6693227091633466,0.764646079552675,0.7542730181435021,full_v4_features,524,524,0,,ksf-v4-idsplit::
classical_ext,svc,8,matern25_med__svc__d8,matern25_med,id_test,fixed_c1,1.0,,0.008519411087036133,0.6947791164658634,0.696119576446281,0.6945377066115703,0.703125,0.8036544421487604,0.8039045578318507,full_v4_features,524,524,0,,ksf-v4-idsplit::
classical_ext,svc,8,matern25_med__svc__d8,matern25_med,ood_test,fixed_c1,1.0,,0.008519411087036133,0.708,0.7100409836065573,0.7066435196347913,0.7265917602996255,0.7957223360655739,0.7689233641618046,full_v4_features,524,524,0,,ksf-v4-idsplit::
classical_ext,svc,8,rbf_gscale_x0.1__svc__d8,rbf_gscale_x0.1,id_val,fixed_c1,1.0,,0.008505105972290039,0.6573705179282868,0.660884483415936,0.6533594552929085,0.6906474820143885,0.7247426610751049,0.6633212392005332,full_v4_features,524,524,0,,ksf-v4-idsplit::
classical_ext,svc,8,rbf_gscale_x0.1__svc__d8,rbf_gscale_x0.1,id_test,fixed_c1,1.0,,0.008505105972290039,0.6706827309236948,0.6749418904958677,0.6647951142631994,0.7092198581560284,0.7523243801652894,0.7262070839449575,full_v4_features,524,524,0,,ksf-v4-idsplit::
classical_ext,svc,8,rbf_gscale_x0.1__svc__d8,rbf_gscale_x0.1,ood_test,fixed_c1,1.0,,0.008505105972290039,0.66,0.6632620389344263,0.6550324675324675,0.6964285714285714,0.759765625,0.7136538109790036,full_v4_features,524,524,0,,ksf-v4-idsplit::
classical_ext,svc,8,rbf_gscale_x0.3__svc__d8,rbf_gscale_x0.3,id_val,fixed_c1,1.0,,0.0083160400390625,0.6772908366533864,0.6782628034057695,0.677208859252203,0.6823529411764706,0.7352903799720422,0.6874383603526373,full_v4_features,524,524,0,,ksf-v4-idsplit::
classical_ext,svc,8,rbf_gscale_x0.3__svc__d8,rbf_gscale_x0.3,id_test,fixed_c1,1.0,,0.0083160400390625,0.6907630522088354,0.6926652892561984,0.6900431640719724,0.7049808429118773,0.7762784090909092,0.7644899356916283,full_v4_features,524,524,0,,ksf-v4-idsplit::
classical_ext,svc,8,rbf_gscale_x0.3__svc__d8,rbf_gscale_x0.3,ood_test,fixed_c1,1.0,,0.0083160400390625,0.694,0.6957927766393442,0.6929671414638845,0.7107750472589792,0.7730372694672131,0.7188358634222793,full_v4_features,524,524,0,,ksf-v4-idsplit::
classical_ext,svc,8,rbf_gscale_x3__svc__d8,rbf_gscale_x3,id_val,fixed_c1,1.0,,0.010012626647949219,0.6693227091633466,0.6698436904308045,0.6693227091633466,0.6693227091633466,0.7516202821197103,0.7404665139687048,full_v4_features,524,524,0,,ksf-v4-idsplit::
classical_ext,svc,8,rbf_gscale_x3__svc__d8,rbf_gscale_x3,id_test,fixed_c1,1.0,,0.010012626647949219,0.6947791164658634,0.696119576446281,0.6945377066115703,0.703125,0.7943569214876034,0.7876431102696622,full_v4_features,524,524,0,,ksf-v4-idsplit::
classical_ext,svc,8,rbf_gscale_x3__svc__d8,rbf_gscale_x3,ood_test,fixed_c1,1.0,,0.010012626647949219,0.71,0.7118980532786885,0.7088809383269288,0.7269303201506592,0.79443359375,0.7608510497633834,full_v4_features,524,524,0,,ksf-v4-idsplit::
classical_ext,svc,8,rbf_gscale_x10__svc__d8,rbf_gscale_x10,id_val,fixed_c1,1.0,,0.008988380432128906,0.6972111553784861,0.6983098233574787,0.6970909552845528,0.703125,0.7786885245901639,0.7856617753192016,full_v4_features,524,524,0,,ksf-v4-idsplit::
classical_ext,svc,8,rbf_gscale_x10__svc__d8,rbf_gscale_x10,id_test,fixed_c1,1.0,,0.008988380432128906,0.6867469879518072,0.688985020661157,0.6856060606060606,0.7045454545454546,0.8040418388429752,0.8169241083779927,full_v4_features,524,524,0,,ksf-v4-idsplit::
classical_ext,svc,8,rbf_gscale_x10__svc__d8,rbf_gscale_x10,ood_test,fixed_c1,1.0,,0.008988380432128906,0.728,0.7294761782786885,0.7274723865403421,0.7394636015325671,0.7732213755122951,0.7114009814399744,full_v4_features,524,524,0,,ksf-v4-idsplit::
classical_ext,svc,8,laplacian_med_x0.1__svc__d8,laplacian_med_x0.1,id_val,fixed_c1,1.0,,0.01163029670715332,0.796812749003984,0.7974329647985767,0.796812749003984,0.796812749003984,0.8802262040920066,0.8502030189358317,full_v4_features,524,524,0,,ksf-v4-idsplit::
classical_ext,svc,8,laplacian_med_x0.1__svc__d8,laplacian_med_x0.1,id_test,fixed_c1,1.0,,0.01163029670715332,0.8112449799196787,0.8130165289256198,0.8109400494337733,0.8185328185328186,0.8674457644628099,0.8393008815530619,full_v4_features,524,524,0,,ksf-v4-idsplit::
classical_ext,svc,8,laplacian_med_x0.1__svc__d8,laplacian_med_x0.1,ood_test,fixed_c1,1.0,,0.01163029670715332,0.742,0.7419953893442623,0.7419163809074141,0.7372708757637475,0.8304223232581968,0.8412348125902829,full_v4_features,524,524,0,,ksf-v4-idsplit::
classical_ext,svc,8,laplacian_med_x0.3__svc__d8,laplacian_med_x0.3,id_val,fixed_c1,1.0,,0.010439395904541016,0.796812749003984,0.7983225314525353,0.7966061299394632,0.803088803088803,0.8644681662218833,0.8426927550085582,full_v4_features,524,524,0,,ksf-v4-idsplit::
classical_ext,svc,8,laplacian_med_x0.3__svc__d8,laplacian_med_x0.3,id_test,fixed_c1,1.0,,0.010439395904541016,0.7831325301204819,0.7856727789256198,0.7821169302566762,0.7969924812030075,0.8558238636363636,0.8122587085269277,full_v4_features,524,524,0,,ksf-v4-idsplit::
classical_ext,svc,8,laplacian_med_x0.3__svc__d8,laplacian_med_x0.3,ood_test,fixed_c1,1.0,,0.010439395904541016,0.744,0.7449090676229508,0.7438975590236094,0.7490196078431373,0.8266841700819673,0.7950901536988815,full_v4_features,524,524,0,,ksf-v4-idsplit::
classical_ext,svc,8,laplacian_med_x3__svc__d8,laplacian_med_x3,id_val,fixed_c1,1.0,,0.009175300598144531,0.6932270916334662,0.6930995043842928,0.6930516953863257,0.6857142857142857,0.7782437412631847,0.7700471287949471,full_v4_features,524,524,0,,ksf-v4-idsplit::
classical_ext,svc,8,laplacian_med_x3__svc__d8,laplacian_med_x3,id_test,fixed_c1,1.0,,0.009175300598144531,0.7028112449799196,0.7037060950413223,0.7027680991095626,0.7063492063492064,0.8050103305785125,0.7926284928345579,full_v4_features,524,524,0,,ksf-v4-idsplit::
classical_ext,svc,8,laplacian_med_x3__svc__d8,laplacian_med_x3,ood_test,fixed_c1,1.0,,0.009175300598144531,0.698,0.6993148053278688,0.6975632813783104,0.7090558766859345,0.7980436731557379,0.7699075300252406,full_v4_features,524,524,0,,ksf-v4-idsplit::
classical_ext,svc,8,laplacian_med_x10__svc__d8,laplacian_med_x10,id_val,fixed_c1,1.0,,0.008321046829223633,0.6812749003984063,0.6819163807345279,0.6812698412698412,0.6825396825396826,0.7648367009785233,0.7487282385682581,full_v4_features,524,524,0,,ksf-v4-idsplit::
classical_ext,svc,8,laplacian_med_x10__svc__d8,laplacian_med_x10,id_test,fixed_c1,1.0,,0.008321046829223633,0.6867469879518072,0.6880810950413223,0.6864992252066116,0.6953125,0.7869963842975207,0.7582229282944879,full_v4_features,524,524,0,,ksf-v4-idsplit::
classical_ext,svc,8,laplacian_med_x10__svc__d8,laplacian_med_x10,ood_test,fixed_c1,1.0,,0.008321046829223633,0.694,0.6954085553278688,0.6934592621384121,0.7063339731285988,0.7904713114754099,0.7753166644916492,full_v4_features,524,524,0,,ksf-v4-idsplit::
classical_ext,svc,8,matern15_med_x0.1__svc__d8,matern15_med_x0.1,id_val,fixed_c1,1.0,,0.010035991668701172,0.796812749003984,0.797210573135087,0.796799847611791,0.7951807228915663,0.8616088448341593,0.824968963771674,full_v4_features,524,524,0,,ksf-v4-idsplit::
classical_ext,svc,8,matern15_med_x0.1__svc__d8,matern15_med_x0.1,id_test,fixed_c1,1.0,,0.010035991668701172,0.7831325301204819,0.7849948347107438,0.7827084680025856,0.7923076923076923,0.85911673553719,0.8318753642857566,full_v4_features,524,524,0,,ksf-v4-idsplit::
classical_ext,svc,8,matern15_med_x0.1__svc__d8,matern15_med_x0.1,ood_test,fixed_c1,1.0,,0.010035991668701172,0.734,0.7342789446721312,0.7339904236552516,0.7323943661971831,0.8094342341188525,0.7692180748517989,full_v4_features,524,524,0,,ksf-v4-idsplit::
classical_ext,svc,8,matern15_med_x0.3__svc__d8,matern15_med_x0.3,id_val,fixed_c1,1.0,,0.00793004035949707,0.7529880478087649,0.755464480874317,0.7518497257303227,0.7686567164179104,0.8245012072690303,0.7743245469110486,full_v4_features,524,524,0,,ksf-v4-idsplit::
classical_ext,svc,8,matern15_med_x0.3__svc__d8,matern15_med_x0.3,id_test,fixed_c1,1.0,,0.00793004035949707,0.7269076305220884,0.7307592975206612,0.7231523871811641,0.7553956834532374,0.8395532024793387,0.8200683440646515,full_v4_features,524,524,0,,ksf-v4-idsplit::
classical_ext,svc,8,matern15_med_x0.3__svc__d8,matern15_med_x0.3,ood_test,fixed_c1,1.0,,0.00793004035949707,0.728,0.7294761782786885,0.7274723865403421,0.7394636015325671,0.7939613217213116,0.7209713407163476,full_v4_features,524,524,0,,ksf-v4-idsplit::
classical_ext,svc,8,matern15_med_x3__svc__d8,matern15_med_x3,id_val,fixed_c1,1.0,,0.008700370788574219,0.6772908366533864,0.6782628034057695,0.677208859252203,0.6823529411764706,0.7304613038505529,0.656289894894505,full_v4_features,524,524,0,,ksf-v4-idsplit::
classical_ext,svc,8,matern15_med_x3__svc__d8,matern15_med_x3,id_test,fixed_c1,1.0,,0.008700370788574219,0.6907630522088354,0.6926652892561984,0.6900431640719724,0.7049808429118773,0.7833806818181819,0.7735759623344515,full_v4_features,524,524,0,,ksf-v4-idsplit::
classical_ext,svc,8,matern15_med_x3__svc__d8,matern15_med_x3,ood_test,fixed_c1,1.0,,0.008700370788574219,0.702,0.7040855532786885,0.700532609787961,0.7214953271028037,0.7820984887295083,0.7447869552269085,full_v4_features,524,524,0,,ksf-v4-idsplit::
classical_ext,svc,8,matern15_med_x10__svc__d8,matern15_med_x10,id_val,fixed_c1,1.0,,0.009020328521728516,0.6812749003984063,0.6856970390138519,0.674954674954675,0.7202797202797203,0.6910662091752448,0.6188513660138161,full_v4_features,524,524,0,,ksf-v4-idsplit::
classical_ext,svc,8,matern15_med_x10__svc__d8,matern15_med_x10,id_test,fixed_c1,1.0,,0.009020328521728516,0.6706827309236948,0.6758458161157025,0.6615053050397878,0.7172413793103448,0.7128744834710744,0.6595357627864983,full_v4_features,524,524,0,,ksf-v4-idsplit::
classical_ext,svc,8,matern15_med_x10__svc__d8,matern15_med_x10,ood_test,fixed_c1,1.0,,0.009020328521728516,0.67,0.6735079405737705,0.6643271284711627,0.7079646017699115,0.7480788934426229,0.7031964259376657,full_v4_features,524,524,0,,ksf-v4-idsplit::
classical_ext,svc,8,matern25_med_x0.1__svc__d8,matern25_med_x0.1,id_val,fixed_c1,1.0,,0.010001659393310547,0.7888446215139442,0.789458635150591,0.7888446215139442,0.7888446215139442,0.8563985258609734,0.8226928485994544,full_v4_features,524,524,0,,ksf-v4-idsplit::
classical_ext,svc,8,matern25_med_x0.1__svc__d8,matern25_med_x0.1,id_test,fixed_c1,1.0,,0.010001659393310547,0.7751004016064257,0.776956353305785,0.7746606334841628,0.7846153846153846,0.854532541322314,0.8239299373111443,full_v4_features,524,524,0,,ksf-v4-idsplit::
classical_ext,svc,8,matern25_med_x0.1__svc__d8,matern25_med_x0.1,ood_test,fixed_c1,1.0,,0.010001659393310547,0.736,0.736328125,0.7359957759324149,0.7349397590361446,0.8027904072745902,0.7484984264860491,full_v4_features,524,524,0,,ksf-v4-idsplit::
classical_ext,svc,8,matern25_med_x0.3__svc__d8,matern25_med_x0.3,id_val,fixed_c1,1.0,,0.008999824523925781,0.7370517928286853,0.7395158215783455,0.73584003061615,0.753731343283582,0.8092514932011691,0.7656338928707387,full_v4_features,524,524,0,,ksf-v4-idsplit::
classical_ext,svc,8,matern25_med_x0.3__svc__d8,matern25_med_x0.3,id_test,fixed_c1,1.0,,0.008999824523925781,0.714859437751004,0.718362603305785,0.7117162657969833,0.7418181818181818,0.8289643595041323,0.8171613992169697,full_v4_features,524,524,0,,ksf-v4-idsplit::
classical_ext,svc,8,matern25_med_x0.3__svc__d8,matern25_med_x0.3,ood_test,fixed_c1,1.0,,0.008999824523925781,0.726,0.7274269979508197,0.7255158098886436,0.7370441458733206,0.7895347720286885,0.7196267948529971,full_v4_features,524,524,0,,ksf-v4-idsplit::
classical_ext,svc,8,matern25_med_x3__svc__d8,matern25_med_x3,id_val,fixed_c1,1.0,,0.008645296096801758,0.6772908366533864,0.6782628034057695,0.677208859252203,0.6823529411764706,0.7323039776337527,0.6673121195517916,full_v4_features,524,524,0,,ksf-v4-idsplit::
classical_ext,svc,8,matern25_med_x3__svc__d8,matern25_med_x3,id_test,fixed_c1,1.0,,0.008645296096801758,0.6907630522088354,0.6926652892561984,0.6900431640719724,0.7049808429118773,0.7680785123966942,0.7477037049169981,full_v4_features,524,524,0,,ksf-v4-idsplit::
classical_ext,svc,8,matern25_med_x3__svc__d8,matern25_med_x3,ood_test,fixed_c1,1.0,,0.008645296096801758,0.688,0.6897412909836065,0.6870184899845917,0.7045454545454546,0.769563268442623,0.7146522756316149,full_v4_features,524,524,0,,ksf-v4-idsplit::
classical_ext,svc,8,matern25_med_x10__svc__d8,matern25_med_x10,id_val,fixed_c1,1.0,,0.009112358093261719,0.6693227091633466,0.673179565383149,0.6645303618299222,0.7046263345195729,0.6890329139661965,0.6062182173409416,full_v4_features,524,524,0,,ksf-v4-idsplit::
classical_ext,svc,8,matern25_med_x10__svc__d8,matern25_med_x10,id_test,fixed_c1,1.0,,0.009112358093261719,0.6706827309236948,0.6751678719008265,0.6640450177701724,0.7112676056338029,0.7037706611570248,0.6436519236575239,full_v4_features,524,524,0,,ksf-v4-idsplit::
classical_ext,svc,8,matern25_med_x10__svc__d8,matern25_med_x10,ood_test,fixed_c1,1.0,,0.009112358093261719,0.68,0.6824090676229508,0.6777260349022705,0.7047970479704797,0.7364561987704918,0.6870809594192875,full_v4_features,524,524,0,,ksf-v4-idsplit::
quantum,svc,8,zz_r1_full__as0.5__svc__d8,zz_r1_full__as0.5,id_val,fixed_c1,1.0,,0.010259866714477539,0.749003984063745,0.7518109035455585,0.74740020127474,0.7675276752767528,0.8186554835430169,0.7640192692704451,full_v4_features,524,524,0,,ksf-v4-idsplit::
quantum,svc,8,zz_r1_full__as0.5__svc__d8,zz_r1_full__as0.5,id_test,fixed_c1,1.0,,0.010259866714477539,0.7228915662650602,0.7266270661157025,0.7193426662528383,0.7509025270758123,0.8308367768595042,0.8034333246321104,full_v4_features,524,524,0,,ksf-v4-idsplit::
quantum,svc,8,zz_r1_full__as0.5__svc__d8,zz_r1_full__as0.5,ood_test,fixed_c1,1.0,,0.010259866714477539,0.734,0.7351434426229508,0.7337603843459113,0.7417475728155339,0.7852202868852459,0.7047796393441541,full_v4_features,524,524,0,,ksf-v4-idsplit::
quantum,svc,8,zz_r2_full__as0.5__svc__d8,zz_r2_full__as0.5,id_val,fixed_c1,1.0,,0.011057615280151367,0.7649402390438247,0.7664252128605922,0.7647012091456535,0.7722007722007722,0.8361291142457745,0.7635885549689633,full_v4_features,524,524,0,,ksf-v4-idsplit::
quantum,svc,8,zz_r2_full__as0.5__svc__d8,zz_r2_full__as0.5,id_test,fixed_c1,1.0,,0.011057615280151367,0.7710843373493976,0.7739540289256198,0.7695978961380496,0.7881040892193308,0.8466554752066116,0.8199237280234032,full_v4_features,524,524,0,,ksf-v4-idsplit::
quantum,svc,8,zz_r2_full__as0.5__svc__d8,zz_r2_full__as0.5,ood_test,fixed_c1,1.0,,0.011057615280151367,0.744,0.744140625,0.7439631306908194,0.7408906882591093,0.7959304559426229,0.7257070413783223,full_v4_features,524,524,0,,ksf-v4-idsplit::
quantum,svc,8,pauli_xz_r1_full__as0.5__svc__d8,pauli_xz_r1_full__as0.5,id_val,fixed_c1,1.0,,0.00982666015625,0.6812749003984063,0.6821387723980176,0.6812293624587249,0.6850393700787402,0.7502859321387723,0.71196442009755,full_v4_features,524,524,0,,ksf-v4-idsplit::
quantum,svc,8,pauli_xz_r1_full__as0.5__svc__d8,pauli_xz_r1_full__as0.5,id_test,fixed_c1,1.0,,0.00982666015625,0.6987951807228916,0.7004777892561984,0.6983085895219787,0.7104247104247104,0.7844137396694215,0.7441463758804399,full_v4_features,524,524,0,,ksf-v4-idsplit::
quantum,svc,8,pauli_xz_r1_full__as0.5__svc__d8,pauli_xz_r1_full__as0.5,ood_test,fixed_c1,1.0,,0.00982666015625,0.698,0.7001793032786885,0.6963371421906359,0.7188081936685289,0.7891585553278689,0.7422404099233338,full_v4_features,524,524,0,,ksf-v4-idsplit::
quantum,svc,8,zmap_r2__as0.5__svc__d8,zmap_r2__as0.5,id_val,fixed_c1,1.0,,0.009679555892944336,0.6852589641434262,0.6862371330537553,0.6851790108756053,0.6901960784313725,0.7495234464353793,0.7340330891226567,full_v4_features,524,524,0,,ksf-v4-idsplit::
quantum,svc,8,zmap_r2__as0.5__svc__d8,zmap_r2__as0.5,id_test,fixed_c1,1.0,,0.009679555892944336,0.6947791164658634,0.6963455578512396,0.6943798449612404,0.7054263565891473,0.8000387396694215,0.793559130837201,full_v4_features,524,524,0,,ksf-v4-idsplit::
quantum,svc,8,zmap_r2__as0.5__svc__d8,zmap_r2__as0.5,ood_test,fixed_c1,1.0,,0.009679555892944336,0.706,0.7080878586065573,0.7045523063008743,0.7252336448598131,0.7945536629098361,0.7698923427062281,full_v4_features,524,524,0,,ksf-v4-idsplit::
quantum,svc,8,zz_r1_full__svc__d8,zz_r1_full,id_val,fixed_c1,1.0,,0.0149993896484375,0.7649402390438247,0.7664252128605922,0.7647012091456535,0.7722007722007722,0.8377811666031262,0.7673824549618832,full_v4_features,524,524,0,,ksf-v4-idsplit::
quantum,svc,8,zz_r1_full__svc__d8,zz_r1_full,id_test,fixed_c1,1.0,,0.0149993896484375,0.7710843373493976,0.7737280475206612,0.7698818035896688,0.7865168539325843,0.8452350206611571,0.8200985425218564,full_v4_features,524,524,0,,ksf-v4-idsplit::
quantum,svc,8,zz_r1_full__svc__d8,zz_r1_full,ood_test,fixed_c1,1.0,,0.0149993896484375,0.752,0.752625512295082,0.751984126984127,0.753968253968254,0.7968910092213115,0.7270774095096652,full_v4_features,524,524,0,,ksf-v4-idsplit::
quantum,svc,8,zz_r2_full__svc__d8,zz_r2_full,id_val,fixed_c1,1.0,,0.013485431671142578,0.7808764940239044,0.7810395221756259,0.7808208303564341,0.7773279352226721,0.8496632354810014,0.797629040457343,full_v4_features,524,524,0,,ksf-v4-idsplit::
quantum,svc,8,zz_r2_full__svc__d8,zz_r2_full,id_test,fixed_c1,1.0,,0.013485431671142578,0.7871485943775101,0.7893530475206612,0.7864735862794272,0.7984790874524715,0.8447830578512397,0.80256467874267,full_v4_features,524,524,0,,ksf-v4-idsplit::
quantum,svc,8,zz_r2_full__svc__d8,zz_r2_full,ood_test,fixed_c1,1.0,,0.013485431671142578,0.75,0.75,0.7499189737474942,0.745417515274949,0.8092501280737705,0.7564742269508209,full_v4_features,524,524,0,,ksf-v4-idsplit::
quantum,svc,8,pauli_xz_r1_full__svc__d8,pauli_xz_r1_full,id_val,fixed_c1,1.0,,0.013305187225341797,0.6733067729083665,0.6732748760960732,0.6731770833333333,0.6666666666666666,0.7422162917778624,0.6911748412295698,full_v4_features,524,524,0,,ksf-v4-idsplit::
quantum,svc,8,pauli_xz_r1_full__svc__d8,pauli_xz_r1_full,id_test,fixed_c1,1.0,,0.013305187225341797,0.7028112449799196,0.7037060950413223,0.7027680991095626,0.7063492063492064,0.7860924586776861,0.7577942074202278,full_v4_features,524,524,0,,ksf-v4-idsplit::
quantum,svc,8,pauli_xz_r1_full__svc__d8,pauli_xz_r1_full,ood_test,fixed_c1,1.0,,0.013305187225341797,0.708,0.7095607069672132,0.7073256783629482,0.7213740458015268,0.7870133196721312,0.7545938072117223,full_v4_features,524,524,0,,ksf-v4-idsplit::
quantum,svc,8,zmap_r2__svc__d8,zmap_r2,id_val,fixed_c1,1.0,,0.009032011032104492,0.6932270916334662,0.6937666793747617,0.6932270916334662,0.6932270916334662,0.7579743296479857,0.7613514799969765,full_v4_features,524,524,0,,ksf-v4-idsplit::
quantum,svc,8,zmap_r2__svc__d8,zmap_r2,id_test,fixed_c1,1.0,,0.009032011032104492,0.6947791164658634,0.696119576446281,0.6945377066115703,0.703125,0.8054622933884298,0.8136632644221682,full_v4_features,524,524,0,,ksf-v4-idsplit::
quantum,svc,8,zmap_r2__svc__d8,zmap_r2,ood_test,fixed_c1,1.0,,0.009032011032104492,0.702,0.7042776639344263,0.7001758699930376,0.7235621521335807,0.7906314036885245,0.7513660336067864,full_v4_features,524,524,0,,ksf-v4-idsplit::
quantum,svc,8,zz_r1_full__as2__svc__d8,zz_r1_full__as2,id_val,fixed_c1,1.0,,0.011000394821166992,0.7848605577689243,0.7855826661583429,0.7848571428571429,0.7857142857142857,0.8563985258609733,0.8142190718894009,full_v4_features,524,524,0,,ksf-v4-idsplit::
quantum,svc,8,zz_r1_full__as2__svc__d8,zz_r1_full__as2,id_test,fixed_c1,1.0,,0.011000394821166992,0.7670682730923695,0.7686918904958677,0.7667635658914729,0.7751937984496124,0.8452350206611571,0.8002601084696005,full_v4_features,524,524,0,,ksf-v4-idsplit::
quantum,svc,8,zz_r1_full__as2__svc__d8,zz_r1_full__as2,ood_test,fixed_c1,1.0,,0.011000394821166992,0.742,0.7420914446721312,0.7419494220867291,0.7383367139959433,0.8009573514344263,0.7448011722418735,full_v4_features,524,524,0,,ksf-v4-idsplit::
quantum,svc,8,zz_r2_full__as2__svc__d8,zz_r2_full__as2,id_val,fixed_c1,1.0,,0.011294841766357422,0.8007968127490039,0.8013089337908248,0.8007936507936508,0.8,0.8625619519634007,0.8295919675226389,full_v4_features,524,524,0,,ksf-v4-idsplit::
quantum,svc,8,zz_r2_full__as2__svc__d8,zz_r2_full__as2,id_test,fixed_c1,1.0,,0.011294841766357422,0.7831325301204819,0.7843168904958677,0.7830450496966568,0.7874015748031497,0.8575671487603306,0.8290529745928015,full_v4_features,524,524,0,,ksf-v4-idsplit::
quantum,svc,8,zz_r2_full__as2__svc__d8,zz_r2_full__as2,ood_test,fixed_c1,1.0,,0.011294841766357422,0.748,0.7474705430327868,0.7475961538461539,0.7375,0.802526255122951,0.759864305281176,full_v4_features,524,524,0,,ksf-v4-idsplit::
quantum,svc,8,pauli_xz_r1_full__as2__svc__d8,pauli_xz_r1_full__as2,id_val,fixed_c1,1.0,,0.010326385498046875,0.7131474103585658,0.7147032659804295,0.7127781309599491,0.7230769230769231,0.7883466768331429,0.7880292865193969,full_v4_features,524,524,0,,ksf-v4-idsplit::
quantum,svc,8,pauli_xz_r1_full__as2__svc__d8,pauli_xz_r1_full__as2,id_test,fixed_c1,1.0,,0.010326385498046875,0.7028112449799196,0.7057399276859504,0.700682261208577,0.725925925925926,0.8119834710743801,0.8035981049100207,full_v4_features,524,524,0,,ksf-v4-idsplit::
quantum,svc,8,pauli_xz_r1_full__as2__svc__d8,pauli_xz_r1_full__as2,ood_test,fixed_c1,1.0,,0.010326385498046875,0.724,0.7251857069672132,0.7237170862963674,0.7325581395348837,0.7791047643442623,0.7190615287132105,full_v4_features,524,524,0,,ksf-v4-idsplit::
quantum,svc,8,zmap_r2__as2__svc__d8,zmap_r2__as2,id_val,fixed_c1,1.0,,0.009589195251464844,0.7211155378486056,0.7228999872919049,0.7205788804071247,0.732824427480916,0.8094421146270174,0.7791721745475304,full_v4_features,524,524,0,,ksf-v4-idsplit::
quantum,svc,8,zmap_r2__as2__svc__d8,zmap_r2__as2,id_test,fixed_c1,1.0,,0.009589195251464844,0.714859437751004,0.7181366219008265,0.7121855921855922,0.73992673992674,0.8222494834710744,0.7828639934201514,full_v4_features,524,524,0,,ksf-v4-idsplit::
quantum,svc,8,zmap_r2__as2__svc__d8,zmap_r2__as2,ood_test,fixed_c1,1.0,,0.009589195251464844,0.732,0.7329021516393442,0.7318927571028412,0.7372549019607844,0.7779681096311476,0.7119907844246934,full_v4_features,524,524,0,,ksf-v4-idsplit::
classical_ext,svc,10,linear__svc__d10,linear,id_val,fixed_c1,1.0,,0.016763687133789062,0.6573705179282868,0.660884483415936,0.6533594552929085,0.6906474820143885,0.7189604778243741,0.6547732107714774,full_v4_features,524,524,0,,ksf-v4-idsplit::
classical_ext,svc,10,linear__svc__d10,linear,id_test,fixed_c1,1.0,,0.016763687133789062,0.6626506024096386,0.6669034090909092,0.6566193853427896,0.7021276595744681,0.7456095041322315,0.7018764070794943,full_v4_features,524,524,0,,ksf-v4-idsplit::
classical_ext,svc,10,linear__svc__d10,linear,ood_test,fixed_c1,1.0,,0.016763687133789062,0.666,0.6692174692622951,0.6612837144398607,0.7012522361359571,0.7432441086065572,0.692908600402163,full_v4_features,524,524,0,,ksf-v4-idsplit::
classical_ext,svc,10,rbf_gscale__svc__d10,rbf_gscale,id_val,fixed_c1,1.0,,0.00851297378540039,0.7091633466135459,0.7106049053246918,0.7088675977564867,0.7181467181467182,0.7973694243232939,0.7583172233928097,full_v4_features,524,524,0,,ksf-v4-idsplit::
classical_ext,svc,10,rbf_gscale__svc__d10,rbf_gscale,id_test,fixed_c1,1.0,,0.00851297378540039,0.714859437751004,0.7170067148760331,0.7139551816196101,0.7300380228136882,0.8118543388429752,0.8054664877696367,full_v4_features,524,524,0,,ksf-v4-idsplit::
classical_ext,svc,10,rbf_gscale__svc__d10,rbf_gscale,ood_test,fixed_c1,1.0,,0.00851297378540039,0.72,0.7214715676229508,0.719456868497411,0.7318007662835249,0.804511398565574,0.7686958351969415,full_v4_features,524,524,0,,ksf-v4-idsplit::
classical_ext,svc,10,poly2__svc__d10,poly2,id_val,fixed_c1,1.0,,0.009006023406982422,0.6573705179282868,0.660884483415936,0.6533594552929085,0.6906474820143885,0.7374507561316559,0.6927858230679125,full_v4_features,524,524,0,,ksf-v4-idsplit::
classical_ext,svc,10,poly2__svc__d10,poly2,id_test,fixed_c1,1.0,,0.009006023406982422,0.6706827309236948,0.6749418904958677,0.6647951142631994,0.7092198581560284,0.7745351239669421,0.7561828249409274,full_v4_features,524,524,0,,ksf-v4-idsplit::
classical_ext,svc,10,poly2__svc__d10,poly2,ood_test,fixed_c1,1.0,,0.009006023406982422,0.664,0.6674564549180328,0.6584032793285184,0.7021276595744681,0.7488313268442622,0.700545692280224,full_v4_features,524,524,0,,ksf-v4-idsplit::
classical_ext,svc,10,poly3__svc__d10,poly3,id_val,fixed_c1,1.0,,0.014605045318603516,0.6812749003984063,0.6823611640615073,0.6811483739837398,0.6875,0.7463464226712415,0.7164517622445679,full_v4_features,524,524,0,,ksf-v4-idsplit::
classical_ext,svc,10,poly3__svc__d10,poly3,id_test,fixed_c1,1.0,,0.014605045318603516,0.6907630522088354,0.692891270661157,0.6897823800663376,0.7072243346007605,0.7858341942148761,0.7802332006809197,full_v4_features,524,524,0,,ksf-v4-idsplit::
classical_ext,svc,10,poly3__svc__d10,poly3,ood_test,fixed_c1,1.0,,0.014605045318603516,0.686,0.688172387295082,0.6842710683703963,0.707635009310987,0.7532498719262295,0.6995465652360577,full_v4_features,524,524,0,,ksf-v4-idsplit::
classical_ext,svc,10,laplacian_med__svc__d10,laplacian_med,id_val,fixed_c1,1.0,,0.007542610168457031,0.7768924302788844,0.7789426864912949,0.7762923351158645,0.7878787878787878,0.8548100139789045,0.824945098091947,full_v4_features,524,524,0,,ksf-v4-idsplit::
classical_ext,svc,10,laplacian_med__svc__d10,laplacian_med,id_test,fixed_c1,1.0,,0.007542610168457031,0.7670682730923695,0.7698217975206612,0.7657040882543803,0.7835820895522388,0.8552427685950413,0.8391012196445575,full_v4_features,524,524,0,,ksf-v4-idsplit::
classical_ext,svc,10,laplacian_med__svc__d10,laplacian_med,ood_test,fixed_c1,1.0,,0.007542610168457031,0.748,0.7492955942622951,0.747672984187507,0.7567567567567568,0.8215131915983607,0.8060599045164869,full_v4_features,524,524,0,,ksf-v4-idsplit::
classical_ext,svc,10,matern15_med__svc__d10,matern15_med,id_val,fixed_c1,1.0,,0.007997989654541016,0.7450199203187251,0.7470453678993518,0.7443340972752737,0.7575757575757576,0.8241835048926165,0.8083502226031672,full_v4_features,524,524,0,,ksf-v4-idsplit::
classical_ext,svc,10,matern15_med__svc__d10,matern15_med,id_test,fixed_c1,1.0,,0.007997989654541016,0.7389558232931727,0.7420260847107438,0.7369019945706066,0.7601476014760148,0.8297391528925621,0.8257556878231567,full_v4_features,524,524,0,,ksf-v4-idsplit::
classical_ext,svc,10,matern15_med__svc__d10,matern15_med,ood_test,fixed_c1,1.0,,0.007997989654541016,0.732,0.7337666495901639,0.7311569080636877,0.7462121212121212,0.8166784067622951,0.7975239713488884,full_v4_features,524,524,0,,ksf-v4-idsplit::
classical_ext,svc,10,matern25_med__svc__d10,matern25_med,id_val,fixed_c1,1.0,,0.008751869201660156,0.7330677290836654,0.7345278942686491,0.732796288351844,0.7413127413127413,0.8168128097598171,0.7876381116216791,full_v4_features,524,524,0,,ksf-v4-idsplit::
classical_ext,svc,10,matern25_med__svc__d10,matern25_med,id_test,fixed_c1,1.0,,0.008751869201660156,0.7188755020080321,0.7211389462809917,0.7178515928515928,0.7348484848484849,0.8254132231404958,0.8284169883245363,full_v4_features,524,524,0,,ksf-v4-idsplit::
classical_ext,svc,10,matern25_med__svc__d10,matern25_med,ood_test,fixed_c1,1.0,,0.008751869201660156,0.73,0.7315253586065573,0.7294274685233955,0.7418738049713193,0.8071689293032787,0.776960681948215,full_v4_features,524,524,0,,ksf-v4-idsplit::
classical_ext,svc,10,rbf_gscale_x0.1__svc__d10,rbf_gscale_x0.1,id_val,fixed_c1,1.0,,0.007833242416381836,0.6613545816733067,0.664760452408184,0.6576815082230245,0.6931407942238267,0.7318591943067735,0.686369611026002,full_v4_features,524,524,0,,ksf-v4-idsplit::
classical_ext,svc,10,rbf_gscale_x0.1__svc__d10,rbf_gscale_x0.1,id_test,fixed_c1,1.0,,0.007833242416381836,0.678714859437751,0.6827543904958677,0.6736566186107471,0.7142857142857143,0.7715005165289256,0.7530270781398019,full_v4_features,524,524,0,,ksf-v4-idsplit::
classical_ext,svc,10,rbf_gscale_x0.1__svc__d10,rbf_gscale_x0.1,ood_test,fixed_c1,1.0,,0.007833242416381836,0.66,0.6633580942622951,0.6546905214579373,0.697508896797153,0.7477587090163935,0.6983650460444499,full_v4_features,524,524,0,,ksf-v4-idsplit::
classical_ext,svc,10,rbf_gscale_x0.3__svc__d10,rbf_gscale_x0.3,id_val,fixed_c1,1.0,,0.008510828018188477,0.6772908366533864,0.6782628034057695,0.677208859252203,0.6823529411764706,0.7673783199898335,0.7407271751746416,full_v4_features,524,524,0,,ksf-v4-idsplit::
classical_ext,svc,10,rbf_gscale_x0.3__svc__d10,rbf_gscale_x0.3,id_test,fixed_c1,1.0,,0.008510828018188477,0.6867469879518072,0.6885330578512396,0.6861344537815126,0.7,0.8001678719008265,0.7920992989969498,full_v4_features,524,524,0,,ksf-v4-idsplit::
classical_ext,svc,10,rbf_gscale_x0.3__svc__d10,rbf_gscale_x0.3,ood_test,fixed_c1,1.0,,0.008510828018188477,0.688,0.6897412909836065,0.6870184899845917,0.7045454545454546,0.7727971311475409,0.7115387320238611,full_v4_features,524,524,0,,ksf-v4-idsplit::
classical_ext,svc,10,rbf_gscale_x3__svc__d10,rbf_gscale_x3,id_val,fixed_c1,1.0,,0.007998943328857422,0.7529880478087649,0.754797305883848,0.7525127226463104,0.7633587786259542,0.8229762358622443,0.793991782734141,full_v4_features,524,524,0,,ksf-v4-idsplit::
classical_ext,svc,10,rbf_gscale_x3__svc__d10,rbf_gscale_x3,id_test,fixed_c1,1.0,,0.007998943328857422,0.7389558232931727,0.7413481404958677,0.7378735120252653,0.7547169811320755,0.8310950413223139,0.831375383693355,full_v4_features,524,524,0,,ksf-v4-idsplit::
classical_ext,svc,10,rbf_gscale_x3__svc__d10,rbf_gscale_x3,ood_test,fixed_c1,1.0,,0.007998943328857422,0.738,0.7397220799180328,0.7372337736840627,0.7514231499051234,0.8036388960040983,0.7727546670655636,full_v4_features,524,524,0,,ksf-v4-idsplit::
classical_ext,svc,10,rbf_gscale_x10__svc__d10,rbf_gscale_x10,id_val,fixed_c1,1.0,,0.0087432861328125,0.749003984063745,0.7515885118820689,0.7477064952055779,0.7657992565055762,0.8325073071546575,0.8148762370418016,full_v4_features,524,524,0,,ksf-v4-idsplit::
classical_ext,svc,10,rbf_gscale_x10__svc__d10,rbf_gscale_x10,id_test,fixed_c1,1.0,,0.0087432861328125,0.7188755020080321,0.7227208161157025,0.7150098103335514,0.7482014388489209,0.8362603305785123,0.8135418716813179,full_v4_features,524,524,0,,ksf-v4-idsplit::
classical_ext,svc,10,rbf_gscale_x10__svc__d10,rbf_gscale_x10,ood_test,fixed_c1,1.0,,0.0087432861328125,0.74,0.7415791495901639,0.7393995766245429,0.7519083969465649,0.7977635117827868,0.7384392067604588,full_v4_features,524,524,0,,ksf-v4-idsplit::
classical_ext,svc,10,laplacian_med_x0.1__svc__d10,laplacian_med_x0.1,id_val,fixed_c1,1.0,,0.011795520782470703,0.7928286852589641,0.7931122124793493,0.7927990855981712,0.7903225806451613,0.884801118312365,0.8872089757094614,full_v4_features,524,524,0,,ksf-v4-idsplit::
classical_ext,svc,10,laplacian_med_x0.1__svc__d10,laplacian_med_x0.1,id_test,fixed_c1,1.0,,0.011795520782470703,0.8032128514056225,0.8045260847107438,0.8030985233599612,0.807843137254902,0.8726756198347108,0.8568079955618624,full_v4_features,524,524,0,,ksf-v4-idsplit::
classical_ext,svc,10,laplacian_med_x0.1__svc__d10,laplacian_med_x0.1,ood_test,fixed_c1,1.0,,0.011795520782470703,0.732,0.7319415983606558,0.7318927571028412,0.726530612244898,0.8332719646516393,0.8537695666567143,full_v4_features,524,524,0,,ksf-v4-idsplit::
classical_ext,svc,10,laplacian_med_x0.3__svc__d10,laplacian_med_x0.3,id_val,fixed_c1,1.0,,0.012999773025512695,0.796812749003984,0.7981001397890457,0.7966965774636703,0.8015564202334631,0.8780022874571102,0.8727003323075905,full_v4_features,524,524,0,,ksf-v4-idsplit::
classical_ext,svc,10,laplacian_med_x0.3__svc__d10,laplacian_med_x0.3,id_test,fixed_c1,1.0,,0.012999773025512695,0.7871485943775101,0.7893530475206612,0.7864735862794272,0.7984790874524715,0.8702866735537189,0.8603161326349402,full_v4_features,524,524,0,,ksf-v4-idsplit::
classical_ext,svc,10,laplacian_med_x0.3__svc__d10,laplacian_med_x0.3,ood_test,fixed_c1,1.0,,0.012999773025512695,0.746,0.7466700819672132,0.745974597459746,0.7485148514851485,0.8331679047131149,0.8324815922624039,full_v4_features,524,524,0,,ksf-v4-idsplit::
classical_ext,svc,10,laplacian_med_x3__svc__d10,laplacian_med_x3,id_val,fixed_c1,1.0,,0.0077974796295166016,0.7609561752988048,0.7627716355318338,0.7604961832061068,0.7709923664122137,0.8280594738848646,0.8034577636313701,full_v4_features,524,524,0,,ksf-v4-idsplit::
classical_ext,svc,10,laplacian_med_x3__svc__d10,laplacian_med_x3,id_test,fixed_c1,1.0,,0.0077974796295166016,0.7389558232931727,0.7420260847107438,0.7369019945706066,0.7601476014760148,0.8263171487603306,0.810712389468297,full_v4_features,524,524,0,,ksf-v4-idsplit::
classical_ext,svc,10,laplacian_med_x3__svc__d10,laplacian_med_x3,ood_test,fixed_c1,1.0,,0.0077974796295166016,0.712,0.7139472336065573,0.7108155002891845,0.7293233082706767,0.8091540727459017,0.7713751902727867,full_v4_features,524,524,0,,ksf-v4-idsplit::
classical_ext,svc,10,laplacian_med_x10__svc__d10,laplacian_med_x10,id_val,fixed_c1,1.0,,0.00870203971862793,0.6812749003984063,0.6819163807345279,0.6812698412698412,0.6825396825396826,0.79451010293557,0.7732550115270707,full_v4_features,524,524,0,,ksf-v4-idsplit::
classical_ext,svc,10,laplacian_med_x10__svc__d10,laplacian_med_x10,id_test,fixed_c1,1.0,,0.00870203971862793,0.6947791164658634,0.696119576446281,0.6945377066115703,0.703125,0.8022985537190082,0.8002669952737573,full_v4_features,524,524,0,,ksf-v4-idsplit::
classical_ext,svc,10,laplacian_med_x10__svc__d10,laplacian_med_x10,ood_test,fixed_c1,1.0,,0.00870203971862793,0.694,0.6951203893442623,0.6937243519167251,0.7029126213592233,0.7941694415983606,0.7558394887768753,full_v4_features,524,524,0,,ksf-v4-idsplit::
classical_ext,svc,10,matern15_med_x0.1__svc__d10,matern15_med_x0.1,id_val,fixed_c1,1.0,,0.011236190795898438,0.7888446215139442,0.789458635150591,0.7888446215139442,0.7888446215139442,0.8638327614690557,0.8284062178995543,full_v4_features,524,524,0,,ksf-v4-idsplit::
classical_ext,svc,10,matern15_med_x0.1__svc__d10,matern15_med_x0.1,id_test,fixed_c1,1.0,,0.011236190795898438,0.7911646586345381,0.7930333161157025,0.7907563025210085,0.8,0.875387396694215,0.8589019626900192,full_v4_features,524,524,0,,ksf-v4-idsplit::
classical_ext,svc,10,matern15_med_x0.1__svc__d10,matern15_med_x0.1,ood_test,fixed_c1,1.0,,0.011236190795898438,0.738,0.7378009733606558,0.7378227681912972,0.731006160164271,0.8209768826844261,0.8057729169774984,full_v4_features,524,524,0,,ksf-v4-idsplit::
classical_ext,svc,10,matern15_med_x0.3__svc__d10,matern15_med_x0.3,id_val,fixed_c1,1.0,,0.009996175765991211,0.7808764940239044,0.7817066971660949,0.7808625807578139,0.782608695652174,0.842737323675181,0.7968185683827178,full_v4_features,524,524,0,,ksf-v4-idsplit::
classical_ext,svc,10,matern15_med_x0.3__svc__d10,matern15_med_x0.3,id_test,fixed_c1,1.0,,0.009996175765991211,0.7630522088353414,0.7654635847107438,0.762069803222933,0.7773584905660378,0.8554364669421488,0.8451352342304451,full_v4_features,524,524,0,,ksf-v4-idsplit::
classical_ext,svc,10,matern15_med_x0.3__svc__d10,matern15_med_x0.3,ood_test,fixed_c1,1.0,,0.009996175765991211,0.74,0.740906762295082,0.7398959583833533,0.7450980392156863,0.8080654456967213,0.7391427123413936,full_v4_features,524,524,0,,ksf-v4-idsplit::
classical_ext,svc,10,matern15_med_x3__svc__d10,matern15_med_x3,id_val,fixed_c1,1.0,,0.00800013542175293,0.701195219123506,0.7026305756767061,0.7008913675580342,0.7104247104247104,0.7654085652560682,0.7113673245383806,full_v4_features,524,524,0,,ksf-v4-idsplit::
classical_ext,svc,10,matern15_med_x3__svc__d10,matern15_med_x3,id_test,fixed_c1,1.0,,0.00800013542175293,0.6947791164658634,0.6972494834710744,0.6933497536945813,0.7142857142857143,0.7995222107438016,0.8047586832820655,full_v4_features,524,524,0,,ksf-v4-idsplit::
classical_ext,svc,10,matern15_med_x3__svc__d10,matern15_med_x3,ood_test,fixed_c1,1.0,,0.00800013542175293,0.698,0.699891137295082,0.6968346323266636,0.7156308851224106,0.7889664446721312,0.7462944215383797,full_v4_features,524,524,0,,ksf-v4-idsplit::
classical_ext,svc,10,matern15_med_x10__svc__d10,matern15_med_x10,id_val,fixed_c1,1.0,,0.009972333908081055,0.6653386454183267,0.6693035963909011,0.6601547388781431,0.7021276595744681,0.7004701995170924,0.620549745359513,full_v4_features,524,524,0,,ksf-v4-idsplit::
classical_ext,svc,10,matern15_med_x10__svc__d10,matern15_med_x10,id_test,fixed_c1,1.0,,0.009972333908081055,0.6706827309236948,0.6751678719008265,0.6640450177701724,0.7112676056338029,0.7204287190082646,0.6623340664227966,full_v4_features,524,524,0,,ksf-v4-idsplit::
classical_ext,svc,10,matern15_med_x10__svc__d10,matern15_med_x10,ood_test,fixed_c1,1.0,,0.009972333908081055,0.676,0.6785988729508197,0.6732342547320521,0.7032967032967034,0.7463819159836067,0.7098576668165631,full_v4_features,524,524,0,,ksf-v4-idsplit::
classical_ext,svc,10,matern25_med_x0.1__svc__d10,matern25_med_x0.1,id_val,fixed_c1,1.0,,0.010458230972290039,0.7928286852589641,0.7933346041428391,0.7928253968253969,0.792,0.8625619519634007,0.8353824866496351,full_v4_features,524,524,0,,ksf-v4-idsplit::
classical_ext,svc,10,matern25_med_x0.1__svc__d10,matern25_med_x0.1,id_test,fixed_c1,1.0,,0.010458230972290039,0.7991967871485943,0.8008458161157025,0.7989341085271318,0.8062015503875969,0.8713842975206612,0.853320479051677,full_v4_features,524,524,0,,ksf-v4-idsplit::
classical_ext,svc,10,matern25_med_x0.1__svc__d10,matern25_med_x0.1,ood_test,fixed_c1,1.0,,0.010458230972290039,0.74,0.7398501536885246,0.7398501536885246,0.7336065573770492,0.811707543545082,0.7831936323451689,full_v4_features,524,524,0,,ksf-v4-idsplit::
classical_ext,svc,10,matern25_med_x0.3__svc__d10,matern25_med_x0.3,id_val,fixed_c1,1.0,,0.012581586837768555,0.7529880478087649,0.7545749142203584,0.7526700572155117,0.7615384615384615,0.8373999237514296,0.8028868722745021,full_v4_features,524,524,0,,ksf-v4-idsplit::
classical_ext,svc,10,matern25_med_x0.3__svc__d10,matern25_med_x0.3,id_test,fixed_c1,1.0,,0.012581586837768555,0.7469879518072289,0.7500645661157025,0.7449973178145879,0.7675276752767528,0.8449767561983471,0.8250624449727162,full_v4_features,524,524,0,,ksf-v4-idsplit::
classical_ext,svc,10,matern25_med_x0.3__svc__d10,matern25_med_x0.3,ood_test,fixed_c1,1.0,,0.012581586837768555,0.744,0.7450051229508197,0.7438524590163935,0.75,0.797971631659836,0.7190128456868847,full_v4_features,524,524,0,,ksf-v4-idsplit::
classical_ext,svc,10,matern25_med_x3__svc__d10,matern25_med_x3,id_val,fixed_c1,1.0,,0.008913755416870117,0.6772908366533864,0.6782628034057695,0.677208859252203,0.6823529411764706,0.7598170034311855,0.7154356074706518,full_v4_features,524,524,0,,ksf-v4-idsplit::
classical_ext,svc,10,matern25_med_x3__svc__d10,matern25_med_x3,id_test,fixed_c1,1.0,,0.008913755416870117,0.6867469879518072,0.6887590392561984,0.6858908008798033,0.7022900763358778,0.7947443181818181,0.7873726993441381,full_v4_features,524,524,0,,ksf-v4-idsplit::
classical_ext,svc,10,matern25_med_x3__svc__d10,matern25_med_x3,ood_test,fixed_c1,1.0,,0.008913755416870117,0.69,0.6916944159836065,0.6890933963437383,0.7058823529411765,0.7719646516393442,0.7201966908202598,full_v4_features,524,524,0,,ksf-v4-idsplit::
classical_ext,svc,10,matern25_med_x10__svc__d10,matern25_med_x10,id_val,fixed_c1,1.0,,0.010166406631469727,0.6733067729083665,0.6748316177405007,0.6728862047043865,0.6846153846153846,0.6950057186427755,0.6105070292156515,full_v4_features,524,524,0,,ksf-v4-idsplit::
classical_ext,svc,10,matern25_med_x10__svc__d10,matern25_med_x10,id_test,fixed_c1,1.0,,0.010166406631469727,0.6626506024096386,0.6646435950413223,0.6617285547936343,0.6793893129770993,0.713907541322314,0.6584958608372176,full_v4_features,524,524,0,,ksf-v4-idsplit::
classical_ext,svc,10,matern25_med_x10__svc__d10,matern25_med_x10,ood_test,fixed_c1,1.0,,0.010166406631469727,0.668,0.6691534323770492,0.6676596835159203,0.6782945736434108,0.7312852202868854,0.684929424501522,full_v4_features,524,524,0,,ksf-v4-idsplit::
quantum,svc,10,zz_r1_full__as0.5__svc__d10,zz_r1_full__as0.5,id_val,fixed_c1,1.0,,0.009365558624267578,0.7928286852589641,0.7935569958063287,0.7928253968253969,0.7936507936507936,0.8470580759944084,0.7933590611623318,full_v4_features,524,524,0,,ksf-v4-idsplit::
quantum,svc,10,zz_r1_full__as0.5__svc__d10,zz_r1_full__as0.5,id_test,fixed_c1,1.0,,0.009365558624267578,0.7871485943775101,0.7889010847107438,0.7868047365955315,0.7953667953667953,0.8497546487603306,0.8189111430085645,full_v4_features,524,524,0,,ksf-v4-idsplit::
quantum,svc,10,zz_r1_full__as0.5__svc__d10,zz_r1_full__as0.5,ood_test,fixed_c1,1.0,,0.009365558624267578,0.752,0.7521452356557377,0.7519642828567313,0.7489878542510121,0.8171266649590164,0.7560332910348045,full_v4_features,524,524,0,,ksf-v4-idsplit::
quantum,svc,10,zz_r2_full__as0.5__svc__d10,zz_r2_full__as0.5,id_val,fixed_c1,1.0,,0.009998798370361328,0.796812749003984,0.7974329647985767,0.796812749003984,0.796812749003984,0.8667556233320626,0.850863949332401,full_v4_features,524,524,0,,ksf-v4-idsplit::
quantum,svc,10,zz_r2_full__as0.5__svc__d10,zz_r2_full__as0.5,id_test,fixed_c1,1.0,,0.009998798370361328,0.7871485943775101,0.7884491219008265,0.7870249334301622,0.792156862745098,0.8651859504132231,0.8331125760141072,full_v4_features,524,524,0,,ksf-v4-idsplit::
quantum,svc,10,zz_r2_full__as0.5__svc__d10,zz_r2_full__as0.5,ood_test,fixed_c1,1.0,,0.009998798370361328,0.744,0.7439485143442623,0.7438975590236094,0.7387755102040816,0.8127241290983607,0.7844649070115033,full_v4_features,524,524,0,,ksf-v4-idsplit::
quantum,svc,10,pauli_xz_r1_full__as0.5__svc__d10,pauli_xz_r1_full__as0.5,id_val,fixed_c1,1.0,,0.008998870849609375,0.7211155378486056,0.7217880289744567,0.721111111111111,0.7222222222222222,0.7988308552547974,0.7541538519070522,full_v4_features,524,524,0,,ksf-v4-idsplit::
quantum,svc,10,pauli_xz_r1_full__as0.5__svc__d10,pauli_xz_r1_full__as0.5,id_test,fixed_c1,1.0,,0.008998870849609375,0.714859437751004,0.7167807334710744,0.714195644793637,0.7279693486590039,0.8152117768595042,0.8071771717457231,full_v4_features,524,524,0,,ksf-v4-idsplit::
quantum,svc,10,pauli_xz_r1_full__as0.5__svc__d10,pauli_xz_r1_full__as0.5,ood_test,fixed_c1,1.0,,0.008998870849609375,0.734,0.7347592213114754,0.7339478537793407,0.73767258382643,0.8057280993852458,0.7677488245712181,full_v4_features,524,524,0,,ksf-v4-idsplit::
quantum,svc,10,zmap_r2__as0.5__svc__d10,zmap_r2__as0.5,id_val,fixed_c1,1.0,,0.009002208709716797,0.7250996015936255,0.7263311729571738,0.7249424283332009,0.7315175097276264,0.8169398907103824,0.782983996077192,full_v4_features,524,524,0,,ksf-v4-idsplit::
quantum,svc,10,zmap_r2__as0.5__svc__d10,zmap_r2__as0.5,id_test,fixed_c1,1.0,,0.009002208709716797,0.714859437751004,0.7170067148760331,0.7139551816196101,0.7300380228136882,0.8194731404958677,0.8125653092414903,full_v4_features,524,524,0,,ksf-v4-idsplit::
quantum,svc,10,zmap_r2__as0.5__svc__d10,zmap_r2__as0.5,ood_test,fixed_c1,1.0,,0.009002208709716797,0.738,0.7391457479508197,0.73776398758883,0.7456310679611651,0.8031185963114755,0.7713933685021199,full_v4_features,524,524,0,,ksf-v4-idsplit::
quantum,svc,10,zz_r1_full__svc__d10,zz_r1_full,id_val,fixed_c1,1.0,,0.010790586471557617,0.796812749003984,0.797877748125556,0.796761133603239,0.8,0.8626890329139661,0.8411150403989963,full_v4_features,524,524,0,,ksf-v4-idsplit::
quantum,svc,10,zz_r1_full__svc__d10,zz_r1_full,id_test,fixed_c1,1.0,,0.010790586471557617,0.7951807228915663,0.7971655475206612,0.7947039138658518,0.8045977011494253,0.865831611570248,0.8440044971484473,full_v4_features,524,524,0,,ksf-v4-idsplit::
quantum,svc,10,zz_r1_full__svc__d10,zz_r1_full,ood_test,fixed_c1,1.0,,0.010790586471557617,0.746,0.7463819159836065,0.745998983995936,0.7454909819639278,0.8131563780737705,0.7879946735175865,full_v4_features,524,524,0,,ksf-v4-idsplit::
quantum,svc,10,zz_r2_full__svc__d10,zz_r2_full,id_val,fixed_c1,1.0,,0.020445823669433594,0.7928286852589641,0.7931122124793493,0.7927990855981712,0.7903225806451613,0.8642140043207522,0.8318537916844273,full_v4_features,524,524,0,,ksf-v4-idsplit::
quantum,svc,10,zz_r2_full__svc__d10,zz_r2_full,id_test,fixed_c1,1.0,,0.020445823669433594,0.7911646586345381,0.7923553719008265,0.7910804182264102,0.7952755905511811,0.8705449380165289,0.846562846050146,full_v4_features,524,524,0,,ksf-v4-idsplit::
quantum,svc,10,zz_r2_full__svc__d10,zz_r2_full,ood_test,fixed_c1,1.0,,0.020445823669433594,0.746,0.7457095286885246,0.7457711940746672,0.7381443298969073,0.8107549948770493,0.7841795738264954,full_v4_features,524,524,0,,ksf-v4-idsplit::
quantum,svc,10,pauli_xz_r1_full__svc__d10,pauli_xz_r1_full,id_val,fixed_c1,1.0,,0.00900721549987793,0.749003984063745,0.7520332952090482,0.7470607994625462,0.7692307692307693,0.8314271190748507,0.8169151379589662,full_v4_features,524,524,0,,ksf-v4-idsplit::
quantum,svc,10,pauli_xz_r1_full__svc__d10,pauli_xz_r1_full,id_test,fixed_c1,1.0,,0.00900721549987793,0.7309236947791165,0.7348915289256198,0.726960278882506,0.7598566308243727,0.8369705578512397,0.8388917784607108,full_v4_features,524,524,0,,ksf-v4-idsplit::
quantum,svc,10,pauli_xz_r1_full__svc__d10,pauli_xz_r1_full,ood_test,fixed_c1,1.0,,0.00900721549987793,0.74,0.7419633709016393,0.7389306599832915,0.7556390977443609,0.8043673155737705,0.7768432145406234,full_v4_features,524,524,0,,ksf-v4-idsplit::
quantum,svc,10,zmap_r2__svc__d10,zmap_r2,id_val,fixed_c1,1.0,,0.008383512496948242,0.7450199203187251,0.7474901512263312,0.7438448781732363,0.7611940298507462,0.8370822213750159,0.8269402156242498,full_v4_features,524,524,0,,ksf-v4-idsplit::
quantum,svc,10,zmap_r2__svc__d10,zmap_r2,id_test,fixed_c1,1.0,,0.008383512496948242,0.7228915662650602,0.7266270661157025,0.7193426662528383,0.7509025270758123,0.8293517561983472,0.8185211085129475,full_v4_features,524,524,0,,ksf-v4-idsplit::
quantum,svc,10,zmap_r2__svc__d10,zmap_r2,ood_test,fixed_c1,1.0,,0.008383512496948242,0.742,0.7434362192622951,0.7415440837637592,0.7523992322456814,0.7922643442622951,0.748462221795697,full_v4_features,524,524,0,,ksf-v4-idsplit::
quantum,svc,10,zz_r1_full__as2__svc__d10,zz_r1_full__as2,id_val,fixed_c1,1.0,,0.02591848373413086,0.7928286852589641,0.7931122124793493,0.7927990855981712,0.7903225806451613,0.86300673529038,0.8216973352472632,full_v4_features,524,524,0,,ksf-v4-idsplit::
quantum,svc,10,zz_r1_full__as2__svc__d10,zz_r1_full__as2,id_test,fixed_c1,1.0,,0.02591848373413086,0.7951807228915663,0.7967135847107438,0.7949690814860262,0.8015564202334631,0.8720299586776861,0.8523161449028018,full_v4_features,524,524,0,,ksf-v4-idsplit::
quantum,svc,10,zz_r1_full__as2__svc__d10,zz_r1_full__as2,ood_test,fixed_c1,1.0,,0.02591848373413086,0.75,0.75,0.7499189737474942,0.745417515274949,0.8166303790983607,0.7913874405424733,full_v4_features,524,524,0,,ksf-v4-idsplit::
quantum,svc,10,zz_r2_full__as2__svc__d10,zz_r2_full__as2,id_val,fixed_c1,1.0,,0.013002157211303711,0.7848605577689243,0.784915491167874,0.7847751524390244,0.7804878048780488,0.8610369805566145,0.8161098369194408,full_v4_features,524,524,0,,ksf-v4-idsplit::
quantum,svc,10,zz_r2_full__as2__svc__d10,zz_r2_full__as2,id_test,fixed_c1,1.0,,0.013002157211303711,0.7871485943775101,0.7884491219008265,0.7870249334301622,0.792156862745098,0.8680268595041323,0.8385353916156905,full_v4_features,524,524,0,,ksf-v4-idsplit::
quantum,svc,10,zz_r2_full__as2__svc__d10,zz_r2_full__as2,ood_test,fixed_c1,1.0,,0.013002157211303711,0.744,0.7432761270491803,0.7434088139072423,0.7310924369747899,0.8092821465163935,0.7892323571933191,full_v4_features,524,524,0,,ksf-v4-idsplit::
quantum,svc,10,pauli_xz_r1_full__as2__svc__d10,pauli_xz_r1_full__as2,id_val,fixed_c1,1.0,,0.008998394012451172,0.7450199203187251,0.7474901512263312,0.7438448781732363,0.7611940298507462,0.8361291142457744,0.8084257198659708,full_v4_features,524,524,0,,ksf-v4-idsplit::
quantum,svc,10,pauli_xz_r1_full__as2__svc__d10,pauli_xz_r1_full__as2,id_test,fixed_c1,1.0,,0.008998394012451172,0.7188755020080321,0.7227208161157025,0.7150098103335514,0.7482014388489209,0.8398760330578513,0.8243621058428743,full_v4_features,524,524,0,,ksf-v4-idsplit::
quantum,svc,10,pauli_xz_r1_full__as2__svc__d10,pauli_xz_r1_full__as2,ood_test,fixed_c1,1.0,,0.008998394012451172,0.736,0.7372886782786885,0.7356574120059597,0.7451737451737451,0.7938012295081966,0.724692516824897,full_v4_features,524,524,0,,ksf-v4-idsplit::
quantum,svc,10,zmap_r2__as2__svc__d10,zmap_r2__as2,id_val,fixed_c1,1.0,,0.009325265884399414,0.7768924302788844,0.778275511500826,0.7767187698563984,0.7829457364341085,0.8373363832761469,0.8056967616734412,full_v4_features,524,524,0,,ksf-v4-idsplit::
quantum,svc,10,zmap_r2__as2__svc__d10,zmap_r2__as2,id_test,fixed_c1,1.0,,0.009325265884399414,0.7550200803212851,0.7578770661157025,0.7534293274459831,0.7732342007434945,0.8476885330578513,0.8306899591636151,full_v4_features,524,524,0,,ksf-v4-idsplit::
quantum,svc,10,zmap_r2__as2__svc__d10,zmap_r2__as2,ood_test,fixed_c1,1.0,,0.009325265884399414,0.75,0.7505763319672132,0.7499909996759884,0.7514910536779325,0.7973552766393441,0.7269801046555541,full_v4_features,524,524,0,,ksf-v4-idsplit::
classical_ext,svc,12,linear__svc__d12,linear,id_val,fixed_c1,1.0,,0.008508443832397461,0.6733067729083665,0.6770555343753971,0.6688867438867439,0.7071428571428572,0.7225187444402085,0.6410784028437346,full_v4_features,524,524,0,,ksf-v4-idsplit::
classical_ext,svc,12,linear__svc__d12,linear,id_test,fixed_c1,1.0,,0.008508443832397461,0.6706827309236948,0.6751678719008265,0.6640450177701724,0.7112676056338029,0.7469008264462811,0.7085633835315291,full_v4_features,524,524,0,,ksf-v4-idsplit::
classical_ext,svc,12,linear__svc__d12,linear,ood_test,fixed_c1,1.0,,0.008508443832397461,0.67,0.6727394979508197,0.6667999466879915,0.6994535519125683,0.7557152920081966,0.7332592491392114,full_v4_features,524,524,0,,ksf-v4-idsplit::
classical_ext,svc,12,rbf_gscale__svc__d12,rbf_gscale,id_val,fixed_c1,1.0,,0.007998228073120117,0.7091633466135459,0.7106049053246918,0.7088675977564867,0.7181467181467182,0.7962892362434871,0.7577911636021717,full_v4_features,524,524,0,,ksf-v4-idsplit::
classical_ext,svc,12,rbf_gscale__svc__d12,rbf_gscale,id_test,fixed_c1,1.0,,0.007998228073120117,0.7028112449799196,0.7048360020661157,0.7019989649372493,0.7175572519083969,0.8109504132231404,0.8055159057222553,full_v4_features,524,524,0,,ksf-v4-idsplit::
classical_ext,svc,12,rbf_gscale__svc__d12,rbf_gscale,ood_test,fixed_c1,1.0,,0.007998228073120117,0.716,0.7171810963114754,0.7157088858991607,0.7248062015503876,0.8025102459016393,0.7714313193584881,full_v4_features,524,524,0,,ksf-v4-idsplit::
classical_ext,svc,12,poly2__svc__d12,poly2,id_val,fixed_c1,1.0,,0.00800013542175293,0.6613545816733067,0.664760452408184,0.6576815082230245,0.6931407942238267,0.7324310585843181,0.665264049237789,full_v4_features,524,524,0,,ksf-v4-idsplit::
classical_ext,svc,12,poly2__svc__d12,poly2,id_test,fixed_c1,1.0,,0.00800013542175293,0.6746987951807228,0.6786221590909092,0.6699072028281043,0.7096774193548387,0.7651084710743802,0.7449798613239659,full_v4_features,524,524,0,,ksf-v4-idsplit::
classical_ext,svc,12,poly2__svc__d12,poly2,ood_test,fixed_c1,1.0,,0.00800013542175293,0.66,0.6632620389344263,0.6550324675324675,0.6964285714285714,0.7536981301229508,0.7280224421737895,full_v4_features,524,524,0,,ksf-v4-idsplit::
classical_ext,svc,12,poly3__svc__d12,poly3,id_val,fixed_c1,1.0,,0.008999824523925781,0.6892430278884463,0.6916698436904307,0.6878109452736318,0.7089552238805971,0.7394205108654213,0.6864057264464282,full_v4_features,524,524,0,,ksf-v4-idsplit::
classical_ext,svc,12,poly3__svc__d12,poly3,id_test,fixed_c1,1.0,,0.008999824523925781,0.6867469879518072,0.6898889462809917,0.6840512753774076,0.7132352941176471,0.7770532024793387,0.7667898656448817,full_v4_features,524,524,0,,ksf-v4-idsplit::
classical_ext,svc,12,poly3__svc__d12,poly3,ood_test,fixed_c1,1.0,,0.008999824523925781,0.69,0.6922707479508197,0.6881024150934284,0.712430426716141,0.7611744364754099,0.7339336820570472,full_v4_features,524,524,0,,ksf-v4-idsplit::
classical_ext,svc,12,laplacian_med__svc__d12,laplacian_med,id_val,fixed_c1,1.0,,0.008999347686767578,0.7729083665338645,0.7750667174990469,0.7721996656317173,0.7849056603773585,0.85493709492947,0.8217194544603617,full_v4_features,524,524,0,,ksf-v4-idsplit::
classical_ext,svc,12,laplacian_med__svc__d12,laplacian_med,id_test,fixed_c1,1.0,,0.008999347686767578,0.7590361445783133,0.7620092975206612,0.7573099415204678,0.7777777777777778,0.8543388429752066,0.8355577008192204,full_v4_features,524,524,0,,ksf-v4-idsplit::
classical_ext,svc,12,laplacian_med__svc__d12,laplacian_med,ood_test,fixed_c1,1.0,,0.008999347686767578,0.746,0.7473424692622951,0.7456326936095723,0.7552986512524085,0.8237384733606558,0.7959004538256271,full_v4_features,524,524,0,,ksf-v4-idsplit::
classical_ext,svc,12,matern15_med__svc__d12,matern15_med,id_val,fixed_c1,1.0,,0.009007453918457031,0.7410358565737052,0.7431693989071038,0.7402276888782741,0.7547169811320755,0.8243741263184649,0.8123759293450539,full_v4_features,524,524,0,,ksf-v4-idsplit::
classical_ext,svc,12,matern15_med__svc__d12,matern15_med,id_test,fixed_c1,1.0,,0.009007453918457031,0.7429718875502008,0.7461583161157025,0.7407600208224883,0.7647058823529411,0.8307722107438016,0.8311872699987036,full_v4_features,524,524,0,,ksf-v4-idsplit::
classical_ext,svc,12,matern15_med__svc__d12,matern15_med,ood_test,fixed_c1,1.0,,0.009007453918457031,0.736,0.7378650102459017,0.735046166198314,0.7509433962264151,0.8174628586065575,0.8013250451503513,full_v4_features,524,524,0,,ksf-v4-idsplit::
classical_ext,svc,12,matern25_med__svc__d12,matern25_med,id_val,fixed_c1,1.0,,0.00908517837524414,0.7290836653386454,0.730651925276401,0.7287349014621742,0.7384615384615385,0.8173846740373618,0.7877548459472223,full_v4_features,524,524,0,,ksf-v4-idsplit::
classical_ext,svc,12,matern25_med__svc__d12,matern25_med,id_test,fixed_c1,1.0,,0.00908517837524414,0.7228915662650602,0.7252711776859504,0.7217426512268199,0.7396226415094339,0.8250903925619834,0.8289751931271858,full_v4_features,524,524,0,,ksf-v4-idsplit::
classical_ext,svc,12,matern25_med__svc__d12,matern25_med,ood_test,fixed_c1,1.0,,0.00908517837524414,0.728,0.7295722336065573,0.7273718647764449,0.7404580152671756,0.808321593237705,0.7801456021748198,full_v4_features,524,524,0,,ksf-v4-idsplit::
classical_ext,svc,12,rbf_gscale_x0.1__svc__d12,rbf_gscale_x0.1,id_val,fixed_c1,1.0,,0.009746789932250977,0.6613545816733067,0.664760452408184,0.6576815082230245,0.6931407942238267,0.7248062015503876,0.6596655159613589,full_v4_features,524,524,0,,ksf-v4-idsplit::
classical_ext,svc,12,rbf_gscale_x0.1__svc__d12,rbf_gscale_x0.1,id_test,fixed_c1,1.0,,0.009746789932250977,0.6746987951807228,0.6786221590909092,0.6699072028281043,0.7096774193548387,0.765237603305785,0.7513906445534498,full_v4_features,524,524,0,,ksf-v4-idsplit::
classical_ext,svc,12,rbf_gscale_x0.1__svc__d12,rbf_gscale_x0.1,ood_test,fixed_c1,1.0,,0.009746789932250977,0.66,0.6631659836065573,0.6553625585883651,0.6953405017921147,0.7501921106557377,0.7257542479876298,full_v4_features,524,524,0,,ksf-v4-idsplit::
classical_ext,svc,12,rbf_gscale_x0.3__svc__d12,rbf_gscale_x0.3,id_val,fixed_c1,1.0,,0.008997917175292969,0.6772908366533864,0.6782628034057695,0.677208859252203,0.6823529411764706,0.7671241580887025,0.7364194149532367,full_v4_features,524,524,0,,ksf-v4-idsplit::
classical_ext,svc,12,rbf_gscale_x0.3__svc__d12,rbf_gscale_x0.3,id_test,fixed_c1,1.0,,0.008997917175292969,0.6867469879518072,0.6885330578512396,0.6861344537815126,0.7,0.796875,0.8054660901034486,full_v4_features,524,524,0,,ksf-v4-idsplit::
classical_ext,svc,12,rbf_gscale_x0.3__svc__d12,rbf_gscale_x0.3,ood_test,fixed_c1,1.0,,0.008997917175292969,0.696,0.697938012295082,0.6947496947496947,0.7142857142857143,0.7800973360655739,0.7193448014333769,full_v4_features,524,524,0,,ksf-v4-idsplit::
classical_ext,svc,12,rbf_gscale_x3__svc__d12,rbf_gscale_x3,id_val,fixed_c1,1.0,,0.008047103881835938,0.7529880478087649,0.7550196975473377,0.7523236567354215,0.7651515151515151,0.821006481128479,0.7906757416475348,full_v4_features,524,524,0,,ksf-v4-idsplit::
classical_ext,svc,12,rbf_gscale_x3__svc__d12,rbf_gscale_x3,id_test,fixed_c1,1.0,,0.008047103881835938,0.7429718875502008,0.7454803719008265,0.7417682136375421,0.7593984962406015,0.829351756198347,0.8265359311127036,full_v4_features,524,524,0,,ksf-v4-idsplit::
classical_ext,svc,12,rbf_gscale_x3__svc__d12,rbf_gscale_x3,ood_test,fixed_c1,1.0,,0.008047103881835938,0.728,0.7296682889344263,0.7272625178482617,0.7414448669201521,0.8081374871926229,0.7848296063682157,full_v4_features,524,524,0,,ksf-v4-idsplit::
classical_ext,svc,12,rbf_gscale_x10__svc__d12,rbf_gscale_x10,id_val,fixed_c1,1.0,,0.008104085922241211,0.7529880478087649,0.7556868725378065,0.7515644955300127,0.7703703703703704,0.8283136357859957,0.8067234997792733,full_v4_features,524,524,0,,ksf-v4-idsplit::
classical_ext,svc,12,rbf_gscale_x10__svc__d12,rbf_gscale_x10,id_test,fixed_c1,1.0,,0.008104085922241211,0.7188755020080321,0.7227208161157025,0.7150098103335514,0.7482014388489209,0.8409090909090909,0.8249621971248633,full_v4_features,524,524,0,,ksf-v4-idsplit::
classical_ext,svc,12,rbf_gscale_x10__svc__d12,rbf_gscale_x10,ood_test,fixed_c1,1.0,,0.008104085922241211,0.742,0.7435322745901639,0.7414529143668,0.7533460803059273,0.798523949795082,0.7448709330475671,full_v4_features,524,524,0,,ksf-v4-idsplit::
classical_ext,svc,12,laplacian_med_x0.1__svc__d12,laplacian_med_x0.1,id_val,fixed_c1,1.0,,0.011528730392456055,0.796812749003984,0.797210573135087,0.796799847611791,0.7951807228915663,0.8811157707459653,0.8829422270004851,full_v4_features,524,524,0,,ksf-v4-idsplit::
classical_ext,svc,12,laplacian_med_x0.1__svc__d12,laplacian_med_x0.1,id_test,fixed_c1,1.0,,0.011528730392456055,0.7991967871485943,0.8001678719008265,0.7991676345334882,0.8015873015873016,0.8776472107438017,0.8638123492400392,full_v4_features,524,524,0,,ksf-v4-idsplit::
classical_ext,svc,12,laplacian_med_x0.1__svc__d12,laplacian_med_x0.1,ood_test,fixed_c1,1.0,,0.011528730392456055,0.73,0.7296042520491803,0.7296875187717,0.7204968944099379,0.8317831070696722,0.8516619117780829,full_v4_features,524,524,0,,ksf-v4-idsplit::
classical_ext,svc,12,laplacian_med_x0.3__svc__d12,laplacian_med_x0.3,id_val,fixed_c1,1.0,,0.010731935501098633,0.7928286852589641,0.7940017791333079,0.7927464430894309,0.796875,0.873109670860338,0.8656078209558574,full_v4_features,524,524,0,,ksf-v4-idsplit::
classical_ext,svc,12,laplacian_med_x0.3__svc__d12,laplacian_med_x0.3,id_test,fixed_c1,1.0,,0.010731935501098633,0.7911646586345381,0.7934852789256198,0.7904040404040404,0.803030303030303,0.8724173553719008,0.8678748141193282,full_v4_features,524,524,0,,ksf-v4-idsplit::
classical_ext,svc,12,laplacian_med_x0.3__svc__d12,laplacian_med_x0.3,ood_test,fixed_c1,1.0,,0.010731935501098633,0.748,0.748719262295082,0.7479637067737754,0.7509881422924901,0.834688780737705,0.8347381704229158,full_v4_features,524,524,0,,ksf-v4-idsplit::
classical_ext,svc,12,laplacian_med_x3__svc__d12,laplacian_med_x3,id_val,fixed_c1,1.0,,0.007550954818725586,0.749003984063745,0.7518109035455585,0.74740020127474,0.7675276752767528,0.8274876096073199,0.7987094925858553,full_v4_features,524,524,0,,ksf-v4-idsplit::
classical_ext,svc,12,laplacian_med_x3__svc__d12,laplacian_med_x3,id_test,fixed_c1,1.0,,0.007550954818725586,0.7188755020080321,0.7229467975206612,0.7144495412844036,0.75,0.8294163223140496,0.8196193273476042,full_v4_features,524,524,0,,ksf-v4-idsplit::
classical_ext,svc,12,laplacian_med_x3__svc__d12,laplacian_med_x3,ood_test,fixed_c1,1.0,,0.007550954818725586,0.74,0.7415791495901639,0.7393995766245429,0.7519083969465649,0.816710425204918,0.7938056877290416,full_v4_features,524,524,0,,ksf-v4-idsplit::
classical_ext,svc,12,laplacian_med_x10__svc__d12,laplacian_med_x10,id_val,fixed_c1,1.0,,0.00951695442199707,0.6972111553784861,0.6983098233574787,0.6970909552845528,0.703125,0.7929851315287839,0.761391111678889,full_v4_features,524,524,0,,ksf-v4-idsplit::
classical_ext,svc,12,laplacian_med_x10__svc__d12,laplacian_med_x10,id_test,fixed_c1,1.0,,0.00951695442199707,0.7028112449799196,0.704610020661157,0.7022301228183581,0.7153846153846154,0.7998450413223142,0.8100918423224087,full_v4_features,524,524,0,,ksf-v4-idsplit::
classical_ext,svc,12,laplacian_med_x10__svc__d12,laplacian_med_x10,ood_test,fixed_c1,1.0,,0.00951695442199707,0.702,0.703125,0.7017315584025623,0.7106796116504854,0.7993404200819674,0.7816671411991514,full_v4_features,524,524,0,,ksf-v4-idsplit::
classical_ext,svc,12,matern15_med_x0.1__svc__d12,matern15_med_x0.1,id_val,fixed_c1,1.0,,0.010628938674926758,0.7888446215139442,0.789458635150591,0.7888446215139442,0.7888446215139442,0.8605286567543525,0.8261152842651804,full_v4_features,524,524,0,,ksf-v4-idsplit::
classical_ext,svc,12,matern15_med_x0.1__svc__d12,matern15_med_x0.1,id_test,fixed_c1,1.0,,0.010628938674926758,0.7911646586345381,0.792581353305785,0.7909994834710744,0.796875,0.8775826446280992,0.8641353959712151,full_v4_features,524,524,0,,ksf-v4-idsplit::
classical_ext,svc,12,matern15_med_x0.1__svc__d12,matern15_med_x0.1,ood_test,fixed_c1,1.0,,0.010628938674926758,0.738,0.7378009733606558,0.7378227681912972,0.731006160164271,0.8177430199795083,0.7937378835579179,full_v4_features,524,524,0,,ksf-v4-idsplit::
classical_ext,svc,12,matern15_med_x0.3__svc__d12,matern15_med_x0.3,id_val,fixed_c1,1.0,,0.008595705032348633,0.7808764940239044,0.7817066971660949,0.7808625807578139,0.782608695652174,0.8394332189604778,0.784844264666811,full_v4_features,524,524,0,,ksf-v4-idsplit::
classical_ext,svc,12,matern15_med_x0.3__svc__d12,matern15_med_x0.3,id_test,fixed_c1,1.0,,0.008595705032348633,0.7710843373493976,0.7732760847107438,0.7703583852439123,0.7832699619771863,0.8551782024793388,0.8388426927803221,full_v4_features,524,524,0,,ksf-v4-idsplit::
classical_ext,svc,12,matern15_med_x0.3__svc__d12,matern15_med_x0.3,ood_test,fixed_c1,1.0,,0.008595705032348633,0.738,0.7388575819672132,0.7379150844873739,0.7426326129666012,0.8135245901639344,0.7529469783485888,full_v4_features,524,524,0,,ksf-v4-idsplit::
classical_ext,svc,12,matern15_med_x3__svc__d12,matern15_med_x3,id_val,fixed_c1,1.0,,0.008168935775756836,0.701195219123506,0.7026305756767061,0.7008913675580342,0.7104247104247104,0.7684585080696402,0.7179331075909217,full_v4_features,524,524,0,,ksf-v4-idsplit::
classical_ext,svc,12,matern15_med_x3__svc__d12,matern15_med_x3,id_test,fixed_c1,1.0,,0.008168935775756836,0.6947791164658634,0.6972494834710744,0.6933497536945813,0.7142857142857143,0.7962293388429752,0.798797620062384,full_v4_features,524,524,0,,ksf-v4-idsplit::
classical_ext,svc,12,matern15_med_x3__svc__d12,matern15_med_x3,ood_test,fixed_c1,1.0,,0.008168935775756836,0.704,0.7056544569672132,0.7031974458936966,0.7186311787072244,0.7914478739754098,0.7572021512996145,full_v4_features,524,524,0,,ksf-v4-idsplit::
classical_ext,svc,12,matern15_med_x10__svc__d12,matern15_med_x10,id_val,fixed_c1,1.0,,0.009635210037231445,0.6693227091633466,0.6734019570466387,0.6638591735643868,0.7067137809187279,0.7005337399923751,0.61208625707813,full_v4_features,524,524,0,,ksf-v4-idsplit::
classical_ext,svc,12,matern15_med_x10__svc__d12,matern15_med_x10,id_test,fixed_c1,1.0,,0.009635210037231445,0.6706827309236948,0.6751678719008265,0.6640450177701724,0.7112676056338029,0.7230759297520661,0.6538868992222969,full_v4_features,524,524,0,,ksf-v4-idsplit::
classical_ext,svc,12,matern15_med_x10__svc__d12,matern15_med_x10,ood_test,fixed_c1,1.0,,0.009635210037231445,0.678,0.6804559426229508,0.6756007430959375,0.7034990791896869,0.7503682120901639,0.7230570956313582,full_v4_features,524,524,0,,ksf-v4-idsplit::
classical_ext,svc,12,matern25_med_x0.1__svc__d12,matern25_med_x0.1,id_val,fixed_c1,1.0,,0.011033296585083008,0.7888446215139442,0.789458635150591,0.7888446215139442,0.7888446215139442,0.8591307662981319,0.8186132021974866,full_v4_features,524,524,0,,ksf-v4-idsplit::
classical_ext,svc,12,matern25_med_x0.1__svc__d12,matern25_med_x0.1,id_test,fixed_c1,1.0,,0.011033296585083008,0.7951807228915663,0.796487603305785,0.7950617283950617,0.8,0.8762913223140496,0.8629731666452967,full_v4_features,524,524,0,,ksf-v4-idsplit::
classical_ext,svc,12,matern25_med_x0.1__svc__d12,matern25_med_x0.1,ood_test,fixed_c1,1.0,,0.011033296585083008,0.742,0.7418032786885246,0.7418254740204377,0.7351129363449692,0.8102026767418032,0.7792101040171517,full_v4_features,524,524,0,,ksf-v4-idsplit::
classical_ext,svc,12,matern25_med_x0.3__svc__d12,matern25_med_x0.3,id_val,fixed_c1,1.0,,0.009000539779663086,0.7689243027888446,0.7700787901893507,0.7688325711382114,0.7734375,0.8361926547210573,0.7928852161799403,full_v4_features,524,524,0,,ksf-v4-idsplit::
classical_ext,svc,12,matern25_med_x0.3__svc__d12,matern25_med_x0.3,id_test,fixed_c1,1.0,,0.009000539779663086,0.7550200803212851,0.7576510847107438,0.7537331582275402,0.7715355805243446,0.8456869834710744,0.8233691296293295,full_v4_features,524,524,0,,ksf-v4-idsplit::
classical_ext,svc,12,matern25_med_x0.3__svc__d12,matern25_med_x0.3,ood_test,fixed_c1,1.0,,0.009000539779663086,0.746,0.7469582479508197,0.7458770044701635,0.7514677103718199,0.801909900102459,0.7265818931205807,full_v4_features,524,524,0,,ksf-v4-idsplit::
classical_ext,svc,12,matern25_med_x3__svc__d12,matern25_med_x3,id_val,fixed_c1,1.0,,0.008432149887084961,0.6772908366533864,0.6782628034057695,0.677208859252203,0.6823529411764706,0.7581014105985513,0.7053698080544659,full_v4_features,524,524,0,,ksf-v4-idsplit::
classical_ext,svc,12,matern25_med_x3__svc__d12,matern25_med_x3,id_test,fixed_c1,1.0,,0.008432149887084961,0.6867469879518072,0.6887590392561984,0.6858908008798033,0.7022900763358778,0.7902892561983471,0.7955913684944413,full_v4_features,524,524,0,,ksf-v4-idsplit::
classical_ext,svc,12,matern25_med_x3__svc__d12,matern25_med_x3,ood_test,fixed_c1,1.0,,0.008432149887084961,0.686,0.6877881659836065,0.684940138626339,0.7032136105860114,0.772861168032787,0.7228124889878633,full_v4_features,524,524,0,,ksf-v4-idsplit::
classical_ext,svc,12,matern25_med_x10__svc__d12,matern25_med_x10,id_val,fixed_c1,1.0,,0.011105775833129883,0.6772908366533864,0.6784851950692592,0.6771063289128881,0.6848249027237354,0.7019316304485957,0.6122096753589676,full_v4_features,524,524,0,,ksf-v4-idsplit::
classical_ext,svc,12,matern25_med_x10__svc__d12,matern25_med_x10,id_test,fixed_c1,1.0,,0.011105775833129883,0.6626506024096386,0.6644176136363636,0.6619909502262444,0.676923076923077,0.7217846074380165,0.6649394128655775,full_v4_features,524,524,0,,ksf-v4-idsplit::
classical_ext,svc,12,matern25_med_x10__svc__d12,matern25_med_x10,ood_test,fixed_c1,1.0,,0.011105775833129883,0.668,0.6690573770491803,0.6677395077740949,0.6770428015564203,0.7425557120901639,0.7014419405769257,full_v4_features,524,524,0,,ksf-v4-idsplit::
quantum,svc,12,zz_r1_full__as0.5__svc__d12,zz_r1_full__as0.5,id_val,fixed_c1,1.0,,0.010967254638671875,0.796812749003984,0.7976553564620663,0.796799847611791,0.7984189723320159,0.8518236116406152,0.810609372760696,full_v4_features,524,524,0,,ksf-v4-idsplit::
quantum,svc,12,zz_r1_full__as0.5__svc__d12,zz_r1_full__as0.5,id_test,fixed_c1,1.0,,0.010967254638671875,0.7871485943775101,0.788675103305785,0.7869286533090075,0.7937743190661478,0.856404958677686,0.8165553438910578,full_v4_features,524,524,0,,ksf-v4-idsplit::
quantum,svc,12,zz_r1_full__as0.5__svc__d12,zz_r1_full__as0.5,ood_test,fixed_c1,1.0,,0.010967254638671875,0.76,0.7603419569672132,0.759996159938559,0.7590361445783133,0.8173347848360657,0.778831847327257,full_v4_features,524,524,0,,ksf-v4-idsplit::
quantum,svc,12,zz_r2_full__as0.5__svc__d12,zz_r2_full__as0.5,id_val,fixed_c1,1.0,,0.010545730590820312,0.7928286852589641,0.7933346041428391,0.7928253968253969,0.792,0.8646587876477315,0.8411199547314614,full_v4_features,524,524,0,,ksf-v4-idsplit::
quantum,svc,12,zz_r2_full__as0.5__svc__d12,zz_r2_full__as0.5,id_test,fixed_c1,1.0,,0.010545730590820312,0.7911646586345381,0.7923553719008265,0.7910804182264102,0.7952755905511811,0.8727401859504131,0.8506753663642872,full_v4_features,524,524,0,,ksf-v4-idsplit::
quantum,svc,12,zz_r2_full__as0.5__svc__d12,zz_r2_full__as0.5,ood_test,fixed_c1,1.0,,0.010545730590820312,0.744,0.7438524590163935,0.7438524590163935,0.7377049180327869,0.8142129866803279,0.7919055218623581,full_v4_features,524,524,0,,ksf-v4-idsplit::
quantum,svc,12,pauli_xz_r1_full__as0.5__svc__d12,pauli_xz_r1_full__as0.5,id_val,fixed_c1,1.0,,0.010284662246704102,0.7171314741035857,0.7181344516456982,0.7170596173692149,0.7215686274509804,0.8018172575930868,0.7587420031552754,full_v4_features,524,524,0,,ksf-v4-idsplit::
quantum,svc,12,pauli_xz_r1_full__as0.5__svc__d12,pauli_xz_r1_full__as0.5,id_test,fixed_c1,1.0,,0.010284662246704102,0.7108433734939759,0.7128744834710744,0.7100530469659723,0.7251908396946565,0.8143078512396693,0.8078041952453352,full_v4_features,524,524,0,,ksf-v4-idsplit::
quantum,svc,12,pauli_xz_r1_full__as0.5__svc__d12,pauli_xz_r1_full__as0.5,ood_test,fixed_c1,1.0,,0.010284662246704102,0.73,0.7306608606557377,0.72997299729973,0.7326732673267327,0.8046875000000001,0.7730549508287909,full_v4_features,524,524,0,,ksf-v4-idsplit::
quantum,svc,12,zmap_r2__as0.5__svc__d12,zmap_r2__as0.5,id_val,fixed_c1,1.0,,0.00944662094116211,0.7211155378486056,0.7224552039649257,0.7208984623204981,0.7286821705426356,0.8189096454441479,0.7834546107261884,full_v4_features,524,524,0,,ksf-v4-idsplit::
quantum,svc,12,zmap_r2__as0.5__svc__d12,zmap_r2__as0.5,id_test,fixed_c1,1.0,,0.00944662094116211,0.7309236947791165,0.7330836776859504,0.730070382655125,0.7452471482889734,0.8181172520661156,0.813384990696963,full_v4_features,524,524,0,,ksf-v4-idsplit::
quantum,svc,12,zmap_r2__as0.5__svc__d12,zmap_r2__as0.5,ood_test,fixed_c1,1.0,,0.00944662094116211,0.742,0.7432441086065573,0.7417014068262913,0.7504835589941973,0.8099705430327869,0.7875405164662004,full_v4_features,524,524,0,,ksf-v4-idsplit::
quantum,svc,12,zz_r1_full__svc__d12,zz_r1_full,id_val,fixed_c1,1.0,,0.010006189346313477,0.8087649402390438,0.8097280467657899,0.808737617475235,0.8110236220472441,0.8645952471724488,0.8472238285268753,full_v4_features,524,524,0,,ksf-v4-idsplit::
quantum,svc,12,zz_r1_full__svc__d12,zz_r1_full,id_test,fixed_c1,1.0,,0.010006189346313477,0.7911646586345381,0.7930333161157025,0.7907563025210085,0.8,0.8677685950413223,0.8472816002813555,full_v4_features,524,524,0,,ksf-v4-idsplit::
quantum,svc,12,zz_r1_full__svc__d12,zz_r1_full,ood_test,fixed_c1,1.0,,0.010006189346313477,0.75,0.7501921106557377,0.74997499749975,0.7474747474747475,0.8148533555327868,0.7887385732509187,full_v4_features,524,524,0,,ksf-v4-idsplit::
quantum,svc,12,zz_r2_full__svc__d12,zz_r2_full,id_val,fixed_c1,1.0,,0.016032695770263672,0.7888446215139442,0.789458635150591,0.7888446215139442,0.7888446215139442,0.8650400304994281,0.8319928581233784,full_v4_features,524,524,0,,ksf-v4-idsplit::
quantum,svc,12,zz_r2_full__svc__d12,zz_r2_full,id_test,fixed_c1,1.0,,0.016032695770263672,0.7951807228915663,0.796487603305785,0.7950617283950617,0.8,0.8717071280991735,0.8376689409658267,full_v4_features,524,524,0,,ksf-v4-idsplit::
quantum,svc,12,zz_r2_full__svc__d12,zz_r2_full,ood_test,fixed_c1,1.0,,0.016032695770263672,0.744,0.7435642930327868,0.7436677934603246,0.7344398340248963,0.8123559170081968,0.7898611932987891,full_v4_features,524,524,0,,ksf-v4-idsplit::
quantum,svc,12,pauli_xz_r1_full__svc__d12,pauli_xz_r1_full,id_val,fixed_c1,1.0,,0.009510278701782227,0.7450199203187251,0.7481573262168001,0.7428608016391343,0.7664233576642335,0.830791714322023,0.818564738953669,full_v4_features,524,524,0,,ksf-v4-idsplit::
quantum,svc,12,pauli_xz_r1_full__svc__d12,pauli_xz_r1_full,id_test,fixed_c1,1.0,,0.009510278701782227,0.7309236947791165,0.7348915289256198,0.726960278882506,0.7598566308243727,0.8381327479338843,0.8385678724477992,full_v4_features,524,524,0,,ksf-v4-idsplit::
quantum,svc,12,pauli_xz_r1_full__svc__d12,pauli_xz_r1_full,ood_test,fixed_c1,1.0,,0.009510278701782227,0.738,0.7399141905737705,0.7369889856608804,0.7532956685499058,0.8051677766393442,0.7798975777921504,full_v4_features,524,524,0,,ksf-v4-idsplit::
quantum,svc,12,zmap_r2__svc__d12,zmap_r2,id_val,fixed_c1,1.0,,0.007999658584594727,0.7450199203187251,0.7474901512263312,0.7438448781732363,0.7611940298507462,0.8312364976490024,0.8146361997459113,full_v4_features,524,524,0,,ksf-v4-idsplit::
quantum,svc,12,zmap_r2__svc__d12,zmap_r2,id_test,fixed_c1,1.0,,0.007999658584594727,0.7228915662650602,0.7266270661157025,0.7193426662528383,0.7509025270758123,0.8335485537190084,0.829021277569858,full_v4_features,524,524,0,,ksf-v4-idsplit::
quantum,svc,12,zmap_r2__svc__d12,zmap_r2,ood_test,fixed_c1,1.0,,0.007999658584594727,0.74,0.7414830942622951,0.7394956636047387,0.7509578544061303,0.802862448770492,0.7710438228168127,full_v4_features,524,524,0,,ksf-v4-idsplit::
quantum,svc,12,zz_r1_full__as2__svc__d12,zz_r1_full__as2,id_val,fixed_c1,1.0,,0.011435747146606445,0.7888446215139442,0.7892362434871013,0.7888312141848024,0.7871485943775101,0.8590036853475663,0.8208337918214096,full_v4_features,524,524,0,,ksf-v4-idsplit::
quantum,svc,12,zz_r1_full__as2__svc__d12,zz_r1_full__as2,id_test,fixed_c1,1.0,,0.011435747146606445,0.7991967871485943,0.8006198347107438,0.7990379648760331,0.8046875,0.8717716942148761,0.8522592472768988,full_v4_features,524,524,0,,ksf-v4-idsplit::
quantum,svc,12,zz_r1_full__as2__svc__d12,zz_r1_full__as2,ood_test,fixed_c1,1.0,,0.011435747146606445,0.746,0.7458055840163935,0.7458281798495783,0.7392197125256673,0.815061475409836,0.787499855484831,full_v4_features,524,524,0,,ksf-v4-idsplit::
quantum,svc,12,zz_r2_full__as2__svc__d12,zz_r2_full__as2,id_val,fixed_c1,1.0,,0.011007308959960938,0.7888446215139442,0.788791460160122,0.7887238942269514,0.7836734693877551,0.8574787139407802,0.8189010474196095,full_v4_features,524,524,0,,ksf-v4-idsplit::
quantum,svc,12,zz_r2_full__as2__svc__d12,zz_r2_full__as2,id_test,fixed_c1,1.0,,0.011007308959960938,0.7911646586345381,0.7919034090909092,0.7911612903225806,0.792,0.8693181818181819,0.8399509092505171,full_v4_features,524,524,0,,ksf-v4-idsplit::
quantum,svc,12,zz_r2_full__as2__svc__d12,zz_r2_full__as2,ood_test,fixed_c1,1.0,,0.011007308959960938,0.748,0.7467981557377049,0.746829338862902,0.7296137339055794,0.8071529200819674,0.7828849428716044,full_v4_features,524,524,0,,ksf-v4-idsplit::
quantum,svc,12,pauli_xz_r1_full__as2__svc__d12,pauli_xz_r1_full__as2,id_val,fixed_c1,1.0,,0.00900888442993164,0.7450199203187251,0.7474901512263312,0.7438448781732363,0.7611940298507462,0.8319989833523954,0.8018081066895251,full_v4_features,524,524,0,,ksf-v4-idsplit::
quantum,svc,12,pauli_xz_r1_full__as2__svc__d12,pauli_xz_r1_full__as2,id_test,fixed_c1,1.0,,0.00900888442993164,0.7188755020080321,0.7227208161157025,0.7150098103335514,0.7482014388489209,0.8434917355371901,0.8280538714317363,full_v4_features,524,524,0,,ksf-v4-idsplit::
quantum,svc,12,pauli_xz_r1_full__as2__svc__d12,pauli_xz_r1_full__as2,ood_test,fixed_c1,1.0,,0.00900888442993164,0.738,0.7392418032786885,0.7376967774747608,0.746615087040619,0.7978355532786885,0.7300965945949023,full_v4_features,524,524,0,,ksf-v4-idsplit::
quantum,svc,12,zmap_r2__as2__svc__d12,zmap_r2__as2,id_val,fixed_c1,1.0,,0.008388042449951172,0.7729083665338645,0.7741771508450883,0.7727785277535139,0.7782101167315175,0.8385436523065193,0.8022850516132162,full_v4_features,524,524,0,,ksf-v4-idsplit::
quantum,svc,12,zmap_r2__as2__svc__d12,zmap_r2__as2,id_test,fixed_c1,1.0,,0.008388042449951172,0.7590361445783133,0.7617833161157025,0.7576249188838416,0.7761194029850746,0.8501420454545454,0.8329653797001224,full_v4_features,524,524,0,,ksf-v4-idsplit::
quantum,svc,12,zmap_r2__as2__svc__d12,zmap_r2__as2,ood_test,fixed_c1,1.0,,0.008388042449951172,0.754,0.7542904713114754,0.7539911436811726,0.7525150905432596,0.8049276383196722,0.7351320483561153,full_v4_features,524,524,0,,ksf-v4-idsplit::
