n_id,n_val,n_test,pos_rate_val,pos_rate_test,overlap,class_balance_gap
1000,501,499,0.5209580838323353,0.5210420841683366,0,8.400033600131085e-05
