n_id,n_val,n_test,pos_rate_val,pos_rate_test,overlap,class_balance_gap
1800,901,899,0.5038845726970034,0.5038932146829811,0,8.641985977719813e-06
