n_id,n_val,n_test,pos_rate_val,pos_rate_test,overlap,class_balance_gap
1000,501,499,0.5089820359281437,0.5090180360721442,0,3.600014400051421e-05
