n_id,n_val,n_test,pos_rate_val,pos_rate_test,overlap,class_balance_gap
1000,501,499,0.5329341317365269,0.533066132264529,0,0.0001320005280021075
