n_id,n_val,n_test,pos_rate_val,pos_rate_test,overlap,class_balance_gap
1800,901,899,0.4839067702552719,0.4838709677419355,0,3.580251333640261e-05
