n_id,n_val,n_test,pos_rate_val,pos_rate_test,overlap,class_balance_gap
1800,901,899,0.49944506104328523,0.4994438264738598,0,1.2345694254123352e-06
