n_id,n_val,n_test,pos_rate_val,pos_rate_test,overlap,class_balance_gap
500,251,249,0.49800796812749004,0.4979919678714859,0,1.6000256004122804e-05
