n_id,n_val,n_test,pos_rate_val,pos_rate_test,overlap,class_balance_gap
500,251,249,0.5139442231075697,0.5140562248995983,0,0.00011200179202863758
