n_id,n_val,n_test,pos_rate_val,pos_rate_test,overlap,class_balance_gap
1000,501,499,0.48303393213572854,0.48296593186372744,0,6.800027200110081e-05
