n_id,n_val,n_test,pos_rate_val,pos_rate_test,overlap,class_balance_gap
500,251,249,0.5219123505976095,0.5220883534136547,0,0.0001760028160451288
