n_id,n_val,n_test,pos_rate_val,pos_rate_test,overlap,class_balance_gap
1000,501,499,0.48502994011976047,0.4849699398797595,0,6.000024000096804e-05
