family,model,dim,cfg,kernel,split,regularization,c_selected,c_cv_score,fit_seconds,accuracy,balanced_accuracy,f1_macro,f1_pos,roc_auc,pr_auc,feature_policy,n_input_features,n_retained_features,n_removed_features,removed_features,id_split_hash_salt
classical_ext,svc,4,linear__svc__d4,linear,id_val,fixed_c1,1.0,,0.009545326232910156,0.7290836653386454,0.7299618320610687,0.7290449580899162,0.7322834645669292,0.7667302798982187,0.7672829957412468,full_v4_features,524,524,0,,ksf-v4-idsplit::
classical_ext,svc,4,linear__svc__d4,linear,id_test,fixed_c1,1.0,,0.009545326232910156,0.6867469879518072,0.6872010342598578,0.6866206273396154,0.6929133858267716,0.7274725274725276,0.7320033543792499,full_v4_features,524,524,0,,ksf-v4-idsplit::
classical_ext,svc,4,linear__svc__d4,linear,ood_test,fixed_c1,1.0,,0.009545326232910156,0.672,0.6823514161643658,0.6719160104986877,0.6771653543307087,0.7073854429969537,0.6216650824372114,full_v4_features,524,524,0,,ksf-v4-idsplit::
classical_ext,svc,4,rbf_gscale__svc__d4,rbf_gscale,id_val,fixed_c1,1.0,,0.01471090316772461,0.749003984063745,0.7476463104325699,0.7479799187186229,0.7640449438202247,0.8061704834605598,0.7875400692264373,full_v4_features,524,524,0,,ksf-v4-idsplit::
classical_ext,svc,4,rbf_gscale__svc__d4,rbf_gscale,id_test,fixed_c1,1.0,,0.01471090316772461,0.7269076305220884,0.7238849385908209,0.7241266944734097,0.7518248175182481,0.7661279896574015,0.7035555572569645,full_v4_features,524,524,0,,ksf-v4-idsplit::
classical_ext,svc,4,rbf_gscale__svc__d4,rbf_gscale,ood_test,fixed_c1,1.0,,0.01471090316772461,0.654,0.675238187828116,0.6494441765180283,0.6894075403949731,0.7029457515069026,0.5680248107912906,full_v4_features,524,524,0,,ksf-v4-idsplit::
classical_ext,svc,4,poly2__svc__d4,poly2,id_val,fixed_c1,1.0,,0.009516477584838867,0.7290836653386454,0.7299618320610687,0.7290449580899162,0.7322834645669292,0.7896946564885496,0.7741080857883021,full_v4_features,524,524,0,,ksf-v4-idsplit::
classical_ext,svc,4,poly2__svc__d4,poly2,id_test,fixed_c1,1.0,,0.009516477584838867,0.6827309236947792,0.6829993535875889,0.6825465988864682,0.6901960784313725,0.7496444731738849,0.7416363782389854,full_v4_features,524,524,0,,ksf-v4-idsplit::
classical_ext,svc,4,poly2__svc__d4,poly2,ood_test,fixed_c1,1.0,,0.009516477584838867,0.66,0.671560049257891,0.6597332308529887,0.669260700389105,0.7071261909391405,0.6095613648672733,full_v4_features,524,524,0,,ksf-v4-idsplit::
classical_ext,svc,4,poly3__svc__d4,poly3,id_val,fixed_c1,1.0,,0.010602951049804688,0.7211155378486056,0.7216284987277353,0.7210048272357723,0.7265625,0.786323155216285,0.771447056049898,full_v4_features,524,524,0,,ksf-v4-idsplit::
classical_ext,svc,4,poly3__svc__d4,poly3,id_test,fixed_c1,1.0,,0.010602951049804688,0.6746987951807228,0.6745959922430511,0.6743626588307474,0.6848249027237354,0.7464124111182935,0.7305173213545446,full_v4_features,524,524,0,,ksf-v4-idsplit::
classical_ext,svc,4,poly3__svc__d4,poly3,ood_test,fixed_c1,1.0,,0.010602951049804688,0.648,0.6612223734525893,0.647317206111031,0.6628352490421456,0.692462246419081,0.5808619740222347,full_v4_features,524,524,0,,ksf-v4-idsplit::
classical_ext,svc,4,laplacian_med__svc__d4,laplacian_med,id_val,fixed_c1,1.0,,0.012032032012939453,0.7888446215139442,0.7900127226463105,0.7888312141848024,0.7905138339920948,0.8718193384223919,0.8223336288226047,full_v4_features,524,524,0,,ksf-v4-idsplit::
classical_ext,svc,4,laplacian_med__svc__d4,laplacian_med,id_test,fixed_c1,1.0,,0.012032032012939453,0.7670682730923695,0.7691014867485455,0.7670344560588463,0.7642276422764228,0.8376212023270848,0.7929772991384956,full_v4_features,524,524,0,,ksf-v4-idsplit::
classical_ext,svc,4,laplacian_med__svc__d4,laplacian_med,ood_test,fixed_c1,1.0,,0.012032032012939453,0.75,0.744328861235336,0.7454289217183752,0.7113163972286374,0.8048804199883336,0.7947319922482472,full_v4_features,524,524,0,,ksf-v4-idsplit::
classical_ext,svc,4,matern15_med__svc__d4,matern15_med,id_val,fixed_c1,1.0,,0.008537769317626953,0.7808764940239044,0.7809796437659033,0.7806536695425584,0.7876447876447876,0.846437659033079,0.7955878170546864,full_v4_features,524,524,0,,ksf-v4-idsplit::
classical_ext,svc,4,matern15_med__svc__d4,matern15_med,id_test,fixed_c1,1.0,,0.008537769317626953,0.7590361445783133,0.7596315449256625,0.7589389441073964,0.7637795275590551,0.8221073044602456,0.780264734663766,full_v4_features,524,524,0,,ksf-v4-idsplit::
classical_ext,svc,4,matern15_med__svc__d4,matern15_med,ood_test,fixed_c1,1.0,,0.008537769317626953,0.744,0.7425627065914835,0.7416187584781344,0.7168141592920354,0.8100168513837579,0.756586617979165,full_v4_features,524,524,0,,ksf-v4-idsplit::
classical_ext,svc,4,matern25_med__svc__d4,matern25_med,id_val,fixed_c1,1.0,,0.008253335952758789,0.7649402390438247,0.7643129770992366,0.7644017372766756,0.7756653992395437,0.836323155216285,0.7846766562419735,full_v4_features,524,524,0,,ksf-v4-idsplit::
classical_ext,svc,4,matern25_med__svc__d4,matern25_med,id_test,fixed_c1,1.0,,0.008253335952758789,0.7309236947791165,0.7291531997414351,0.7295101901843475,0.7490636704119851,0.8119586296056884,0.771000719544598,full_v4_features,524,524,0,,ksf-v4-idsplit::
classical_ext,svc,4,matern25_med__svc__d4,matern25_med,ood_test,fixed_c1,1.0,,0.008253335952758789,0.696,0.7043878410784885,0.6959951359221748,0.6947791164658634,0.8081048674573854,0.7503048635761379,full_v4_features,524,524,0,,ksf-v4-idsplit::
classical_ext,svc,4,rbf_gscale_x0.1__svc__d4,rbf_gscale_x0.1,id_val,fixed_c1,1.0,,0.010818004608154297,0.7290836653386454,0.7299618320610687,0.7290449580899162,0.7322834645669292,0.7777989821882951,0.787736564722131,full_v4_features,524,524,0,,ksf-v4-idsplit::
classical_ext,svc,4,rbf_gscale_x0.1__svc__d4,rbf_gscale_x0.1,id_test,fixed_c1,1.0,,0.010818004608154297,0.6867469879518072,0.6872010342598578,0.6866206273396154,0.6929133858267716,0.7277957336780866,0.7275660638984596,full_v4_features,524,524,0,,ksf-v4-idsplit::
classical_ext,svc,4,rbf_gscale_x0.1__svc__d4,rbf_gscale_x0.1,ood_test,fixed_c1,1.0,,0.010818004608154297,0.666,0.6774094238123015,0.6657740632667684,0.6744639376218323,0.6931913928316807,0.5941207050245977,full_v4_features,524,524,0,,ksf-v4-idsplit::
classical_ext,svc,4,rbf_gscale_x0.3__svc__d4,rbf_gscale_x0.3,id_val,fixed_c1,1.0,,0.009517192840576172,0.7171314741035857,0.7178117048346055,0.7170596173692149,0.7215686274509804,0.7942748091603052,0.7797491475602938,full_v4_features,524,524,0,,ksf-v4-idsplit::
classical_ext,svc,4,rbf_gscale_x0.3__svc__d4,rbf_gscale_x0.3,id_test,fixed_c1,1.0,,0.009517192840576172,0.6746987951807228,0.6745959922430511,0.6743626588307474,0.6848249027237354,0.754945054945055,0.722651966538401,full_v4_features,524,524,0,,ksf-v4-idsplit::
classical_ext,svc,4,rbf_gscale_x0.3__svc__d4,rbf_gscale_x0.3,ood_test,fixed_c1,1.0,,0.009517192840576172,0.636,0.6504310065461145,0.6348549049820236,0.6553030303030303,0.6845064488949382,0.5439638956417828,full_v4_features,524,524,0,,ksf-v4-idsplit::
classical_ext,svc,4,rbf_gscale_x3__svc__d4,rbf_gscale_x3,id_val,fixed_c1,1.0,,0.00901031494140625,0.7370517928286853,0.7368956743002544,0.7367132867132867,0.7461538461538462,0.8259541984732824,0.807868699516973,full_v4_features,524,524,0,,ksf-v4-idsplit::
classical_ext,svc,4,rbf_gscale_x3__svc__d4,rbf_gscale_x3,id_test,fixed_c1,1.0,,0.00901031494140625,0.7349397590361446,0.7329993535875889,0.7333874107722258,0.753731343283582,0.7884292178409825,0.7361255093932423,full_v4_features,524,524,0,,ksf-v4-idsplit::
classical_ext,svc,4,rbf_gscale_x3__svc__d4,rbf_gscale_x3,ood_test,fixed_c1,1.0,,0.00901031494140625,0.662,0.6742659926113164,0.6616088197956838,0.6731141199226306,0.7597705619288352,0.6583847724580622,full_v4_features,524,524,0,,ksf-v4-idsplit::
classical_ext,svc,4,rbf_gscale_x10__svc__d4,rbf_gscale_x10,id_val,fixed_c1,1.0,,0.008005619049072266,0.7808764940239044,0.7806297709923664,0.7805281315082431,0.789272030651341,0.8360050890585241,0.7705178099588628,full_v4_features,524,524,0,,ksf-v4-idsplit::
classical_ext,svc,4,rbf_gscale_x10__svc__d4,rbf_gscale_x10,id_test,fixed_c1,1.0,,0.008005619049072266,0.7469879518072289,0.7463154492566257,0.746398952422523,0.7586206896551724,0.813574660633484,0.7647817858551704,full_v4_features,524,524,0,,ksf-v4-idsplit::
classical_ext,svc,4,rbf_gscale_x10__svc__d4,rbf_gscale_x10,ood_test,fixed_c1,1.0,,0.008005619049072266,0.718,0.7200887938298011,0.716911808993772,0.6993603411513859,0.8006351675416422,0.7267199728556779,full_v4_features,524,524,0,,ksf-v4-idsplit::
classical_ext,svc,4,laplacian_med_x0.1__svc__d4,laplacian_med_x0.1,id_val,fixed_c1,1.0,,0.010512590408325195,0.8565737051792829,0.8580470737913486,0.8565714285714285,0.8571428571428571,0.9284987277353689,0.9216723194880209,full_v4_features,524,524,0,,ksf-v4-idsplit::
classical_ext,svc,4,laplacian_med_x0.1__svc__d4,laplacian_med_x0.1,id_test,fixed_c1,1.0,,0.010512590408325195,0.8032128514056225,0.8058500323206206,0.8030985233599612,0.7983539094650206,0.8901098901098902,0.8693998603350128,full_v4_features,524,524,0,,ksf-v4-idsplit::
classical_ext,svc,4,laplacian_med_x0.1__svc__d4,laplacian_med_x0.1,ood_test,fixed_c1,1.0,,0.010512590408325195,0.772,0.7536781385702249,0.7570581014729951,0.6968085106382979,0.7870568410136756,0.7758009955155557,full_v4_features,524,524,0,,ksf-v4-idsplit::
classical_ext,svc,4,laplacian_med_x0.3__svc__d4,laplacian_med_x0.3,id_val,fixed_c1,1.0,,0.009000778198242188,0.8007968127490039,0.8014631043256997,0.8007177337398375,0.8046875,0.9052798982188295,0.8837708369509802,full_v4_features,524,524,0,,ksf-v4-idsplit::
classical_ext,svc,4,laplacian_med_x0.3__svc__d4,laplacian_med_x0.3,id_test,fixed_c1,1.0,,0.009000778198242188,0.7710843373493976,0.7718810601163542,0.7710252480438815,0.7747035573122529,0.8778926955397544,0.8504195858132046,full_v4_features,524,524,0,,ksf-v4-idsplit::
classical_ext,svc,4,laplacian_med_x0.3__svc__d4,laplacian_med_x0.3,ood_test,fixed_c1,1.0,,0.009000778198242188,0.756,0.7474560891827079,0.7495894909688013,0.7095238095238096,0.800116663426016,0.7875046962122851,full_v4_features,524,524,0,,ksf-v4-idsplit::
classical_ext,svc,4,laplacian_med_x3__svc__d4,laplacian_med_x3,id_val,fixed_c1,1.0,,0.008005857467651367,0.749003984063745,0.7497455470737914,0.7489402238628244,0.7529411764705882,0.8430661577608143,0.7967426826919679,full_v4_features,524,524,0,,ksf-v4-idsplit::
classical_ext,svc,4,laplacian_med_x3__svc__d4,laplacian_med_x3,id_test,fixed_c1,1.0,,0.008005857467651367,0.7389558232931727,0.738267614738203,0.7383481255153015,0.7509578544061303,0.8186166774402068,0.7691846454442628,full_v4_features,524,524,0,,ksf-v4-idsplit::
classical_ext,svc,4,laplacian_med_x3__svc__d4,laplacian_med_x3,ood_test,fixed_c1,1.0,,0.008005857467651367,0.72,0.7223410460820532,0.7189883580891208,0.7021276595744681,0.8013319074470152,0.7809895539626301,full_v4_features,524,524,0,,ksf-v4-idsplit::
classical_ext,svc,4,laplacian_med_x10__svc__d4,laplacian_med_x10,id_val,fixed_c1,1.0,,0.010515689849853516,0.7330677290836654,0.7327290076335877,0.7326433602009508,0.7432950191570882,0.8180661577608141,0.7960409804661166,full_v4_features,524,524,0,,ksf-v4-idsplit::
classical_ext,svc,4,laplacian_med_x10__svc__d4,laplacian_med_x10,id_test,fixed_c1,1.0,,0.010515689849853516,0.7188755020080321,0.7169036845507434,0.7172290720311486,0.7388059701492538,0.8131221719457014,0.783262523661384,full_v4_features,524,524,0,,ksf-v4-idsplit::
classical_ext,svc,4,laplacian_med_x10__svc__d4,laplacian_med_x10,ood_test,fixed_c1,1.0,,0.010515689849853516,0.636,0.6513383887484607,0.6345029239766082,0.6578947368421053,0.7626385378183937,0.7119323232249428,full_v4_features,524,524,0,,ksf-v4-idsplit::
classical_ext,svc,4,matern15_med_x0.1__svc__d4,matern15_med_x0.1,id_val,fixed_c1,1.0,,0.01100301742553711,0.8326693227091634,0.8344465648854962,0.8326666666666667,0.832,0.9154580152671755,0.9055997418386376,full_v4_features,524,524,0,,ksf-v4-idsplit::
classical_ext,svc,4,matern15_med_x0.1__svc__d4,matern15_med_x0.1,id_test,fixed_c1,1.0,,0.01100301742553711,0.7951807228915663,0.7978021978021979,0.7950617283950617,0.7901234567901234,0.881060116354234,0.8773533103327906,full_v4_features,524,524,0,,ksf-v4-idsplit::
classical_ext,svc,4,matern15_med_x0.1__svc__d4,matern15_med_x0.1,ood_test,fixed_c1,1.0,,0.01100301742553711,0.778,0.7608885864281547,0.7646699655273301,0.7086614173228346,0.7828764015814376,0.7829429395313874,full_v4_features,524,524,0,,ksf-v4-idsplit::
classical_ext,svc,4,matern15_med_x0.3__svc__d4,matern15_med_x0.3,id_val,fixed_c1,1.0,,0.009622812271118164,0.8087649402390438,0.8094465648854962,0.8086890243902439,0.8125,0.8904580152671756,0.8699753968247302,full_v4_features,524,524,0,,ksf-v4-idsplit::
classical_ext,svc,4,matern15_med_x0.3__svc__d4,matern15_med_x0.3,id_test,fixed_c1,1.0,,0.009622812271118164,0.7831325301204819,0.7841305753070459,0.7831010452961673,0.7857142857142857,0.8650937297996122,0.8439989935305746,full_v4_features,524,524,0,,ksf-v4-idsplit::
classical_ext,svc,4,matern15_med_x0.3__svc__d4,matern15_med_x0.3,ood_test,fixed_c1,1.0,,0.009622812271118164,0.762,0.7537591548382916,0.7559064485824113,0.7173396674584323,0.8157528031628751,0.8093577090564843,full_v4_features,524,524,0,,ksf-v4-idsplit::
classical_ext,svc,4,matern15_med_x3__svc__d4,matern15_med_x3,id_val,fixed_c1,1.0,,0.012228250503540039,0.7529880478087649,0.7514631043256997,0.7518497257303227,0.7686567164179104,0.8208651399491093,0.8054620605842537,full_v4_features,524,524,0,,ksf-v4-idsplit::
classical_ext,svc,4,matern15_med_x3__svc__d4,matern15_med_x3,id_test,fixed_c1,1.0,,0.012228250503540039,0.7269076305220884,0.7238849385908209,0.7241266944734097,0.7518248175182481,0.7851325145442792,0.7329597004879566,full_v4_features,524,524,0,,ksf-v4-idsplit::
classical_ext,svc,4,matern15_med_x3__svc__d4,matern15_med_x3,ood_test,fixed_c1,1.0,,0.012228250503540039,0.654,0.6738771145245965,0.6503623700985048,0.6860254083484574,0.7358383563419535,0.6271382064374895,full_v4_features,524,524,0,,ksf-v4-idsplit::
classical_ext,svc,4,matern15_med_x10__svc__d4,matern15_med_x10,id_val,fixed_c1,1.0,,0.009969472885131836,0.7290836653386454,0.7299618320610687,0.7290449580899162,0.7322834645669292,0.8002544529262087,0.7990826799721216,full_v4_features,524,524,0,,ksf-v4-idsplit::
classical_ext,svc,4,matern15_med_x10__svc__d4,matern15_med_x10,id_test,fixed_c1,1.0,,0.009969472885131836,0.6907630522088354,0.6914027149321267,0.6906832298136646,0.6956521739130435,0.759857789269554,0.7405382078963323,full_v4_features,524,524,0,,ksf-v4-idsplit::
classical_ext,svc,4,matern15_med_x10__svc__d4,matern15_med_x10,ood_test,fixed_c1,1.0,,0.009969472885131836,0.67,0.6810065461144599,0.6698402026580865,0.6771037181996086,0.6978741331259317,0.6030425701849007,full_v4_features,524,524,0,,ksf-v4-idsplit::
classical_ext,svc,4,matern25_med_x0.1__svc__d4,matern25_med_x0.1,id_val,fixed_c1,1.0,,0.010514497756958008,0.8286852589641435,0.8302798982188295,0.8286852589641435,0.8286852589641435,0.912531806615776,0.905871242420044,full_v4_features,524,524,0,,ksf-v4-idsplit::
classical_ext,svc,4,matern25_med_x0.1__svc__d4,matern25_med_x0.1,id_test,fixed_c1,1.0,,0.010514497756958008,0.7911646586345381,0.793600517129929,0.7910804182264102,0.7868852459016393,0.8795087265675501,0.8723239854322757,full_v4_features,524,524,0,,ksf-v4-idsplit::
classical_ext,svc,4,matern25_med_x0.1__svc__d4,matern25_med_x0.1,ood_test,fixed_c1,1.0,,0.010514497756958008,0.776,0.7586363341759026,0.7623089983022071,0.7052631578947368,0.7808104867457386,0.7777952879974774,full_v4_features,524,524,0,,ksf-v4-idsplit::
classical_ext,svc,4,matern25_med_x0.3__svc__d4,matern25_med_x0.3,id_val,fixed_c1,1.0,,0.011007070541381836,0.8047808764940239,0.8056297709923663,0.8047312852266413,0.807843137254902,0.8825699745547074,0.8629049899543384,full_v4_features,524,524,0,,ksf-v4-idsplit::
classical_ext,svc,4,matern25_med_x0.3__svc__d4,matern25_med_x0.3,id_test,fixed_c1,1.0,,0.011007070541381836,0.7710843373493976,0.7722365869424693,0.771069567882317,0.7729083665338645,0.8535229476405948,0.8299914111207465,full_v4_features,524,524,0,,ksf-v4-idsplit::
classical_ext,svc,4,matern25_med_x0.3__svc__d4,matern25_med_x0.3,ood_test,fixed_c1,1.0,,0.011007070541381836,0.758,0.749254650333787,0.7514777829353554,0.711217183770883,0.8128686240197032,0.8134227648441779,full_v4_features,524,524,0,,ksf-v4-idsplit::
classical_ext,svc,4,matern25_med_x3__svc__d4,matern25_med_x3,id_val,fixed_c1,1.0,,0.00900125503540039,0.7529880478087649,0.7514631043256997,0.7518497257303227,0.7686567164179104,0.8059160305343512,0.7926726404974895,full_v4_features,524,524,0,,ksf-v4-idsplit::
classical_ext,svc,4,matern25_med_x3__svc__d4,matern25_med_x3,id_test,fixed_c1,1.0,,0.00900125503540039,0.7228915662650602,0.7200387847446671,0.7202930402930403,0.7472527472527473,0.7722689075630252,0.7264556703658918,full_v4_features,524,524,0,,ksf-v4-idsplit::
classical_ext,svc,4,matern25_med_x3__svc__d4,matern25_med_x3,ood_test,fixed_c1,1.0,,0.00900125503540039,0.66,0.6792727979778339,0.6568374136037723,0.6897810218978102,0.6985060600168514,0.5692627407063564,full_v4_features,524,524,0,,ksf-v4-idsplit::
classical_ext,svc,4,matern25_med_x10__svc__d4,matern25_med_x10,id_val,fixed_c1,1.0,,0.009505271911621094,0.7250996015936255,0.725795165394402,0.7250297689926173,0.7294117647058823,0.7767175572519084,0.7895151692067941,full_v4_features,524,524,0,,ksf-v4-idsplit::
classical_ext,svc,4,matern25_med_x10__svc__d4,matern25_med_x10,id_test,fixed_c1,1.0,,0.009505271911621094,0.6947791164658634,0.6956043956043956,0.6947348044909021,0.6984126984126984,0.7287007110536523,0.7309957547950285,full_v4_features,524,524,0,,ksf-v4-idsplit::
classical_ext,svc,4,matern25_med_x10__svc__d4,matern25_med_x10,ood_test,fixed_c1,1.0,,0.009505271911621094,0.688,0.697193596474172,0.6879950079201267,0.6892430278884463,0.7081631991703935,0.6218998839611743,full_v4_features,524,524,0,,ksf-v4-idsplit::
quantum,svc,4,zz_r1_full__as0.5__svc__d4,zz_r1_full__as0.5,id_val,fixed_c1,1.0,,0.014301300048828125,0.7649402390438247,0.7643129770992366,0.7644017372766756,0.7756653992395437,0.8244274809160306,0.8001315561091497,full_v4_features,524,524,0,,ksf-v4-idsplit::
quantum,svc,4,zz_r1_full__as0.5__svc__d4,zz_r1_full__as0.5,id_test,fixed_c1,1.0,,0.014301300048828125,0.7429718875502008,0.7421137685843568,0.7422693750808642,0.7557251908396947,0.803749191984486,0.7643641083740084,full_v4_features,524,524,0,,ksf-v4-idsplit::
quantum,svc,4,zz_r1_full__as0.5__svc__d4,zz_r1_full__as0.5,ood_test,fixed_c1,1.0,,0.014301300048828125,0.696,0.7039341499773154,0.6959805427547363,0.6935483870967742,0.8030332490764146,0.7154630111113675,full_v4_features,524,524,0,,ksf-v4-idsplit::
quantum,svc,4,zz_r2_full__as0.5__svc__d4,zz_r2_full__as0.5,id_val,fixed_c1,1.0,,0.01946091651916504,0.7768924302788844,0.7775127226463104,0.7768038617886179,0.78125,0.8297073791348601,0.7935299517976196,full_v4_features,524,524,0,,ksf-v4-idsplit::
quantum,svc,4,zz_r2_full__as0.5__svc__d4,zz_r2_full__as0.5,id_test,fixed_c1,1.0,,0.01946091651916504,0.7670682730923695,0.7680349062702003,0.7670344560588463,0.7698412698412699,0.8093083387201034,0.7543636924068244,full_v4_features,524,524,0,,ksf-v4-idsplit::
quantum,svc,4,zz_r2_full__as0.5__svc__d4,zz_r2_full__as0.5,ood_test,fixed_c1,1.0,,0.01946091651916504,0.726,0.7213850541188671,0.7218601667214826,0.6879271070615034,0.799079655194763,0.7578977683955417,full_v4_features,524,524,0,,ksf-v4-idsplit::
quantum,svc,4,pauli_xz_r1_full__as0.5__svc__d4,pauli_xz_r1_full__as0.5,id_val,fixed_c1,1.0,,0.008514642715454102,0.749003984063745,0.7476463104325699,0.7479799187186229,0.7640449438202247,0.8015267175572519,0.7908004594436991,full_v4_features,524,524,0,,ksf-v4-idsplit::
quantum,svc,4,pauli_xz_r1_full__as0.5__svc__d4,pauli_xz_r1_full__as0.5,id_test,fixed_c1,1.0,,0.008514642715454102,0.7269076305220884,0.7238849385908209,0.7241266944734097,0.7518248175182481,0.7622495151906916,0.7081099836299591,full_v4_features,524,524,0,,ksf-v4-idsplit::
quantum,svc,4,pauli_xz_r1_full__as0.5__svc__d4,pauli_xz_r1_full__as0.5,ood_test,fixed_c1,1.0,,0.008514642715454102,0.652,0.6720785533735174,0.6481948757763976,0.6847826086956522,0.6913442219197614,0.5537064552568604,full_v4_features,524,524,0,,ksf-v4-idsplit::
quantum,svc,4,zmap_r2__as0.5__svc__d4,zmap_r2__as0.5,id_val,fixed_c1,1.0,,0.010118961334228516,0.7450199203187251,0.7431297709923663,0.7435504469987229,0.762962962962963,0.8112595419847328,0.7884291002417111,full_v4_features,524,524,0,,ksf-v4-idsplit::
quantum,svc,4,zmap_r2__as0.5__svc__d4,zmap_r2__as0.5,id_test,fixed_c1,1.0,,0.010118961334228516,0.7269076305220884,0.7238849385908209,0.7241266944734097,0.7518248175182481,0.7849385908209437,0.7355335229180586,full_v4_features,524,524,0,,ksf-v4-idsplit::
quantum,svc,4,zmap_r2__as0.5__svc__d4,zmap_r2__as0.5,ood_test,fixed_c1,1.0,,0.010118961334228516,0.668,0.6869207336833236,0.6651659647254361,0.6959706959706959,0.7336833236113812,0.6083518156515144,full_v4_features,524,524,0,,ksf-v4-idsplit::
quantum,svc,4,zz_r1_full__svc__d4,zz_r1_full,id_val,fixed_c1,1.0,,0.011163949966430664,0.7928286852589641,0.7938295165394402,0.7927990855981712,0.7952755905511811,0.8233460559796437,0.8047126787642649,full_v4_features,524,524,0,,ksf-v4-idsplit::
quantum,svc,4,zz_r1_full__svc__d4,zz_r1_full,id_test,fixed_c1,1.0,,0.011163949966430664,0.7550200803212851,0.7557853910795087,0.7549568443978382,0.758893280632411,0.8102779573367809,0.7819017799205075,full_v4_features,524,524,0,,ksf-v4-idsplit::
quantum,svc,4,zz_r1_full__svc__d4,zz_r1_full,ood_test,fixed_c1,1.0,,0.011163949966430664,0.75,0.7465973167412017,0.746708220027477,0.7178329571106095,0.7906377600622204,0.6968264247793821,full_v4_features,524,524,0,,ksf-v4-idsplit::
quantum,svc,4,zz_r2_full__svc__d4,zz_r2_full,id_val,fixed_c1,1.0,,0.009006023406982422,0.7768924302788844,0.7768129770992367,0.7766052129688493,0.7846153846153846,0.8777989821882951,0.8628515466037319,full_v4_features,524,524,0,,ksf-v4-idsplit::
quantum,svc,4,zz_r2_full__svc__d4,zz_r2_full,id_test,fixed_c1,1.0,,0.009006023406982422,0.7309236947791165,0.7305753070458954,0.7304890066396342,0.7413127413127413,0.810989010989011,0.7613778294776989,full_v4_features,524,524,0,,ksf-v4-idsplit::
quantum,svc,4,zz_r2_full__svc__d4,zz_r2_full,ood_test,fixed_c1,1.0,,0.009006023406982422,0.728,0.7231836152699462,0.7237524171663499,0.6894977168949772,0.7786311491347463,0.7468111362809716,full_v4_features,524,524,0,,ksf-v4-idsplit::
quantum,svc,4,pauli_xz_r1_full__svc__d4,pauli_xz_r1_full,id_val,fixed_c1,1.0,,0.011229991912841797,0.7370517928286853,0.7372455470737913,0.7368471216164697,0.7441860465116279,0.8227735368956742,0.8000021696662539,full_v4_features,524,524,0,,ksf-v4-idsplit::
quantum,svc,4,pauli_xz_r1_full__svc__d4,pauli_xz_r1_full,id_test,fixed_c1,1.0,,0.011229991912841797,0.7228915662650602,0.7214608920491273,0.7217426512268199,0.7396226415094339,0.7906916612798967,0.7532220797335645,full_v4_features,524,524,0,,ksf-v4-idsplit::
quantum,svc,4,pauli_xz_r1_full__svc__d4,pauli_xz_r1_full,ood_test,fixed_c1,1.0,,0.011229991912841797,0.674,0.6850573595177911,0.6738421395955643,0.6810176125244618,0.7580692202994361,0.6405447722859885,full_v4_features,524,524,0,,ksf-v4-idsplit::
quantum,svc,4,zmap_r2__svc__d4,zmap_r2,id_val,fixed_c1,1.0,,0.009001493453979492,0.7729083665338645,0.7722964376590331,0.772388119063907,0.7832699619771863,0.8115139949109416,0.7423427183013794,full_v4_features,524,524,0,,ksf-v4-idsplit::
quantum,svc,4,zmap_r2__svc__d4,zmap_r2,id_test,fixed_c1,1.0,,0.009001493453979492,0.7349397590361446,0.733354880413704,0.7336984703137153,0.7518796992481203,0.7944408532643826,0.746741864396773,full_v4_features,524,524,0,,ksf-v4-idsplit::
quantum,svc,4,zmap_r2__svc__d4,zmap_r2,ood_test,fixed_c1,1.0,,0.009001493453979492,0.684,0.6917817097673213,0.6839797747055811,0.6814516129032258,0.7796357508587726,0.6710124258938601,full_v4_features,524,524,0,,ksf-v4-idsplit::
quantum,svc,4,zz_r1_full__as2__svc__d4,zz_r1_full__as2,id_val,fixed_c1,1.0,,0.010103464126586914,0.8087649402390438,0.8090966921119593,0.8086160884483415,0.813953488372093,0.8793256997455471,0.8425640516609738,full_v4_features,524,524,0,,ksf-v4-idsplit::
quantum,svc,4,zz_r1_full__as2__svc__d4,zz_r1_full__as2,id_test,fixed_c1,1.0,,0.010103464126586914,0.7871485943775101,0.7886877828054298,0.7871485943775101,0.7871485943775101,0.8541047188106012,0.8165327003488696,full_v4_features,524,524,0,,ksf-v4-idsplit::
quantum,svc,4,zz_r1_full__as2__svc__d4,zz_r1_full__as2,ood_test,fixed_c1,1.0,,0.010103464126586914,0.75,0.7388845680212587,0.7414353029757694,0.6943765281173594,0.7569349925465033,0.7761438795885034,full_v4_features,524,524,0,,ksf-v4-idsplit::
quantum,svc,4,zz_r2_full__as2__svc__d4,zz_r2_full__as2,id_val,fixed_c1,1.0,,0.009647846221923828,0.8007968127490039,0.8018129770992366,0.800768351536703,0.8031496062992126,0.8775445292620864,0.8548164855121201,full_v4_features,524,524,0,,ksf-v4-idsplit::
quantum,svc,4,zz_r2_full__as2__svc__d4,zz_r2_full__as2,id_test,fixed_c1,1.0,,0.009647846221923828,0.7590361445783133,0.7606981254040077,0.7590322580645161,0.7580645161290323,0.8561732385261797,0.8284732352023563,full_v4_features,524,524,0,,ksf-v4-idsplit::
quantum,svc,4,zz_r2_full__as2__svc__d4,zz_r2_full__as2,ood_test,fixed_c1,1.0,,0.009647846221923828,0.742,0.7335050878216346,0.7353943854380761,0.6935866983372921,0.7826657592844641,0.7486792470192516,full_v4_features,524,524,0,,ksf-v4-idsplit::
quantum,svc,4,pauli_xz_r1_full__as2__svc__d4,pauli_xz_r1_full__as2,id_val,fixed_c1,1.0,,0.007999897003173828,0.7768924302788844,0.7764631043256998,0.7764631043256998,0.7862595419847328,0.8374045801526716,0.7818161773953598,full_v4_features,524,524,0,,ksf-v4-idsplit::
quantum,svc,4,pauli_xz_r1_full__as2__svc__d4,pauli_xz_r1_full__as2,id_test,fixed_c1,1.0,,0.007999897003173828,0.7550200803212851,0.7557853910795087,0.7549568443978382,0.758893280632411,0.8077569489334195,0.7615757965869948,full_v4_features,524,524,0,,ksf-v4-idsplit::
quantum,svc,4,pauli_xz_r1_full__as2__svc__d4,pauli_xz_r1_full__as2,ood_test,fixed_c1,1.0,,0.007999897003173828,0.732,0.7304102663814894,0.729507137781797,0.7035398230088495,0.7936677684879123,0.6927320089186505,full_v4_features,524,524,0,,ksf-v4-idsplit::
quantum,svc,4,zmap_r2__as2__svc__d4,zmap_r2__as2,id_val,fixed_c1,1.0,,0.007998466491699219,0.7888446215139442,0.7900127226463105,0.7888312141848024,0.7905138339920948,0.8437022900763358,0.7941844431361503,full_v4_features,524,524,0,,ksf-v4-idsplit::
quantum,svc,4,zmap_r2__as2__svc__d4,zmap_r2__as2,id_test,fixed_c1,1.0,,0.007998466491699219,0.7670682730923695,0.7680349062702003,0.7670344560588463,0.7698412698412699,0.8254040077569489,0.7834000898414422,full_v4_features,524,524,0,,ksf-v4-idsplit::
quantum,svc,4,zmap_r2__as2__svc__d4,zmap_r2__as2,ood_test,fixed_c1,1.0,,0.007998466491699219,0.732,0.7249659731674121,0.7263250767923666,0.6869158878504673,0.7862304750793959,0.7283484703045626,full_v4_features,524,524,0,,ksf-v4-idsplit::
classical_ext,svc,6,linear__svc__d6,linear,id_val,fixed_c1,1.0,,0.008027791976928711,0.7250996015936255,0.725795165394402,0.7250297689926173,0.7294117647058823,0.7751908396946565,0.7871932836057072,full_v4_features,524,524,0,,ksf-v4-idsplit::
classical_ext,svc,6,linear__svc__d6,linear,id_test,fixed_c1,1.0,,0.008027791976928711,0.6907630522088354,0.6917582417582417,0.6907431004726035,0.6932270916334662,0.7321266968325791,0.7377937389465218,full_v4_features,524,524,0,,ksf-v4-idsplit::
classical_ext,svc,6,linear__svc__d6,linear,ood_test,fixed_c1,1.0,,0.008027791976928711,0.692,0.7007907187763303,0.692,0.692,0.7258409488625316,0.652077015400292,full_v4_features,524,524,0,,ksf-v4-idsplit::
classical_ext,svc,6,rbf_gscale__svc__d6,rbf_gscale,id_val,fixed_c1,1.0,,0.009003162384033203,0.7569721115537849,0.7573791348600509,0.7568331612800763,0.7626459143968871,0.8468193384223919,0.8316590119537661,full_v4_features,524,524,0,,ksf-v4-idsplit::
classical_ext,svc,6,rbf_gscale__svc__d6,rbf_gscale,id_test,fixed_c1,1.0,,0.009003162384033203,0.7429718875502008,0.7421137685843568,0.7422693750808642,0.7557251908396947,0.8107950872656755,0.7964621511116725,full_v4_features,524,524,0,,ksf-v4-idsplit::
classical_ext,svc,6,rbf_gscale__svc__d6,rbf_gscale,ood_test,fixed_c1,1.0,,0.009003162384033203,0.732,0.7449283816190291,0.7317252866935742,0.7403100775193798,0.7853068896234364,0.7096288006365371,full_v4_features,524,524,0,,ksf-v4-idsplit::
classical_ext,svc,6,poly2__svc__d6,poly2,id_val,fixed_c1,1.0,,0.008009195327758789,0.7250996015936255,0.725795165394402,0.7250297689926173,0.7294117647058823,0.7873409669211197,0.7820301861054715,full_v4_features,524,524,0,,ksf-v4-idsplit::
classical_ext,svc,6,poly2__svc__d6,poly2,id_test,fixed_c1,1.0,,0.008009195327758789,0.6827309236947792,0.6829993535875889,0.6825465988864682,0.6901960784313725,0.7506140917905624,0.744178567324891,full_v4_features,524,524,0,,ksf-v4-idsplit::
classical_ext,svc,6,poly2__svc__d6,poly2,ood_test,fixed_c1,1.0,,0.008009195327758789,0.672,0.682805107265539,0.6718687474989996,0.6784313725490196,0.7126515004212846,0.6115945716187178,full_v4_features,524,524,0,,ksf-v4-idsplit::
classical_ext,svc,6,poly3__svc__d6,poly3,id_val,fixed_c1,1.0,,0.008001565933227539,0.7171314741035857,0.7174618320610686,0.7169697450964821,0.7237354085603113,0.7920483460559796,0.7791092743779406,full_v4_features,524,524,0,,ksf-v4-idsplit::
classical_ext,svc,6,poly3__svc__d6,poly3,id_test,fixed_c1,1.0,,0.008001565933227539,0.6827309236947792,0.6829993535875889,0.6825465988864682,0.6901960784313725,0.7524240465416936,0.7541215167140101,full_v4_features,524,524,0,,ksf-v4-idsplit::
classical_ext,svc,6,poly3__svc__d6,poly3,ood_test,fixed_c1,1.0,,0.008001565933227539,0.662,0.6738123015101433,0.6616955259733761,0.6718446601941748,0.7169939723896557,0.6121734300128582,full_v4_features,524,524,0,,ksf-v4-idsplit::
classical_ext,svc,6,laplacian_med__svc__d6,laplacian_med,id_val,fixed_c1,1.0,,0.007640838623046875,0.8087649402390438,0.8087468193384224,0.8085187539732994,0.8153846153846154,0.8770356234096693,0.821040474641672,full_v4_features,524,524,0,,ksf-v4-idsplit::
classical_ext,svc,6,laplacian_med__svc__d6,laplacian_med,id_test,fixed_c1,1.0,,0.007640838623046875,0.7791164658634538,0.780284421460892,0.7791022146232882,0.7808764940239044,0.855656108597285,0.8275153751470319,full_v4_features,524,524,0,,ksf-v4-idsplit::
classical_ext,svc,6,laplacian_med__svc__d6,laplacian_med,ood_test,fixed_c1,1.0,,0.007640838623046875,0.774,0.77090219716119,0.7710242309048393,0.744920993227991,0.8273219262427896,0.8157850305963051,full_v4_features,524,524,0,,ksf-v4-idsplit::
classical_ext,svc,6,matern15_med__svc__d6,matern15_med,id_val,fixed_c1,1.0,,0.010350942611694336,0.7888446215139442,0.7875636132315522,0.7879831062236035,0.8014981273408239,0.8637404580152671,0.8372353733841298,full_v4_features,524,524,0,,ksf-v4-idsplit::
classical_ext,svc,6,matern15_med__svc__d6,matern15_med,id_test,fixed_c1,1.0,,0.010350942611694336,0.751004016064257,0.7494505494505495,0.7498379569613689,0.7669172932330827,0.8338073691014867,0.8103780903798827,full_v4_features,524,524,0,,ksf-v4-idsplit::
classical_ext,svc,6,matern15_med__svc__d6,matern15_med,ood_test,fixed_c1,1.0,,0.010350942611694336,0.738,0.7494166828699202,0.7379150844873739,0.7426326129666012,0.8274353490180828,0.8042075940786134,full_v4_features,524,524,0,,ksf-v4-idsplit::
classical_ext,svc,6,matern25_med__svc__d6,matern25_med,id_val,fixed_c1,1.0,,0.009502410888671875,0.7888446215139442,0.7875636132315522,0.7879831062236035,0.8014981273408239,0.8577608142493638,0.8294156287461222,full_v4_features,524,524,0,,ksf-v4-idsplit::
classical_ext,svc,6,matern25_med__svc__d6,matern25_med,id_test,fixed_c1,1.0,,0.009502410888671875,0.751004016064257,0.7494505494505495,0.7498379569613689,0.7669172932330827,0.8315449256625728,0.8113993653657225,full_v4_features,524,524,0,,ksf-v4-idsplit::
classical_ext,svc,6,matern25_med__svc__d6,matern25_med,ood_test,fixed_c1,1.0,,0.009502410888671875,0.73,0.7426761293667768,0.7297567811029927,0.7378640776699029,0.8153639250761553,0.7918976812894205,full_v4_features,524,524,0,,ksf-v4-idsplit::
classical_ext,svc,6,rbf_gscale_x0.1__svc__d6,rbf_gscale_x0.1,id_val,fixed_c1,1.0,,0.008144140243530273,0.7171314741035857,0.7174618320610686,0.7169697450964821,0.7237354085603113,0.7962468193384223,0.7958336599247265,full_v4_features,524,524,0,,ksf-v4-idsplit::
classical_ext,svc,6,rbf_gscale_x0.1__svc__d6,rbf_gscale_x0.1,id_test,fixed_c1,1.0,,0.008144140243530273,0.6867469879518072,0.6872010342598578,0.6866206273396154,0.6929133858267716,0.7575307045895282,0.7456586433008414,full_v4_features,524,524,0,,ksf-v4-idsplit::
classical_ext,svc,6,rbf_gscale_x0.1__svc__d6,rbf_gscale_x0.1,ood_test,fixed_c1,1.0,,0.008144140243530273,0.672,0.682805107265539,0.6718687474989996,0.6784313725490196,0.7060081664398211,0.5932527888514915,full_v4_features,524,524,0,,ksf-v4-idsplit::
classical_ext,svc,6,rbf_gscale_x0.3__svc__d6,rbf_gscale_x0.3,id_val,fixed_c1,1.0,,0.010012626647949219,0.7609561752988048,0.7604961832061068,0.7604961832061068,0.7709923664122137,0.8289440203562342,0.8201277336220696,full_v4_features,524,524,0,,ksf-v4-idsplit::
classical_ext,svc,6,rbf_gscale_x0.3__svc__d6,rbf_gscale_x0.3,id_test,fixed_c1,1.0,,0.010012626647949219,0.7309236947791165,0.72879767291532,0.729176474407883,0.7509293680297398,0.7928248222365869,0.7696772483459604,full_v4_features,524,524,0,,ksf-v4-idsplit::
classical_ext,svc,6,rbf_gscale_x0.3__svc__d6,rbf_gscale_x0.3,ood_test,fixed_c1,1.0,,0.010012626647949219,0.684,0.7013092228919567,0.6821641803054443,0.7063197026022305,0.7266511115431978,0.5806844055405095,full_v4_features,524,524,0,,ksf-v4-idsplit::
classical_ext,svc,6,rbf_gscale_x3__svc__d6,rbf_gscale_x3,id_val,fixed_c1,1.0,,0.008514165878295898,0.7888446215139442,0.7875636132315522,0.7879831062236035,0.8014981273408239,0.8427480916030535,0.8118173641988637,full_v4_features,524,524,0,,ksf-v4-idsplit::
classical_ext,svc,6,rbf_gscale_x3__svc__d6,rbf_gscale_x3,id_test,fixed_c1,1.0,,0.008514165878295898,0.751004016064257,0.7494505494505495,0.7498379569613689,0.7669172932330827,0.82120232708468,0.8020146031985612,full_v4_features,524,524,0,,ksf-v4-idsplit::
classical_ext,svc,6,rbf_gscale_x3__svc__d6,rbf_gscale_x3,ood_test,fixed_c1,1.0,,0.008514165878295898,0.728,0.7408775682156977,0.7277211864949709,0.7364341085271318,0.8116857865059304,0.7842804874643887,full_v4_features,524,524,0,,ksf-v4-idsplit::
classical_ext,svc,6,rbf_gscale_x10__svc__d6,rbf_gscale_x10,id_val,fixed_c1,1.0,,0.008738994598388672,0.7609561752988048,0.76014631043257,0.7603132161955691,0.7727272727272727,0.8628498727735369,0.8217057818670876,full_v4_features,524,524,0,,ksf-v4-idsplit::
classical_ext,svc,6,rbf_gscale_x10__svc__d6,rbf_gscale_x10,id_test,fixed_c1,1.0,,0.008738994598388672,0.7590361445783133,0.7578539107950872,0.7581585081585082,0.7727272727272727,0.832579185520362,0.7891469507201726,full_v4_features,524,524,0,,ksf-v4-idsplit::
classical_ext,svc,6,rbf_gscale_x10__svc__d6,rbf_gscale_x10,ood_test,fixed_c1,1.0,,0.008738994598388672,0.728,0.7295352906863698,0.7267364292488467,0.7081545064377682,0.809725192818718,0.7473016327109077,full_v4_features,524,524,0,,ksf-v4-idsplit::
classical_ext,svc,6,laplacian_med_x0.1__svc__d6,laplacian_med_x0.1,id_val,fixed_c1,1.0,,0.011234283447265625,0.8446215139442231,0.8458969465648856,0.8446116481737226,0.8458498023715415,0.9187022900763359,0.9188175741788239,full_v4_features,524,524,0,,ksf-v4-idsplit::
classical_ext,svc,6,laplacian_med_x0.1__svc__d6,laplacian_med_x0.1,id_test,fixed_c1,1.0,,0.011234283447265625,0.7951807228915663,0.7974466709760828,0.7951278535129467,0.7918367346938775,0.895087265675501,0.8983984240379839,full_v4_features,524,524,0,,ksf-v4-idsplit::
classical_ext,svc,6,laplacian_med_x0.1__svc__d6,laplacian_med_x0.1,ood_test,fixed_c1,1.0,,0.011234283447265625,0.762,0.7465000972195217,0.7496623597372927,0.6940874035989717,0.7857119709637695,0.7789455803689112,full_v4_features,524,524,0,,ksf-v4-idsplit::
classical_ext,svc,6,laplacian_med_x0.3__svc__d6,laplacian_med_x0.3,id_val,fixed_c1,1.0,,0.009536981582641602,0.8047808764940239,0.8042302798982188,0.8043336462128323,0.8136882129277566,0.906234096692112,0.8988901403109316,full_v4_features,524,524,0,,ksf-v4-idsplit::
classical_ext,svc,6,laplacian_med_x0.3__svc__d6,laplacian_med_x0.3,id_test,fixed_c1,1.0,,0.009536981582641602,0.7951807228915663,0.7960245636716226,0.7951278535129467,0.7984189723320159,0.8891402714932127,0.8812023208772899,full_v4_features,524,524,0,,ksf-v4-idsplit::
classical_ext,svc,6,laplacian_med_x0.3__svc__d6,laplacian_med_x0.3,ood_test,fixed_c1,1.0,,0.009536981582641602,0.75,0.7406993324259512,0.7429157874386597,0.7002398081534772,0.8047021841985871,0.7847916842995372,full_v4_features,524,524,0,,ksf-v4-idsplit::
classical_ext,svc,6,laplacian_med_x3__svc__d6,laplacian_med_x3,id_val,fixed_c1,1.0,,0.007517099380493164,0.7888446215139442,0.7875636132315522,0.7879831062236035,0.8014981273408239,0.859033078880407,0.8163133691042724,full_v4_features,524,524,0,,ksf-v4-idsplit::
classical_ext,svc,6,laplacian_med_x3__svc__d6,laplacian_med_x3,id_test,fixed_c1,1.0,,0.007517099380493164,0.751004016064257,0.7494505494505495,0.7498379569613689,0.7669172932330827,0.8467356173238526,0.8425294096288249,full_v4_features,524,524,0,,ksf-v4-idsplit::
classical_ext,svc,6,laplacian_med_x3__svc__d6,laplacian_med_x3,ood_test,fixed_c1,1.0,,0.007517099380493164,0.73,0.7399539827597381,0.7299902796500675,0.731610337972167,0.8103247132024111,0.7949494019851431,full_v4_features,524,524,0,,ksf-v4-idsplit::
classical_ext,svc,6,laplacian_med_x10__svc__d6,laplacian_med_x10,id_val,fixed_c1,1.0,,0.008512258529663086,0.7649402390438247,0.7632633587786259,0.7637251304306205,0.7806691449814126,0.8515267175572518,0.8386970824573674,full_v4_features,524,524,0,,ksf-v4-idsplit::
classical_ext,svc,6,laplacian_med_x10__svc__d6,laplacian_med_x10,id_test,fixed_c1,1.0,,0.008512258529663086,0.7429718875502008,0.7410471881060117,0.7414665801427645,0.7611940298507462,0.8254686489980607,0.8120582557126901,full_v4_features,524,524,0,,ksf-v4-idsplit::
classical_ext,svc,6,laplacian_med_x10__svc__d6,laplacian_med_x10,ood_test,fixed_c1,1.0,,0.008512258529663086,0.72,0.7305074859031694,0.7199596741930838,0.7233201581027668,0.7704160995527902,0.7117343835264047,full_v4_features,524,524,0,,ksf-v4-idsplit::
classical_ext,svc,6,matern15_med_x0.1__svc__d6,matern15_med_x0.1,id_val,fixed_c1,1.0,,0.014637470245361328,0.8207171314741036,0.82264631043257,0.8207057478927569,0.8192771084337349,0.9006361323155218,0.8888879700093615,full_v4_features,524,524,0,,ksf-v4-idsplit::
classical_ext,svc,6,matern15_med_x0.1__svc__d6,matern15_med_x0.1,id_test,fixed_c1,1.0,,0.014637470245361328,0.7871485943775101,0.789754363283775,0.7870249334301622,0.7818930041152263,0.8859082094376213,0.8862636593967251,full_v4_features,524,524,0,,ksf-v4-idsplit::
classical_ext,svc,6,matern15_med_x0.1__svc__d6,matern15_med_x0.1,ood_test,fixed_c1,1.0,,0.014637470245361328,0.768,0.7523494717739322,0.7557442220874604,0.7010309278350515,0.775487717933761,0.770059442813653,full_v4_features,524,524,0,,ksf-v4-idsplit::
classical_ext,svc,6,matern15_med_x0.3__svc__d6,matern15_med_x0.3,id_val,fixed_c1,1.0,,0.008727073669433594,0.7928286852589641,0.7927798982188294,0.7925619834710744,0.8,0.8722010178117049,0.8426200153343808,full_v4_features,524,524,0,,ksf-v4-idsplit::
classical_ext,svc,6,matern15_med_x0.3__svc__d6,matern15_med_x0.3,id_test,fixed_c1,1.0,,0.008727073669433594,0.7951807228915663,0.7960245636716226,0.7951278535129467,0.7984189723320159,0.8692307692307691,0.8531200730541271,full_v4_features,524,524,0,,ksf-v4-idsplit::
classical_ext,svc,6,matern15_med_x0.3__svc__d6,matern15_med_x0.3,ood_test,fixed_c1,1.0,,0.008727073669433594,0.756,0.7460950158791886,0.7485614416909862,0.7053140096618358,0.8076025665953723,0.7705086143241289,full_v4_features,524,524,0,,ksf-v4-idsplit::
classical_ext,svc,6,matern15_med_x3__svc__d6,matern15_med_x3,id_val,fixed_c1,1.0,,0.008500337600708008,0.7609561752988048,0.7608460559796437,0.7606484424666243,0.7692307692307693,0.845737913486005,0.8310191790965347,full_v4_features,524,524,0,,ksf-v4-idsplit::
classical_ext,svc,6,matern15_med_x3__svc__d6,matern15_med_x3,id_test,fixed_c1,1.0,,0.008500337600708008,0.7469879518072289,0.7456043956043956,0.7459389424244878,0.7622641509433963,0.818164188752424,0.8109630265091298,full_v4_features,524,524,0,,ksf-v4-idsplit::
classical_ext,svc,6,matern15_med_x3__svc__d6,matern15_med_x3,ood_test,fixed_c1,1.0,,0.008500337600708008,0.712,0.7273964612094108,0.7110939907550078,0.7272727272727273,0.7738187828115886,0.6834511254548422,full_v4_features,524,524,0,,ksf-v4-idsplit::
classical_ext,svc,6,matern15_med_x10__svc__d6,matern15_med_x10,id_val,fixed_c1,1.0,,0.01135706901550293,0.7290836653386454,0.7292620865139949,0.7288727919684839,0.7364341085271318,0.7825699745547073,0.7891714287432013,full_v4_features,524,524,0,,ksf-v4-idsplit::
classical_ext,svc,6,matern15_med_x10__svc__d6,matern15_med_x10,id_test,fixed_c1,1.0,,0.01135706901550293,0.6987951807228916,0.6994505494505494,0.6987174316366863,0.7035573122529645,0.7361990950226244,0.7395141580208195,full_v4_features,524,524,0,,ksf-v4-idsplit::
classical_ext,svc,6,matern15_med_x10__svc__d6,matern15_med_x10,ood_test,fixed_c1,1.0,,0.01135706901550293,0.69,0.6989921576252511,0.68999875999504,0.6906187624750499,0.7130403785080044,0.6306372878467943,full_v4_features,524,524,0,,ksf-v4-idsplit::
classical_ext,svc,6,matern25_med_x0.1__svc__d6,matern25_med_x0.1,id_val,fixed_c1,1.0,,0.01822185516357422,0.8127490039840638,0.8139631043256997,0.8127371144657682,0.8142292490118577,0.8943384223918575,0.884717765644922,full_v4_features,524,524,0,,ksf-v4-idsplit::
classical_ext,svc,6,matern25_med_x0.1__svc__d6,matern25_med_x0.1,id_test,fixed_c1,1.0,,0.01822185516357422,0.7871485943775101,0.789754363283775,0.7870249334301622,0.7818930041152263,0.8820943762120232,0.8736941520473075,full_v4_features,524,524,0,,ksf-v4-idsplit::
classical_ext,svc,6,matern25_med_x0.1__svc__d6,matern25_med_x0.1,ood_test,fixed_c1,1.0,,0.01822185516357422,0.768,0.7523494717739322,0.7557442220874604,0.7010309278350515,0.7748881975500681,0.7601322917212401,full_v4_features,524,524,0,,ksf-v4-idsplit::
classical_ext,svc,6,matern25_med_x0.3__svc__d6,matern25_med_x0.3,id_val,fixed_c1,1.0,,0.010510921478271484,0.7768924302788844,0.7775127226463104,0.7768038617886179,0.78125,0.8692748091603053,0.848132986936799,full_v4_features,524,524,0,,ksf-v4-idsplit::
classical_ext,svc,6,matern25_med_x0.3__svc__d6,matern25_med_x0.3,id_test,fixed_c1,1.0,,0.010510921478271484,0.7831325301204819,0.7841305753070459,0.7831010452961673,0.7857142857142857,0.8561085972850678,0.8332430790224727,full_v4_features,524,524,0,,ksf-v4-idsplit::
classical_ext,svc,6,matern25_med_x0.3__svc__d6,matern25_med_x0.3,ood_test,fixed_c1,1.0,,0.010510921478271484,0.754,0.7438427636269362,0.7463195713419488,0.7021791767554479,0.7992578909845097,0.7421579441930959,full_v4_features,524,524,0,,ksf-v4-idsplit::
classical_ext,svc,6,matern25_med_x3__svc__d6,matern25_med_x3,id_val,fixed_c1,1.0,,0.00800633430480957,0.7649402390438247,0.7650127226463105,0.7647012091456535,0.7722007722007722,0.8356870229007634,0.8206970321430889,full_v4_features,524,524,0,,ksf-v4-idsplit::
classical_ext,svc,6,matern25_med_x3__svc__d6,matern25_med_x3,id_test,fixed_c1,1.0,,0.00800633430480957,0.7429718875502008,0.7414027149321267,0.7417682136375421,0.7593984962406015,0.8024563671622496,0.7903178920515228,full_v4_features,524,524,0,,ksf-v4-idsplit::
classical_ext,svc,6,matern25_med_x3__svc__d6,matern25_med_x3,ood_test,fixed_c1,1.0,,0.00800633430480957,0.7,0.7156977121005899,0.6989160979526294,0.7169811320754716,0.7455765117635621,0.613675110174537,full_v4_features,524,524,0,,ksf-v4-idsplit::
classical_ext,svc,6,matern25_med_x10__svc__d6,matern25_med_x10,id_val,fixed_c1,1.0,,0.009186983108520508,0.7330677290836654,0.7316793893129772,0.7319786437166309,0.7490636704119851,0.7636132315521628,0.7813307768298219,full_v4_features,524,524,0,,ksf-v4-idsplit::
classical_ext,svc,6,matern25_med_x10__svc__d6,matern25_med_x10,id_test,fixed_c1,1.0,,0.009186983108520508,0.6827309236947792,0.6819327731092437,0.6819923371647509,0.6973180076628352,0.7118293471234648,0.7351098404359735,full_v4_features,524,524,0,,ksf-v4-idsplit::
classical_ext,svc,6,matern25_med_x10__svc__d6,matern25_med_x10,ood_test,fixed_c1,1.0,,0.009186983108520508,0.57,0.591532179661676,0.5630631912238702,0.6181172291296625,0.7049063451941149,0.6274474532563196,full_v4_features,524,524,0,,ksf-v4-idsplit::
quantum,svc,6,zz_r1_full__as0.5__svc__d6,zz_r1_full__as0.5,id_val,fixed_c1,1.0,,0.010516643524169922,0.7808764940239044,0.7813295165394402,0.7807512109902326,0.7859922178988327,0.8729007633587788,0.8500174522159147,full_v4_features,524,524,0,,ksf-v4-idsplit::
quantum,svc,6,zz_r1_full__as0.5__svc__d6,zz_r1_full__as0.5,id_test,fixed_c1,1.0,,0.010516643524169922,0.7871485943775101,0.7886877828054298,0.7871485943775101,0.7871485943775101,0.8407239819004525,0.7964877406891859,full_v4_features,524,524,0,,ksf-v4-idsplit::
quantum,svc,6,zz_r1_full__as0.5__svc__d6,zz_r1_full__as0.5,ood_test,fixed_c1,1.0,,0.010516643524169922,0.76,0.7510532114848663,0.753366546638386,0.7129186602870813,0.8187017953205004,0.7862555645810835,full_v4_features,524,524,0,,ksf-v4-idsplit::
quantum,svc,6,zz_r2_full__as0.5__svc__d6,zz_r2_full__as0.5,id_val,fixed_c1,1.0,,0.0090484619140625,0.7848605577689243,0.7847964376590331,0.7845835982199618,0.7923076923076923,0.8691475826972008,0.8506778677674991,full_v4_features,524,524,0,,ksf-v4-idsplit::
quantum,svc,6,zz_r2_full__as0.5__svc__d6,zz_r2_full__as0.5,id_test,fixed_c1,1.0,,0.0090484619140625,0.7991967871485943,0.8002262443438914,0.7991676345334882,0.8015873015873016,0.8517776341305753,0.8198664694592671,full_v4_features,524,524,0,,ksf-v4-idsplit::
quantum,svc,6,zz_r2_full__as0.5__svc__d6,zz_r2_full__as0.5,ood_test,fixed_c1,1.0,,0.0090484619140625,0.738,0.7262784367100914,0.7286110270933205,0.6781326781326781,0.8025309482144015,0.7675085318146733,full_v4_features,524,524,0,,ksf-v4-idsplit::
quantum,svc,6,pauli_xz_r1_full__as0.5__svc__d6,pauli_xz_r1_full__as0.5,id_val,fixed_c1,1.0,,0.008000612258911133,0.7569721115537849,0.7573791348600509,0.7568331612800763,0.7626459143968871,0.8482188295165395,0.8332823609584855,full_v4_features,524,524,0,,ksf-v4-idsplit::
quantum,svc,6,pauli_xz_r1_full__as0.5__svc__d6,pauli_xz_r1_full__as0.5,id_test,fixed_c1,1.0,,0.008000612258911133,0.7429718875502008,0.7424692954104719,0.7424692954104719,0.7538461538461538,0.8062702003878475,0.7906837462805407,full_v4_features,524,524,0,,ksf-v4-idsplit::
quantum,svc,6,pauli_xz_r1_full__as0.5__svc__d6,pauli_xz_r1_full__as0.5,ood_test,fixed_c1,1.0,,0.008000612258911133,0.728,0.7413312593168708,0.7276470305515949,0.7374517374517374,0.7775293278890402,0.6884491504750849,full_v4_features,524,524,0,,ksf-v4-idsplit::
quantum,svc,6,zmap_r2__as0.5__svc__d6,zmap_r2__as0.5,id_val,fixed_c1,1.0,,0.00899958610534668,0.7729083665338645,0.7722964376590331,0.772388119063907,0.7832699619771863,0.8433842239185751,0.8127567270229261,full_v4_features,524,524,0,,ksf-v4-idsplit::
quantum,svc,6,zmap_r2__as0.5__svc__d6,zmap_r2__as0.5,id_test,fixed_c1,1.0,,0.00899958610534668,0.7429718875502008,0.7424692954104719,0.7424692954104719,0.7538461538461538,0.8087912087912088,0.794727907333274,full_v4_features,524,524,0,,ksf-v4-idsplit::
quantum,svc,6,zmap_r2__as0.5__svc__d6,zmap_r2__as0.5,ood_test,fixed_c1,1.0,,0.00899958610534668,0.736,0.7476181217188411,0.7358943577430972,0.7411764705882353,0.7962278825588178,0.7289106561747115,full_v4_features,524,524,0,,ksf-v4-idsplit::
quantum,svc,6,zz_r1_full__svc__d6,zz_r1_full,id_val,fixed_c1,1.0,,0.009002447128295898,0.7768924302788844,0.7778625954198474,0.7768605537211074,0.7795275590551181,0.8694656488549618,0.8424144263832285,full_v4_features,524,524,0,,ksf-v4-idsplit::
quantum,svc,6,zz_r1_full__svc__d6,zz_r1_full,id_test,fixed_c1,1.0,,0.009002447128295898,0.7911646586345381,0.7925339366515837,0.7911612903225806,0.792,0.8666451195862961,0.8444343949383459,full_v4_features,524,524,0,,ksf-v4-idsplit::
quantum,svc,6,zz_r1_full__svc__d6,zz_r1_full,ood_test,fixed_c1,1.0,,0.009002447128295898,0.742,0.7321440145181153,0.7343219029966017,0.689156626506024,0.7940728498282456,0.7645217717632784,full_v4_features,524,524,0,,ksf-v4-idsplit::
quantum,svc,6,zz_r2_full__svc__d6,zz_r2_full,id_val,fixed_c1,1.0,,0.015115976333618164,0.7649402390438247,0.7657124681933842,0.7648805271096293,0.7686274509803922,0.864440203562341,0.8420084235518259,full_v4_features,524,524,0,,ksf-v4-idsplit::
quantum,svc,6,zz_r2_full__svc__d6,zz_r2_full,id_test,fixed_c1,1.0,,0.015115976333618164,0.7791164658634538,0.780284421460892,0.7791022146232882,0.7808764940239044,0.8563025210084033,0.8449419784864955,full_v4_features,524,524,0,,ksf-v4-idsplit::
quantum,svc,6,zz_r2_full__svc__d6,zz_r2_full,ood_test,fixed_c1,1.0,,0.015115976333618164,0.728,0.7154708665500032,0.7175892085852881,0.6633663366336634,0.7922904919307797,0.7560997181828879,full_v4_features,524,524,0,,ksf-v4-idsplit::
quantum,svc,6,pauli_xz_r1_full__svc__d6,pauli_xz_r1_full,id_val,fixed_c1,1.0,,0.00948476791381836,0.7888446215139442,0.7875636132315522,0.7879831062236035,0.8014981273408239,0.8517175572519082,0.823895426092424,full_v4_features,524,524,0,,ksf-v4-idsplit::
quantum,svc,6,pauli_xz_r1_full__svc__d6,pauli_xz_r1_full,id_test,fixed_c1,1.0,,0.00948476791381836,0.751004016064257,0.7494505494505495,0.7498379569613689,0.7669172932330827,0.8330316742081448,0.8158028345073495,full_v4_features,524,524,0,,ksf-v4-idsplit::
quantum,svc,6,pauli_xz_r1_full__svc__d6,pauli_xz_r1_full,ood_test,fixed_c1,1.0,,0.00948476791381836,0.73,0.7413150560632575,0.7299124916472937,0.7347740667976425,0.7967139801672176,0.7481474480516072,full_v4_features,524,524,0,,ksf-v4-idsplit::
quantum,svc,6,zmap_r2__svc__d6,zmap_r2,id_val,fixed_c1,1.0,,0.008201122283935547,0.7729083665338645,0.7729961832061069,0.772677439344106,0.7799227799227799,0.8524809160305343,0.825548357928117,full_v4_features,524,524,0,,ksf-v4-idsplit::
quantum,svc,6,zmap_r2__svc__d6,zmap_r2,id_test,fixed_c1,1.0,,0.008201122283935547,0.7389558232931727,0.7375565610859729,0.7378735120252653,0.7547169811320755,0.8330963154492566,0.810556521401611,full_v4_features,524,524,0,,ksf-v4-idsplit::
quantum,svc,6,zmap_r2__svc__d6,zmap_r2,ood_test,fixed_c1,1.0,,0.008201122283935547,0.692,0.6971611899669453,0.6916842847075405,0.6818181818181818,0.8073109080303325,0.767294839594131,full_v4_features,524,524,0,,ksf-v4-idsplit::
quantum,svc,6,zz_r1_full__as2__svc__d6,zz_r1_full__as2,id_val,fixed_c1,1.0,,0.011609554290771484,0.8087649402390438,0.8090966921119593,0.8086160884483415,0.813953488372093,0.8882315521628499,0.8736511051022355,full_v4_features,524,524,0,,ksf-v4-idsplit::
quantum,svc,6,zz_r1_full__as2__svc__d6,zz_r1_full__as2,id_test,fixed_c1,1.0,,0.011609554290771484,0.7911646586345381,0.7932449903038139,0.7911343399148276,0.7886178861788617,0.890497737556561,0.8930049117440317,full_v4_features,524,524,0,,ksf-v4-idsplit::
quantum,svc,6,zz_r1_full__as2__svc__d6,zz_r1_full__as2,ood_test,fixed_c1,1.0,,0.011609554290771484,0.754,0.7433890725257633,0.7459507020435479,0.7007299270072993,0.7771566530559337,0.775124717189419,full_v4_features,524,524,0,,ksf-v4-idsplit::
quantum,svc,6,zz_r2_full__as2__svc__d6,zz_r2_full__as2,id_val,fixed_c1,1.0,,0.012063264846801758,0.8207171314741036,0.822296437659033,0.8207171314741036,0.8207171314741036,0.8927480916030534,0.8602388478609444,full_v4_features,524,524,0,,ksf-v4-idsplit::
quantum,svc,6,zz_r2_full__as2__svc__d6,zz_r2_full__as2,id_test,fixed_c1,1.0,,0.012063264846801758,0.7831325301204819,0.784841628959276,0.7831290322580645,0.782258064516129,0.8819004524886879,0.8709138379110374,full_v4_features,524,524,0,,ksf-v4-idsplit::
quantum,svc,6,zz_r2_full__as2__svc__d6,zz_r2_full__as2,ood_test,fixed_c1,1.0,,0.012063264846801758,0.766,0.7519119839263724,0.755204519301182,0.7037974683544304,0.7835893447404239,0.784136427824393,full_v4_features,524,524,0,,ksf-v4-idsplit::
quantum,svc,6,pauli_xz_r1_full__as2__svc__d6,pauli_xz_r1_full__as2,id_val,fixed_c1,1.0,,0.011518478393554688,0.7848605577689243,0.7858460559796439,0.7848298196596393,0.7874015748031497,0.8385496183206107,0.8094688161702455,full_v4_features,524,524,0,,ksf-v4-idsplit::
quantum,svc,6,pauli_xz_r1_full__as2__svc__d6,pauli_xz_r1_full__as2,id_test,fixed_c1,1.0,,0.011518478393554688,0.7871485943775101,0.7886877828054298,0.7871485943775101,0.7871485943775101,0.8294764059469941,0.7799559700828691,full_v4_features,524,524,0,,ksf-v4-idsplit::
quantum,svc,6,pauli_xz_r1_full__as2__svc__d6,pauli_xz_r1_full__as2,ood_test,fixed_c1,1.0,,0.011518478393554688,0.746,0.7361948279214466,0.7384409432602204,0.6939759036144578,0.7739808153477218,0.7078284939232817,full_v4_features,524,524,0,,ksf-v4-idsplit::
quantum,svc,6,zmap_r2__as2__svc__d6,zmap_r2__as2,id_val,fixed_c1,1.0,,0.007624387741088867,0.7848605577689243,0.7847964376590331,0.7845835982199618,0.7923076923076923,0.8629134860050891,0.8596981482105357,full_v4_features,524,524,0,,ksf-v4-idsplit::
quantum,svc,6,zmap_r2__as2__svc__d6,zmap_r2__as2,id_test,fixed_c1,1.0,,0.007624387741088867,0.7831325301204819,0.7837750484809309,0.7830450496966568,0.7874015748031497,0.8324499030381384,0.8032748420010339,full_v4_features,524,524,0,,ksf-v4-idsplit::
quantum,svc,6,zmap_r2__as2__svc__d6,zmap_r2__as2,ood_test,fixed_c1,1.0,,0.007624387741088867,0.728,0.718193013157042,0.720100105374078,0.6730769230769231,0.799322703998963,0.7616857611538934,full_v4_features,524,524,0,,ksf-v4-idsplit::
classical_ext,svc,8,linear__svc__d8,linear,id_val,fixed_c1,1.0,,0.009006500244140625,0.7729083665338645,0.7708969465648855,0.77145732496286,0.7896678966789668,0.8173664122137404,0.8044892305276341,full_v4_features,524,524,0,,ksf-v4-idsplit::
classical_ext,svc,8,linear__svc__d8,linear,id_test,fixed_c1,1.0,,0.009006500244140625,0.7309236947791165,0.7273755656108598,0.7274776614339153,0.7581227436823105,0.8113122171945701,0.7604471606109184,full_v4_features,524,524,0,,ksf-v4-idsplit::
classical_ext,svc,8,linear__svc__d8,linear,ood_test,fixed_c1,1.0,,0.009006500244140625,0.566,0.5970088793829801,0.5459776127209959,0.6413223140495867,0.7103830449154189,0.5676779523745338,full_v4_features,524,524,0,,ksf-v4-idsplit::
classical_ext,svc,8,rbf_gscale__svc__d8,rbf_gscale,id_val,fixed_c1,1.0,,0.0163576602935791,0.7569721115537849,0.7573791348600509,0.7568331612800763,0.7626459143968871,0.8279262086513995,0.8148807770281035,full_v4_features,524,524,0,,ksf-v4-idsplit::
classical_ext,svc,8,rbf_gscale__svc__d8,rbf_gscale,id_test,fixed_c1,1.0,,0.0163576602935791,0.7389558232931727,0.738267614738203,0.7383481255153015,0.7509578544061303,0.7969618616677441,0.7846701580247717,full_v4_features,524,524,0,,ksf-v4-idsplit::
classical_ext,svc,8,rbf_gscale__svc__d8,rbf_gscale,ood_test,fixed_c1,1.0,,0.0163576602935791,0.722,0.7359355758636335,0.7215087414198647,0.7332053742802304,0.7931654676258992,0.7378493747247199,full_v4_features,524,524,0,,ksf-v4-idsplit::
classical_ext,svc,8,poly2__svc__d8,poly2,id_val,fixed_c1,1.0,,0.008998394012451172,0.7689243027888446,0.7684796437659033,0.7684796437659033,0.7786259541984732,0.8243638676844783,0.8115403860187033,full_v4_features,524,524,0,,ksf-v4-idsplit::
classical_ext,svc,8,poly2__svc__d8,poly2,id_test,fixed_c1,1.0,,0.008998394012451172,0.7389558232931727,0.7368455074337428,0.7372607587539164,0.758364312267658,0.8040723981900453,0.7549807706576646,full_v4_features,524,524,0,,ksf-v4-idsplit::
classical_ext,svc,8,poly2__svc__d8,poly2,ood_test,fixed_c1,1.0,,0.008998394012451172,0.696,0.7134616631019508,0.6942338949773894,0.7174721189591078,0.7113390368786052,0.5669771454064809,full_v4_features,524,524,0,,ksf-v4-idsplit::
classical_ext,svc,8,poly3__svc__d8,poly3,id_val,fixed_c1,1.0,,0.008919239044189453,0.7689243027888446,0.7688295165394402,0.7686268277177368,0.7769230769230769,0.8281170483460559,0.8118435201849361,full_v4_features,524,524,0,,ksf-v4-idsplit::
classical_ext,svc,8,poly3__svc__d8,poly3,id_test,fixed_c1,1.0,,0.008919239044189453,0.7469879518072289,0.7452488687782806,0.7456588355464759,0.7640449438202247,0.8000646412411118,0.7496918481514357,full_v4_features,524,524,0,,ksf-v4-idsplit::
classical_ext,svc,8,poly3__svc__d8,poly3,ood_test,fixed_c1,1.0,,0.008919239044189453,0.698,0.7148065331518569,0.6965129132750477,0.7177570093457943,0.7192624278955215,0.5731304891088096,full_v4_features,524,524,0,,ksf-v4-idsplit::
classical_ext,svc,8,laplacian_med__svc__d8,laplacian_med,id_val,fixed_c1,1.0,,0.00862884521484375,0.8087649402390438,0.8073473282442748,0.8078836586299273,0.8208955223880597,0.8760814249363867,0.8246347963899417,full_v4_features,524,524,0,,ksf-v4-idsplit::
classical_ext,svc,8,laplacian_med__svc__d8,laplacian_med,id_test,fixed_c1,1.0,,0.00862884521484375,0.7831325301204819,0.7841305753070459,0.7831010452961673,0.7857142857142857,0.85759534583064,0.8330875666059758,full_v4_features,524,524,0,,ksf-v4-idsplit::
classical_ext,svc,8,laplacian_med__svc__d8,laplacian_med,ood_test,fixed_c1,1.0,,0.00862884521484375,0.75,0.7425140968306436,0.7442455242966752,0.7058823529411765,0.8254909585844837,0.7992994211982779,full_v4_features,524,524,0,,ksf-v4-idsplit::
classical_ext,svc,8,matern15_med__svc__d8,matern15_med,id_val,fixed_c1,1.0,,0.008523941040039062,0.7808764940239044,0.778530534351145,0.7791800630228578,0.7985347985347986,0.8548982188295166,0.8178970123676172,full_v4_features,524,524,0,,ksf-v4-idsplit::
classical_ext,svc,8,matern15_med__svc__d8,matern15_med,id_test,fixed_c1,1.0,,0.008523941040039062,0.7469879518072289,0.7448933419521655,0.7453450430999498,0.7657992565055762,0.8314156431803491,0.8142967505361683,full_v4_features,524,524,0,,ksf-v4-idsplit::
classical_ext,svc,8,matern15_med__svc__d8,matern15_med,ood_test,fixed_c1,1.0,,0.008523941040039062,0.73,0.7399539827597381,0.7299902796500675,0.731610337972167,0.8209378443191393,0.7994128072263734,full_v4_features,524,524,0,,ksf-v4-idsplit::
classical_ext,svc,8,matern25_med__svc__d8,matern25_med,id_val,fixed_c1,1.0,,0.008976936340332031,0.7888446215139442,0.7875636132315522,0.7879831062236035,0.8014981273408239,0.8413486005089058,0.8073769858353481,full_v4_features,524,524,0,,ksf-v4-idsplit::
classical_ext,svc,8,matern25_med__svc__d8,matern25_med,id_test,fixed_c1,1.0,,0.008976936340332031,0.7389558232931727,0.7372010342598578,0.7375845128654117,0.7565543071161048,0.8188106011635423,0.8126060789094771,full_v4_features,524,524,0,,ksf-v4-idsplit::
classical_ext,svc,8,matern25_med__svc__d8,matern25_med,ood_test,fixed_c1,1.0,,0.008976936340332031,0.734,0.7453658694665889,0.7339137880673339,0.7387033398821218,0.8135491606714629,0.7835092773857524,full_v4_features,524,524,0,,ksf-v4-idsplit::
classical_ext,svc,8,rbf_gscale_x0.1__svc__d8,rbf_gscale_x0.1,id_val,fixed_c1,1.0,,0.020370006561279297,0.7649402390438247,0.7643129770992366,0.7644017372766756,0.7756653992395437,0.8260178117048347,0.8150173730573546,full_v4_features,524,524,0,,ksf-v4-idsplit::
classical_ext,svc,8,rbf_gscale_x0.1__svc__d8,rbf_gscale_x0.1,id_test,fixed_c1,1.0,,0.020370006561279297,0.7389558232931727,0.7368455074337428,0.7372607587539164,0.758364312267658,0.8078862314156431,0.7561356757728019,full_v4_features,524,524,0,,ksf-v4-idsplit::
classical_ext,svc,8,rbf_gscale_x0.1__svc__d8,rbf_gscale_x0.1,ood_test,fixed_c1,1.0,,0.020370006561279297,0.7,0.7170587854041092,0.698436695831189,0.7201492537313433,0.7209637695249205,0.5735813938612349,full_v4_features,524,524,0,,ksf-v4-idsplit::
classical_ext,svc,8,rbf_gscale_x0.3__svc__d8,rbf_gscale_x0.3,id_val,fixed_c1,1.0,,0.008029460906982422,0.7649402390438247,0.7650127226463105,0.7647012091456535,0.7722007722007722,0.8339694656488549,0.8153712382438432,full_v4_features,524,524,0,,ksf-v4-idsplit::
classical_ext,svc,8,rbf_gscale_x0.3__svc__d8,rbf_gscale_x0.3,id_test,fixed_c1,1.0,,0.008029460906982422,0.751004016064257,0.7494505494505495,0.7498379569613689,0.7669172932330827,0.7976729153199741,0.7603690721556462,full_v4_features,524,524,0,,ksf-v4-idsplit::
classical_ext,svc,8,rbf_gscale_x0.3__svc__d8,rbf_gscale_x0.3,ood_test,fixed_c1,1.0,,0.008029460906982422,0.704,0.7192948344027481,0.7030688238315357,0.7196969696969697,0.7308639574826625,0.5999910973092004,full_v4_features,524,524,0,,ksf-v4-idsplit::
classical_ext,svc,8,rbf_gscale_x3__svc__d8,rbf_gscale_x3,id_val,fixed_c1,1.0,,0.016654491424560547,0.7888446215139442,0.7875636132315522,0.7879831062236035,0.8014981273408239,0.8325063613231553,0.7972435280647158,full_v4_features,524,524,0,,ksf-v4-idsplit::
classical_ext,svc,8,rbf_gscale_x3__svc__d8,rbf_gscale_x3,id_test,fixed_c1,1.0,,0.016654491424560547,0.7429718875502008,0.7414027149321267,0.7417682136375421,0.7593984962406015,0.8119586296056884,0.809886362420106,full_v4_features,524,524,0,,ksf-v4-idsplit::
classical_ext,svc,8,rbf_gscale_x3__svc__d8,rbf_gscale_x3,ood_test,fixed_c1,1.0,,0.016654491424560547,0.734,0.7430974139607234,0.733998935995744,0.7334669338677354,0.8075701600881456,0.7556724208496559,full_v4_features,524,524,0,,ksf-v4-idsplit::
classical_ext,svc,8,rbf_gscale_x10__svc__d8,rbf_gscale_x10,id_val,fixed_c1,1.0,,0.010727643966674805,0.7609561752988048,0.7604961832061068,0.7604961832061068,0.7709923664122137,0.848027989821883,0.845373452984052,full_v4_features,524,524,0,,ksf-v4-idsplit::
classical_ext,svc,8,rbf_gscale_x10__svc__d8,rbf_gscale_x10,id_test,fixed_c1,1.0,,0.010727643966674805,0.7590361445783133,0.7578539107950872,0.7581585081585082,0.7727272727272727,0.8214608920491273,0.783177052134499,full_v4_features,524,524,0,,ksf-v4-idsplit::
classical_ext,svc,8,rbf_gscale_x10__svc__d8,rbf_gscale_x10,ood_test,fixed_c1,1.0,,0.010727643966674805,0.72,0.7187115172726684,0.7176098497684401,0.6916299559471366,0.7920474431265797,0.750653093506134,full_v4_features,524,524,0,,ksf-v4-idsplit::
classical_ext,svc,8,laplacian_med_x0.1__svc__d8,laplacian_med_x0.1,id_val,fixed_c1,1.0,,0.011115312576293945,0.8326693227091634,0.8333969465648855,0.8326028963414633,0.8359375,0.9170483460559797,0.9277238429683398,full_v4_features,524,524,0,,ksf-v4-idsplit::
classical_ext,svc,8,laplacian_med_x0.1__svc__d8,laplacian_med_x0.1,id_test,fixed_c1,1.0,,0.011115312576293945,0.8072289156626506,0.8096961861667744,0.8071511552859172,0.8032786885245902,0.8987718164188753,0.8909286400756304,full_v4_features,524,524,0,,ksf-v4-idsplit::
classical_ext,svc,8,laplacian_med_x0.1__svc__d8,laplacian_med_x0.1,ood_test,fixed_c1,1.0,,0.011115312576293945,0.746,0.7312042258085423,0.733809541775134,0.6768447837150128,0.7826171495236244,0.7783252087191654,full_v4_features,524,524,0,,ksf-v4-idsplit::
classical_ext,svc,8,laplacian_med_x0.3__svc__d8,laplacian_med_x0.3,id_val,fixed_c1,1.0,,0.00942850112915039,0.7848605577689243,0.78514631043257,0.7846930995043843,0.7906976744186046,0.9009541984732825,0.8884633808691542,full_v4_features,524,524,0,,ksf-v4-idsplit::
classical_ext,svc,8,laplacian_med_x0.3__svc__d8,laplacian_med_x0.3,id_test,fixed_c1,1.0,,0.00942850112915039,0.7951807228915663,0.7960245636716226,0.7951278535129467,0.7984189723320159,0.8855850032320621,0.8744420269671196,full_v4_features,524,524,0,,ksf-v4-idsplit::
classical_ext,svc,8,laplacian_med_x0.3__svc__d8,laplacian_med_x0.3,ood_test,fixed_c1,1.0,,0.00942850112915039,0.75,0.7384308769200856,0.7410410563867562,0.6928746928746928,0.8005865577808022,0.7752870298038425,full_v4_features,524,524,0,,ksf-v4-idsplit::
classical_ext,svc,8,laplacian_med_x3__svc__d8,laplacian_med_x3,id_val,fixed_c1,1.0,,0.0075190067291259766,0.7888446215139442,0.7875636132315522,0.7879831062236035,0.8014981273408239,0.8508905852417302,0.8022679061511424,full_v4_features,524,524,0,,ksf-v4-idsplit::
classical_ext,svc,8,laplacian_med_x3__svc__d8,laplacian_med_x3,id_test,fixed_c1,1.0,,0.0075190067291259766,0.7469879518072289,0.7452488687782806,0.7456588355464759,0.7640449438202247,0.837491919844861,0.8273470241965045,full_v4_features,524,524,0,,ksf-v4-idsplit::
classical_ext,svc,8,laplacian_med_x3__svc__d8,laplacian_med_x3,ood_test,fixed_c1,1.0,,0.0075190067291259766,0.718,0.727347851448571,0.717998871995488,0.718562874251497,0.8160606649815283,0.7993453628061693,full_v4_features,524,524,0,,ksf-v4-idsplit::
classical_ext,svc,8,laplacian_med_x10__svc__d8,laplacian_med_x10,id_val,fixed_c1,1.0,,0.012270212173461914,0.7529880478087649,0.7521628498727735,0.7523236567354215,0.7651515151515151,0.8402671755725191,0.8109307064048439,full_v4_features,524,524,0,,ksf-v4-idsplit::
classical_ext,svc,8,laplacian_med_x10__svc__d8,laplacian_med_x10,id_test,fixed_c1,1.0,,0.012270212173461914,0.7550200803212851,0.7536522301228183,0.7540043728237105,0.769811320754717,0.8232062055591467,0.7964069261870079,full_v4_features,524,524,0,,ksf-v4-idsplit::
classical_ext,svc,8,laplacian_med_x10__svc__d8,laplacian_med_x10,ood_test,fixed_c1,1.0,,0.012270212173461914,0.714,0.7242044202475857,0.7139713971397139,0.7168316831683168,0.7693952945751507,0.6993166947071644,full_v4_features,524,524,0,,ksf-v4-idsplit::
classical_ext,svc,8,matern15_med_x0.1__svc__d8,matern15_med_x0.1,id_val,fixed_c1,1.0,,0.010761022567749023,0.8007968127490039,0.8014631043256997,0.8007177337398375,0.8046875,0.8948473282442747,0.8784439613570938,full_v4_features,524,524,0,,ksf-v4-idsplit::
classical_ext,svc,8,matern15_med_x0.1__svc__d8,matern15_med_x0.1,id_test,fixed_c1,1.0,,0.010761022567749023,0.7871485943775101,0.789043309631545,0.7871348613642595,0.7854251012145749,0.8831286360698126,0.8807078952235567,full_v4_features,524,524,0,,ksf-v4-idsplit::
classical_ext,svc,8,matern15_med_x0.1__svc__d8,matern15_med_x0.1,ood_test,fixed_c1,1.0,,0.010761022567749023,0.758,0.741541901613844,0.7444831591173054,0.6857142857142857,0.7748881975500679,0.7732199467709725,full_v4_features,524,524,0,,ksf-v4-idsplit::
classical_ext,svc,8,matern15_med_x0.3__svc__d8,matern15_med_x0.3,id_val,fixed_c1,1.0,,0.010517358779907227,0.7649402390438247,0.7660623409669212,0.7649253139038368,0.766798418972332,0.8709287531806615,0.8477865235040098,full_v4_features,524,524,0,,ksf-v4-idsplit::
classical_ext,svc,8,matern15_med_x0.3__svc__d8,matern15_med_x0.3,id_test,fixed_c1,1.0,,0.010517358779907227,0.7791164658634538,0.7806399482870071,0.7791164658634538,0.7791164658634538,0.8623141564318035,0.8578422554606377,full_v4_features,524,524,0,,ksf-v4-idsplit::
classical_ext,svc,8,matern15_med_x0.3__svc__d8,matern15_med_x0.3,ood_test,fixed_c1,1.0,,0.010517358779907227,0.74,0.7276233067599974,0.7300485082065253,0.6782178217821783,0.7922418821699396,0.766079720576536,full_v4_features,524,524,0,,ksf-v4-idsplit::
classical_ext,svc,8,matern15_med_x3__svc__d8,matern15_med_x3,id_val,fixed_c1,1.0,,0.009644746780395508,0.7609561752988048,0.7615458015267176,0.7608612804878049,0.765625,0.8360687022900762,0.8158642224050834,full_v4_features,524,524,0,,ksf-v4-idsplit::
classical_ext,svc,8,matern15_med_x3__svc__d8,matern15_med_x3,id_test,fixed_c1,1.0,,0.009644746780395508,0.7469879518072289,0.7459599224305107,0.7461855836906399,0.7604562737642585,0.8005171299288947,0.7771565773843354,full_v4_features,524,524,0,,ksf-v4-idsplit::
classical_ext,svc,8,matern15_med_x3__svc__d8,matern15_med_x3,ood_test,fixed_c1,1.0,,0.009644746780395508,0.72,0.7345907058137274,0.7193533902110463,0.732824427480916,0.7634324972454468,0.6774834490782262,full_v4_features,524,524,0,,ksf-v4-idsplit::
classical_ext,svc,8,matern15_med_x10__svc__d8,matern15_med_x10,id_val,fixed_c1,1.0,,0.008514404296875,0.7729083665338645,0.7701972010178118,0.7708129755706848,0.7927272727272727,0.8174300254452926,0.8008370585434769,full_v4_features,524,524,0,,ksf-v4-idsplit::
classical_ext,svc,8,matern15_med_x10__svc__d8,matern15_med_x10,id_test,fixed_c1,1.0,,0.008514404296875,0.7349397590361446,0.7312217194570136,0.7312949640287769,0.762589928057554,0.8087912087912088,0.7652671925238563,full_v4_features,524,524,0,,ksf-v4-idsplit::
classical_ext,svc,8,matern15_med_x10__svc__d8,matern15_med_x10,ood_test,fixed_c1,1.0,,0.008514404296875,0.556,0.5862013092228919,0.5367201455783903,0.6312292358803987,0.7162810292306695,0.5826641935252174,full_v4_features,524,524,0,,ksf-v4-idsplit::
classical_ext,svc,8,matern25_med_x0.1__svc__d8,matern25_med_x0.1,id_val,fixed_c1,1.0,,0.013514041900634766,0.7928286852589641,0.7931297709923664,0.7926674291523701,0.7984496124031008,0.888295165394402,0.8761310706127738,full_v4_features,524,524,0,,ksf-v4-idsplit::
classical_ext,svc,8,matern25_med_x0.1__svc__d8,matern25_med_x0.1,id_test,fixed_c1,1.0,,0.013514041900634766,0.7831325301204819,0.784841628959276,0.7831290322580645,0.782258064516129,0.8827084680025857,0.8800228702151376,full_v4_features,524,524,0,,ksf-v4-idsplit::
classical_ext,svc,8,matern25_med_x0.1__svc__d8,matern25_med_x0.1,ood_test,fixed_c1,1.0,,0.013514041900634766,0.74,0.7253548512541319,0.7277646546380526,0.6700507614213198,0.7725711322833625,0.7609026486697437,full_v4_features,524,524,0,,ksf-v4-idsplit::
classical_ext,svc,8,matern25_med_x0.3__svc__d8,matern25_med_x0.3,id_val,fixed_c1,1.0,,0.007999897003173828,0.7649402390438247,0.7660623409669212,0.7649253139038368,0.766798418972332,0.8691475826972009,0.8571043936086862,full_v4_features,524,524,0,,ksf-v4-idsplit::
classical_ext,svc,8,matern25_med_x0.3__svc__d8,matern25_med_x0.3,id_test,fixed_c1,1.0,,0.007999897003173828,0.7831325301204819,0.784841628959276,0.7831290322580645,0.782258064516129,0.8447963800904977,0.8096048851661057,full_v4_features,524,524,0,,ksf-v4-idsplit::
classical_ext,svc,8,matern25_med_x0.3__svc__d8,matern25_med_x0.3,ood_test,fixed_c1,1.0,,0.007999897003173828,0.74,0.7276233067599974,0.7300485082065253,0.6782178217821783,0.7787121654028129,0.7404786193401014,full_v4_features,524,524,0,,ksf-v4-idsplit::
classical_ext,svc,8,matern25_med_x3__svc__d8,matern25_med_x3,id_val,fixed_c1,1.0,,0.008007526397705078,0.7689243027888446,0.7688295165394402,0.7686268277177368,0.7769230769230769,0.8344783715012724,0.8160005880897989,full_v4_features,524,524,0,,ksf-v4-idsplit::
classical_ext,svc,8,matern25_med_x3__svc__d8,matern25_med_x3,id_test,fixed_c1,1.0,,0.008007526397705078,0.751004016064257,0.7494505494505495,0.7498379569613689,0.7669172932330827,0.7970265029088559,0.7660966365102515,full_v4_features,524,524,0,,ksf-v4-idsplit::
classical_ext,svc,8,matern25_med_x3__svc__d8,matern25_med_x3,ood_test,fixed_c1,1.0,,0.008007526397705078,0.704,0.7192948344027481,0.7030688238315357,0.7196969696969697,0.7336347138505411,0.605376134376509,full_v4_features,524,524,0,,ksf-v4-idsplit::
classical_ext,svc,8,matern25_med_x10__svc__d8,matern25_med_x10,id_val,fixed_c1,1.0,,0.008109092712402344,0.7649402390438247,0.7618638676844784,0.7623906939430405,0.7870036101083032,0.8059160305343511,0.7913779102862585,full_v4_features,524,524,0,,ksf-v4-idsplit::
classical_ext,svc,8,matern25_med_x10__svc__d8,matern25_med_x10,id_test,fixed_c1,1.0,,0.008109092712402344,0.7389558232931727,0.7354234001292825,0.7356126566149925,0.7653429602888087,0.7809308338720102,0.739706575210681,full_v4_features,524,524,0,,ksf-v4-idsplit::
classical_ext,svc,8,matern25_med_x10__svc__d8,matern25_med_x10,ood_test,fixed_c1,1.0,,0.008109092712402344,0.54,0.564553762395489,0.5285262139425048,0.6020761245674741,0.6890433599066692,0.5823054353035284,full_v4_features,524,524,0,,ksf-v4-idsplit::
quantum,svc,8,zz_r1_full__as0.5__svc__d8,zz_r1_full__as0.5,id_val,fixed_c1,1.0,,0.09888410568237305,0.7689243027888446,0.7698791348600509,0.7688912877825755,0.7716535433070866,0.8636132315521629,0.8456483187787477,full_v4_features,524,524,0,,ksf-v4-idsplit::
quantum,svc,8,zz_r1_full__as0.5__svc__d8,zz_r1_full__as0.5,id_test,fixed_c1,1.0,,0.09888410568237305,0.7751004016064257,0.7764382676147382,0.7750967741935484,0.776,0.8538461538461538,0.8235030204571367,full_v4_features,524,524,0,,ksf-v4-idsplit::
quantum,svc,8,zz_r1_full__as0.5__svc__d8,zz_r1_full__as0.5,ood_test,fixed_c1,1.0,,0.09888410568237305,0.742,0.7294218679110765,0.7319101712034115,0.6799007444168734,0.8039730377859875,0.7815919732637141,full_v4_features,524,524,0,,ksf-v4-idsplit::
quantum,svc,8,zz_r2_full__as0.5__svc__d8,zz_r2_full__as0.5,id_val,fixed_c1,1.0,,0.009792089462280273,0.7848605577689243,0.78514631043257,0.7846930995043843,0.7906976744186046,0.8744274809160305,0.862038509171534,full_v4_features,524,524,0,,ksf-v4-idsplit::
quantum,svc,8,zz_r2_full__as0.5__svc__d8,zz_r2_full__as0.5,id_test,fixed_c1,1.0,,0.009792089462280273,0.7831325301204819,0.7841305753070459,0.7831010452961673,0.7857142857142857,0.8656755009696186,0.8596116918362073,full_v4_features,524,524,0,,ksf-v4-idsplit::
quantum,svc,8,zz_r2_full__as0.5__svc__d8,zz_r2_full__as0.5,ood_test,fixed_c1,1.0,,0.009792089462280273,0.74,0.7276233067599974,0.7300485082065253,0.6782178217821783,0.7873160930714888,0.7552418810053928,full_v4_features,524,524,0,,ksf-v4-idsplit::
quantum,svc,8,pauli_xz_r1_full__as0.5__svc__d8,pauli_xz_r1_full__as0.5,id_val,fixed_c1,1.0,,0.011850357055664062,0.7569721115537849,0.7573791348600509,0.7568331612800763,0.7626459143968871,0.829262086513995,0.8136786409432708,full_v4_features,524,524,0,,ksf-v4-idsplit::
quantum,svc,8,pauli_xz_r1_full__as0.5__svc__d8,pauli_xz_r1_full__as0.5,id_test,fixed_c1,1.0,,0.011850357055664062,0.7389558232931727,0.738267614738203,0.7383481255153015,0.7509578544061303,0.7992889463477699,0.7901868483829471,full_v4_features,524,524,0,,ksf-v4-idsplit::
quantum,svc,8,pauli_xz_r1_full__as0.5__svc__d8,pauli_xz_r1_full__as0.5,ood_test,fixed_c1,1.0,,0.011850357055664062,0.724,0.7372804459135395,0.7236418398244124,0.7335907335907336,0.7906215568086071,0.735794700022638,full_v4_features,524,524,0,,ksf-v4-idsplit::
quantum,svc,8,zmap_r2__as0.5__svc__d8,zmap_r2__as0.5,id_val,fixed_c1,1.0,,0.008995771408081055,0.7768924302788844,0.7757633587786259,0.776092774308653,0.7894736842105263,0.8347328244274809,0.8011510821594889,full_v4_features,524,524,0,,ksf-v4-idsplit::
quantum,svc,8,zmap_r2__as0.5__svc__d8,zmap_r2__as0.5,id_test,fixed_c1,1.0,,0.008995771408081055,0.7429718875502008,0.7421137685843568,0.7422693750808642,0.7557251908396947,0.8023270846800259,0.7914782488695217,full_v4_features,524,524,0,,ksf-v4-idsplit::
quantum,svc,8,zmap_r2__as0.5__svc__d8,zmap_r2__as0.5,ood_test,fixed_c1,1.0,,0.008995771408081055,0.726,0.7368105515587531,0.7259462854719525,0.7297830374753451,0.8168870309158078,0.7775790213249199,full_v4_features,524,524,0,,ksf-v4-idsplit::
quantum,svc,8,zz_r1_full__svc__d8,zz_r1_full,id_val,fixed_c1,1.0,,0.011653661727905273,0.7768924302788844,0.7775127226463104,0.7768038617886179,0.78125,0.8730279898218829,0.8510337142195814,full_v4_features,524,524,0,,ksf-v4-idsplit::
quantum,svc,8,zz_r1_full__svc__d8,zz_r1_full,id_test,fixed_c1,1.0,,0.011653661727905273,0.7751004016064257,0.775727213962508,0.7750096811669033,0.7795275590551181,0.8603749191984486,0.8481577854426035,full_v4_features,524,524,0,,ksf-v4-idsplit::
quantum,svc,8,zz_r1_full__svc__d8,zz_r1_full,ood_test,fixed_c1,1.0,,0.011653661727905273,0.746,0.7348337546179273,0.7372982678233817,0.6894865525672371,0.7879804264696352,0.762587169508457,full_v4_features,524,524,0,,ksf-v4-idsplit::
quantum,svc,8,zz_r2_full__svc__d8,zz_r2_full,id_val,fixed_c1,1.0,,0.010609149932861328,0.7689243027888446,0.769529262086514,0.7688325711382114,0.7734375,0.869147582697201,0.8601678725417782,full_v4_features,524,524,0,,ksf-v4-idsplit::
quantum,svc,8,zz_r2_full__svc__d8,zz_r2_full,id_test,fixed_c1,1.0,,0.010609149932861328,0.7831325301204819,0.7837750484809309,0.7830450496966568,0.7874015748031497,0.8648998060762767,0.8657578891419444,full_v4_features,524,524,0,,ksf-v4-idsplit::
quantum,svc,8,zz_r2_full__svc__d8,zz_r2_full,ood_test,fixed_c1,1.0,,0.010609149932861328,0.734,0.7199591678008944,0.7222117790560213,0.6649874055415617,0.7756497504698945,0.732785395862416,full_v4_features,524,524,0,,ksf-v4-idsplit::
quantum,svc,8,pauli_xz_r1_full__svc__d8,pauli_xz_r1_full,id_val,fixed_c1,1.0,,0.010005712509155273,0.7808764940239044,0.778530534351145,0.7791800630228578,0.7985347985347986,0.8438931297709924,0.801556159312309,full_v4_features,524,524,0,,ksf-v4-idsplit::
quantum,svc,8,pauli_xz_r1_full__svc__d8,pauli_xz_r1_full,id_test,fixed_c1,1.0,,0.010005712509155273,0.7550200803212851,0.7532967032967033,0.7537331582275402,0.7715355805243446,0.8178409825468649,0.7947456837176249,full_v4_features,524,524,0,,ksf-v4-idsplit::
quantum,svc,8,pauli_xz_r1_full__svc__d8,pauli_xz_r1_full,ood_test,fixed_c1,1.0,,0.010005712509155273,0.738,0.7466945362628816,0.7379905676604358,0.7364185110663984,0.8020610538596149,0.7323099623359874,full_v4_features,524,524,0,,ksf-v4-idsplit::
quantum,svc,8,zmap_r2__svc__d8,zmap_r2,id_val,fixed_c1,1.0,,0.010026931762695312,0.7649402390438247,0.7639631043256998,0.7642066714433564,0.7773584905660378,0.8529898218829516,0.8349770905271221,full_v4_features,524,524,0,,ksf-v4-idsplit::
quantum,svc,8,zmap_r2__svc__d8,zmap_r2,id_test,fixed_c1,1.0,,0.010026931762695312,0.751004016064257,0.7494505494505495,0.7498379569613689,0.7669172932330827,0.8400129282482224,0.81418705375316,full_v4_features,524,524,0,,ksf-v4-idsplit::
quantum,svc,8,zmap_r2__svc__d8,zmap_r2,ood_test,fixed_c1,1.0,,0.010026931762695312,0.688,0.6912956121589215,0.6872794919494516,0.6722689075630253,0.7904919307797006,0.7218449252588369,full_v4_features,524,524,0,,ksf-v4-idsplit::
quantum,svc,8,zz_r1_full__as2__svc__d8,zz_r1_full__as2,id_val,fixed_c1,1.0,,0.011323213577270508,0.8247011952191236,0.825413486005089,0.824631605691057,0.828125,0.8943384223918575,0.8740679922683252,full_v4_features,524,524,0,,ksf-v4-idsplit::
quantum,svc,8,zz_r1_full__as2__svc__d8,zz_r1_full__as2,id_test,fixed_c1,1.0,,0.011323213577270508,0.7951807228915663,0.7970911441499677,0.795167508105231,0.7935222672064778,0.8904330963154492,0.8809827631282243,full_v4_features,524,524,0,,ksf-v4-idsplit::
quantum,svc,8,zz_r1_full__as2__svc__d8,zz_r1_full__as2,ood_test,fixed_c1,1.0,,0.011323213577270508,0.754,0.7406669259187244,0.7435352107389939,0.6917293233082706,0.7663976926566854,0.7750090595405841,full_v4_features,524,524,0,,ksf-v4-idsplit::
quantum,svc,8,zz_r2_full__as2__svc__d8,zz_r2_full__as2,id_val,fixed_c1,1.0,,0.012014627456665039,0.8366533864541833,0.8386132315521628,0.836643014746734,0.8353413654618473,0.9057888040712468,0.8923806839269286,full_v4_features,524,524,0,,ksf-v4-idsplit::
quantum,svc,8,zz_r2_full__as2__svc__d8,zz_r2_full__as2,id_test,fixed_c1,1.0,,0.012014627456665039,0.8072289156626506,0.8093406593406594,0.8072009291521487,0.8048780487804879,0.8972204266321914,0.8939310231095485,full_v4_features,524,524,0,,ksf-v4-idsplit::
quantum,svc,8,zz_r2_full__as2__svc__d8,zz_r2_full__as2,ood_test,fixed_c1,1.0,,0.012014627456665039,0.76,0.7410720072590576,0.7437255471459568,0.679144385026738,0.7551850411562642,0.784873858448956,full_v4_features,524,524,0,,ksf-v4-idsplit::
quantum,svc,8,pauli_xz_r1_full__as2__svc__d8,pauli_xz_r1_full__as2,id_val,fixed_c1,1.0,,0.009027957916259766,0.7729083665338645,0.7736959287531806,0.7728506787330317,0.7764705882352941,0.8502544529262086,0.8643471586415856,full_v4_features,524,524,0,,ksf-v4-idsplit::
quantum,svc,8,pauli_xz_r1_full__as2__svc__d8,pauli_xz_r1_full__as2,id_test,fixed_c1,1.0,,0.009027957916259766,0.7831325301204819,0.784486102133161,0.7831290322580645,0.784,0.8282482223658695,0.7884847491173097,full_v4_features,524,524,0,,ksf-v4-idsplit::
quantum,svc,8,pauli_xz_r1_full__as2__svc__d8,pauli_xz_r1_full__as2,ood_test,fixed_c1,1.0,,0.009027957916259766,0.736,0.7253872577613585,0.7275609272835348,0.6796116504854369,0.774839587789228,0.7252692088596995,full_v4_features,524,524,0,,ksf-v4-idsplit::
quantum,svc,8,zmap_r2__as2__svc__d8,zmap_r2__as2,id_val,fixed_c1,1.0,,0.00948786735534668,0.7888446215139442,0.7889631043256997,0.7886298997410108,0.7953667953667953,0.8776081424936386,0.8705794389930285,full_v4_features,524,524,0,,ksf-v4-idsplit::
quantum,svc,8,zmap_r2__as2__svc__d8,zmap_r2__as2,id_test,fixed_c1,1.0,,0.00948786735534668,0.7791164658634538,0.7795733678086619,0.7789881384652626,0.7843137254901961,0.8508726567550097,0.823754616488249,full_v4_features,524,524,0,,ksf-v4-idsplit::
quantum,svc,8,zmap_r2__as2__svc__d8,zmap_r2__as2,ood_test,fixed_c1,1.0,,0.00948786735534668,0.762,0.7542128459394646,0.7562184774102618,0.7186761229314421,0.8112482986583707,0.7845315916225521,full_v4_features,524,524,0,,ksf-v4-idsplit::
classical_ext,svc,10,linear__svc__d10,linear,id_val,fixed_c1,1.0,,0.007694721221923828,0.7689243027888446,0.7656806615776082,0.7662191675231244,0.7913669064748201,0.8404580152671756,0.8204741380554528,full_v4_features,524,524,0,,ksf-v4-idsplit::
classical_ext,svc,10,linear__svc__d10,linear,id_test,fixed_c1,1.0,,0.007694721221923828,0.7349397590361446,0.7308661926308985,0.7307667103538663,0.7642857142857142,0.8191338073691015,0.7627948339420052,full_v4_features,524,524,0,,ksf-v4-idsplit::
classical_ext,svc,10,linear__svc__d10,linear,ood_test,fixed_c1,1.0,,0.007694721221923828,0.574,0.605564197290816,0.5535545858118389,0.6490939044481054,0.7570322120681834,0.6337473539754587,full_v4_features,524,524,0,,ksf-v4-idsplit::
classical_ext,svc,10,rbf_gscale__svc__d10,rbf_gscale,id_val,fixed_c1,1.0,,0.007998943328857422,0.7808764940239044,0.7802798982188295,0.7803745008511382,0.7908745247148289,0.8664122137404581,0.8456377222196642,full_v4_features,524,524,0,,ksf-v4-idsplit::
classical_ext,svc,10,rbf_gscale__svc__d10,rbf_gscale,id_test,fixed_c1,1.0,,0.007998943328857422,0.7429718875502008,0.7417582417582418,0.742035742035742,0.7575757575757576,0.8356819650937298,0.826617805192561,full_v4_features,524,524,0,,ksf-v4-idsplit::
classical_ext,svc,10,rbf_gscale__svc__d10,rbf_gscale,ood_test,fixed_c1,1.0,,0.007998943328857422,0.708,0.7228919567049064,0.7072082912194574,0.7224334600760456,0.8325555771598937,0.803538142590225,full_v4_features,524,524,0,,ksf-v4-idsplit::
classical_ext,svc,10,poly2__svc__d10,poly2,id_val,fixed_c1,1.0,,0.008007526397705078,0.7729083665338645,0.7722964376590331,0.772388119063907,0.7832699619771863,0.8486005089058525,0.8303196493109317,full_v4_features,524,524,0,,ksf-v4-idsplit::
classical_ext,svc,10,poly2__svc__d10,poly2,id_test,fixed_c1,1.0,,0.008007526397705078,0.7389558232931727,0.7368455074337428,0.7372607587539164,0.758364312267658,0.8169360051712993,0.7663792447339559,full_v4_features,524,524,0,,ksf-v4-idsplit::
classical_ext,svc,10,poly2__svc__d10,poly2,ood_test,fixed_c1,1.0,,0.008007526397705078,0.69,0.7067049063451941,0.6884735202492211,0.7102803738317757,0.7587983667120358,0.6261703694213442,full_v4_features,524,524,0,,ksf-v4-idsplit::
classical_ext,svc,10,poly3__svc__d10,poly3,id_val,fixed_c1,1.0,,0.00800013542175293,0.7768924302788844,0.7764631043256998,0.7764631043256998,0.7862595419847328,0.8552162849872774,0.841045254130255,full_v4_features,524,524,0,,ksf-v4-idsplit::
classical_ext,svc,10,poly3__svc__d10,poly3,id_test,fixed_c1,1.0,,0.00800013542175293,0.7469879518072289,0.7452488687782806,0.7456588355464759,0.7640449438202247,0.8150614091790562,0.7641985789078878,full_v4_features,524,524,0,,ksf-v4-idsplit::
classical_ext,svc,10,poly3__svc__d10,poly3,ood_test,fixed_c1,1.0,,0.00800013542175293,0.684,0.7004018406896104,0.6825320280979248,0.704119850187266,0.7628815866225938,0.6309642842132184,full_v4_features,524,524,0,,ksf-v4-idsplit::
classical_ext,svc,10,laplacian_med__svc__d10,laplacian_med,id_val,fixed_c1,1.0,,0.0075495243072509766,0.796812749003984,0.7958969465648855,0.7961786481967996,0.8075471698113208,0.8954834605597964,0.8653449040132803,full_v4_features,524,524,0,,ksf-v4-idsplit::
classical_ext,svc,10,laplacian_med__svc__d10,laplacian_med,id_test,fixed_c1,1.0,,0.0075495243072509766,0.7991967871485943,0.7988041370394312,0.7988041370394312,0.8076923076923077,0.8774402068519715,0.857460711189596,full_v4_features,524,524,0,,ksf-v4-idsplit::
classical_ext,svc,10,laplacian_med__svc__d10,laplacian_med,ood_test,fixed_c1,1.0,,0.0075495243072509766,0.768,0.7627843671009138,0.7638859487713927,0.7327188940092166,0.8409326592779831,0.8164862487475093,full_v4_features,524,524,0,,ksf-v4-idsplit::
classical_ext,svc,10,matern15_med__svc__d10,matern15_med,id_val,fixed_c1,1.0,,0.011080265045166016,0.7848605577689243,0.7830470737913486,0.7836206896551725,0.8,0.8678117048346057,0.8136694228189423,full_v4_features,524,524,0,,ksf-v4-idsplit::
classical_ext,svc,10,matern15_med__svc__d10,matern15_med,id_test,fixed_c1,1.0,,0.011080265045166016,0.751004016064257,0.7490950226244344,0.7495457495133031,0.7686567164179104,0.8409825468648998,0.7854041001914476,full_v4_features,524,524,0,,ksf-v4-idsplit::
classical_ext,svc,10,matern15_med__svc__d10,matern15_med,ood_test,fixed_c1,1.0,,0.011080265045166016,0.726,0.7363568604575799,0.725972597259726,0.7287128712871287,0.834159699267613,0.8172405185056084,full_v4_features,524,524,0,,ksf-v4-idsplit::
classical_ext,svc,10,matern25_med__svc__d10,matern25_med,id_val,fixed_c1,1.0,,0.00905609130859375,0.7848605577689243,0.7840966921119593,0.7842818945760122,0.7954545454545454,0.8679389312977099,0.8094585031666475,full_v4_features,524,524,0,,ksf-v4-idsplit::
classical_ext,svc,10,matern25_med__svc__d10,matern25_med,id_test,fixed_c1,1.0,,0.00905609130859375,0.751004016064257,0.7498060762766645,0.7500971250971251,0.7651515151515151,0.8451842275371687,0.8008424863506622,full_v4_features,524,524,0,,ksf-v4-idsplit::
classical_ext,svc,10,matern25_med__svc__d10,matern25_med,ood_test,fixed_c1,1.0,,0.00905609130859375,0.718,0.7300699980556096,0.7178092390455948,0.7251461988304093,0.8291690971547085,0.8094358394096411,full_v4_features,524,524,0,,ksf-v4-idsplit::
classical_ext,svc,10,rbf_gscale_x0.1__svc__d10,rbf_gscale_x0.1,id_val,fixed_c1,1.0,,0.0077610015869140625,0.7649402390438247,0.7643129770992366,0.7644017372766756,0.7756653992395437,0.8561068702290077,0.8424445139658593,full_v4_features,524,524,0,,ksf-v4-idsplit::
classical_ext,svc,10,rbf_gscale_x0.1__svc__d10,rbf_gscale_x0.1,id_test,fixed_c1,1.0,,0.0077610015869140625,0.7429718875502008,0.7414027149321267,0.7417682136375421,0.7593984962406015,0.8217840982546866,0.7805439262310084,full_v4_features,524,524,0,,ksf-v4-idsplit::
classical_ext,svc,10,rbf_gscale_x0.1__svc__d10,rbf_gscale_x0.1,ood_test,fixed_c1,1.0,,0.0077610015869140625,0.684,0.6990407673860912,0.6830059065228558,0.7007575757575758,0.764485708730313,0.6391329399339842,full_v4_features,524,524,0,,ksf-v4-idsplit::
classical_ext,svc,10,rbf_gscale_x0.3__svc__d10,rbf_gscale_x0.3,id_val,fixed_c1,1.0,,0.00995016098022461,0.7848605577689243,0.7844465648854961,0.7844465648854961,0.7938931297709924,0.8634223918575064,0.8615477933632227,full_v4_features,524,524,0,,ksf-v4-idsplit::
classical_ext,svc,10,rbf_gscale_x0.3__svc__d10,rbf_gscale_x0.3,id_test,fixed_c1,1.0,,0.00995016098022461,0.751004016064257,0.7494505494505495,0.7498379569613689,0.7669172932330827,0.8255332902391727,0.7962604556653341,full_v4_features,524,524,0,,ksf-v4-idsplit::
classical_ext,svc,10,rbf_gscale_x0.3__svc__d10,rbf_gscale_x0.3,ood_test,fixed_c1,1.0,,0.00995016098022461,0.71,0.7260515911595049,0.7088809383269288,0.7269303201506592,0.7756983602307344,0.6547006045571642,full_v4_features,524,524,0,,ksf-v4-idsplit::
classical_ext,svc,10,rbf_gscale_x3__svc__d10,rbf_gscale_x3,id_val,fixed_c1,1.0,,0.008005380630493164,0.7768924302788844,0.7764631043256998,0.7764631043256998,0.7862595419847328,0.8654580152671756,0.8137711050021263,full_v4_features,524,524,0,,ksf-v4-idsplit::
classical_ext,svc,10,rbf_gscale_x3__svc__d10,rbf_gscale_x3,id_test,fixed_c1,1.0,,0.008005380630493164,0.751004016064257,0.7505171299288946,0.7505171299288946,0.7615384615384615,0.8433096315449257,0.7913150103520299,full_v4_features,524,524,0,,ksf-v4-idsplit::
classical_ext,svc,10,rbf_gscale_x3__svc__d10,rbf_gscale_x3,ood_test,fixed_c1,1.0,,0.008005380630493164,0.728,0.7331648194957547,0.7276470305515949,0.7178423236514523,0.8296551947631085,0.8113835505503422,full_v4_features,524,524,0,,ksf-v4-idsplit::
classical_ext,svc,10,rbf_gscale_x10__svc__d10,rbf_gscale_x10,id_val,fixed_c1,1.0,,0.008513212203979492,0.7768924302788844,0.7768129770992367,0.7766052129688493,0.7846153846153846,0.8673664122137404,0.8371034555319368,full_v4_features,524,524,0,,ksf-v4-idsplit::
classical_ext,svc,10,rbf_gscale_x10__svc__d10,rbf_gscale_x10,id_test,fixed_c1,1.0,,0.008513212203979492,0.7791164658634538,0.779928894634777,0.7790594498669032,0.782608695652174,0.8414350355526826,0.7800117815694445,full_v4_features,524,524,0,,ksf-v4-idsplit::
classical_ext,svc,10,rbf_gscale_x10__svc__d10,rbf_gscale_x10,ood_test,fixed_c1,1.0,,0.008513212203979492,0.762,0.7546665370406378,0.7565217391304347,0.72,0.8205003564715795,0.796473687638852,full_v4_features,524,524,0,,ksf-v4-idsplit::
classical_ext,svc,10,laplacian_med_x0.1__svc__d10,laplacian_med_x0.1,id_val,fixed_c1,1.0,,0.010732173919677734,0.8406374501992032,0.8424300254452926,0.8406349206349206,0.84,0.9217557251908397,0.9233169163133458,full_v4_features,524,524,0,,ksf-v4-idsplit::
classical_ext,svc,10,laplacian_med_x0.1__svc__d10,laplacian_med_x0.1,id_test,fixed_c1,1.0,,0.010732173919677734,0.8072289156626506,0.8100517129928895,0.8070764462809917,0.8016528925619835,0.9013574660633484,0.8951553049193662,full_v4_features,524,524,0,,ksf-v4-idsplit::
classical_ext,svc,10,laplacian_med_x0.1__svc__d10,laplacian_med_x0.1,ood_test,fixed_c1,1.0,,0.010732173919677734,0.768,0.7505347073692398,0.7538200339558574,0.6947368421052632,0.7917476829347333,0.795890416644833,full_v4_features,524,524,0,,ksf-v4-idsplit::
classical_ext,svc,10,laplacian_med_x0.3__svc__d10,laplacian_med_x0.3,id_val,fixed_c1,1.0,,0.010391950607299805,0.7888446215139442,0.7886132315521628,0.7885089267261252,0.7969348659003831,0.90706106870229,0.884410143331981,full_v4_features,524,524,0,,ksf-v4-idsplit::
classical_ext,svc,10,laplacian_med_x0.3__svc__d10,laplacian_med_x0.3,id_test,fixed_c1,1.0,,0.010391950607299805,0.7951807228915663,0.7956690368455075,0.7950617283950617,0.8,0.8934065934065935,0.8756822498517598,full_v4_features,524,524,0,,ksf-v4-idsplit::
classical_ext,svc,10,laplacian_med_x0.3__svc__d10,laplacian_med_x0.3,ood_test,fixed_c1,1.0,,0.010391950607299805,0.758,0.7488009592326139,0.7511424822406226,0.709832134292566,0.8086881845874652,0.8002182827345353,full_v4_features,524,524,0,,ksf-v4-idsplit::
classical_ext,svc,10,laplacian_med_x3__svc__d10,laplacian_med_x3,id_val,fixed_c1,1.0,,0.007521629333496094,0.8087649402390438,0.8080470737913485,0.8082505729564553,0.8181818181818182,0.8720737913486005,0.8464856839939958,full_v4_features,524,524,0,,ksf-v4-idsplit::
classical_ext,svc,10,laplacian_med_x3__svc__d10,laplacian_med_x3,id_test,fixed_c1,1.0,,0.007521629333496094,0.7751004016064257,0.775016160310278,0.7748062015503876,0.7829457364341085,0.8553975436328378,0.8493663917686277,full_v4_features,524,524,0,,ksf-v4-idsplit::
classical_ext,svc,10,laplacian_med_x3__svc__d10,laplacian_med_x3,ood_test,fixed_c1,1.0,,0.007521629333496094,0.752,0.7524790978028388,0.750402576489533,0.7304347826086957,0.8446756108626612,0.8187929598246986,full_v4_features,524,524,0,,ksf-v4-idsplit::
classical_ext,svc,10,laplacian_med_x10__svc__d10,laplacian_med_x10,id_val,fixed_c1,1.0,,0.008524656295776367,0.7808764940239044,0.7795801526717557,0.7799824687226073,0.7940074906367042,0.8630407124681934,0.8518156086129621,full_v4_features,524,524,0,,ksf-v4-idsplit::
classical_ext,svc,10,laplacian_med_x10__svc__d10,laplacian_med_x10,id_test,fixed_c1,1.0,,0.008524656295776367,0.7550200803212851,0.7536522301228183,0.7540043728237105,0.769811320754717,0.8407886231415642,0.825521676097942,full_v4_features,524,524,0,,ksf-v4-idsplit::
classical_ext,svc,10,laplacian_med_x10__svc__d10,laplacian_med_x10,ood_test,fixed_c1,1.0,,0.008524656295776367,0.708,0.7206235011990407,0.7077006855019541,0.7170542635658915,0.8072622982694925,0.7573654080020886,full_v4_features,524,524,0,,ksf-v4-idsplit::
classical_ext,svc,10,matern15_med_x0.1__svc__d10,matern15_med_x0.1,id_val,fixed_c1,1.0,,0.012002229690551758,0.8167330677290837,0.8184796437659032,0.8167301587301588,0.816,0.9135496183206108,0.909384079215741,full_v4_features,524,524,0,,ksf-v4-idsplit::
classical_ext,svc,10,matern15_med_x0.1__svc__d10,matern15_med_x0.1,id_test,fixed_c1,1.0,,0.012002229690551758,0.8112449799196787,0.8135423400129282,0.8111962571589901,0.8081632653061225,0.8872656755009696,0.880054012470873,full_v4_features,524,524,0,,ksf-v4-idsplit::
classical_ext,svc,10,matern15_med_x0.1__svc__d10,matern15_med_x0.1,ood_test,fixed_c1,1.0,,0.012002229690551758,0.762,0.7465000972195217,0.7496623597372927,0.6940874035989717,0.7842455765117635,0.788757819411368,full_v4_features,524,524,0,,ksf-v4-idsplit::
classical_ext,svc,10,matern15_med_x0.3__svc__d10,matern15_med_x0.3,id_val,fixed_c1,1.0,,0.009000778198242188,0.7808764940239044,0.7809796437659033,0.7806536695425584,0.7876447876447876,0.8907760814249364,0.8647359876291064,full_v4_features,524,524,0,,ksf-v4-idsplit::
classical_ext,svc,10,matern15_med_x0.3__svc__d10,matern15_med_x0.3,id_test,fixed_c1,1.0,,0.009000778198242188,0.7991967871485943,0.7995151906916613,0.7990379648760331,0.8046875,0.8752424046541694,0.846988253492246,full_v4_features,524,524,0,,ksf-v4-idsplit::
classical_ext,svc,10,matern15_med_x0.3__svc__d10,matern15_med_x0.3,ood_test,fixed_c1,1.0,,0.009000778198242188,0.75,0.739791950223605,0.7421946863231187,0.6973365617433414,0.807659277983019,0.8004488536408029,full_v4_features,524,524,0,,ksf-v4-idsplit::
classical_ext,svc,10,matern15_med_x3__svc__d10,matern15_med_x3,id_val,fixed_c1,1.0,,0.007360935211181641,0.7848605577689243,0.7840966921119593,0.7842818945760122,0.7954545454545454,0.8629770992366412,0.8518104111713763,full_v4_features,524,524,0,,ksf-v4-idsplit::
classical_ext,svc,10,matern15_med_x3__svc__d10,matern15_med_x3,id_test,fixed_c1,1.0,,0.007360935211181641,0.751004016064257,0.7494505494505495,0.7498379569613689,0.7669172932330827,0.8246283128636069,0.8080346846199995,full_v4_features,524,524,0,,ksf-v4-idsplit::
classical_ext,svc,10,matern15_med_x3__svc__d10,matern15_med_x3,ood_test,fixed_c1,1.0,,0.007360935211181641,0.712,0.7273964612094108,0.7110939907550078,0.7272727272727273,0.7873322963251022,0.6891913267923397,full_v4_features,524,524,0,,ksf-v4-idsplit::
classical_ext,svc,10,matern15_med_x10__svc__d10,matern15_med_x10,id_val,fixed_c1,1.0,,0.008266448974609375,0.7848605577689243,0.7812977099236641,0.781949806949807,0.8071428571428572,0.8452290076335878,0.8262280594895083,full_v4_features,524,524,0,,ksf-v4-idsplit::
classical_ext,svc,10,matern15_med_x10__svc__d10,matern15_med_x10,id_test,fixed_c1,1.0,,0.008266448974609375,0.7349397590361446,0.7308661926308985,0.7307667103538663,0.7642857142857142,0.8186166774402069,0.7815660799779689,full_v4_features,524,524,0,,ksf-v4-idsplit::
classical_ext,svc,10,matern15_med_x10__svc__d10,matern15_med_x10,ood_test,fixed_c1,1.0,,0.008266448974609375,0.56,0.5897984315250502,0.5416666666666666,0.6333333333333333,0.7537591548382915,0.6431909108923172,full_v4_features,524,524,0,,ksf-v4-idsplit::
classical_ext,svc,10,matern25_med_x0.1__svc__d10,matern25_med_x0.1,id_val,fixed_c1,1.0,,0.0172882080078125,0.8127490039840638,0.8143129770992366,0.8127490039840638,0.8127490039840638,0.9088422391857506,0.9072813211470936,full_v4_features,524,524,0,,ksf-v4-idsplit::
classical_ext,svc,10,matern25_med_x0.1__svc__d10,matern25_med_x0.1,id_test,fixed_c1,1.0,,0.0172882080078125,0.8152610441767069,0.8173884938590821,0.8152342237708091,0.8130081300813008,0.8827407886231415,0.868088563638232,full_v4_features,524,524,0,,ksf-v4-idsplit::
classical_ext,svc,10,matern25_med_x0.1__svc__d10,matern25_med_x0.1,ood_test,fixed_c1,1.0,,0.0172882080078125,0.768,0.751442089571586,0.7548024891774892,0.6979166666666666,0.7807699786117052,0.7819142105843075,full_v4_features,524,524,0,,ksf-v4-idsplit::
classical_ext,svc,10,matern25_med_x0.3__svc__d10,matern25_med_x0.3,id_val,fixed_c1,1.0,,0.007350444793701172,0.7848605577689243,0.78514631043257,0.7846930995043843,0.7906976744186046,0.8829516539440203,0.8493974357234599,full_v4_features,524,524,0,,ksf-v4-idsplit::
classical_ext,svc,10,matern25_med_x0.3__svc__d10,matern25_med_x0.3,id_test,fixed_c1,1.0,,0.007350444793701172,0.7991967871485943,0.7995151906916613,0.7990379648760331,0.8046875,0.8650937297996122,0.8284129833144582,full_v4_features,524,524,0,,ksf-v4-idsplit::
classical_ext,svc,10,matern25_med_x0.3__svc__d10,matern25_med_x0.3,ood_test,fixed_c1,1.0,,0.007350444793701172,0.748,0.7375396979713527,0.7399445214979196,0.6941747572815534,0.8072298917622658,0.7955924785217342,full_v4_features,524,524,0,,ksf-v4-idsplit::
classical_ext,svc,10,matern25_med_x3__svc__d10,matern25_med_x3,id_val,fixed_c1,1.0,,0.009104013442993164,0.7848605577689243,0.7840966921119593,0.7842818945760122,0.7954545454545454,0.8659669211195928,0.8654654579821355,full_v4_features,524,524,0,,ksf-v4-idsplit::
classical_ext,svc,10,matern25_med_x3__svc__d10,matern25_med_x3,id_test,fixed_c1,1.0,,0.009104013442993164,0.751004016064257,0.7494505494505495,0.7498379569613689,0.7669172932330827,0.8264382676147383,0.8023144686681077,full_v4_features,524,524,0,,ksf-v4-idsplit::
classical_ext,svc,10,matern25_med_x3__svc__d10,matern25_med_x3,ood_test,fixed_c1,1.0,,0.009104013442993164,0.706,0.7224544688573465,0.7047137330210396,0.724202626641651,0.7773672953529068,0.6624123767036518,full_v4_features,524,524,0,,ksf-v4-idsplit::
classical_ext,svc,10,matern25_med_x10__svc__d10,matern25_med_x10,id_val,fixed_c1,1.0,,0.009950876235961914,0.7290836653386454,0.7275127226463105,0.7278351830590637,0.746268656716418,0.83206106870229,0.8154424645224172,full_v4_features,524,524,0,,ksf-v4-idsplit::
classical_ext,svc,10,matern25_med_x10__svc__d10,matern25_med_x10,id_test,fixed_c1,1.0,,0.009950876235961914,0.6827309236947792,0.6815772462831287,0.6817247795485801,0.6996197718631179,0.7947640594699418,0.7642007654518743,full_v4_features,524,524,0,,ksf-v4-idsplit::
classical_ext,svc,10,matern25_med_x10__svc__d10,matern25_med_x10,ood_test,fixed_c1,1.0,,0.009950876235961914,0.534,0.5577970056387322,0.5232736572890025,0.5947826086956521,0.7246095015879189,0.6537513598035765,full_v4_features,524,524,0,,ksf-v4-idsplit::
quantum,svc,10,zz_r1_full__as0.5__svc__d10,zz_r1_full__as0.5,id_val,fixed_c1,1.0,,0.010616540908813477,0.7808764940239044,0.7809796437659033,0.7806536695425584,0.7876447876447876,0.8879770992366413,0.8647940386873009,full_v4_features,524,524,0,,ksf-v4-idsplit::
quantum,svc,10,zz_r1_full__as0.5__svc__d10,zz_r1_full__as0.5,id_test,fixed_c1,1.0,,0.010616540908813477,0.7951807228915663,0.7956690368455075,0.7950617283950617,0.8,0.8738202973497091,0.8431292483477405,full_v4_features,524,524,0,,ksf-v4-idsplit::
quantum,svc,10,zz_r1_full__as0.5__svc__d10,zz_r1_full__as0.5,ood_test,fixed_c1,1.0,,0.010616540908813477,0.746,0.7343800635167541,0.7368977132889443,0.687960687960688,0.7988204031369499,0.784879327367175,full_v4_features,524,524,0,,ksf-v4-idsplit::
quantum,svc,10,zz_r2_full__as0.5__svc__d10,zz_r2_full__as0.5,id_val,fixed_c1,1.0,,0.010916948318481445,0.7928286852589641,0.7941793893129772,0.7928253968253969,0.7936507936507936,0.9005725190839695,0.904841250932584,full_v4_features,524,524,0,,ksf-v4-idsplit::
quantum,svc,10,zz_r2_full__as0.5__svc__d10,zz_r2_full__as0.5,id_test,fixed_c1,1.0,,0.010916948318481445,0.8072289156626506,0.8086296056884292,0.8072258064516129,0.808,0.8732385261797027,0.8582373600060251,full_v4_features,524,524,0,,ksf-v4-idsplit::
quantum,svc,10,zz_r2_full__as0.5__svc__d10,zz_r2_full__as0.5,ood_test,fixed_c1,1.0,,0.010916948318481445,0.762,0.7451390239160023,0.748213159776735,0.6892950391644909,0.7840430358415971,0.7773577262213317,full_v4_features,524,524,0,,ksf-v4-idsplit::
quantum,svc,10,pauli_xz_r1_full__as0.5__svc__d10,pauli_xz_r1_full__as0.5,id_val,fixed_c1,1.0,,0.009398460388183594,0.7729083665338645,0.77264631043257,0.772547336290361,0.7816091954022989,0.8666666666666667,0.843813502864931,full_v4_features,524,524,0,,ksf-v4-idsplit::
quantum,svc,10,pauli_xz_r1_full__as0.5__svc__d10,pauli_xz_r1_full__as0.5,id_test,fixed_c1,1.0,,0.009398460388183594,0.7429718875502008,0.7421137685843568,0.7422693750808642,0.7557251908396947,0.8410471881060116,0.8311043150493975,full_v4_features,524,524,0,,ksf-v4-idsplit::
quantum,svc,10,pauli_xz_r1_full__as0.5__svc__d10,pauli_xz_r1_full__as0.5,ood_test,fixed_c1,1.0,,0.009398460388183594,0.718,0.731884762460302,0.7175016729510857,0.7293666026871402,0.8430066757404888,0.8197517379613002,full_v4_features,524,524,0,,ksf-v4-idsplit::
quantum,svc,10,zmap_r2__as0.5__svc__d10,zmap_r2__as0.5,id_val,fixed_c1,1.0,,0.008367776870727539,0.7848605577689243,0.7837468193384224,0.7840894609404868,0.7969924812030075,0.8697201017811705,0.827138542253305,full_v4_features,524,524,0,,ksf-v4-idsplit::
quantum,svc,10,zmap_r2__as0.5__svc__d10,zmap_r2__as0.5,id_test,fixed_c1,1.0,,0.008367776870727539,0.7469879518072289,0.7463154492566257,0.746398952422523,0.7586206896551724,0.8415643180349062,0.8131295297786951,full_v4_features,524,524,0,,ksf-v4-idsplit::
quantum,svc,10,zmap_r2__as0.5__svc__d10,zmap_r2__as0.5,ood_test,fixed_c1,1.0,,0.008367776870727539,0.738,0.7462408451617084,0.737973797379738,0.7353535353535353,0.8293797394516819,0.817820818584298,full_v4_features,524,524,0,,ksf-v4-idsplit::
quantum,svc,10,zz_r1_full__svc__d10,zz_r1_full,id_val,fixed_c1,1.0,,0.014976978302001953,0.7808764940239044,0.7816793893129772,0.7808208303564341,0.7843137254901961,0.8951653944020356,0.8894890318931654,full_v4_features,524,524,0,,ksf-v4-idsplit::
quantum,svc,10,zz_r1_full__svc__d10,zz_r1_full,id_test,fixed_c1,1.0,,0.014976978302001953,0.8032128514056225,0.8037168713639302,0.8030985233599612,0.807843137254902,0.8742727860374919,0.8614994639022373,full_v4_features,524,524,0,,ksf-v4-idsplit::
quantum,svc,10,zz_r1_full__svc__d10,zz_r1_full,ood_test,fixed_c1,1.0,,0.014976978302001953,0.76,0.7469699915743081,0.75,0.7,0.7813857022490117,0.7816265946058316,full_v4_features,524,524,0,,ksf-v4-idsplit::
quantum,svc,10,zz_r2_full__svc__d10,zz_r2_full,id_val,fixed_c1,1.0,,0.010006189346313477,0.8087649402390438,0.8101463104325699,0.8087619047619048,0.8095238095238095,0.9073791348600508,0.9081844091377484,full_v4_features,524,524,0,,ksf-v4-idsplit::
quantum,svc,10,zz_r2_full__svc__d10,zz_r2_full,id_test,fixed_c1,1.0,,0.010006189346313477,0.8072289156626506,0.8089851325145443,0.8072258064516129,0.8064516129032258,0.8778280542986426,0.8698253936648626,full_v4_features,524,524,0,,ksf-v4-idsplit::
quantum,svc,10,zz_r2_full__svc__d10,zz_r2_full,ood_test,fixed_c1,1.0,,0.010006189346313477,0.778,0.7590738220234623,0.7626896879048706,0.7024128686327078,0.77104802644371,0.777230066803567,full_v4_features,524,524,0,,ksf-v4-idsplit::
quantum,svc,10,pauli_xz_r1_full__svc__d10,pauli_xz_r1_full,id_val,fixed_c1,1.0,,0.009185314178466797,0.7888446215139442,0.7875636132315522,0.7879831062236035,0.8014981273408239,0.8689567430025444,0.8268659566583727,full_v4_features,524,524,0,,ksf-v4-idsplit::
quantum,svc,10,pauli_xz_r1_full__svc__d10,pauli_xz_r1_full,id_test,fixed_c1,1.0,,0.009185314178466797,0.7751004016064257,0.775371687136393,0.774922520661157,0.78125,0.8429864253393665,0.7852763955185549,full_v4_features,524,524,0,,ksf-v4-idsplit::
quantum,svc,10,pauli_xz_r1_full__svc__d10,pauli_xz_r1_full,ood_test,fixed_c1,1.0,,0.009185314178466797,0.766,0.7609858059498347,0.7619774183704608,0.7310344827586207,0.8284723572493357,0.8060114702812535,full_v4_features,524,524,0,,ksf-v4-idsplit::
quantum,svc,10,zmap_r2__svc__d10,zmap_r2,id_val,fixed_c1,1.0,,0.009521961212158203,0.7928286852589641,0.7920801526717558,0.79227145403616,0.803030303030303,0.8569338422391857,0.8268397894951802,full_v4_features,524,524,0,,ksf-v4-idsplit::
quantum,svc,10,zmap_r2__svc__d10,zmap_r2,id_test,fixed_c1,1.0,,0.009521961212158203,0.7831325301204819,0.7841305753070459,0.7831010452961673,0.7857142857142857,0.8469295410471881,0.7985425082110684,full_v4_features,524,524,0,,ksf-v4-idsplit::
quantum,svc,10,zmap_r2__svc__d10,zmap_r2,ood_test,fixed_c1,1.0,,0.009521961212158203,0.744,0.7357573400738868,0.7376145886288723,0.6966824644549763,0.814407933112969,0.7939113049580159,full_v4_features,524,524,0,,ksf-v4-idsplit::
quantum,svc,10,zz_r1_full__as2__svc__d10,zz_r1_full__as2,id_val,fixed_c1,1.0,,0.013118267059326172,0.8406374501992032,0.8427798982188295,0.8406146812293624,0.8387096774193549,0.9198473282442748,0.9234689505520985,full_v4_features,524,524,0,,ksf-v4-idsplit::
quantum,svc,10,zz_r1_full__as2__svc__d10,zz_r1_full__as2,id_test,fixed_c1,1.0,,0.013118267059326172,0.8152610441767069,0.8173884938590821,0.8152342237708091,0.8130081300813008,0.8950226244343892,0.8914973043163961,full_v4_features,524,524,0,,ksf-v4-idsplit::
quantum,svc,10,zz_r1_full__as2__svc__d10,zz_r1_full__as2,ood_test,fixed_c1,1.0,,0.013118267059326172,0.778,0.7604348953269817,0.7641900246007163,0.7071240105540897,0.7854203123987296,0.7820861017682058,full_v4_features,524,524,0,,ksf-v4-idsplit::
quantum,svc,10,zz_r2_full__as2__svc__d10,zz_r2_full__as2,id_val,fixed_c1,1.0,,0.010509729385375977,0.8326693227091634,0.8358460559796438,0.832453909726637,0.8264462809917356,0.9192748091603052,0.9266263144964634,full_v4_features,524,524,0,,ksf-v4-idsplit::
quantum,svc,10,zz_r2_full__as2__svc__d10,zz_r2_full__as2,id_test,fixed_c1,1.0,,0.010509729385375977,0.7911646586345381,0.7953781512605043,0.7904040404040404,0.7777777777777778,0.8930833872010343,0.8934759508553172,full_v4_features,524,524,0,,ksf-v4-idsplit::
quantum,svc,10,zz_r2_full__as2__svc__d10,zz_r2_full__as2,ood_test,fixed_c1,1.0,,0.010509729385375977,0.736,0.7090543781191263,0.7058823529411765,0.611764705882353,0.790670166569447,0.7839231394515926,full_v4_features,524,524,0,,ksf-v4-idsplit::
quantum,svc,10,pauli_xz_r1_full__as2__svc__d10,pauli_xz_r1_full__as2,id_val,fixed_c1,1.0,,0.010005474090576172,0.7768924302788844,0.7775127226463104,0.7768038617886179,0.78125,0.8795801526717557,0.8697758987522427,full_v4_features,524,524,0,,ksf-v4-idsplit::
quantum,svc,10,pauli_xz_r1_full__as2__svc__d10,pauli_xz_r1_full__as2,id_test,fixed_c1,1.0,,0.010005474090576172,0.8032128514056225,0.8047834518422754,0.8032128514056225,0.8032128514056225,0.8613445378151261,0.8206929865053147,full_v4_features,524,524,0,,ksf-v4-idsplit::
quantum,svc,10,pauli_xz_r1_full__as2__svc__d10,pauli_xz_r1_full__as2,ood_test,fixed_c1,1.0,,0.010005474090576172,0.748,0.7370860068701796,0.739561802397685,0.6926829268292682,0.795741784950418,0.7571023202616831,full_v4_features,524,524,0,,ksf-v4-idsplit::
quantum,svc,10,zmap_r2__as2__svc__d10,zmap_r2__as2,id_val,fixed_c1,1.0,,0.010520696640014648,0.7888446215139442,0.7896628498727736,0.7887909819798364,0.792156862745098,0.8756361323155216,0.8332415900586798,full_v4_features,524,524,0,,ksf-v4-idsplit::
quantum,svc,10,zmap_r2__as2__svc__d10,zmap_r2__as2,id_test,fixed_c1,1.0,,0.010520696640014648,0.8032128514056225,0.8040723981900453,0.8031620553359684,0.8063241106719368,0.8698771816418877,0.8420494286445447,full_v4_features,524,524,0,,ksf-v4-idsplit::
quantum,svc,10,zmap_r2__as2__svc__d10,zmap_r2__as2,ood_test,fixed_c1,1.0,,0.010520696640014648,0.748,0.7370860068701796,0.739561802397685,0.6926829268292682,0.797086655000324,0.7826520064436562,full_v4_features,524,524,0,,ksf-v4-idsplit::
classical_ext,svc,12,linear__svc__d12,linear,id_val,fixed_c1,1.0,,0.009579181671142578,0.7729083665338645,0.7698473282442748,0.7704452466907341,0.7942238267148014,0.8433206106870229,0.8226560406123721,full_v4_features,524,524,0,,ksf-v4-idsplit::
classical_ext,svc,12,linear__svc__d12,linear,id_test,fixed_c1,1.0,,0.009579181671142578,0.7349397590361446,0.7308661926308985,0.7307667103538663,0.7642857142857142,0.8310924369747898,0.8000949689759269,full_v4_features,524,524,0,,ksf-v4-idsplit::
classical_ext,svc,12,linear__svc__d12,linear,ood_test,fixed_c1,1.0,,0.009579181671142578,0.574,0.6051105061896429,0.5543466889842034,0.6479338842975206,0.76393479810746,0.6467326729504337,full_v4_features,524,524,0,,ksf-v4-idsplit::
classical_ext,svc,12,rbf_gscale__svc__d12,rbf_gscale,id_val,fixed_c1,1.0,,0.008033514022827148,0.7848605577689243,0.7840966921119593,0.7842818945760122,0.7954545454545454,0.8655852417302798,0.8451173410199111,full_v4_features,524,524,0,,ksf-v4-idsplit::
classical_ext,svc,12,rbf_gscale__svc__d12,rbf_gscale,id_test,fixed_c1,1.0,,0.008033514022827148,0.7389558232931727,0.7375565610859729,0.7378735120252653,0.7547169811320755,0.8349709114414997,0.8294589977275357,full_v4_features,524,524,0,,ksf-v4-idsplit::
classical_ext,svc,12,rbf_gscale__svc__d12,rbf_gscale,ood_test,fixed_c1,1.0,,0.008033514022827148,0.704,0.7192948344027481,0.7030688238315357,0.7196969696969697,0.834613390368786,0.8048009230697637,full_v4_features,524,524,0,,ksf-v4-idsplit::
classical_ext,svc,12,poly2__svc__d12,poly2,id_val,fixed_c1,1.0,,0.007879495620727539,0.7689243027888446,0.7681297709923665,0.7683027756557168,0.7803030303030303,0.8503180661577608,0.8291554718649973,full_v4_features,524,524,0,,ksf-v4-idsplit::
classical_ext,svc,12,poly2__svc__d12,poly2,id_test,fixed_c1,1.0,,0.007879495620727539,0.7469879518072289,0.7445378151260504,0.7449973178145879,0.7675276752767528,0.8279250161603103,0.789746382083174,full_v4_features,524,524,0,,ksf-v4-idsplit::
classical_ext,svc,12,poly2__svc__d12,poly2,ood_test,fixed_c1,1.0,,0.007879495620727539,0.704,0.7215632899086137,0.7022803714253528,0.724907063197026,0.774240067405535,0.6471542580628624,full_v4_features,524,524,0,,ksf-v4-idsplit::
classical_ext,svc,12,poly3__svc__d12,poly3,id_val,fixed_c1,1.0,,0.00839376449584961,0.7768924302788844,0.7764631043256998,0.7764631043256998,0.7862595419847328,0.8530534351145038,0.8358907408247026,full_v4_features,524,524,0,,ksf-v4-idsplit::
classical_ext,svc,12,poly3__svc__d12,poly3,id_test,fixed_c1,1.0,,0.00839376449584961,0.7469879518072289,0.7452488687782806,0.7456588355464759,0.7640449438202247,0.8281189398836457,0.7929604841072255,full_v4_features,524,524,0,,ksf-v4-idsplit::
classical_ext,svc,12,poly3__svc__d12,poly3,ood_test,fixed_c1,1.0,,0.00839376449584961,0.704,0.7215632899086137,0.7022803714253528,0.724907063197026,0.7698813921835506,0.6411817702844931,full_v4_features,524,524,0,,ksf-v4-idsplit::
classical_ext,svc,12,laplacian_med__svc__d12,laplacian_med,id_val,fixed_c1,1.0,,0.008006811141967773,0.7888446215139442,0.7879134860050891,0.7881856540084389,0.8,0.9016539440203561,0.8836489606201674,full_v4_features,524,524,0,,ksf-v4-idsplit::
classical_ext,svc,12,laplacian_med__svc__d12,laplacian_med,id_test,fixed_c1,1.0,,0.008006811141967773,0.7991967871485943,0.7991596638655463,0.7989341085271318,0.8062015503875969,0.8785391079508726,0.8509514803547835,full_v4_features,524,524,0,,ksf-v4-idsplit::
classical_ext,svc,12,laplacian_med__svc__d12,laplacian_med,ood_test,fixed_c1,1.0,,0.008006811141967773,0.766,0.7600784237474885,0.7614571907404614,0.728538283062645,0.8409974722924363,0.8303069156121637,full_v4_features,524,524,0,,ksf-v4-idsplit::
classical_ext,svc,12,matern15_med__svc__d12,matern15_med,id_val,fixed_c1,1.0,,0.008000612258911133,0.7848605577689243,0.7830470737913486,0.7836206896551725,0.8,0.8657760814249363,0.812259330047899,full_v4_features,524,524,0,,ksf-v4-idsplit::
classical_ext,svc,12,matern15_med__svc__d12,matern15_med,id_test,fixed_c1,1.0,,0.008000612258911133,0.7469879518072289,0.7459599224305107,0.7461855836906399,0.7604562737642585,0.8404007756948934,0.7931988996911034,full_v4_features,524,524,0,,ksf-v4-idsplit::
classical_ext,svc,12,matern15_med__svc__d12,matern15_med,ood_test,fixed_c1,1.0,,0.008000612258911133,0.726,0.7359031693564068,0.7259901356448832,0.7276341948310139,0.8298496338064684,0.8177570736418441,full_v4_features,524,524,0,,ksf-v4-idsplit::
classical_ext,svc,12,matern25_med__svc__d12,matern25_med,id_val,fixed_c1,1.0,,0.009705543518066406,0.7848605577689243,0.7840966921119593,0.7842818945760122,0.7954545454545454,0.8631679389312977,0.8077293456277604,full_v4_features,524,524,0,,ksf-v4-idsplit::
classical_ext,svc,12,matern25_med__svc__d12,matern25_med,id_test,fixed_c1,1.0,,0.009705543518066406,0.7429718875502008,0.7414027149321267,0.7417682136375421,0.7593984962406015,0.8414350355526827,0.7991668049633991,full_v4_features,524,524,0,,ksf-v4-idsplit::
classical_ext,svc,12,matern25_med__svc__d12,matern25_med,ood_test,fixed_c1,1.0,,0.009705543518066406,0.72,0.7318685592066887,0.7198386270491803,0.7265625,0.8274515522716961,0.8086334762748433,full_v4_features,524,524,0,,ksf-v4-idsplit::
classical_ext,svc,12,rbf_gscale_x0.1__svc__d12,rbf_gscale_x0.1,id_val,fixed_c1,1.0,,0.008698225021362305,0.7768924302788844,0.7754134860050891,0.7758642684015817,0.7910447761194029,0.8576335877862595,0.8434537465978018,full_v4_features,524,524,0,,ksf-v4-idsplit::
classical_ext,svc,12,rbf_gscale_x0.1__svc__d12,rbf_gscale_x0.1,id_test,fixed_c1,1.0,,0.008698225021362305,0.751004016064257,0.7487394957983193,0.7492202729044835,0.7703703703703704,0.8303813833225597,0.7981030819329005,full_v4_features,524,524,0,,ksf-v4-idsplit::
classical_ext,svc,12,rbf_gscale_x0.1__svc__d12,rbf_gscale_x0.1,ood_test,fixed_c1,1.0,,0.008698225021362305,0.702,0.7193110376563614,0.7003591667973825,0.7225325884543762,0.7692980750534707,0.6454036974143001,full_v4_features,524,524,0,,ksf-v4-idsplit::
classical_ext,svc,12,rbf_gscale_x0.3__svc__d12,rbf_gscale_x0.3,id_val,fixed_c1,1.0,,0.017145633697509766,0.7768924302788844,0.7768129770992367,0.7766052129688493,0.7846153846153846,0.865203562340967,0.8554768969433924,full_v4_features,524,524,0,,ksf-v4-idsplit::
classical_ext,svc,12,rbf_gscale_x0.3__svc__d12,rbf_gscale_x0.3,id_test,fixed_c1,1.0,,0.017145633697509766,0.751004016064257,0.7494505494505495,0.7498379569613689,0.7669172932330827,0.8244990303813834,0.7899937383187401,full_v4_features,524,524,0,,ksf-v4-idsplit::
classical_ext,svc,12,rbf_gscale_x0.3__svc__d12,rbf_gscale_x0.3,ood_test,fixed_c1,1.0,,0.017145633697509766,0.706,0.7224544688573465,0.7047137330210396,0.724202626641651,0.773543327500162,0.6499285342557193,full_v4_features,524,524,0,,ksf-v4-idsplit::
classical_ext,svc,12,rbf_gscale_x3__svc__d12,rbf_gscale_x3,id_val,fixed_c1,1.0,,0.0070002079010009766,0.7689243027888446,0.7688295165394402,0.7686268277177368,0.7769230769230769,0.8611323155216285,0.8086826856484847,full_v4_features,524,524,0,,ksf-v4-idsplit::
classical_ext,svc,12,rbf_gscale_x3__svc__d12,rbf_gscale_x3,id_test,fixed_c1,1.0,,0.0070002079010009766,0.7469879518072289,0.7463154492566257,0.746398952422523,0.7586206896551724,0.8425985778926955,0.807827555670846,full_v4_features,524,524,0,,ksf-v4-idsplit::
classical_ext,svc,12,rbf_gscale_x3__svc__d12,rbf_gscale_x3,ood_test,fixed_c1,1.0,,0.0070002079010009766,0.73,0.7358707628491801,0.7297567811029927,0.7216494845360825,0.825823125283557,0.8082441287414828,full_v4_features,524,524,0,,ksf-v4-idsplit::
classical_ext,svc,12,rbf_gscale_x10__svc__d12,rbf_gscale_x10,id_val,fixed_c1,1.0,,0.008123636245727539,0.7808764940239044,0.7806297709923664,0.7805281315082431,0.789272030651341,0.8683206106870228,0.8329493955362075,full_v4_features,524,524,0,,ksf-v4-idsplit::
classical_ext,svc,12,rbf_gscale_x10__svc__d12,rbf_gscale_x10,id_test,fixed_c1,1.0,,0.008123636245727539,0.7791164658634538,0.779928894634777,0.7790594498669032,0.782608695652174,0.8411118293471235,0.782698463278243,full_v4_features,524,524,0,,ksf-v4-idsplit::
classical_ext,svc,12,rbf_gscale_x10__svc__d12,rbf_gscale_x10,ood_test,fixed_c1,1.0,,0.008123636245727539,0.762,0.7551202281418109,0.7568162961691414,0.7213114754098361,0.8212457061377925,0.801949213139742,full_v4_features,524,524,0,,ksf-v4-idsplit::
classical_ext,svc,12,laplacian_med_x0.1__svc__d12,laplacian_med_x0.1,id_val,fixed_c1,1.0,,0.010351181030273438,0.8446215139442231,0.8465966921119593,0.8446116481737226,0.8433734939759037,0.9348600508905852,0.943598887078736,full_v4_features,524,524,0,,ksf-v4-idsplit::
classical_ext,svc,12,laplacian_med_x0.1__svc__d12,laplacian_med_x0.1,id_test,fixed_c1,1.0,,0.010351181030273438,0.8072289156626506,0.8100517129928895,0.8070764462809917,0.8016528925619835,0.9048480930833872,0.9162468975456322,full_v4_features,524,524,0,,ksf-v4-idsplit::
classical_ext,svc,12,laplacian_med_x0.1__svc__d12,laplacian_med_x0.1,ood_test,fixed_c1,1.0,,0.010351181030273438,0.758,0.7401808283103246,0.742945882672853,0.6807387862796834,0.7741266446302417,0.7827925774221546,full_v4_features,524,524,0,,ksf-v4-idsplit::
classical_ext,svc,12,laplacian_med_x0.3__svc__d12,laplacian_med_x0.3,id_val,fixed_c1,1.0,,0.009699583053588867,0.8007968127490039,0.8000636132315522,0.8002610134963075,0.8106060606060606,0.913295165394402,0.9154387787498952,full_v4_features,524,524,0,,ksf-v4-idsplit::
classical_ext,svc,12,laplacian_med_x0.3__svc__d12,laplacian_med_x0.3,id_test,fixed_c1,1.0,,0.009699583053588867,0.8072289156626506,0.8079185520361991,0.8071511552859172,0.8110236220472441,0.8951519069166127,0.8902215318259142,full_v4_features,524,524,0,,ksf-v4-idsplit::
classical_ext,svc,12,laplacian_med_x0.3__svc__d12,laplacian_med_x0.3,ood_test,fixed_c1,1.0,,0.009699583053588867,0.748,0.7366323157690065,0.7391693163751987,0.6911764705882353,0.7973783135653639,0.804908110914605,full_v4_features,524,524,0,,ksf-v4-idsplit::
classical_ext,svc,12,laplacian_med_x3__svc__d12,laplacian_med_x3,id_val,fixed_c1,1.0,,0.008527278900146484,0.8087649402390438,0.8080470737913485,0.8082505729564553,0.8181818181818182,0.873091603053435,0.8569416908611159,full_v4_features,524,524,0,,ksf-v4-idsplit::
classical_ext,svc,12,laplacian_med_x3__svc__d12,laplacian_med_x3,id_test,fixed_c1,1.0,,0.008527278900146484,0.7791164658634538,0.7795733678086619,0.7789881384652626,0.7843137254901961,0.8561732385261797,0.844591076763562,full_v4_features,524,524,0,,ksf-v4-idsplit::
classical_ext,svc,12,laplacian_med_x3__svc__d12,laplacian_med_x3,ood_test,fixed_c1,1.0,,0.008527278900146484,0.758,0.7587821634584224,0.7565186595245473,0.737527114967462,0.846555188281807,0.8295783298632289,full_v4_features,524,524,0,,ksf-v4-idsplit::
classical_ext,svc,12,laplacian_med_x10__svc__d12,laplacian_med_x10,id_val,fixed_c1,1.0,,0.010039806365966797,0.7808764940239044,0.7795801526717557,0.7799824687226073,0.7940074906367042,0.8648854961832062,0.8561224231319849,full_v4_features,524,524,0,,ksf-v4-idsplit::
classical_ext,svc,12,laplacian_med_x10__svc__d12,laplacian_med_x10,id_test,fixed_c1,1.0,,0.010039806365966797,0.7590361445783133,0.7574983839689722,0.7579077002851957,0.7744360902255639,0.8440853264382676,0.8499337142308373,full_v4_features,524,524,0,,ksf-v4-idsplit::
classical_ext,svc,12,laplacian_med_x10__svc__d12,laplacian_med_x10,ood_test,fixed_c1,1.0,,0.010039806365966797,0.718,0.7300699980556096,0.7178092390455948,0.7251461988304093,0.8127065914835698,0.7690431482890936,full_v4_features,524,524,0,,ksf-v4-idsplit::
classical_ext,svc,12,matern15_med_x0.1__svc__d12,matern15_med_x0.1,id_val,fixed_c1,1.0,,0.009097576141357422,0.8326693227091634,0.8347964376590331,0.8326454152908306,0.8306451612903226,0.9184478371501272,0.9294137828977573,full_v4_features,524,524,0,,ksf-v4-idsplit::
classical_ext,svc,12,matern15_med_x0.1__svc__d12,matern15_med_x0.1,id_test,fixed_c1,1.0,,0.009097576141357422,0.8072289156626506,0.8096961861667744,0.8071511552859172,0.8032786885245902,0.8950872656755011,0.9007275244537117,full_v4_features,524,524,0,,ksf-v4-idsplit::
classical_ext,svc,12,matern15_med_x0.1__svc__d12,matern15_med_x0.1,ood_test,fixed_c1,1.0,,0.009097576141357422,0.758,0.7410882105126709,0.7439814481763438,0.6840731070496083,0.7747747747747747,0.79166322295615,full_v4_features,524,524,0,,ksf-v4-idsplit::
classical_ext,svc,12,matern15_med_x0.3__svc__d12,matern15_med_x0.3,id_val,fixed_c1,1.0,,0.008576631546020508,0.7768924302788844,0.7771628498727735,0.7767187698563984,0.7829457364341085,0.8948473282442748,0.8804831836564875,full_v4_features,524,524,0,,ksf-v4-idsplit::
classical_ext,svc,12,matern15_med_x0.3__svc__d12,matern15_med_x0.3,id_test,fixed_c1,1.0,,0.008576631546020508,0.8032128514056225,0.8033613445378152,0.8030095096630447,0.8093385214007782,0.8762120232708468,0.8624934609361976,full_v4_features,524,524,0,,ksf-v4-idsplit::
classical_ext,svc,12,matern15_med_x0.3__svc__d12,matern15_med_x0.3,ood_test,fixed_c1,1.0,,0.008576631546020508,0.752,0.7411368202735109,0.7436957420421662,0.697560975609756,0.8030413507032212,0.801719666831337,full_v4_features,524,524,0,,ksf-v4-idsplit::
classical_ext,svc,12,matern15_med_x3__svc__d12,matern15_med_x3,id_val,fixed_c1,1.0,,0.007000923156738281,0.7848605577689243,0.7840966921119593,0.7842818945760122,0.7954545454545454,0.8631043256997454,0.8524155006317771,full_v4_features,524,524,0,,ksf-v4-idsplit::
classical_ext,svc,12,matern15_med_x3__svc__d12,matern15_med_x3,id_test,fixed_c1,1.0,,0.007000923156738281,0.751004016064257,0.7494505494505495,0.7498379569613689,0.7669172932330827,0.8292178409825468,0.8237817279469916,full_v4_features,524,524,0,,ksf-v4-idsplit::
classical_ext,svc,12,matern15_med_x3__svc__d12,matern15_med_x3,ood_test,fixed_c1,1.0,,0.007000923156738281,0.708,0.7237993389072526,0.706945002007226,0.7245283018867924,0.7900058331713009,0.6930007511805771,full_v4_features,524,524,0,,ksf-v4-idsplit::
classical_ext,svc,12,matern15_med_x10__svc__d12,matern15_med_x10,id_val,fixed_c1,1.0,,0.007999897003173828,0.7848605577689243,0.7812977099236641,0.781949806949807,0.8071428571428572,0.8467557251908397,0.8270781128376565,full_v4_features,524,524,0,,ksf-v4-idsplit::
classical_ext,svc,12,matern15_med_x10__svc__d12,matern15_med_x10,id_test,fixed_c1,1.0,,0.007999897003173828,0.7349397590361446,0.7308661926308985,0.7307667103538663,0.7642857142857142,0.8244343891402715,0.7926480027968786,full_v4_features,524,524,0,,ksf-v4-idsplit::
classical_ext,svc,12,matern15_med_x10__svc__d12,matern15_med_x10,ood_test,fixed_c1,1.0,,0.007999897003173828,0.558,0.587546179272798,0.5399647792039102,0.6310517529215359,0.7561410331194505,0.6447775857622403,full_v4_features,524,524,0,,ksf-v4-idsplit::
classical_ext,svc,12,matern25_med_x0.1__svc__d12,matern25_med_x0.1,id_val,fixed_c1,1.0,,0.0089874267578125,0.8207171314741036,0.822296437659033,0.8207171314741036,0.8207171314741036,0.9122773536895674,0.923012168161003,full_v4_features,524,524,0,,ksf-v4-idsplit::
classical_ext,svc,12,matern25_med_x0.1__svc__d12,matern25_med_x0.1,id_test,fixed_c1,1.0,,0.0089874267578125,0.8152610441767069,0.8173884938590821,0.8152342237708091,0.8130081300813008,0.8880413703943116,0.8823329376415361,full_v4_features,524,524,0,,ksf-v4-idsplit::
classical_ext,svc,12,matern25_med_x0.1__svc__d12,matern25_med_x0.1,ood_test,fixed_c1,1.0,,0.0089874267578125,0.754,0.7370373971093396,0.7397497365759529,0.6788511749347258,0.775228465875948,0.7882577163926967,full_v4_features,524,524,0,,ksf-v4-idsplit::
classical_ext,svc,12,matern25_med_x0.3__svc__d12,matern25_med_x0.3,id_val,fixed_c1,1.0,,0.008480072021484375,0.7729083665338645,0.7733460559796438,0.7727785277535139,0.7782101167315175,0.8901399491094149,0.8737132260389795,full_v4_features,524,524,0,,ksf-v4-idsplit::
classical_ext,svc,12,matern25_med_x0.3__svc__d12,matern25_med_x0.3,id_test,fixed_c1,1.0,,0.008480072021484375,0.8032128514056225,0.8033613445378152,0.8030095096630447,0.8093385214007782,0.8630252100840337,0.8332352280263007,full_v4_features,524,524,0,,ksf-v4-idsplit::
classical_ext,svc,12,matern25_med_x0.3__svc__d12,matern25_med_x0.3,ood_test,fixed_c1,1.0,,0.008480072021484375,0.752,0.7411368202735109,0.7436957420421662,0.697560975609756,0.8019800375915485,0.7926435304605024,full_v4_features,524,524,0,,ksf-v4-idsplit::
classical_ext,svc,12,matern25_med_x3__svc__d12,matern25_med_x3,id_val,fixed_c1,1.0,,0.008006095886230469,0.7888446215139442,0.788263358778626,0.7883608826383697,0.7984790874524715,0.8676844783715013,0.862719574718627,full_v4_features,524,524,0,,ksf-v4-idsplit::
classical_ext,svc,12,matern25_med_x3__svc__d12,matern25_med_x3,id_test,fixed_c1,1.0,,0.008006095886230469,0.751004016064257,0.7494505494505495,0.7498379569613689,0.7669172932330827,0.8268907563025211,0.8068703448456735,full_v4_features,524,524,0,,ksf-v4-idsplit::
classical_ext,svc,12,matern25_med_x3__svc__d12,matern25_med_x3,ood_test,fixed_c1,1.0,,0.008006095886230469,0.71,0.7260515911595049,0.7088809383269288,0.7269303201506592,0.7781936612871865,0.6646698926011205,full_v4_features,524,524,0,,ksf-v4-idsplit::
classical_ext,svc,12,matern25_med_x10__svc__d12,matern25_med_x10,id_val,fixed_c1,1.0,,0.008515119552612305,0.7290836653386454,0.7275127226463105,0.7278351830590637,0.746268656716418,0.8336513994910941,0.8206716550472514,full_v4_features,524,524,0,,ksf-v4-idsplit::
classical_ext,svc,12,matern25_med_x10__svc__d12,matern25_med_x10,id_test,fixed_c1,1.0,,0.008515119552612305,0.6867469879518072,0.6857789269553975,0.6858908008798033,0.7022900763358778,0.7997414350355527,0.770028009143571,full_v4_features,524,524,0,,ksf-v4-idsplit::
classical_ext,svc,12,matern25_med_x10__svc__d12,matern25_med_x10,ood_test,fixed_c1,1.0,,0.008515119552612305,0.54,0.5627389979907965,0.5308037535699714,0.5964912280701754,0.727250631926891,0.6622597681592854,full_v4_features,524,524,0,,ksf-v4-idsplit::
quantum,svc,12,zz_r1_full__as0.5__svc__d12,zz_r1_full__as0.5,id_val,fixed_c1,1.0,,0.008999347686767578,0.796812749003984,0.79764631043257,0.796761133603239,0.8,0.8989185750636133,0.9043231761722925,full_v4_features,524,524,0,,ksf-v4-idsplit::
quantum,svc,12,zz_r1_full__as0.5__svc__d12,zz_r1_full__as0.5,id_test,fixed_c1,1.0,,0.008999347686767578,0.7951807228915663,0.7956690368455075,0.7950617283950617,0.8,0.8816418875242404,0.87523445765752,full_v4_features,524,524,0,,ksf-v4-idsplit::
quantum,svc,12,zz_r1_full__as0.5__svc__d12,zz_r1_full__as0.5,ood_test,fixed_c1,1.0,,0.008999347686767578,0.752,0.7402294380711647,0.7429135360169843,0.6945812807881774,0.7875915483829152,0.7910518806985858,full_v4_features,524,524,0,,ksf-v4-idsplit::
quantum,svc,12,zz_r2_full__as0.5__svc__d12,zz_r2_full__as0.5,id_val,fixed_c1,1.0,,0.012511491775512695,0.8047808764940239,0.8066793893129771,0.8047684810387796,0.8032128514056225,0.9074427480916031,0.9203057763871303,full_v4_features,524,524,0,,ksf-v4-idsplit::
quantum,svc,12,zz_r2_full__as0.5__svc__d12,zz_r2_full__as0.5,id_test,fixed_c1,1.0,,0.012511491775512695,0.8072289156626506,0.8093406593406594,0.8072009291521487,0.8048780487804879,0.8836457659987071,0.8731227171473662,full_v4_features,524,524,0,,ksf-v4-idsplit::
quantum,svc,12,zz_r2_full__as0.5__svc__d12,zz_r2_full__as0.5,ood_test,fixed_c1,1.0,,0.012511491775512695,0.762,0.7442316417136561,0.7471947110584256,0.6860158311345647,0.780267677749692,0.7909987427302694,full_v4_features,524,524,0,,ksf-v4-idsplit::
quantum,svc,12,pauli_xz_r1_full__as0.5__svc__d12,pauli_xz_r1_full__as0.5,id_val,fixed_c1,1.0,,0.017142534255981445,0.7729083665338645,0.77264631043257,0.772547336290361,0.7816091954022989,0.8667938931297711,0.8422237480616617,full_v4_features,524,524,0,,ksf-v4-idsplit::
quantum,svc,12,pauli_xz_r1_full__as0.5__svc__d12,pauli_xz_r1_full__as0.5,id_test,fixed_c1,1.0,,0.017142534255981445,0.7349397590361446,0.7340659340659341,0.7342152930521413,0.7480916030534351,0.843180349062702,0.8332928111150644,full_v4_features,524,524,0,,ksf-v4-idsplit::
quantum,svc,12,pauli_xz_r1_full__as0.5__svc__d12,pauli_xz_r1_full__as0.5,ood_test,fixed_c1,1.0,,0.017142534255981445,0.712,0.7260353879058915,0.7114413504544799,0.7241379310344828,0.842374748849569,0.8150646381355454,full_v4_features,524,524,0,,ksf-v4-idsplit::
quantum,svc,12,zmap_r2__as0.5__svc__d12,zmap_r2__as0.5,id_val,fixed_c1,1.0,,0.009499311447143555,0.7808764940239044,0.7799300254452926,0.780192659820078,0.7924528301886793,0.8664758269720102,0.8177696553488276,full_v4_features,524,524,0,,ksf-v4-idsplit::
quantum,svc,12,zmap_r2__as0.5__svc__d12,zmap_r2__as0.5,id_test,fixed_c1,1.0,,0.009499311447143555,0.7469879518072289,0.7463154492566257,0.746398952422523,0.7586206896551724,0.8388493859082095,0.8064033270369269,full_v4_features,524,524,0,,ksf-v4-idsplit::
quantum,svc,12,zmap_r2__as0.5__svc__d12,zmap_r2__as0.5,ood_test,fixed_c1,1.0,,0.009499311447143555,0.738,0.7457871540605354,0.7379486379330349,0.7342799188640974,0.8277108043295094,0.8110020812093555,full_v4_features,524,524,0,,ksf-v4-idsplit::
quantum,svc,12,zz_r1_full__svc__d12,zz_r1_full,id_val,fixed_c1,1.0,,0.01002049446105957,0.8007968127490039,0.8021628498727735,0.8007936507936508,0.8015873015873016,0.9053435114503817,0.9178572682362884,full_v4_features,524,524,0,,ksf-v4-idsplit::
quantum,svc,12,zz_r1_full__svc__d12,zz_r1_full,id_test,fixed_c1,1.0,,0.01002049446105957,0.8152610441767069,0.8163219133807369,0.8152342237708091,0.8174603174603174,0.8799612152553329,0.8695576121345133,full_v4_features,524,524,0,,ksf-v4-idsplit::
quantum,svc,12,zz_r1_full__svc__d12,zz_r1_full,ood_test,fixed_c1,1.0,,0.01002049446105957,0.764,0.7487523494717739,0.7519966372425388,0.6974358974358974,0.7774159051137469,0.783415695519526,full_v4_features,524,524,0,,ksf-v4-idsplit::
quantum,svc,12,zz_r2_full__svc__d12,zz_r2_full,id_val,fixed_c1,1.0,,0.010599613189697266,0.8047808764940239,0.8077290076335878,0.8045823601379157,0.7983539094650206,0.9165394402035624,0.9255727004222432,full_v4_features,524,524,0,,ksf-v4-idsplit::
quantum,svc,12,zz_r2_full__svc__d12,zz_r2_full,id_test,fixed_c1,1.0,,0.010599613189697266,0.7951807228915663,0.798513251454428,0.7948498408749455,0.7866108786610879,0.8842921784098255,0.8784526601777732,full_v4_features,524,524,0,,ksf-v4-idsplit::
quantum,svc,12,zz_r2_full__svc__d12,zz_r2_full,ood_test,fixed_c1,1.0,,0.010599613189697266,0.758,0.7365512995009398,0.738356881214024,0.6666666666666666,0.7671430423228984,0.7814580134499666,full_v4_features,524,524,0,,ksf-v4-idsplit::
quantum,svc,12,pauli_xz_r1_full__svc__d12,pauli_xz_r1_full,id_val,fixed_c1,1.0,,0.008580207824707031,0.7848605577689243,0.7837468193384224,0.7840894609404868,0.7969924812030075,0.863994910941476,0.8125889309325385,full_v4_features,524,524,0,,ksf-v4-idsplit::
quantum,svc,12,pauli_xz_r1_full__svc__d12,pauli_xz_r1_full,id_test,fixed_c1,1.0,,0.008580207824707031,0.7710843373493976,0.7715255332902391,0.7709513435003631,0.7764705882352941,0.8426632191338074,0.7916036432434077,full_v4_features,524,524,0,,ksf-v4-idsplit::
quantum,svc,12,pauli_xz_r1_full__svc__d12,pauli_xz_r1_full,ood_test,fixed_c1,1.0,,0.008580207824707031,0.764,0.7573724803940631,0.7590026795634273,0.7242990654205608,0.8217804135070321,0.804056138534692,full_v4_features,524,524,0,,ksf-v4-idsplit::
quantum,svc,12,zmap_r2__svc__d12,zmap_r2,id_val,fixed_c1,1.0,,0.008002519607543945,0.7928286852589641,0.7920801526717558,0.79227145403616,0.803030303030303,0.8594783715012723,0.8252193288272016,full_v4_features,524,524,0,,ksf-v4-idsplit::
quantum,svc,12,zmap_r2__svc__d12,zmap_r2,id_test,fixed_c1,1.0,,0.008002519607543945,0.7831325301204819,0.7841305753070459,0.7831010452961673,0.7857142857142857,0.8444731738849386,0.7986266762886458,full_v4_features,524,524,0,,ksf-v4-idsplit::
quantum,svc,12,zmap_r2__svc__d12,zmap_r2,ood_test,fixed_c1,1.0,,0.008002519607543945,0.742,0.7330513967204615,0.7350465619724038,0.6921241050119332,0.8087529976019185,0.7882242192561852,full_v4_features,524,524,0,,ksf-v4-idsplit::
quantum,svc,12,zz_r1_full__as2__svc__d12,zz_r1_full__as2,id_val,fixed_c1,1.0,,0.010833024978637695,0.8366533864541833,0.8393129770992367,0.8365599936472643,0.8326530612244898,0.9254452926208651,0.9291070828860242,full_v4_features,524,524,0,,ksf-v4-idsplit::
quantum,svc,12,zz_r1_full__as2__svc__d12,zz_r1_full__as2,id_test,fixed_c1,1.0,,0.010833024978637695,0.8112449799196787,0.8142533936651584,0.8110499378400633,0.8049792531120332,0.8956043956043956,0.8976665303277475,full_v4_features,524,524,0,,ksf-v4-idsplit::
quantum,svc,12,zz_r1_full__as2__svc__d12,zz_r1_full__as2,ood_test,fixed_c1,1.0,,0.010833024978637695,0.74,0.7171884114330158,0.717189648270941,0.6368715083798883,0.780413507032212,0.7801480899490894,full_v4_features,524,524,0,,ksf-v4-idsplit::
quantum,svc,12,zz_r2_full__as2__svc__d12,zz_r2_full__as2,id_val,fixed_c1,1.0,,0.011317729949951172,0.8406374501992032,0.844529262086514,0.8402088107970461,0.8319327731092437,0.9250636132315522,0.9253738126007419,full_v4_features,524,524,0,,ksf-v4-idsplit::
quantum,svc,12,zz_r2_full__as2__svc__d12,zz_r2_full__as2,id_test,fixed_c1,1.0,,0.011317729949951172,0.7951807228915663,0.7999353587588882,0.7941047716328615,0.7792207792207793,0.8926955397543633,0.8951725800703604,full_v4_features,524,524,0,,ksf-v4-idsplit::
quantum,svc,12,zz_r2_full__as2__svc__d12,zz_r2_full__as2,ood_test,fixed_c1,1.0,,0.011317729949951172,0.73,0.7022976213623695,0.6978933093438242,0.599406528189911,0.7775941409034934,0.7666719213075185,full_v4_features,524,524,0,,ksf-v4-idsplit::
quantum,svc,12,pauli_xz_r1_full__as2__svc__d12,pauli_xz_r1_full__as2,id_val,fixed_c1,1.0,,0.009227991104125977,0.7768924302788844,0.7778625954198474,0.7768605537211074,0.7795275590551181,0.8876590330788804,0.8818782471221217,full_v4_features,524,524,0,,ksf-v4-idsplit::
quantum,svc,12,pauli_xz_r1_full__as2__svc__d12,pauli_xz_r1_full__as2,id_test,fixed_c1,1.0,,0.009227991104125977,0.8072289156626506,0.8086296056884292,0.8072258064516129,0.808,0.8610213316095668,0.8271405652789212,full_v4_features,524,524,0,,ksf-v4-idsplit::
quantum,svc,12,pauli_xz_r1_full__as2__svc__d12,pauli_xz_r1_full__as2,ood_test,fixed_c1,1.0,,0.009227991104125977,0.746,0.7348337546179273,0.7372982678233817,0.6894865525672371,0.7922742886771663,0.7627494364941105,full_v4_features,524,524,0,,ksf-v4-idsplit::
quantum,svc,12,zmap_r2__as2__svc__d12,zmap_r2__as2,id_val,fixed_c1,1.0,,0.00981450080871582,0.7888446215139442,0.7893129770992366,0.7887238942269514,0.7937743190661478,0.8853689567430025,0.8665485319097834,full_v4_features,524,524,0,,ksf-v4-idsplit::
quantum,svc,12,zmap_r2__as2__svc__d12,zmap_r2__as2,id_test,fixed_c1,1.0,,0.00981450080871582,0.7991967871485943,0.8002262443438914,0.7991676345334882,0.8015873015873016,0.8721396250808016,0.8426303407293709,full_v4_features,524,524,0,,ksf-v4-idsplit::
quantum,svc,12,zmap_r2__as2__svc__d12,zmap_r2__as2,ood_test,fixed_c1,1.0,,0.00981450080871582,0.75,0.7388845680212587,0.7414353029757694,0.6943765281173594,0.7955149393998315,0.7879395348169209,full_v4_features,524,524,0,,ksf-v4-idsplit::
