n_id,n_val,n_test,pos_rate_val,pos_rate_test,overlap,class_balance_gap
1000,501,499,0.500998003992016,0.501002004008016,0,4.00001599998312e-06
