n_id,n_val,n_test,pos_rate_val,pos_rate_test,overlap,class_balance_gap
1800,901,899,0.516093229744728,0.5161290322580645,0,3.580251333645812e-05
