n_id,n_val,n_test,pos_rate_val,pos_rate_test,overlap,class_balance_gap
500,251,249,0.4940239043824701,0.4939759036144578,0,4.80007680123129e-05
