family,model,dim,cfg,kernel,split,regularization,c_selected,c_cv_score,fit_seconds,accuracy,balanced_accuracy,f1_macro,f1_pos,roc_auc,pr_auc,feature_policy,n_input_features,n_retained_features,n_removed_features,removed_features,id_split_hash_salt
classical_ext,svc,4,linear__svc__d4,linear,id_val,fixed_c1,1.0,,0.009000539779663086,0.864,0.8669953893442623,0.8625129399585921,0.8768115942028986,0.8856301229508197,0.8670950827672326,full_v4_features,39,39,0,,ksf-v4-idsplit::
classical_ext,svc,4,linear__svc__d4,linear,id_test,fixed_c1,1.0,,0.009000539779663086,0.848,0.8507940573770492,0.8465861378463924,0.8613138686131386,0.8393314549180327,0.7729250749982945,full_v4_features,39,39,0,,ksf-v4-idsplit::
classical_ext,svc,4,linear__svc__d4,linear,ood_test,fixed_c1,1.0,,0.009000539779663086,0.708,0.7071153138450215,0.6925746243514588,0.761437908496732,0.6285220563529017,0.5308632850356345,full_v4_features,39,39,0,,ksf-v4-idsplit::
classical_ext,svc,4,rbf_gscale__svc__d4,rbf_gscale,id_val,fixed_c1,1.0,,0.006000041961669922,0.884,0.88671875,0.8830097949040681,0.8937728937728938,0.9359631147540983,0.8712384089906748,full_v4_features,39,39,0,,ksf-v4-idsplit::
classical_ext,svc,4,rbf_gscale__svc__d4,rbf_gscale,id_test,fixed_c1,1.0,,0.006000041961669922,0.884,0.88671875,0.8830097949040681,0.8937728937728938,0.9567751024590164,0.9322646358245734,full_v4_features,39,39,0,,ksf-v4-idsplit::
classical_ext,svc,4,rbf_gscale__svc__d4,rbf_gscale,ood_test,fixed_c1,1.0,,0.006000041961669922,0.766,0.7650602409638554,0.751949423123402,0.8109854604200323,0.8533736539784637,0.7450047427365313,full_v4_features,39,39,0,,ksf-v4-idsplit::
classical_ext,svc,4,poly2__svc__d4,poly2,id_val,fixed_c1,1.0,,0.008999347686767578,0.872,0.875,0.870600414078675,0.8840579710144928,0.8429175204918032,0.6990694504233168,full_v4_features,39,39,0,,ksf-v4-idsplit::
classical_ext,svc,4,poly2__svc__d4,poly2,id_test,fixed_c1,1.0,,0.008999347686767578,0.872,0.875,0.870600414078675,0.8840579710144928,0.8554047131147542,0.7549128441241744,full_v4_features,39,39,0,,ksf-v4-idsplit::
classical_ext,svc,4,poly2__svc__d4,poly2,ood_test,fixed_c1,1.0,,0.008999347686767578,0.744,0.7429718875502008,0.7254397254397253,0.7968253968253968,0.7190675050800812,0.6078384271802622,full_v4_features,39,39,0,,ksf-v4-idsplit::
classical_ext,svc,4,poly3__svc__d4,poly3,id_val,fixed_c1,1.0,,0.0055980682373046875,0.872,0.875,0.870600414078675,0.8840579710144928,0.8673155737704917,0.760182860298704,full_v4_features,39,39,0,,ksf-v4-idsplit::
classical_ext,svc,4,poly3__svc__d4,poly3,id_test,fixed_c1,1.0,,0.0055980682373046875,0.868,0.87109375,0.8664421816062553,0.8808664259927798,0.9104764344262295,0.8438271037114778,full_v4_features,39,39,0,,ksf-v4-idsplit::
classical_ext,svc,4,poly3__svc__d4,poly3,ood_test,fixed_c1,1.0,,0.0055980682373046875,0.744,0.7429718875502008,0.7254397254397253,0.7968253968253968,0.7119793916702667,0.6020045348384059,full_v4_features,39,39,0,,ksf-v4-idsplit::
classical_ext,svc,4,laplacian_med__svc__d4,laplacian_med,id_val,fixed_c1,1.0,,0.008394956588745117,0.884,0.88671875,0.8830097949040681,0.8937728937728938,0.9182248975409837,0.84724735616559,full_v4_features,39,39,0,,ksf-v4-idsplit::
classical_ext,svc,4,laplacian_med__svc__d4,laplacian_med,id_test,fixed_c1,1.0,,0.008394956588745117,0.88,0.8828125,0.8788837930366256,0.8905109489051095,0.9623463114754098,0.9432237254970262,full_v4_features,39,39,0,,ksf-v4-idsplit::
classical_ext,svc,4,laplacian_med__svc__d4,laplacian_med,ood_test,fixed_c1,1.0,,0.008394956588745117,0.766,0.7650602409638554,0.751949423123402,0.8109854604200323,0.8442535080561289,0.766585220171653,full_v4_features,39,39,0,,ksf-v4-idsplit::
classical_ext,svc,4,matern15_med__svc__d4,matern15_med,id_val,fixed_c1,1.0,,0.0059015750885009766,0.884,0.88671875,0.8830097949040681,0.8937728937728938,0.9375,0.8849797232179157,full_v4_features,39,39,0,,ksf-v4-idsplit::
classical_ext,svc,4,matern15_med__svc__d4,matern15_med,id_test,fixed_c1,1.0,,0.0059015750885009766,0.88,0.8828125,0.8788837930366256,0.8905109489051095,0.9588242827868853,0.9436468216821672,full_v4_features,39,39,0,,ksf-v4-idsplit::
classical_ext,svc,4,matern15_med__svc__d4,matern15_med,ood_test,fixed_c1,1.0,,0.0059015750885009766,0.766,0.7650602409638554,0.751949423123402,0.8109854604200323,0.8785100561608985,0.7943358141606104,full_v4_features,39,39,0,,ksf-v4-idsplit::
classical_ext,svc,4,matern25_med__svc__d4,matern25_med,id_val,fixed_c1,1.0,,0.00800013542175293,0.884,0.88671875,0.8830097949040681,0.8937728937728938,0.9240522540983606,0.8548347386961155,full_v4_features,39,39,0,,ksf-v4-idsplit::
classical_ext,svc,4,matern25_med__svc__d4,matern25_med,id_test,fixed_c1,1.0,,0.00800013542175293,0.88,0.8828125,0.8788837930366256,0.8905109489051095,0.9319928278688524,0.8960425204118749,full_v4_features,39,39,0,,ksf-v4-idsplit::
classical_ext,svc,4,matern25_med__svc__d4,matern25_med,ood_test,fixed_c1,1.0,,0.00800013542175293,0.766,0.7650602409638554,0.751949423123402,0.8109854604200323,0.7941247059952959,0.6653720727901205,full_v4_features,39,39,0,,ksf-v4-idsplit::
classical_ext,svc,4,rbf_gscale_x0.1__svc__d4,rbf_gscale_x0.1,id_val,fixed_c1,1.0,,0.008002519607543945,0.872,0.875,0.870600414078675,0.8840579710144928,0.8381147540983607,0.6978336548712814,full_v4_features,39,39,0,,ksf-v4-idsplit::
classical_ext,svc,4,rbf_gscale_x0.1__svc__d4,rbf_gscale_x0.1,id_test,fixed_c1,1.0,,0.008002519607543945,0.872,0.875,0.870600414078675,0.8840579710144928,0.8605276639344263,0.7568211386132218,full_v4_features,39,39,0,,ksf-v4-idsplit::
classical_ext,svc,4,rbf_gscale_x0.1__svc__d4,rbf_gscale_x0.1,ood_test,fixed_c1,1.0,,0.008002519607543945,0.744,0.7429718875502008,0.7254397254397253,0.7968253968253968,0.7325557208915342,0.6223314340897417,full_v4_features,39,39,0,,ksf-v4-idsplit::
classical_ext,svc,4,rbf_gscale_x0.3__svc__d4,rbf_gscale_x0.3,id_val,fixed_c1,1.0,,0.008000850677490234,0.872,0.875,0.870600414078675,0.8840579710144928,0.9083632172131147,0.8426525622469008,full_v4_features,39,39,0,,ksf-v4-idsplit::
classical_ext,svc,4,rbf_gscale_x0.3__svc__d4,rbf_gscale_x0.3,id_test,fixed_c1,1.0,,0.008000850677490234,0.872,0.875,0.870600414078675,0.8840579710144928,0.9070184426229508,0.8529739789246631,full_v4_features,39,39,0,,ksf-v4-idsplit::
classical_ext,svc,4,rbf_gscale_x0.3__svc__d4,rbf_gscale_x0.3,ood_test,fixed_c1,1.0,,0.008000850677490234,0.746,0.7449799196787148,0.7278870752788622,0.7980922098569158,0.7550520808332933,0.6279093514288766,full_v4_features,39,39,0,,ksf-v4-idsplit::
classical_ext,svc,4,rbf_gscale_x3__svc__d4,rbf_gscale_x3,id_val,fixed_c1,1.0,,0.005000114440917969,0.884,0.88671875,0.8830097949040681,0.8937728937728938,0.9332095286885246,0.873790032408751,full_v4_features,39,39,0,,ksf-v4-idsplit::
classical_ext,svc,4,rbf_gscale_x3__svc__d4,rbf_gscale_x3,id_test,fixed_c1,1.0,,0.005000114440917969,0.88,0.8826203893442623,0.87906346749226,0.8897058823529411,0.9626024590163934,0.9451982161460508,full_v4_features,39,39,0,,ksf-v4-idsplit::
classical_ext,svc,4,rbf_gscale_x3__svc__d4,rbf_gscale_x3,ood_test,fixed_c1,1.0,,0.005000114440917969,0.766,0.7650602409638554,0.751949423123402,0.8109854604200323,0.9123985983775741,0.8865893082987348,full_v4_features,39,39,0,,ksf-v4-idsplit::
classical_ext,svc,4,rbf_gscale_x10__svc__d4,rbf_gscale_x10,id_val,fixed_c1,1.0,,0.005999565124511719,0.884,0.8865266393442623,0.8831756876520731,0.8929889298892989,0.9282786885245902,0.8608076487658819,full_v4_features,39,39,0,,ksf-v4-idsplit::
classical_ext,svc,4,rbf_gscale_x10__svc__d4,rbf_gscale_x10,id_test,fixed_c1,1.0,,0.005999565124511719,0.888,0.8904328893442623,0.8872785829307568,0.8962962962962963,0.9422387295081966,0.8920995108229496,full_v4_features,39,39,0,,ksf-v4-idsplit::
classical_ext,svc,4,rbf_gscale_x10__svc__d4,rbf_gscale_x10,ood_test,fixed_c1,1.0,,0.005999565124511719,0.772,0.7711003376054018,0.7594977299961182,0.8143322475570033,0.894238307812925,0.8614562943074556,full_v4_features,39,39,0,,ksf-v4-idsplit::
classical_ext,svc,4,laplacian_med_x0.1__svc__d4,laplacian_med_x0.1,id_val,fixed_c1,1.0,,0.007529258728027344,0.876,0.8781378073770492,0.8754239603928566,0.8838951310861424,0.9569031762295082,0.9458999976497591,full_v4_features,39,39,0,,ksf-v4-idsplit::
classical_ext,svc,4,laplacian_med_x0.1__svc__d4,laplacian_med_x0.1,id_test,fixed_c1,1.0,,0.007529258728027344,0.9,0.90234375,0.8994190444004571,0.9070631970260223,0.9490906762295082,0.8780091131505694,full_v4_features,39,39,0,,ksf-v4-idsplit::
classical_ext,svc,4,laplacian_med_x0.1__svc__d4,laplacian_med_x0.1,ood_test,fixed_c1,1.0,,0.007529258728027344,0.786,0.7852045632730124,0.7768964841387995,0.8219633943427621,0.8807820925134802,0.8115300466495394,full_v4_features,39,39,0,,ksf-v4-idsplit::
classical_ext,svc,4,laplacian_med_x0.3__svc__d4,laplacian_med_x0.3,id_val,fixed_c1,1.0,,0.0070188045501708984,0.884,0.88671875,0.8830097949040681,0.8937728937728938,0.9334656762295082,0.8856697941320086,full_v4_features,39,39,0,,ksf-v4-idsplit::
classical_ext,svc,4,laplacian_med_x0.3__svc__d4,laplacian_med_x0.3,id_test,fixed_c1,1.0,,0.0070188045501708984,0.88,0.8826203893442623,0.87906346749226,0.8897058823529411,0.956390881147541,0.918677905228092,full_v4_features,39,39,0,,ksf-v4-idsplit::
classical_ext,svc,4,laplacian_med_x0.3__svc__d4,laplacian_med_x0.3,ood_test,fixed_c1,1.0,,0.0070188045501708984,0.766,0.7650602409638554,0.751949423123402,0.8109854604200323,0.8697099153586458,0.813617190622929,full_v4_features,39,39,0,,ksf-v4-idsplit::
classical_ext,svc,4,laplacian_med_x3__svc__d4,laplacian_med_x3,id_val,fixed_c1,1.0,,0.004962444305419922,0.884,0.88671875,0.8830097949040681,0.8937728937728938,0.8917136270491803,0.7934793728872296,full_v4_features,39,39,0,,ksf-v4-idsplit::
classical_ext,svc,4,laplacian_med_x3__svc__d4,laplacian_med_x3,id_test,fixed_c1,1.0,,0.004962444305419922,0.88,0.8828125,0.8788837930366256,0.8905109489051095,0.9206582991803278,0.8771938276871878,full_v4_features,39,39,0,,ksf-v4-idsplit::
classical_ext,svc,4,laplacian_med_x3__svc__d4,laplacian_med_x3,ood_test,fixed_c1,1.0,,0.004962444305419922,0.764,0.7630522088353413,0.7495755517826825,0.8096774193548387,0.7511160178562857,0.6204413663877547,full_v4_features,39,39,0,,ksf-v4-idsplit::
classical_ext,svc,4,laplacian_med_x10__svc__d4,laplacian_med_x10,id_val,fixed_c1,1.0,,0.007565021514892578,0.872,0.875,0.870600414078675,0.8840579710144928,0.8824282786885246,0.7735805320702579,full_v4_features,39,39,0,,ksf-v4-idsplit::
classical_ext,svc,4,laplacian_med_x10__svc__d4,laplacian_med_x10,id_test,fixed_c1,1.0,,0.007565021514892578,0.868,0.87109375,0.8664421816062553,0.8808664259927798,0.8939549180327869,0.8062913678496363,full_v4_features,39,39,0,,ksf-v4-idsplit::
classical_ext,svc,4,laplacian_med_x10__svc__d4,laplacian_med_x10,ood_test,fixed_c1,1.0,,0.007565021514892578,0.744,0.7429718875502008,0.7254397254397253,0.7968253968253968,0.6743467895486328,0.5497904231968362,full_v4_features,39,39,0,,ksf-v4-idsplit::
classical_ext,svc,4,matern15_med_x0.1__svc__d4,matern15_med_x0.1,id_val,fixed_c1,1.0,,0.006606340408325195,0.888,0.8900486680327868,0.8875393612235718,0.8947368421052632,0.9344902663934427,0.8822082392677727,full_v4_features,39,39,0,,ksf-v4-idsplit::
classical_ext,svc,4,matern15_med_x0.1__svc__d4,matern15_med_x0.1,id_test,fixed_c1,1.0,,0.006606340408325195,0.9,0.9021516393442623,0.8995354519297231,0.9063670411985019,0.9437115778688525,0.8954230914241601,full_v4_features,39,39,0,,ksf-v4-idsplit::
classical_ext,svc,4,matern15_med_x0.1__svc__d4,matern15_med_x0.1,ood_test,fixed_c1,1.0,,0.006606340408325195,0.79,0.7892366277860445,0.7817873486539397,0.8241206030150754,0.9026224419590714,0.8674811911071252,full_v4_features,39,39,0,,ksf-v4-idsplit::
classical_ext,svc,4,matern15_med_x0.3__svc__d4,matern15_med_x0.3,id_val,fixed_c1,1.0,,0.005471229553222656,0.884,0.88671875,0.8830097949040681,0.8937728937728938,0.9350025614754098,0.8772649940375905,full_v4_features,39,39,0,,ksf-v4-idsplit::
classical_ext,svc,4,matern15_med_x0.3__svc__d4,matern15_med_x0.3,id_test,fixed_c1,1.0,,0.005471229553222656,0.88,0.8826203893442623,0.87906346749226,0.8897058823529411,0.954405737704918,0.9202051066978983,full_v4_features,39,39,0,,ksf-v4-idsplit::
classical_ext,svc,4,matern15_med_x0.3__svc__d4,matern15_med_x0.3,ood_test,fixed_c1,1.0,,0.005471229553222656,0.766,0.7650602409638554,0.751949423123402,0.8109854604200323,0.8971343541496664,0.8677751646533792,full_v4_features,39,39,0,,ksf-v4-idsplit::
classical_ext,svc,4,matern15_med_x3__svc__d4,matern15_med_x3,id_val,fixed_c1,1.0,,0.005052804946899414,0.872,0.875,0.870600414078675,0.8840579710144928,0.8472720286885246,0.7178017323010053,full_v4_features,39,39,0,,ksf-v4-idsplit::
classical_ext,svc,4,matern15_med_x3__svc__d4,matern15_med_x3,id_test,fixed_c1,1.0,,0.005052804946899414,0.868,0.87109375,0.8664421816062553,0.8808664259927798,0.8755122950819673,0.7928011925288798,full_v4_features,39,39,0,,ksf-v4-idsplit::
classical_ext,svc,4,matern15_med_x3__svc__d4,matern15_med_x3,ood_test,fixed_c1,1.0,,0.005052804946899414,0.744,0.7429718875502008,0.7254397254397253,0.7968253968253968,0.7061552984847759,0.6087818933950546,full_v4_features,39,39,0,,ksf-v4-idsplit::
classical_ext,svc,4,matern15_med_x10__svc__d4,matern15_med_x10,id_val,fixed_c1,1.0,,0.008001089096069336,0.84,0.841828893442623,0.8394966615305599,0.8484848484848485,0.8551485655737705,0.740207723320183,full_v4_features,39,39,0,,ksf-v4-idsplit::
classical_ext,svc,4,matern15_med_x10__svc__d4,matern15_med_x10,id_test,fixed_c1,1.0,,0.008001089096069336,0.824,0.8252433401639344,0.8238195912614518,0.8294573643410853,0.8904328893442623,0.8285383090945899,full_v4_features,39,39,0,,ksf-v4-idsplit::
classical_ext,svc,4,matern15_med_x10__svc__d4,matern15_med_x10,ood_test,fixed_c1,1.0,,0.008001089096069336,0.766,0.7650602409638554,0.751949423123402,0.8109854604200323,0.7418038688619017,0.6168900795797263,full_v4_features,39,39,0,,ksf-v4-idsplit::
classical_ext,svc,4,matern25_med_x0.1__svc__d4,matern25_med_x0.1,id_val,fixed_c1,1.0,,0.005999565124511719,0.888,0.8900486680327868,0.8875393612235718,0.8947368421052632,0.9282146516393442,0.8661235160869606,full_v4_features,39,39,0,,ksf-v4-idsplit::
classical_ext,svc,4,matern25_med_x0.1__svc__d4,matern25_med_x0.1,id_test,fixed_c1,1.0,,0.005999565124511719,0.904,0.90625,0.9034997426659804,0.9104477611940298,0.9440957991803278,0.8962618406677938,full_v4_features,39,39,0,,ksf-v4-idsplit::
classical_ext,svc,4,matern25_med_x0.1__svc__d4,matern25_med_x0.1,ood_test,fixed_c1,1.0,,0.005999565124511719,0.794,0.7932366917870686,0.7859437801081504,0.8274706867671692,0.8960943375094,0.8597111981533796,full_v4_features,39,39,0,,ksf-v4-idsplit::
classical_ext,svc,4,matern25_med_x0.3__svc__d4,matern25_med_x0.3,id_val,fixed_c1,1.0,,0.0065114498138427734,0.884,0.88671875,0.8830097949040681,0.8937728937728938,0.9332095286885246,0.8739549409872723,full_v4_features,39,39,0,,ksf-v4-idsplit::
classical_ext,svc,4,matern25_med_x0.3__svc__d4,matern25_med_x0.3,id_test,fixed_c1,1.0,,0.0065114498138427734,0.88,0.8826203893442623,0.87906346749226,0.8897058823529411,0.9515240778688525,0.9147637478318479,full_v4_features,39,39,0,,ksf-v4-idsplit::
classical_ext,svc,4,matern25_med_x0.3__svc__d4,matern25_med_x0.3,ood_test,fixed_c1,1.0,,0.0065114498138427734,0.766,0.7650602409638554,0.751949423123402,0.8109854604200323,0.897390358245732,0.8662343369079427,full_v4_features,39,39,0,,ksf-v4-idsplit::
classical_ext,svc,4,matern25_med_x3__svc__d4,matern25_med_x3,id_val,fixed_c1,1.0,,0.008000373840332031,0.872,0.875,0.870600414078675,0.8840579710144928,0.8215292008196722,0.6910138710317346,full_v4_features,39,39,0,,ksf-v4-idsplit::
classical_ext,svc,4,matern25_med_x3__svc__d4,matern25_med_x3,id_test,fixed_c1,1.0,,0.008000373840332031,0.868,0.8709016393442623,0.8666666666666667,0.88,0.8403560450819673,0.7521485769108991,full_v4_features,39,39,0,,ksf-v4-idsplit::
classical_ext,svc,4,matern25_med_x3__svc__d4,matern25_med_x3,ood_test,fixed_c1,1.0,,0.008000373840332031,0.744,0.7429718875502008,0.7254397254397253,0.7968253968253968,0.7101073617177874,0.5944280054008653,full_v4_features,39,39,0,,ksf-v4-idsplit::
classical_ext,svc,4,matern25_med_x10__svc__d4,matern25_med_x10,id_val,fixed_c1,1.0,,0.007999658584594727,0.836,0.8381147540983607,0.8352381411647458,0.846441947565543,0.895107581967213,0.8291908306016555,full_v4_features,39,39,0,,ksf-v4-idsplit::
classical_ext,svc,4,matern25_med_x10__svc__d4,matern25_med_x10,id_test,fixed_c1,1.0,,0.007999658584594727,0.816,0.8176229508196722,0.8155750849958304,0.8244274809160306,0.9059938524590163,0.8743214684836349,full_v4_features,39,39,0,,ksf-v4-idsplit::
classical_ext,svc,4,matern25_med_x10__svc__d4,matern25_med_x10,ood_test,fixed_c1,1.0,,0.007999658584594727,0.758,0.7570281124497992,0.7424117920049729,0.8057784911717496,0.7875646010336165,0.6787921772328457,full_v4_features,39,39,0,,ksf-v4-idsplit::
quantum,svc,4,zz_r1_full__as0.5__svc__d4,zz_r1_full__as0.5,id_val,fixed_c1,1.0,,0.006999969482421875,0.884,0.8865266393442623,0.8831756876520731,0.8929889298892989,0.9267418032786885,0.8728990995253626,full_v4_features,39,39,0,,ksf-v4-idsplit::
quantum,svc,4,zz_r1_full__as0.5__svc__d4,zz_r1_full__as0.5,id_test,fixed_c1,1.0,,0.006999969482421875,0.884,0.8865266393442623,0.8831756876520731,0.8929889298892989,0.9491547131147541,0.9126000692872825,full_v4_features,39,39,0,,ksf-v4-idsplit::
quantum,svc,4,zz_r1_full__as0.5__svc__d4,zz_r1_full__as0.5,ood_test,fixed_c1,1.0,,0.006999969482421875,0.77,0.7690763052208835,0.7566765829775169,0.813614262560778,0.8867501880030081,0.8524310090705471,full_v4_features,39,39,0,,ksf-v4-idsplit::
quantum,svc,4,zz_r2_full__as0.5__svc__d4,zz_r2_full__as0.5,id_val,fixed_c1,1.0,,0.012002229690551758,0.888,0.8904328893442623,0.8872785829307568,0.8962962962962963,0.9353227459016393,0.8989493564303506,full_v4_features,39,39,0,,ksf-v4-idsplit::
quantum,svc,4,zz_r2_full__as0.5__svc__d4,zz_r2_full__as0.5,id_test,fixed_c1,1.0,,0.012002229690551758,0.892,0.89453125,0.8912325367795162,0.9003690036900369,0.9443519467213115,0.9119956447849961,full_v4_features,39,39,0,,ksf-v4-idsplit::
quantum,svc,4,zz_r2_full__as0.5__svc__d4,zz_r2_full__as0.5,ood_test,fixed_c1,1.0,,0.012002229690551758,0.782,0.7811564985039761,0.7715373232558237,0.8204283360790774,0.8801100817613081,0.8257097550895749,full_v4_features,39,39,0,,ksf-v4-idsplit::
quantum,svc,4,pauli_xz_r1_full__as0.5__svc__d4,pauli_xz_r1_full__as0.5,id_val,fixed_c1,1.0,,0.007004261016845703,0.884,0.88671875,0.8830097949040681,0.8937728937728938,0.928406762295082,0.856471702540182,full_v4_features,39,39,0,,ksf-v4-idsplit::
quantum,svc,4,pauli_xz_r1_full__as0.5__svc__d4,pauli_xz_r1_full__as0.5,id_test,fixed_c1,1.0,,0.007004261016845703,0.884,0.88671875,0.8830097949040681,0.8937728937728938,0.9424948770491803,0.9055338683595945,full_v4_features,39,39,0,,ksf-v4-idsplit::
quantum,svc,4,pauli_xz_r1_full__as0.5__svc__d4,pauli_xz_r1_full__as0.5,ood_test,fixed_c1,1.0,,0.007004261016845703,0.768,0.7670682730923695,0.7543164065809316,0.8122977346278317,0.8133090129442071,0.6837146486235719,full_v4_features,39,39,0,,ksf-v4-idsplit::
quantum,svc,4,zmap_r2__as0.5__svc__d4,zmap_r2__as0.5,id_val,fixed_c1,1.0,,0.006483554840087891,0.884,0.88671875,0.8830097949040681,0.8937728937728938,0.9374359631147541,0.8762475614433199,full_v4_features,39,39,0,,ksf-v4-idsplit::
quantum,svc,4,zmap_r2__as0.5__svc__d4,zmap_r2__as0.5,id_test,fixed_c1,1.0,,0.006483554840087891,0.88,0.8828125,0.8788837930366256,0.8905109489051095,0.958952356557377,0.9344877154680613,full_v4_features,39,39,0,,ksf-v4-idsplit::
quantum,svc,4,zmap_r2__as0.5__svc__d4,zmap_r2__as0.5,ood_test,fixed_c1,1.0,,0.006483554840087891,0.768,0.7670682730923695,0.7543164065809316,0.8122977346278317,0.8665738651818429,0.7588522973495545,full_v4_features,39,39,0,,ksf-v4-idsplit::
quantum,svc,4,zz_r1_full__svc__d4,zz_r1_full,id_val,fixed_c1,1.0,,0.007529020309448242,0.88,0.8826203893442623,0.87906346749226,0.8897058823529411,0.927702356557377,0.8923847347309737,full_v4_features,39,39,0,,ksf-v4-idsplit::
quantum,svc,4,zz_r1_full__svc__d4,zz_r1_full,id_test,fixed_c1,1.0,,0.007529020309448242,0.88,0.8826203893442623,0.87906346749226,0.8897058823529411,0.9437115778688525,0.9149410262846909,full_v4_features,39,39,0,,ksf-v4-idsplit::
quantum,svc,4,zz_r1_full__svc__d4,zz_r1_full,ood_test,fixed_c1,1.0,,0.007529020309448242,0.772,0.7711003376054018,0.7594977299961182,0.8143322475570033,0.8586377382038113,0.8039124933336546,full_v4_features,39,39,0,,ksf-v4-idsplit::
quantum,svc,4,zz_r2_full__svc__d4,zz_r2_full,id_val,fixed_c1,1.0,,0.007953882217407227,0.876,0.8787141393442623,0.874941504897452,0.8864468864468864,0.9254610655737705,0.8784472302393622,full_v4_features,39,39,0,,ksf-v4-idsplit::
quantum,svc,4,zz_r2_full__svc__d4,zz_r2_full,id_test,fixed_c1,1.0,,0.007953882217407227,0.888,0.8904328893442623,0.8872785829307568,0.8962962962962963,0.9183529713114754,0.8696660528290993,full_v4_features,39,39,0,,ksf-v4-idsplit::
quantum,svc,4,zz_r2_full__svc__d4,zz_r2_full,ood_test,fixed_c1,1.0,,0.007953882217407227,0.792,0.7912446599145586,0.7840388065652203,0.825503355704698,0.8502536040576649,0.7909806358744895,full_v4_features,39,39,0,,ksf-v4-idsplit::
quantum,svc,4,pauli_xz_r1_full__svc__d4,pauli_xz_r1_full,id_val,fixed_c1,1.0,,0.006999969482421875,0.884,0.88671875,0.8830097949040681,0.8937728937728938,0.9311603483606558,0.8729475305527301,full_v4_features,39,39,0,,ksf-v4-idsplit::
quantum,svc,4,pauli_xz_r1_full__svc__d4,pauli_xz_r1_full,id_test,fixed_c1,1.0,,0.006999969482421875,0.88,0.8826203893442623,0.87906346749226,0.8897058823529411,0.9657402663934427,0.9571598900369829,full_v4_features,39,39,0,,ksf-v4-idsplit::
quantum,svc,4,pauli_xz_r1_full__svc__d4,pauli_xz_r1_full,ood_test,fixed_c1,1.0,,0.006999969482421875,0.766,0.7650602409638554,0.751949423123402,0.8109854604200323,0.9092625482007712,0.8880748169146431,full_v4_features,39,39,0,,ksf-v4-idsplit::
quantum,svc,4,zmap_r2__svc__d4,zmap_r2,id_val,fixed_c1,1.0,,0.00800013542175293,0.888,0.8904328893442623,0.8872785829307568,0.8962962962962963,0.9235399590163935,0.8594644423328641,full_v4_features,39,39,0,,ksf-v4-idsplit::
quantum,svc,4,zmap_r2__svc__d4,zmap_r2,id_test,fixed_c1,1.0,,0.00800013542175293,0.884,0.8865266393442623,0.8831756876520731,0.8929889298892989,0.9430071721311476,0.912394427323826,full_v4_features,39,39,0,,ksf-v4-idsplit::
quantum,svc,4,zmap_r2__svc__d4,zmap_r2,ood_test,fixed_c1,1.0,,0.00800013542175293,0.768,0.7670682730923695,0.7543164065809316,0.8122977346278317,0.8743019888318212,0.8313070346258796,full_v4_features,39,39,0,,ksf-v4-idsplit::
quantum,svc,4,zz_r1_full__as2__svc__d4,zz_r1_full__as2,id_val,fixed_c1,1.0,,0.008001327514648438,0.872,0.8742315573770492,0.8713329902213072,0.8805970149253731,0.9202100409836066,0.8800203694940021,full_v4_features,39,39,0,,ksf-v4-idsplit::
quantum,svc,4,zz_r1_full__as2__svc__d4,zz_r1_full__as2,id_test,fixed_c1,1.0,,0.008001327514648438,0.896,0.8982453893442623,0.8954580545548122,0.9029850746268657,0.9417264344262295,0.9159175421220673,full_v4_features,39,39,0,,ksf-v4-idsplit::
quantum,svc,4,zz_r1_full__as2__svc__d4,zz_r1_full__as2,ood_test,fixed_c1,1.0,,0.008001327514648438,0.778,0.7771724347589561,0.7677581336959933,0.8165289256198347,0.8614537832605322,0.796706858239027,full_v4_features,39,39,0,,ksf-v4-idsplit::
quantum,svc,4,zz_r2_full__as2__svc__d4,zz_r2_full__as2,id_val,fixed_c1,1.0,,0.009513378143310547,0.828,0.8299180327868853,0.8273785628261743,0.8377358490566038,0.8862064549180327,0.8169213309963288,full_v4_features,39,39,0,,ksf-v4-idsplit::
quantum,svc,4,zz_r2_full__as2__svc__d4,zz_r2_full__as2,id_test,fixed_c1,1.0,,0.009513378143310547,0.876,0.8779456967213115,0.8755519871537536,0.8830188679245283,0.9314805327868853,0.9021398809218758,full_v4_features,39,39,0,,ksf-v4-idsplit::
quantum,svc,4,zz_r2_full__as2__svc__d4,zz_r2_full__as2,ood_test,fixed_c1,1.0,,0.009513378143310547,0.762,0.7613161810588969,0.7545693413796091,0.797274275979557,0.8204931278900461,0.722758147483948,full_v4_features,39,39,0,,ksf-v4-idsplit::
quantum,svc,4,pauli_xz_r1_full__as2__svc__d4,pauli_xz_r1_full__as2,id_val,fixed_c1,1.0,,0.005999088287353516,0.876,0.8787141393442623,0.874941504897452,0.8864468864468864,0.9164318647540983,0.8586951418487878,full_v4_features,39,39,0,,ksf-v4-idsplit::
quantum,svc,4,pauli_xz_r1_full__as2__svc__d4,pauli_xz_r1_full__as2,id_test,fixed_c1,1.0,,0.005999088287353516,0.88,0.8822361680327868,0.8793746783324756,0.8880597014925373,0.9356429303278688,0.8951365035153905,full_v4_features,39,39,0,,ksf-v4-idsplit::
quantum,svc,4,pauli_xz_r1_full__as2__svc__d4,pauli_xz_r1_full__as2,ood_test,fixed_c1,1.0,,0.005999088287353516,0.77,0.7690923054768877,0.757153415690001,0.8130081300813008,0.8875822013152209,0.8500745412490551,full_v4_features,39,39,0,,ksf-v4-idsplit::
quantum,svc,4,zmap_r2__as2__svc__d4,zmap_r2__as2,id_val,fixed_c1,1.0,,0.007704734802246094,0.888,0.8904328893442623,0.8872785829307568,0.8962962962962963,0.9284707991803278,0.8648583586278811,full_v4_features,39,39,0,,ksf-v4-idsplit::
quantum,svc,4,zmap_r2__as2__svc__d4,zmap_r2__as2,id_test,fixed_c1,1.0,,0.007704734802246094,0.88,0.8822361680327868,0.8793746783324756,0.8880597014925373,0.9410860655737705,0.9109109251195181,full_v4_features,39,39,0,,ksf-v4-idsplit::
quantum,svc,4,zmap_r2__as2__svc__d4,zmap_r2__as2,ood_test,fixed_c1,1.0,,0.007704734802246094,0.78,0.779148466375462,0.769233351235231,0.819078947368421,0.8892942287076593,0.8582971902461767,full_v4_features,39,39,0,,ksf-v4-idsplit::
classical_ext,svc,6,linear__svc__d6,linear,id_val,fixed_c1,1.0,,0.006832122802734375,0.852,0.8545081967213115,0.8509482911423001,0.8634686346863468,0.886078381147541,0.8655138979019251,full_v4_features,39,39,0,,ksf-v4-idsplit::
classical_ext,svc,6,linear__svc__d6,linear,id_test,fixed_c1,1.0,,0.006832122802734375,0.84,0.8425973360655737,0.8387512899896801,0.8529411764705882,0.8419569672131149,0.7831611197953154,full_v4_features,39,39,0,,ksf-v4-idsplit::
classical_ext,svc,6,linear__svc__d6,linear,ood_test,fixed_c1,1.0,,0.006832122802734375,0.746,0.7449799196787148,0.7278870752788622,0.7980922098569158,0.6504904078465256,0.550216428213826,full_v4_features,39,39,0,,ksf-v4-idsplit::
classical_ext,svc,6,rbf_gscale__svc__d6,rbf_gscale,id_val,fixed_c1,1.0,,0.006440401077270508,0.884,0.88671875,0.8830097949040681,0.8937728937728938,0.9478739754098361,0.9148104834327712,full_v4_features,39,39,0,,ksf-v4-idsplit::
classical_ext,svc,6,rbf_gscale__svc__d6,rbf_gscale,id_test,fixed_c1,1.0,,0.006440401077270508,0.884,0.88671875,0.8830097949040681,0.8937728937728938,0.9398693647540983,0.9042136277679194,full_v4_features,39,39,0,,ksf-v4-idsplit::
classical_ext,svc,6,rbf_gscale__svc__d6,rbf_gscale,ood_test,fixed_c1,1.0,,0.006440401077270508,0.768,0.7670682730923695,0.7543164065809316,0.8122977346278317,0.8510056160898574,0.7499075288261225,full_v4_features,39,39,0,,ksf-v4-idsplit::
classical_ext,svc,6,poly2__svc__d6,poly2,id_val,fixed_c1,1.0,,0.0069997310638427734,0.872,0.875,0.870600414078675,0.8840579710144928,0.8300461065573771,0.6854380389712372,full_v4_features,39,39,0,,ksf-v4-idsplit::
classical_ext,svc,6,poly2__svc__d6,poly2,id_test,fixed_c1,1.0,,0.0069997310638427734,0.872,0.875,0.870600414078675,0.8840579710144928,0.8468237704918032,0.7392630578823467,full_v4_features,39,39,0,,ksf-v4-idsplit::
classical_ext,svc,6,poly2__svc__d6,poly2,ood_test,fixed_c1,1.0,,0.0069997310638427734,0.744,0.7429718875502008,0.7254397254397253,0.7968253968253968,0.7373877982047713,0.6192167915534913,full_v4_features,39,39,0,,ksf-v4-idsplit::
classical_ext,svc,6,poly3__svc__d6,poly3,id_val,fixed_c1,1.0,,0.006003618240356445,0.872,0.875,0.870600414078675,0.8840579710144928,0.8524590163934427,0.7154163995806554,full_v4_features,39,39,0,,ksf-v4-idsplit::
classical_ext,svc,6,poly3__svc__d6,poly3,id_test,fixed_c1,1.0,,0.006003618240356445,0.868,0.87109375,0.8664421816062553,0.8808664259927798,0.8915855532786885,0.808372625374538,full_v4_features,39,39,0,,ksf-v4-idsplit::
classical_ext,svc,6,poly3__svc__d6,poly3,ood_test,fixed_c1,1.0,,0.006003618240356445,0.744,0.7429718875502008,0.7254397254397253,0.7968253968253968,0.7172594761516184,0.6042057585109418,full_v4_features,39,39,0,,ksf-v4-idsplit::
classical_ext,svc,6,laplacian_med__svc__d6,laplacian_med,id_val,fixed_c1,1.0,,0.00600123405456543,0.884,0.88671875,0.8830097949040681,0.8937728937728938,0.9314164959016393,0.8753737146081674,full_v4_features,39,39,0,,ksf-v4-idsplit::
classical_ext,svc,6,laplacian_med__svc__d6,laplacian_med,id_test,fixed_c1,1.0,,0.00600123405456543,0.88,0.8828125,0.8788837930366256,0.8905109489051095,0.9560706967213115,0.9247152768463817,full_v4_features,39,39,0,,ksf-v4-idsplit::
classical_ext,svc,6,laplacian_med__svc__d6,laplacian_med,ood_test,fixed_c1,1.0,,0.00600123405456543,0.766,0.7650602409638554,0.751949423123402,0.8109854604200323,0.8651818429094865,0.8073825496789842,full_v4_features,39,39,0,,ksf-v4-idsplit::
classical_ext,svc,6,matern15_med__svc__d6,matern15_med,id_val,fixed_c1,1.0,,0.0060002803802490234,0.884,0.88671875,0.8830097949040681,0.8937728937728938,0.951844262295082,0.9176974138476269,full_v4_features,39,39,0,,ksf-v4-idsplit::
classical_ext,svc,6,matern15_med__svc__d6,matern15_med,id_test,fixed_c1,1.0,,0.0060002803802490234,0.88,0.8828125,0.8788837930366256,0.8905109489051095,0.9446080942622951,0.909781635227658,full_v4_features,39,39,0,,ksf-v4-idsplit::
classical_ext,svc,6,matern15_med__svc__d6,matern15_med,ood_test,fixed_c1,1.0,,0.0060002803802490234,0.766,0.7650602409638554,0.751949423123402,0.8109854604200323,0.8861421782748524,0.8202384631888645,full_v4_features,39,39,0,,ksf-v4-idsplit::
classical_ext,svc,6,matern25_med__svc__d6,matern25_med,id_val,fixed_c1,1.0,,0.0060002803802490234,0.884,0.88671875,0.8830097949040681,0.8937728937728938,0.9349385245901639,0.9025452352911357,full_v4_features,39,39,0,,ksf-v4-idsplit::
classical_ext,svc,6,matern25_med__svc__d6,matern25_med,id_test,fixed_c1,1.0,,0.0060002803802490234,0.88,0.8828125,0.8788837930366256,0.8905109489051095,0.9273181352459017,0.8891937706325892,full_v4_features,39,39,0,,ksf-v4-idsplit::
classical_ext,svc,6,matern25_med__svc__d6,matern25_med,ood_test,fixed_c1,1.0,,0.0060002803802490234,0.766,0.7650602409638554,0.751949423123402,0.8109854604200323,0.8272612361797789,0.7147655462922624,full_v4_features,39,39,0,,ksf-v4-idsplit::
classical_ext,svc,6,rbf_gscale_x0.1__svc__d6,rbf_gscale_x0.1,id_val,fixed_c1,1.0,,0.010159969329833984,0.868,0.8709016393442623,0.8666666666666667,0.88,0.8210169057377049,0.6859215049281313,full_v4_features,39,39,0,,ksf-v4-idsplit::
classical_ext,svc,6,rbf_gscale_x0.1__svc__d6,rbf_gscale_x0.1,id_test,fixed_c1,1.0,,0.010159969329833984,0.864,0.8668032786885246,0.862734965441509,0.8759124087591241,0.8449667008196722,0.7536681053879242,full_v4_features,39,39,0,,ksf-v4-idsplit::
classical_ext,svc,6,rbf_gscale_x0.1__svc__d6,rbf_gscale_x0.1,ood_test,fixed_c1,1.0,,0.010159969329833984,0.744,0.7429718875502008,0.7254397254397253,0.7968253968253968,0.7187955007280117,0.5959100652799572,full_v4_features,39,39,0,,ksf-v4-idsplit::
classical_ext,svc,6,rbf_gscale_x0.3__svc__d6,rbf_gscale_x0.3,id_val,fixed_c1,1.0,,0.005512237548828125,0.872,0.875,0.870600414078675,0.8840579710144928,0.8813396516393442,0.7908002592034407,full_v4_features,39,39,0,,ksf-v4-idsplit::
classical_ext,svc,6,rbf_gscale_x0.3__svc__d6,rbf_gscale_x0.3,id_test,fixed_c1,1.0,,0.005512237548828125,0.872,0.875,0.870600414078675,0.8840579710144928,0.8958760245901639,0.8241939124626045,full_v4_features,39,39,0,,ksf-v4-idsplit::
classical_ext,svc,6,rbf_gscale_x0.3__svc__d6,rbf_gscale_x0.3,ood_test,fixed_c1,1.0,,0.005512237548828125,0.746,0.7449799196787148,0.7278870752788622,0.7980922098569158,0.7220595529528472,0.6047794337123403,full_v4_features,39,39,0,,ksf-v4-idsplit::
classical_ext,svc,6,rbf_gscale_x3__svc__d6,rbf_gscale_x3,id_val,fixed_c1,1.0,,0.0070002079010009766,0.884,0.88671875,0.8830097949040681,0.8937728937728938,0.9418545081967213,0.8969979629601397,full_v4_features,39,39,0,,ksf-v4-idsplit::
classical_ext,svc,6,rbf_gscale_x3__svc__d6,rbf_gscale_x3,id_test,fixed_c1,1.0,,0.0070002079010009766,0.88,0.8826203893442623,0.87906346749226,0.8897058823529411,0.9599769467213115,0.9311412743673737,full_v4_features,39,39,0,,ksf-v4-idsplit::
classical_ext,svc,6,rbf_gscale_x3__svc__d6,rbf_gscale_x3,ood_test,fixed_c1,1.0,,0.0070002079010009766,0.766,0.7650602409638554,0.751949423123402,0.8109854604200323,0.9023024368389894,0.8783820477149596,full_v4_features,39,39,0,,ksf-v4-idsplit::
classical_ext,svc,6,rbf_gscale_x10__svc__d6,rbf_gscale_x10,id_val,fixed_c1,1.0,,0.00689387321472168,0.88,0.8822361680327868,0.8793746783324756,0.8880597014925373,0.9383965163934426,0.8812654895150339,full_v4_features,39,39,0,,ksf-v4-idsplit::
classical_ext,svc,6,rbf_gscale_x10__svc__d6,rbf_gscale_x10,id_test,fixed_c1,1.0,,0.00689387321472168,0.892,0.8943391393442623,0.8913725679524935,0.8996282527881041,0.94921875,0.9029162146396893,full_v4_features,39,39,0,,ksf-v4-idsplit::
classical_ext,svc,6,rbf_gscale_x10__svc__d6,rbf_gscale_x10,ood_test,fixed_c1,1.0,,0.00689387321472168,0.776,0.7751964031424503,0.7662732265981068,0.813953488372093,0.8794060704971279,0.8437388437082447,full_v4_features,39,39,0,,ksf-v4-idsplit::
classical_ext,svc,6,laplacian_med_x0.1__svc__d6,laplacian_med_x0.1,id_val,fixed_c1,1.0,,0.007997751235961914,0.884,0.8859503073770492,0.88358089120835,0.8905660377358491,0.9545978483606558,0.927017573427095,full_v4_features,39,39,0,,ksf-v4-idsplit::
classical_ext,svc,6,laplacian_med_x0.1__svc__d6,laplacian_med_x0.1,id_test,fixed_c1,1.0,,0.007997751235961914,0.9,0.9021516393442623,0.8995354519297231,0.9063670411985019,0.947938012295082,0.8845329536295521,full_v4_features,39,39,0,,ksf-v4-idsplit::
classical_ext,svc,6,laplacian_med_x0.1__svc__d6,laplacian_med_x0.1,ood_test,fixed_c1,1.0,,0.007997751235961914,0.784,0.7832605321685147,0.7760859829825347,0.8181818181818182,0.8862701803228852,0.8311116167340363,full_v4_features,39,39,0,,ksf-v4-idsplit::
classical_ext,svc,6,laplacian_med_x0.3__svc__d6,laplacian_med_x0.3,id_val,fixed_c1,1.0,,0.007006168365478516,0.896,0.8984375,0.895330112721417,0.9037037037037037,0.947233606557377,0.8985610244821407,full_v4_features,39,39,0,,ksf-v4-idsplit::
classical_ext,svc,6,laplacian_med_x0.3__svc__d6,laplacian_med_x0.3,id_test,fixed_c1,1.0,,0.007006168365478516,0.896,0.8982453893442623,0.8954580545548122,0.9029850746268657,0.9490906762295082,0.8945455069223348,full_v4_features,39,39,0,,ksf-v4-idsplit::
classical_ext,svc,6,laplacian_med_x0.3__svc__d6,laplacian_med_x0.3,ood_test,fixed_c1,1.0,,0.007006168365478516,0.774,0.7731723707579321,0.7635735955643896,0.8132231404958677,0.8807180914894639,0.834185194968668,full_v4_features,39,39,0,,ksf-v4-idsplit::
classical_ext,svc,6,laplacian_med_x3__svc__d6,laplacian_med_x3,id_val,fixed_c1,1.0,,0.004998922348022461,0.884,0.88671875,0.8830097949040681,0.8937728937728938,0.8978611680327869,0.8038766000505301,full_v4_features,39,39,0,,ksf-v4-idsplit::
classical_ext,svc,6,laplacian_med_x3__svc__d6,laplacian_med_x3,id_test,fixed_c1,1.0,,0.004998922348022461,0.88,0.8828125,0.8788837930366256,0.8905109489051095,0.9246926229508197,0.8666172230750807,full_v4_features,39,39,0,,ksf-v4-idsplit::
classical_ext,svc,6,laplacian_med_x3__svc__d6,laplacian_med_x3,ood_test,fixed_c1,1.0,,0.004998922348022461,0.766,0.7650602409638554,0.751949423123402,0.8109854604200323,0.7629082065313045,0.6343599505148793,full_v4_features,39,39,0,,ksf-v4-idsplit::
classical_ext,svc,6,laplacian_med_x10__svc__d6,laplacian_med_x10,id_val,fixed_c1,1.0,,0.00599980354309082,0.872,0.875,0.870600414078675,0.8840579710144928,0.8753201844262295,0.7614690268879618,full_v4_features,39,39,0,,ksf-v4-idsplit::
classical_ext,svc,6,laplacian_med_x10__svc__d6,laplacian_med_x10,id_test,fixed_c1,1.0,,0.00599980354309082,0.868,0.87109375,0.8664421816062553,0.8808664259927798,0.8957479508196722,0.7911253826536706,full_v4_features,39,39,0,,ksf-v4-idsplit::
classical_ext,svc,6,laplacian_med_x10__svc__d6,laplacian_med_x10,ood_test,fixed_c1,1.0,,0.00599980354309082,0.744,0.7429718875502008,0.7254397254397253,0.7968253968253968,0.7083473335573368,0.5797570121259049,full_v4_features,39,39,0,,ksf-v4-idsplit::
classical_ext,svc,6,matern15_med_x0.1__svc__d6,matern15_med_x0.1,id_val,fixed_c1,1.0,,0.009001493453979492,0.88,0.8820440573770492,0.8795064584538268,0.8872180451127819,0.9425589139344261,0.8862333310131839,full_v4_features,39,39,0,,ksf-v4-idsplit::
classical_ext,svc,6,matern15_med_x0.1__svc__d6,matern15_med_x0.1,id_test,fixed_c1,1.0,,0.009001493453979492,0.9,0.9021516393442623,0.8995354519297231,0.9063670411985019,0.9453125,0.8907716950695718,full_v4_features,39,39,0,,ksf-v4-idsplit::
classical_ext,svc,6,matern15_med_x0.1__svc__d6,matern15_med_x0.1,ood_test,fixed_c1,1.0,,0.009001493453979492,0.784,0.7832765324245188,0.7764308426073132,0.8175675675675675,0.8889582233315734,0.8449832890649671,full_v4_features,39,39,0,,ksf-v4-idsplit::
classical_ext,svc,6,matern15_med_x0.3__svc__d6,matern15_med_x0.3,id_val,fixed_c1,1.0,,0.005999088287353516,0.884,0.8863345286885246,0.8833260915045302,0.8921933085501859,0.9467853483606556,0.897046449256355,full_v4_features,39,39,0,,ksf-v4-idsplit::
classical_ext,svc,6,matern15_med_x0.3__svc__d6,matern15_med_x0.3,id_test,fixed_c1,1.0,,0.005999088287353516,0.892,0.8943391393442623,0.8913725679524935,0.8996282527881041,0.9558785860655739,0.9184890297457611,full_v4_features,39,39,0,,ksf-v4-idsplit::
classical_ext,svc,6,matern15_med_x0.3__svc__d6,matern15_med_x0.3,ood_test,fixed_c1,1.0,,0.005999088287353516,0.772,0.771164338629418,0.7612705432979847,0.8118811881188119,0.8926862829805278,0.8619441298135823,full_v4_features,39,39,0,,ksf-v4-idsplit::
classical_ext,svc,6,matern15_med_x3__svc__d6,matern15_med_x3,id_val,fixed_c1,1.0,,0.006234645843505859,0.872,0.875,0.870600414078675,0.8840579710144928,0.8447105532786884,0.7083460815864596,full_v4_features,39,39,0,,ksf-v4-idsplit::
classical_ext,svc,6,matern15_med_x3__svc__d6,matern15_med_x3,id_test,fixed_c1,1.0,,0.006234645843505859,0.868,0.87109375,0.8664421816062553,0.8808664259927798,0.8741675204918034,0.7832247740642727,full_v4_features,39,39,0,,ksf-v4-idsplit::
classical_ext,svc,6,matern15_med_x3__svc__d6,matern15_med_x3,ood_test,fixed_c1,1.0,,0.006234645843505859,0.744,0.7429718875502008,0.7254397254397253,0.7968253968253968,0.7429398870381926,0.6242530876124126,full_v4_features,39,39,0,,ksf-v4-idsplit::
classical_ext,svc,6,matern15_med_x10__svc__d6,matern15_med_x10,id_val,fixed_c1,1.0,,0.008244991302490234,0.836,0.837922643442623,0.8354074668807707,0.8452830188679246,0.8862064549180327,0.7898526712765118,full_v4_features,39,39,0,,ksf-v4-idsplit::
classical_ext,svc,6,matern15_med_x10__svc__d6,matern15_med_x10,id_test,fixed_c1,1.0,,0.008244991302490234,0.816,0.8174308401639344,0.8157051282051282,0.823076923076923,0.911436987704918,0.8631464678551773,full_v4_features,39,39,0,,ksf-v4-idsplit::
classical_ext,svc,6,matern15_med_x10__svc__d6,matern15_med_x10,ood_test,fixed_c1,1.0,,0.008244991302490234,0.76,0.7590361445783133,0.7448068187618027,0.8070739549839229,0.7775004400070402,0.6562420948735892,full_v4_features,39,39,0,,ksf-v4-idsplit::
classical_ext,svc,6,matern25_med_x0.1__svc__d6,matern25_med_x0.1,id_val,fixed_c1,1.0,,0.00901341438293457,0.88,0.8818519467213115,0.8796224961479199,0.8863636363636364,0.9425589139344263,0.882673324827091,full_v4_features,39,39,0,,ksf-v4-idsplit::
classical_ext,svc,6,matern25_med_x0.1__svc__d6,matern25_med_x0.1,id_test,fixed_c1,1.0,,0.00901341438293457,0.9,0.9021516393442623,0.8995354519297231,0.9063670411985019,0.9418545081967213,0.8861963894733774,full_v4_features,39,39,0,,ksf-v4-idsplit::
classical_ext,svc,6,matern25_med_x0.1__svc__d6,matern25_med_x0.1,ood_test,fixed_c1,1.0,,0.00901341438293457,0.784,0.7832765324245188,0.7764308426073132,0.8175675675675675,0.8858221731547704,0.8352824144355665,full_v4_features,39,39,0,,ksf-v4-idsplit::
classical_ext,svc,6,matern25_med_x0.3__svc__d6,matern25_med_x0.3,id_val,fixed_c1,1.0,,0.0059986114501953125,0.884,0.8865266393442623,0.8831756876520731,0.8929889298892989,0.944672131147541,0.8931268797739901,full_v4_features,39,39,0,,ksf-v4-idsplit::
classical_ext,svc,6,matern25_med_x0.3__svc__d6,matern25_med_x0.3,id_test,fixed_c1,1.0,,0.0059986114501953125,0.892,0.8943391393442623,0.8913725679524935,0.8996282527881041,0.9527407786885246,0.9142242538367089,full_v4_features,39,39,0,,ksf-v4-idsplit::
classical_ext,svc,6,matern25_med_x0.3__svc__d6,matern25_med_x0.3,ood_test,fixed_c1,1.0,,0.0059986114501953125,0.776,0.7751164018624298,0.7641668351189272,0.8169934640522876,0.8898382374117986,0.8594717468723481,full_v4_features,39,39,0,,ksf-v4-idsplit::
classical_ext,svc,6,matern25_med_x3__svc__d6,matern25_med_x3,id_val,fixed_c1,1.0,,0.0066070556640625,0.868,0.8709016393442623,0.8666666666666667,0.88,0.8228739754098361,0.6907906809066153,full_v4_features,39,39,0,,ksf-v4-idsplit::
classical_ext,svc,6,matern25_med_x3__svc__d6,matern25_med_x3,id_test,fixed_c1,1.0,,0.0066070556640625,0.864,0.8668032786885246,0.862734965441509,0.8759124087591241,0.845671106557377,0.7555638062542488,full_v4_features,39,39,0,,ksf-v4-idsplit::
classical_ext,svc,6,matern25_med_x3__svc__d6,matern25_med_x3,ood_test,fixed_c1,1.0,,0.0066070556640625,0.744,0.7429718875502008,0.7254397254397253,0.7968253968253968,0.7168434694955119,0.5955472130355723,full_v4_features,39,39,0,,ksf-v4-idsplit::
classical_ext,svc,6,matern25_med_x10__svc__d6,matern25_med_x10,id_val,fixed_c1,1.0,,0.008593320846557617,0.828,0.8299180327868853,0.8273785628261743,0.8377358490566038,0.9053534836065573,0.857806324029102,full_v4_features,39,39,0,,ksf-v4-idsplit::
classical_ext,svc,6,matern25_med_x10__svc__d6,matern25_med_x10,id_test,fixed_c1,1.0,,0.008593320846557617,0.812,0.8135245901639344,0.8116353259911189,0.8199233716475096,0.9077868852459017,0.8803038993133782,full_v4_features,39,39,0,,ksf-v4-idsplit::
classical_ext,svc,6,matern25_med_x10__svc__d6,matern25_med_x10,ood_test,fixed_c1,1.0,,0.008593320846557617,0.76,0.7590361445783133,0.7448068187618027,0.8070739549839229,0.8011008176130818,0.6960011825467662,full_v4_features,39,39,0,,ksf-v4-idsplit::
quantum,svc,6,zz_r1_full__as0.5__svc__d6,zz_r1_full__as0.5,id_val,fixed_c1,1.0,,0.009221792221069336,0.88,0.8818519467213115,0.8796224961479199,0.8863636363636364,0.9278944672131147,0.8521514757445016,full_v4_features,39,39,0,,ksf-v4-idsplit::
quantum,svc,6,zz_r1_full__as0.5__svc__d6,zz_r1_full__as0.5,id_test,fixed_c1,1.0,,0.009221792221069336,0.896,0.8982453893442623,0.8954580545548122,0.9029850746268657,0.9443519467213115,0.8916924799985889,full_v4_features,39,39,0,,ksf-v4-idsplit::
quantum,svc,6,zz_r1_full__as0.5__svc__d6,zz_r1_full__as0.5,ood_test,fixed_c1,1.0,,0.009221792221069336,0.78,0.7792284676554825,0.7712108354548328,0.8160535117056856,0.8884942159074545,0.845164110071278,full_v4_features,39,39,0,,ksf-v4-idsplit::
quantum,svc,6,zz_r2_full__as0.5__svc__d6,zz_r2_full__as0.5,id_val,fixed_c1,1.0,,0.009525060653686523,0.888,0.8896644467213115,0.8877413560844185,0.8931297709923665,0.9363473360655737,0.8763869343528845,full_v4_features,39,39,0,,ksf-v4-idsplit::
quantum,svc,6,zz_r2_full__as0.5__svc__d6,zz_r2_full__as0.5,id_test,fixed_c1,1.0,,0.009525060653686523,0.896,0.8984375,0.895330112721417,0.9037037037037037,0.9503714139344263,0.9096009483634124,full_v4_features,39,39,0,,ksf-v4-idsplit::
quantum,svc,6,zz_r2_full__as0.5__svc__d6,zz_r2_full__as0.5,ood_test,fixed_c1,1.0,,0.009525060653686523,0.786,0.785300564809037,0.7789977651923545,0.8183361629881154,0.8784620553928862,0.8228263621247209,full_v4_features,39,39,0,,ksf-v4-idsplit::
quantum,svc,6,pauli_xz_r1_full__as0.5__svc__d6,pauli_xz_r1_full__as0.5,id_val,fixed_c1,1.0,,0.0059967041015625,0.884,0.88671875,0.8830097949040681,0.8937728937728938,0.9448642418032787,0.9127325850411039,full_v4_features,39,39,0,,ksf-v4-idsplit::
quantum,svc,6,pauli_xz_r1_full__as0.5__svc__d6,pauli_xz_r1_full__as0.5,id_test,fixed_c1,1.0,,0.0059967041015625,0.884,0.88671875,0.8830097949040681,0.8937728937728938,0.9422387295081968,0.9075349359152133,full_v4_features,39,39,0,,ksf-v4-idsplit::
quantum,svc,6,pauli_xz_r1_full__as0.5__svc__d6,pauli_xz_r1_full__as0.5,ood_test,fixed_c1,1.0,,0.0059967041015625,0.77,0.7690763052208835,0.7566765829775169,0.813614262560778,0.8424774796396742,0.7380495828716567,full_v4_features,39,39,0,,ksf-v4-idsplit::
quantum,svc,6,zmap_r2__as0.5__svc__d6,zmap_r2__as0.5,id_val,fixed_c1,1.0,,0.008502006530761719,0.884,0.88671875,0.8830097949040681,0.8937728937728938,0.9485143442622951,0.9068958812913426,full_v4_features,39,39,0,,ksf-v4-idsplit::
quantum,svc,6,zmap_r2__as0.5__svc__d6,zmap_r2__as0.5,id_test,fixed_c1,1.0,,0.008502006530761719,0.88,0.8828125,0.8788837930366256,0.8905109489051095,0.9586962090163934,0.927489926115577,full_v4_features,39,39,0,,ksf-v4-idsplit::
quantum,svc,6,zmap_r2__as0.5__svc__d6,zmap_r2__as0.5,ood_test,fixed_c1,1.0,,0.008502006530761719,0.768,0.7670682730923695,0.7543164065809316,0.8122977346278317,0.8927022832365318,0.8535959751491629,full_v4_features,39,39,0,,ksf-v4-idsplit::
quantum,svc,6,zz_r1_full__svc__d6,zz_r1_full,id_val,fixed_c1,1.0,,0.008576154708862305,0.88,0.8818519467213115,0.8796224961479199,0.8863636363636364,0.9346823770491803,0.8659061261501706,full_v4_features,39,39,0,,ksf-v4-idsplit::
quantum,svc,6,zz_r1_full__svc__d6,zz_r1_full,id_test,fixed_c1,1.0,,0.008576154708862305,0.9,0.90234375,0.8994190444004571,0.9070631970260223,0.9451203893442623,0.9073977776777881,full_v4_features,39,39,0,,ksf-v4-idsplit::
quantum,svc,6,zz_r1_full__svc__d6,zz_r1_full,ood_test,fixed_c1,1.0,,0.008576154708862305,0.782,0.7812845005520088,0.774531584194871,0.8155668358714044,0.8958863341813469,0.8672608594276908,full_v4_features,39,39,0,,ksf-v4-idsplit::
quantum,svc,6,zz_r2_full__svc__d6,zz_r2_full,id_val,fixed_c1,1.0,,0.013087272644042969,0.88,0.8820440573770492,0.8795064584538268,0.8872180451127819,0.9332735655737705,0.8803624417953054,full_v4_features,39,39,0,,ksf-v4-idsplit::
quantum,svc,6,zz_r2_full__svc__d6,zz_r2_full,id_test,fixed_c1,1.0,,0.013087272644042969,0.876,0.8785220286885246,0.8751188385246298,0.8856088560885609,0.9468493852459017,0.9275553464989613,full_v4_features,39,39,0,,ksf-v4-idsplit::
quantum,svc,6,zz_r2_full__svc__d6,zz_r2_full,ood_test,fixed_c1,1.0,,0.013087272644042969,0.78,0.7793724699595193,0.7742200328407225,0.8103448275862069,0.8963823421174738,0.8940636658697283,full_v4_features,39,39,0,,ksf-v4-idsplit::
quantum,svc,6,pauli_xz_r1_full__svc__d6,pauli_xz_r1_full,id_val,fixed_c1,1.0,,0.005302906036376953,0.88,0.8826203893442623,0.87906346749226,0.8897058823529411,0.9338498975409836,0.8728107393077387,full_v4_features,39,39,0,,ksf-v4-idsplit::
quantum,svc,6,pauli_xz_r1_full__svc__d6,pauli_xz_r1_full,id_test,fixed_c1,1.0,,0.005302906036376953,0.884,0.8865266393442623,0.8831756876520731,0.8929889298892989,0.9526127049180327,0.9286674786748785,full_v4_features,39,39,0,,ksf-v4-idsplit::
quantum,svc,6,pauli_xz_r1_full__svc__d6,pauli_xz_r1_full,ood_test,fixed_c1,1.0,,0.005302906036376953,0.766,0.7650602409638554,0.751949423123402,0.8109854604200323,0.8896622345957536,0.8584993417982489,full_v4_features,39,39,0,,ksf-v4-idsplit::
quantum,svc,6,zmap_r2__svc__d6,zmap_r2,id_val,fixed_c1,1.0,,0.009000301361083984,0.884,0.8865266393442623,0.8831756876520731,0.8929889298892989,0.9109887295081966,0.8496183715468929,full_v4_features,39,39,0,,ksf-v4-idsplit::
quantum,svc,6,zmap_r2__svc__d6,zmap_r2,id_test,fixed_c1,1.0,,0.009000301361083984,0.888,0.8904328893442623,0.8872785829307568,0.8962962962962963,0.9197617827868853,0.8673662207449321,full_v4_features,39,39,0,,ksf-v4-idsplit::
quantum,svc,6,zmap_r2__svc__d6,zmap_r2,ood_test,fixed_c1,1.0,,0.009000301361083984,0.77,0.7690923054768877,0.757153415690001,0.8130081300813008,0.8392934286948591,0.7921968678631586,full_v4_features,39,39,0,,ksf-v4-idsplit::
quantum,svc,6,zz_r1_full__as2__svc__d6,zz_r1_full__as2,id_val,fixed_c1,1.0,,0.008213281631469727,0.86,0.8617443647540983,0.85962041359837,0.8669201520912547,0.9373078893442623,0.9057476571474925,full_v4_features,39,39,0,,ksf-v4-idsplit::
quantum,svc,6,zz_r1_full__as2__svc__d6,zz_r1_full__as2,id_test,fixed_c1,1.0,,0.008213281631469727,0.884,0.8861424180327868,0.8834611242384787,0.8913857677902621,0.9423027663934427,0.8880899825148668,full_v4_features,39,39,0,,ksf-v4-idsplit::
quantum,svc,6,zz_r1_full__as2__svc__d6,zz_r1_full__as2,ood_test,fixed_c1,1.0,,0.008213281631469727,0.768,0.767324277188435,0.760927272427495,0.8020477815699659,0.8619657914526633,0.7861554503529079,full_v4_features,39,39,0,,ksf-v4-idsplit::
quantum,svc,6,zz_r2_full__as2__svc__d6,zz_r2_full__as2,id_val,fixed_c1,1.0,,0.009998559951782227,0.812,0.8121798155737705,0.8119729241010705,0.8097165991902834,0.9182889344262294,0.9178393001828611,full_v4_features,39,39,0,,ksf-v4-idsplit::
quantum,svc,6,zz_r2_full__as2__svc__d6,zz_r2_full__as2,id_test,fixed_c1,1.0,,0.009998559951782227,0.864,0.8648821721311475,0.8639651750848217,0.8661417322834646,0.9402535860655737,0.9292488621780497,full_v4_features,39,39,0,,ksf-v4-idsplit::
quantum,svc,6,zz_r2_full__as2__svc__d6,zz_r2_full__as2,ood_test,fixed_c1,1.0,,0.009998559951782227,0.76,0.7596921550744813,0.7584541062801933,0.7777777777777778,0.8540776652426438,0.8310806966746644,full_v4_features,39,39,0,,ksf-v4-idsplit::
quantum,svc,6,pauli_xz_r1_full__as2__svc__d6,pauli_xz_r1_full__as2,id_val,fixed_c1,1.0,,0.007996320724487305,0.884,0.8863345286885246,0.8833260915045302,0.8921933085501859,0.9237320696721312,0.8664970476343234,full_v4_features,39,39,0,,ksf-v4-idsplit::
quantum,svc,6,pauli_xz_r1_full__as2__svc__d6,pauli_xz_r1_full__as2,id_test,fixed_c1,1.0,,0.007996320724487305,0.88,0.8822361680327868,0.8793746783324756,0.8880597014925373,0.9308401639344263,0.8777170272568275,full_v4_features,39,39,0,,ksf-v4-idsplit::
quantum,svc,6,pauli_xz_r1_full__as2__svc__d6,pauli_xz_r1_full__as2,ood_test,fixed_c1,1.0,,0.007996320724487305,0.776,0.7751804028864462,0.7658706267977791,0.8145695364238411,0.8813741019856318,0.8502998201966491,full_v4_features,39,39,0,,ksf-v4-idsplit::
quantum,svc,6,zmap_r2__as2__svc__d6,zmap_r2__as2,id_val,fixed_c1,1.0,,0.007771730422973633,0.896,0.8980532786885246,0.8955722639933166,0.9022556390977443,0.9257172131147541,0.852665447766384,full_v4_features,39,39,0,,ksf-v4-idsplit::
quantum,svc,6,zmap_r2__as2__svc__d6,zmap_r2__as2,id_test,fixed_c1,1.0,,0.007771730422973633,0.896,0.8982453893442623,0.8954580545548122,0.9029850746268657,0.9470414959016393,0.9138107203065027,full_v4_features,39,39,0,,ksf-v4-idsplit::
quantum,svc,6,zmap_r2__as2__svc__d6,zmap_r2__as2,ood_test,fixed_c1,1.0,,0.007771730422973633,0.78,0.7792124673994785,0.7708333333333333,0.8166666666666667,0.8832941327061233,0.8351147681279759,full_v4_features,39,39,0,,ksf-v4-idsplit::
classical_ext,svc,8,linear__svc__d8,linear,id_val,fixed_c1,1.0,,0.007796525955200195,0.86,0.8623206967213115,0.8591866621606399,0.8698884758364313,0.8550845286885246,0.7373241869938499,full_v4_features,39,39,0,,ksf-v4-idsplit::
classical_ext,svc,8,linear__svc__d8,linear,id_test,fixed_c1,1.0,,0.007796525955200195,0.848,0.8498335040983607,0.8475218284540318,0.8560606060606061,0.853483606557377,0.7235792865020423,full_v4_features,39,39,0,,ksf-v4-idsplit::
classical_ext,svc,8,linear__svc__d8,linear,ood_test,fixed_c1,1.0,,0.007796525955200195,0.756,0.7551000816013056,0.7426203777151441,0.8013029315960912,0.711867389878238,0.605828922609568,full_v4_features,39,39,0,,ksf-v4-idsplit::
classical_ext,svc,8,rbf_gscale__svc__d8,rbf_gscale,id_val,fixed_c1,1.0,,0.011320829391479492,0.884,0.88671875,0.8830097949040681,0.8937728937728938,0.9455686475409836,0.9167782039533214,full_v4_features,39,39,0,,ksf-v4-idsplit::
classical_ext,svc,8,rbf_gscale__svc__d8,rbf_gscale,id_test,fixed_c1,1.0,,0.011320829391479492,0.884,0.88671875,0.8830097949040681,0.8937728937728938,0.947938012295082,0.9018901049656718,full_v4_features,39,39,0,,ksf-v4-idsplit::
classical_ext,svc,8,rbf_gscale__svc__d8,rbf_gscale,ood_test,fixed_c1,1.0,,0.011320829391479492,0.768,0.7670682730923695,0.7543164065809316,0.8122977346278317,0.854445671130738,0.791253885160839,full_v4_features,39,39,0,,ksf-v4-idsplit::
classical_ext,svc,8,poly2__svc__d8,poly2,id_val,fixed_c1,1.0,,0.011513710021972656,0.872,0.875,0.870600414078675,0.8840579710144928,0.8188396516393444,0.6824562993565745,full_v4_features,39,39,0,,ksf-v4-idsplit::
classical_ext,svc,8,poly2__svc__d8,poly2,id_test,fixed_c1,1.0,,0.011513710021972656,0.872,0.875,0.870600414078675,0.8840579710144928,0.8370261270491803,0.7188323557629296,full_v4_features,39,39,0,,ksf-v4-idsplit::
classical_ext,svc,8,poly2__svc__d8,poly2,ood_test,fixed_c1,1.0,,0.011513710021972656,0.744,0.7429718875502008,0.7254397254397253,0.7968253968253968,0.7268596297540761,0.6052766945453064,full_v4_features,39,39,0,,ksf-v4-idsplit::
classical_ext,svc,8,poly3__svc__d8,poly3,id_val,fixed_c1,1.0,,0.0070073604583740234,0.872,0.875,0.870600414078675,0.8840579710144928,0.8406762295081968,0.7013960748363268,full_v4_features,39,39,0,,ksf-v4-idsplit::
classical_ext,svc,8,poly3__svc__d8,poly3,id_test,fixed_c1,1.0,,0.0070073604583740234,0.872,0.875,0.870600414078675,0.8840579710144928,0.8709016393442623,0.7826255957854082,full_v4_features,39,39,0,,ksf-v4-idsplit::
classical_ext,svc,8,poly3__svc__d8,poly3,ood_test,fixed_c1,1.0,,0.0070073604583740234,0.744,0.7429718875502008,0.7254397254397253,0.7968253968253968,0.73484375750012,0.6207949360425783,full_v4_features,39,39,0,,ksf-v4-idsplit::
classical_ext,svc,8,laplacian_med__svc__d8,laplacian_med,id_val,fixed_c1,1.0,,0.0066678524017333984,0.884,0.88671875,0.8830097949040681,0.8937728937728938,0.9429431352459017,0.9038666855179549,full_v4_features,39,39,0,,ksf-v4-idsplit::
classical_ext,svc,8,laplacian_med__svc__d8,laplacian_med,id_test,fixed_c1,1.0,,0.0066678524017333984,0.88,0.8828125,0.8788837930366256,0.8905109489051095,0.9568391393442623,0.9154109692440364,full_v4_features,39,39,0,,ksf-v4-idsplit::
classical_ext,svc,8,laplacian_med__svc__d8,laplacian_med,ood_test,fixed_c1,1.0,,0.0066678524017333984,0.766,0.7650602409638554,0.751949423123402,0.8109854604200323,0.8674698795180722,0.8245984604404266,full_v4_features,39,39,0,,ksf-v4-idsplit::
classical_ext,svc,8,matern15_med__svc__d8,matern15_med,id_val,fixed_c1,1.0,,0.005059957504272461,0.884,0.88671875,0.8830097949040681,0.8937728937728938,0.9349385245901639,0.8984530912546309,full_v4_features,39,39,0,,ksf-v4-idsplit::
classical_ext,svc,8,matern15_med__svc__d8,matern15_med,id_test,fixed_c1,1.0,,0.005059957504272461,0.88,0.8828125,0.8788837930366256,0.8905109489051095,0.9466572745901639,0.9010462910412677,full_v4_features,39,39,0,,ksf-v4-idsplit::
classical_ext,svc,8,matern15_med__svc__d8,matern15_med,ood_test,fixed_c1,1.0,,0.005059957504272461,0.766,0.7650602409638554,0.751949423123402,0.8109854604200323,0.8642218275492408,0.8096178566207524,full_v4_features,39,39,0,,ksf-v4-idsplit::
classical_ext,svc,8,matern25_med__svc__d8,matern25_med,id_val,fixed_c1,1.0,,0.0070018768310546875,0.884,0.88671875,0.8830097949040681,0.8937728937728938,0.932953381147541,0.8935604007870523,full_v4_features,39,39,0,,ksf-v4-idsplit::
classical_ext,svc,8,matern25_med__svc__d8,matern25_med,id_test,fixed_c1,1.0,,0.0070018768310546875,0.88,0.8828125,0.8788837930366256,0.8905109489051095,0.9469134221311475,0.906079068249461,full_v4_features,39,39,0,,ksf-v4-idsplit::
classical_ext,svc,8,matern25_med__svc__d8,matern25_med,ood_test,fixed_c1,1.0,,0.0070018768310546875,0.766,0.7650602409638554,0.751949423123402,0.8109854604200323,0.8248291972671564,0.7339935794563976,full_v4_features,39,39,0,,ksf-v4-idsplit::
classical_ext,svc,8,rbf_gscale_x0.1__svc__d8,rbf_gscale_x0.1,id_val,fixed_c1,1.0,,0.006399393081665039,0.84,0.8420210040983607,0.8393419446051025,0.849624060150376,0.8278688524590164,0.6965494491882186,full_v4_features,39,39,0,,ksf-v4-idsplit::
classical_ext,svc,8,rbf_gscale_x0.1__svc__d8,rbf_gscale_x0.1,id_test,fixed_c1,1.0,,0.006399393081665039,0.828,0.8297259221311475,0.8275336509922832,0.8365019011406845,0.8482325819672131,0.762771721238015,full_v4_features,39,39,0,,ksf-v4-idsplit::
classical_ext,svc,8,rbf_gscale_x0.1__svc__d8,rbf_gscale_x0.1,ood_test,fixed_c1,1.0,,0.006399393081665039,0.748,0.7469879518072289,0.730326689952743,0.7993630573248408,0.7172914766636266,0.5987260166177868,full_v4_features,39,39,0,,ksf-v4-idsplit::
classical_ext,svc,8,rbf_gscale_x0.3__svc__d8,rbf_gscale_x0.3,id_val,fixed_c1,1.0,,0.007222652435302734,0.872,0.875,0.870600414078675,0.8840579710144928,0.8787141393442623,0.7607856902308519,full_v4_features,39,39,0,,ksf-v4-idsplit::
classical_ext,svc,8,rbf_gscale_x0.3__svc__d8,rbf_gscale_x0.3,id_test,fixed_c1,1.0,,0.007222652435302734,0.872,0.875,0.870600414078675,0.8840579710144928,0.8993340163934427,0.8356304903885593,full_v4_features,39,39,0,,ksf-v4-idsplit::
classical_ext,svc,8,rbf_gscale_x0.3__svc__d8,rbf_gscale_x0.3,ood_test,fixed_c1,1.0,,0.007222652435302734,0.746,0.7449799196787148,0.7278870752788622,0.7980922098569158,0.7345557528920462,0.626755961932579,full_v4_features,39,39,0,,ksf-v4-idsplit::
classical_ext,svc,8,rbf_gscale_x3__svc__d8,rbf_gscale_x3,id_val,fixed_c1,1.0,,0.0070917606353759766,0.884,0.88671875,0.8830097949040681,0.8937728937728938,0.9478099385245902,0.9145031376919138,full_v4_features,39,39,0,,ksf-v4-idsplit::
classical_ext,svc,8,rbf_gscale_x3__svc__d8,rbf_gscale_x3,id_test,fixed_c1,1.0,,0.0070917606353759766,0.88,0.8826203893442623,0.87906346749226,0.8897058823529411,0.9483862704918032,0.9088425553044848,full_v4_features,39,39,0,,ksf-v4-idsplit::
classical_ext,svc,8,rbf_gscale_x3__svc__d8,rbf_gscale_x3,ood_test,fixed_c1,1.0,,0.0070917606353759766,0.77,0.7690763052208835,0.7566765829775169,0.813614262560778,0.8680938895022321,0.8355716129585449,full_v4_features,39,39,0,,ksf-v4-idsplit::
classical_ext,svc,8,rbf_gscale_x10__svc__d8,rbf_gscale_x10,id_val,fixed_c1,1.0,,0.007999181747436523,0.876,0.8783299180327868,0.8752796150565667,0.8847583643122676,0.929047131147541,0.8674836508528068,full_v4_features,39,39,0,,ksf-v4-idsplit::
classical_ext,svc,8,rbf_gscale_x10__svc__d8,rbf_gscale_x10,id_test,fixed_c1,1.0,,0.007999181747436523,0.884,0.8863345286885246,0.8833260915045302,0.8921933085501859,0.946593237704918,0.8983994801074765,full_v4_features,39,39,0,,ksf-v4-idsplit::
classical_ext,svc,8,rbf_gscale_x10__svc__d8,rbf_gscale_x10,ood_test,fixed_c1,1.0,,0.007999181747436523,0.76,0.7591801468823501,0.7491471001404777,0.8013245033112583,0.8686858989743835,0.826676410136326,full_v4_features,39,39,0,,ksf-v4-idsplit::
classical_ext,svc,8,laplacian_med_x0.1__svc__d8,laplacian_med_x0.1,id_val,fixed_c1,1.0,,0.010999917984008789,0.872,0.8742315573770492,0.8713329902213072,0.8805970149253731,0.9569672131147541,0.9547417833985448,full_v4_features,39,39,0,,ksf-v4-idsplit::
classical_ext,svc,8,laplacian_med_x0.1__svc__d8,laplacian_med_x0.1,id_test,fixed_c1,1.0,,0.010999917984008789,0.892,0.8941470286885246,0.8914982880841009,0.898876404494382,0.9552382172131147,0.9290391087413478,full_v4_features,39,39,0,,ksf-v4-idsplit::
classical_ext,svc,8,laplacian_med_x0.1__svc__d8,laplacian_med_x0.1,ood_test,fixed_c1,1.0,,0.010999917984008789,0.766,0.7652682442919088,0.7576144287780038,0.8026981450252951,0.882222115553849,0.8273349746057802,full_v4_features,39,39,0,,ksf-v4-idsplit::
classical_ext,svc,8,laplacian_med_x0.3__svc__d8,laplacian_med_x0.3,id_val,fixed_c1,1.0,,0.007001399993896484,0.884,0.8865266393442623,0.8831756876520731,0.8929889298892989,0.9549820696721312,0.9398286383398943,full_v4_features,39,39,0,,ksf-v4-idsplit::
classical_ext,svc,8,laplacian_med_x0.3__svc__d8,laplacian_med_x0.3,id_test,fixed_c1,1.0,,0.007001399993896484,0.884,0.8863345286885246,0.8833260915045302,0.8921933085501859,0.954405737704918,0.9042852484368117,full_v4_features,39,39,0,,ksf-v4-idsplit::
classical_ext,svc,8,laplacian_med_x0.3__svc__d8,laplacian_med_x0.3,ood_test,fixed_c1,1.0,,0.007001399993896484,0.764,0.76316421062737,0.7528940711330017,0.8052805280528053,0.8774860397766364,0.8319101187705343,full_v4_features,39,39,0,,ksf-v4-idsplit::
classical_ext,svc,8,laplacian_med_x3__svc__d8,laplacian_med_x3,id_val,fixed_c1,1.0,,0.0059986114501953125,0.884,0.88671875,0.8830097949040681,0.8937728937728938,0.9119492827868853,0.8293196369812015,full_v4_features,39,39,0,,ksf-v4-idsplit::
classical_ext,svc,8,laplacian_med_x3__svc__d8,laplacian_med_x3,id_test,fixed_c1,1.0,,0.0059986114501953125,0.88,0.8828125,0.8788837930366256,0.8905109489051095,0.9234759221311476,0.852377489054888,full_v4_features,39,39,0,,ksf-v4-idsplit::
classical_ext,svc,8,laplacian_med_x3__svc__d8,laplacian_med_x3,ood_test,fixed_c1,1.0,,0.0059986114501953125,0.766,0.7650602409638554,0.751949423123402,0.8109854604200323,0.7712443399094385,0.6553684512281545,full_v4_features,39,39,0,,ksf-v4-idsplit::
classical_ext,svc,8,laplacian_med_x10__svc__d8,laplacian_med_x10,id_val,fixed_c1,1.0,,0.005999326705932617,0.872,0.875,0.870600414078675,0.8840579710144928,0.8862064549180328,0.7772084271473911,full_v4_features,39,39,0,,ksf-v4-idsplit::
classical_ext,svc,8,laplacian_med_x10__svc__d8,laplacian_med_x10,id_test,fixed_c1,1.0,,0.005999326705932617,0.868,0.87109375,0.8664421816062553,0.8808664259927798,0.8951075819672131,0.794776904969047,full_v4_features,39,39,0,,ksf-v4-idsplit::
classical_ext,svc,8,laplacian_med_x10__svc__d8,laplacian_med_x10,ood_test,fixed_c1,1.0,,0.005999326705932617,0.744,0.7429718875502008,0.7254397254397253,0.7968253968253968,0.7088593417494681,0.5798425768698978,full_v4_features,39,39,0,,ksf-v4-idsplit::
classical_ext,svc,8,matern15_med_x0.1__svc__d8,matern15_med_x0.1,id_val,fixed_c1,1.0,,0.008998870849609375,0.872,0.8742315573770492,0.8713329902213072,0.8805970149253731,0.9471055327868854,0.938054948233776,full_v4_features,39,39,0,,ksf-v4-idsplit::
classical_ext,svc,8,matern15_med_x0.1__svc__d8,matern15_med_x0.1,id_test,fixed_c1,1.0,,0.008998870849609375,0.892,0.8939549180327868,0.8916097952629466,0.8981132075471698,0.9533811475409835,0.9132227489188435,full_v4_features,39,39,0,,ksf-v4-idsplit::
classical_ext,svc,8,matern15_med_x0.1__svc__d8,matern15_med_x0.1,ood_test,fixed_c1,1.0,,0.008998870849609375,0.772,0.7713403414454632,0.7653780295047419,0.8047945205479452,0.8733579737275796,0.8070115871112771,full_v4_features,39,39,0,,ksf-v4-idsplit::
classical_ext,svc,8,matern15_med_x0.3__svc__d8,matern15_med_x0.3,id_val,fixed_c1,1.0,,0.0069997310638427734,0.884,0.8865266393442623,0.8831756876520731,0.8929889298892989,0.9401895491803278,0.8954753953494258,full_v4_features,39,39,0,,ksf-v4-idsplit::
classical_ext,svc,8,matern15_med_x0.3__svc__d8,matern15_med_x0.3,id_test,fixed_c1,1.0,,0.0069997310638427734,0.888,0.8904328893442623,0.8872785829307568,0.8962962962962963,0.9561987704918032,0.920908979938371,full_v4_features,39,39,0,,ksf-v4-idsplit::
classical_ext,svc,8,matern15_med_x0.3__svc__d8,matern15_med_x0.3,ood_test,fixed_c1,1.0,,0.0069997310638427734,0.768,0.767164274628394,0.7570823072154931,0.8085808580858086,0.8815501048016768,0.8491497380179754,full_v4_features,39,39,0,,ksf-v4-idsplit::
classical_ext,svc,8,matern15_med_x3__svc__d8,matern15_med_x3,id_val,fixed_c1,1.0,,0.006705284118652344,0.872,0.875,0.870600414078675,0.8840579710144928,0.8402279713114754,0.6993645305747411,full_v4_features,39,39,0,,ksf-v4-idsplit::
classical_ext,svc,8,matern15_med_x3__svc__d8,matern15_med_x3,id_test,fixed_c1,1.0,,0.006705284118652344,0.868,0.87109375,0.8664421816062553,0.8808664259927798,0.8673796106557377,0.7695422821306279,full_v4_features,39,39,0,,ksf-v4-idsplit::
classical_ext,svc,8,matern15_med_x3__svc__d8,matern15_med_x3,ood_test,fixed_c1,1.0,,0.006705284118652344,0.744,0.7429718875502008,0.7254397254397253,0.7968253968253968,0.7518520296324742,0.6311833527699686,full_v4_features,39,39,0,,ksf-v4-idsplit::
classical_ext,svc,8,matern15_med_x10__svc__d8,matern15_med_x10,id_val,fixed_c1,1.0,,0.00805974006652832,0.836,0.8377305327868853,0.8355553416438048,0.844106463878327,0.8974129098360656,0.814261248346072,full_v4_features,39,39,0,,ksf-v4-idsplit::
classical_ext,svc,8,matern15_med_x10__svc__d8,matern15_med_x10,id_test,fixed_c1,1.0,,0.00805974006652832,0.816,0.8176229508196722,0.8155750849958304,0.8244274809160306,0.9147669057377049,0.874198084555486,full_v4_features,39,39,0,,ksf-v4-idsplit::
classical_ext,svc,8,matern15_med_x10__svc__d8,matern15_med_x10,ood_test,fixed_c1,1.0,,0.00805974006652832,0.756,0.7550200803212852,0.7400095471903982,0.8044871794871795,0.7911006576105217,0.679109769196331,full_v4_features,39,39,0,,ksf-v4-idsplit::
classical_ext,svc,8,matern25_med_x0.1__svc__d8,matern25_med_x0.1,id_val,fixed_c1,1.0,,0.008681774139404297,0.872,0.8742315573770492,0.8713329902213072,0.8805970149253731,0.944031762295082,0.9286240256961881,full_v4_features,39,39,0,,ksf-v4-idsplit::
classical_ext,svc,8,matern25_med_x0.1__svc__d8,matern25_med_x0.1,id_test,fixed_c1,1.0,,0.008681774139404297,0.896,0.8978611680327868,0.8956728299948639,0.9015151515151515,0.9537653688524591,0.9152800922802801,full_v4_features,39,39,0,,ksf-v4-idsplit::
classical_ext,svc,8,matern25_med_x0.1__svc__d8,matern25_med_x0.1,ood_test,fixed_c1,1.0,,0.008681774139404297,0.77,0.7693643098289573,0.7638011986575692,0.802065404475043,0.8718379494071905,0.8044834969603822,full_v4_features,39,39,0,,ksf-v4-idsplit::
classical_ext,svc,8,matern25_med_x0.3__svc__d8,matern25_med_x0.3,id_val,fixed_c1,1.0,,0.0059969425201416016,0.884,0.8865266393442623,0.8831756876520731,0.8929889298892989,0.9318647540983607,0.8836432985548479,full_v4_features,39,39,0,,ksf-v4-idsplit::
classical_ext,svc,8,matern25_med_x0.3__svc__d8,matern25_med_x0.3,id_test,fixed_c1,1.0,,0.0059969425201416016,0.884,0.8863345286885246,0.8833260915045302,0.8921933085501859,0.9483862704918034,0.905846503453094,full_v4_features,39,39,0,,ksf-v4-idsplit::
classical_ext,svc,8,matern25_med_x0.3__svc__d8,matern25_med_x0.3,ood_test,fixed_c1,1.0,,0.0059969425201416016,0.766,0.765172242755884,0.755204519301182,0.8066115702479338,0.8784940559048945,0.8482170139395278,full_v4_features,39,39,0,,ksf-v4-idsplit::
classical_ext,svc,8,matern25_med_x3__svc__d8,matern25_med_x3,id_val,fixed_c1,1.0,,0.00700068473815918,0.848,0.8502177254098361,0.8472079258878024,0.8582089552238806,0.8304303278688524,0.7039948462273482,full_v4_features,39,39,0,,ksf-v4-idsplit::
classical_ext,svc,8,matern25_med_x3__svc__d8,matern25_med_x3,id_test,fixed_c1,1.0,,0.00700068473815918,0.84,0.8420210040983607,0.8393419446051025,0.849624060150376,0.8557248975409836,0.7770811689210182,full_v4_features,39,39,0,,ksf-v4-idsplit::
classical_ext,svc,8,matern25_med_x3__svc__d8,matern25_med_x3,ood_test,fixed_c1,1.0,,0.00700068473815918,0.744,0.7429718875502008,0.7254397254397253,0.7968253968253968,0.7181074897198355,0.6049147061130171,full_v4_features,39,39,0,,ksf-v4-idsplit::
classical_ext,svc,8,matern25_med_x10__svc__d8,matern25_med_x10,id_val,fixed_c1,1.0,,0.008927583694458008,0.756,0.7596055327868853,0.7516731530181889,0.784452296819788,0.9079149590163935,0.8791340195554385,full_v4_features,39,39,0,,ksf-v4-idsplit::
classical_ext,svc,8,matern25_med_x10__svc__d8,matern25_med_x10,id_test,fixed_c1,1.0,,0.008927583694458008,0.732,0.7352074795081966,0.7283446050049465,0.7598566308243727,0.9074026639344263,0.8924217892262427,full_v4_features,39,39,0,,ksf-v4-idsplit::
classical_ext,svc,8,matern25_med_x10__svc__d8,matern25_med_x10,ood_test,fixed_c1,1.0,,0.008927583694458008,0.734,0.7329317269076305,0.7130838097292633,0.7905511811023622,0.8174370789932639,0.7480096739638842,full_v4_features,39,39,0,,ksf-v4-idsplit::
quantum,svc,8,zz_r1_full__as0.5__svc__d8,zz_r1_full__as0.5,id_val,fixed_c1,1.0,,0.011852502822875977,0.88,0.8824282786885246,0.8792270531400965,0.8888888888888888,0.938140368852459,0.8992003607734438,full_v4_features,39,39,0,,ksf-v4-idsplit::
quantum,svc,8,zz_r1_full__as0.5__svc__d8,zz_r1_full__as0.5,id_test,fixed_c1,1.0,,0.011852502822875977,0.892,0.8943391393442623,0.8913725679524935,0.8996282527881041,0.9545338114754098,0.9245316577183385,full_v4_features,39,39,0,,ksf-v4-idsplit::
quantum,svc,8,zz_r1_full__as0.5__svc__d8,zz_r1_full__as0.5,ood_test,fixed_c1,1.0,,0.011852502822875977,0.77,0.7692843085489368,0.7621204787377078,0.805414551607445,0.8743819901118417,0.8293854498383428,full_v4_features,39,39,0,,ksf-v4-idsplit::
quantum,svc,8,zz_r2_full__as0.5__svc__d8,zz_r2_full__as0.5,id_val,fixed_c1,1.0,,0.010999441146850586,0.868,0.8693647540983607,0.8678287060029799,0.8725868725868726,0.9356429303278688,0.9195249893795966,full_v4_features,39,39,0,,ksf-v4-idsplit::
quantum,svc,8,zz_r2_full__as0.5__svc__d8,zz_r2_full__as0.5,id_test,fixed_c1,1.0,,0.010999441146850586,0.892,0.8933785860655737,0.8918598503660744,0.8957528957528957,0.9502433401639344,0.9248194244466961,full_v4_features,39,39,0,,ksf-v4-idsplit::
quantum,svc,8,zz_r2_full__as0.5__svc__d8,zz_r2_full__as0.5,ood_test,fixed_c1,1.0,,0.010999441146850586,0.778,0.7776204419270709,0.7758472368628306,0.7978142076502732,0.8636298180770892,0.7962801877826117,full_v4_features,39,39,0,,ksf-v4-idsplit::
quantum,svc,8,pauli_xz_r1_full__as0.5__svc__d8,pauli_xz_r1_full__as0.5,id_val,fixed_c1,1.0,,0.007628679275512695,0.884,0.88671875,0.8830097949040681,0.8937728937728938,0.9416623975409837,0.9067056095118275,full_v4_features,39,39,0,,ksf-v4-idsplit::
quantum,svc,8,pauli_xz_r1_full__as0.5__svc__d8,pauli_xz_r1_full__as0.5,id_test,fixed_c1,1.0,,0.007628679275512695,0.884,0.88671875,0.8830097949040681,0.8937728937728938,0.9506915983606558,0.9060429260988012,full_v4_features,39,39,0,,ksf-v4-idsplit::
quantum,svc,8,pauli_xz_r1_full__as0.5__svc__d8,pauli_xz_r1_full__as0.5,ood_test,fixed_c1,1.0,,0.007628679275512695,0.768,0.7670682730923695,0.7543164065809316,0.8122977346278317,0.8595657530520489,0.8043292344322293,full_v4_features,39,39,0,,ksf-v4-idsplit::
quantum,svc,8,zmap_r2__as0.5__svc__d8,zmap_r2__as0.5,id_val,fixed_c1,1.0,,0.0069997310638427734,0.884,0.88671875,0.8830097949040681,0.8937728937728938,0.9485143442622951,0.9160674115336405,full_v4_features,39,39,0,,ksf-v4-idsplit::
quantum,svc,8,zmap_r2__as0.5__svc__d8,zmap_r2__as0.5,id_test,fixed_c1,1.0,,0.0069997310638427734,0.876,0.8787141393442623,0.874941504897452,0.8864468864468864,0.9504354508196722,0.9105640813658415,full_v4_features,39,39,0,,ksf-v4-idsplit::
quantum,svc,8,zmap_r2__as0.5__svc__d8,zmap_r2__as0.5,ood_test,fixed_c1,1.0,,0.0069997310638427734,0.768,0.7670682730923695,0.7543164065809316,0.8122977346278317,0.875758012128194,0.8436627177980568,full_v4_features,39,39,0,,ksf-v4-idsplit::
quantum,svc,8,zz_r1_full__svc__d8,zz_r1_full,id_val,fixed_c1,1.0,,0.012894153594970703,0.88,0.8822361680327868,0.8793746783324756,0.8880597014925373,0.9465292008196722,0.9361070956149921,full_v4_features,39,39,0,,ksf-v4-idsplit::
quantum,svc,8,zz_r1_full__svc__d8,zz_r1_full,id_test,fixed_c1,1.0,,0.012894153594970703,0.896,0.8980532786885246,0.8955722639933166,0.9022556390977443,0.950563524590164,0.922575439220281,full_v4_features,39,39,0,,ksf-v4-idsplit::
quantum,svc,8,zz_r1_full__svc__d8,zz_r1_full,ood_test,fixed_c1,1.0,,0.012894153594970703,0.766,0.765332245315925,0.7590361445783133,0.8,0.8665418646698346,0.8095960339338767,full_v4_features,39,39,0,,ksf-v4-idsplit::
quantum,svc,8,zz_r2_full__svc__d8,zz_r2_full,id_val,fixed_c1,1.0,,0.011141061782836914,0.836,0.8354252049180328,0.8356818801199122,0.8284518828451883,0.9357069672131147,0.9202994253416689,full_v4_features,39,39,0,,ksf-v4-idsplit::
quantum,svc,8,zz_r2_full__svc__d8,zz_r2_full,id_test,fixed_c1,1.0,,0.011141061782836914,0.856,0.8553406762295082,0.8556674578228238,0.8487394957983193,0.9467213114754098,0.9310734418166379,full_v4_features,39,39,0,,ksf-v4-idsplit::
quantum,svc,8,zz_r2_full__svc__d8,zz_r2_full,ood_test,fixed_c1,1.0,,0.011141061782836914,0.788,0.7879486071777149,0.7879457141028103,0.7913385826771654,0.873933982943727,0.8561257153111586,full_v4_features,39,39,0,,ksf-v4-idsplit::
quantum,svc,8,pauli_xz_r1_full__svc__d8,pauli_xz_r1_full,id_val,fixed_c1,1.0,,0.007822275161743164,0.88,0.8822361680327868,0.8793746783324756,0.8880597014925373,0.9436475409836065,0.9091842120002319,full_v4_features,39,39,0,,ksf-v4-idsplit::
quantum,svc,8,pauli_xz_r1_full__svc__d8,pauli_xz_r1_full,id_test,fixed_c1,1.0,,0.007822275161743164,0.88,0.8822361680327868,0.8793746783324756,0.8880597014925373,0.9395491803278688,0.8997448703274431,full_v4_features,39,39,0,,ksf-v4-idsplit::
quantum,svc,8,pauli_xz_r1_full__svc__d8,pauli_xz_r1_full,ood_test,fixed_c1,1.0,,0.007822275161743164,0.762,0.7612041792668682,0.7518755290889453,0.8019966722129783,0.8543816701067217,0.8131281807139095,full_v4_features,39,39,0,,ksf-v4-idsplit::
quantum,svc,8,zmap_r2__svc__d8,zmap_r2,id_val,fixed_c1,1.0,,0.00875091552734375,0.884,0.8863345286885246,0.8833260915045302,0.8921933085501859,0.9180968237704918,0.8499319067049659,full_v4_features,39,39,0,,ksf-v4-idsplit::
quantum,svc,8,zmap_r2__svc__d8,zmap_r2,id_test,fixed_c1,1.0,,0.00875091552734375,0.88,0.8824282786885246,0.8792270531400965,0.8888888888888888,0.9132300204918034,0.8378099231875433,full_v4_features,39,39,0,,ksf-v4-idsplit::
quantum,svc,8,zmap_r2__svc__d8,zmap_r2,ood_test,fixed_c1,1.0,,0.00875091552734375,0.762,0.761140178242852,0.7501249375312344,0.8045977011494253,0.8601577625242003,0.8250499586928023,full_v4_features,39,39,0,,ksf-v4-idsplit::
quantum,svc,8,zz_r1_full__as2__svc__d8,zz_r1_full__as2,id_val,fixed_c1,1.0,,0.011523246765136719,0.856,0.857453893442623,0.8557692307692308,0.8615384615384616,0.9403176229508197,0.9157942530232102,full_v4_features,39,39,0,,ksf-v4-idsplit::
quantum,svc,8,zz_r1_full__as2__svc__d8,zz_r1_full__as2,id_test,fixed_c1,1.0,,0.011523246765136719,0.9,0.9015753073770492,0.899806024463361,0.9042145593869731,0.955046106557377,0.9328310006291126,full_v4_features,39,39,0,,ksf-v4-idsplit::
quantum,svc,8,zz_r1_full__as2__svc__d8,zz_r1_full__as2,ood_test,fixed_c1,1.0,,0.011523246765136719,0.774,0.7734283748539976,0.769077659387504,0.8027923211169284,0.8650218403494455,0.8408258732051306,full_v4_features,39,39,0,,ksf-v4-idsplit::
quantum,svc,8,zz_r2_full__as2__svc__d8,zz_r2_full__as2,id_val,fixed_c1,1.0,,0.011074304580688477,0.812,0.8087218237704918,0.807310713524328,0.7772511848341233,0.9195056352459017,0.9102251838125064,full_v4_features,39,39,0,,ksf-v4-idsplit::
quantum,svc,8,zz_r2_full__as2__svc__d8,zz_r2_full__as2,id_test,fixed_c1,1.0,,0.011074304580688477,0.848,0.8456070696721312,0.8457792207792207,0.8272727272727273,0.939485143442623,0.9211868519020427,full_v4_features,39,39,0,,ksf-v4-idsplit::
quantum,svc,8,zz_r2_full__as2__svc__d8,zz_r2_full__as2,ood_test,fixed_c1,1.0,,0.011074304580688477,0.71,0.7107233715739452,0.7005109902139384,0.6472019464720195,0.8397574361189779,0.8175430145922896,full_v4_features,39,39,0,,ksf-v4-idsplit::
quantum,svc,8,pauli_xz_r1_full__as2__svc__d8,pauli_xz_r1_full__as2,id_val,fixed_c1,1.0,,0.009003639221191406,0.864,0.8660348360655737,0.863440652914337,0.8721804511278195,0.9308401639344263,0.871940394148045,full_v4_features,39,39,0,,ksf-v4-idsplit::
quantum,svc,8,pauli_xz_r1_full__as2__svc__d8,pauli_xz_r1_full__as2,id_test,fixed_c1,1.0,,0.009003639221191406,0.896,0.8980532786885246,0.8955722639933166,0.9022556390977443,0.9374359631147541,0.875253439482677,full_v4_features,39,39,0,,ksf-v4-idsplit::
quantum,svc,8,pauli_xz_r1_full__as2__svc__d8,pauli_xz_r1_full__as2,ood_test,fixed_c1,1.0,,0.009003639221191406,0.77,0.7693323093169491,0.7631551848419318,0.8034188034188035,0.8677098833581337,0.8267275895179528,full_v4_features,39,39,0,,ksf-v4-idsplit::
quantum,svc,8,zmap_r2__as2__svc__d8,zmap_r2__as2,id_val,fixed_c1,1.0,,0.008604764938354492,0.884,0.8861424180327868,0.8834611242384787,0.8913857677902621,0.9375,0.8959163174528737,full_v4_features,39,39,0,,ksf-v4-idsplit::
quantum,svc,8,zmap_r2__as2__svc__d8,zmap_r2__as2,id_test,fixed_c1,1.0,,0.008604764938354492,0.9,0.9019595286885246,0.8996386993175431,0.9056603773584906,0.9467213114754098,0.9071799987337288,full_v4_features,39,39,0,,ksf-v4-idsplit::
quantum,svc,8,zmap_r2__as2__svc__d8,zmap_r2__as2,ood_test,fixed_c1,1.0,,0.008604764938354492,0.788,0.7873085969375511,0.7812231688792022,0.8197278911564626,0.8649738395814333,0.7952802309810657,full_v4_features,39,39,0,,ksf-v4-idsplit::
classical_ext,svc,10,linear__svc__d10,linear,id_val,fixed_c1,1.0,,0.0066378116607666016,0.872,0.8746157786885246,0.8710010319917441,0.8823529411764706,0.8908811475409836,0.7807959340508768,full_v4_features,39,39,0,,ksf-v4-idsplit::
classical_ext,svc,10,linear__svc__d10,linear,id_test,fixed_c1,1.0,,0.0066378116607666016,0.86,0.8619364754098361,0.8594941790445605,0.8679245283018868,0.8779456967213115,0.7511961098641348,full_v4_features,39,39,0,,ksf-v4-idsplit::
classical_ext,svc,10,linear__svc__d10,linear,ood_test,fixed_c1,1.0,,0.0066378116607666016,0.762,0.7610441767068273,0.7471947110584256,0.8083735909822867,0.7669562713003408,0.6497568667092637,full_v4_features,39,39,0,,ksf-v4-idsplit::
classical_ext,svc,10,rbf_gscale__svc__d10,rbf_gscale,id_val,fixed_c1,1.0,,0.0062906742095947266,0.884,0.88671875,0.8830097949040681,0.8937728937728938,0.9530609631147541,0.9296489585572784,full_v4_features,39,39,0,,ksf-v4-idsplit::
classical_ext,svc,10,rbf_gscale__svc__d10,rbf_gscale,id_test,fixed_c1,1.0,,0.0062906742095947266,0.884,0.88671875,0.8830097949040681,0.8937728937728938,0.9555584016393442,0.9267127665619816,full_v4_features,39,39,0,,ksf-v4-idsplit::
classical_ext,svc,10,rbf_gscale__svc__d10,rbf_gscale,ood_test,fixed_c1,1.0,,0.0062906742095947266,0.768,0.7670682730923695,0.7543164065809316,0.8122977346278317,0.8337093393494295,0.7611321593257079,full_v4_features,39,39,0,,ksf-v4-idsplit::
classical_ext,svc,10,poly2__svc__d10,poly2,id_val,fixed_c1,1.0,,0.006999015808105469,0.876,0.87890625,0.8747474747474748,0.8872727272727273,0.872374487704918,0.7640872114485691,full_v4_features,39,39,0,,ksf-v4-idsplit::
classical_ext,svc,10,poly2__svc__d10,poly2,id_test,fixed_c1,1.0,,0.006999015808105469,0.864,0.8668032786885246,0.862734965441509,0.8759124087591241,0.8725025614754098,0.7749311796835784,full_v4_features,39,39,0,,ksf-v4-idsplit::
classical_ext,svc,10,poly2__svc__d10,poly2,ood_test,fixed_c1,1.0,,0.006999015808105469,0.744,0.7429718875502008,0.7254397254397253,0.7968253968253968,0.7861245779932479,0.7007251590151908,full_v4_features,39,39,0,,ksf-v4-idsplit::
classical_ext,svc,10,poly3__svc__d10,poly3,id_val,fixed_c1,1.0,,0.006874561309814453,0.872,0.875,0.870600414078675,0.8840579710144928,0.8899205942622951,0.7990650559265184,full_v4_features,39,39,0,,ksf-v4-idsplit::
classical_ext,svc,10,poly3__svc__d10,poly3,id_test,fixed_c1,1.0,,0.006874561309814453,0.872,0.875,0.870600414078675,0.8840579710144928,0.8962602459016393,0.8368192448619909,full_v4_features,39,39,0,,ksf-v4-idsplit::
classical_ext,svc,10,poly3__svc__d10,poly3,ood_test,fixed_c1,1.0,,0.006874561309814453,0.744,0.7429718875502008,0.7254397254397253,0.7968253968253968,0.7857405718491497,0.7273038964752212,full_v4_features,39,39,0,,ksf-v4-idsplit::
classical_ext,svc,10,laplacian_med__svc__d10,laplacian_med,id_val,fixed_c1,1.0,,0.007002830505371094,0.884,0.88671875,0.8830097949040681,0.8937728937728938,0.9688780737704918,0.9640373393351175,full_v4_features,39,39,0,,ksf-v4-idsplit::
classical_ext,svc,10,laplacian_med__svc__d10,laplacian_med,id_test,fixed_c1,1.0,,0.007002830505371094,0.888,0.890625,0.887125902992776,0.8970588235294118,0.9591444672131147,0.9220522817939585,full_v4_features,39,39,0,,ksf-v4-idsplit::
classical_ext,svc,10,laplacian_med__svc__d10,laplacian_med,ood_test,fixed_c1,1.0,,0.007002830505371094,0.77,0.7690763052208835,0.7566765829775169,0.813614262560778,0.8878862061792989,0.8610827317271531,full_v4_features,39,39,0,,ksf-v4-idsplit::
classical_ext,svc,10,matern15_med__svc__d10,matern15_med,id_val,fixed_c1,1.0,,0.008813858032226562,0.884,0.88671875,0.8830097949040681,0.8937728937728938,0.9464651639344261,0.9164642285342087,full_v4_features,39,39,0,,ksf-v4-idsplit::
classical_ext,svc,10,matern15_med__svc__d10,matern15_med,id_test,fixed_c1,1.0,,0.008813858032226562,0.884,0.88671875,0.8830097949040681,0.8937728937728938,0.9517161885245902,0.9215253316593903,full_v4_features,39,39,0,,ksf-v4-idsplit::
classical_ext,svc,10,matern15_med__svc__d10,matern15_med,ood_test,fixed_c1,1.0,,0.008813858032226562,0.766,0.7650602409638554,0.751949423123402,0.8109854604200323,0.8343173490775853,0.7626447531230539,full_v4_features,39,39,0,,ksf-v4-idsplit::
classical_ext,svc,10,matern25_med__svc__d10,matern25_med,id_val,fixed_c1,1.0,,0.00506901741027832,0.884,0.88671875,0.8830097949040681,0.8937728937728938,0.9378201844262295,0.8928658483813255,full_v4_features,39,39,0,,ksf-v4-idsplit::
classical_ext,svc,10,matern25_med__svc__d10,matern25_med,id_test,fixed_c1,1.0,,0.00506901741027832,0.884,0.88671875,0.8830097949040681,0.8937728937728938,0.9449923155737705,0.9077535896815232,full_v4_features,39,39,0,,ksf-v4-idsplit::
classical_ext,svc,10,matern25_med__svc__d10,matern25_med,ood_test,fixed_c1,1.0,,0.00506901741027832,0.768,0.7670682730923695,0.7543164065809316,0.8122977346278317,0.8105569689115026,0.7203033369252176,full_v4_features,39,39,0,,ksf-v4-idsplit::
classical_ext,svc,10,rbf_gscale_x0.1__svc__d10,rbf_gscale_x0.1,id_val,fixed_c1,1.0,,0.0069043636322021484,0.872,0.8746157786885246,0.8710010319917441,0.8823529411764706,0.8773693647540983,0.7662655885258184,full_v4_features,39,39,0,,ksf-v4-idsplit::
classical_ext,svc,10,rbf_gscale_x0.1__svc__d10,rbf_gscale_x0.1,id_test,fixed_c1,1.0,,0.0069043636322021484,0.856,0.8584144467213115,0.855072463768116,0.8666666666666667,0.8832607581967213,0.8241415089470572,full_v4_features,39,39,0,,ksf-v4-idsplit::
classical_ext,svc,10,rbf_gscale_x0.1__svc__d10,rbf_gscale_x0.1,ood_test,fixed_c1,1.0,,0.0069043636322021484,0.744,0.7429718875502008,0.7254397254397253,0.7968253968253968,0.7910366565865055,0.7348107433858564,full_v4_features,39,39,0,,ksf-v4-idsplit::
classical_ext,svc,10,rbf_gscale_x0.3__svc__d10,rbf_gscale_x0.3,id_val,fixed_c1,1.0,,0.00653529167175293,0.872,0.875,0.870600414078675,0.8840579710144928,0.9154072745901639,0.8321896633092195,full_v4_features,39,39,0,,ksf-v4-idsplit::
classical_ext,svc,10,rbf_gscale_x0.3__svc__d10,rbf_gscale_x0.3,id_test,fixed_c1,1.0,,0.00653529167175293,0.872,0.875,0.870600414078675,0.8840579710144928,0.9170722336065573,0.8704265920812546,full_v4_features,39,39,0,,ksf-v4-idsplit::
classical_ext,svc,10,rbf_gscale_x0.3__svc__d10,rbf_gscale_x0.3,ood_test,fixed_c1,1.0,,0.00653529167175293,0.746,0.7449799196787148,0.7278870752788622,0.7980922098569158,0.7762524200387206,0.7088764657190146,full_v4_features,39,39,0,,ksf-v4-idsplit::
classical_ext,svc,10,rbf_gscale_x3__svc__d10,rbf_gscale_x3,id_val,fixed_c1,1.0,,0.0057239532470703125,0.888,0.8904328893442623,0.8872785829307568,0.8962962962962963,0.9444800204918032,0.9072402556243064,full_v4_features,39,39,0,,ksf-v4-idsplit::
classical_ext,svc,10,rbf_gscale_x3__svc__d10,rbf_gscale_x3,id_test,fixed_c1,1.0,,0.0057239532470703125,0.892,0.8943391393442623,0.8913725679524935,0.8996282527881041,0.962218237704918,0.9412288628268132,full_v4_features,39,39,0,,ksf-v4-idsplit::
classical_ext,svc,10,rbf_gscale_x3__svc__d10,rbf_gscale_x3,ood_test,fixed_c1,1.0,,0.0057239532470703125,0.762,0.7612201795228724,0.7522887272636439,0.8013355592654424,0.8587817405078481,0.8173478524567301,full_v4_features,39,39,0,,ksf-v4-idsplit::
classical_ext,svc,10,rbf_gscale_x10__svc__d10,rbf_gscale_x10,id_val,fixed_c1,1.0,,0.006297111511230469,0.88,0.8818519467213115,0.8796224961479199,0.8863636363636364,0.9521644467213115,0.9150260253863383,full_v4_features,39,39,0,,ksf-v4-idsplit::
classical_ext,svc,10,rbf_gscale_x10__svc__d10,rbf_gscale_x10,id_test,fixed_c1,1.0,,0.006297111511230469,0.888,0.8898565573770492,0.8876476630713919,0.8939393939393939,0.9542136270491803,0.9002505741784322,full_v4_features,39,39,0,,ksf-v4-idsplit::
classical_ext,svc,10,rbf_gscale_x10__svc__d10,rbf_gscale_x10,ood_test,fixed_c1,1.0,,0.006297111511230469,0.788,0.7873565977055633,0.7821404495305744,0.8178694158075601,0.887918206691307,0.8518578908435476,full_v4_features,39,39,0,,ksf-v4-idsplit::
classical_ext,svc,10,laplacian_med_x0.1__svc__d10,laplacian_med_x0.1,id_val,fixed_c1,1.0,,0.009418249130249023,0.88,0.8818519467213115,0.8796224961479199,0.8863636363636364,0.9618980532786885,0.9597109357714583,full_v4_features,39,39,0,,ksf-v4-idsplit::
classical_ext,svc,10,laplacian_med_x0.1__svc__d10,laplacian_med_x0.1,id_test,fixed_c1,1.0,,0.009418249130249023,0.896,0.8976690573770492,0.8957598306498171,0.9007633587786259,0.963563012295082,0.9561872908799189,full_v4_features,39,39,0,,ksf-v4-idsplit::
classical_ext,svc,10,laplacian_med_x0.1__svc__d10,laplacian_med_x0.1,ood_test,fixed_c1,1.0,,0.009418249130249023,0.794,0.7934286948591177,0.7895132647514418,0.8202443280977313,0.8972783564537032,0.8895212691978414,full_v4_features,39,39,0,,ksf-v4-idsplit::
classical_ext,svc,10,laplacian_med_x0.3__svc__d10,laplacian_med_x0.3,id_val,fixed_c1,1.0,,0.007831335067749023,0.892,0.8943391393442623,0.8913725679524935,0.8996282527881041,0.9712474385245902,0.9693831625264919,full_v4_features,39,39,0,,ksf-v4-idsplit::
classical_ext,svc,10,laplacian_med_x0.3__svc__d10,laplacian_med_x0.3,id_test,fixed_c1,1.0,,0.007831335067749023,0.896,0.8980532786885246,0.8955722639933166,0.9022556390977443,0.9643314549180328,0.9267908992410714,full_v4_features,39,39,0,,ksf-v4-idsplit::
classical_ext,svc,10,laplacian_med_x0.3__svc__d10,laplacian_med_x0.3,ood_test,fixed_c1,1.0,,0.007831335067749023,0.774,0.7732203715259445,0.7647783712671576,0.8113522537562604,0.9035824573193171,0.8859145422099853,full_v4_features,39,39,0,,ksf-v4-idsplit::
classical_ext,svc,10,laplacian_med_x3__svc__d10,laplacian_med_x3,id_val,fixed_c1,1.0,,0.007002353668212891,0.884,0.88671875,0.8830097949040681,0.8937728937728938,0.9579918032786885,0.9155151935143686,full_v4_features,39,39,0,,ksf-v4-idsplit::
classical_ext,svc,10,laplacian_med_x3__svc__d10,laplacian_med_x3,id_test,fixed_c1,1.0,,0.007002353668212891,0.88,0.8828125,0.8788837930366256,0.8905109489051095,0.9501793032786885,0.898397731572618,full_v4_features,39,39,0,,ksf-v4-idsplit::
classical_ext,svc,10,laplacian_med_x3__svc__d10,laplacian_med_x3,ood_test,fixed_c1,1.0,,0.007002353668212891,0.766,0.7650602409638554,0.751949423123402,0.8109854604200323,0.8206211299380791,0.7404703102007388,full_v4_features,39,39,0,,ksf-v4-idsplit::
classical_ext,svc,10,laplacian_med_x10__svc__d10,laplacian_med_x10,id_val,fixed_c1,1.0,,0.004996776580810547,0.872,0.875,0.870600414078675,0.8840579710144928,0.9286629098360656,0.8641725119803343,full_v4_features,39,39,0,,ksf-v4-idsplit::
classical_ext,svc,10,laplacian_med_x10__svc__d10,laplacian_med_x10,id_test,fixed_c1,1.0,,0.004996776580810547,0.868,0.87109375,0.8664421816062553,0.8808664259927798,0.9184810450819672,0.8400017894633328,full_v4_features,39,39,0,,ksf-v4-idsplit::
classical_ext,svc,10,laplacian_med_x10__svc__d10,laplacian_med_x10,ood_test,fixed_c1,1.0,,0.004996776580810547,0.744,0.7429718875502008,0.7254397254397253,0.7968253968253968,0.7796604745675932,0.6580248788969287,full_v4_features,39,39,0,,ksf-v4-idsplit::
classical_ext,svc,10,matern15_med_x0.1__svc__d10,matern15_med_x0.1,id_val,fixed_c1,1.0,,0.010951995849609375,0.872,0.8734631147540983,0.8717948717948718,0.8769230769230769,0.9545978483606558,0.9539077447990463,full_v4_features,39,39,0,,ksf-v4-idsplit::
classical_ext,svc,10,matern15_med_x0.1__svc__d10,matern15_med_x0.1,id_test,fixed_c1,1.0,,0.010951995849609375,0.904,0.9050973360655737,0.9039446721311475,0.90625,0.95703125,0.922901980836499,full_v4_features,39,39,0,,ksf-v4-idsplit::
classical_ext,svc,10,matern15_med_x0.1__svc__d10,matern15_med_x0.1,ood_test,fixed_c1,1.0,,0.010951995849609375,0.798,0.7975887614201826,0.7957045361683881,0.8173598553345389,0.8835501368021887,0.8421529335782149,full_v4_features,39,39,0,,ksf-v4-idsplit::
classical_ext,svc,10,matern15_med_x0.3__svc__d10,matern15_med_x0.3,id_val,fixed_c1,1.0,,0.00599980354309082,0.892,0.8943391393442623,0.8913725679524935,0.8996282527881041,0.9621542008196722,0.948190175108978,full_v4_features,39,39,0,,ksf-v4-idsplit::
classical_ext,svc,10,matern15_med_x0.3__svc__d10,matern15_med_x0.3,id_test,fixed_c1,1.0,,0.00599980354309082,0.888,0.8900486680327868,0.8875393612235718,0.8947368421052632,0.961577868852459,0.918450974992374,full_v4_features,39,39,0,,ksf-v4-idsplit::
classical_ext,svc,10,matern15_med_x0.3__svc__d10,matern15_med_x0.3,ood_test,fixed_c1,1.0,,0.00599980354309082,0.77,0.7692683082929327,0.7617577718758157,0.806070826306914,0.8923662778604459,0.8596949043271124,full_v4_features,39,39,0,,ksf-v4-idsplit::
classical_ext,svc,10,matern15_med_x3__svc__d10,matern15_med_x3,id_val,fixed_c1,1.0,,0.0060002803802490234,0.872,0.875,0.870600414078675,0.8840579710144928,0.8946593237704918,0.7882665199445232,full_v4_features,39,39,0,,ksf-v4-idsplit::
classical_ext,svc,10,matern15_med_x3__svc__d10,matern15_med_x3,id_test,fixed_c1,1.0,,0.0060002803802490234,0.872,0.875,0.870600414078675,0.8840579710144928,0.9126536885245902,0.8641799650354863,full_v4_features,39,39,0,,ksf-v4-idsplit::
classical_ext,svc,10,matern15_med_x3__svc__d10,matern15_med_x3,ood_test,fixed_c1,1.0,,0.0060002803802490234,0.744,0.7429718875502008,0.7254397254397253,0.7968253968253968,0.8122529960479368,0.7458890250752046,full_v4_features,39,39,0,,ksf-v4-idsplit::
classical_ext,svc,10,matern15_med_x10__svc__d10,matern15_med_x10,id_val,fixed_c1,1.0,,0.007460117340087891,0.848,0.8500256147540983,0.8473748473748474,0.8571428571428571,0.9273181352459017,0.8863595918162689,full_v4_features,39,39,0,,ksf-v4-idsplit::
classical_ext,svc,10,matern15_med_x10__svc__d10,matern15_med_x10,id_test,fixed_c1,1.0,,0.007460117340087891,0.816,0.8176229508196722,0.8155750849958304,0.8244274809160306,0.9331454918032787,0.9168459165715896,full_v4_features,39,39,0,,ksf-v4-idsplit::
classical_ext,svc,10,matern15_med_x10__svc__d10,matern15_med_x10,ood_test,fixed_c1,1.0,,0.007460117340087891,0.756,0.7550200803212852,0.7400095471903982,0.8044871794871795,0.8320773132370118,0.764333814207968,full_v4_features,39,39,0,,ksf-v4-idsplit::
classical_ext,svc,10,matern25_med_x0.1__svc__d10,matern25_med_x0.1,id_val,fixed_c1,1.0,,0.008048295974731445,0.876,0.8771772540983607,0.8759027077228547,0.8793774319066148,0.953765368852459,0.9532065068983426,full_v4_features,39,39,0,,ksf-v4-idsplit::
classical_ext,svc,10,matern25_med_x0.1__svc__d10,matern25_med_x0.1,id_test,fixed_c1,1.0,,0.008048295974731445,0.9,0.9009989754098361,0.8999599839935974,0.9019607843137255,0.9547259221311475,0.9184774556565093,full_v4_features,39,39,0,,ksf-v4-idsplit::
classical_ext,svc,10,matern25_med_x0.1__svc__d10,matern25_med_x0.1,ood_test,fixed_c1,1.0,,0.008048295974731445,0.802,0.8016208259332149,0.8000799680127949,0.819672131147541,0.8820621129938079,0.8378627929665903,full_v4_features,39,39,0,,ksf-v4-idsplit::
classical_ext,svc,10,matern25_med_x0.3__svc__d10,matern25_med_x0.3,id_val,fixed_c1,1.0,,0.008464813232421875,0.892,0.8943391393442623,0.8913725679524935,0.8996282527881041,0.9605532786885246,0.9423073518984615,full_v4_features,39,39,0,,ksf-v4-idsplit::
classical_ext,svc,10,matern25_med_x0.3__svc__d10,matern25_med_x0.3,id_test,fixed_c1,1.0,,0.008464813232421875,0.888,0.8900486680327868,0.8875393612235718,0.8947368421052632,0.9585040983606558,0.9167547503345267,full_v4_features,39,39,0,,ksf-v4-idsplit::
classical_ext,svc,10,matern25_med_x0.3__svc__d10,matern25_med_x0.3,ood_test,fixed_c1,1.0,,0.008464813232421875,0.77,0.7692683082929327,0.7617577718758157,0.806070826306914,0.8918382694123106,0.862256296795684,full_v4_features,39,39,0,,ksf-v4-idsplit::
classical_ext,svc,10,matern25_med_x3__svc__d10,matern25_med_x3,id_val,fixed_c1,1.0,,0.007559299468994141,0.872,0.8746157786885246,0.8710010319917441,0.8823529411764706,0.8781378073770492,0.7782781509136467,full_v4_features,39,39,0,,ksf-v4-idsplit::
classical_ext,svc,10,matern25_med_x3__svc__d10,matern25_med_x3,id_test,fixed_c1,1.0,,0.007559299468994141,0.856,0.8584144467213115,0.855072463768116,0.8666666666666667,0.8882556352459017,0.8255764504491716,full_v4_features,39,39,0,,ksf-v4-idsplit::
classical_ext,svc,10,matern25_med_x3__svc__d10,matern25_med_x3,ood_test,fixed_c1,1.0,,0.007559299468994141,0.744,0.7429718875502008,0.7254397254397253,0.7968253968253968,0.7861565785052561,0.7175547113142051,full_v4_features,39,39,0,,ksf-v4-idsplit::
classical_ext,svc,10,matern25_med_x10__svc__d10,matern25_med_x10,id_val,fixed_c1,1.0,,0.007999897003173828,0.752,0.7555071721311475,0.7478690871234304,0.7801418439716312,0.9210425204918032,0.9273907189521712,full_v4_features,39,39,0,,ksf-v4-idsplit::
classical_ext,svc,10,matern25_med_x10__svc__d10,matern25_med_x10,id_test,fixed_c1,1.0,,0.007999897003173828,0.732,0.735015368852459,0.7288371565945184,0.7581227436823105,0.9150230532786885,0.9216807872400818,full_v4_features,39,39,0,,ksf-v4-idsplit::
classical_ext,svc,10,matern25_med_x10__svc__d10,matern25_med_x10,ood_test,fixed_c1,1.0,,0.007999897003173828,0.744,0.7429718875502008,0.7254397254397253,0.7968253968253968,0.8353573657178515,0.7963907641647705,full_v4_features,39,39,0,,ksf-v4-idsplit::
quantum,svc,10,zz_r1_full__as0.5__svc__d10,zz_r1_full__as0.5,id_val,fixed_c1,1.0,,0.01036977767944336,0.876,0.8779456967213115,0.8755519871537536,0.8830188679245283,0.9554303278688524,0.9538059766721433,full_v4_features,39,39,0,,ksf-v4-idsplit::
quantum,svc,10,zz_r1_full__as0.5__svc__d10,zz_r1_full__as0.5,id_test,fixed_c1,1.0,,0.01036977767944336,0.904,0.9056736680327868,0.9037783052152158,0.9083969465648855,0.958311987704918,0.9371019434793509,full_v4_features,39,39,0,,ksf-v4-idsplit::
quantum,svc,10,zz_r1_full__as0.5__svc__d10,zz_r1_full__as0.5,ood_test,fixed_c1,1.0,,0.01036977767944336,0.776,0.7755004080065281,0.7722688528856789,0.8014184397163121,0.8814381030096481,0.8367204663609882,full_v4_features,39,39,0,,ksf-v4-idsplit::
quantum,svc,10,zz_r2_full__as0.5__svc__d10,zz_r2_full__as0.5,id_val,fixed_c1,1.0,,0.010568857192993164,0.836,0.8344646516393442,0.8348345928874137,0.8209606986899564,0.9376921106557377,0.9400871438146405,full_v4_features,39,39,0,,ksf-v4-idsplit::
quantum,svc,10,zz_r2_full__as0.5__svc__d10,zz_r2_full__as0.5,id_test,fixed_c1,1.0,,0.010568857192993164,0.856,0.8547643442622951,0.8552496139989707,0.8448275862068966,0.9547899590163934,0.955290610864531,full_v4_features,39,39,0,,ksf-v4-idsplit::
quantum,svc,10,zz_r2_full__as0.5__svc__d10,zz_r2_full__as0.5,ood_test,fixed_c1,1.0,,0.010568857192993164,0.796,0.7960127362037792,0.796,0.796,0.8801740827853246,0.8822877966687868,full_v4_features,39,39,0,,ksf-v4-idsplit::
quantum,svc,10,pauli_xz_r1_full__as0.5__svc__d10,pauli_xz_r1_full__as0.5,id_val,fixed_c1,1.0,,0.008733987808227539,0.884,0.88671875,0.8830097949040681,0.8937728937728938,0.9503073770491803,0.9213521515448129,full_v4_features,39,39,0,,ksf-v4-idsplit::
quantum,svc,10,pauli_xz_r1_full__as0.5__svc__d10,pauli_xz_r1_full__as0.5,id_test,fixed_c1,1.0,,0.008733987808227539,0.884,0.88671875,0.8830097949040681,0.8937728937728938,0.9574154713114754,0.9337458900661216,full_v4_features,39,39,0,,ksf-v4-idsplit::
quantum,svc,10,pauli_xz_r1_full__as0.5__svc__d10,pauli_xz_r1_full__as0.5,ood_test,fixed_c1,1.0,,0.008733987808227539,0.768,0.7670682730923695,0.7543164065809316,0.8122977346278317,0.8340613449815198,0.762255134136941,full_v4_features,39,39,0,,ksf-v4-idsplit::
quantum,svc,10,zmap_r2__as0.5__svc__d10,zmap_r2__as0.5,id_val,fixed_c1,1.0,,0.0055315494537353516,0.884,0.88671875,0.8830097949040681,0.8937728937728938,0.9449923155737705,0.9087020611669729,full_v4_features,39,39,0,,ksf-v4-idsplit::
quantum,svc,10,zmap_r2__as0.5__svc__d10,zmap_r2__as0.5,id_test,fixed_c1,1.0,,0.0055315494537353516,0.892,0.8943391393442623,0.8913725679524935,0.8996282527881041,0.9604892418032787,0.9371527531938684,full_v4_features,39,39,0,,ksf-v4-idsplit::
quantum,svc,10,zmap_r2__as0.5__svc__d10,zmap_r2__as0.5,ood_test,fixed_c1,1.0,,0.0055315494537353516,0.77,0.7691243059888958,0.7580770703343584,0.8117839607201309,0.8494535912574601,0.7986266054189277,full_v4_features,39,39,0,,ksf-v4-idsplit::
quantum,svc,10,zz_r1_full__svc__d10,zz_r1_full,id_val,fixed_c1,1.0,,0.013175010681152344,0.868,0.8697489754098361,0.8676421042498917,0.8745247148288974,0.9551741803278688,0.9540137081213647,full_v4_features,39,39,0,,ksf-v4-idsplit::
quantum,svc,10,zz_r1_full__svc__d10,zz_r1_full,id_test,fixed_c1,1.0,,0.013175010681152344,0.904,0.9054815573770492,0.9038461538461539,0.9076923076923077,0.9659323770491803,0.9643704571130447,full_v4_features,39,39,0,,ksf-v4-idsplit::
quantum,svc,10,zz_r1_full__svc__d10,zz_r1_full,ood_test,fixed_c1,1.0,,0.013175010681152344,0.768,0.7675002800044801,0.7641355976315961,0.7943262411347518,0.8835341365461847,0.8730679850980616,full_v4_features,39,39,0,,ksf-v4-idsplit::
quantum,svc,10,zz_r2_full__svc__d10,zz_r2_full,id_val,fixed_c1,1.0,,0.010998725891113281,0.824,0.8208247950819672,0.8198375262054507,0.7924528301886793,0.9278944672131147,0.9327797275479099,full_v4_features,39,39,0,,ksf-v4-idsplit::
quantum,svc,10,zz_r2_full__svc__d10,zz_r2_full,id_test,fixed_c1,1.0,,0.010998725891113281,0.836,0.8325435450819672,0.831467140202897,0.8038277511961722,0.9490266393442623,0.9512918584424725,full_v4_features,39,39,0,,ksf-v4-idsplit::
quantum,svc,10,zz_r2_full__svc__d10,zz_r2_full,ood_test,fixed_c1,1.0,,0.010998725891113281,0.726,0.7266276260420167,0.7193439613882846,0.6761229314420804,0.8772620361925791,0.881677794124533,full_v4_features,39,39,0,,ksf-v4-idsplit::
quantum,svc,10,pauli_xz_r1_full__svc__d10,pauli_xz_r1_full,id_val,fixed_c1,1.0,,0.00664830207824707,0.888,0.8902407786885246,0.8874163664436439,0.8955223880597015,0.948578381147541,0.8936076434846603,full_v4_features,39,39,0,,ksf-v4-idsplit::
quantum,svc,10,pauli_xz_r1_full__svc__d10,pauli_xz_r1_full,id_test,fixed_c1,1.0,,0.00664830207824707,0.888,0.8900486680327868,0.8875393612235718,0.8947368421052632,0.957671618852459,0.9184608688496062,full_v4_features,39,39,0,,ksf-v4-idsplit::
quantum,svc,10,pauli_xz_r1_full__svc__d10,pauli_xz_r1_full,ood_test,fixed_c1,1.0,,0.00664830207824707,0.768,0.7672602761644187,0.7594997594997595,0.8047138047138047,0.8580617289876639,0.787161234343941,full_v4_features,39,39,0,,ksf-v4-idsplit::
quantum,svc,10,zmap_r2__svc__d10,zmap_r2,id_val,fixed_c1,1.0,,0.009186267852783203,0.888,0.8900486680327868,0.8875393612235718,0.8947368421052632,0.9493468237704918,0.9165725387773687,full_v4_features,39,39,0,,ksf-v4-idsplit::
quantum,svc,10,zmap_r2__svc__d10,zmap_r2,id_test,fixed_c1,1.0,,0.009186267852783203,0.9,0.9019595286885246,0.8996386993175431,0.9056603773584906,0.954405737704918,0.9173793572272843,full_v4_features,39,39,0,,ksf-v4-idsplit::
quantum,svc,10,zmap_r2__svc__d10,zmap_r2,ood_test,fixed_c1,1.0,,0.009186267852783203,0.782,0.7813165010640171,0.7751937664737596,0.8143100511073254,0.9092145474327589,0.8856340113698146,full_v4_features,39,39,0,,ksf-v4-idsplit::
quantum,svc,10,zz_r1_full__as2__svc__d10,zz_r1_full__as2,id_val,fixed_c1,1.0,,0.011351585388183594,0.832,0.8320952868852459,0.8319569809871327,0.8292682926829268,0.945952868852459,0.9452219699954885,full_v4_features,39,39,0,,ksf-v4-idsplit::
quantum,svc,10,zz_r1_full__as2__svc__d10,zz_r1_full__as2,id_test,fixed_c1,1.0,,0.011351585388183594,0.864,0.8637295081967213,0.8638605932474854,0.859504132231405,0.958376024590164,0.9568908211865301,full_v4_features,39,39,0,,ksf-v4-idsplit::
quantum,svc,10,zz_r1_full__as2__svc__d10,zz_r1_full__as2,ood_test,fixed_c1,1.0,,0.011351585388183594,0.778,0.7777484439751037,0.7770287371791524,0.7917448405253283,0.878910062561001,0.8797090655174239,full_v4_features,39,39,0,,ksf-v4-idsplit::
quantum,svc,10,zz_r2_full__as2__svc__d10,zz_r2_full__as2,id_val,fixed_c1,1.0,,0.012008428573608398,0.8,0.7960425204918034,0.7929915209326974,0.7549019607843137,0.9070184426229508,0.9188826683334708,full_v4_features,39,39,0,,ksf-v4-idsplit::
quantum,svc,10,zz_r2_full__as2__svc__d10,zz_r2_full__as2,id_test,fixed_c1,1.0,,0.012008428573608398,0.824,0.8200563524590163,0.8178325384207736,0.7843137254901961,0.9265496926229508,0.9360244325748074,full_v4_features,39,39,0,,ksf-v4-idsplit::
quantum,svc,10,zz_r2_full__as2__svc__d10,zz_r2_full__as2,ood_test,fixed_c1,1.0,,0.012008428573608398,0.698,0.698883182130914,0.6829316434219865,0.6138107416879796,0.8534216547464759,0.8601804910309925,full_v4_features,39,39,0,,ksf-v4-idsplit::
quantum,svc,10,pauli_xz_r1_full__as2__svc__d10,pauli_xz_r1_full__as2,id_val,fixed_c1,1.0,,0.014621973037719727,0.872,0.8736552254098361,0.8717044069536212,0.8778625954198473,0.944031762295082,0.9053261504248344,full_v4_features,39,39,0,,ksf-v4-idsplit::
quantum,svc,10,pauli_xz_r1_full__as2__svc__d10,pauli_xz_r1_full__as2,id_test,fixed_c1,1.0,,0.014621973037719727,0.892,0.8933785860655737,0.8918598503660744,0.8957528957528957,0.9542136270491803,0.9013996137965619,full_v4_features,39,39,0,,ksf-v4-idsplit::
quantum,svc,10,pauli_xz_r1_full__as2__svc__d10,pauli_xz_r1_full__as2,ood_test,fixed_c1,1.0,,0.014621973037719727,0.784,0.7834365349845598,0.7794261812953401,0.8111888111888111,0.88875022000352,0.8501577809531199,full_v4_features,39,39,0,,ksf-v4-idsplit::
quantum,svc,10,zmap_r2__as2__svc__d10,zmap_r2__as2,id_val,fixed_c1,1.0,,0.007976055145263672,0.884,0.8851818647540983,0.8839089846439608,0.8871595330739299,0.9539574795081966,0.9449767551143611,full_v4_features,39,39,0,,ksf-v4-idsplit::
quantum,svc,10,zmap_r2__as2__svc__d10,zmap_r2__as2,id_test,fixed_c1,1.0,,0.007976055145263672,0.908,0.9095799180327868,0.9078215425062922,0.9118773946360154,0.961577868852459,0.9350583653686619,full_v4_features,39,39,0,,ksf-v4-idsplit::
quantum,svc,10,zmap_r2__as2__svc__d10,zmap_r2__as2,ood_test,fixed_c1,1.0,,0.007976055145263672,0.788,0.7873885982175715,0.7827120812082848,0.8166089965397924,0.8908942543080689,0.847687485126052,full_v4_features,39,39,0,,ksf-v4-idsplit::
classical_ext,svc,12,linear__svc__d12,linear,id_val,fixed_c1,1.0,,0.0068492889404296875,0.868,0.8705174180327868,0.8670619893971865,0.8782287822878229,0.8929303278688524,0.7927764566731133,full_v4_features,39,39,0,,ksf-v4-idsplit::
classical_ext,svc,12,linear__svc__d12,linear,id_test,fixed_c1,1.0,,0.0068492889404296875,0.86,0.8621285860655737,0.8593496327016122,0.8689138576779026,0.8753201844262295,0.7474959893955412,full_v4_features,39,39,0,,ksf-v4-idsplit::
classical_ext,svc,12,linear__svc__d12,linear,ood_test,fixed_c1,1.0,,0.0068492889404296875,0.764,0.7630522088353413,0.7495755517826825,0.8096774193548387,0.7764124225987615,0.6694790361528294,full_v4_features,39,39,0,,ksf-v4-idsplit::
classical_ext,svc,12,rbf_gscale__svc__d12,rbf_gscale,id_val,fixed_c1,1.0,,0.006995439529418945,0.884,0.88671875,0.8830097949040681,0.8937728937728938,0.961577868852459,0.9428464763297794,full_v4_features,39,39,0,,ksf-v4-idsplit::
classical_ext,svc,12,rbf_gscale__svc__d12,rbf_gscale,id_test,fixed_c1,1.0,,0.006995439529418945,0.884,0.88671875,0.8830097949040681,0.8937728937728938,0.9622822745901639,0.9479740158868188,full_v4_features,39,39,0,,ksf-v4-idsplit::
classical_ext,svc,12,rbf_gscale__svc__d12,rbf_gscale,ood_test,fixed_c1,1.0,,0.006995439529418945,0.768,0.7670682730923695,0.7543164065809316,0.8122977346278317,0.84945359125746,0.761360848440137,full_v4_features,39,39,0,,ksf-v4-idsplit::
classical_ext,svc,12,poly2__svc__d12,poly2,id_val,fixed_c1,1.0,,0.006999492645263672,0.872,0.8748078893442623,0.8708093792390672,0.8832116788321168,0.857453893442623,0.7370129604764691,full_v4_features,39,39,0,,ksf-v4-idsplit::
classical_ext,svc,12,poly2__svc__d12,poly2,id_test,fixed_c1,1.0,,0.006999492645263672,0.876,0.87890625,0.8747474747474748,0.8872727272727273,0.8948514344262295,0.8202493307092015,full_v4_features,39,39,0,,ksf-v4-idsplit::
classical_ext,svc,12,poly2__svc__d12,poly2,ood_test,fixed_c1,1.0,,0.006999492645263672,0.744,0.7429718875502008,0.7254397254397253,0.7968253968253968,0.7781884510152163,0.6712630285579855,full_v4_features,39,39,0,,ksf-v4-idsplit::
classical_ext,svc,12,poly3__svc__d12,poly3,id_val,fixed_c1,1.0,,0.006112098693847656,0.872,0.875,0.870600414078675,0.8840579710144928,0.8765368852459017,0.7497006417799463,full_v4_features,39,39,0,,ksf-v4-idsplit::
classical_ext,svc,12,poly3__svc__d12,poly3,id_test,fixed_c1,1.0,,0.006112098693847656,0.872,0.875,0.870600414078675,0.8840579710144928,0.9214267418032787,0.8734305338713632,full_v4_features,39,39,0,,ksf-v4-idsplit::
classical_ext,svc,12,poly3__svc__d12,poly3,ood_test,fixed_c1,1.0,,0.006112098693847656,0.744,0.7429718875502008,0.7254397254397253,0.7968253968253968,0.7920766732267717,0.6858667920729937,full_v4_features,39,39,0,,ksf-v4-idsplit::
classical_ext,svc,12,laplacian_med__svc__d12,laplacian_med,id_val,fixed_c1,1.0,,0.0060002803802490234,0.888,0.890625,0.887125902992776,0.8970588235294118,0.9740650614754098,0.9715879668596205,full_v4_features,39,39,0,,ksf-v4-idsplit::
classical_ext,svc,12,laplacian_med__svc__d12,laplacian_med,id_test,fixed_c1,1.0,,0.0060002803802490234,0.892,0.89453125,0.8912325367795162,0.9003690036900369,0.9555584016393442,0.9165349172316404,full_v4_features,39,39,0,,ksf-v4-idsplit::
classical_ext,svc,12,laplacian_med__svc__d12,laplacian_med,ood_test,fixed_c1,1.0,,0.0060002803802490234,0.776,0.7751004016064257,0.7637170680663617,0.8175895765472313,0.8924622793964703,0.8747159936922025,full_v4_features,39,39,0,,ksf-v4-idsplit::
classical_ext,svc,12,matern15_med__svc__d12,matern15_med,id_val,fixed_c1,1.0,,0.0060291290283203125,0.884,0.88671875,0.8830097949040681,0.8937728937728938,0.9646516393442623,0.9433329467085447,full_v4_features,39,39,0,,ksf-v4-idsplit::
classical_ext,svc,12,matern15_med__svc__d12,matern15_med,id_test,fixed_c1,1.0,,0.0060291290283203125,0.884,0.88671875,0.8830097949040681,0.8937728937728938,0.9601690573770492,0.93801486303389,full_v4_features,39,39,0,,ksf-v4-idsplit::
classical_ext,svc,12,matern15_med__svc__d12,matern15_med,ood_test,fixed_c1,1.0,,0.0060291290283203125,0.768,0.7670682730923695,0.7543164065809316,0.8122977346278317,0.8549896798348775,0.7745529584126745,full_v4_features,39,39,0,,ksf-v4-idsplit::
classical_ext,svc,12,matern25_med__svc__d12,matern25_med,id_val,fixed_c1,1.0,,0.006365537643432617,0.884,0.88671875,0.8830097949040681,0.8937728937728938,0.9592725409836065,0.9315853058041166,full_v4_features,39,39,0,,ksf-v4-idsplit::
classical_ext,svc,12,matern25_med__svc__d12,matern25_med,id_test,fixed_c1,1.0,,0.006365537643432617,0.884,0.88671875,0.8830097949040681,0.8937728937728938,0.9565189549180328,0.9351765939986101,full_v4_features,39,39,0,,ksf-v4-idsplit::
classical_ext,svc,12,matern25_med__svc__d12,matern25_med,ood_test,fixed_c1,1.0,,0.006365537643432617,0.768,0.7670682730923695,0.7543164065809316,0.8122977346278317,0.834093345493528,0.7371298463581707,full_v4_features,39,39,0,,ksf-v4-idsplit::
classical_ext,svc,12,rbf_gscale_x0.1__svc__d12,rbf_gscale_x0.1,id_val,fixed_c1,1.0,,0.007887125015258789,0.872,0.8744236680327868,0.8711755233494365,0.8814814814814815,0.8738473360655737,0.7513358722157908,full_v4_features,39,39,0,,ksf-v4-idsplit::
classical_ext,svc,12,rbf_gscale_x0.1__svc__d12,rbf_gscale_x0.1,id_test,fixed_c1,1.0,,0.007887125015258789,0.852,0.8543160860655737,0.8511401857126764,0.862453531598513,0.9092597336065573,0.8546658078074703,full_v4_features,39,39,0,,ksf-v4-idsplit::
classical_ext,svc,12,rbf_gscale_x0.1__svc__d12,rbf_gscale_x0.1,ood_test,fixed_c1,1.0,,0.007887125015258789,0.754,0.7530120481927711,0.7376,0.8032,0.7870045920734732,0.7105476782876564,full_v4_features,39,39,0,,ksf-v4-idsplit::
classical_ext,svc,12,rbf_gscale_x0.3__svc__d12,rbf_gscale_x0.3,id_val,fixed_c1,1.0,,0.007017850875854492,0.872,0.875,0.870600414078675,0.8840579710144928,0.8862064549180327,0.7719630154787789,full_v4_features,39,39,0,,ksf-v4-idsplit::
classical_ext,svc,12,rbf_gscale_x0.3__svc__d12,rbf_gscale_x0.3,id_test,fixed_c1,1.0,,0.007017850875854492,0.872,0.875,0.870600414078675,0.8840579710144928,0.9331454918032787,0.8939707657661102,full_v4_features,39,39,0,,ksf-v4-idsplit::
classical_ext,svc,12,rbf_gscale_x0.3__svc__d12,rbf_gscale_x0.3,ood_test,fixed_c1,1.0,,0.007017850875854492,0.746,0.7449799196787148,0.7278870752788622,0.7980922098569158,0.7710523368373894,0.6811621247589714,full_v4_features,39,39,0,,ksf-v4-idsplit::
classical_ext,svc,12,rbf_gscale_x3__svc__d12,rbf_gscale_x3,id_val,fixed_c1,1.0,,0.0069429874420166016,0.884,0.8865266393442623,0.8831756876520731,0.8929889298892989,0.9677254098360656,0.9581808045135347,full_v4_features,39,39,0,,ksf-v4-idsplit::
classical_ext,svc,12,rbf_gscale_x3__svc__d12,rbf_gscale_x3,id_test,fixed_c1,1.0,,0.0069429874420166016,0.888,0.8902407786885246,0.8874163664436439,0.8955223880597015,0.9632428278688525,0.9409408547260446,full_v4_features,39,39,0,,ksf-v4-idsplit::
classical_ext,svc,12,rbf_gscale_x3__svc__d12,rbf_gscale_x3,ood_test,fixed_c1,1.0,,0.0069429874420166016,0.762,0.7611881790108641,0.7514526444185454,0.802653399668325,0.8766540264644234,0.8353133077949482,full_v4_features,39,39,0,,ksf-v4-idsplit::
classical_ext,svc,12,rbf_gscale_x10__svc__d12,rbf_gscale_x10,id_val,fixed_c1,1.0,,0.007456064224243164,0.872,0.8740394467213115,0.871473555684082,0.8796992481203008,0.9558145491803278,0.9254510795128452,full_v4_features,39,39,0,,ksf-v4-idsplit::
classical_ext,svc,12,rbf_gscale_x10__svc__d12,rbf_gscale_x10,id_test,fixed_c1,1.0,,0.007456064224243164,0.896,0.8980532786885246,0.8955722639933166,0.9022556390977443,0.955110143442623,0.8962075134708557,full_v4_features,39,39,0,,ksf-v4-idsplit::
classical_ext,svc,12,rbf_gscale_x10__svc__d12,rbf_gscale_x10,ood_test,fixed_c1,1.0,,0.007456064224243164,0.79,0.7893326293220692,0.7837503861600247,0.8205128205128205,0.8842221475543609,0.8183200675452469,full_v4_features,39,39,0,,ksf-v4-idsplit::
classical_ext,svc,12,laplacian_med_x0.1__svc__d12,laplacian_med_x0.1,id_val,fixed_c1,1.0,,0.012098073959350586,0.872,0.8740394467213115,0.871473555684082,0.8796992481203008,0.9608734631147541,0.9579905063136789,full_v4_features,39,39,0,,ksf-v4-idsplit::
classical_ext,svc,12,laplacian_med_x0.1__svc__d12,laplacian_med_x0.1,id_test,fixed_c1,1.0,,0.012098073959350586,0.9,0.9019595286885246,0.8996386993175431,0.9056603773584906,0.9663806352459017,0.9644426835606472,full_v4_features,39,39,0,,ksf-v4-idsplit::
classical_ext,svc,12,laplacian_med_x0.1__svc__d12,laplacian_med_x0.1,ood_test,fixed_c1,1.0,,0.012098073959350586,0.794,0.7934126946031137,0.7892583120204604,0.8208695652173913,0.8987663802620842,0.8931694295694106,full_v4_features,39,39,0,,ksf-v4-idsplit::
classical_ext,svc,12,laplacian_med_x0.3__svc__d12,laplacian_med_x0.3,id_val,fixed_c1,1.0,,0.0070874691009521484,0.888,0.8904328893442623,0.8872785829307568,0.8962962962962963,0.9733606557377049,0.9716815186908305,full_v4_features,39,39,0,,ksf-v4-idsplit::
classical_ext,svc,12,laplacian_med_x0.3__svc__d12,laplacian_med_x0.3,id_test,fixed_c1,1.0,,0.0070874691009521484,0.896,0.8982453893442623,0.8954580545548122,0.9029850746268657,0.9641393442622951,0.9395322184252304,full_v4_features,39,39,0,,ksf-v4-idsplit::
classical_ext,svc,12,laplacian_med_x0.3__svc__d12,laplacian_med_x0.3,ood_test,fixed_c1,1.0,,0.0070874691009521484,0.776,0.7752284036544586,0.7670510324631026,0.8127090301003345,0.9052784844557513,0.8793674007832819,full_v4_features,39,39,0,,ksf-v4-idsplit::
classical_ext,svc,12,laplacian_med_x3__svc__d12,laplacian_med_x3,id_val,fixed_c1,1.0,,0.006101131439208984,0.884,0.88671875,0.8830097949040681,0.8937728937728938,0.9619620901639344,0.9345284477730883,full_v4_features,39,39,0,,ksf-v4-idsplit::
classical_ext,svc,12,laplacian_med_x3__svc__d12,laplacian_med_x3,id_test,fixed_c1,1.0,,0.006101131439208984,0.88,0.8828125,0.8788837930366256,0.8905109489051095,0.9523565573770492,0.9021405853242827,full_v4_features,39,39,0,,ksf-v4-idsplit::
classical_ext,svc,12,laplacian_med_x3__svc__d12,laplacian_med_x3,ood_test,fixed_c1,1.0,,0.006101131439208984,0.766,0.7650602409638554,0.751949423123402,0.8109854604200323,0.8420454727275637,0.7788902757331939,full_v4_features,39,39,0,,ksf-v4-idsplit::
classical_ext,svc,12,laplacian_med_x10__svc__d12,laplacian_med_x10,id_val,fixed_c1,1.0,,0.0065119266510009766,0.872,0.875,0.870600414078675,0.8840579710144928,0.9367955942622951,0.8764693483667375,full_v4_features,39,39,0,,ksf-v4-idsplit::
classical_ext,svc,12,laplacian_med_x10__svc__d12,laplacian_med_x10,id_test,fixed_c1,1.0,,0.0065119266510009766,0.868,0.87109375,0.8664421816062553,0.8808664259927798,0.9353867827868853,0.8816253314436301,full_v4_features,39,39,0,,ksf-v4-idsplit::
classical_ext,svc,12,laplacian_med_x10__svc__d12,laplacian_med_x10,ood_test,fixed_c1,1.0,,0.0065119266510009766,0.744,0.7429718875502008,0.7254397254397253,0.7968253968253968,0.8043168690699051,0.7074617841994706,full_v4_features,39,39,0,,ksf-v4-idsplit::
classical_ext,svc,12,matern15_med_x0.1__svc__d12,matern15_med_x0.1,id_val,fixed_c1,1.0,,0.011168479919433594,0.868,0.8699410860655737,0.8675230830991569,0.8754716981132076,0.9555584016393442,0.9544524187651545,full_v4_features,39,39,0,,ksf-v4-idsplit::
classical_ext,svc,12,matern15_med_x0.1__svc__d12,matern15_med_x0.1,id_test,fixed_c1,1.0,,0.011168479919433594,0.9,0.9015753073770492,0.899806024463361,0.9042145593869731,0.9607453893442623,0.951447308488823,full_v4_features,39,39,0,,ksf-v4-idsplit::
classical_ext,svc,12,matern15_med_x0.1__svc__d12,matern15_med_x0.1,ood_test,fixed_c1,1.0,,0.011168479919433594,0.796,0.7955647290356646,0.7934085164300992,0.8165467625899281,0.8838061408982544,0.8537338074817246,full_v4_features,39,39,0,,ksf-v4-idsplit::
classical_ext,svc,12,matern15_med_x0.3__svc__d12,matern15_med_x0.3,id_val,fixed_c1,1.0,,0.009001016616821289,0.884,0.8863345286885246,0.8833260915045302,0.8921933085501859,0.9636910860655737,0.9497781463998984,full_v4_features,39,39,0,,ksf-v4-idsplit::
classical_ext,svc,12,matern15_med_x0.3__svc__d12,matern15_med_x0.3,id_test,fixed_c1,1.0,,0.009001016616821289,0.892,0.8941470286885246,0.8914982880841009,0.898876404494382,0.9564549180327868,0.902855821756636,full_v4_features,39,39,0,,ksf-v4-idsplit::
classical_ext,svc,12,matern15_med_x0.3__svc__d12,matern15_med_x0.3,ood_test,fixed_c1,1.0,,0.009001016616821289,0.782,0.7812685002960047,0.7741878011692513,0.8161888701517707,0.8906702507240116,0.8351486440333273,full_v4_features,39,39,0,,ksf-v4-idsplit::
classical_ext,svc,12,matern15_med_x3__svc__d12,matern15_med_x3,id_val,fixed_c1,1.0,,0.006066322326660156,0.872,0.875,0.870600414078675,0.8840579710144928,0.8701331967213115,0.7359593183349228,full_v4_features,39,39,0,,ksf-v4-idsplit::
classical_ext,svc,12,matern15_med_x3__svc__d12,matern15_med_x3,id_test,fixed_c1,1.0,,0.006066322326660156,0.872,0.875,0.870600414078675,0.8840579710144928,0.9175204918032787,0.8676799853844301,full_v4_features,39,39,0,,ksf-v4-idsplit::
classical_ext,svc,12,matern15_med_x3__svc__d12,matern15_med_x3,ood_test,fixed_c1,1.0,,0.006066322326660156,0.744,0.7429718875502008,0.7254397254397253,0.7968253968253968,0.7915966655466489,0.6837646454545242,full_v4_features,39,39,0,,ksf-v4-idsplit::
classical_ext,svc,12,matern15_med_x10__svc__d12,matern15_med_x10,id_val,fixed_c1,1.0,,0.008069753646850586,0.848,0.8500256147540983,0.8473748473748474,0.8571428571428571,0.9268058401639344,0.8826839200186868,full_v4_features,39,39,0,,ksf-v4-idsplit::
classical_ext,svc,12,matern15_med_x10__svc__d12,matern15_med_x10,id_test,fixed_c1,1.0,,0.008069753646850586,0.82,0.8217213114754098,0.8195119603407615,0.8288973384030418,0.9333376024590164,0.913188007615564,full_v4_features,39,39,0,,ksf-v4-idsplit::
classical_ext,svc,12,matern15_med_x10__svc__d12,matern15_med_x10,ood_test,fixed_c1,1.0,,0.008069753646850586,0.762,0.7610441767068273,0.7471947110584256,0.8083735909822867,0.8294692715083442,0.7484270380656901,full_v4_features,39,39,0,,ksf-v4-idsplit::
classical_ext,svc,12,matern25_med_x0.1__svc__d12,matern25_med_x0.1,id_val,fixed_c1,1.0,,0.00999903678894043,0.864,0.8658427254098361,0.8635721623009759,0.8712121212121212,0.9543417008196722,0.9536357592476581,full_v4_features,39,39,0,,ksf-v4-idsplit::
classical_ext,svc,12,matern25_med_x0.1__svc__d12,matern25_med_x0.1,id_test,fixed_c1,1.0,,0.00999903678894043,0.9,0.9013831967213115,0.8998702318204392,0.9034749034749034,0.9585681352459017,0.9323281280903262,full_v4_features,39,39,0,,ksf-v4-idsplit::
classical_ext,svc,12,matern25_med_x0.1__svc__d12,matern25_med_x0.1,ood_test,fixed_c1,1.0,,0.00999903678894043,0.802,0.8016208259332149,0.8000799680127949,0.819672131147541,0.8830061280980495,0.855074452697439,full_v4_features,39,39,0,,ksf-v4-idsplit::
classical_ext,svc,12,matern25_med_x0.3__svc__d12,matern25_med_x0.3,id_val,fixed_c1,1.0,,0.007460355758666992,0.88,0.8824282786885246,0.8792270531400965,0.8888888888888888,0.9647797131147541,0.94624719287141,full_v4_features,39,39,0,,ksf-v4-idsplit::
classical_ext,svc,12,matern25_med_x0.3__svc__d12,matern25_med_x0.3,id_test,fixed_c1,1.0,,0.007460355758666992,0.896,0.8982453893442623,0.8954580545548122,0.9029850746268657,0.9562628073770492,0.8972297011331073,full_v4_features,39,39,0,,ksf-v4-idsplit::
classical_ext,svc,12,matern25_med_x0.3__svc__d12,matern25_med_x0.3,ood_test,fixed_c1,1.0,,0.007460355758666992,0.782,0.7812685002960047,0.7741878011692513,0.8161888701517707,0.8878862061792988,0.8293426746880005,full_v4_features,39,39,0,,ksf-v4-idsplit::
classical_ext,svc,12,matern25_med_x3__svc__d12,matern25_med_x3,id_val,fixed_c1,1.0,,0.007508277893066406,0.876,0.8787141393442623,0.874941504897452,0.8864468864468864,0.8732710040983607,0.7498615786421879,full_v4_features,39,39,0,,ksf-v4-idsplit::
classical_ext,svc,12,matern25_med_x3__svc__d12,matern25_med_x3,id_test,fixed_c1,1.0,,0.007508277893066406,0.86,0.8625128073770492,0.8590051402697433,0.8708487084870848,0.9086193647540983,0.8535507506484437,full_v4_features,39,39,0,,ksf-v4-idsplit::
classical_ext,svc,12,matern25_med_x3__svc__d12,matern25_med_x3,ood_test,fixed_c1,1.0,,0.007508277893066406,0.746,0.7449799196787148,0.7278870752788622,0.7980922098569158,0.7848765580249284,0.6958237774911772,full_v4_features,39,39,0,,ksf-v4-idsplit::
classical_ext,svc,12,matern25_med_x10__svc__d12,matern25_med_x10,id_val,fixed_c1,1.0,,0.008512735366821289,0.756,0.7594134221311475,0.752189668340402,0.7829181494661922,0.9194415983606558,0.9242659766837779,full_v4_features,39,39,0,,ksf-v4-idsplit::
classical_ext,svc,12,matern25_med_x10__svc__d12,matern25_med_x10,id_test,fixed_c1,1.0,,0.008512735366821289,0.732,0.735015368852459,0.7288371565945184,0.7581227436823105,0.9141265368852459,0.9190915330922822,full_v4_features,39,39,0,,ksf-v4-idsplit::
classical_ext,svc,12,matern25_med_x10__svc__d12,matern25_med_x10,ood_test,fixed_c1,1.0,,0.008512735366821289,0.752,0.751004016064257,0.7351830653841553,0.8019169329073482,0.8271652346437544,0.7809819408630513,full_v4_features,39,39,0,,ksf-v4-idsplit::
quantum,svc,12,zz_r1_full__as0.5__svc__d12,zz_r1_full__as0.5,id_val,fixed_c1,1.0,,0.012768268585205078,0.864,0.8660348360655737,0.863440652914337,0.8721804511278195,0.955110143442623,0.9536087013127623,full_v4_features,39,39,0,,ksf-v4-idsplit::
quantum,svc,12,zz_r1_full__as0.5__svc__d12,zz_r1_full__as0.5,id_test,fixed_c1,1.0,,0.012768268585205078,0.9,0.9019595286885246,0.8996386993175431,0.9056603773584906,0.9659323770491803,0.9649770850297867,full_v4_features,39,39,0,,ksf-v4-idsplit::
quantum,svc,12,zz_r1_full__as0.5__svc__d12,zz_r1_full__as0.5,ood_test,fixed_c1,1.0,,0.012768268585205078,0.768,0.767484279748476,0.7638859487713927,0.7950530035335689,0.8756460103361653,0.830830194518517,full_v4_features,39,39,0,,ksf-v4-idsplit::
quantum,svc,12,zz_r2_full__as0.5__svc__d12,zz_r2_full__as0.5,id_val,fixed_c1,1.0,,0.013045787811279297,0.832,0.8295978483606558,0.8295454545454546,0.8090909090909091,0.9384605532786885,0.9405954983632822,full_v4_features,39,39,0,,ksf-v4-idsplit::
quantum,svc,12,zz_r2_full__as0.5__svc__d12,zz_r2_full__as0.5,id_test,fixed_c1,1.0,,0.013045787811279297,0.836,0.8336962090163935,0.8337631164955643,0.8144796380090498,0.9520363729508197,0.9525431885536454,full_v4_features,39,39,0,,ksf-v4-idsplit::
quantum,svc,12,zz_r2_full__as0.5__svc__d12,zz_r2_full__as0.5,ood_test,fixed_c1,1.0,,0.013045787811279297,0.772,0.7722683562937007,0.771062271062271,0.7564102564102564,0.8738539816637066,0.8742568588902735,full_v4_features,39,39,0,,ksf-v4-idsplit::
quantum,svc,12,pauli_xz_r1_full__as0.5__svc__d12,pauli_xz_r1_full__as0.5,id_val,fixed_c1,1.0,,0.008026123046875,0.884,0.88671875,0.8830097949040681,0.8937728937728938,0.9638831967213115,0.9512385914905941,full_v4_features,39,39,0,,ksf-v4-idsplit::
quantum,svc,12,pauli_xz_r1_full__as0.5__svc__d12,pauli_xz_r1_full__as0.5,id_test,fixed_c1,1.0,,0.008026123046875,0.888,0.890625,0.887125902992776,0.8970588235294118,0.9690701844262295,0.9570309703385758,full_v4_features,39,39,0,,ksf-v4-idsplit::
quantum,svc,12,pauli_xz_r1_full__as0.5__svc__d12,pauli_xz_r1_full__as0.5,ood_test,fixed_c1,1.0,,0.008026123046875,0.768,0.7670682730923695,0.7543164065809316,0.8122977346278317,0.8594697515160243,0.78826531711647,full_v4_features,39,39,0,,ksf-v4-idsplit::
quantum,svc,12,zmap_r2__as0.5__svc__d12,zmap_r2__as0.5,id_val,fixed_c1,1.0,,0.006924629211425781,0.884,0.8865266393442623,0.8831756876520731,0.8929889298892989,0.9703509221311475,0.9617579505728892,full_v4_features,39,39,0,,ksf-v4-idsplit::
quantum,svc,12,zmap_r2__as0.5__svc__d12,zmap_r2__as0.5,id_test,fixed_c1,1.0,,0.006924629211425781,0.896,0.8984375,0.895330112721417,0.9037037037037037,0.9667008196721312,0.9435735255411202,full_v4_features,39,39,0,,ksf-v4-idsplit::
quantum,svc,12,zmap_r2__as0.5__svc__d12,zmap_r2__as0.5,ood_test,fixed_c1,1.0,,0.006924629211425781,0.768,0.7671322741163858,0.7562000840689365,0.8098360655737705,0.8730219683514936,0.8308881085755813,full_v4_features,39,39,0,,ksf-v4-idsplit::
quantum,svc,12,zz_r1_full__svc__d12,zz_r1_full,id_val,fixed_c1,1.0,,0.012578964233398438,0.856,0.8576460040983607,0.8556674578228238,0.8625954198473282,0.949859118852459,0.9477603906887555,full_v4_features,39,39,0,,ksf-v4-idsplit::
quantum,svc,12,zz_r1_full__svc__d12,zz_r1_full,id_test,fixed_c1,1.0,,0.012578964233398438,0.896,0.8976690573770492,0.8957598306498171,0.9007633587786259,0.9600409836065573,0.9579665447903973,full_v4_features,39,39,0,,ksf-v4-idsplit::
quantum,svc,12,zz_r1_full__svc__d12,zz_r1_full,ood_test,fixed_c1,1.0,,0.012578964233398438,0.776,0.7755004080065281,0.7722688528856789,0.8014184397163121,0.878574057184915,0.8614335010151888,full_v4_features,39,39,0,,ksf-v4-idsplit::
quantum,svc,12,zz_r2_full__svc__d12,zz_r2_full,id_val,fixed_c1,1.0,,0.013402223587036133,0.796,0.7919441598360656,0.7885256505946161,0.7487684729064039,0.9340420081967213,0.9375560176746367,full_v4_features,39,39,0,,ksf-v4-idsplit::
quantum,svc,12,zz_r2_full__svc__d12,zz_r2_full,id_test,fixed_c1,1.0,,0.013402223587036133,0.824,0.8198642418032787,0.8172636055551864,0.7821782178217822,0.9473616803278689,0.9497677408953966,full_v4_features,39,39,0,,ksf-v4-idsplit::
quantum,svc,12,zz_r2_full__svc__d12,zz_r2_full,ood_test,fixed_c1,1.0,,0.013402223587036133,0.698,0.6988191811068978,0.685152982289334,0.6215538847117794,0.8738699819197107,0.870789098346813,full_v4_features,39,39,0,,ksf-v4-idsplit::
quantum,svc,12,pauli_xz_r1_full__svc__d12,pauli_xz_r1_full,id_val,fixed_c1,1.0,,0.0075397491455078125,0.884,0.8863345286885246,0.8833260915045302,0.8921933085501859,0.956390881147541,0.9041026407577746,full_v4_features,39,39,0,,ksf-v4-idsplit::
quantum,svc,12,pauli_xz_r1_full__svc__d12,pauli_xz_r1_full,id_test,fixed_c1,1.0,,0.0075397491455078125,0.892,0.8941470286885246,0.8914982880841009,0.898876404494382,0.9586962090163935,0.9082346287099882,full_v4_features,39,39,0,,ksf-v4-idsplit::
quantum,svc,12,pauli_xz_r1_full__svc__d12,pauli_xz_r1_full,ood_test,fixed_c1,1.0,,0.0075397491455078125,0.78,0.7792924686794989,0.7726333195535345,0.8135593220338984,0.8787820605129681,0.8074836415883209,full_v4_features,39,39,0,,ksf-v4-idsplit::
quantum,svc,12,zmap_r2__svc__d12,zmap_r2,id_val,fixed_c1,1.0,,0.007998228073120117,0.876,0.8779456967213115,0.8755519871537536,0.8830188679245283,0.9631147540983607,0.9576491532504785,full_v4_features,39,39,0,,ksf-v4-idsplit::
quantum,svc,12,zmap_r2__svc__d12,zmap_r2,id_test,fixed_c1,1.0,,0.007998228073120117,0.904,0.9060578893442623,0.9036051667630616,0.9097744360902256,0.950563524590164,0.9037235733496051,full_v4_features,39,39,0,,ksf-v4-idsplit::
quantum,svc,12,zmap_r2__svc__d12,zmap_r2,ood_test,fixed_c1,1.0,,0.007998228073120117,0.782,0.7813325013200212,0.7755123056327875,0.8136752136752137,0.9063825021200339,0.8608019494500918,full_v4_features,39,39,0,,ksf-v4-idsplit::
quantum,svc,12,zz_r1_full__as2__svc__d12,zz_r1_full__as2,id_val,fixed_c1,1.0,,0.012005090713500977,0.852,0.8518186475409837,0.8518838769595363,0.8477366255144033,0.9480660860655737,0.9459857136847915,full_v4_features,39,39,0,,ksf-v4-idsplit::
quantum,svc,12,zz_r1_full__as2__svc__d12,zz_r1_full__as2,id_test,fixed_c1,1.0,,0.012005090713500977,0.864,0.8637295081967213,0.8638605932474854,0.859504132231405,0.9542776639344263,0.9528882099957862,full_v4_features,39,39,0,,ksf-v4-idsplit::
quantum,svc,12,zz_r1_full__as2__svc__d12,zz_r1_full__as2,ood_test,fixed_c1,1.0,,0.012005090713500977,0.78,0.7797884766156259,0.7793079096045197,0.7916666666666666,0.8715659450551209,0.8633626991753731,full_v4_features,39,39,0,,ksf-v4-idsplit::
quantum,svc,12,zz_r2_full__as2__svc__d12,zz_r2_full__as2,id_val,fixed_c1,1.0,,0.011999845504760742,0.788,0.7833632172131147,0.7780234876279506,0.7309644670050761,0.9177126024590164,0.9225467400494264,full_v4_features,39,39,0,,ksf-v4-idsplit::
quantum,svc,12,zz_r2_full__as2__svc__d12,zz_r2_full__as2,id_test,fixed_c1,1.0,,0.011999845504760742,0.804,0.7993724385245902,0.7947764319579167,0.751269035532995,0.9259093237704917,0.9325494120852316,full_v4_features,39,39,0,,ksf-v4-idsplit::
quantum,svc,12,zz_r2_full__as2__svc__d12,zz_r2_full__as2,ood_test,fixed_c1,1.0,,0.011999845504760742,0.696,0.6969391510264165,0.6787067099567099,0.6041666666666666,0.8219171506744108,0.8321901291864312,full_v4_features,39,39,0,,ksf-v4-idsplit::
quantum,svc,12,pauli_xz_r1_full__as2__svc__d12,pauli_xz_r1_full__as2,id_val,fixed_c1,1.0,,0.008059501647949219,0.864,0.8658427254098361,0.8635721623009759,0.8712121212121212,0.9512038934426229,0.9319872201757358,full_v4_features,39,39,0,,ksf-v4-idsplit::
quantum,svc,12,pauli_xz_r1_full__as2__svc__d12,pauli_xz_r1_full__as2,id_test,fixed_c1,1.0,,0.008059501647949219,0.904,0.9054815573770492,0.9038461538461539,0.9076923076923077,0.9558785860655739,0.9285518135990852,full_v4_features,39,39,0,,ksf-v4-idsplit::
quantum,svc,12,pauli_xz_r1_full__as2__svc__d12,pauli_xz_r1_full__as2,ood_test,fixed_c1,1.0,,0.008059501647949219,0.792,0.7914526632426119,0.7878416972664218,0.8175438596491228,0.8842221475543609,0.8248128114399885,full_v4_features,39,39,0,,ksf-v4-idsplit::
quantum,svc,12,zmap_r2__as2__svc__d12,zmap_r2__as2,id_val,fixed_c1,1.0,,0.007997751235961914,0.876,0.8771772540983607,0.8759027077228547,0.8793774319066148,0.9617699795081968,0.9615301710536388,full_v4_features,39,39,0,,ksf-v4-idsplit::
quantum,svc,12,zmap_r2__as2__svc__d12,zmap_r2__as2,id_test,fixed_c1,1.0,,0.007997751235961914,0.912,0.9131019467213115,0.9119492827868853,0.9140625,0.9677254098360656,0.9630046249967901,full_v4_features,39,39,0,,ksf-v4-idsplit::
quantum,svc,12,zmap_r2__as2__svc__d12,zmap_r2__as2,ood_test,fixed_c1,1.0,,0.007997751235961914,0.788,0.7875166002656042,0.7846893839678903,0.8113879003558719,0.8952783244531912,0.8604355442721063,full_v4_features,39,39,0,,ksf-v4-idsplit::
