family,model,dim,cfg,kernel,split,regularization,c_selected,c_cv_score,fit_seconds,accuracy,balanced_accuracy,f1_macro,f1_pos,roc_auc,pr_auc,feature_policy,n_input_features,n_retained_features,n_removed_features,removed_features,id_split_hash_salt
classical_ext,svc,4,linear__svc__d4,linear,id_val,fixed_c1,1.0,,0.005797386169433594,0.856,0.8568775614754098,0.8559631265603995,0.8582677165354331,0.8883837090163934,0.848636986237989,port_protocol_service_ablation,39,36,3,ct_src_dport_ltm|ct_dst_sport_ltm|is_sm_ips_ports,ksf-v4-idsplit::
classical_ext,svc,4,linear__svc__d4,linear,id_test,fixed_c1,1.0,,0.005797386169433594,0.804,0.8059042008196722,0.8032918506623846,0.8150943396226416,0.8786501024590163,0.8574685293808562,port_protocol_service_ablation,39,36,3,ct_src_dport_ltm|ct_dst_sport_ltm|is_sm_ips_ports,ksf-v4-idsplit::
classical_ext,svc,4,linear__svc__d4,linear,ood_test,fixed_c1,1.0,,0.005797386169433594,0.75,0.7449779911964786,0.730964095544335,0.8025276461295419,0.6448659463785514,0.5445622637744258,port_protocol_service_ablation,39,36,3,ct_src_dport_ltm|ct_dst_sport_ltm|is_sm_ips_ports,ksf-v4-idsplit::
classical_ext,svc,4,linear__svc__d4,linear,id_val,train_cv,100.0,0.8281681366878736,0.008580446243286133,0.848,0.8484887295081966,0.848,0.848,0.8621926229508197,0.7757832227814767,port_protocol_service_ablation,39,36,3,ct_src_dport_ltm|ct_dst_sport_ltm|is_sm_ips_ports,ksf-v4-idsplit::
classical_ext,svc,4,linear__svc__d4,linear,id_test,train_cv,100.0,0.8281681366878736,0.008580446243286133,0.816,0.8172387295081966,0.815811390864245,0.8217054263565892,0.8722464139344263,0.8476123541333582,port_protocol_service_ablation,39,36,3,ct_src_dport_ltm|ct_dst_sport_ltm|is_sm_ips_ports,ksf-v4-idsplit::
classical_ext,svc,4,linear__svc__d4,linear,ood_test,train_cv,100.0,0.8281681366878736,0.008580446243286133,0.78,0.7755902360944378,0.7670241786543317,0.8220064724919094,0.7068587434973989,0.5988338581036832,port_protocol_service_ablation,39,36,3,ct_src_dport_ltm|ct_dst_sport_ltm|is_sm_ips_ports,ksf-v4-idsplit::
classical_ext,svc,4,rbf_gscale__svc__d4,rbf_gscale,id_val,fixed_c1,1.0,,0.00600886344909668,0.924,0.92578125,0.9237939388105437,0.9277566539923955,0.98828125,0.9879778177396404,port_protocol_service_ablation,39,36,3,ct_src_dport_ltm|ct_dst_sport_ltm|is_sm_ips_ports,ksf-v4-idsplit::
classical_ext,svc,4,rbf_gscale__svc__d4,rbf_gscale,id_test,fixed_c1,1.0,,0.00600886344909668,0.868,0.8709016393442623,0.8666666666666667,0.88,0.9483862704918032,0.9213155149018901,port_protocol_service_ablation,39,36,3,ct_src_dport_ltm|ct_dst_sport_ltm|is_sm_ips_ports,ksf-v4-idsplit::
classical_ext,svc,4,rbf_gscale__svc__d4,rbf_gscale,ood_test,fixed_c1,1.0,,0.00600886344909668,0.76,0.7551020408163265,0.7425997425997426,0.8095238095238095,0.8973829531812726,0.8763942543429157,port_protocol_service_ablation,39,36,3,ct_src_dport_ltm|ct_dst_sport_ltm|is_sm_ips_ports,ksf-v4-idsplit::
classical_ext,svc,4,rbf_gscale__svc__d4,rbf_gscale,id_val,train_cv,100.0,0.8835408232118758,0.015005350112915039,0.936,0.9371157786885246,0.9359631147540983,0.9375,0.9790599385245902,0.9743198183207876,port_protocol_service_ablation,39,36,3,ct_src_dport_ltm|ct_dst_sport_ltm|is_sm_ips_ports,ksf-v4-idsplit::
classical_ext,svc,4,rbf_gscale__svc__d4,rbf_gscale,id_test,train_cv,100.0,0.8835408232118758,0.015005350112915039,0.884,0.8863345286885246,0.8833260915045302,0.8921933085501859,0.9627305327868853,0.9506934825854317,port_protocol_service_ablation,39,36,3,ct_src_dport_ltm|ct_dst_sport_ltm|is_sm_ips_ports,ksf-v4-idsplit::
classical_ext,svc,4,rbf_gscale__svc__d4,rbf_gscale,ood_test,train_cv,100.0,0.8835408232118758,0.015005350112915039,0.796,0.792076830732293,0.7863999597929336,0.8316831683168316,0.9051300520208083,0.874581591942277,port_protocol_service_ablation,39,36,3,ct_src_dport_ltm|ct_dst_sport_ltm|is_sm_ips_ports,ksf-v4-idsplit::
classical_ext,svc,4,poly2__svc__d4,poly2,id_val,fixed_c1,1.0,,0.0041921138763427734,0.908,0.91015625,0.9075726157753452,0.9138576779026217,0.9128457991803278,0.8441954099326837,port_protocol_service_ablation,39,36,3,ct_src_dport_ltm|ct_dst_sport_ltm|is_sm_ips_ports,ksf-v4-idsplit::
classical_ext,svc,4,poly2__svc__d4,poly2,id_test,fixed_c1,1.0,,0.0041921138763427734,0.86,0.86328125,0.8580904653010915,0.8745519713261649,0.8876793032786885,0.820307305196849,port_protocol_service_ablation,39,36,3,ct_src_dport_ltm|ct_dst_sport_ltm|is_sm_ips_ports,ksf-v4-idsplit::
classical_ext,svc,4,poly2__svc__d4,poly2,ood_test,fixed_c1,1.0,,0.0041921138763427734,0.74,0.7346938775510204,0.7178819444444444,0.796875,0.7012885154061625,0.588742914244664,port_protocol_service_ablation,39,36,3,ct_src_dport_ltm|ct_dst_sport_ltm|is_sm_ips_ports,ksf-v4-idsplit::
classical_ext,svc,4,poly2__svc__d4,poly2,id_val,train_cv,100.0,0.8790778629265471,0.012030839920043945,0.924,0.92578125,0.9237939388105437,0.9277566539923955,0.9699667008196722,0.9458377125909357,port_protocol_service_ablation,39,36,3,ct_src_dport_ltm|ct_dst_sport_ltm|is_sm_ips_ports,ksf-v4-idsplit::
classical_ext,svc,4,poly2__svc__d4,poly2,id_test,train_cv,100.0,0.8790778629265471,0.012030839920043945,0.868,0.87109375,0.8664421816062553,0.8808664259927798,0.901063012295082,0.8232683524341887,port_protocol_service_ablation,39,36,3,ct_src_dport_ltm|ct_dst_sport_ltm|is_sm_ips_ports,ksf-v4-idsplit::
classical_ext,svc,4,poly2__svc__d4,poly2,ood_test,train_cv,100.0,0.8790778629265471,0.012030839920043945,0.76,0.7551020408163265,0.7425997425997426,0.8095238095238095,0.7779911964785914,0.6607608398143359,port_protocol_service_ablation,39,36,3,ct_src_dport_ltm|ct_dst_sport_ltm|is_sm_ips_ports,ksf-v4-idsplit::
classical_ext,svc,4,poly3__svc__d4,poly3,id_val,fixed_c1,1.0,,0.0047419071197509766,0.908,0.91015625,0.9075726157753452,0.9138576779026217,0.9309042008196721,0.8721220344913551,port_protocol_service_ablation,39,36,3,ct_src_dport_ltm|ct_dst_sport_ltm|is_sm_ips_ports,ksf-v4-idsplit::
classical_ext,svc,4,poly3__svc__d4,poly3,id_test,fixed_c1,1.0,,0.0047419071197509766,0.864,0.8671875,0.8622723442867328,0.8776978417266187,0.8939549180327868,0.820082698713834,port_protocol_service_ablation,39,36,3,ct_src_dport_ltm|ct_dst_sport_ltm|is_sm_ips_ports,ksf-v4-idsplit::
classical_ext,svc,4,poly3__svc__d4,poly3,ood_test,fixed_c1,1.0,,0.0047419071197509766,0.74,0.7346938775510204,0.7178819444444444,0.796875,0.7253621448579431,0.6069644072682531,port_protocol_service_ablation,39,36,3,ct_src_dport_ltm|ct_dst_sport_ltm|is_sm_ips_ports,ksf-v4-idsplit::
classical_ext,svc,4,poly3__svc__d4,poly3,id_val,train_cv,100.0,0.8799501156738,0.012001514434814453,0.924,0.92578125,0.9237939388105437,0.9277566539923955,0.979828381147541,0.96708402487983,port_protocol_service_ablation,39,36,3,ct_src_dport_ltm|ct_dst_sport_ltm|is_sm_ips_ports,ksf-v4-idsplit::
classical_ext,svc,4,poly3__svc__d4,poly3,id_test,train_cv,100.0,0.8799501156738,0.012001514434814453,0.868,0.8709016393442623,0.8666666666666667,0.88,0.9396772540983607,0.897070047375256,port_protocol_service_ablation,39,36,3,ct_src_dport_ltm|ct_dst_sport_ltm|is_sm_ips_ports,ksf-v4-idsplit::
classical_ext,svc,4,poly3__svc__d4,poly3,ood_test,train_cv,100.0,0.8799501156738,0.012001514434814453,0.762,0.7571428571428571,0.7450280469148394,0.8108108108108109,0.8676910764305722,0.7867787301084256,port_protocol_service_ablation,39,36,3,ct_src_dport_ltm|ct_dst_sport_ltm|is_sm_ips_ports,ksf-v4-idsplit::
classical_ext,svc,4,laplacian_med__svc__d4,laplacian_med,id_val,fixed_c1,1.0,,0.004999399185180664,0.924,0.92578125,0.9237939388105437,0.9277566539923955,0.9701588114754098,0.9491674861128256,port_protocol_service_ablation,39,36,3,ct_src_dport_ltm|ct_dst_sport_ltm|is_sm_ips_ports,ksf-v4-idsplit::
classical_ext,svc,4,laplacian_med__svc__d4,laplacian_med,id_test,fixed_c1,1.0,,0.004999399185180664,0.868,0.8709016393442623,0.8666666666666667,0.88,0.9584400614754098,0.9409128824538074,port_protocol_service_ablation,39,36,3,ct_src_dport_ltm|ct_dst_sport_ltm|is_sm_ips_ports,ksf-v4-idsplit::
classical_ext,svc,4,laplacian_med__svc__d4,laplacian_med,ood_test,fixed_c1,1.0,,0.004999399185180664,0.758,0.7530612244897958,0.7401638041736994,0.8082408874801902,0.8816326530612244,0.8343671374636334,port_protocol_service_ablation,39,36,3,ct_src_dport_ltm|ct_dst_sport_ltm|is_sm_ips_ports,ksf-v4-idsplit::
classical_ext,svc,4,laplacian_med__svc__d4,laplacian_med,id_val,train_cv,100.0,0.8869139194139194,0.007999658584594727,0.916,0.916047643442623,0.9159663865546218,0.9142857142857143,0.9683657786885246,0.9495540193933886,port_protocol_service_ablation,39,36,3,ct_src_dport_ltm|ct_dst_sport_ltm|is_sm_ips_ports,ksf-v4-idsplit::
classical_ext,svc,4,laplacian_med__svc__d4,laplacian_med,id_test,train_cv,100.0,0.8869139194139194,0.007999658584594727,0.876,0.8771772540983607,0.8759027077228547,0.8793774319066148,0.9432633196721312,0.9236408469937638,port_protocol_service_ablation,39,36,3,ct_src_dport_ltm|ct_dst_sport_ltm|is_sm_ips_ports,ksf-v4-idsplit::
classical_ext,svc,4,laplacian_med__svc__d4,laplacian_med,ood_test,train_cv,100.0,0.8869139194139194,0.007999658584594727,0.764,0.7625450180072029,0.762158152734778,0.7830882352941176,0.8599919967987195,0.8406916000464972,port_protocol_service_ablation,39,36,3,ct_src_dport_ltm|ct_dst_sport_ltm|is_sm_ips_ports,ksf-v4-idsplit::
classical_ext,svc,4,matern15_med__svc__d4,matern15_med,id_val,fixed_c1,1.0,,0.004001617431640625,0.924,0.92578125,0.9237939388105437,0.9277566539923955,0.9831582991803278,0.9765921814759922,port_protocol_service_ablation,39,36,3,ct_src_dport_ltm|ct_dst_sport_ltm|is_sm_ips_ports,ksf-v4-idsplit::
classical_ext,svc,4,matern15_med__svc__d4,matern15_med,id_test,fixed_c1,1.0,,0.004001617431640625,0.868,0.87109375,0.8664421816062553,0.8808664259927798,0.9430071721311475,0.9146315106552912,port_protocol_service_ablation,39,36,3,ct_src_dport_ltm|ct_dst_sport_ltm|is_sm_ips_ports,ksf-v4-idsplit::
classical_ext,svc,4,matern15_med__svc__d4,matern15_med,ood_test,fixed_c1,1.0,,0.004001617431640625,0.756,0.7510204081632653,0.7377201430930105,0.8069620253164557,0.884561824729892,0.8271020076152544,port_protocol_service_ablation,39,36,3,ct_src_dport_ltm|ct_dst_sport_ltm|is_sm_ips_ports,ksf-v4-idsplit::
classical_ext,svc,4,matern15_med__svc__d4,matern15_med,id_val,train_cv,100.0,0.8883679149797571,0.006999015808105469,0.924,0.9248206967213115,0.923989054423837,0.924901185770751,0.9692622950819673,0.949472969755518,port_protocol_service_ablation,39,36,3,ct_src_dport_ltm|ct_dst_sport_ltm|is_sm_ips_ports,ksf-v4-idsplit::
classical_ext,svc,4,matern15_med__svc__d4,matern15_med,id_test,train_cv,100.0,0.8883679149797571,0.006999015808105469,0.892,0.8939549180327868,0.8916097952629466,0.8981132075471698,0.970735143442623,0.9671914264906222,port_protocol_service_ablation,39,36,3,ct_src_dport_ltm|ct_dst_sport_ltm|is_sm_ips_ports,ksf-v4-idsplit::
classical_ext,svc,4,matern15_med__svc__d4,matern15_med,ood_test,train_cv,100.0,0.8883679149797571,0.006999015808105469,0.814,0.8111644657863145,0.8092378127576828,0.8393782383419689,0.9013845538215286,0.8742934504734206,port_protocol_service_ablation,39,36,3,ct_src_dport_ltm|ct_dst_sport_ltm|is_sm_ips_ports,ksf-v4-idsplit::
classical_ext,svc,4,matern25_med__svc__d4,matern25_med,id_val,fixed_c1,1.0,,0.004000425338745117,0.924,0.92578125,0.9237939388105437,0.9277566539923955,0.9658683401639344,0.9452268059015968,port_protocol_service_ablation,39,36,3,ct_src_dport_ltm|ct_dst_sport_ltm|is_sm_ips_ports,ksf-v4-idsplit::
classical_ext,svc,4,matern25_med__svc__d4,matern25_med,id_test,fixed_c1,1.0,,0.004000425338745117,0.864,0.8671875,0.8622723442867328,0.8776978417266187,0.9152792008196722,0.8602628738692641,port_protocol_service_ablation,39,36,3,ct_src_dport_ltm|ct_dst_sport_ltm|is_sm_ips_ports,ksf-v4-idsplit::
classical_ext,svc,4,matern25_med__svc__d4,matern25_med,ood_test,fixed_c1,1.0,,0.004000425338745117,0.742,0.736734693877551,0.7203906727530465,0.7981220657276995,0.8476830732292917,0.7554622196070017,port_protocol_service_ablation,39,36,3,ct_src_dport_ltm|ct_dst_sport_ltm|is_sm_ips_ports,ksf-v4-idsplit::
classical_ext,svc,4,matern25_med__svc__d4,matern25_med,id_val,train_cv,100.0,0.8815156882591093,0.01100015640258789,0.936,0.9371157786885246,0.9359631147540983,0.9375,0.9804047131147542,0.9768117940628062,port_protocol_service_ablation,39,36,3,ct_src_dport_ltm|ct_dst_sport_ltm|is_sm_ips_ports,ksf-v4-idsplit::
classical_ext,svc,4,matern25_med__svc__d4,matern25_med,id_test,train_cv,100.0,0.8815156882591093,0.01100015640258789,0.884,0.8863345286885246,0.8833260915045302,0.8921933085501859,0.9575435450819672,0.9428258390657226,port_protocol_service_ablation,39,36,3,ct_src_dport_ltm|ct_dst_sport_ltm|is_sm_ips_ports,ksf-v4-idsplit::
classical_ext,svc,4,matern25_med__svc__d4,matern25_med,ood_test,train_cv,100.0,0.8815156882591093,0.01100015640258789,0.794,0.789875950380152,0.7833212021255559,0.8314238952536824,0.9058823529411764,0.8784199809136306,port_protocol_service_ablation,39,36,3,ct_src_dport_ltm|ct_dst_sport_ltm|is_sm_ips_ports,ksf-v4-idsplit::
classical_ext,svc,4,rbf_gscale_x0.1__svc__d4,rbf_gscale_x0.1,id_val,fixed_c1,1.0,,0.003993511199951172,0.908,0.91015625,0.9075726157753452,0.9138576779026217,0.9007428278688525,0.8322758145063963,port_protocol_service_ablation,39,36,3,ct_src_dport_ltm|ct_dst_sport_ltm|is_sm_ips_ports,ksf-v4-idsplit::
classical_ext,svc,4,rbf_gscale_x0.1__svc__d4,rbf_gscale_x0.1,id_test,fixed_c1,1.0,,0.003993511199951172,0.856,0.8591828893442623,0.85417071748007,0.8705035971223022,0.8812115778688525,0.8125998875374545,port_protocol_service_ablation,39,36,3,ct_src_dport_ltm|ct_dst_sport_ltm|is_sm_ips_ports,ksf-v4-idsplit::
classical_ext,svc,4,rbf_gscale_x0.1__svc__d4,rbf_gscale_x0.1,ood_test,fixed_c1,1.0,,0.003993511199951172,0.74,0.7346938775510204,0.7178819444444444,0.796875,0.6990156062424969,0.5950969337975209,port_protocol_service_ablation,39,36,3,ct_src_dport_ltm|ct_dst_sport_ltm|is_sm_ips_ports,ksf-v4-idsplit::
classical_ext,svc,4,rbf_gscale_x0.1__svc__d4,rbf_gscale_x0.1,id_val,train_cv,100.0,0.8768141507615193,0.011076927185058594,0.924,0.92578125,0.9237939388105437,0.9277566539923955,0.9802126024590164,0.9683516097637888,port_protocol_service_ablation,39,36,3,ct_src_dport_ltm|ct_dst_sport_ltm|is_sm_ips_ports,ksf-v4-idsplit::
classical_ext,svc,4,rbf_gscale_x0.1__svc__d4,rbf_gscale_x0.1,id_test,train_cv,100.0,0.8768141507615193,0.011076927185058594,0.868,0.8709016393442623,0.8666666666666667,0.88,0.938140368852459,0.8943892796851087,port_protocol_service_ablation,39,36,3,ct_src_dport_ltm|ct_dst_sport_ltm|is_sm_ips_ports,ksf-v4-idsplit::
classical_ext,svc,4,rbf_gscale_x0.1__svc__d4,rbf_gscale_x0.1,ood_test,train_cv,100.0,0.8768141507615193,0.011076927185058594,0.766,0.7612244897959184,0.7498621034672961,0.8133971291866029,0.8598319327731092,0.7820970539750314,port_protocol_service_ablation,39,36,3,ct_src_dport_ltm|ct_dst_sport_ltm|is_sm_ips_ports,ksf-v4-idsplit::
classical_ext,svc,4,rbf_gscale_x0.3__svc__d4,rbf_gscale_x0.3,id_val,fixed_c1,1.0,,0.005934000015258789,0.908,0.91015625,0.9075726157753452,0.9138576779026217,0.9434554303278688,0.8966991623324205,port_protocol_service_ablation,39,36,3,ct_src_dport_ltm|ct_dst_sport_ltm|is_sm_ips_ports,ksf-v4-idsplit::
classical_ext,svc,4,rbf_gscale_x0.3__svc__d4,rbf_gscale_x0.3,id_test,fixed_c1,1.0,,0.005934000015258789,0.864,0.8671875,0.8622723442867328,0.8776978417266187,0.9024718237704918,0.8308966105559288,port_protocol_service_ablation,39,36,3,ct_src_dport_ltm|ct_dst_sport_ltm|is_sm_ips_ports,ksf-v4-idsplit::
classical_ext,svc,4,rbf_gscale_x0.3__svc__d4,rbf_gscale_x0.3,ood_test,fixed_c1,1.0,,0.005934000015258789,0.742,0.736734693877551,0.7203906727530465,0.7981220657276995,0.7749179671868748,0.6488764716407778,port_protocol_service_ablation,39,36,3,ct_src_dport_ltm|ct_dst_sport_ltm|is_sm_ips_ports,ksf-v4-idsplit::
classical_ext,svc,4,rbf_gscale_x0.3__svc__d4,rbf_gscale_x0.3,id_val,train_cv,100.0,0.8838778436475806,0.011999845504760742,0.94,0.9412141393442623,0.9399529230917039,0.9416342412451362,0.9854636270491803,0.9843266139846509,port_protocol_service_ablation,39,36,3,ct_src_dport_ltm|ct_dst_sport_ltm|is_sm_ips_ports,ksf-v4-idsplit::
classical_ext,svc,4,rbf_gscale_x0.3__svc__d4,rbf_gscale_x0.3,id_test,train_cv,100.0,0.8838778436475806,0.011999845504760742,0.88,0.8824282786885246,0.8792270531400965,0.8888888888888888,0.9581198770491803,0.9441864486504945,port_protocol_service_ablation,39,36,3,ct_src_dport_ltm|ct_dst_sport_ltm|is_sm_ips_ports,ksf-v4-idsplit::
classical_ext,svc,4,rbf_gscale_x0.3__svc__d4,rbf_gscale_x0.3,ood_test,train_cv,100.0,0.8838778436475806,0.011999845504760742,0.786,0.7819527811124449,0.7753224228222023,0.8243021346469622,0.8942296918767506,0.8601729464098338,port_protocol_service_ablation,39,36,3,ct_src_dport_ltm|ct_dst_sport_ltm|is_sm_ips_ports,ksf-v4-idsplit::
classical_ext,svc,4,rbf_gscale_x3__svc__d4,rbf_gscale_x3,id_val,fixed_c1,1.0,,0.005000591278076172,0.924,0.9255891393442623,0.9238525785921544,0.9272030651340997,0.9848872950819672,0.9847924587419097,port_protocol_service_ablation,39,36,3,ct_src_dport_ltm|ct_dst_sport_ltm|is_sm_ips_ports,ksf-v4-idsplit::
classical_ext,svc,4,rbf_gscale_x3__svc__d4,rbf_gscale_x3,id_test,fixed_c1,1.0,,0.005000591278076172,0.872,0.8748078893442623,0.8708093792390672,0.8832116788321168,0.9525486680327868,0.9341172473945565,port_protocol_service_ablation,39,36,3,ct_src_dport_ltm|ct_dst_sport_ltm|is_sm_ips_ports,ksf-v4-idsplit::
classical_ext,svc,4,rbf_gscale_x3__svc__d4,rbf_gscale_x3,ood_test,fixed_c1,1.0,,0.005000591278076172,0.774,0.7693877551020408,0.7594424173269583,0.8186195826645265,0.9061224489795918,0.8834684253371687,port_protocol_service_ablation,39,36,3,ct_src_dport_ltm|ct_dst_sport_ltm|is_sm_ips_ports,ksf-v4-idsplit::
classical_ext,svc,4,rbf_gscale_x3__svc__d4,rbf_gscale_x3,id_val,train_cv,10.0,0.8826594129554657,0.008011102676391602,0.932,0.9332095286885246,0.9319466461705977,0.933852140077821,0.9767546106557377,0.9676365218805613,port_protocol_service_ablation,39,36,3,ct_src_dport_ltm|ct_dst_sport_ltm|is_sm_ips_ports,ksf-v4-idsplit::
classical_ext,svc,4,rbf_gscale_x3__svc__d4,rbf_gscale_x3,id_test,train_cv,10.0,0.8826594129554657,0.008011102676391602,0.892,0.8941470286885246,0.8914982880841009,0.898876404494382,0.959016393442623,0.9453852729478797,port_protocol_service_ablation,39,36,3,ct_src_dport_ltm|ct_dst_sport_ltm|is_sm_ips_ports,ksf-v4-idsplit::
classical_ext,svc,4,rbf_gscale_x3__svc__d4,rbf_gscale_x3,ood_test,train_cv,10.0,0.8826594129554657,0.008011102676391602,0.794,0.7899559823929572,0.7837215845858583,0.8308702791461412,0.9054181672669068,0.8703113826145868,port_protocol_service_ablation,39,36,3,ct_src_dport_ltm|ct_dst_sport_ltm|is_sm_ips_ports,ksf-v4-idsplit::
classical_ext,svc,4,rbf_gscale_x10__svc__d4,rbf_gscale_x10,id_val,fixed_c1,1.0,,0.007415056228637695,0.92,0.9214907786885246,0.9198717948717949,0.9230769230769231,0.9686219262295082,0.9475676175802389,port_protocol_service_ablation,39,36,3,ct_src_dport_ltm|ct_dst_sport_ltm|is_sm_ips_ports,ksf-v4-idsplit::
classical_ext,svc,4,rbf_gscale_x10__svc__d4,rbf_gscale_x10,id_test,fixed_c1,1.0,,0.007415056228637695,0.872,0.8748078893442623,0.8708093792390672,0.8832116788321168,0.9734887295081966,0.9717634650657355,port_protocol_service_ablation,39,36,3,ct_src_dport_ltm|ct_dst_sport_ltm|is_sm_ips_ports,ksf-v4-idsplit::
classical_ext,svc,4,rbf_gscale_x10__svc__d4,rbf_gscale_x10,ood_test,fixed_c1,1.0,,0.007415056228637695,0.79,0.7857142857142857,0.7782705099778271,0.8292682926829268,0.8860024009603842,0.825573933713069,port_protocol_service_ablation,39,36,3,ct_src_dport_ltm|ct_dst_sport_ltm|is_sm_ips_ports,ksf-v4-idsplit::
classical_ext,svc,4,rbf_gscale_x10__svc__d4,rbf_gscale_x10,id_val,train_cv,10.0,0.8869764555619819,0.011001348495483398,0.912,0.9127177254098361,0.9119943676395289,0.9126984126984127,0.9582479508196721,0.919426408280932,port_protocol_service_ablation,39,36,3,ct_src_dport_ltm|ct_dst_sport_ltm|is_sm_ips_ports,ksf-v4-idsplit::
classical_ext,svc,4,rbf_gscale_x10__svc__d4,rbf_gscale_x10,id_test,train_cv,10.0,0.8869764555619819,0.011001348495483398,0.876,0.8783299180327868,0.8752796150565667,0.8847583643122676,0.9659964139344263,0.9505074965770037,port_protocol_service_ablation,39,36,3,ct_src_dport_ltm|ct_dst_sport_ltm|is_sm_ips_ports,ksf-v4-idsplit::
classical_ext,svc,4,rbf_gscale_x10__svc__d4,rbf_gscale_x10,ood_test,train_cv,10.0,0.8869764555619819,0.011001348495483398,0.814,0.8111644657863145,0.8092378127576828,0.8393782383419689,0.8804801920768307,0.8362261912638614,port_protocol_service_ablation,39,36,3,ct_src_dport_ltm|ct_dst_sport_ltm|is_sm_ips_ports,ksf-v4-idsplit::
classical_ext,svc,4,laplacian_med_x0.1__svc__d4,laplacian_med_x0.1,id_val,fixed_c1,1.0,,0.007513523101806641,0.916,0.9168160860655737,0.9159879022579251,0.9169960474308301,0.9698386270491803,0.9265419623400082,port_protocol_service_ablation,39,36,3,ct_src_dport_ltm|ct_dst_sport_ltm|is_sm_ips_ports,ksf-v4-idsplit::
classical_ext,svc,4,laplacian_med_x0.1__svc__d4,laplacian_med_x0.1,id_test,fixed_c1,1.0,,0.007513523101806641,0.872,0.8742315573770492,0.8713329902213072,0.8805970149253731,0.9540215163934427,0.9317475642692666,port_protocol_service_ablation,39,36,3,ct_src_dport_ltm|ct_dst_sport_ltm|is_sm_ips_ports,ksf-v4-idsplit::
classical_ext,svc,4,laplacian_med_x0.1__svc__d4,laplacian_med_x0.1,ood_test,fixed_c1,1.0,,0.007513523101806641,0.8,0.797358943577431,0.7955210940439384,0.8257839721254355,0.8779991996798719,0.8466572235692897,port_protocol_service_ablation,39,36,3,ct_src_dport_ltm|ct_dst_sport_ltm|is_sm_ips_ports,ksf-v4-idsplit::
classical_ext,svc,4,laplacian_med_x0.1__svc__d4,laplacian_med_x0.1,id_val,train_cv,10.0,0.8857394688644689,0.008095502853393555,0.928,0.9281506147540983,0.9279815632801998,0.926829268292683,0.9752177254098361,0.9591918496653002,port_protocol_service_ablation,39,36,3,ct_src_dport_ltm|ct_dst_sport_ltm|is_sm_ips_ports,ksf-v4-idsplit::
classical_ext,svc,4,laplacian_med_x0.1__svc__d4,laplacian_med_x0.1,id_test,train_cv,10.0,0.8857394688644689,0.008095502853393555,0.876,0.8773693647540983,0.8758390874573447,0.8803088803088803,0.9456326844262295,0.9298121846894543,port_protocol_service_ablation,39,36,3,ct_src_dport_ltm|ct_dst_sport_ltm|is_sm_ips_ports,ksf-v4-idsplit::
classical_ext,svc,4,laplacian_med_x0.1__svc__d4,laplacian_med_x0.1,ood_test,train_cv,10.0,0.8857394688644689,0.008095502853393555,0.77,0.768187274909964,0.7673863530630161,0.7920433996383364,0.8545978391356543,0.8497891471416393,port_protocol_service_ablation,39,36,3,ct_src_dport_ltm|ct_dst_sport_ltm|is_sm_ips_ports,ksf-v4-idsplit::
classical_ext,svc,4,laplacian_med_x0.3__svc__d4,laplacian_med_x0.3,id_val,fixed_c1,1.0,,0.005293846130371094,0.928,0.9293032786885246,0.9279261964251393,0.9302325581395349,0.9713114754098361,0.939371427978897,port_protocol_service_ablation,39,36,3,ct_src_dport_ltm|ct_dst_sport_ltm|is_sm_ips_ports,ksf-v4-idsplit::
classical_ext,svc,4,laplacian_med_x0.3__svc__d4,laplacian_med_x0.3,id_test,fixed_c1,1.0,,0.005293846130371094,0.876,0.8787141393442623,0.874941504897452,0.8864468864468864,0.958952356557377,0.9430171967478338,port_protocol_service_ablation,39,36,3,ct_src_dport_ltm|ct_dst_sport_ltm|is_sm_ips_ports,ksf-v4-idsplit::
classical_ext,svc,4,laplacian_med_x0.3__svc__d4,laplacian_med_x0.3,ood_test,fixed_c1,1.0,,0.005293846130371094,0.796,0.7919167667066827,0.78562421185372,0.8327868852459016,0.8871388555422168,0.8457308204146292,port_protocol_service_ablation,39,36,3,ct_src_dport_ltm|ct_dst_sport_ltm|is_sm_ips_ports,ksf-v4-idsplit::
classical_ext,svc,4,laplacian_med_x0.3__svc__d4,laplacian_med_x0.3,id_val,train_cv,10.0,0.8884184017736649,0.006007671356201172,0.92,0.9203381147540983,0.919994879672299,0.9193548387096774,0.9711834016393442,0.9428914011356873,port_protocol_service_ablation,39,36,3,ct_src_dport_ltm|ct_dst_sport_ltm|is_sm_ips_ports,ksf-v4-idsplit::
classical_ext,svc,4,laplacian_med_x0.3__svc__d4,laplacian_med_x0.3,id_test,train_cv,10.0,0.8884184017736649,0.006007671356201172,0.868,0.8697489754098361,0.8676421042498917,0.8745247148288974,0.9534451844262295,0.94338032509332,port_protocol_service_ablation,39,36,3,ct_src_dport_ltm|ct_dst_sport_ltm|is_sm_ips_ports,ksf-v4-idsplit::
classical_ext,svc,4,laplacian_med_x0.3__svc__d4,laplacian_med_x0.3,ood_test,train_cv,10.0,0.8884184017736649,0.006007671356201172,0.772,0.7699879951980793,0.7688901863474918,0.7956989247311828,0.8750540216086435,0.8588125108843088,port_protocol_service_ablation,39,36,3,ct_src_dport_ltm|ct_dst_sport_ltm|is_sm_ips_ports,ksf-v4-idsplit::
classical_ext,svc,4,laplacian_med_x3__svc__d4,laplacian_med_x3,id_val,fixed_c1,1.0,,0.004666566848754883,0.924,0.92578125,0.9237939388105437,0.9277566539923955,0.9530609631147541,0.9219460909265325,port_protocol_service_ablation,39,36,3,ct_src_dport_ltm|ct_dst_sport_ltm|is_sm_ips_ports,ksf-v4-idsplit::
classical_ext,svc,4,laplacian_med_x3__svc__d4,laplacian_med_x3,id_test,fixed_c1,1.0,,0.004666566848754883,0.868,0.87109375,0.8664421816062553,0.8808664259927798,0.9236039959016393,0.8563113379757404,port_protocol_service_ablation,39,36,3,ct_src_dport_ltm|ct_dst_sport_ltm|is_sm_ips_ports,ksf-v4-idsplit::
classical_ext,svc,4,laplacian_med_x3__svc__d4,laplacian_med_x3,ood_test,fixed_c1,1.0,,0.004666566848754883,0.752,0.746938775510204,0.7328092947889193,0.804416403785489,0.8443057222889155,0.7411753093540522,port_protocol_service_ablation,39,36,3,ct_src_dport_ltm|ct_dst_sport_ltm|is_sm_ips_ports,ksf-v4-idsplit::
classical_ext,svc,4,laplacian_med_x3__svc__d4,laplacian_med_x3,id_val,train_cv,10.0,0.880223033545402,0.005000591278076172,0.92,0.9214907786885246,0.9198717948717949,0.9230769230769231,0.9631147540983607,0.9367750140781853,port_protocol_service_ablation,39,36,3,ct_src_dport_ltm|ct_dst_sport_ltm|is_sm_ips_ports,ksf-v4-idsplit::
classical_ext,svc,4,laplacian_med_x3__svc__d4,laplacian_med_x3,id_test,train_cv,10.0,0.880223033545402,0.005000591278076172,0.876,0.8787141393442623,0.874941504897452,0.8864468864468864,0.9487704918032787,0.9263999770129463,port_protocol_service_ablation,39,36,3,ct_src_dport_ltm|ct_dst_sport_ltm|is_sm_ips_ports,ksf-v4-idsplit::
classical_ext,svc,4,laplacian_med_x3__svc__d4,laplacian_med_x3,ood_test,train_cv,10.0,0.880223033545402,0.005000591278076172,0.796,0.7919167667066827,0.78562421185372,0.8327868852459016,0.866890756302521,0.8167206996821947,port_protocol_service_ablation,39,36,3,ct_src_dport_ltm|ct_dst_sport_ltm|is_sm_ips_ports,ksf-v4-idsplit::
classical_ext,svc,4,laplacian_med_x10__svc__d4,laplacian_med_x10,id_val,fixed_c1,1.0,,0.005525827407836914,0.908,0.91015625,0.9075726157753452,0.9138576779026217,0.9340420081967212,0.876424498706762,port_protocol_service_ablation,39,36,3,ct_src_dport_ltm|ct_dst_sport_ltm|is_sm_ips_ports,ksf-v4-idsplit::
classical_ext,svc,4,laplacian_med_x10__svc__d4,laplacian_med_x10,id_test,fixed_c1,1.0,,0.005525827407836914,0.864,0.8671875,0.8622723442867328,0.8776978417266187,0.8914574795081968,0.8101627146454266,port_protocol_service_ablation,39,36,3,ct_src_dport_ltm|ct_dst_sport_ltm|is_sm_ips_ports,ksf-v4-idsplit::
classical_ext,svc,4,laplacian_med_x10__svc__d4,laplacian_med_x10,ood_test,fixed_c1,1.0,,0.005525827407836914,0.74,0.7346938775510204,0.7178819444444444,0.796875,0.7698759503801521,0.651823973089668,port_protocol_service_ablation,39,36,3,ct_src_dport_ltm|ct_dst_sport_ltm|is_sm_ips_ports,ksf-v4-idsplit::
classical_ext,svc,4,laplacian_med_x10__svc__d4,laplacian_med_x10,id_val,train_cv,10.0,0.8809917823404664,0.003999948501586914,0.924,0.92578125,0.9237939388105437,0.9277566539923955,0.9492827868852459,0.9112857622720647,port_protocol_service_ablation,39,36,3,ct_src_dport_ltm|ct_dst_sport_ltm|is_sm_ips_ports,ksf-v4-idsplit::
classical_ext,svc,4,laplacian_med_x10__svc__d4,laplacian_med_x10,id_test,train_cv,10.0,0.8809917823404664,0.003999948501586914,0.868,0.87109375,0.8664421816062553,0.8808664259927798,0.9299436475409836,0.8753218479824629,port_protocol_service_ablation,39,36,3,ct_src_dport_ltm|ct_dst_sport_ltm|is_sm_ips_ports,ksf-v4-idsplit::
classical_ext,svc,4,laplacian_med_x10__svc__d4,laplacian_med_x10,ood_test,train_cv,10.0,0.8809917823404664,0.003999948501586914,0.758,0.7530612244897958,0.7401638041736994,0.8082408874801902,0.8336774709883954,0.7338854786860258,port_protocol_service_ablation,39,36,3,ct_src_dport_ltm|ct_dst_sport_ltm|is_sm_ips_ports,ksf-v4-idsplit::
classical_ext,svc,4,matern15_med_x0.1__svc__d4,matern15_med_x0.1,id_val,fixed_c1,1.0,,0.006862163543701172,0.912,0.9125256147540983,0.912,0.912,0.9670850409836066,0.9453342154896955,port_protocol_service_ablation,39,36,3,ct_src_dport_ltm|ct_dst_sport_ltm|is_sm_ips_ports,ksf-v4-idsplit::
classical_ext,svc,4,matern15_med_x0.1__svc__d4,matern15_med_x0.1,id_test,fixed_c1,1.0,,0.006862163543701172,0.864,0.8664190573770492,0.8631239935587762,0.8740740740740741,0.947938012295082,0.9291600709355853,port_protocol_service_ablation,39,36,3,ct_src_dport_ltm|ct_dst_sport_ltm|is_sm_ips_ports,ksf-v4-idsplit::
classical_ext,svc,4,matern15_med_x0.1__svc__d4,matern15_med_x0.1,ood_test,fixed_c1,1.0,,0.006862163543701172,0.812,0.8092837134853941,0.8075537211740043,0.8368055555555556,0.8771028411364546,0.8399388855632632,port_protocol_service_ablation,39,36,3,ct_src_dport_ltm|ct_dst_sport_ltm|is_sm_ips_ports,ksf-v4-idsplit::
classical_ext,svc,4,matern15_med_x0.1__svc__d4,matern15_med_x0.1,id_val,train_cv,10.0,0.8848196211683053,0.007999181747436523,0.924,0.9246285860655737,0.9239987839805437,0.9243027888446215,0.970030737704918,0.9665649337727054,port_protocol_service_ablation,39,36,3,ct_src_dport_ltm|ct_dst_sport_ltm|is_sm_ips_ports,ksf-v4-idsplit::
classical_ext,svc,4,matern15_med_x0.1__svc__d4,matern15_med_x0.1,id_test,train_cv,10.0,0.8848196211683053,0.007999181747436523,0.86,0.861360143442623,0.8598183245486151,0.8648648648648649,0.9408299180327868,0.936818178958786,port_protocol_service_ablation,39,36,3,ct_src_dport_ltm|ct_dst_sport_ltm|is_sm_ips_ports,ksf-v4-idsplit::
classical_ext,svc,4,matern15_med_x0.1__svc__d4,matern15_med_x0.1,ood_test,train_cv,10.0,0.8848196211683053,0.007999181747436523,0.786,0.7837134853941576,0.7823212287661478,0.8106194690265487,0.8661224489795919,0.8459881982164981,port_protocol_service_ablation,39,36,3,ct_src_dport_ltm|ct_dst_sport_ltm|is_sm_ips_ports,ksf-v4-idsplit::
classical_ext,svc,4,matern15_med_x0.3__svc__d4,matern15_med_x0.3,id_val,fixed_c1,1.0,,0.006000518798828125,0.92,0.9214907786885246,0.9198717948717949,0.9230769230769231,0.9702868852459017,0.9483547303128542,port_protocol_service_ablation,39,36,3,ct_src_dport_ltm|ct_dst_sport_ltm|is_sm_ips_ports,ksf-v4-idsplit::
classical_ext,svc,4,matern15_med_x0.3__svc__d4,matern15_med_x0.3,id_test,fixed_c1,1.0,,0.006000518798828125,0.872,0.8748078893442623,0.8708093792390672,0.8832116788321168,0.9688780737704918,0.9644819856212827,port_protocol_service_ablation,39,36,3,ct_src_dport_ltm|ct_dst_sport_ltm|is_sm_ips_ports,ksf-v4-idsplit::
classical_ext,svc,4,matern15_med_x0.3__svc__d4,matern15_med_x0.3,ood_test,fixed_c1,1.0,,0.006000518798828125,0.78,0.7755102040816326,0.766553480475382,0.8225806451612904,0.8910764305722289,0.8404626355528033,port_protocol_service_ablation,39,36,3,ct_src_dport_ltm|ct_dst_sport_ltm|is_sm_ips_ports,ksf-v4-idsplit::
classical_ext,svc,4,matern15_med_x0.3__svc__d4,matern15_med_x0.3,id_val,train_cv,100.0,0.888939054366686,0.010744810104370117,0.924,0.9244364754098361,0.9239987839805437,0.9236947791164659,0.9653560450819673,0.9509865303073579,port_protocol_service_ablation,39,36,3,ct_src_dport_ltm|ct_dst_sport_ltm|is_sm_ips_ports,ksf-v4-idsplit::
classical_ext,svc,4,matern15_med_x0.3__svc__d4,matern15_med_x0.3,id_test,train_cv,100.0,0.888939054366686,0.010744810104370117,0.864,0.8654585040983607,0.8637820512820513,0.8692307692307693,0.9363473360655737,0.9252621969416701,port_protocol_service_ablation,39,36,3,ct_src_dport_ltm|ct_dst_sport_ltm|is_sm_ips_ports,ksf-v4-idsplit::
classical_ext,svc,4,matern15_med_x0.3__svc__d4,matern15_med_x0.3,ood_test,train_cv,100.0,0.888939054366686,0.010744810104370117,0.802,0.7995598239295718,0.798156084472698,0.8260105448154658,0.8604721888755502,0.7981608779519498,port_protocol_service_ablation,39,36,3,ct_src_dport_ltm|ct_dst_sport_ltm|is_sm_ips_ports,ksf-v4-idsplit::
classical_ext,svc,4,matern15_med_x3__svc__d4,matern15_med_x3,id_val,fixed_c1,1.0,,0.005503177642822266,0.908,0.91015625,0.9075726157753452,0.9138576779026217,0.9184810450819673,0.853640635402771,port_protocol_service_ablation,39,36,3,ct_src_dport_ltm|ct_dst_sport_ltm|is_sm_ips_ports,ksf-v4-idsplit::
classical_ext,svc,4,matern15_med_x3__svc__d4,matern15_med_x3,id_test,fixed_c1,1.0,,0.005503177642822266,0.86,0.86328125,0.8580904653010915,0.8745519713261649,0.8887679303278688,0.8214834118716245,port_protocol_service_ablation,39,36,3,ct_src_dport_ltm|ct_dst_sport_ltm|is_sm_ips_ports,ksf-v4-idsplit::
classical_ext,svc,4,matern15_med_x3__svc__d4,matern15_med_x3,ood_test,fixed_c1,1.0,,0.005503177642822266,0.74,0.7346938775510204,0.7178819444444444,0.796875,0.7263865546218488,0.6107353647487118,port_protocol_service_ablation,39,36,3,ct_src_dport_ltm|ct_dst_sport_ltm|is_sm_ips_ports,ksf-v4-idsplit::
classical_ext,svc,4,matern15_med_x3__svc__d4,matern15_med_x3,id_val,train_cv,100.0,0.8793507807981493,0.00699615478515625,0.92,0.9216828893442623,0.9198152543460132,0.9236641221374046,0.9867443647540983,0.9865183416196558,port_protocol_service_ablation,39,36,3,ct_src_dport_ltm|ct_dst_sport_ltm|is_sm_ips_ports,ksf-v4-idsplit::
classical_ext,svc,4,matern15_med_x3__svc__d4,matern15_med_x3,id_test,train_cv,100.0,0.8793507807981493,0.00699615478515625,0.868,0.8709016393442623,0.8666666666666667,0.88,0.9631787909836065,0.9478117813624644,port_protocol_service_ablation,39,36,3,ct_src_dport_ltm|ct_dst_sport_ltm|is_sm_ips_ports,ksf-v4-idsplit::
classical_ext,svc,4,matern15_med_x3__svc__d4,matern15_med_x3,ood_test,train_cv,100.0,0.8793507807981493,0.00699615478515625,0.768,0.763265306122449,0.7522680289077583,0.8146964856230032,0.9064745898359344,0.8865644076916102,port_protocol_service_ablation,39,36,3,ct_src_dport_ltm|ct_dst_sport_ltm|is_sm_ips_ports,ksf-v4-idsplit::
classical_ext,svc,4,matern15_med_x10__svc__d4,matern15_med_x10,id_val,fixed_c1,1.0,,0.0069963932037353516,0.856,0.8566854508196722,0.8559907834101382,0.8571428571428571,0.9198258196721312,0.8454063247485246,port_protocol_service_ablation,39,36,3,ct_src_dport_ltm|ct_dst_sport_ltm|is_sm_ips_ports,ksf-v4-idsplit::
classical_ext,svc,4,matern15_med_x10__svc__d4,matern15_med_x10,id_test,fixed_c1,1.0,,0.0069963932037353516,0.816,0.8172387295081966,0.815811390864245,0.8217054263565892,0.9100922131147541,0.8599983940906405,port_protocol_service_ablation,39,36,3,ct_src_dport_ltm|ct_dst_sport_ltm|is_sm_ips_ports,ksf-v4-idsplit::
classical_ext,svc,4,matern15_med_x10__svc__d4,matern15_med_x10,ood_test,fixed_c1,1.0,,0.0069963932037353516,0.774,0.7694677871148459,0.7599411962151437,0.8180354267310789,0.7496118447378951,0.6420773931353642,port_protocol_service_ablation,39,36,3,ct_src_dport_ltm|ct_dst_sport_ltm|is_sm_ips_ports,ksf-v4-idsplit::
classical_ext,svc,4,matern15_med_x10__svc__d4,matern15_med_x10,id_val,train_cv,100.0,0.8742793281280123,0.005243539810180664,0.908,0.91015625,0.9075726157753452,0.9138576779026217,0.9371157786885246,0.8845015274393762,port_protocol_service_ablation,39,36,3,ct_src_dport_ltm|ct_dst_sport_ltm|is_sm_ips_ports,ksf-v4-idsplit::
classical_ext,svc,4,matern15_med_x10__svc__d4,matern15_med_x10,id_test,train_cv,100.0,0.8742793281280123,0.005243539810180664,0.864,0.8671875,0.8622723442867328,0.8776978417266187,0.8857581967213115,0.8027725587315588,port_protocol_service_ablation,39,36,3,ct_src_dport_ltm|ct_dst_sport_ltm|is_sm_ips_ports,ksf-v4-idsplit::
classical_ext,svc,4,matern15_med_x10__svc__d4,matern15_med_x10,ood_test,train_cv,100.0,0.8742793281280123,0.005243539810180664,0.74,0.7346938775510204,0.7178819444444444,0.796875,0.7254261704681874,0.6025069145076982,port_protocol_service_ablation,39,36,3,ct_src_dport_ltm|ct_dst_sport_ltm|is_sm_ips_ports,ksf-v4-idsplit::
classical_ext,svc,4,matern25_med_x0.1__svc__d4,matern25_med_x0.1,id_val,fixed_c1,1.0,,0.006392478942871094,0.912,0.9125256147540983,0.912,0.912,0.9665727459016393,0.9390119888013706,port_protocol_service_ablation,39,36,3,ct_src_dport_ltm|ct_dst_sport_ltm|is_sm_ips_ports,ksf-v4-idsplit::
classical_ext,svc,4,matern25_med_x0.1__svc__d4,matern25_med_x0.1,id_test,fixed_c1,1.0,,0.006392478942871094,0.864,0.8664190573770492,0.8631239935587762,0.8740740740740741,0.9510758196721312,0.9315068455623996,port_protocol_service_ablation,39,36,3,ct_src_dport_ltm|ct_dst_sport_ltm|is_sm_ips_ports,ksf-v4-idsplit::
classical_ext,svc,4,matern25_med_x0.1__svc__d4,matern25_med_x0.1,ood_test,fixed_c1,1.0,,0.006392478942871094,0.81,0.8072428971588635,0.805384498772898,0.8353552859618717,0.8719007603041217,0.821503916817949,port_protocol_service_ablation,39,36,3,ct_src_dport_ltm|ct_dst_sport_ltm|is_sm_ips_ports,ksf-v4-idsplit::
classical_ext,svc,4,matern25_med_x0.1__svc__d4,matern25_med_x0.1,id_val,train_cv,10.0,0.8880869240408714,0.007998943328857422,0.92,0.9205302254098361,0.92,0.92,0.9651639344262295,0.9523519883155782,port_protocol_service_ablation,39,36,3,ct_src_dport_ltm|ct_dst_sport_ltm|is_sm_ips_ports,ksf-v4-idsplit::
classical_ext,svc,4,matern25_med_x0.1__svc__d4,matern25_med_x0.1,id_test,train_cv,10.0,0.8880869240408714,0.007998943328857422,0.86,0.8615522540983607,0.8597284342487055,0.8659003831417624,0.9297515368852459,0.9094725819515129,port_protocol_service_ablation,39,36,3,ct_src_dport_ltm|ct_dst_sport_ltm|is_sm_ips_ports,ksf-v4-idsplit::
classical_ext,svc,4,matern25_med_x0.1__svc__d4,matern25_med_x0.1,ood_test,train_cv,10.0,0.8880869240408714,0.007998943328857422,0.798,0.7956382553021208,0.7943065687484471,0.8218694885361552,0.859767907162865,0.8117165243178632,port_protocol_service_ablation,39,36,3,ct_src_dport_ltm|ct_dst_sport_ltm|is_sm_ips_ports,ksf-v4-idsplit::
classical_ext,svc,4,matern25_med_x0.3__svc__d4,matern25_med_x0.3,id_val,fixed_c1,1.0,,0.006550788879394531,0.92,0.9214907786885246,0.9198717948717949,0.9230769230769231,0.9786757172131147,0.9719832256489186,port_protocol_service_ablation,39,36,3,ct_src_dport_ltm|ct_dst_sport_ltm|is_sm_ips_ports,ksf-v4-idsplit::
classical_ext,svc,4,matern25_med_x0.3__svc__d4,matern25_med_x0.3,id_test,fixed_c1,1.0,,0.006550788879394531,0.872,0.8748078893442623,0.8708093792390672,0.8832116788321168,0.9668288934426229,0.9614975028624662,port_protocol_service_ablation,39,36,3,ct_src_dport_ltm|ct_dst_sport_ltm|is_sm_ips_ports,ksf-v4-idsplit::
classical_ext,svc,4,matern25_med_x0.3__svc__d4,matern25_med_x0.3,ood_test,fixed_c1,1.0,,0.006550788879394531,0.776,0.7714285714285714,0.7618196975110159,0.819935691318328,0.8967266906762705,0.8542510963976901,port_protocol_service_ablation,39,36,3,ct_src_dport_ltm|ct_dst_sport_ltm|is_sm_ips_ports,ksf-v4-idsplit::
classical_ext,svc,4,matern25_med_x0.3__svc__d4,matern25_med_x0.3,id_val,train_cv,100.0,0.8854610082899557,0.011536121368408203,0.92,0.919953893442623,0.919953893442623,0.9180327868852459,0.9585040983606556,0.9215119784920962,port_protocol_service_ablation,39,36,3,ct_src_dport_ltm|ct_dst_sport_ltm|is_sm_ips_ports,ksf-v4-idsplit::
classical_ext,svc,4,matern25_med_x0.3__svc__d4,matern25_med_x0.3,id_test,train_cv,100.0,0.8854610082899557,0.011536121368408203,0.88,0.8820440573770492,0.8795064584538268,0.8872180451127819,0.9488345286885246,0.9142782169359274,port_protocol_service_ablation,39,36,3,ct_src_dport_ltm|ct_dst_sport_ltm|is_sm_ips_ports,ksf-v4-idsplit::
classical_ext,svc,4,matern25_med_x0.3__svc__d4,matern25_med_x0.3,ood_test,train_cv,100.0,0.8854610082899557,0.011536121368408203,0.826,0.8237294917967186,0.8230088495575221,0.8460176991150442,0.8835854341736695,0.8375075836893053,port_protocol_service_ablation,39,36,3,ct_src_dport_ltm|ct_dst_sport_ltm|is_sm_ips_ports,ksf-v4-idsplit::
classical_ext,svc,4,matern25_med_x3__svc__d4,matern25_med_x3,id_val,fixed_c1,1.0,,0.005995035171508789,0.888,0.8896644467213115,0.8877413560844185,0.8931297709923665,0.8890240778688525,0.7988835701290923,port_protocol_service_ablation,39,36,3,ct_src_dport_ltm|ct_dst_sport_ltm|is_sm_ips_ports,ksf-v4-idsplit::
classical_ext,svc,4,matern25_med_x3__svc__d4,matern25_med_x3,id_test,fixed_c1,1.0,,0.005995035171508789,0.82,0.822297643442623,0.8189542799208227,0.8327137546468402,0.8792904713114753,0.8024170807787474,port_protocol_service_ablation,39,36,3,ct_src_dport_ltm|ct_dst_sport_ltm|is_sm_ips_ports,ksf-v4-idsplit::
classical_ext,svc,4,matern25_med_x3__svc__d4,matern25_med_x3,ood_test,fixed_c1,1.0,,0.005995035171508789,0.746,0.7408963585434174,0.726027397260274,0.8,0.689827931172469,0.5829594667150579,port_protocol_service_ablation,39,36,3,ct_src_dport_ltm|ct_dst_sport_ltm|is_sm_ips_ports,ksf-v4-idsplit::
classical_ext,svc,4,matern25_med_x3__svc__d4,matern25_med_x3,id_val,train_cv,100.0,0.8809917823404664,0.008015632629394531,0.924,0.92578125,0.9237939388105437,0.9277566539923955,0.9829661885245902,0.9743744091721988,port_protocol_service_ablation,39,36,3,ct_src_dport_ltm|ct_dst_sport_ltm|is_sm_ips_ports,ksf-v4-idsplit::
classical_ext,svc,4,matern25_med_x3__svc__d4,matern25_med_x3,id_test,train_cv,100.0,0.8809917823404664,0.008015632629394531,0.864,0.8669953893442623,0.8625129399585921,0.8768115942028986,0.9360271516393442,0.894292375478863,port_protocol_service_ablation,39,36,3,ct_src_dport_ltm|ct_dst_sport_ltm|is_sm_ips_ports,ksf-v4-idsplit::
classical_ext,svc,4,matern25_med_x3__svc__d4,matern25_med_x3,ood_test,train_cv,100.0,0.8809917823404664,0.008015632629394531,0.76,0.7551020408163265,0.7425997425997426,0.8095238095238095,0.8804481792717087,0.8074763284300714,port_protocol_service_ablation,39,36,3,ct_src_dport_ltm|ct_dst_sport_ltm|is_sm_ips_ports,ksf-v4-idsplit::
classical_ext,svc,4,matern25_med_x10__svc__d4,matern25_med_x10,id_val,fixed_c1,1.0,,0.006009578704833984,0.856,0.8564933401639344,0.856,0.856,0.9094518442622951,0.8816609226611494,port_protocol_service_ablation,39,36,3,ct_src_dport_ltm|ct_dst_sport_ltm|is_sm_ips_ports,ksf-v4-idsplit::
classical_ext,svc,4,matern25_med_x10__svc__d4,matern25_med_x10,id_test,fixed_c1,1.0,,0.006009578704833984,0.82,0.8211449795081966,0.8198587692751116,0.8249027237354085,0.8871029713114754,0.8672497607365224,port_protocol_service_ablation,39,36,3,ct_src_dport_ltm|ct_dst_sport_ltm|is_sm_ips_ports,ksf-v4-idsplit::
classical_ext,svc,4,matern25_med_x10__svc__d4,matern25_med_x10,ood_test,fixed_c1,1.0,,0.006009578704833984,0.784,0.779671868747499,0.7717126623376623,0.8246753246753247,0.7830972388955583,0.6897708839547888,port_protocol_service_ablation,39,36,3,ct_src_dport_ltm|ct_dst_sport_ltm|is_sm_ips_ports,ksf-v4-idsplit::
classical_ext,svc,4,matern25_med_x10__svc__d4,matern25_med_x10,id_val,train_cv,10.0,0.8349424040871408,0.005750417709350586,0.856,0.8564933401639344,0.856,0.856,0.8869108606557377,0.7848630311968239,port_protocol_service_ablation,39,36,3,ct_src_dport_ltm|ct_dst_sport_ltm|is_sm_ips_ports,ksf-v4-idsplit::
classical_ext,svc,4,matern25_med_x10__svc__d4,matern25_med_x10,id_test,train_cv,10.0,0.8349424040871408,0.005750417709350586,0.82,0.8211449795081966,0.8198587692751116,0.8249027237354085,0.8792264344262295,0.8005843172503012,port_protocol_service_ablation,39,36,3,ct_src_dport_ltm|ct_dst_sport_ltm|is_sm_ips_ports,ksf-v4-idsplit::
classical_ext,svc,4,matern25_med_x10__svc__d4,matern25_med_x10,ood_test,train_cv,10.0,0.8349424040871408,0.005750417709350586,0.786,0.7817126850740297,0.7740470911202619,0.8260162601626017,0.6886594637855142,0.5799250073209345,port_protocol_service_ablation,39,36,3,ct_src_dport_ltm|ct_dst_sport_ltm|is_sm_ips_ports,ksf-v4-idsplit::
quantum,svc,4,zz_r1_full__as0.5__svc__d4,zz_r1_full__as0.5,id_val,fixed_c1,1.0,,0.006003379821777344,0.928,0.9294953893442623,0.9278846153846154,0.9307692307692308,0.977843237704918,0.9732312165637693,port_protocol_service_ablation,39,36,3,ct_src_dport_ltm|ct_dst_sport_ltm|is_sm_ips_ports,ksf-v4-idsplit::
quantum,svc,4,zz_r1_full__as0.5__svc__d4,zz_r1_full__as0.5,id_test,fixed_c1,1.0,,0.006003379821777344,0.88,0.8826203893442623,0.87906346749226,0.8897058823529411,0.958311987704918,0.9488284619147064,port_protocol_service_ablation,39,36,3,ct_src_dport_ltm|ct_dst_sport_ltm|is_sm_ips_ports,ksf-v4-idsplit::
quantum,svc,4,zz_r1_full__as0.5__svc__d4,zz_r1_full__as0.5,ood_test,fixed_c1,1.0,,0.006003379821777344,0.778,0.7735494197679071,0.7646699655273301,0.8206785137318255,0.8870908363345338,0.8569671854724906,port_protocol_service_ablation,39,36,3,ct_src_dport_ltm|ct_dst_sport_ltm|is_sm_ips_ports,ksf-v4-idsplit::
quantum,svc,4,zz_r1_full__as0.5__svc__d4,zz_r1_full__as0.5,id_val,train_cv,100.0,0.882416136495084,0.03114008903503418,0.92,0.9203381147540983,0.919994879672299,0.9193548387096774,0.9673411885245902,0.934689187108985,port_protocol_service_ablation,39,36,3,ct_src_dport_ltm|ct_dst_sport_ltm|is_sm_ips_ports,ksf-v4-idsplit::
quantum,svc,4,zz_r1_full__as0.5__svc__d4,zz_r1_full__as0.5,id_test,train_cv,100.0,0.882416136495084,0.03114008903503418,0.888,0.8894723360655737,0.8878205128205128,0.8923076923076924,0.955750512295082,0.9377069255805609,port_protocol_service_ablation,39,36,3,ct_src_dport_ltm|ct_dst_sport_ltm|is_sm_ips_ports,ksf-v4-idsplit::
quantum,svc,4,zz_r1_full__as0.5__svc__d4,zz_r1_full__as0.5,ood_test,train_cv,100.0,0.882416136495084,0.03114008903503418,0.808,0.8058423369347739,0.8050017062350705,0.8291814946619217,0.8683953581432572,0.7987895649027517,port_protocol_service_ablation,39,36,3,ct_src_dport_ltm|ct_dst_sport_ltm|is_sm_ips_ports,ksf-v4-idsplit::
quantum,svc,4,zz_r2_full__as0.5__svc__d4,zz_r2_full__as0.5,id_val,fixed_c1,1.0,,0.006421089172363281,0.92,0.9209144467213115,0.9199795147557774,0.9212598425196851,0.9595927254098361,0.9315496124621795,port_protocol_service_ablation,39,36,3,ct_src_dport_ltm|ct_dst_sport_ltm|is_sm_ips_ports,ksf-v4-idsplit::
quantum,svc,4,zz_r2_full__as0.5__svc__d4,zz_r2_full__as0.5,id_test,fixed_c1,1.0,,0.006421089172363281,0.884,0.88671875,0.8830097949040681,0.8937728937728938,0.9450563524590163,0.9075166957923136,port_protocol_service_ablation,39,36,3,ct_src_dport_ltm|ct_dst_sport_ltm|is_sm_ips_ports,ksf-v4-idsplit::
quantum,svc,4,zz_r2_full__as0.5__svc__d4,zz_r2_full__as0.5,ood_test,fixed_c1,1.0,,0.006421089172363281,0.808,0.8043217286914766,0.8,0.84,0.8560864345738296,0.7878066431044731,port_protocol_service_ablation,39,36,3,ct_src_dport_ltm|ct_dst_sport_ltm|is_sm_ips_ports,ksf-v4-idsplit::
quantum,svc,4,zz_r2_full__as0.5__svc__d4,zz_r2_full__as0.5,id_val,train_cv,10.0,0.888657340466551,0.008918285369873047,0.9,0.9002305327868853,0.8999855979261013,0.8987854251012146,0.9487064549180328,0.8929072559995249,port_protocol_service_ablation,39,36,3,ct_src_dport_ltm|ct_dst_sport_ltm|is_sm_ips_ports,ksf-v4-idsplit::
quantum,svc,4,zz_r2_full__as0.5__svc__d4,zz_r2_full__as0.5,id_test,train_cv,10.0,0.888657340466551,0.008918285369873047,0.872,0.8742315573770492,0.8713329902213072,0.8805970149253731,0.9332735655737705,0.8812077304303766,port_protocol_service_ablation,39,36,3,ct_src_dport_ltm|ct_dst_sport_ltm|is_sm_ips_ports,ksf-v4-idsplit::
quantum,svc,4,zz_r2_full__as0.5__svc__d4,zz_r2_full__as0.5,ood_test,train_cv,10.0,0.888657340466551,0.008918285369873047,0.796,0.7936774709883954,0.792382472195535,0.8197879858657244,0.861016406562625,0.8080067735616533,port_protocol_service_ablation,39,36,3,ct_src_dport_ltm|ct_dst_sport_ltm|is_sm_ips_ports,ksf-v4-idsplit::
quantum,svc,4,pauli_xz_r1_full__as0.5__svc__d4,pauli_xz_r1_full__as0.5,id_val,fixed_c1,1.0,,0.0060045719146728516,0.924,0.92578125,0.9237939388105437,0.9277566539923955,0.9741931352459017,0.9595458936512876,port_protocol_service_ablation,39,36,3,ct_src_dport_ltm|ct_dst_sport_ltm|is_sm_ips_ports,ksf-v4-idsplit::
quantum,svc,4,pauli_xz_r1_full__as0.5__svc__d4,pauli_xz_r1_full__as0.5,id_test,fixed_c1,1.0,,0.0060045719146728516,0.868,0.87109375,0.8664421816062553,0.8808664259927798,0.9214267418032787,0.8647257693430507,port_protocol_service_ablation,39,36,3,ct_src_dport_ltm|ct_dst_sport_ltm|is_sm_ips_ports,ksf-v4-idsplit::
quantum,svc,4,pauli_xz_r1_full__as0.5__svc__d4,pauli_xz_r1_full__as0.5,ood_test,fixed_c1,1.0,,0.0060045719146728516,0.758,0.7530612244897958,0.7401638041736994,0.8082408874801902,0.8644737895158063,0.7739528766417412,port_protocol_service_ablation,39,36,3,ct_src_dport_ltm|ct_dst_sport_ltm|is_sm_ips_ports,ksf-v4-idsplit::
quantum,svc,4,pauli_xz_r1_full__as0.5__svc__d4,pauli_xz_r1_full__as0.5,id_val,train_cv,10.0,0.8842386013109698,0.008928298950195312,0.924,0.9255891393442623,0.9238525785921544,0.9272030651340997,0.9881531762295082,0.987910110990015,port_protocol_service_ablation,39,36,3,ct_src_dport_ltm|ct_dst_sport_ltm|is_sm_ips_ports,ksf-v4-idsplit::
quantum,svc,4,pauli_xz_r1_full__as0.5__svc__d4,pauli_xz_r1_full__as0.5,id_test,train_cv,10.0,0.8842386013109698,0.008928298950195312,0.876,0.8787141393442623,0.874941504897452,0.8864468864468864,0.959656762295082,0.9436684679946503,port_protocol_service_ablation,39,36,3,ct_src_dport_ltm|ct_dst_sport_ltm|is_sm_ips_ports,ksf-v4-idsplit::
quantum,svc,4,pauli_xz_r1_full__as0.5__svc__d4,pauli_xz_r1_full__as0.5,ood_test,train_cv,10.0,0.8842386013109698,0.008928298950195312,0.774,0.7693877551020408,0.7594424173269583,0.8186195826645265,0.8986154461784714,0.8845739638259263,port_protocol_service_ablation,39,36,3,ct_src_dport_ltm|ct_dst_sport_ltm|is_sm_ips_ports,ksf-v4-idsplit::
quantum,svc,4,zmap_r2__as0.5__svc__d4,zmap_r2__as0.5,id_val,fixed_c1,1.0,,0.0059986114501953125,0.924,0.92578125,0.9237939388105437,0.9277566539923955,0.9883452868852459,0.9880922539679834,port_protocol_service_ablation,39,36,3,ct_src_dport_ltm|ct_dst_sport_ltm|is_sm_ips_ports,ksf-v4-idsplit::
quantum,svc,4,zmap_r2__as0.5__svc__d4,zmap_r2__as0.5,id_test,fixed_c1,1.0,,0.0059986114501953125,0.868,0.8709016393442623,0.8666666666666667,0.88,0.9533811475409836,0.9360089830639404,port_protocol_service_ablation,39,36,3,ct_src_dport_ltm|ct_dst_sport_ltm|is_sm_ips_ports,ksf-v4-idsplit::
quantum,svc,4,zmap_r2__as0.5__svc__d4,zmap_r2__as0.5,ood_test,fixed_c1,1.0,,0.0059986114501953125,0.762,0.7571428571428571,0.7450280469148394,0.8108108108108109,0.8921968787515006,0.8694218597711985,port_protocol_service_ablation,39,36,3,ct_src_dport_ltm|ct_dst_sport_ltm|is_sm_ips_ports,ksf-v4-idsplit::
quantum,svc,4,zmap_r2__as0.5__svc__d4,zmap_r2__as0.5,id_val,train_cv,10.0,0.8849213177173703,0.009488344192504883,0.92,0.9214907786885246,0.9198717948717949,0.9230769230769231,0.983094262295082,0.981742021197882,port_protocol_service_ablation,39,36,3,ct_src_dport_ltm|ct_dst_sport_ltm|is_sm_ips_ports,ksf-v4-idsplit::
quantum,svc,4,zmap_r2__as0.5__svc__d4,zmap_r2__as0.5,id_test,train_cv,10.0,0.8849213177173703,0.009488344192504883,0.88,0.8826203893442623,0.87906346749226,0.8897058823529411,0.9538934426229508,0.931349504627924,port_protocol_service_ablation,39,36,3,ct_src_dport_ltm|ct_dst_sport_ltm|is_sm_ips_ports,ksf-v4-idsplit::
quantum,svc,4,zmap_r2__as0.5__svc__d4,zmap_r2__as0.5,ood_test,train_cv,10.0,0.8849213177173703,0.009488344192504883,0.786,0.7816326530612245,0.773603429379081,0.826580226904376,0.8976230492196879,0.8743782603442172,port_protocol_service_ablation,39,36,3,ct_src_dport_ltm|ct_dst_sport_ltm|is_sm_ips_ports,ksf-v4-idsplit::
quantum,svc,4,zz_r1_full__svc__d4,zz_r1_full,id_val,fixed_c1,1.0,,0.006999969482421875,0.904,0.9049052254098361,0.903975417706933,0.905511811023622,0.9547259221311475,0.921987605270438,port_protocol_service_ablation,39,36,3,ct_src_dport_ltm|ct_dst_sport_ltm|is_sm_ips_ports,ksf-v4-idsplit::
quantum,svc,4,zz_r1_full__svc__d4,zz_r1_full,id_test,fixed_c1,1.0,,0.006999969482421875,0.872,0.8748078893442623,0.8708093792390672,0.8832116788321168,0.9340420081967213,0.8874269873661562,port_protocol_service_ablation,39,36,3,ct_src_dport_ltm|ct_dst_sport_ltm|is_sm_ips_ports,ksf-v4-idsplit::
quantum,svc,4,zz_r1_full__svc__d4,zz_r1_full,ood_test,fixed_c1,1.0,,0.006999969482421875,0.782,0.7777110844337736,0.7698236722626967,0.8227642276422764,0.8557823129251702,0.7900581004343655,port_protocol_service_ablation,39,36,3,ct_src_dport_ltm|ct_dst_sport_ltm|is_sm_ips_ports,ksf-v4-idsplit::
quantum,svc,4,zz_r1_full__svc__d4,zz_r1_full,id_val,train_cv,10.0,0.8818428282244073,0.012017011642456055,0.904,0.904328893442623,0.9039938556067588,0.9032258064516129,0.9546618852459016,0.9305027316746552,port_protocol_service_ablation,39,36,3,ct_src_dport_ltm|ct_dst_sport_ltm|is_sm_ips_ports,ksf-v4-idsplit::
quantum,svc,4,zz_r1_full__svc__d4,zz_r1_full,id_test,train_cv,10.0,0.8818428282244073,0.012017011642456055,0.88,0.8824282786885246,0.8792270531400965,0.8888888888888888,0.9432633196721312,0.9086706643903922,port_protocol_service_ablation,39,36,3,ct_src_dport_ltm|ct_dst_sport_ltm|is_sm_ips_ports,ksf-v4-idsplit::
quantum,svc,4,zz_r1_full__svc__d4,zz_r1_full,ood_test,train_cv,10.0,0.8818428282244073,0.012017011642456055,0.81,0.807563025210084,0.8063113941909729,0.8330404217926186,0.8582152861144458,0.8096118751554304,port_protocol_service_ablation,39,36,3,ct_src_dport_ltm|ct_dst_sport_ltm|is_sm_ips_ports,ksf-v4-idsplit::
quantum,svc,4,zz_r2_full__svc__d4,zz_r2_full,id_val,fixed_c1,1.0,,0.0066182613372802734,0.908,0.9086193647540983,0.9079985279764475,0.9083665338645418,0.9449923155737705,0.8925165882867107,port_protocol_service_ablation,39,36,3,ct_src_dport_ltm|ct_dst_sport_ltm|is_sm_ips_ports,ksf-v4-idsplit::
quantum,svc,4,zz_r2_full__svc__d4,zz_r2_full,id_test,fixed_c1,1.0,,0.0066182613372802734,0.84,0.8422131147540983,0.839166237776634,0.8507462686567164,0.9259733606557378,0.8902223891809089,port_protocol_service_ablation,39,36,3,ct_src_dport_ltm|ct_dst_sport_ltm|is_sm_ips_ports,ksf-v4-idsplit::
quantum,svc,4,zz_r2_full__svc__d4,zz_r2_full,ood_test,fixed_c1,1.0,,0.0066182613372802734,0.788,0.7854341736694678,0.7835108816417228,0.8146853146853147,0.8514445778311325,0.7933894179770751,port_protocol_service_ablation,39,36,3,ct_src_dport_ltm|ct_dst_sport_ltm|is_sm_ips_ports,ksf-v4-idsplit::
quantum,svc,4,zz_r2_full__svc__d4,zz_r2_full,id_val,train_cv,10.0,0.8595669462116831,0.012392759323120117,0.908,0.9078509221311475,0.9079278154072793,0.9053497942386831,0.9552382172131147,0.9123454910772899,port_protocol_service_ablation,39,36,3,ct_src_dport_ltm|ct_dst_sport_ltm|is_sm_ips_ports,ksf-v4-idsplit::
quantum,svc,4,zz_r2_full__svc__d4,zz_r2_full,id_test,train_cv,10.0,0.8595669462116831,0.012392759323120117,0.836,0.837922643442623,0.8354074668807707,0.8452830188679246,0.9151511270491802,0.8673793663425113,port_protocol_service_ablation,39,36,3,ct_src_dport_ltm|ct_dst_sport_ltm|is_sm_ips_ports,ksf-v4-idsplit::
quantum,svc,4,zz_r2_full__svc__d4,zz_r2_full,ood_test,train_cv,10.0,0.8595669462116831,0.012392759323120117,0.798,0.7954781912765105,0.7938430512861336,0.8231173380035026,0.8380792316926771,0.7523455673506791,port_protocol_service_ablation,39,36,3,ct_src_dport_ltm|ct_dst_sport_ltm|is_sm_ips_ports,ksf-v4-idsplit::
quantum,svc,4,pauli_xz_r1_full__svc__d4,pauli_xz_r1_full,id_val,fixed_c1,1.0,,0.005550384521484375,0.924,0.9255891393442623,0.9238525785921544,0.9272030651340997,0.9789318647540983,0.9705932321475106,port_protocol_service_ablation,39,36,3,ct_src_dport_ltm|ct_dst_sport_ltm|is_sm_ips_ports,ksf-v4-idsplit::
quantum,svc,4,pauli_xz_r1_full__svc__d4,pauli_xz_r1_full,id_test,fixed_c1,1.0,,0.005550384521484375,0.876,0.8787141393442623,0.874941504897452,0.8864468864468864,0.9471695696721312,0.9220401277551471,port_protocol_service_ablation,39,36,3,ct_src_dport_ltm|ct_dst_sport_ltm|is_sm_ips_ports,ksf-v4-idsplit::
quantum,svc,4,pauli_xz_r1_full__svc__d4,pauli_xz_r1_full,ood_test,fixed_c1,1.0,,0.005550384521484375,0.774,0.7693877551020408,0.7594424173269583,0.8186195826645265,0.9006322529011606,0.8703037513993859,port_protocol_service_ablation,39,36,3,ct_src_dport_ltm|ct_dst_sport_ltm|is_sm_ips_ports,ksf-v4-idsplit::
quantum,svc,4,pauli_xz_r1_full__svc__d4,pauli_xz_r1_full,id_val,train_cv,10.0,0.880574272219009,0.00899958610534668,0.928,0.9293032786885246,0.9279261964251393,0.9302325581395349,0.9751536885245902,0.9637306122951949,port_protocol_service_ablation,39,36,3,ct_src_dport_ltm|ct_dst_sport_ltm|is_sm_ips_ports,ksf-v4-idsplit::
quantum,svc,4,pauli_xz_r1_full__svc__d4,pauli_xz_r1_full,id_test,train_cv,10.0,0.880574272219009,0.00899958610534668,0.884,0.8865266393442623,0.8831756876520731,0.8929889298892989,0.9445440573770492,0.9129315783404552,port_protocol_service_ablation,39,36,3,ct_src_dport_ltm|ct_dst_sport_ltm|is_sm_ips_ports,ksf-v4-idsplit::
quantum,svc,4,pauli_xz_r1_full__svc__d4,pauli_xz_r1_full,ood_test,train_cv,10.0,0.880574272219009,0.00899958610534668,0.788,0.7839135654261704,0.7772173182009248,0.8262295081967214,0.9013525410164066,0.8584034048530216,port_protocol_service_ablation,39,36,3,ct_src_dport_ltm|ct_dst_sport_ltm|is_sm_ips_ports,ksf-v4-idsplit::
quantum,svc,4,zmap_r2__svc__d4,zmap_r2,id_val,fixed_c1,1.0,,0.006002664566040039,0.912,0.9131019467213115,0.9119492827868853,0.9140625,0.9658683401639345,0.949923101602245,port_protocol_service_ablation,39,36,3,ct_src_dport_ltm|ct_dst_sport_ltm|is_sm_ips_ports,ksf-v4-idsplit::
quantum,svc,4,zmap_r2__svc__d4,zmap_r2,id_test,fixed_c1,1.0,,0.006002664566040039,0.88,0.8826203893442623,0.87906346749226,0.8897058823529411,0.9392930327868853,0.9167428515725445,port_protocol_service_ablation,39,36,3,ct_src_dport_ltm|ct_dst_sport_ltm|is_sm_ips_ports,ksf-v4-idsplit::
quantum,svc,4,zmap_r2__svc__d4,zmap_r2,ood_test,fixed_c1,1.0,,0.006002664566040039,0.778,0.7735494197679071,0.7646699655273301,0.8206785137318255,0.887907162865146,0.8497789352965816,port_protocol_service_ablation,39,36,3,ct_src_dport_ltm|ct_dst_sport_ltm|is_sm_ips_ports,ksf-v4-idsplit::
quantum,svc,4,zmap_r2__svc__d4,zmap_r2,id_val,train_cv,100.0,0.8834486456525932,0.026543617248535156,0.908,0.9080430327868853,0.9079631852741097,0.9061224489795918,0.966124487704918,0.9507722682180444,port_protocol_service_ablation,39,36,3,ct_src_dport_ltm|ct_dst_sport_ltm|is_sm_ips_ports,ksf-v4-idsplit::
quantum,svc,4,zmap_r2__svc__d4,zmap_r2,id_test,train_cv,100.0,0.8834486456525932,0.026543617248535156,0.884,0.8861424180327868,0.8834611242384787,0.8913857677902621,0.9497950819672131,0.9254852829840293,port_protocol_service_ablation,39,36,3,ct_src_dport_ltm|ct_dst_sport_ltm|is_sm_ips_ports,ksf-v4-idsplit::
quantum,svc,4,zmap_r2__svc__d4,zmap_r2,ood_test,train_cv,100.0,0.8834486456525932,0.026543617248535156,0.812,0.8094437775110044,0.8080190837200183,0.8356643356643356,0.8749579831932773,0.8085843661707772,port_protocol_service_ablation,39,36,3,ct_src_dport_ltm|ct_dst_sport_ltm|is_sm_ips_ports,ksf-v4-idsplit::
quantum,svc,4,zz_r1_full__as2__svc__d4,zz_r1_full__as2,id_val,fixed_c1,1.0,,0.006437540054321289,0.916,0.9162397540983607,0.9159879022579251,0.9149797570850202,0.9528048155737705,0.9113774416065576,port_protocol_service_ablation,39,36,3,ct_src_dport_ltm|ct_dst_sport_ltm|is_sm_ips_ports,ksf-v4-idsplit::
quantum,svc,4,zz_r1_full__as2__svc__d4,zz_r1_full__as2,id_test,fixed_c1,1.0,,0.006437540054321289,0.86,0.8619364754098361,0.8594941790445605,0.8679245283018868,0.9341700819672131,0.9164755311503667,port_protocol_service_ablation,39,36,3,ct_src_dport_ltm|ct_dst_sport_ltm|is_sm_ips_ports,ksf-v4-idsplit::
quantum,svc,4,zz_r1_full__as2__svc__d4,zz_r1_full__as2,ood_test,fixed_c1,1.0,,0.006437540054321289,0.758,0.755702280912365,0.753839894212186,0.7858407079646018,0.8153661464585834,0.7284296229336567,port_protocol_service_ablation,39,36,3,ct_src_dport_ltm|ct_dst_sport_ltm|is_sm_ips_ports,ksf-v4-idsplit::
quantum,svc,4,zz_r1_full__as2__svc__d4,zz_r1_full__as2,id_val,train_cv,1.0,0.8631057210333527,0.007714271545410156,0.916,0.9162397540983607,0.9159879022579251,0.9149797570850202,0.9528048155737705,0.9113774416065576,port_protocol_service_ablation,39,36,3,ct_src_dport_ltm|ct_dst_sport_ltm|is_sm_ips_ports,ksf-v4-idsplit::
quantum,svc,4,zz_r1_full__as2__svc__d4,zz_r1_full__as2,id_test,train_cv,1.0,0.8631057210333527,0.007714271545410156,0.86,0.8619364754098361,0.8594941790445605,0.8679245283018868,0.9341700819672131,0.9164755311503667,port_protocol_service_ablation,39,36,3,ct_src_dport_ltm|ct_dst_sport_ltm|is_sm_ips_ports,ksf-v4-idsplit::
quantum,svc,4,zz_r1_full__as2__svc__d4,zz_r1_full__as2,ood_test,train_cv,1.0,0.8631057210333527,0.007714271545410156,0.758,0.755702280912365,0.753839894212186,0.7858407079646018,0.8153661464585834,0.7284296229336567,port_protocol_service_ablation,39,36,3,ct_src_dport_ltm|ct_dst_sport_ltm|is_sm_ips_ports,ksf-v4-idsplit::
quantum,svc,4,zz_r2_full__as2__svc__d4,zz_r2_full__as2,id_val,fixed_c1,1.0,,0.009263277053833008,0.872,0.871734118852459,0.8718687936446922,0.8677685950413223,0.9285988729508197,0.8765428357784175,port_protocol_service_ablation,39,36,3,ct_src_dport_ltm|ct_dst_sport_ltm|is_sm_ips_ports,ksf-v4-idsplit::
quantum,svc,4,zz_r2_full__as2__svc__d4,zz_r2_full__as2,id_test,fixed_c1,1.0,,0.009263277053833008,0.824,0.8250512295081966,0.8238985655737705,0.828125,0.9010630122950819,0.879326403245162,port_protocol_service_ablation,39,36,3,ct_src_dport_ltm|ct_dst_sport_ltm|is_sm_ips_ports,ksf-v4-idsplit::
quantum,svc,4,zz_r2_full__as2__svc__d4,zz_r2_full__as2,ood_test,fixed_c1,1.0,,0.009263277053833008,0.762,0.7595438175270108,0.7573795358813239,0.7908611599297012,0.8160864345738296,0.7529111110202769,port_protocol_service_ablation,39,36,3,ct_src_dport_ltm|ct_dst_sport_ltm|is_sm_ips_ports,ksf-v4-idsplit::
quantum,svc,4,zz_r2_full__as2__svc__d4,zz_r2_full__as2,id_val,train_cv,1.0,0.815550655484866,0.008001565933227539,0.872,0.871734118852459,0.8718687936446922,0.8677685950413223,0.9285988729508197,0.8765428357784175,port_protocol_service_ablation,39,36,3,ct_src_dport_ltm|ct_dst_sport_ltm|is_sm_ips_ports,ksf-v4-idsplit::
quantum,svc,4,zz_r2_full__as2__svc__d4,zz_r2_full__as2,id_test,train_cv,1.0,0.815550655484866,0.008001565933227539,0.824,0.8250512295081966,0.8238985655737705,0.828125,0.9010630122950819,0.879326403245162,port_protocol_service_ablation,39,36,3,ct_src_dport_ltm|ct_dst_sport_ltm|is_sm_ips_ports,ksf-v4-idsplit::
quantum,svc,4,zz_r2_full__as2__svc__d4,zz_r2_full__as2,ood_test,train_cv,1.0,0.815550655484866,0.008001565933227539,0.762,0.7595438175270108,0.7573795358813239,0.7908611599297012,0.8160864345738296,0.7529111110202769,port_protocol_service_ablation,39,36,3,ct_src_dport_ltm|ct_dst_sport_ltm|is_sm_ips_ports,ksf-v4-idsplit::
quantum,svc,4,pauli_xz_r1_full__as2__svc__d4,pauli_xz_r1_full__as2,id_val,fixed_c1,1.0,,0.005757808685302734,0.916,0.9173924180327868,0.915890994729169,0.918918918918919,0.9758580942622951,0.9750173578346568,port_protocol_service_ablation,39,36,3,ct_src_dport_ltm|ct_dst_sport_ltm|is_sm_ips_ports,ksf-v4-idsplit::
quantum,svc,4,pauli_xz_r1_full__as2__svc__d4,pauli_xz_r1_full__as2,id_test,fixed_c1,1.0,,0.005757808685302734,0.856,0.8591828893442623,0.85417071748007,0.8705035971223022,0.9314805327868853,0.8954779099873694,port_protocol_service_ablation,39,36,3,ct_src_dport_ltm|ct_dst_sport_ltm|is_sm_ips_ports,ksf-v4-idsplit::
quantum,svc,4,pauli_xz_r1_full__as2__svc__d4,pauli_xz_r1_full__as2,ood_test,fixed_c1,1.0,,0.005757808685302734,0.784,0.779671868747499,0.7717126623376623,0.8246753246753247,0.8600560224089636,0.8186868601450175,port_protocol_service_ablation,39,36,3,ct_src_dport_ltm|ct_dst_sport_ltm|is_sm_ips_ports,ksf-v4-idsplit::
quantum,svc,4,pauli_xz_r1_full__as2__svc__d4,pauli_xz_r1_full__as2,id_val,train_cv,100.0,0.8772059957586272,0.03522181510925293,0.904,0.9041367827868853,0.903975417706933,0.9024390243902439,0.9639472336065573,0.9266374963401947,port_protocol_service_ablation,39,36,3,ct_src_dport_ltm|ct_dst_sport_ltm|is_sm_ips_ports,ksf-v4-idsplit::
quantum,svc,4,pauli_xz_r1_full__as2__svc__d4,pauli_xz_r1_full__as2,id_test,train_cv,100.0,0.8772059957586272,0.03522181510925293,0.872,0.8740394467213115,0.871473555684082,0.8796992481203008,0.9314805327868853,0.8573669896106397,port_protocol_service_ablation,39,36,3,ct_src_dport_ltm|ct_dst_sport_ltm|is_sm_ips_ports,ksf-v4-idsplit::
quantum,svc,4,pauli_xz_r1_full__as2__svc__d4,pauli_xz_r1_full__as2,ood_test,train_cv,100.0,0.8772059957586272,0.03522181510925293,0.802,0.8001200480192077,0.799574855754631,0.8216216216216217,0.8479551820728292,0.8062387977676287,port_protocol_service_ablation,39,36,3,ct_src_dport_ltm|ct_dst_sport_ltm|is_sm_ips_ports,ksf-v4-idsplit::
quantum,svc,4,zmap_r2__as2__svc__d4,zmap_r2__as2,id_val,fixed_c1,1.0,,0.006467580795288086,0.9,0.900422643442623,0.8999983999743996,0.8995983935742972,0.9636270491803278,0.9553853310371263,port_protocol_service_ablation,39,36,3,ct_src_dport_ltm|ct_dst_sport_ltm|is_sm_ips_ports,ksf-v4-idsplit::
quantum,svc,4,zmap_r2__as2__svc__d4,zmap_r2__as2,id_test,fixed_c1,1.0,,0.006467580795288086,0.876,0.8777535860655737,0.8756637949014134,0.8821292775665399,0.9494108606557377,0.9249876978373106,port_protocol_service_ablation,39,36,3,ct_src_dport_ltm|ct_dst_sport_ltm|is_sm_ips_ports,ksf-v4-idsplit::
quantum,svc,4,zmap_r2__as2__svc__d4,zmap_r2__as2,ood_test,fixed_c1,1.0,,0.006467580795288086,0.792,0.7891956782713085,0.7868118532609587,0.8200692041522492,0.8517006802721089,0.7896210636535643,port_protocol_service_ablation,39,36,3,ct_src_dport_ltm|ct_dst_sport_ltm|is_sm_ips_ports,ksf-v4-idsplit::
quantum,svc,4,zmap_r2__as2__svc__d4,zmap_r2__as2,id_val,train_cv,10.0,0.8778890736456526,0.011027336120605469,0.904,0.9045210040983607,0.904,0.904,0.9623463114754098,0.9532520956667048,port_protocol_service_ablation,39,36,3,ct_src_dport_ltm|ct_dst_sport_ltm|is_sm_ips_ports,ksf-v4-idsplit::
quantum,svc,4,zmap_r2__as2__svc__d4,zmap_r2__as2,id_test,train_cv,10.0,0.8778890736456526,0.011027336120605469,0.884,0.8855660860655737,0.8837749883774988,0.8888888888888888,0.9515881147540984,0.9334815116175552,port_protocol_service_ablation,39,36,3,ct_src_dport_ltm|ct_dst_sport_ltm|is_sm_ips_ports,ksf-v4-idsplit::
quantum,svc,4,zmap_r2__as2__svc__d4,zmap_r2__as2,ood_test,train_cv,10.0,0.8778890736456526,0.011027336120605469,0.802,0.799639855942377,0.7983797060009531,0.8253968253968254,0.8735814325730292,0.8180593346134613,port_protocol_service_ablation,39,36,3,ct_src_dport_ltm|ct_dst_sport_ltm|is_sm_ips_ports,ksf-v4-idsplit::
classical_ext,svc,6,linear__svc__d6,linear,id_val,fixed_c1,1.0,,0.004487276077270508,0.864,0.8646900614754098,0.8639912954429083,0.8650793650793651,0.8647540983606558,0.7290899753778052,port_protocol_service_ablation,39,36,3,ct_src_dport_ltm|ct_dst_sport_ltm|is_sm_ips_ports,ksf-v4-idsplit::
classical_ext,svc,6,linear__svc__d6,linear,id_test,fixed_c1,1.0,,0.004487276077270508,0.844,0.8451588114754098,0.84387760003843,0.8482490272373541,0.8846055327868853,0.799160305296089,port_protocol_service_ablation,39,36,3,ct_src_dport_ltm|ct_dst_sport_ltm|is_sm_ips_ports,ksf-v4-idsplit::
classical_ext,svc,6,linear__svc__d6,linear,ood_test,fixed_c1,1.0,,0.004487276077270508,0.744,0.7404561824729892,0.7342016080802711,0.785234899328859,0.744233693477391,0.6379602129190507,port_protocol_service_ablation,39,36,3,ct_src_dport_ltm|ct_dst_sport_ltm|is_sm_ips_ports,ksf-v4-idsplit::
classical_ext,svc,6,linear__svc__d6,linear,id_val,train_cv,100.0,0.8409337044534413,0.010423898696899414,0.876,0.876985143442623,0.8759503801520608,0.8784313725490196,0.8706454918032787,0.7391590935416117,port_protocol_service_ablation,39,36,3,ct_src_dport_ltm|ct_dst_sport_ltm|is_sm_ips_ports,ksf-v4-idsplit::
classical_ext,svc,6,linear__svc__d6,linear,id_test,train_cv,100.0,0.8409337044534413,0.010423898696899414,0.836,0.8375384221311475,0.8356818801199122,0.842911877394636,0.8656506147540983,0.7577401154840921,port_protocol_service_ablation,39,36,3,ct_src_dport_ltm|ct_dst_sport_ltm|is_sm_ips_ports,ksf-v4-idsplit::
classical_ext,svc,6,linear__svc__d6,linear,ood_test,train_cv,100.0,0.8409337044534413,0.010423898696899414,0.74,0.7361344537815127,0.7282426918188507,0.7847682119205298,0.7380712284913966,0.6465067308231429,port_protocol_service_ablation,39,36,3,ct_src_dport_ltm|ct_dst_sport_ltm|is_sm_ips_ports,ksf-v4-idsplit::
classical_ext,svc,6,rbf_gscale__svc__d6,rbf_gscale,id_val,fixed_c1,1.0,,0.004999399185180664,0.924,0.92578125,0.9237939388105437,0.9277566539923955,0.9797003073770492,0.9736235031746474,port_protocol_service_ablation,39,36,3,ct_src_dport_ltm|ct_dst_sport_ltm|is_sm_ips_ports,ksf-v4-idsplit::
classical_ext,svc,6,rbf_gscale__svc__d6,rbf_gscale,id_test,fixed_c1,1.0,,0.004999399185180664,0.868,0.87109375,0.8664421816062553,0.8808664259927798,0.9545338114754098,0.9367408039254344,port_protocol_service_ablation,39,36,3,ct_src_dport_ltm|ct_dst_sport_ltm|is_sm_ips_ports,ksf-v4-idsplit::
classical_ext,svc,6,rbf_gscale__svc__d6,rbf_gscale,ood_test,fixed_c1,1.0,,0.004999399185180664,0.764,0.7591836734693878,0.7474488048763783,0.8121019108280255,0.8706522609043618,0.8160826858502972,port_protocol_service_ablation,39,36,3,ct_src_dport_ltm|ct_dst_sport_ltm|is_sm_ips_ports,ksf-v4-idsplit::
classical_ext,svc,6,rbf_gscale__svc__d6,rbf_gscale,id_val,train_cv,100.0,0.8896206863312127,0.011230945587158203,0.916,0.9166239754098361,0.9159986559784956,0.9163346613545816,0.9775870901639344,0.9645017749532417,port_protocol_service_ablation,39,36,3,ct_src_dport_ltm|ct_dst_sport_ltm|is_sm_ips_ports,ksf-v4-idsplit::
classical_ext,svc,6,rbf_gscale__svc__d6,rbf_gscale,id_test,train_cv,100.0,0.8896206863312127,0.011230945587158203,0.88,0.8820440573770492,0.8795064584538268,0.8872180451127819,0.966764856557377,0.9535370086621627,port_protocol_service_ablation,39,36,3,ct_src_dport_ltm|ct_dst_sport_ltm|is_sm_ips_ports,ksf-v4-idsplit::
classical_ext,svc,6,rbf_gscale__svc__d6,rbf_gscale,ood_test,train_cv,100.0,0.8896206863312127,0.011230945587158203,0.774,0.7723489395758303,0.7718084483378366,0.7941712204007286,0.8411684673869547,0.777823286000129,port_protocol_service_ablation,39,36,3,ct_src_dport_ltm|ct_dst_sport_ltm|is_sm_ips_ports,ksf-v4-idsplit::
classical_ext,svc,6,poly2__svc__d6,poly2,id_val,fixed_c1,1.0,,0.004297494888305664,0.908,0.91015625,0.9075726157753452,0.9138576779026217,0.8784579918032787,0.7822227321477788,port_protocol_service_ablation,39,36,3,ct_src_dport_ltm|ct_dst_sport_ltm|is_sm_ips_ports,ksf-v4-idsplit::
classical_ext,svc,6,poly2__svc__d6,poly2,id_test,fixed_c1,1.0,,0.004297494888305664,0.856,0.8591828893442623,0.85417071748007,0.8705035971223022,0.8773053278688525,0.7957273566799328,port_protocol_service_ablation,39,36,3,ct_src_dport_ltm|ct_dst_sport_ltm|is_sm_ips_ports,ksf-v4-idsplit::
classical_ext,svc,6,poly2__svc__d6,poly2,ood_test,fixed_c1,1.0,,0.004297494888305664,0.74,0.7346938775510204,0.7178819444444444,0.796875,0.7040736294517808,0.5889100850622361,port_protocol_service_ablation,39,36,3,ct_src_dport_ltm|ct_dst_sport_ltm|is_sm_ips_ports,ksf-v4-idsplit::
classical_ext,svc,6,poly2__svc__d6,poly2,id_val,train_cv,100.0,0.8776772459996145,0.009000062942504883,0.924,0.92578125,0.9237939388105437,0.9277566539923955,0.9821337090163934,0.9761185987507868,port_protocol_service_ablation,39,36,3,ct_src_dport_ltm|ct_dst_sport_ltm|is_sm_ips_ports,ksf-v4-idsplit::
classical_ext,svc,6,poly2__svc__d6,poly2,id_test,train_cv,100.0,0.8776772459996145,0.009000062942504883,0.864,0.8669953893442623,0.8625129399585921,0.8768115942028986,0.9314805327868853,0.8957528937858392,port_protocol_service_ablation,39,36,3,ct_src_dport_ltm|ct_dst_sport_ltm|is_sm_ips_ports,ksf-v4-idsplit::
classical_ext,svc,6,poly2__svc__d6,poly2,ood_test,train_cv,100.0,0.8776772459996145,0.009000062942504883,0.776,0.7714285714285714,0.7618196975110159,0.819935691318328,0.8804641856742698,0.828275130600016,port_protocol_service_ablation,39,36,3,ct_src_dport_ltm|ct_dst_sport_ltm|is_sm_ips_ports,ksf-v4-idsplit::
classical_ext,svc,6,poly3__svc__d6,poly3,id_val,fixed_c1,1.0,,0.0055065155029296875,0.908,0.91015625,0.9075726157753452,0.9138576779026217,0.9161757172131147,0.8521835461731024,port_protocol_service_ablation,39,36,3,ct_src_dport_ltm|ct_dst_sport_ltm|is_sm_ips_ports,ksf-v4-idsplit::
classical_ext,svc,6,poly3__svc__d6,poly3,id_test,fixed_c1,1.0,,0.0055065155029296875,0.86,0.86328125,0.8580904653010915,0.8745519713261649,0.886078381147541,0.8086961142919818,port_protocol_service_ablation,39,36,3,ct_src_dport_ltm|ct_dst_sport_ltm|is_sm_ips_ports,ksf-v4-idsplit::
classical_ext,svc,6,poly3__svc__d6,poly3,ood_test,fixed_c1,1.0,,0.0055065155029296875,0.74,0.7346938775510204,0.7178819444444444,0.796875,0.7067947178871549,0.5929758938203691,port_protocol_service_ablation,39,36,3,ct_src_dport_ltm|ct_dst_sport_ltm|is_sm_ips_ports,ksf-v4-idsplit::
classical_ext,svc,6,poly3__svc__d6,poly3,id_val,train_cv,100.0,0.8811937295160979,0.01161646842956543,0.932,0.9334016393442623,0.9319117576378988,0.9343629343629344,0.9785476434426229,0.9678870943261051,port_protocol_service_ablation,39,36,3,ct_src_dport_ltm|ct_dst_sport_ltm|is_sm_ips_ports,ksf-v4-idsplit::
classical_ext,svc,6,poly3__svc__d6,poly3,id_test,train_cv,100.0,0.8811937295160979,0.01161646842956543,0.876,0.8787141393442623,0.874941504897452,0.8864468864468864,0.9335297131147541,0.9030898824195438,port_protocol_service_ablation,39,36,3,ct_src_dport_ltm|ct_dst_sport_ltm|is_sm_ips_ports,ksf-v4-idsplit::
classical_ext,svc,6,poly3__svc__d6,poly3,ood_test,train_cv,100.0,0.8811937295160979,0.01161646842956543,0.788,0.7836734693877552,0.7759402056277056,0.827922077922078,0.8710204081632653,0.8235769169889895,port_protocol_service_ablation,39,36,3,ct_src_dport_ltm|ct_dst_sport_ltm|is_sm_ips_ports,ksf-v4-idsplit::
classical_ext,svc,6,laplacian_med__svc__d6,laplacian_med,id_val,fixed_c1,1.0,,0.004999876022338867,0.924,0.92578125,0.9237939388105437,0.9277566539923955,0.9724001024590164,0.9559349087633731,port_protocol_service_ablation,39,36,3,ct_src_dport_ltm|ct_dst_sport_ltm|is_sm_ips_ports,ksf-v4-idsplit::
classical_ext,svc,6,laplacian_med__svc__d6,laplacian_med,id_test,fixed_c1,1.0,,0.004999876022338867,0.868,0.87109375,0.8664421816062553,0.8808664259927798,0.961577868852459,0.9509105758432572,port_protocol_service_ablation,39,36,3,ct_src_dport_ltm|ct_dst_sport_ltm|is_sm_ips_ports,ksf-v4-idsplit::
classical_ext,svc,6,laplacian_med__svc__d6,laplacian_med,ood_test,fixed_c1,1.0,,0.004999876022338867,0.758,0.7530612244897958,0.7401638041736994,0.8082408874801902,0.8449939975990396,0.7990463709876523,port_protocol_service_ablation,39,36,3,ct_src_dport_ltm|ct_dst_sport_ltm|is_sm_ips_ports,ksf-v4-idsplit::
classical_ext,svc,6,laplacian_med__svc__d6,laplacian_med,id_val,train_cv,1.0,0.8808823742047427,0.0056345462799072266,0.924,0.92578125,0.9237939388105437,0.9277566539923955,0.9724001024590164,0.9559349087633731,port_protocol_service_ablation,39,36,3,ct_src_dport_ltm|ct_dst_sport_ltm|is_sm_ips_ports,ksf-v4-idsplit::
classical_ext,svc,6,laplacian_med__svc__d6,laplacian_med,id_test,train_cv,1.0,0.8808823742047427,0.0056345462799072266,0.868,0.87109375,0.8664421816062553,0.8808664259927798,0.961577868852459,0.9509105758432572,port_protocol_service_ablation,39,36,3,ct_src_dport_ltm|ct_dst_sport_ltm|is_sm_ips_ports,ksf-v4-idsplit::
classical_ext,svc,6,laplacian_med__svc__d6,laplacian_med,ood_test,train_cv,1.0,0.8808823742047427,0.0056345462799072266,0.758,0.7530612244897958,0.7401638041736994,0.8082408874801902,0.8449939975990396,0.7990463709876523,port_protocol_service_ablation,39,36,3,ct_src_dport_ltm|ct_dst_sport_ltm|is_sm_ips_ports,ksf-v4-idsplit::
classical_ext,svc,6,matern15_med__svc__d6,matern15_med,id_val,fixed_c1,1.0,,0.004789590835571289,0.924,0.92578125,0.9237939388105437,0.9277566539923955,0.9759861680327868,0.9663033927108445,port_protocol_service_ablation,39,36,3,ct_src_dport_ltm|ct_dst_sport_ltm|is_sm_ips_ports,ksf-v4-idsplit::
classical_ext,svc,6,matern15_med__svc__d6,matern15_med,id_test,fixed_c1,1.0,,0.004789590835571289,0.868,0.87109375,0.8664421816062553,0.8808664259927798,0.9590804303278688,0.9506776932301433,port_protocol_service_ablation,39,36,3,ct_src_dport_ltm|ct_dst_sport_ltm|is_sm_ips_ports,ksf-v4-idsplit::
classical_ext,svc,6,matern15_med__svc__d6,matern15_med,ood_test,fixed_c1,1.0,,0.004789590835571289,0.758,0.7530612244897958,0.7401638041736994,0.8082408874801902,0.8503401360544217,0.7953101480741489,port_protocol_service_ablation,39,36,3,ct_src_dport_ltm|ct_dst_sport_ltm|is_sm_ips_ports,ksf-v4-idsplit::
classical_ext,svc,6,matern15_med__svc__d6,matern15_med,id_val,train_cv,10.0,0.8880840321958743,0.005999326705932617,0.916,0.9170081967213115,0.9159663865546218,0.9176470588235294,0.9751536885245902,0.9594739654641413,port_protocol_service_ablation,39,36,3,ct_src_dport_ltm|ct_dst_sport_ltm|is_sm_ips_ports,ksf-v4-idsplit::
classical_ext,svc,6,matern15_med__svc__d6,matern15_med,id_test,train_cv,10.0,0.8880840321958743,0.005999326705932617,0.872,0.8746157786885246,0.8710010319917441,0.8823529411764706,0.9663806352459017,0.9624271075667623,port_protocol_service_ablation,39,36,3,ct_src_dport_ltm|ct_dst_sport_ltm|is_sm_ips_ports,ksf-v4-idsplit::
classical_ext,svc,6,matern15_med__svc__d6,matern15_med,ood_test,train_cv,10.0,0.8880840321958743,0.005999326705932617,0.794,0.7907563025210084,0.7872595309795563,0.8251273344651953,0.8573029211684674,0.815469502587659,port_protocol_service_ablation,39,36,3,ct_src_dport_ltm|ct_dst_sport_ltm|is_sm_ips_ports,ksf-v4-idsplit::
classical_ext,svc,6,matern25_med__svc__d6,matern25_med,id_val,fixed_c1,1.0,,0.005304813385009766,0.924,0.92578125,0.9237939388105437,0.9277566539923955,0.9650358606557377,0.9463263342341951,port_protocol_service_ablation,39,36,3,ct_src_dport_ltm|ct_dst_sport_ltm|is_sm_ips_ports,ksf-v4-idsplit::
classical_ext,svc,6,matern25_med__svc__d6,matern25_med,id_test,fixed_c1,1.0,,0.005304813385009766,0.868,0.87109375,0.8664421816062553,0.8808664259927798,0.9435835040983607,0.9289751212382855,port_protocol_service_ablation,39,36,3,ct_src_dport_ltm|ct_dst_sport_ltm|is_sm_ips_ports,ksf-v4-idsplit::
classical_ext,svc,6,matern25_med__svc__d6,matern25_med,ood_test,fixed_c1,1.0,,0.005304813385009766,0.756,0.7510204081632653,0.7377201430930105,0.8069620253164557,0.81374949979992,0.7320427377529808,port_protocol_service_ablation,39,36,3,ct_src_dport_ltm|ct_dst_sport_ltm|is_sm_ips_ports,ksf-v4-idsplit::
classical_ext,svc,6,matern25_med__svc__d6,matern25_med,id_val,train_cv,100.0,0.8912726527858107,0.010516643524169922,0.916,0.9168160860655737,0.9159879022579251,0.9169960474308301,0.9769467213114754,0.9611653968455869,port_protocol_service_ablation,39,36,3,ct_src_dport_ltm|ct_dst_sport_ltm|is_sm_ips_ports,ksf-v4-idsplit::
classical_ext,svc,6,matern25_med__svc__d6,matern25_med,id_test,train_cv,100.0,0.8912726527858107,0.010516643524169922,0.864,0.8664190573770492,0.8631239935587762,0.8740740740740741,0.9613857581967213,0.9450164709318258,port_protocol_service_ablation,39,36,3,ct_src_dport_ltm|ct_dst_sport_ltm|is_sm_ips_ports,ksf-v4-idsplit::
classical_ext,svc,6,matern25_med__svc__d6,matern25_med,ood_test,train_cv,100.0,0.8912726527858107,0.010516643524169922,0.774,0.7719487795118047,0.7708087409084087,0.7978533094812165,0.8395038015206082,0.7787591369988686,port_protocol_service_ablation,39,36,3,ct_src_dport_ltm|ct_dst_sport_ltm|is_sm_ips_ports,ksf-v4-idsplit::
classical_ext,svc,6,rbf_gscale_x0.1__svc__d6,rbf_gscale_x0.1,id_val,fixed_c1,1.0,,0.005999088287353516,0.892,0.8937628073770492,0.8917071762044568,0.8973384030418251,0.8926741803278688,0.8130638111084582,port_protocol_service_ablation,39,36,3,ct_src_dport_ltm|ct_dst_sport_ltm|is_sm_ips_ports,ksf-v4-idsplit::
classical_ext,svc,6,rbf_gscale_x0.1__svc__d6,rbf_gscale_x0.1,id_test,fixed_c1,1.0,,0.005999088287353516,0.84,0.8427894467213115,0.838511724048834,0.8540145985401459,0.8802510245901639,0.8071271902447942,port_protocol_service_ablation,39,36,3,ct_src_dport_ltm|ct_dst_sport_ltm|is_sm_ips_ports,ksf-v4-idsplit::
classical_ext,svc,6,rbf_gscale_x0.1__svc__d6,rbf_gscale_x0.1,ood_test,fixed_c1,1.0,,0.005999088287353516,0.738,0.732733093237295,0.7160556444236363,0.7949921752738655,0.6911084433773509,0.587282647251389,port_protocol_service_ablation,39,36,3,ct_src_dport_ltm|ct_dst_sport_ltm|is_sm_ips_ports,ksf-v4-idsplit::
classical_ext,svc,6,rbf_gscale_x0.1__svc__d6,rbf_gscale_x0.1,id_val,train_cv,100.0,0.8786479419703104,0.010032892227172852,0.928,0.9296875,0.9278337289114119,0.9312977099236641,0.9797003073770492,0.9728552489379191,port_protocol_service_ablation,39,36,3,ct_src_dport_ltm|ct_dst_sport_ltm|is_sm_ips_ports,ksf-v4-idsplit::
classical_ext,svc,6,rbf_gscale_x0.1__svc__d6,rbf_gscale_x0.1,id_test,train_cv,100.0,0.8786479419703104,0.010032892227172852,0.868,0.8709016393442623,0.8666666666666667,0.88,0.9522925204918034,0.9361048173574005,port_protocol_service_ablation,39,36,3,ct_src_dport_ltm|ct_dst_sport_ltm|is_sm_ips_ports,ksf-v4-idsplit::
classical_ext,svc,6,rbf_gscale_x0.1__svc__d6,rbf_gscale_x0.1,ood_test,train_cv,100.0,0.8786479419703104,0.010032892227172852,0.774,0.7693877551020408,0.7594424173269583,0.8186195826645265,0.8790396158463386,0.8305547424810982,port_protocol_service_ablation,39,36,3,ct_src_dport_ltm|ct_dst_sport_ltm|is_sm_ips_ports,ksf-v4-idsplit::
classical_ext,svc,6,rbf_gscale_x0.3__svc__d6,rbf_gscale_x0.3,id_val,fixed_c1,1.0,,0.004171609878540039,0.908,0.91015625,0.9075726157753452,0.9138576779026217,0.9426229508196722,0.8957099914505637,port_protocol_service_ablation,39,36,3,ct_src_dport_ltm|ct_dst_sport_ltm|is_sm_ips_ports,ksf-v4-idsplit::
classical_ext,svc,6,rbf_gscale_x0.3__svc__d6,rbf_gscale_x0.3,id_test,fixed_c1,1.0,,0.004171609878540039,0.864,0.8671875,0.8622723442867328,0.8776978417266187,0.9070184426229508,0.8534773578482788,port_protocol_service_ablation,39,36,3,ct_src_dport_ltm|ct_dst_sport_ltm|is_sm_ips_ports,ksf-v4-idsplit::
classical_ext,svc,6,rbf_gscale_x0.3__svc__d6,rbf_gscale_x0.3,ood_test,fixed_c1,1.0,,0.004171609878540039,0.742,0.736734693877551,0.7203906727530465,0.7981220657276995,0.7235374149659863,0.6082824052469469,port_protocol_service_ablation,39,36,3,ct_src_dport_ltm|ct_dst_sport_ltm|is_sm_ips_ports,ksf-v4-idsplit::
classical_ext,svc,6,rbf_gscale_x0.3__svc__d6,rbf_gscale_x0.3,id_val,train_cv,100.0,0.8839392953537691,0.009587764739990234,0.928,0.9289190573770492,0.9279815632801998,0.9291338582677166,0.9789318647540983,0.9654945954425121,port_protocol_service_ablation,39,36,3,ct_src_dport_ltm|ct_dst_sport_ltm|is_sm_ips_ports,ksf-v4-idsplit::
classical_ext,svc,6,rbf_gscale_x0.3__svc__d6,rbf_gscale_x0.3,id_test,train_cv,100.0,0.8839392953537691,0.009587764739990234,0.888,0.8904328893442623,0.8872785829307568,0.8962962962962963,0.9376921106557378,0.8956542253719931,port_protocol_service_ablation,39,36,3,ct_src_dport_ltm|ct_dst_sport_ltm|is_sm_ips_ports,ksf-v4-idsplit::
classical_ext,svc,6,rbf_gscale_x0.3__svc__d6,rbf_gscale_x0.3,ood_test,train_cv,100.0,0.8839392953537691,0.009587764739990234,0.796,0.7923969587835133,0.7878500474217541,0.8294314381270903,0.8529011604641856,0.7890785182344713,port_protocol_service_ablation,39,36,3,ct_src_dport_ltm|ct_dst_sport_ltm|is_sm_ips_ports,ksf-v4-idsplit::
classical_ext,svc,6,rbf_gscale_x3__svc__d6,rbf_gscale_x3,id_val,fixed_c1,1.0,,0.005723714828491211,0.924,0.9255891393442623,0.9238525785921544,0.9272030651340997,0.9720799180327869,0.9533683268881189,port_protocol_service_ablation,39,36,3,ct_src_dport_ltm|ct_dst_sport_ltm|is_sm_ips_ports,ksf-v4-idsplit::
classical_ext,svc,6,rbf_gscale_x3__svc__d6,rbf_gscale_x3,id_test,fixed_c1,1.0,,0.005723714828491211,0.868,0.8709016393442623,0.8666666666666667,0.88,0.9634349385245902,0.9533030344904219,port_protocol_service_ablation,39,36,3,ct_src_dport_ltm|ct_dst_sport_ltm|is_sm_ips_ports,ksf-v4-idsplit::
classical_ext,svc,6,rbf_gscale_x3__svc__d6,rbf_gscale_x3,ood_test,fixed_c1,1.0,,0.005723714828491211,0.78,0.7755102040816326,0.766553480475382,0.8225806451612904,0.867515006002401,0.8225460785755627,port_protocol_service_ablation,39,36,3,ct_src_dport_ltm|ct_dst_sport_ltm|is_sm_ips_ports,ksf-v4-idsplit::
classical_ext,svc,6,rbf_gscale_x3__svc__d6,rbf_gscale_x3,id_val,train_cv,10.0,0.8902909919028339,0.009525537490844727,0.912,0.9127177254098361,0.9119943676395289,0.9126984126984127,0.9706070696721312,0.9455270594808265,port_protocol_service_ablation,39,36,3,ct_src_dport_ltm|ct_dst_sport_ltm|is_sm_ips_ports,ksf-v4-idsplit::
classical_ext,svc,6,rbf_gscale_x3__svc__d6,rbf_gscale_x3,id_test,train_cv,10.0,0.8902909919028339,0.009525537490844727,0.868,0.8703253073770492,0.8672331386086033,0.8773234200743495,0.9581839139344263,0.9333453331727687,port_protocol_service_ablation,39,36,3,ct_src_dport_ltm|ct_dst_sport_ltm|is_sm_ips_ports,ksf-v4-idsplit::
classical_ext,svc,6,rbf_gscale_x3__svc__d6,rbf_gscale_x3,ood_test,train_cv,10.0,0.8902909919028339,0.009525537490844727,0.758,0.7562625050020009,0.755455761745197,0.7803992740471869,0.8364945978391356,0.7824260347447072,port_protocol_service_ablation,39,36,3,ct_src_dport_ltm|ct_dst_sport_ltm|is_sm_ips_ports,ksf-v4-idsplit::
classical_ext,svc,6,rbf_gscale_x10__svc__d6,rbf_gscale_x10,id_val,fixed_c1,1.0,,0.0063283443450927734,0.916,0.9168160860655737,0.9159879022579251,0.9169960474308301,0.9711834016393442,0.9478658370957236,port_protocol_service_ablation,39,36,3,ct_src_dport_ltm|ct_dst_sport_ltm|is_sm_ips_ports,ksf-v4-idsplit::
classical_ext,svc,6,rbf_gscale_x10__svc__d6,rbf_gscale_x10,id_test,fixed_c1,1.0,,0.0063283443450927734,0.872,0.8744236680327868,0.8711755233494365,0.8814814814814815,0.9646516393442623,0.9539907559008155,port_protocol_service_ablation,39,36,3,ct_src_dport_ltm|ct_dst_sport_ltm|is_sm_ips_ports,ksf-v4-idsplit::
classical_ext,svc,6,rbf_gscale_x10__svc__d6,rbf_gscale_x10,ood_test,fixed_c1,1.0,,0.0063283443450927734,0.768,0.7654261704681873,0.7630873799098098,0.7972027972027972,0.8395038015206083,0.7933049347064784,port_protocol_service_ablation,39,36,3,ct_src_dport_ltm|ct_dst_sport_ltm|is_sm_ips_ports,ksf-v4-idsplit::
classical_ext,svc,6,rbf_gscale_x10__svc__d6,rbf_gscale_x10,id_val,train_cv,10.0,0.886484721418932,0.008001565933227539,0.916,0.9164318647540983,0.9159986559784956,0.9156626506024096,0.9565189549180327,0.9304397824546503,port_protocol_service_ablation,39,36,3,ct_src_dport_ltm|ct_dst_sport_ltm|is_sm_ips_ports,ksf-v4-idsplit::
classical_ext,svc,6,rbf_gscale_x10__svc__d6,rbf_gscale_x10,id_test,train_cv,10.0,0.886484721418932,0.008001565933227539,0.872,0.8740394467213115,0.871473555684082,0.8796992481203008,0.938844774590164,0.8987464405826638,port_protocol_service_ablation,39,36,3,ct_src_dport_ltm|ct_dst_sport_ltm|is_sm_ips_ports,ksf-v4-idsplit::
classical_ext,svc,6,rbf_gscale_x10__svc__d6,rbf_gscale_x10,ood_test,train_cv,10.0,0.886484721418932,0.008001565933227539,0.772,0.7703081232492996,0.7696969696969698,0.7927272727272727,0.8331652661064426,0.7936312415064091,port_protocol_service_ablation,39,36,3,ct_src_dport_ltm|ct_dst_sport_ltm|is_sm_ips_ports,ksf-v4-idsplit::
classical_ext,svc,6,laplacian_med_x0.1__svc__d6,laplacian_med_x0.1,id_val,fixed_c1,1.0,,0.008000373840332031,0.912,0.9127177254098361,0.9119943676395289,0.9126984126984127,0.9707991803278688,0.9461153509751065,port_protocol_service_ablation,39,36,3,ct_src_dport_ltm|ct_dst_sport_ltm|is_sm_ips_ports,ksf-v4-idsplit::
classical_ext,svc,6,laplacian_med_x0.1__svc__d6,laplacian_med_x0.1,id_test,fixed_c1,1.0,,0.008000373840332031,0.864,0.8664190573770492,0.8631239935587762,0.8740740740740741,0.9527407786885246,0.9426192784148031,port_protocol_service_ablation,39,36,3,ct_src_dport_ltm|ct_dst_sport_ltm|is_sm_ips_ports,ksf-v4-idsplit::
classical_ext,svc,6,laplacian_med_x0.1__svc__d6,laplacian_med_x0.1,ood_test,fixed_c1,1.0,,0.008000373840332031,0.78,0.777671068427371,0.7760987445245966,0.8056537102473498,0.851796718687475,0.8484453838871097,port_protocol_service_ablation,39,36,3,ct_src_dport_ltm|ct_dst_sport_ltm|is_sm_ips_ports,ksf-v4-idsplit::
classical_ext,svc,6,laplacian_med_x0.1__svc__d6,laplacian_med_x0.1,id_val,train_cv,10.0,0.8810302197802198,0.009019851684570312,0.912,0.9119492827868853,0.9119492827868853,0.9098360655737705,0.9741290983606558,0.9516560585553019,port_protocol_service_ablation,39,36,3,ct_src_dport_ltm|ct_dst_sport_ltm|is_sm_ips_ports,ksf-v4-idsplit::
classical_ext,svc,6,laplacian_med_x0.1__svc__d6,laplacian_med_x0.1,id_test,train_cv,10.0,0.8810302197802198,0.009019851684570312,0.884,0.8849897540983607,0.883953581432573,0.8862745098039215,0.9396132172131147,0.924094190548461,port_protocol_service_ablation,39,36,3,ct_src_dport_ltm|ct_dst_sport_ltm|is_sm_ips_ports,ksf-v4-idsplit::
classical_ext,svc,6,laplacian_med_x0.1__svc__d6,laplacian_med_x0.1,ood_test,train_cv,10.0,0.8810302197802198,0.009019851684570312,0.76,0.7592637054821929,0.7593492804543486,0.7718631178707225,0.8554301720688275,0.8575894610119013,port_protocol_service_ablation,39,36,3,ct_src_dport_ltm|ct_dst_sport_ltm|is_sm_ips_ports,ksf-v4-idsplit::
classical_ext,svc,6,laplacian_med_x0.3__svc__d6,laplacian_med_x0.3,id_val,fixed_c1,1.0,,0.009100914001464844,0.916,0.9170081967213115,0.9159663865546218,0.9176470588235294,0.9718237704918034,0.9490064202193764,port_protocol_service_ablation,39,36,3,ct_src_dport_ltm|ct_dst_sport_ltm|is_sm_ips_ports,ksf-v4-idsplit::
classical_ext,svc,6,laplacian_med_x0.3__svc__d6,laplacian_med_x0.3,id_test,fixed_c1,1.0,,0.009100914001464844,0.868,0.8705174180327868,0.8670619893971865,0.8782287822878229,0.9588242827868853,0.9495446529821395,port_protocol_service_ablation,39,36,3,ct_src_dport_ltm|ct_dst_sport_ltm|is_sm_ips_ports,ksf-v4-idsplit::
classical_ext,svc,6,laplacian_med_x0.3__svc__d6,laplacian_med_x0.3,ood_test,fixed_c1,1.0,,0.009100914001464844,0.76,0.757422969187675,0.7549179792170446,0.7902097902097902,0.8526130452180872,0.827792296479622,port_protocol_service_ablation,39,36,3,ct_src_dport_ltm|ct_dst_sport_ltm|is_sm_ips_ports,ksf-v4-idsplit::
classical_ext,svc,6,laplacian_med_x0.3__svc__d6,laplacian_med_x0.3,id_val,train_cv,10.0,0.8852005012531329,0.006001472473144531,0.924,0.9240522540983607,0.923969587835134,0.9224489795918367,0.9679815573770492,0.9439287207716441,port_protocol_service_ablation,39,36,3,ct_src_dport_ltm|ct_dst_sport_ltm|is_sm_ips_ports,ksf-v4-idsplit::
classical_ext,svc,6,laplacian_med_x0.3__svc__d6,laplacian_med_x0.3,id_test,train_cv,10.0,0.8852005012531329,0.006001472473144531,0.884,0.8851818647540983,0.8839089846439608,0.8871595330739299,0.9473616803278688,0.9375426659404066,port_protocol_service_ablation,39,36,3,ct_src_dport_ltm|ct_dst_sport_ltm|is_sm_ips_ports,ksf-v4-idsplit::
classical_ext,svc,6,laplacian_med_x0.3__svc__d6,laplacian_med_x0.3,ood_test,train_cv,10.0,0.8852005012531329,0.006001472473144531,0.744,0.742937174869948,0.742810756940091,0.7602996254681648,0.8522288915566227,0.8544421168061654,port_protocol_service_ablation,39,36,3,ct_src_dport_ltm|ct_dst_sport_ltm|is_sm_ips_ports,ksf-v4-idsplit::
classical_ext,svc,6,laplacian_med_x3__svc__d6,laplacian_med_x3,id_val,fixed_c1,1.0,,0.005002021789550781,0.924,0.92578125,0.9237939388105437,0.9277566539923955,0.9644595286885246,0.9424151632733848,port_protocol_service_ablation,39,36,3,ct_src_dport_ltm|ct_dst_sport_ltm|is_sm_ips_ports,ksf-v4-idsplit::
classical_ext,svc,6,laplacian_med_x3__svc__d6,laplacian_med_x3,id_test,fixed_c1,1.0,,0.005002021789550781,0.868,0.87109375,0.8664421816062553,0.8808664259927798,0.9234759221311476,0.8728319920936313,port_protocol_service_ablation,39,36,3,ct_src_dport_ltm|ct_dst_sport_ltm|is_sm_ips_ports,ksf-v4-idsplit::
classical_ext,svc,6,laplacian_med_x3__svc__d6,laplacian_med_x3,ood_test,fixed_c1,1.0,,0.005002021789550781,0.756,0.7510204081632653,0.7377201430930105,0.8069620253164557,0.7989595838335334,0.711119924662652,port_protocol_service_ablation,39,36,3,ct_src_dport_ltm|ct_dst_sport_ltm|is_sm_ips_ports,ksf-v4-idsplit::
classical_ext,svc,6,laplacian_med_x3__svc__d6,laplacian_med_x3,id_val,train_cv,1.0,0.8762024050510894,0.00405120849609375,0.924,0.92578125,0.9237939388105437,0.9277566539923955,0.9644595286885246,0.9424151632733848,port_protocol_service_ablation,39,36,3,ct_src_dport_ltm|ct_dst_sport_ltm|is_sm_ips_ports,ksf-v4-idsplit::
classical_ext,svc,6,laplacian_med_x3__svc__d6,laplacian_med_x3,id_test,train_cv,1.0,0.8762024050510894,0.00405120849609375,0.868,0.87109375,0.8664421816062553,0.8808664259927798,0.9234759221311476,0.8728319920936313,port_protocol_service_ablation,39,36,3,ct_src_dport_ltm|ct_dst_sport_ltm|is_sm_ips_ports,ksf-v4-idsplit::
classical_ext,svc,6,laplacian_med_x3__svc__d6,laplacian_med_x3,ood_test,train_cv,1.0,0.8762024050510894,0.00405120849609375,0.756,0.7510204081632653,0.7377201430930105,0.8069620253164557,0.7989595838335334,0.711119924662652,port_protocol_service_ablation,39,36,3,ct_src_dport_ltm|ct_dst_sport_ltm|is_sm_ips_ports,ksf-v4-idsplit::
classical_ext,svc,6,laplacian_med_x10__svc__d6,laplacian_med_x10,id_val,fixed_c1,1.0,,0.004999399185180664,0.908,0.91015625,0.9075726157753452,0.9138576779026217,0.9350665983606558,0.875253823411326,port_protocol_service_ablation,39,36,3,ct_src_dport_ltm|ct_dst_sport_ltm|is_sm_ips_ports,ksf-v4-idsplit::
classical_ext,svc,6,laplacian_med_x10__svc__d6,laplacian_med_x10,id_test,fixed_c1,1.0,,0.004999399185180664,0.864,0.8671875,0.8622723442867328,0.8776978417266187,0.8959400614754097,0.8154642257164441,port_protocol_service_ablation,39,36,3,ct_src_dport_ltm|ct_dst_sport_ltm|is_sm_ips_ports,ksf-v4-idsplit::
classical_ext,svc,6,laplacian_med_x10__svc__d6,laplacian_med_x10,ood_test,fixed_c1,1.0,,0.004999399185180664,0.74,0.7346938775510204,0.7178819444444444,0.796875,0.7558063225290116,0.645416150118843,port_protocol_service_ablation,39,36,3,ct_src_dport_ltm|ct_dst_sport_ltm|is_sm_ips_ports,ksf-v4-idsplit::
classical_ext,svc,6,laplacian_med_x10__svc__d6,laplacian_med_x10,id_val,train_cv,10.0,0.880030243878928,0.004065752029418945,0.924,0.92578125,0.9237939388105437,0.9277566539923955,0.9494108606557377,0.906014698098394,port_protocol_service_ablation,39,36,3,ct_src_dport_ltm|ct_dst_sport_ltm|is_sm_ips_ports,ksf-v4-idsplit::
classical_ext,svc,6,laplacian_med_x10__svc__d6,laplacian_med_x10,id_test,train_cv,10.0,0.880030243878928,0.004065752029418945,0.868,0.87109375,0.8664421816062553,0.8808664259927798,0.9248847336065573,0.8790505505793196,port_protocol_service_ablation,39,36,3,ct_src_dport_ltm|ct_dst_sport_ltm|is_sm_ips_ports,ksf-v4-idsplit::
classical_ext,svc,6,laplacian_med_x10__svc__d6,laplacian_med_x10,ood_test,train_cv,10.0,0.880030243878928,0.004065752029418945,0.758,0.7530612244897958,0.7401638041736994,0.8082408874801902,0.8030252100840336,0.7128040370614284,port_protocol_service_ablation,39,36,3,ct_src_dport_ltm|ct_dst_sport_ltm|is_sm_ips_ports,ksf-v4-idsplit::
classical_ext,svc,6,matern15_med_x0.1__svc__d6,matern15_med_x0.1,id_val,fixed_c1,1.0,,0.006368398666381836,0.912,0.9127177254098361,0.9119943676395289,0.9126984126984127,0.9615138319672132,0.9382814832960378,port_protocol_service_ablation,39,36,3,ct_src_dport_ltm|ct_dst_sport_ltm|is_sm_ips_ports,ksf-v4-idsplit::
classical_ext,svc,6,matern15_med_x0.1__svc__d6,matern15_med_x0.1,id_test,fixed_c1,1.0,,0.006368398666381836,0.864,0.8664190573770492,0.8631239935587762,0.8740740740740741,0.9483862704918032,0.9249152747197977,port_protocol_service_ablation,39,36,3,ct_src_dport_ltm|ct_dst_sport_ltm|is_sm_ips_ports,ksf-v4-idsplit::
classical_ext,svc,6,matern15_med_x0.1__svc__d6,matern15_med_x0.1,ood_test,fixed_c1,1.0,,0.006368398666381836,0.776,0.7738295318127251,0.7725019906075822,0.800711743772242,0.8337094837935175,0.7844656926302958,port_protocol_service_ablation,39,36,3,ct_src_dport_ltm|ct_dst_sport_ltm|is_sm_ips_ports,ksf-v4-idsplit::
classical_ext,svc,6,matern15_med_x0.1__svc__d6,matern15_med_x0.1,id_val,train_cv,1.0,0.881090948525159,0.007508039474487305,0.912,0.9127177254098361,0.9119943676395289,0.9126984126984127,0.9615138319672132,0.9382814832960378,port_protocol_service_ablation,39,36,3,ct_src_dport_ltm|ct_dst_sport_ltm|is_sm_ips_ports,ksf-v4-idsplit::
classical_ext,svc,6,matern15_med_x0.1__svc__d6,matern15_med_x0.1,id_test,train_cv,1.0,0.881090948525159,0.007508039474487305,0.864,0.8664190573770492,0.8631239935587762,0.8740740740740741,0.9483862704918032,0.9249152747197977,port_protocol_service_ablation,39,36,3,ct_src_dport_ltm|ct_dst_sport_ltm|is_sm_ips_ports,ksf-v4-idsplit::
classical_ext,svc,6,matern15_med_x0.1__svc__d6,matern15_med_x0.1,ood_test,train_cv,1.0,0.881090948525159,0.007508039474487305,0.776,0.7738295318127251,0.7725019906075822,0.800711743772242,0.8337094837935175,0.7844656926302958,port_protocol_service_ablation,39,36,3,ct_src_dport_ltm|ct_dst_sport_ltm|is_sm_ips_ports,ksf-v4-idsplit::
classical_ext,svc,6,matern15_med_x0.3__svc__d6,matern15_med_x0.3,id_val,fixed_c1,1.0,,0.004998207092285156,0.916,0.9168160860655737,0.9159879022579251,0.9169960474308301,0.9703509221311475,0.9526975217824791,port_protocol_service_ablation,39,36,3,ct_src_dport_ltm|ct_dst_sport_ltm|is_sm_ips_ports,ksf-v4-idsplit::
classical_ext,svc,6,matern15_med_x0.3__svc__d6,matern15_med_x0.3,id_test,fixed_c1,1.0,,0.004998207092285156,0.868,0.8705174180327868,0.8670619893971865,0.8782287822878229,0.9716316598360656,0.9707580743423526,port_protocol_service_ablation,39,36,3,ct_src_dport_ltm|ct_dst_sport_ltm|is_sm_ips_ports,ksf-v4-idsplit::
classical_ext,svc,6,matern15_med_x0.3__svc__d6,matern15_med_x0.3,ood_test,fixed_c1,1.0,,0.004998207092285156,0.774,0.7711484593837534,0.7682136864690124,0.8048359240069085,0.8453141256502602,0.8036288659942808,port_protocol_service_ablation,39,36,3,ct_src_dport_ltm|ct_dst_sport_ltm|is_sm_ips_ports,ksf-v4-idsplit::
classical_ext,svc,6,matern15_med_x0.3__svc__d6,matern15_med_x0.3,id_val,train_cv,1.0,0.887031400616927,0.004241466522216797,0.916,0.9168160860655737,0.9159879022579251,0.9169960474308301,0.9703509221311475,0.9526975217824791,port_protocol_service_ablation,39,36,3,ct_src_dport_ltm|ct_dst_sport_ltm|is_sm_ips_ports,ksf-v4-idsplit::
classical_ext,svc,6,matern15_med_x0.3__svc__d6,matern15_med_x0.3,id_test,train_cv,1.0,0.887031400616927,0.004241466522216797,0.868,0.8705174180327868,0.8670619893971865,0.8782287822878229,0.9716316598360656,0.9707580743423526,port_protocol_service_ablation,39,36,3,ct_src_dport_ltm|ct_dst_sport_ltm|is_sm_ips_ports,ksf-v4-idsplit::
classical_ext,svc,6,matern15_med_x0.3__svc__d6,matern15_med_x0.3,ood_test,train_cv,1.0,0.887031400616927,0.004241466522216797,0.774,0.7711484593837534,0.7682136864690124,0.8048359240069085,0.8453141256502602,0.8036288659942808,port_protocol_service_ablation,39,36,3,ct_src_dport_ltm|ct_dst_sport_ltm|is_sm_ips_ports,ksf-v4-idsplit::
classical_ext,svc,6,matern15_med_x3__svc__d6,matern15_med_x3,id_val,fixed_c1,1.0,,0.0055675506591796875,0.908,0.91015625,0.9075726157753452,0.9138576779026217,0.9141905737704918,0.8460008111789881,port_protocol_service_ablation,39,36,3,ct_src_dport_ltm|ct_dst_sport_ltm|is_sm_ips_ports,ksf-v4-idsplit::
classical_ext,svc,6,matern15_med_x3__svc__d6,matern15_med_x3,id_test,fixed_c1,1.0,,0.0055675506591796875,0.86,0.86328125,0.8580904653010915,0.8745519713261649,0.8879354508196722,0.8177943000917439,port_protocol_service_ablation,39,36,3,ct_src_dport_ltm|ct_dst_sport_ltm|is_sm_ips_ports,ksf-v4-idsplit::
classical_ext,svc,6,matern15_med_x3__svc__d6,matern15_med_x3,ood_test,fixed_c1,1.0,,0.0055675506591796875,0.74,0.7346938775510204,0.7178819444444444,0.796875,0.7304201680672269,0.6135953650426804,port_protocol_service_ablation,39,36,3,ct_src_dport_ltm|ct_dst_sport_ltm|is_sm_ips_ports,ksf-v4-idsplit::
classical_ext,svc,6,matern15_med_x3__svc__d6,matern15_med_x3,id_val,train_cv,100.0,0.880411846925005,0.006003856658935547,0.928,0.9291111680327868,0.9279585040983607,0.9296875,0.9763703893442623,0.9620138499273694,port_protocol_service_ablation,39,36,3,ct_src_dport_ltm|ct_dst_sport_ltm|is_sm_ips_ports,ksf-v4-idsplit::
classical_ext,svc,6,matern15_med_x3__svc__d6,matern15_med_x3,id_test,train_cv,100.0,0.880411846925005,0.006003856658935547,0.876,0.8787141393442623,0.874941504897452,0.8864468864468864,0.9671490778688525,0.9595319036443434,port_protocol_service_ablation,39,36,3,ct_src_dport_ltm|ct_dst_sport_ltm|is_sm_ips_ports,ksf-v4-idsplit::
classical_ext,svc,6,matern15_med_x3__svc__d6,matern15_med_x3,ood_test,train_cv,100.0,0.880411846925005,0.006003856658935547,0.792,0.7879951980792317,0.7818206229860365,0.8289473684210527,0.8750860344137655,0.8382824335186617,port_protocol_service_ablation,39,36,3,ct_src_dport_ltm|ct_dst_sport_ltm|is_sm_ips_ports,ksf-v4-idsplit::
classical_ext,svc,6,matern15_med_x10__svc__d6,matern15_med_x10,id_val,fixed_c1,1.0,,0.006003618240356445,0.856,0.8564933401639344,0.856,0.856,0.9292392418032787,0.8792276353658066,port_protocol_service_ablation,39,36,3,ct_src_dport_ltm|ct_dst_sport_ltm|is_sm_ips_ports,ksf-v4-idsplit::
classical_ext,svc,6,matern15_med_x10__svc__d6,matern15_med_x10,id_test,fixed_c1,1.0,,0.006003618240356445,0.82,0.8211449795081966,0.8198587692751116,0.8249027237354085,0.9142546106557377,0.8750778511554445,port_protocol_service_ablation,39,36,3,ct_src_dport_ltm|ct_dst_sport_ltm|is_sm_ips_ports,ksf-v4-idsplit::
classical_ext,svc,6,matern15_med_x10__svc__d6,matern15_med_x10,ood_test,fixed_c1,1.0,,0.006003618240356445,0.78,0.7755902360944378,0.7670241786543317,0.8220064724919094,0.75015606242497,0.6485067575811173,port_protocol_service_ablation,39,36,3,ct_src_dport_ltm|ct_dst_sport_ltm|is_sm_ips_ports,ksf-v4-idsplit::
classical_ext,svc,6,matern15_med_x10__svc__d6,matern15_med_x10,id_val,train_cv,100.0,0.8733177896664739,0.005831718444824219,0.908,0.91015625,0.9075726157753452,0.9138576779026217,0.936219262295082,0.880963508013867,port_protocol_service_ablation,39,36,3,ct_src_dport_ltm|ct_dst_sport_ltm|is_sm_ips_ports,ksf-v4-idsplit::
classical_ext,svc,6,matern15_med_x10__svc__d6,matern15_med_x10,id_test,train_cv,100.0,0.8733177896664739,0.005831718444824219,0.864,0.8671875,0.8622723442867328,0.8776978417266187,0.9011910860655737,0.8317540411549325,port_protocol_service_ablation,39,36,3,ct_src_dport_ltm|ct_dst_sport_ltm|is_sm_ips_ports,ksf-v4-idsplit::
classical_ext,svc,6,matern15_med_x10__svc__d6,matern15_med_x10,ood_test,train_cv,100.0,0.8733177896664739,0.005831718444824219,0.74,0.7346938775510204,0.7178819444444444,0.796875,0.699047619047619,0.5839203025459972,port_protocol_service_ablation,39,36,3,ct_src_dport_ltm|ct_dst_sport_ltm|is_sm_ips_ports,ksf-v4-idsplit::
classical_ext,svc,6,matern25_med_x0.1__svc__d6,matern25_med_x0.1,id_val,fixed_c1,1.0,,0.007537364959716797,0.916,0.9166239754098361,0.9159986559784956,0.9163346613545816,0.9593365778688524,0.9257806296332287,port_protocol_service_ablation,39,36,3,ct_src_dport_ltm|ct_dst_sport_ltm|is_sm_ips_ports,ksf-v4-idsplit::
classical_ext,svc,6,matern25_med_x0.1__svc__d6,matern25_med_x0.1,id_test,fixed_c1,1.0,,0.007537364959716797,0.86,0.8623206967213115,0.8591866621606399,0.8698884758364313,0.947297643442623,0.9178541776316418,port_protocol_service_ablation,39,36,3,ct_src_dport_ltm|ct_dst_sport_ltm|is_sm_ips_ports,ksf-v4-idsplit::
classical_ext,svc,6,matern25_med_x0.1__svc__d6,matern25_med_x0.1,ood_test,fixed_c1,1.0,,0.007537364959716797,0.78,0.7779111644657863,0.7767857142857143,0.8035714285714286,0.8241376550620249,0.7634354044988882,port_protocol_service_ablation,39,36,3,ct_src_dport_ltm|ct_dst_sport_ltm|is_sm_ips_ports,ksf-v4-idsplit::
classical_ext,svc,6,matern25_med_x0.1__svc__d6,matern25_med_x0.1,id_val,train_cv,1.0,0.8821435801041064,0.007218122482299805,0.916,0.9166239754098361,0.9159986559784956,0.9163346613545816,0.9593365778688524,0.9257806296332287,port_protocol_service_ablation,39,36,3,ct_src_dport_ltm|ct_dst_sport_ltm|is_sm_ips_ports,ksf-v4-idsplit::
classical_ext,svc,6,matern25_med_x0.1__svc__d6,matern25_med_x0.1,id_test,train_cv,1.0,0.8821435801041064,0.007218122482299805,0.86,0.8623206967213115,0.8591866621606399,0.8698884758364313,0.947297643442623,0.9178541776316418,port_protocol_service_ablation,39,36,3,ct_src_dport_ltm|ct_dst_sport_ltm|is_sm_ips_ports,ksf-v4-idsplit::
classical_ext,svc,6,matern25_med_x0.1__svc__d6,matern25_med_x0.1,ood_test,train_cv,1.0,0.8821435801041064,0.007218122482299805,0.78,0.7779111644657863,0.7767857142857143,0.8035714285714286,0.8241376550620249,0.7634354044988882,port_protocol_service_ablation,39,36,3,ct_src_dport_ltm|ct_dst_sport_ltm|is_sm_ips_ports,ksf-v4-idsplit::
classical_ext,svc,6,matern25_med_x0.3__svc__d6,matern25_med_x0.3,id_val,fixed_c1,1.0,,0.005002737045288086,0.924,0.9252049180327868,0.9239403692494916,0.9260700389105059,0.9723360655737705,0.9539938327781161,port_protocol_service_ablation,39,36,3,ct_src_dport_ltm|ct_dst_sport_ltm|is_sm_ips_ports,ksf-v4-idsplit::
classical_ext,svc,6,matern25_med_x0.3__svc__d6,matern25_med_x0.3,id_test,fixed_c1,1.0,,0.005002737045288086,0.872,0.8748078893442623,0.8708093792390672,0.8832116788321168,0.9672131147540983,0.9610669498193365,port_protocol_service_ablation,39,36,3,ct_src_dport_ltm|ct_dst_sport_ltm|is_sm_ips_ports,ksf-v4-idsplit::
classical_ext,svc,6,matern25_med_x0.3__svc__d6,matern25_med_x0.3,ood_test,fixed_c1,1.0,,0.005002737045288086,0.792,0.7883153261304522,0.7833333333333333,0.8266666666666667,0.8494277711084435,0.8053583370042798,port_protocol_service_ablation,39,36,3,ct_src_dport_ltm|ct_dst_sport_ltm|is_sm_ips_ports,ksf-v4-idsplit::
classical_ext,svc,6,matern25_med_x0.3__svc__d6,matern25_med_x0.3,id_val,train_cv,10.0,0.8860625120493542,0.00599980354309082,0.912,0.9127177254098361,0.9119943676395289,0.9126984126984127,0.9539574795081968,0.9298223094024543,port_protocol_service_ablation,39,36,3,ct_src_dport_ltm|ct_dst_sport_ltm|is_sm_ips_ports,ksf-v4-idsplit::
classical_ext,svc,6,matern25_med_x0.3__svc__d6,matern25_med_x0.3,id_test,train_cv,10.0,0.8860625120493542,0.00599980354309082,0.872,0.8740394467213115,0.871473555684082,0.8796992481203008,0.9399334016393442,0.9069441227468737,port_protocol_service_ablation,39,36,3,ct_src_dport_ltm|ct_dst_sport_ltm|is_sm_ips_ports,ksf-v4-idsplit::
classical_ext,svc,6,matern25_med_x0.3__svc__d6,matern25_med_x0.3,ood_test,train_cv,10.0,0.8860625120493542,0.00599980354309082,0.78,0.7779911964785915,0.7769993026160009,0.8028673835125448,0.8385274109643858,0.7969498895294403,port_protocol_service_ablation,39,36,3,ct_src_dport_ltm|ct_dst_sport_ltm|is_sm_ips_ports,ksf-v4-idsplit::
classical_ext,svc,6,matern25_med_x3__svc__d6,matern25_med_x3,id_val,fixed_c1,1.0,,0.004925727844238281,0.876,0.8771772540983607,0.8759027077228547,0.8793774319066148,0.8917776639344263,0.8028058981213592,port_protocol_service_ablation,39,36,3,ct_src_dport_ltm|ct_dst_sport_ltm|is_sm_ips_ports,ksf-v4-idsplit::
classical_ext,svc,6,matern25_med_x3__svc__d6,matern25_med_x3,id_test,fixed_c1,1.0,,0.004925727844238281,0.812,0.8137167008196722,0.8114902696892397,0.8212927756653993,0.8810194672131147,0.805932808639861,port_protocol_service_ablation,39,36,3,ct_src_dport_ltm|ct_dst_sport_ltm|is_sm_ips_ports,ksf-v4-idsplit::
classical_ext,svc,6,matern25_med_x3__svc__d6,matern25_med_x3,ood_test,fixed_c1,1.0,,0.004925727844238281,0.758,0.753141256502601,0.740742804005845,0.8076311605723371,0.6877631052420969,0.5822580422755299,port_protocol_service_ablation,39,36,3,ct_src_dport_ltm|ct_dst_sport_ltm|is_sm_ips_ports,ksf-v4-idsplit::
classical_ext,svc,6,matern25_med_x3__svc__d6,matern25_med_x3,id_val,train_cv,100.0,0.8777665317139001,0.008507728576660156,0.924,0.92578125,0.9237939388105437,0.9277566539923955,0.98046875,0.9748698088550778,port_protocol_service_ablation,39,36,3,ct_src_dport_ltm|ct_dst_sport_ltm|is_sm_ips_ports,ksf-v4-idsplit::
classical_ext,svc,6,matern25_med_x3__svc__d6,matern25_med_x3,id_test,train_cv,100.0,0.8777665317139001,0.008507728576660156,0.864,0.8669953893442623,0.8625129399585921,0.8768115942028986,0.953765368852459,0.9412829075012105,port_protocol_service_ablation,39,36,3,ct_src_dport_ltm|ct_dst_sport_ltm|is_sm_ips_ports,ksf-v4-idsplit::
classical_ext,svc,6,matern25_med_x3__svc__d6,matern25_med_x3,ood_test,train_cv,100.0,0.8777665317139001,0.008507728576660156,0.766,0.7612244897959184,0.7498621034672961,0.8133971291866029,0.8835374149659864,0.8384278649856128,port_protocol_service_ablation,39,36,3,ct_src_dport_ltm|ct_dst_sport_ltm|is_sm_ips_ports,ksf-v4-idsplit::
classical_ext,svc,6,matern25_med_x10__svc__d6,matern25_med_x10,id_val,fixed_c1,1.0,,0.005999088287353516,0.856,0.8564933401639344,0.856,0.856,0.9074026639344263,0.8804716382071386,port_protocol_service_ablation,39,36,3,ct_src_dport_ltm|ct_dst_sport_ltm|is_sm_ips_ports,ksf-v4-idsplit::
classical_ext,svc,6,matern25_med_x10__svc__d6,matern25_med_x10,id_test,fixed_c1,1.0,,0.005999088287353516,0.82,0.8211449795081966,0.8198587692751116,0.8249027237354085,0.8868468237704918,0.8670409270408216,port_protocol_service_ablation,39,36,3,ct_src_dport_ltm|ct_dst_sport_ltm|is_sm_ips_ports,ksf-v4-idsplit::
classical_ext,svc,6,matern25_med_x10__svc__d6,matern25_med_x10,ood_test,fixed_c1,1.0,,0.005999088287353516,0.786,0.7817126850740297,0.7740470911202619,0.8260162601626017,0.778967587034814,0.6883158680773734,port_protocol_service_ablation,39,36,3,ct_src_dport_ltm|ct_dst_sport_ltm|is_sm_ips_ports,ksf-v4-idsplit::
classical_ext,svc,6,matern25_med_x10__svc__d6,matern25_med_x10,id_val,train_cv,10.0,0.8349424040871408,0.004999876022338867,0.856,0.8564933401639344,0.856,0.856,0.8865906762295082,0.785799177464878,port_protocol_service_ablation,39,36,3,ct_src_dport_ltm|ct_dst_sport_ltm|is_sm_ips_ports,ksf-v4-idsplit::
classical_ext,svc,6,matern25_med_x10__svc__d6,matern25_med_x10,id_test,train_cv,10.0,0.8349424040871408,0.004999876022338867,0.82,0.8211449795081966,0.8198587692751116,0.8249027237354085,0.8714139344262295,0.7926810723958935,port_protocol_service_ablation,39,36,3,ct_src_dport_ltm|ct_dst_sport_ltm|is_sm_ips_ports,ksf-v4-idsplit::
classical_ext,svc,6,matern25_med_x10__svc__d6,matern25_med_x10,ood_test,train_cv,10.0,0.8349424040871408,0.004999876022338867,0.786,0.7817126850740297,0.7740470911202619,0.8260162601626017,0.6678831532613045,0.5650098405534747,port_protocol_service_ablation,39,36,3,ct_src_dport_ltm|ct_dst_sport_ltm|is_sm_ips_ports,ksf-v4-idsplit::
quantum,svc,6,zz_r1_full__as0.5__svc__d6,zz_r1_full__as0.5,id_val,fixed_c1,1.0,,0.006205558776855469,0.92,0.9209144467213115,0.9199795147557774,0.9212598425196851,0.9580558401639344,0.9255913564261853,port_protocol_service_ablation,39,36,3,ct_src_dport_ltm|ct_dst_sport_ltm|is_sm_ips_ports,ksf-v4-idsplit::
quantum,svc,6,zz_r1_full__as0.5__svc__d6,zz_r1_full__as0.5,id_test,fixed_c1,1.0,,0.006205558776855469,0.868,0.8703253073770492,0.8672331386086033,0.8773234200743495,0.9536372950819672,0.9225183118616923,port_protocol_service_ablation,39,36,3,ct_src_dport_ltm|ct_dst_sport_ltm|is_sm_ips_ports,ksf-v4-idsplit::
quantum,svc,6,zz_r1_full__as0.5__svc__d6,zz_r1_full__as0.5,ood_test,fixed_c1,1.0,,0.006205558776855469,0.77,0.7677070828331332,0.7660461804495982,0.7964601769911505,0.8168227290916367,0.750668122732458,port_protocol_service_ablation,39,36,3,ct_src_dport_ltm|ct_dst_sport_ltm|is_sm_ips_ports,ksf-v4-idsplit::
quantum,svc,6,zz_r1_full__as0.5__svc__d6,zz_r1_full__as0.5,id_val,train_cv,1.0,0.8905899363794101,0.005998373031616211,0.92,0.9209144467213115,0.9199795147557774,0.9212598425196851,0.9580558401639344,0.9255913564261853,port_protocol_service_ablation,39,36,3,ct_src_dport_ltm|ct_dst_sport_ltm|is_sm_ips_ports,ksf-v4-idsplit::
quantum,svc,6,zz_r1_full__as0.5__svc__d6,zz_r1_full__as0.5,id_test,train_cv,1.0,0.8905899363794101,0.005998373031616211,0.868,0.8703253073770492,0.8672331386086033,0.8773234200743495,0.9536372950819672,0.9225183118616923,port_protocol_service_ablation,39,36,3,ct_src_dport_ltm|ct_dst_sport_ltm|is_sm_ips_ports,ksf-v4-idsplit::
quantum,svc,6,zz_r1_full__as0.5__svc__d6,zz_r1_full__as0.5,ood_test,train_cv,1.0,0.8905899363794101,0.005998373031616211,0.77,0.7677070828331332,0.7660461804495982,0.7964601769911505,0.8168227290916367,0.750668122732458,port_protocol_service_ablation,39,36,3,ct_src_dport_ltm|ct_dst_sport_ltm|is_sm_ips_ports,ksf-v4-idsplit::
quantum,svc,6,zz_r2_full__as0.5__svc__d6,zz_r2_full__as0.5,id_val,fixed_c1,1.0,,0.00800013542175293,0.912,0.9127177254098361,0.9119943676395289,0.9126984126984127,0.9539574795081966,0.9222036061875972,port_protocol_service_ablation,39,36,3,ct_src_dport_ltm|ct_dst_sport_ltm|is_sm_ips_ports,ksf-v4-idsplit::
quantum,svc,6,zz_r2_full__as0.5__svc__d6,zz_r2_full__as0.5,id_test,fixed_c1,1.0,,0.00800013542175293,0.864,0.8660348360655737,0.863440652914337,0.8721804511278195,0.9434554303278688,0.91851262574739,port_protocol_service_ablation,39,36,3,ct_src_dport_ltm|ct_dst_sport_ltm|is_sm_ips_ports,ksf-v4-idsplit::
quantum,svc,6,zz_r2_full__as0.5__svc__d6,zz_r2_full__as0.5,ood_test,fixed_c1,1.0,,0.00800013542175293,0.764,0.7615846338535415,0.7595526864893063,0.7922535211267606,0.7955342136854742,0.706031406624257,port_protocol_service_ablation,39,36,3,ct_src_dport_ltm|ct_dst_sport_ltm|is_sm_ips_ports,ksf-v4-idsplit::
quantum,svc,6,zz_r2_full__as0.5__svc__d6,zz_r2_full__as0.5,id_val,train_cv,1.0,0.8796105648737228,0.0076177120208740234,0.912,0.9127177254098361,0.9119943676395289,0.9126984126984127,0.9539574795081966,0.9222036061875972,port_protocol_service_ablation,39,36,3,ct_src_dport_ltm|ct_dst_sport_ltm|is_sm_ips_ports,ksf-v4-idsplit::
quantum,svc,6,zz_r2_full__as0.5__svc__d6,zz_r2_full__as0.5,id_test,train_cv,1.0,0.8796105648737228,0.0076177120208740234,0.864,0.8660348360655737,0.863440652914337,0.8721804511278195,0.9434554303278688,0.91851262574739,port_protocol_service_ablation,39,36,3,ct_src_dport_ltm|ct_dst_sport_ltm|is_sm_ips_ports,ksf-v4-idsplit::
quantum,svc,6,zz_r2_full__as0.5__svc__d6,zz_r2_full__as0.5,ood_test,train_cv,1.0,0.8796105648737228,0.0076177120208740234,0.764,0.7615846338535415,0.7595526864893063,0.7922535211267606,0.7955342136854742,0.706031406624257,port_protocol_service_ablation,39,36,3,ct_src_dport_ltm|ct_dst_sport_ltm|is_sm_ips_ports,ksf-v4-idsplit::
quantum,svc,6,pauli_xz_r1_full__as0.5__svc__d6,pauli_xz_r1_full__as0.5,id_val,fixed_c1,1.0,,0.005000114440917969,0.924,0.92578125,0.9237939388105437,0.9277566539923955,0.9763063524590164,0.9664576217286078,port_protocol_service_ablation,39,36,3,ct_src_dport_ltm|ct_dst_sport_ltm|is_sm_ips_ports,ksf-v4-idsplit::
quantum,svc,6,pauli_xz_r1_full__as0.5__svc__d6,pauli_xz_r1_full__as0.5,id_test,fixed_c1,1.0,,0.005000114440917969,0.868,0.87109375,0.8664421816062553,0.8808664259927798,0.9472976434426229,0.9257808545828038,port_protocol_service_ablation,39,36,3,ct_src_dport_ltm|ct_dst_sport_ltm|is_sm_ips_ports,ksf-v4-idsplit::
quantum,svc,6,pauli_xz_r1_full__as0.5__svc__d6,pauli_xz_r1_full__as0.5,ood_test,fixed_c1,1.0,,0.005000114440917969,0.764,0.7591836734693878,0.7474488048763783,0.8121019108280255,0.8659143657462985,0.8141355560026949,port_protocol_service_ablation,39,36,3,ct_src_dport_ltm|ct_dst_sport_ltm|is_sm_ips_ports,ksf-v4-idsplit::
quantum,svc,6,pauli_xz_r1_full__as0.5__svc__d6,pauli_xz_r1_full__as0.5,id_val,train_cv,100.0,0.893075356660883,0.012006282806396484,0.924,0.9246285860655737,0.9239987839805437,0.9243027888446215,0.9720799180327868,0.9535757663671014,port_protocol_service_ablation,39,36,3,ct_src_dport_ltm|ct_dst_sport_ltm|is_sm_ips_ports,ksf-v4-idsplit::
quantum,svc,6,pauli_xz_r1_full__as0.5__svc__d6,pauli_xz_r1_full__as0.5,id_test,train_cv,100.0,0.893075356660883,0.012006282806396484,0.876,0.8783299180327868,0.8752796150565667,0.8847583643122676,0.9634989754098361,0.9415155070259926,port_protocol_service_ablation,39,36,3,ct_src_dport_ltm|ct_dst_sport_ltm|is_sm_ips_ports,ksf-v4-idsplit::
quantum,svc,6,pauli_xz_r1_full__as0.5__svc__d6,pauli_xz_r1_full__as0.5,ood_test,train_cv,100.0,0.893075356660883,0.012006282806396484,0.774,0.7718687474989996,0.7705853929892521,0.7985739750445633,0.8484513805522209,0.7840173120155745,port_protocol_service_ablation,39,36,3,ct_src_dport_ltm|ct_dst_sport_ltm|is_sm_ips_ports,ksf-v4-idsplit::
quantum,svc,6,zmap_r2__as0.5__svc__d6,zmap_r2__as0.5,id_val,fixed_c1,1.0,,0.005910396575927734,0.924,0.92578125,0.9237939388105437,0.9277566539923955,0.9745133196721312,0.958653740859793,port_protocol_service_ablation,39,36,3,ct_src_dport_ltm|ct_dst_sport_ltm|is_sm_ips_ports,ksf-v4-idsplit::
quantum,svc,6,zmap_r2__as0.5__svc__d6,zmap_r2__as0.5,id_test,fixed_c1,1.0,,0.005910396575927734,0.864,0.8669953893442623,0.8625129399585921,0.8768115942028986,0.960297131147541,0.9413968051375426,port_protocol_service_ablation,39,36,3,ct_src_dport_ltm|ct_dst_sport_ltm|is_sm_ips_ports,ksf-v4-idsplit::
quantum,svc,6,zmap_r2__as0.5__svc__d6,zmap_r2__as0.5,ood_test,fixed_c1,1.0,,0.005910396575927734,0.772,0.7673469387755102,0.7570581014729951,0.8173076923076923,0.8723009203681473,0.8247716299165784,port_protocol_service_ablation,39,36,3,ct_src_dport_ltm|ct_dst_sport_ltm|is_sm_ips_ports,ksf-v4-idsplit::
quantum,svc,6,zmap_r2__as0.5__svc__d6,zmap_r2__as0.5,id_val,train_cv,100.0,0.8864956863312127,0.012065649032592773,0.916,0.9164318647540983,0.9159986559784956,0.9156626506024096,0.9705430327868853,0.9525596921504023,port_protocol_service_ablation,39,36,3,ct_src_dport_ltm|ct_dst_sport_ltm|is_sm_ips_ports,ksf-v4-idsplit::
quantum,svc,6,zmap_r2__as0.5__svc__d6,zmap_r2__as0.5,id_test,train_cv,100.0,0.8864956863312127,0.012065649032592773,0.872,0.8740394467213115,0.871473555684082,0.8796992481203008,0.966828893442623,0.9541172822692097,port_protocol_service_ablation,39,36,3,ct_src_dport_ltm|ct_dst_sport_ltm|is_sm_ips_ports,ksf-v4-idsplit::
quantum,svc,6,zmap_r2__as0.5__svc__d6,zmap_r2__as0.5,ood_test,train_cv,100.0,0.8864956863312127,0.012065649032592773,0.758,0.7567426970788316,0.7565186595245473,0.7755102040816326,0.8392156862745097,0.7793309505156067,port_protocol_service_ablation,39,36,3,ct_src_dport_ltm|ct_dst_sport_ltm|is_sm_ips_ports,ksf-v4-idsplit::
quantum,svc,6,zz_r1_full__svc__d6,zz_r1_full,id_val,fixed_c1,1.0,,0.0069997310638427734,0.924,0.9248206967213115,0.923989054423837,0.924901185770751,0.955046106557377,0.909427141161,port_protocol_service_ablation,39,36,3,ct_src_dport_ltm|ct_dst_sport_ltm|is_sm_ips_ports,ksf-v4-idsplit::
quantum,svc,6,zz_r1_full__svc__d6,zz_r1_full,id_test,fixed_c1,1.0,,0.0069997310638427734,0.864,0.8662269467213115,0.8632913021101389,0.8731343283582089,0.9480020491803279,0.8982964679284582,port_protocol_service_ablation,39,36,3,ct_src_dport_ltm|ct_dst_sport_ltm|is_sm_ips_ports,ksf-v4-idsplit::
quantum,svc,6,zz_r1_full__svc__d6,zz_r1_full,ood_test,fixed_c1,1.0,,0.0069997310638427734,0.77,0.7677070828331332,0.7660461804495982,0.7964601769911505,0.8095398159263707,0.7191120884760702,port_protocol_service_ablation,39,36,3,ct_src_dport_ltm|ct_dst_sport_ltm|is_sm_ips_ports,ksf-v4-idsplit::
quantum,svc,6,zz_r1_full__svc__d6,zz_r1_full,id_val,train_cv,1.0,0.8810817910160015,0.007479429244995117,0.924,0.9248206967213115,0.923989054423837,0.924901185770751,0.955046106557377,0.909427141161,port_protocol_service_ablation,39,36,3,ct_src_dport_ltm|ct_dst_sport_ltm|is_sm_ips_ports,ksf-v4-idsplit::
quantum,svc,6,zz_r1_full__svc__d6,zz_r1_full,id_test,train_cv,1.0,0.8810817910160015,0.007479429244995117,0.864,0.8662269467213115,0.8632913021101389,0.8731343283582089,0.9480020491803279,0.8982964679284582,port_protocol_service_ablation,39,36,3,ct_src_dport_ltm|ct_dst_sport_ltm|is_sm_ips_ports,ksf-v4-idsplit::
quantum,svc,6,zz_r1_full__svc__d6,zz_r1_full,ood_test,train_cv,1.0,0.8810817910160015,0.007479429244995117,0.77,0.7677070828331332,0.7660461804495982,0.7964601769911505,0.8095398159263707,0.7191120884760702,port_protocol_service_ablation,39,36,3,ct_src_dport_ltm|ct_dst_sport_ltm|is_sm_ips_ports,ksf-v4-idsplit::
quantum,svc,6,zz_r2_full__svc__d6,zz_r2_full,id_val,fixed_c1,1.0,,0.007001638412475586,0.876,0.8758324795081966,0.8759027077228547,0.8724279835390947,0.9494748975409836,0.9430014275974037,port_protocol_service_ablation,39,36,3,ct_src_dport_ltm|ct_dst_sport_ltm|is_sm_ips_ports,ksf-v4-idsplit::
quantum,svc,6,zz_r2_full__svc__d6,zz_r2_full,id_test,fixed_c1,1.0,,0.007001638412475586,0.864,0.8654585040983607,0.8637820512820513,0.8692307692307693,0.9271260245901639,0.8986845953973465,port_protocol_service_ablation,39,36,3,ct_src_dport_ltm|ct_dst_sport_ltm|is_sm_ips_ports,ksf-v4-idsplit::
quantum,svc,6,zz_r2_full__svc__d6,zz_r2_full,ood_test,fixed_c1,1.0,,0.007001638412475586,0.772,0.7703881552621048,0.7698792067695885,0.791970802919708,0.8153341336534615,0.7451331844538145,port_protocol_service_ablation,39,36,3,ct_src_dport_ltm|ct_dst_sport_ltm|is_sm_ips_ports,ksf-v4-idsplit::
quantum,svc,6,zz_r2_full__svc__d6,zz_r2_full,id_val,train_cv,1.0,0.8670736938500097,0.008154869079589844,0.876,0.8758324795081966,0.8759027077228547,0.8724279835390947,0.9494748975409836,0.9430014275974037,port_protocol_service_ablation,39,36,3,ct_src_dport_ltm|ct_dst_sport_ltm|is_sm_ips_ports,ksf-v4-idsplit::
quantum,svc,6,zz_r2_full__svc__d6,zz_r2_full,id_test,train_cv,1.0,0.8670736938500097,0.008154869079589844,0.864,0.8654585040983607,0.8637820512820513,0.8692307692307693,0.9271260245901639,0.8986845953973465,port_protocol_service_ablation,39,36,3,ct_src_dport_ltm|ct_dst_sport_ltm|is_sm_ips_ports,ksf-v4-idsplit::
quantum,svc,6,zz_r2_full__svc__d6,zz_r2_full,ood_test,train_cv,1.0,0.8670736938500097,0.008154869079589844,0.772,0.7703881552621048,0.7698792067695885,0.791970802919708,0.8153341336534615,0.7451331844538145,port_protocol_service_ablation,39,36,3,ct_src_dport_ltm|ct_dst_sport_ltm|is_sm_ips_ports,ksf-v4-idsplit::
quantum,svc,6,pauli_xz_r1_full__svc__d6,pauli_xz_r1_full,id_val,fixed_c1,1.0,,0.0050013065338134766,0.924,0.9255891393442623,0.9238525785921544,0.9272030651340997,0.9720799180327869,0.9514343112688628,port_protocol_service_ablation,39,36,3,ct_src_dport_ltm|ct_dst_sport_ltm|is_sm_ips_ports,ksf-v4-idsplit::
quantum,svc,6,pauli_xz_r1_full__svc__d6,pauli_xz_r1_full,id_test,fixed_c1,1.0,,0.0050013065338134766,0.872,0.8748078893442623,0.8708093792390672,0.8832116788321168,0.962922643442623,0.9564947095123878,port_protocol_service_ablation,39,36,3,ct_src_dport_ltm|ct_dst_sport_ltm|is_sm_ips_ports,ksf-v4-idsplit::
quantum,svc,6,pauli_xz_r1_full__svc__d6,pauli_xz_r1_full,ood_test,fixed_c1,1.0,,0.0050013065338134766,0.78,0.7755902360944378,0.7670241786543317,0.8220064724919094,0.8618807523009204,0.8105507612598236,port_protocol_service_ablation,39,36,3,ct_src_dport_ltm|ct_dst_sport_ltm|is_sm_ips_ports,ksf-v4-idsplit::
quantum,svc,6,pauli_xz_r1_full__svc__d6,pauli_xz_r1_full,id_val,train_cv,10.0,0.886903677462888,0.0073392391204833984,0.908,0.9086193647540983,0.9079985279764475,0.9083665338645418,0.9616419057377049,0.9239076835655143,port_protocol_service_ablation,39,36,3,ct_src_dport_ltm|ct_dst_sport_ltm|is_sm_ips_ports,ksf-v4-idsplit::
quantum,svc,6,pauli_xz_r1_full__svc__d6,pauli_xz_r1_full,id_test,train_cv,10.0,0.886903677462888,0.0073392391204833984,0.864,0.8662269467213115,0.8632913021101389,0.8731343283582089,0.9545338114754098,0.9287426458930301,port_protocol_service_ablation,39,36,3,ct_src_dport_ltm|ct_dst_sport_ltm|is_sm_ips_ports,ksf-v4-idsplit::
quantum,svc,6,pauli_xz_r1_full__svc__d6,pauli_xz_r1_full,ood_test,train_cv,10.0,0.886903677462888,0.0073392391204833984,0.756,0.7541416566626651,0.753120396302472,0.779783393501805,0.8388795518207283,0.7843389241958032,port_protocol_service_ablation,39,36,3,ct_src_dport_ltm|ct_dst_sport_ltm|is_sm_ips_ports,ksf-v4-idsplit::
quantum,svc,6,zmap_r2__svc__d6,zmap_r2,id_val,fixed_c1,1.0,,0.006000041961669922,0.908,0.9090035860655737,0.9079631852741097,0.9098039215686274,0.959656762295082,0.92419403856118,port_protocol_service_ablation,39,36,3,ct_src_dport_ltm|ct_dst_sport_ltm|is_sm_ips_ports,ksf-v4-idsplit::
quantum,svc,6,zmap_r2__svc__d6,zmap_r2,id_test,fixed_c1,1.0,,0.006000041961669922,0.864,0.8668032786885246,0.862734965441509,0.8759124087591241,0.9478099385245902,0.9244472036685142,port_protocol_service_ablation,39,36,3,ct_src_dport_ltm|ct_dst_sport_ltm|is_sm_ips_ports,ksf-v4-idsplit::
quantum,svc,6,zmap_r2__svc__d6,zmap_r2,ood_test,fixed_c1,1.0,,0.006000041961669922,0.792,0.7884753901560624,0.7840388065652203,0.825503355704698,0.8404001600640255,0.7973666823899048,port_protocol_service_ablation,39,36,3,ct_src_dport_ltm|ct_dst_sport_ltm|is_sm_ips_ports,ksf-v4-idsplit::
quantum,svc,6,zmap_r2__svc__d6,zmap_r2,id_val,train_cv,10.0,0.8850409678041256,0.008000373840332031,0.9,0.9002305327868853,0.8999855979261013,0.8987854251012146,0.9572233606557377,0.917152030258343,port_protocol_service_ablation,39,36,3,ct_src_dport_ltm|ct_dst_sport_ltm|is_sm_ips_ports,ksf-v4-idsplit::
quantum,svc,6,zmap_r2__svc__d6,zmap_r2,id_test,train_cv,10.0,0.8850409678041256,0.008000373840332031,0.864,0.8664190573770492,0.8631239935587762,0.8740740740740741,0.9436475409836065,0.8986061450769972,port_protocol_service_ablation,39,36,3,ct_src_dport_ltm|ct_dst_sport_ltm|is_sm_ips_ports,ksf-v4-idsplit::
quantum,svc,6,zmap_r2__svc__d6,zmap_r2,ood_test,train_cv,10.0,0.8850409678041256,0.008000373840332031,0.766,0.7638655462184873,0.7624645219446238,0.7914438502673797,0.8438735494197679,0.7825835459834414,port_protocol_service_ablation,39,36,3,ct_src_dport_ltm|ct_dst_sport_ltm|is_sm_ips_ports,ksf-v4-idsplit::
quantum,svc,6,zz_r1_full__as2__svc__d6,zz_r1_full__as2,id_val,fixed_c1,1.0,,0.008001089096069336,0.892,0.8922259221311475,0.8919844457601894,0.8906882591093117,0.9623463114754098,0.9669258331810259,port_protocol_service_ablation,39,36,3,ct_src_dport_ltm|ct_dst_sport_ltm|is_sm_ips_ports,ksf-v4-idsplit::
quantum,svc,6,zz_r1_full__as2__svc__d6,zz_r1_full__as2,id_test,fixed_c1,1.0,,0.008001089096069336,0.872,0.8738473360655737,0.8715973292244479,0.8787878787878788,0.9378842213114753,0.9290065769635842,port_protocol_service_ablation,39,36,3,ct_src_dport_ltm|ct_dst_sport_ltm|is_sm_ips_ports,ksf-v4-idsplit::
quantum,svc,6,zz_r1_full__as2__svc__d6,zz_r1_full__as2,ood_test,fixed_c1,1.0,,0.008001089096069336,0.774,0.7720288115246099,0.7710242309048393,0.7971274685816876,0.8269227691076431,0.7724387061662497,port_protocol_service_ablation,39,36,3,ct_src_dport_ltm|ct_dst_sport_ltm|is_sm_ips_ports,ksf-v4-idsplit::
quantum,svc,6,zz_r1_full__as2__svc__d6,zz_r1_full__as2,id_val,train_cv,1.0,0.8692334200886833,0.007999658584594727,0.892,0.8922259221311475,0.8919844457601894,0.8906882591093117,0.9623463114754098,0.9669258331810259,port_protocol_service_ablation,39,36,3,ct_src_dport_ltm|ct_dst_sport_ltm|is_sm_ips_ports,ksf-v4-idsplit::
quantum,svc,6,zz_r1_full__as2__svc__d6,zz_r1_full__as2,id_test,train_cv,1.0,0.8692334200886833,0.007999658584594727,0.872,0.8738473360655737,0.8715973292244479,0.8787878787878788,0.9378842213114753,0.9290065769635842,port_protocol_service_ablation,39,36,3,ct_src_dport_ltm|ct_dst_sport_ltm|is_sm_ips_ports,ksf-v4-idsplit::
quantum,svc,6,zz_r1_full__as2__svc__d6,zz_r1_full__as2,ood_test,train_cv,1.0,0.8692334200886833,0.007999658584594727,0.774,0.7720288115246099,0.7710242309048393,0.7971274685816876,0.8269227691076431,0.7724387061662497,port_protocol_service_ablation,39,36,3,ct_src_dport_ltm|ct_dst_sport_ltm|is_sm_ips_ports,ksf-v4-idsplit::
quantum,svc,6,zz_r2_full__as2__svc__d6,zz_r2_full__as2,id_val,fixed_c1,1.0,,0.010005474090576172,0.856,0.8545722336065573,0.855072463768116,0.8434782608695652,0.9573514344262295,0.9574238618921969,port_protocol_service_ablation,39,36,3,ct_src_dport_ltm|ct_dst_sport_ltm|is_sm_ips_ports,ksf-v4-idsplit::
quantum,svc,6,zz_r2_full__as2__svc__d6,zz_r2_full__as2,id_test,fixed_c1,1.0,,0.010005474090576172,0.824,0.8237064549180328,0.8238195912614518,0.8181818181818182,0.9216188524590164,0.9226583939543214,port_protocol_service_ablation,39,36,3,ct_src_dport_ltm|ct_dst_sport_ltm|is_sm_ips_ports,ksf-v4-idsplit::
quantum,svc,6,zz_r2_full__as2__svc__d6,zz_r2_full__as2,ood_test,fixed_c1,1.0,,0.010005474090576172,0.72,0.7205282112845137,0.7199596741930838,0.7165991902834008,0.8121328531412565,0.7692608853618282,port_protocol_service_ablation,39,36,3,ct_src_dport_ltm|ct_dst_sport_ltm|is_sm_ips_ports,ksf-v4-idsplit::
quantum,svc,6,zz_r2_full__as2__svc__d6,zz_r2_full__as2,id_val,train_cv,1.0,0.8399051715828032,0.007711172103881836,0.856,0.8545722336065573,0.855072463768116,0.8434782608695652,0.9573514344262295,0.9574238618921969,port_protocol_service_ablation,39,36,3,ct_src_dport_ltm|ct_dst_sport_ltm|is_sm_ips_ports,ksf-v4-idsplit::
quantum,svc,6,zz_r2_full__as2__svc__d6,zz_r2_full__as2,id_test,train_cv,1.0,0.8399051715828032,0.007711172103881836,0.824,0.8237064549180328,0.8238195912614518,0.8181818181818182,0.9216188524590164,0.9226583939543214,port_protocol_service_ablation,39,36,3,ct_src_dport_ltm|ct_dst_sport_ltm|is_sm_ips_ports,ksf-v4-idsplit::
quantum,svc,6,zz_r2_full__as2__svc__d6,zz_r2_full__as2,ood_test,train_cv,1.0,0.8399051715828032,0.007711172103881836,0.72,0.7205282112845137,0.7199596741930838,0.7165991902834008,0.8121328531412565,0.7692608853618282,port_protocol_service_ablation,39,36,3,ct_src_dport_ltm|ct_dst_sport_ltm|is_sm_ips_ports,ksf-v4-idsplit::
quantum,svc,6,pauli_xz_r1_full__as2__svc__d6,pauli_xz_r1_full__as2,id_val,fixed_c1,1.0,,0.007508039474487305,0.912,0.9127177254098361,0.9119943676395289,0.9126984126984127,0.9662525614754098,0.9461082021493388,port_protocol_service_ablation,39,36,3,ct_src_dport_ltm|ct_dst_sport_ltm|is_sm_ips_ports,ksf-v4-idsplit::
quantum,svc,6,pauli_xz_r1_full__as2__svc__d6,pauli_xz_r1_full__as2,id_test,fixed_c1,1.0,,0.007508039474487305,0.864,0.8662269467213115,0.8632913021101389,0.8731343283582089,0.936859631147541,0.9085225713960193,port_protocol_service_ablation,39,36,3,ct_src_dport_ltm|ct_dst_sport_ltm|is_sm_ips_ports,ksf-v4-idsplit::
quantum,svc,6,pauli_xz_r1_full__as2__svc__d6,pauli_xz_r1_full__as2,ood_test,fixed_c1,1.0,,0.007508039474487305,0.762,0.7597839135654262,0.7581605570029792,0.7886323268206039,0.8291476590636255,0.7977149099487426,port_protocol_service_ablation,39,36,3,ct_src_dport_ltm|ct_dst_sport_ltm|is_sm_ips_ports,ksf-v4-idsplit::
quantum,svc,6,pauli_xz_r1_full__as2__svc__d6,pauli_xz_r1_full__as2,id_val,train_cv,1.0,0.8793061981877772,0.0070002079010009766,0.912,0.9127177254098361,0.9119943676395289,0.9126984126984127,0.9662525614754098,0.9461082021493388,port_protocol_service_ablation,39,36,3,ct_src_dport_ltm|ct_dst_sport_ltm|is_sm_ips_ports,ksf-v4-idsplit::
quantum,svc,6,pauli_xz_r1_full__as2__svc__d6,pauli_xz_r1_full__as2,id_test,train_cv,1.0,0.8793061981877772,0.0070002079010009766,0.864,0.8662269467213115,0.8632913021101389,0.8731343283582089,0.936859631147541,0.9085225713960193,port_protocol_service_ablation,39,36,3,ct_src_dport_ltm|ct_dst_sport_ltm|is_sm_ips_ports,ksf-v4-idsplit::
quantum,svc,6,pauli_xz_r1_full__as2__svc__d6,pauli_xz_r1_full__as2,ood_test,train_cv,1.0,0.8793061981877772,0.0070002079010009766,0.762,0.7597839135654262,0.7581605570029792,0.7886323268206039,0.8291476590636255,0.7977149099487426,port_protocol_service_ablation,39,36,3,ct_src_dport_ltm|ct_dst_sport_ltm|is_sm_ips_ports,ksf-v4-idsplit::
quantum,svc,6,zmap_r2__as2__svc__d6,zmap_r2__as2,id_val,fixed_c1,1.0,,0.0060138702392578125,0.912,0.9125256147540983,0.912,0.912,0.9564549180327868,0.9527044045648079,port_protocol_service_ablation,39,36,3,ct_src_dport_ltm|ct_dst_sport_ltm|is_sm_ips_ports,ksf-v4-idsplit::
quantum,svc,6,zmap_r2__as2__svc__d6,zmap_r2__as2,id_test,fixed_c1,1.0,,0.0060138702392578125,0.892,0.8937628073770492,0.8917071762044568,0.8973384030418251,0.9456967213114754,0.9282878662706966,port_protocol_service_ablation,39,36,3,ct_src_dport_ltm|ct_dst_sport_ltm|is_sm_ips_ports,ksf-v4-idsplit::
quantum,svc,6,zmap_r2__as2__svc__d6,zmap_r2__as2,ood_test,fixed_c1,1.0,,0.0060138702392578125,0.764,0.761984793917567,0.7607810700789828,0.7885304659498208,0.820296118447379,0.7451795286881346,port_protocol_service_ablation,39,36,3,ct_src_dport_ltm|ct_dst_sport_ltm|is_sm_ips_ports,ksf-v4-idsplit::
quantum,svc,6,zmap_r2__as2__svc__d6,zmap_r2__as2,id_val,train_cv,1.0,0.8773973395026026,0.006064414978027344,0.912,0.9125256147540983,0.912,0.912,0.9564549180327868,0.9527044045648079,port_protocol_service_ablation,39,36,3,ct_src_dport_ltm|ct_dst_sport_ltm|is_sm_ips_ports,ksf-v4-idsplit::
quantum,svc,6,zmap_r2__as2__svc__d6,zmap_r2__as2,id_test,train_cv,1.0,0.8773973395026026,0.006064414978027344,0.892,0.8937628073770492,0.8917071762044568,0.8973384030418251,0.9456967213114754,0.9282878662706966,port_protocol_service_ablation,39,36,3,ct_src_dport_ltm|ct_dst_sport_ltm|is_sm_ips_ports,ksf-v4-idsplit::
quantum,svc,6,zmap_r2__as2__svc__d6,zmap_r2__as2,ood_test,train_cv,1.0,0.8773973395026026,0.006064414978027344,0.764,0.761984793917567,0.7607810700789828,0.7885304659498208,0.820296118447379,0.7451795286881346,port_protocol_service_ablation,39,36,3,ct_src_dport_ltm|ct_dst_sport_ltm|is_sm_ips_ports,ksf-v4-idsplit::
classical_ext,svc,8,linear__svc__d8,linear,id_val,fixed_c1,1.0,,0.005000114440917969,0.864,0.8646900614754098,0.8639912954429083,0.8650793650793651,0.8736552254098361,0.7508048662202641,port_protocol_service_ablation,39,36,3,ct_src_dport_ltm|ct_dst_sport_ltm|is_sm_ips_ports,ksf-v4-idsplit::
classical_ext,svc,8,linear__svc__d8,linear,id_test,fixed_c1,1.0,,0.005000114440917969,0.832,0.8334400614754098,0.8317307692307692,0.8384615384615385,0.8869108606557377,0.7915024852327903,port_protocol_service_ablation,39,36,3,ct_src_dport_ltm|ct_dst_sport_ltm|is_sm_ips_ports,ksf-v4-idsplit::
classical_ext,svc,8,linear__svc__d8,linear,ood_test,fixed_c1,1.0,,0.005000114440917969,0.774,0.7699479791916767,0.7627236801767183,0.8144499178981938,0.7736374549819928,0.6773154308897595,port_protocol_service_ablation,39,36,3,ct_src_dport_ltm|ct_dst_sport_ltm|is_sm_ips_ports,ksf-v4-idsplit::
classical_ext,svc,8,linear__svc__d8,linear,id_val,train_cv,10.0,0.8442500481974167,0.006005287170410156,0.868,0.8687884221311475,0.8679809892624537,0.8695652173913043,0.8733350409836065,0.7500583730099413,port_protocol_service_ablation,39,36,3,ct_src_dport_ltm|ct_dst_sport_ltm|is_sm_ips_ports,ksf-v4-idsplit::
classical_ext,svc,8,linear__svc__d8,linear,id_test,train_cv,10.0,0.8442500481974167,0.006005287170410156,0.828,0.8295338114754098,0.8276663620769811,0.8352490421455939,0.879546618852459,0.7817956523688852,port_protocol_service_ablation,39,36,3,ct_src_dport_ltm|ct_dst_sport_ltm|is_sm_ips_ports,ksf-v4-idsplit::
classical_ext,svc,8,linear__svc__d8,linear,ood_test,train_cv,10.0,0.8442500481974167,0.006005287170410156,0.778,0.7736294517807123,0.7651400061782989,0.820097244732577,0.781608643457383,0.6917005403403759,port_protocol_service_ablation,39,36,3,ct_src_dport_ltm|ct_dst_sport_ltm|is_sm_ips_ports,ksf-v4-idsplit::
classical_ext,svc,8,rbf_gscale__svc__d8,rbf_gscale,id_val,fixed_c1,1.0,,0.005000591278076172,0.924,0.92578125,0.9237939388105437,0.9277566539923955,0.9688140368852459,0.9461179462576284,port_protocol_service_ablation,39,36,3,ct_src_dport_ltm|ct_dst_sport_ltm|is_sm_ips_ports,ksf-v4-idsplit::
classical_ext,svc,8,rbf_gscale__svc__d8,rbf_gscale,id_test,fixed_c1,1.0,,0.005000591278076172,0.868,0.87109375,0.8664421816062553,0.8808664259927798,0.9444159836065573,0.911212814616702,port_protocol_service_ablation,39,36,3,ct_src_dport_ltm|ct_dst_sport_ltm|is_sm_ips_ports,ksf-v4-idsplit::
classical_ext,svc,8,rbf_gscale__svc__d8,rbf_gscale,ood_test,fixed_c1,1.0,,0.005000591278076172,0.762,0.7571428571428571,0.7450280469148394,0.8108108108108109,0.8438255302120847,0.7910992661566711,port_protocol_service_ablation,39,36,3,ct_src_dport_ltm|ct_dst_sport_ltm|is_sm_ips_ports,ksf-v4-idsplit::
classical_ext,svc,8,rbf_gscale__svc__d8,rbf_gscale,id_val,train_cv,10.0,0.8900816946211683,0.0068225860595703125,0.908,0.908235143442623,0.9079867500920132,0.9068825910931174,0.9670850409836066,0.9527600321544262,port_protocol_service_ablation,39,36,3,ct_src_dport_ltm|ct_dst_sport_ltm|is_sm_ips_ports,ksf-v4-idsplit::
classical_ext,svc,8,rbf_gscale__svc__d8,rbf_gscale,id_test,train_cv,10.0,0.8900816946211683,0.0068225860595703125,0.88,0.8820440573770492,0.8795064584538268,0.8872180451127819,0.9471695696721313,0.9227661521277521,port_protocol_service_ablation,39,36,3,ct_src_dport_ltm|ct_dst_sport_ltm|is_sm_ips_ports,ksf-v4-idsplit::
classical_ext,svc,8,rbf_gscale__svc__d8,rbf_gscale,ood_test,train_cv,10.0,0.8900816946211683,0.0068225860595703125,0.784,0.7815126050420168,0.7796817625458996,0.8105263157894737,0.8513325330132052,0.8011855939702744,port_protocol_service_ablation,39,36,3,ct_src_dport_ltm|ct_dst_sport_ltm|is_sm_ips_ports,ksf-v4-idsplit::
classical_ext,svc,8,poly2__svc__d8,poly2,id_val,fixed_c1,1.0,,0.00450897216796875,0.896,0.8978611680327868,0.8956728299948639,0.9015151515151515,0.8836449795081966,0.781373087652281,port_protocol_service_ablation,39,36,3,ct_src_dport_ltm|ct_dst_sport_ltm|is_sm_ips_ports,ksf-v4-idsplit::
classical_ext,svc,8,poly2__svc__d8,poly2,id_test,fixed_c1,1.0,,0.00450897216796875,0.844,0.8468878073770492,0.8424242424242424,0.8581818181818182,0.8845414959016393,0.8326405053853793,port_protocol_service_ablation,39,36,3,ct_src_dport_ltm|ct_dst_sport_ltm|is_sm_ips_ports,ksf-v4-idsplit::
classical_ext,svc,8,poly2__svc__d8,poly2,ood_test,fixed_c1,1.0,,0.00450897216796875,0.74,0.7346938775510204,0.7178819444444444,0.796875,0.7518207282913165,0.6369822746267838,port_protocol_service_ablation,39,36,3,ct_src_dport_ltm|ct_dst_sport_ltm|is_sm_ips_ports,ksf-v4-idsplit::
classical_ext,svc,8,poly2__svc__d8,poly2,id_val,train_cv,100.0,0.8763132591093117,0.00824737548828125,0.932,0.93359375,0.9318680966350855,0.9348659003831418,0.9766265368852459,0.9604601171522554,port_protocol_service_ablation,39,36,3,ct_src_dport_ltm|ct_dst_sport_ltm|is_sm_ips_ports,ksf-v4-idsplit::
classical_ext,svc,8,poly2__svc__d8,poly2,id_test,train_cv,100.0,0.8763132591093117,0.00824737548828125,0.864,0.8669953893442623,0.8625129399585921,0.8768115942028986,0.9452484631147541,0.9212632483562954,port_protocol_service_ablation,39,36,3,ct_src_dport_ltm|ct_dst_sport_ltm|is_sm_ips_ports,ksf-v4-idsplit::
classical_ext,svc,8,poly2__svc__d8,poly2,ood_test,train_cv,100.0,0.8763132591093117,0.00824737548828125,0.784,0.7795918367346939,0.7712601026787984,0.8252427184466019,0.8714045618247298,0.8134998007899301,port_protocol_service_ablation,39,36,3,ct_src_dport_ltm|ct_dst_sport_ltm|is_sm_ips_ports,ksf-v4-idsplit::
classical_ext,svc,8,poly3__svc__d8,poly3,id_val,fixed_c1,1.0,,0.005002260208129883,0.908,0.91015625,0.9075726157753452,0.9138576779026217,0.9177766393442623,0.8394218152568826,port_protocol_service_ablation,39,36,3,ct_src_dport_ltm|ct_dst_sport_ltm|is_sm_ips_ports,ksf-v4-idsplit::
classical_ext,svc,8,poly3__svc__d8,poly3,id_test,fixed_c1,1.0,,0.005002260208129883,0.86,0.86328125,0.8580904653010915,0.8745519713261649,0.9066982581967213,0.8672177218372996,port_protocol_service_ablation,39,36,3,ct_src_dport_ltm|ct_dst_sport_ltm|is_sm_ips_ports,ksf-v4-idsplit::
classical_ext,svc,8,poly3__svc__d8,poly3,ood_test,fixed_c1,1.0,,0.005002260208129883,0.74,0.7346938775510204,0.7178819444444444,0.796875,0.7804561824729892,0.6561941682604946,port_protocol_service_ablation,39,36,3,ct_src_dport_ltm|ct_dst_sport_ltm|is_sm_ips_ports,ksf-v4-idsplit::
classical_ext,svc,8,poly3__svc__d8,poly3,id_val,train_cv,100.0,0.8892807740505109,0.009002208709716797,0.928,0.9289190573770492,0.9279815632801998,0.9291338582677166,0.9768826844262295,0.962822820635341,port_protocol_service_ablation,39,36,3,ct_src_dport_ltm|ct_dst_sport_ltm|is_sm_ips_ports,ksf-v4-idsplit::
classical_ext,svc,8,poly3__svc__d8,poly3,id_test,train_cv,100.0,0.8892807740505109,0.009002208709716797,0.888,0.8902407786885246,0.8874163664436439,0.8955223880597015,0.9451203893442623,0.9153726901957662,port_protocol_service_ablation,39,36,3,ct_src_dport_ltm|ct_dst_sport_ltm|is_sm_ips_ports,ksf-v4-idsplit::
classical_ext,svc,8,poly3__svc__d8,poly3,ood_test,train_cv,100.0,0.8892807740505109,0.009002208709716797,0.79,0.7864345738295317,0.7817873486539397,0.8241206030150754,0.8679791916766707,0.8150284646453505,port_protocol_service_ablation,39,36,3,ct_src_dport_ltm|ct_dst_sport_ltm|is_sm_ips_ports,ksf-v4-idsplit::
classical_ext,svc,8,laplacian_med__svc__d8,laplacian_med,id_val,fixed_c1,1.0,,0.005002498626708984,0.92,0.9216828893442623,0.9198152543460132,0.9236641221374046,0.9694544057377049,0.9349341947932417,port_protocol_service_ablation,39,36,3,ct_src_dport_ltm|ct_dst_sport_ltm|is_sm_ips_ports,ksf-v4-idsplit::
classical_ext,svc,8,laplacian_med__svc__d8,laplacian_med,id_test,fixed_c1,1.0,,0.005002498626708984,0.868,0.87109375,0.8664421816062553,0.8808664259927798,0.9673411885245902,0.9656896153319183,port_protocol_service_ablation,39,36,3,ct_src_dport_ltm|ct_dst_sport_ltm|is_sm_ips_ports,ksf-v4-idsplit::
classical_ext,svc,8,laplacian_med__svc__d8,laplacian_med,ood_test,fixed_c1,1.0,,0.005002498626708984,0.76,0.7552621048419368,0.7437255471459568,0.8083067092651757,0.8768467386954782,0.8610810121561805,port_protocol_service_ablation,39,36,3,ct_src_dport_ltm|ct_dst_sport_ltm|is_sm_ips_ports,ksf-v4-idsplit::
classical_ext,svc,8,laplacian_med__svc__d8,laplacian_med,id_val,train_cv,10.0,0.8922137073452863,0.0050013065338134766,0.924,0.9242443647540983,0.923989054423837,0.9230769230769231,0.9748975409836066,0.9551191309892338,port_protocol_service_ablation,39,36,3,ct_src_dport_ltm|ct_dst_sport_ltm|is_sm_ips_ports,ksf-v4-idsplit::
classical_ext,svc,8,laplacian_med__svc__d8,laplacian_med,id_test,train_cv,10.0,0.8922137073452863,0.0050013065338134766,0.868,0.8697489754098361,0.8676421042498917,0.8745247148288974,0.9710553278688525,0.9725280623135528,port_protocol_service_ablation,39,36,3,ct_src_dport_ltm|ct_dst_sport_ltm|is_sm_ips_ports,ksf-v4-idsplit::
classical_ext,svc,8,laplacian_med__svc__d8,laplacian_med,ood_test,train_cv,10.0,0.8922137073452863,0.0050013065338134766,0.796,0.7944777911164466,0.7942586048312921,0.8131868131868132,0.8903081232492996,0.8739763919336123,port_protocol_service_ablation,39,36,3,ct_src_dport_ltm|ct_dst_sport_ltm|is_sm_ips_ports,ksf-v4-idsplit::
classical_ext,svc,8,matern15_med__svc__d8,matern15_med,id_val,fixed_c1,1.0,,0.005463361740112305,0.924,0.92578125,0.9237939388105437,0.9277566539923955,0.9637551229508197,0.9364363032872586,port_protocol_service_ablation,39,36,3,ct_src_dport_ltm|ct_dst_sport_ltm|is_sm_ips_ports,ksf-v4-idsplit::
classical_ext,svc,8,matern15_med__svc__d8,matern15_med,id_test,fixed_c1,1.0,,0.005463361740112305,0.868,0.87109375,0.8664421816062553,0.8808664259927798,0.9398053278688525,0.9051661608203552,port_protocol_service_ablation,39,36,3,ct_src_dport_ltm|ct_dst_sport_ltm|is_sm_ips_ports,ksf-v4-idsplit::
classical_ext,svc,8,matern15_med__svc__d8,matern15_med,ood_test,fixed_c1,1.0,,0.005463361740112305,0.758,0.7530612244897958,0.7401638041736994,0.8082408874801902,0.8333573429371749,0.7728819064652159,port_protocol_service_ablation,39,36,3,ct_src_dport_ltm|ct_dst_sport_ltm|is_sm_ips_ports,ksf-v4-idsplit::
classical_ext,svc,8,matern15_med__svc__d8,matern15_med,id_val,train_cv,10.0,0.8862648207056102,0.005435466766357422,0.908,0.9086193647540983,0.9079985279764475,0.9083665338645418,0.9599129098360656,0.9394343087029245,port_protocol_service_ablation,39,36,3,ct_src_dport_ltm|ct_dst_sport_ltm|is_sm_ips_ports,ksf-v4-idsplit::
classical_ext,svc,8,matern15_med__svc__d8,matern15_med,id_test,train_cv,10.0,0.8862648207056102,0.005435466766357422,0.872,0.8742315573770492,0.8713329902213072,0.8805970149253731,0.9606173155737705,0.9505347913809525,port_protocol_service_ablation,39,36,3,ct_src_dport_ltm|ct_dst_sport_ltm|is_sm_ips_ports,ksf-v4-idsplit::
classical_ext,svc,8,matern15_med__svc__d8,matern15_med,ood_test,train_cv,10.0,0.8862648207056102,0.005435466766357422,0.78,0.7771908763505402,0.7745125371029371,0.8096885813148789,0.8670828331332533,0.8239780966209984,port_protocol_service_ablation,39,36,3,ct_src_dport_ltm|ct_dst_sport_ltm|is_sm_ips_ports,ksf-v4-idsplit::
classical_ext,svc,8,matern25_med__svc__d8,matern25_med,id_val,fixed_c1,1.0,,0.005614757537841797,0.924,0.92578125,0.9237939388105437,0.9277566539923955,0.9618340163934426,0.9322389816824742,port_protocol_service_ablation,39,36,3,ct_src_dport_ltm|ct_dst_sport_ltm|is_sm_ips_ports,ksf-v4-idsplit::
classical_ext,svc,8,matern25_med__svc__d8,matern25_med,id_test,fixed_c1,1.0,,0.005614757537841797,0.868,0.87109375,0.8664421816062553,0.8808664259927798,0.9320568647540983,0.8856807953407512,port_protocol_service_ablation,39,36,3,ct_src_dport_ltm|ct_dst_sport_ltm|is_sm_ips_ports,ksf-v4-idsplit::
classical_ext,svc,8,matern25_med__svc__d8,matern25_med,ood_test,fixed_c1,1.0,,0.005614757537841797,0.758,0.7530612244897958,0.7401638041736994,0.8082408874801902,0.8242657062825129,0.7399210463103658,port_protocol_service_ablation,39,36,3,ct_src_dport_ltm|ct_dst_sport_ltm|is_sm_ips_ports,ksf-v4-idsplit::
classical_ext,svc,8,matern25_med__svc__d8,matern25_med,id_val,train_cv,100.0,0.8876065162907267,0.010999917984008789,0.908,0.9080430327868853,0.9079631852741097,0.9061224489795918,0.9601690573770492,0.9448237658496446,port_protocol_service_ablation,39,36,3,ct_src_dport_ltm|ct_dst_sport_ltm|is_sm_ips_ports,ksf-v4-idsplit::
classical_ext,svc,8,matern25_med__svc__d8,matern25_med,id_test,train_cv,100.0,0.8876065162907267,0.010999917984008789,0.868,0.8697489754098361,0.8676421042498917,0.8745247148288974,0.9501793032786885,0.9406851435329039,port_protocol_service_ablation,39,36,3,ct_src_dport_ltm|ct_dst_sport_ltm|is_sm_ips_ports,ksf-v4-idsplit::
classical_ext,svc,8,matern25_med__svc__d8,matern25_med,ood_test,train_cv,100.0,0.8876065162907267,0.010999917984008789,0.79,0.7876350540216086,0.7861602942434351,0.8148148148148148,0.8663785514205682,0.8259600844241369,port_protocol_service_ablation,39,36,3,ct_src_dport_ltm|ct_dst_sport_ltm|is_sm_ips_ports,ksf-v4-idsplit::
classical_ext,svc,8,rbf_gscale_x0.1__svc__d8,rbf_gscale_x0.1,id_val,fixed_c1,1.0,,0.00500035285949707,0.884,0.8853739754098361,0.8838494689117096,0.888030888030888,0.8974129098360656,0.8262236181562045,port_protocol_service_ablation,39,36,3,ct_src_dport_ltm|ct_dst_sport_ltm|is_sm_ips_ports,ksf-v4-idsplit::
classical_ext,svc,8,rbf_gscale_x0.1__svc__d8,rbf_gscale_x0.1,id_test,fixed_c1,1.0,,0.00500035285949707,0.816,0.8181992827868853,0.8150411734431291,0.8283582089552238,0.8804431352459017,0.8310203478727919,port_protocol_service_ablation,39,36,3,ct_src_dport_ltm|ct_dst_sport_ltm|is_sm_ips_ports,ksf-v4-idsplit::
classical_ext,svc,8,rbf_gscale_x0.1__svc__d8,rbf_gscale_x0.1,ood_test,fixed_c1,1.0,,0.00500035285949707,0.752,0.7470188075230092,0.7334204733076499,0.8037974683544303,0.7257142857142858,0.6161720946856475,port_protocol_service_ablation,39,36,3,ct_src_dport_ltm|ct_dst_sport_ltm|is_sm_ips_ports,ksf-v4-idsplit::
classical_ext,svc,8,rbf_gscale_x0.1__svc__d8,rbf_gscale_x0.1,id_val,train_cv,100.0,0.8837977154424523,0.010003089904785156,0.928,0.9293032786885246,0.9279261964251393,0.9302325581395349,0.9743852459016393,0.9548452784696778,port_protocol_service_ablation,39,36,3,ct_src_dport_ltm|ct_dst_sport_ltm|is_sm_ips_ports,ksf-v4-idsplit::
classical_ext,svc,8,rbf_gscale_x0.1__svc__d8,rbf_gscale_x0.1,id_test,train_cv,100.0,0.8837977154424523,0.010003089904785156,0.872,0.8748078893442623,0.8708093792390672,0.8832116788321168,0.949795081967213,0.9271349312954353,port_protocol_service_ablation,39,36,3,ct_src_dport_ltm|ct_dst_sport_ltm|is_sm_ips_ports,ksf-v4-idsplit::
classical_ext,svc,8,rbf_gscale_x0.1__svc__d8,rbf_gscale_x0.1,ood_test,train_cv,100.0,0.8837977154424523,0.010003089904785156,0.784,0.7799119647859143,0.7730138713745272,0.8229508196721311,0.8640096038415366,0.8193748133110552,port_protocol_service_ablation,39,36,3,ct_src_dport_ltm|ct_dst_sport_ltm|is_sm_ips_ports,ksf-v4-idsplit::
classical_ext,svc,8,rbf_gscale_x0.3__svc__d8,rbf_gscale_x0.3,id_val,fixed_c1,1.0,,0.005001544952392578,0.908,0.91015625,0.9075726157753452,0.9138576779026217,0.9438396516393442,0.8924128532536741,port_protocol_service_ablation,39,36,3,ct_src_dport_ltm|ct_dst_sport_ltm|is_sm_ips_ports,ksf-v4-idsplit::
classical_ext,svc,8,rbf_gscale_x0.3__svc__d8,rbf_gscale_x0.3,id_test,fixed_c1,1.0,,0.005001544952392578,0.86,0.86328125,0.8580904653010915,0.8745519713261649,0.9193775614754098,0.8748163305782848,port_protocol_service_ablation,39,36,3,ct_src_dport_ltm|ct_dst_sport_ltm|is_sm_ips_ports,ksf-v4-idsplit::
classical_ext,svc,8,rbf_gscale_x0.3__svc__d8,rbf_gscale_x0.3,ood_test,fixed_c1,1.0,,0.005001544952392578,0.742,0.736734693877551,0.7203906727530465,0.7981220657276995,0.7710444177671067,0.6532860986611564,port_protocol_service_ablation,39,36,3,ct_src_dport_ltm|ct_dst_sport_ltm|is_sm_ips_ports,ksf-v4-idsplit::
classical_ext,svc,8,rbf_gscale_x0.3__svc__d8,rbf_gscale_x0.3,id_val,train_cv,100.0,0.8890290630422211,0.011999845504760742,0.916,0.9166239754098361,0.9159986559784956,0.9163346613545816,0.9740650614754098,0.9554848776776161,port_protocol_service_ablation,39,36,3,ct_src_dport_ltm|ct_dst_sport_ltm|is_sm_ips_ports,ksf-v4-idsplit::
classical_ext,svc,8,rbf_gscale_x0.3__svc__d8,rbf_gscale_x0.3,id_test,train_cv,100.0,0.8890290630422211,0.011999845504760742,0.888,0.8896644467213115,0.8877413560844185,0.8931297709923665,0.9381403688524591,0.9091059489106215,port_protocol_service_ablation,39,36,3,ct_src_dport_ltm|ct_dst_sport_ltm|is_sm_ips_ports,ksf-v4-idsplit::
classical_ext,svc,8,rbf_gscale_x0.3__svc__d8,rbf_gscale_x0.3,ood_test,train_cv,100.0,0.8890290630422211,0.011999845504760742,0.78,0.777671068427371,0.7760987445245966,0.8056537102473498,0.8604241696678672,0.8133219770795723,port_protocol_service_ablation,39,36,3,ct_src_dport_ltm|ct_dst_sport_ltm|is_sm_ips_ports,ksf-v4-idsplit::
classical_ext,svc,8,rbf_gscale_x3__svc__d8,rbf_gscale_x3,id_val,fixed_c1,1.0,,0.006506681442260742,0.912,0.9127177254098361,0.9119943676395289,0.9126984126984127,0.9585040983606558,0.9144043983347164,port_protocol_service_ablation,39,36,3,ct_src_dport_ltm|ct_dst_sport_ltm|is_sm_ips_ports,ksf-v4-idsplit::
classical_ext,svc,8,rbf_gscale_x3__svc__d8,rbf_gscale_x3,id_test,fixed_c1,1.0,,0.006506681442260742,0.868,0.8705174180327868,0.8670619893971865,0.8782287822878229,0.9484503073770493,0.9260419032911935,port_protocol_service_ablation,39,36,3,ct_src_dport_ltm|ct_dst_sport_ltm|is_sm_ips_ports,ksf-v4-idsplit::
classical_ext,svc,8,rbf_gscale_x3__svc__d8,rbf_gscale_x3,ood_test,fixed_c1,1.0,,0.006506681442260742,0.766,0.7632252901160465,0.7603156458571482,0.7972270363951474,0.8440816326530612,0.7959600026948225,port_protocol_service_ablation,39,36,3,ct_src_dport_ltm|ct_dst_sport_ltm|is_sm_ips_ports,ksf-v4-idsplit::
classical_ext,svc,8,rbf_gscale_x3__svc__d8,rbf_gscale_x3,id_val,train_cv,10.0,0.8822760025062657,0.010083913803100586,0.892,0.8922259221311475,0.8919844457601894,0.8906882591093117,0.9207863729508197,0.8630638915147112,port_protocol_service_ablation,39,36,3,ct_src_dport_ltm|ct_dst_sport_ltm|is_sm_ips_ports,ksf-v4-idsplit::
classical_ext,svc,8,rbf_gscale_x3__svc__d8,rbf_gscale_x3,id_test,train_cv,10.0,0.8822760025062657,0.010083913803100586,0.864,0.8658427254098361,0.8635721623009759,0.8712121212121212,0.9399974385245902,0.9209397296706959,port_protocol_service_ablation,39,36,3,ct_src_dport_ltm|ct_dst_sport_ltm|is_sm_ips_ports,ksf-v4-idsplit::
classical_ext,svc,8,rbf_gscale_x3__svc__d8,rbf_gscale_x3,ood_test,train_cv,10.0,0.8822760025062657,0.010083913803100586,0.788,0.7855142056822729,0.7837617299061608,0.8140350877192982,0.8743497398959584,0.8432806445304992,port_protocol_service_ablation,39,36,3,ct_src_dport_ltm|ct_dst_sport_ltm|is_sm_ips_ports,ksf-v4-idsplit::
classical_ext,svc,8,rbf_gscale_x10__svc__d8,rbf_gscale_x10,id_val,fixed_c1,1.0,,0.00600123405456543,0.896,0.8963242827868853,0.8959933435739887,0.8951612903225806,0.9470414959016392,0.9375704847918513,port_protocol_service_ablation,39,36,3,ct_src_dport_ltm|ct_dst_sport_ltm|is_sm_ips_ports,ksf-v4-idsplit::
classical_ext,svc,8,rbf_gscale_x10__svc__d8,rbf_gscale_x10,id_test,fixed_c1,1.0,,0.00600123405456543,0.86,0.8619364754098361,0.8594941790445605,0.8679245283018868,0.9350665983606558,0.8929960083245462,port_protocol_service_ablation,39,36,3,ct_src_dport_ltm|ct_dst_sport_ltm|is_sm_ips_ports,ksf-v4-idsplit::
classical_ext,svc,8,rbf_gscale_x10__svc__d8,rbf_gscale_x10,ood_test,fixed_c1,1.0,,0.00600123405456543,0.774,0.7716286514605841,0.7698677452334111,0.800705467372134,0.8653061224489795,0.8472387034167829,port_protocol_service_ablation,39,36,3,ct_src_dport_ltm|ct_dst_sport_ltm|is_sm_ips_ports,ksf-v4-idsplit::
classical_ext,svc,8,rbf_gscale_x10__svc__d8,rbf_gscale_x10,id_val,train_cv,10.0,0.884878181029497,0.006999015808105469,0.912,0.9119492827868853,0.9119492827868853,0.9098360655737705,0.9268058401639343,0.9353251680996182,port_protocol_service_ablation,39,36,3,ct_src_dport_ltm|ct_dst_sport_ltm|is_sm_ips_ports,ksf-v4-idsplit::
classical_ext,svc,8,rbf_gscale_x10__svc__d8,rbf_gscale_x10,id_test,train_cv,10.0,0.884878181029497,0.006999015808105469,0.876,0.8766009221311475,0.8759980159682554,0.8764940239043825,0.9082991803278688,0.8668116459164464,port_protocol_service_ablation,39,36,3,ct_src_dport_ltm|ct_dst_sport_ltm|is_sm_ips_ports,ksf-v4-idsplit::
classical_ext,svc,8,rbf_gscale_x10__svc__d8,rbf_gscale_x10,ood_test,train_cv,10.0,0.884878181029497,0.006999015808105469,0.766,0.7651460584233694,0.7652101670017941,0.77882797731569,0.816294517807123,0.7783367424916884,port_protocol_service_ablation,39,36,3,ct_src_dport_ltm|ct_dst_sport_ltm|is_sm_ips_ports,ksf-v4-idsplit::
classical_ext,svc,8,laplacian_med_x0.1__svc__d8,laplacian_med_x0.1,id_val,fixed_c1,1.0,,0.010287046432495117,0.904,0.9039446721311475,0.9039446721311475,0.9016393442622951,0.9751536885245902,0.9728115190215098,port_protocol_service_ablation,39,36,3,ct_src_dport_ltm|ct_dst_sport_ltm|is_sm_ips_ports,ksf-v4-idsplit::
classical_ext,svc,8,laplacian_med_x0.1__svc__d8,laplacian_med_x0.1,id_test,fixed_c1,1.0,,0.010287046432495117,0.856,0.857453893442623,0.8557692307692308,0.8615384615384616,0.9545978483606556,0.9552051059963124,port_protocol_service_ablation,39,36,3,ct_src_dport_ltm|ct_dst_sport_ltm|is_sm_ips_ports,ksf-v4-idsplit::
classical_ext,svc,8,laplacian_med_x0.1__svc__d8,laplacian_med_x0.1,ood_test,fixed_c1,1.0,,0.010287046432495117,0.784,0.7826330532212885,0.7824650735590326,0.8007380073800738,0.8686994797919168,0.8645933362878557,port_protocol_service_ablation,39,36,3,ct_src_dport_ltm|ct_dst_sport_ltm|is_sm_ips_ports,ksf-v4-idsplit::
classical_ext,svc,8,laplacian_med_x0.1__svc__d8,laplacian_med_x0.1,id_val,train_cv,10.0,0.8660401002506266,0.009999275207519531,0.9,0.8992699795081966,0.8997288668559785,0.8945147679324894,0.9776511270491803,0.9756669869966654,port_protocol_service_ablation,39,36,3,ct_src_dport_ltm|ct_dst_sport_ltm|is_sm_ips_ports,ksf-v4-idsplit::
classical_ext,svc,8,laplacian_med_x0.1__svc__d8,laplacian_med_x0.1,id_test,train_cv,10.0,0.8660401002506266,0.009999275207519531,0.856,0.8563012295081966,0.8559907834101382,0.8548387096774194,0.9538934426229508,0.9552828403372614,port_protocol_service_ablation,39,36,3,ct_src_dport_ltm|ct_dst_sport_ltm|is_sm_ips_ports,ksf-v4-idsplit::
classical_ext,svc,8,laplacian_med_x0.1__svc__d8,laplacian_med_x0.1,ood_test,train_cv,10.0,0.8660401002506266,0.009999275207519531,0.786,0.785954381752701,0.7859306415278551,0.7897838899803536,0.8772468987595038,0.8701560643749396,port_protocol_service_ablation,39,36,3,ct_src_dport_ltm|ct_dst_sport_ltm|is_sm_ips_ports,ksf-v4-idsplit::
classical_ext,svc,8,laplacian_med_x0.3__svc__d8,laplacian_med_x0.3,id_val,fixed_c1,1.0,,0.006999969482421875,0.912,0.9129098360655737,0.9119774662313552,0.9133858267716536,0.9747694672131147,0.9676573595904434,port_protocol_service_ablation,39,36,3,ct_src_dport_ltm|ct_dst_sport_ltm|is_sm_ips_ports,ksf-v4-idsplit::
classical_ext,svc,8,laplacian_med_x0.3__svc__d8,laplacian_med_x0.3,id_test,fixed_c1,1.0,,0.006999969482421875,0.872,0.8744236680327868,0.8711755233494365,0.8814814814814815,0.9654200819672132,0.9664651758033687,port_protocol_service_ablation,39,36,3,ct_src_dport_ltm|ct_dst_sport_ltm|is_sm_ips_ports,ksf-v4-idsplit::
classical_ext,svc,8,laplacian_med_x0.3__svc__d8,laplacian_med_x0.3,ood_test,fixed_c1,1.0,,0.006999969482421875,0.78,0.77703081232493,0.7739193344185205,0.8109965635738832,0.8786394557823131,0.8508981823863048,port_protocol_service_ablation,39,36,3,ct_src_dport_ltm|ct_dst_sport_ltm|is_sm_ips_ports,ksf-v4-idsplit::
classical_ext,svc,8,laplacian_med_x0.3__svc__d8,laplacian_med_x0.3,id_val,train_cv,1.0,0.8838792895700791,0.004999876022338867,0.912,0.9129098360655737,0.9119774662313552,0.9133858267716536,0.9747694672131147,0.9676573595904434,port_protocol_service_ablation,39,36,3,ct_src_dport_ltm|ct_dst_sport_ltm|is_sm_ips_ports,ksf-v4-idsplit::
classical_ext,svc,8,laplacian_med_x0.3__svc__d8,laplacian_med_x0.3,id_test,train_cv,1.0,0.8838792895700791,0.004999876022338867,0.872,0.8744236680327868,0.8711755233494365,0.8814814814814815,0.9654200819672132,0.9664651758033687,port_protocol_service_ablation,39,36,3,ct_src_dport_ltm|ct_dst_sport_ltm|is_sm_ips_ports,ksf-v4-idsplit::
classical_ext,svc,8,laplacian_med_x0.3__svc__d8,laplacian_med_x0.3,ood_test,train_cv,1.0,0.8838792895700791,0.004999876022338867,0.78,0.77703081232493,0.7739193344185205,0.8109965635738832,0.8786394557823131,0.8508981823863048,port_protocol_service_ablation,39,36,3,ct_src_dport_ltm|ct_dst_sport_ltm|is_sm_ips_ports,ksf-v4-idsplit::
classical_ext,svc,8,laplacian_med_x3__svc__d8,laplacian_med_x3,id_val,fixed_c1,1.0,,0.00556182861328125,0.924,0.92578125,0.9237939388105437,0.9277566539923955,0.9645876024590164,0.9430047113220583,port_protocol_service_ablation,39,36,3,ct_src_dport_ltm|ct_dst_sport_ltm|is_sm_ips_ports,ksf-v4-idsplit::
classical_ext,svc,8,laplacian_med_x3__svc__d8,laplacian_med_x3,id_test,fixed_c1,1.0,,0.00556182861328125,0.868,0.87109375,0.8664421816062553,0.8808664259927798,0.9528688524590163,0.9336157918764731,port_protocol_service_ablation,39,36,3,ct_src_dport_ltm|ct_dst_sport_ltm|is_sm_ips_ports,ksf-v4-idsplit::
classical_ext,svc,8,laplacian_med_x3__svc__d8,laplacian_med_x3,ood_test,fixed_c1,1.0,,0.00556182861328125,0.758,0.7530612244897958,0.7401638041736994,0.8082408874801902,0.8575590236094437,0.8142011116334249,port_protocol_service_ablation,39,36,3,ct_src_dport_ltm|ct_dst_sport_ltm|is_sm_ips_ports,ksf-v4-idsplit::
classical_ext,svc,8,laplacian_med_x3__svc__d8,laplacian_med_x3,id_val,train_cv,10.0,0.8867437825332563,0.0049517154693603516,0.904,0.9047131147540983,0.9039938556067588,0.9047619047619048,0.9693263319672131,0.9364668600192191,port_protocol_service_ablation,39,36,3,ct_src_dport_ltm|ct_dst_sport_ltm|is_sm_ips_ports,ksf-v4-idsplit::
classical_ext,svc,8,laplacian_med_x3__svc__d8,laplacian_med_x3,id_test,train_cv,10.0,0.8867437825332563,0.0049517154693603516,0.864,0.8662269467213115,0.8632913021101389,0.8731343283582089,0.9691342213114754,0.9696865952842337,port_protocol_service_ablation,39,36,3,ct_src_dport_ltm|ct_dst_sport_ltm|is_sm_ips_ports,ksf-v4-idsplit::
classical_ext,svc,8,laplacian_med_x3__svc__d8,laplacian_med_x3,ood_test,train_cv,10.0,0.8867437825332563,0.0049517154693603516,0.802,0.7992396958783514,0.7971901618791253,0.82842287694974,0.8876990796318528,0.8732104345611532,port_protocol_service_ablation,39,36,3,ct_src_dport_ltm|ct_dst_sport_ltm|is_sm_ips_ports,ksf-v4-idsplit::
classical_ext,svc,8,laplacian_med_x10__svc__d8,laplacian_med_x10,id_val,fixed_c1,1.0,,0.003999948501586914,0.908,0.91015625,0.9075726157753452,0.9138576779026217,0.9477459016393442,0.8976298416824127,port_protocol_service_ablation,39,36,3,ct_src_dport_ltm|ct_dst_sport_ltm|is_sm_ips_ports,ksf-v4-idsplit::
classical_ext,svc,8,laplacian_med_x10__svc__d8,laplacian_med_x10,id_test,fixed_c1,1.0,,0.003999948501586914,0.864,0.8671875,0.8622723442867328,0.8776978417266187,0.9197617827868853,0.8684780562084572,port_protocol_service_ablation,39,36,3,ct_src_dport_ltm|ct_dst_sport_ltm|is_sm_ips_ports,ksf-v4-idsplit::
classical_ext,svc,8,laplacian_med_x10__svc__d8,laplacian_med_x10,ood_test,fixed_c1,1.0,,0.003999948501586914,0.74,0.7346938775510204,0.7178819444444444,0.796875,0.8242496998799521,0.7405699288172181,port_protocol_service_ablation,39,36,3,ct_src_dport_ltm|ct_dst_sport_ltm|is_sm_ips_ports,ksf-v4-idsplit::
classical_ext,svc,8,laplacian_med_x10__svc__d8,laplacian_med_x10,id_val,train_cv,100.0,0.888225612107191,0.005508899688720703,0.912,0.9123335040983607,0.9119943676395289,0.9112903225806451,0.9671490778688525,0.9364853576360492,port_protocol_service_ablation,39,36,3,ct_src_dport_ltm|ct_dst_sport_ltm|is_sm_ips_ports,ksf-v4-idsplit::
classical_ext,svc,8,laplacian_med_x10__svc__d8,laplacian_med_x10,id_test,train_cv,100.0,0.888225612107191,0.005508899688720703,0.88,0.8812756147540983,0.8798769940418989,0.8837209302325582,0.9663165983606558,0.9645291516675558,port_protocol_service_ablation,39,36,3,ct_src_dport_ltm|ct_dst_sport_ltm|is_sm_ips_ports,ksf-v4-idsplit::
classical_ext,svc,8,laplacian_med_x10__svc__d8,laplacian_med_x10,ood_test,train_cv,100.0,0.888225612107191,0.005508899688720703,0.78,0.7783113245298119,0.7777777777777778,0.8,0.8727490996398559,0.8386242940296303,port_protocol_service_ablation,39,36,3,ct_src_dport_ltm|ct_dst_sport_ltm|is_sm_ips_ports,ksf-v4-idsplit::
classical_ext,svc,8,matern15_med_x0.1__svc__d8,matern15_med_x0.1,id_val,fixed_c1,1.0,,0.0070765018463134766,0.892,0.8916495901639344,0.8918598503660744,0.8879668049792531,0.9715676229508197,0.9700787858543423,port_protocol_service_ablation,39,36,3,ct_src_dport_ltm|ct_dst_sport_ltm|is_sm_ips_ports,ksf-v4-idsplit::
classical_ext,svc,8,matern15_med_x0.1__svc__d8,matern15_med_x0.1,id_test,fixed_c1,1.0,,0.0070765018463134766,0.836,0.8367699795081966,0.8359763805988063,0.8379446640316206,0.9519082991803278,0.9535984432771728,port_protocol_service_ablation,39,36,3,ct_src_dport_ltm|ct_dst_sport_ltm|is_sm_ips_ports,ksf-v4-idsplit::
classical_ext,svc,8,matern15_med_x0.1__svc__d8,matern15_med_x0.1,ood_test,fixed_c1,1.0,,0.0070765018463134766,0.762,0.7609043617446979,0.7608280574816602,0.7775700934579439,0.8463705482192877,0.8029299407726476,port_protocol_service_ablation,39,36,3,ct_src_dport_ltm|ct_dst_sport_ltm|is_sm_ips_ports,ksf-v4-idsplit::
classical_ext,svc,8,matern15_med_x0.1__svc__d8,matern15_med_x0.1,id_val,train_cv,1.0,0.8668124638519377,0.007097005844116211,0.892,0.8916495901639344,0.8918598503660744,0.8879668049792531,0.9715676229508197,0.9700787858543423,port_protocol_service_ablation,39,36,3,ct_src_dport_ltm|ct_dst_sport_ltm|is_sm_ips_ports,ksf-v4-idsplit::
classical_ext,svc,8,matern15_med_x0.1__svc__d8,matern15_med_x0.1,id_test,train_cv,1.0,0.8668124638519377,0.007097005844116211,0.836,0.8367699795081966,0.8359763805988063,0.8379446640316206,0.9519082991803278,0.9535984432771728,port_protocol_service_ablation,39,36,3,ct_src_dport_ltm|ct_dst_sport_ltm|is_sm_ips_ports,ksf-v4-idsplit::
classical_ext,svc,8,matern15_med_x0.1__svc__d8,matern15_med_x0.1,ood_test,train_cv,1.0,0.8668124638519377,0.007097005844116211,0.762,0.7609043617446979,0.7608280574816602,0.7775700934579439,0.8463705482192877,0.8029299407726476,port_protocol_service_ablation,39,36,3,ct_src_dport_ltm|ct_dst_sport_ltm|is_sm_ips_ports,ksf-v4-idsplit::
classical_ext,svc,8,matern15_med_x0.3__svc__d8,matern15_med_x0.3,id_val,fixed_c1,1.0,,0.0049991607666015625,0.904,0.9047131147540983,0.9039938556067588,0.9047619047619048,0.955110143442623,0.9382320379431002,port_protocol_service_ablation,39,36,3,ct_src_dport_ltm|ct_dst_sport_ltm|is_sm_ips_ports,ksf-v4-idsplit::
classical_ext,svc,8,matern15_med_x0.3__svc__d8,matern15_med_x0.3,id_test,fixed_c1,1.0,,0.0049991607666015625,0.868,0.8703253073770492,0.8672331386086033,0.8773234200743495,0.9500512295081966,0.9226803370713077,port_protocol_service_ablation,39,36,3,ct_src_dport_ltm|ct_dst_sport_ltm|is_sm_ips_ports,ksf-v4-idsplit::
classical_ext,svc,8,matern15_med_x0.3__svc__d8,matern15_med_x0.3,ood_test,fixed_c1,1.0,,0.0049991607666015625,0.77,0.7670668267306923,0.7638011986575692,0.802065404475043,0.8657062825130051,0.8304823613763558,port_protocol_service_ablation,39,36,3,ct_src_dport_ltm|ct_dst_sport_ltm|is_sm_ips_ports,ksf-v4-idsplit::
classical_ext,svc,8,matern15_med_x0.3__svc__d8,matern15_med_x0.3,id_val,train_cv,10.0,0.8869033159822634,0.0059986114501953125,0.916,0.916047643442623,0.9159663865546218,0.9142857142857143,0.9522284836065573,0.9534742153797338,port_protocol_service_ablation,39,36,3,ct_src_dport_ltm|ct_dst_sport_ltm|is_sm_ips_ports,ksf-v4-idsplit::
classical_ext,svc,8,matern15_med_x0.3__svc__d8,matern15_med_x0.3,id_test,train_cv,10.0,0.8869033159822634,0.0059986114501953125,0.872,0.8728867827868853,0.871967223609244,0.8740157480314961,0.9265496926229507,0.9187668110482199,port_protocol_service_ablation,39,36,3,ct_src_dport_ltm|ct_dst_sport_ltm|is_sm_ips_ports,ksf-v4-idsplit::
classical_ext,svc,8,matern15_med_x0.3__svc__d8,matern15_med_x0.3,ood_test,train_cv,10.0,0.8869033159822634,0.0059986114501953125,0.776,0.7747899159663866,0.7746986594570238,0.79182156133829,0.8510604241696678,0.8263098257114123,port_protocol_service_ablation,39,36,3,ct_src_dport_ltm|ct_dst_sport_ltm|is_sm_ips_ports,ksf-v4-idsplit::
classical_ext,svc,8,matern15_med_x3__svc__d8,matern15_med_x3,id_val,fixed_c1,1.0,,0.004506826400756836,0.908,0.91015625,0.9075726157753452,0.9138576779026217,0.9190573770491803,0.8451828280968403,port_protocol_service_ablation,39,36,3,ct_src_dport_ltm|ct_dst_sport_ltm|is_sm_ips_ports,ksf-v4-idsplit::
classical_ext,svc,8,matern15_med_x3__svc__d8,matern15_med_x3,id_test,fixed_c1,1.0,,0.004506826400756836,0.86,0.86328125,0.8580904653010915,0.8745519713261649,0.899718237704918,0.8595344501958577,port_protocol_service_ablation,39,36,3,ct_src_dport_ltm|ct_dst_sport_ltm|is_sm_ips_ports,ksf-v4-idsplit::
classical_ext,svc,8,matern15_med_x3__svc__d8,matern15_med_x3,ood_test,fixed_c1,1.0,,0.004506826400756836,0.74,0.7346938775510204,0.7178819444444444,0.796875,0.766482593037215,0.6467869995597286,port_protocol_service_ablation,39,36,3,ct_src_dport_ltm|ct_dst_sport_ltm|is_sm_ips_ports,ksf-v4-idsplit::
classical_ext,svc,8,matern15_med_x3__svc__d8,matern15_med_x3,id_val,train_cv,100.0,0.8844874204742625,0.0069980621337890625,0.912,0.9125256147540983,0.912,0.912,0.9654200819672132,0.94113490555886,port_protocol_service_ablation,39,36,3,ct_src_dport_ltm|ct_dst_sport_ltm|is_sm_ips_ports,ksf-v4-idsplit::
classical_ext,svc,8,matern15_med_x3__svc__d8,matern15_med_x3,id_test,train_cv,100.0,0.8844874204742625,0.0069980621337890625,0.884,0.8861424180327868,0.8834611242384787,0.8913857677902621,0.9491547131147542,0.9315262935938105,port_protocol_service_ablation,39,36,3,ct_src_dport_ltm|ct_dst_sport_ltm|is_sm_ips_ports,ksf-v4-idsplit::
classical_ext,svc,8,matern15_med_x3__svc__d8,matern15_med_x3,ood_test,train_cv,100.0,0.8844874204742625,0.0069980621337890625,0.78,0.7771908763505402,0.7745125371029371,0.8096885813148789,0.8539255702280911,0.807714532078949,port_protocol_service_ablation,39,36,3,ct_src_dport_ltm|ct_dst_sport_ltm|is_sm_ips_ports,ksf-v4-idsplit::
classical_ext,svc,8,matern15_med_x10__svc__d8,matern15_med_x10,id_val,fixed_c1,1.0,,0.006998538970947266,0.856,0.8564933401639344,0.856,0.856,0.9385886270491803,0.9175529996669729,port_protocol_service_ablation,39,36,3,ct_src_dport_ltm|ct_dst_sport_ltm|is_sm_ips_ports,ksf-v4-idsplit::
classical_ext,svc,8,matern15_med_x10__svc__d8,matern15_med_x10,id_test,fixed_c1,1.0,,0.006998538970947266,0.82,0.8211449795081966,0.8198587692751116,0.8249027237354085,0.9202100409836065,0.9186826064635055,port_protocol_service_ablation,39,36,3,ct_src_dport_ltm|ct_dst_sport_ltm|is_sm_ips_ports,ksf-v4-idsplit::
classical_ext,svc,8,matern15_med_x10__svc__d8,matern15_med_x10,ood_test,fixed_c1,1.0,,0.006998538970947266,0.776,0.7715086034413765,0.7623089983022071,0.8193548387096774,0.7822008803521407,0.7059392554832206,port_protocol_service_ablation,39,36,3,ct_src_dport_ltm|ct_dst_sport_ltm|is_sm_ips_ports,ksf-v4-idsplit::
classical_ext,svc,8,matern15_med_x10__svc__d8,matern15_med_x10,id_val,train_cv,100.0,0.8733177896664739,0.005591869354248047,0.908,0.91015625,0.9075726157753452,0.9138576779026217,0.9375,0.8817148469622047,port_protocol_service_ablation,39,36,3,ct_src_dport_ltm|ct_dst_sport_ltm|is_sm_ips_ports,ksf-v4-idsplit::
classical_ext,svc,8,matern15_med_x10__svc__d8,matern15_med_x10,id_test,train_cv,100.0,0.8733177896664739,0.005591869354248047,0.86,0.86328125,0.8580904653010915,0.8745519713261649,0.9043929303278689,0.8466402782368535,port_protocol_service_ablation,39,36,3,ct_src_dport_ltm|ct_dst_sport_ltm|is_sm_ips_ports,ksf-v4-idsplit::
classical_ext,svc,8,matern15_med_x10__svc__d8,matern15_med_x10,ood_test,train_cv,100.0,0.8733177896664739,0.005591869354248047,0.74,0.7346938775510204,0.7178819444444444,0.796875,0.7465066026410565,0.6239489748898267,port_protocol_service_ablation,39,36,3,ct_src_dport_ltm|ct_dst_sport_ltm|is_sm_ips_ports,ksf-v4-idsplit::
classical_ext,svc,8,matern25_med_x0.1__svc__d8,matern25_med_x0.1,id_val,fixed_c1,1.0,,0.008004903793334961,0.892,0.8916495901639344,0.8918598503660744,0.8879668049792531,0.9714395491803278,0.9699945487780768,port_protocol_service_ablation,39,36,3,ct_src_dport_ltm|ct_dst_sport_ltm|is_sm_ips_ports,ksf-v4-idsplit::
classical_ext,svc,8,matern25_med_x0.1__svc__d8,matern25_med_x0.1,id_test,fixed_c1,1.0,,0.008004903793334961,0.84,0.8406762295081966,0.8399897593445981,0.8412698412698413,0.9514600409836065,0.9533583140044521,port_protocol_service_ablation,39,36,3,ct_src_dport_ltm|ct_dst_sport_ltm|is_sm_ips_ports,ksf-v4-idsplit::
classical_ext,svc,8,matern25_med_x0.1__svc__d8,matern25_med_x0.1,ood_test,fixed_c1,1.0,,0.008004903793334961,0.766,0.7650660264105642,0.7650970329948321,0.7796610169491526,0.8430732292917167,0.7917325114463167,port_protocol_service_ablation,39,36,3,ct_src_dport_ltm|ct_dst_sport_ltm|is_sm_ips_ports,ksf-v4-idsplit::
classical_ext,svc,8,matern25_med_x0.1__svc__d8,matern25_med_x0.1,id_val,train_cv,1.0,0.8634943127048389,0.0069997310638427734,0.892,0.8916495901639344,0.8918598503660744,0.8879668049792531,0.9714395491803278,0.9699945487780768,port_protocol_service_ablation,39,36,3,ct_src_dport_ltm|ct_dst_sport_ltm|is_sm_ips_ports,ksf-v4-idsplit::
classical_ext,svc,8,matern25_med_x0.1__svc__d8,matern25_med_x0.1,id_test,train_cv,1.0,0.8634943127048389,0.0069997310638427734,0.84,0.8406762295081966,0.8399897593445981,0.8412698412698413,0.9514600409836065,0.9533583140044521,port_protocol_service_ablation,39,36,3,ct_src_dport_ltm|ct_dst_sport_ltm|is_sm_ips_ports,ksf-v4-idsplit::
classical_ext,svc,8,matern25_med_x0.1__svc__d8,matern25_med_x0.1,ood_test,train_cv,1.0,0.8634943127048389,0.0069997310638427734,0.766,0.7650660264105642,0.7650970329948321,0.7796610169491526,0.8430732292917167,0.7917325114463167,port_protocol_service_ablation,39,36,3,ct_src_dport_ltm|ct_dst_sport_ltm|is_sm_ips_ports,ksf-v4-idsplit::
classical_ext,svc,8,matern25_med_x0.3__svc__d8,matern25_med_x0.3,id_val,fixed_c1,1.0,,0.0055027008056640625,0.908,0.9086193647540983,0.9079985279764475,0.9083665338645418,0.9526767418032787,0.9267574433456767,port_protocol_service_ablation,39,36,3,ct_src_dport_ltm|ct_dst_sport_ltm|is_sm_ips_ports,ksf-v4-idsplit::
classical_ext,svc,8,matern25_med_x0.3__svc__d8,matern25_med_x0.3,id_test,fixed_c1,1.0,,0.0055027008056640625,0.872,0.8744236680327868,0.8711755233494365,0.8814814814814815,0.950499487704918,0.9236244715184612,port_protocol_service_ablation,39,36,3,ct_src_dport_ltm|ct_dst_sport_ltm|is_sm_ips_ports,ksf-v4-idsplit::
classical_ext,svc,8,matern25_med_x0.3__svc__d8,matern25_med_x0.3,ood_test,fixed_c1,1.0,,0.0055027008056640625,0.772,0.7691076430572229,0.7660098522167488,0.803448275862069,0.8659623849539815,0.8342556049043657,port_protocol_service_ablation,39,36,3,ct_src_dport_ltm|ct_dst_sport_ltm|is_sm_ips_ports,ksf-v4-idsplit::
classical_ext,svc,8,matern25_med_x0.3__svc__d8,matern25_med_x0.3,id_val,train_cv,10.0,0.8860420281472912,0.007830142974853516,0.916,0.916047643442623,0.9159663865546218,0.9142857142857143,0.9314164959016393,0.911038463367752,port_protocol_service_ablation,39,36,3,ct_src_dport_ltm|ct_dst_sport_ltm|is_sm_ips_ports,ksf-v4-idsplit::
classical_ext,svc,8,matern25_med_x0.3__svc__d8,matern25_med_x0.3,id_test,train_cv,10.0,0.8860420281472912,0.007830142974853516,0.868,0.869172643442623,0.8678964308017485,0.8715953307392996,0.9347464139344261,0.9209483218564045,port_protocol_service_ablation,39,36,3,ct_src_dport_ltm|ct_dst_sport_ltm|is_sm_ips_ports,ksf-v4-idsplit::
classical_ext,svc,8,matern25_med_x0.3__svc__d8,matern25_med_x0.3,ood_test,train_cv,10.0,0.8860420281472912,0.007830142974853516,0.78,0.7784713885554222,0.77812202481806,0.7985347985347986,0.8547418967587036,0.8345714134094753,port_protocol_service_ablation,39,36,3,ct_src_dport_ltm|ct_dst_sport_ltm|is_sm_ips_ports,ksf-v4-idsplit::
classical_ext,svc,8,matern25_med_x3__svc__d8,matern25_med_x3,id_val,fixed_c1,1.0,,0.00500035285949707,0.856,0.8566854508196722,0.8559907834101382,0.8571428571428571,0.8856941598360656,0.7979622225545681,port_protocol_service_ablation,39,36,3,ct_src_dport_ltm|ct_dst_sport_ltm|is_sm_ips_ports,ksf-v4-idsplit::
classical_ext,svc,8,matern25_med_x3__svc__d8,matern25_med_x3,id_test,fixed_c1,1.0,,0.00500035285949707,0.812,0.8133324795081966,0.8117560358224258,0.8185328185328186,0.8780097336065573,0.8232759064081968,port_protocol_service_ablation,39,36,3,ct_src_dport_ltm|ct_dst_sport_ltm|is_sm_ips_ports,ksf-v4-idsplit::
classical_ext,svc,8,matern25_med_x3__svc__d8,matern25_med_x3,ood_test,fixed_c1,1.0,,0.00500035285949707,0.77,0.7653861544617847,0.7551847609964619,0.8154093097913323,0.7116606642657063,0.6003883785607529,port_protocol_service_ablation,39,36,3,ct_src_dport_ltm|ct_dst_sport_ltm|is_sm_ips_ports,ksf-v4-idsplit::
classical_ext,svc,8,matern25_med_x3__svc__d8,matern25_med_x3,id_val,train_cv,100.0,0.8776864035087719,0.008908987045288086,0.924,0.92578125,0.9237939388105437,0.9277566539923955,0.9715676229508197,0.9497056212978339,port_protocol_service_ablation,39,36,3,ct_src_dport_ltm|ct_dst_sport_ltm|is_sm_ips_ports,ksf-v4-idsplit::
classical_ext,svc,8,matern25_med_x3__svc__d8,matern25_med_x3,id_test,train_cv,100.0,0.8776864035087719,0.008908987045288086,0.864,0.8669953893442623,0.8625129399585921,0.8768115942028986,0.9488345286885246,0.9196498147614953,port_protocol_service_ablation,39,36,3,ct_src_dport_ltm|ct_dst_sport_ltm|is_sm_ips_ports,ksf-v4-idsplit::
classical_ext,svc,8,matern25_med_x3__svc__d8,matern25_med_x3,ood_test,train_cv,100.0,0.8776864035087719,0.008908987045288086,0.766,0.7612244897959184,0.7498621034672961,0.8133971291866029,0.8617687074829933,0.8120614650206526,port_protocol_service_ablation,39,36,3,ct_src_dport_ltm|ct_dst_sport_ltm|is_sm_ips_ports,ksf-v4-idsplit::
classical_ext,svc,8,matern25_med_x10__svc__d8,matern25_med_x10,id_val,fixed_c1,1.0,,0.00605010986328125,0.736,0.7393058401639344,0.7321428571428571,0.7642857142857142,0.9163037909836065,0.9030139488417657,port_protocol_service_ablation,39,36,3,ct_src_dport_ltm|ct_dst_sport_ltm|is_sm_ips_ports,ksf-v4-idsplit::
classical_ext,svc,8,matern25_med_x10__svc__d8,matern25_med_x10,id_test,fixed_c1,1.0,,0.00605010986328125,0.72,0.7234887295081966,0.7153360661070987,0.75177304964539,0.8975409836065573,0.9086536921413642,port_protocol_service_ablation,39,36,3,ct_src_dport_ltm|ct_dst_sport_ltm|is_sm_ips_ports,ksf-v4-idsplit::
classical_ext,svc,8,matern25_med_x10__svc__d8,matern25_med_x10,ood_test,fixed_c1,1.0,,0.00605010986328125,0.732,0.726610644257703,0.7084877912946623,0.7912772585669782,0.788235294117647,0.7144001930688619,port_protocol_service_ablation,39,36,3,ct_src_dport_ltm|ct_dst_sport_ltm|is_sm_ips_ports,ksf-v4-idsplit::
classical_ext,svc,8,matern25_med_x10__svc__d8,matern25_med_x10,id_val,train_cv,10.0,0.8349424040871408,0.004778623580932617,0.856,0.8564933401639344,0.856,0.856,0.8882556352459017,0.7929996529494635,port_protocol_service_ablation,39,36,3,ct_src_dport_ltm|ct_dst_sport_ltm|is_sm_ips_ports,ksf-v4-idsplit::
classical_ext,svc,8,matern25_med_x10__svc__d8,matern25_med_x10,id_test,train_cv,10.0,0.8349424040871408,0.004778623580932617,0.82,0.8211449795081966,0.8198587692751116,0.8249027237354085,0.8685963114754098,0.7987769265443327,port_protocol_service_ablation,39,36,3,ct_src_dport_ltm|ct_dst_sport_ltm|is_sm_ips_ports,ksf-v4-idsplit::
classical_ext,svc,8,matern25_med_x10__svc__d8,matern25_med_x10,ood_test,train_cv,10.0,0.8349424040871408,0.004778623580932617,0.788,0.7837535014005602,0.7763750822770924,0.8273615635179153,0.6658503401360545,0.5628432436335415,port_protocol_service_ablation,39,36,3,ct_src_dport_ltm|ct_dst_sport_ltm|is_sm_ips_ports,ksf-v4-idsplit::
quantum,svc,8,zz_r1_full__as0.5__svc__d8,zz_r1_full__as0.5,id_val,fixed_c1,1.0,,0.00699925422668457,0.904,0.904328893442623,0.9039938556067588,0.9032258064516129,0.9663165983606558,0.9545641801647015,port_protocol_service_ablation,39,36,3,ct_src_dport_ltm|ct_dst_sport_ltm|is_sm_ips_ports,ksf-v4-idsplit::
quantum,svc,8,zz_r1_full__as0.5__svc__d8,zz_r1_full__as0.5,id_test,fixed_c1,1.0,,0.00699925422668457,0.876,0.8777535860655737,0.8756637949014134,0.8821292775665399,0.9480660860655737,0.9418607747011783,port_protocol_service_ablation,39,36,3,ct_src_dport_ltm|ct_dst_sport_ltm|is_sm_ips_ports,ksf-v4-idsplit::
quantum,svc,8,zz_r1_full__as0.5__svc__d8,zz_r1_full__as0.5,ood_test,fixed_c1,1.0,,0.00699925422668457,0.774,0.7719487795118047,0.7708087409084087,0.7978533094812165,0.8553181272509004,0.8090543871223501,port_protocol_service_ablation,39,36,3,ct_src_dport_ltm|ct_dst_sport_ltm|is_sm_ips_ports,ksf-v4-idsplit::
quantum,svc,8,zz_r1_full__as0.5__svc__d8,zz_r1_full__as0.5,id_val,train_cv,1.0,0.8643310198573356,0.006000041961669922,0.904,0.904328893442623,0.9039938556067588,0.9032258064516129,0.9663165983606558,0.9545641801647015,port_protocol_service_ablation,39,36,3,ct_src_dport_ltm|ct_dst_sport_ltm|is_sm_ips_ports,ksf-v4-idsplit::
quantum,svc,8,zz_r1_full__as0.5__svc__d8,zz_r1_full__as0.5,id_test,train_cv,1.0,0.8643310198573356,0.006000041961669922,0.876,0.8777535860655737,0.8756637949014134,0.8821292775665399,0.9480660860655737,0.9418607747011783,port_protocol_service_ablation,39,36,3,ct_src_dport_ltm|ct_dst_sport_ltm|is_sm_ips_ports,ksf-v4-idsplit::
quantum,svc,8,zz_r1_full__as0.5__svc__d8,zz_r1_full__as0.5,ood_test,train_cv,1.0,0.8643310198573356,0.006000041961669922,0.774,0.7719487795118047,0.7708087409084087,0.7978533094812165,0.8553181272509004,0.8090543871223501,port_protocol_service_ablation,39,36,3,ct_src_dport_ltm|ct_dst_sport_ltm|is_sm_ips_ports,ksf-v4-idsplit::
quantum,svc,8,zz_r2_full__as0.5__svc__d8,zz_r2_full__as0.5,id_val,fixed_c1,1.0,,0.007816076278686523,0.872,0.8701972336065573,0.8708093792390672,0.8584070796460177,0.9662525614754098,0.9416761965928336,port_protocol_service_ablation,39,36,3,ct_src_dport_ltm|ct_dst_sport_ltm|is_sm_ips_ports,ksf-v4-idsplit::
quantum,svc,8,zz_r2_full__as0.5__svc__d8,zz_r2_full__as0.5,id_test,fixed_c1,1.0,,0.007816076278686523,0.848,0.8475281762295082,0.8477564102564102,0.8416666666666667,0.9352587090163935,0.9444112390352843,port_protocol_service_ablation,39,36,3,ct_src_dport_ltm|ct_dst_sport_ltm|is_sm_ips_ports,ksf-v4-idsplit::
quantum,svc,8,zz_r2_full__as0.5__svc__d8,zz_r2_full__as0.5,ood_test,fixed_c1,1.0,,0.007816076278686523,0.75,0.7507402961184474,0.7498789414076412,0.7443762781186094,0.8305082032813126,0.7877003716584428,port_protocol_service_ablation,39,36,3,ct_src_dport_ltm|ct_dst_sport_ltm|is_sm_ips_ports,ksf-v4-idsplit::
quantum,svc,8,zz_r2_full__as0.5__svc__d8,zz_r2_full__as0.5,id_val,train_cv,10.0,0.8442193223443223,0.010483026504516602,0.872,0.8701972336065573,0.8708093792390672,0.8584070796460177,0.9633709016393442,0.9504103975195548,port_protocol_service_ablation,39,36,3,ct_src_dport_ltm|ct_dst_sport_ltm|is_sm_ips_ports,ksf-v4-idsplit::
quantum,svc,8,zz_r2_full__as0.5__svc__d8,zz_r2_full__as0.5,id_test,train_cv,10.0,0.8442193223443223,0.010483026504516602,0.824,0.8233222336065573,0.8235935595612291,0.8151260504201681,0.9185450819672132,0.9106757631704484,port_protocol_service_ablation,39,36,3,ct_src_dport_ltm|ct_dst_sport_ltm|is_sm_ips_ports,ksf-v4-idsplit::
quantum,svc,8,zz_r2_full__as0.5__svc__d8,zz_r2_full__as0.5,ood_test,train_cv,10.0,0.8442193223443223,0.010483026504516602,0.764,0.7644657863145259,0.7639848950332822,0.7620967741935484,0.8182633053221289,0.7801034955146539,port_protocol_service_ablation,39,36,3,ct_src_dport_ltm|ct_dst_sport_ltm|is_sm_ips_ports,ksf-v4-idsplit::
quantum,svc,8,pauli_xz_r1_full__as0.5__svc__d8,pauli_xz_r1_full__as0.5,id_val,fixed_c1,1.0,,0.005003929138183594,0.928,0.9296875,0.9278337289114119,0.9312977099236641,0.9664446721311475,0.938201426049573,port_protocol_service_ablation,39,36,3,ct_src_dport_ltm|ct_dst_sport_ltm|is_sm_ips_ports,ksf-v4-idsplit::
quantum,svc,8,pauli_xz_r1_full__as0.5__svc__d8,pauli_xz_r1_full__as0.5,id_test,fixed_c1,1.0,,0.005003929138183594,0.868,0.87109375,0.8664421816062553,0.8808664259927798,0.936859631147541,0.8995417875442355,port_protocol_service_ablation,39,36,3,ct_src_dport_ltm|ct_dst_sport_ltm|is_sm_ips_ports,ksf-v4-idsplit::
quantum,svc,8,pauli_xz_r1_full__as0.5__svc__d8,pauli_xz_r1_full__as0.5,ood_test,fixed_c1,1.0,,0.005003929138183594,0.768,0.7634253701480592,0.7533132581364093,0.8135048231511254,0.8434253701480593,0.7946979359179418,port_protocol_service_ablation,39,36,3,ct_src_dport_ltm|ct_dst_sport_ltm|is_sm_ips_ports,ksf-v4-idsplit::
quantum,svc,8,pauli_xz_r1_full__as0.5__svc__d8,pauli_xz_r1_full__as0.5,id_val,train_cv,10.0,0.8891183487565067,0.0062868595123291016,0.916,0.9166239754098361,0.9159986559784956,0.9163346613545816,0.975922131147541,0.9599516349523596,port_protocol_service_ablation,39,36,3,ct_src_dport_ltm|ct_dst_sport_ltm|is_sm_ips_ports,ksf-v4-idsplit::
quantum,svc,8,pauli_xz_r1_full__as0.5__svc__d8,pauli_xz_r1_full__as0.5,id_test,train_cv,10.0,0.8891183487565067,0.0062868595123291016,0.892,0.8939549180327868,0.8916097952629466,0.8981132075471698,0.943391393442623,0.9176138616252307,port_protocol_service_ablation,39,36,3,ct_src_dport_ltm|ct_dst_sport_ltm|is_sm_ips_ports,ksf-v4-idsplit::
quantum,svc,8,pauli_xz_r1_full__as0.5__svc__d8,pauli_xz_r1_full__as0.5,ood_test,train_cv,10.0,0.8891183487565067,0.0062868595123291016,0.788,0.7856742697078831,0.7842406083600657,0.8127208480565371,0.8563905562224889,0.8117346142233322,port_protocol_service_ablation,39,36,3,ct_src_dport_ltm|ct_dst_sport_ltm|is_sm_ips_ports,ksf-v4-idsplit::
quantum,svc,8,zmap_r2__as0.5__svc__d8,zmap_r2__as0.5,id_val,fixed_c1,1.0,,0.00504755973815918,0.908,0.9090035860655737,0.9079631852741097,0.9098039215686274,0.9661885245901639,0.9367335909097714,port_protocol_service_ablation,39,36,3,ct_src_dport_ltm|ct_dst_sport_ltm|is_sm_ips_ports,ksf-v4-idsplit::
quantum,svc,8,zmap_r2__as0.5__svc__d8,zmap_r2__as0.5,id_test,fixed_c1,1.0,,0.00504755973815918,0.86,0.8628970286885246,0.8585858585858586,0.8727272727272727,0.9401895491803278,0.8991171835162582,port_protocol_service_ablation,39,36,3,ct_src_dport_ltm|ct_dst_sport_ltm|is_sm_ips_ports,ksf-v4-idsplit::
quantum,svc,8,zmap_r2__as0.5__svc__d8,zmap_r2__as0.5,ood_test,fixed_c1,1.0,,0.00504755973815918,0.756,0.7523809523809524,0.746252017504451,0.7959866220735786,0.8421928771508603,0.7960657331694971,port_protocol_service_ablation,39,36,3,ct_src_dport_ltm|ct_dst_sport_ltm|is_sm_ips_ports,ksf-v4-idsplit::
quantum,svc,8,zmap_r2__as0.5__svc__d8,zmap_r2__as0.5,id_val,train_cv,10.0,0.8868381289762869,0.0070002079010009766,0.9,0.9002305327868853,0.8999855979261013,0.8987854251012146,0.9543417008196721,0.9285462916592631,port_protocol_service_ablation,39,36,3,ct_src_dport_ltm|ct_dst_sport_ltm|is_sm_ips_ports,ksf-v4-idsplit::
quantum,svc,8,zmap_r2__as0.5__svc__d8,zmap_r2__as0.5,id_test,train_cv,10.0,0.8868381289762869,0.0070002079010009766,0.868,0.8699410860655737,0.8675230830991569,0.8754716981132076,0.9555584016393441,0.9472661567887747,port_protocol_service_ablation,39,36,3,ct_src_dport_ltm|ct_dst_sport_ltm|is_sm_ips_ports,ksf-v4-idsplit::
quantum,svc,8,zmap_r2__as0.5__svc__d8,zmap_r2__as0.5,ood_test,train_cv,10.0,0.8868381289762869,0.0070002079010009766,0.784,0.7815126050420168,0.7796817625458996,0.8105263157894737,0.8581032412965186,0.8133721953311637,port_protocol_service_ablation,39,36,3,ct_src_dport_ltm|ct_dst_sport_ltm|is_sm_ips_ports,ksf-v4-idsplit::
quantum,svc,8,zz_r1_full__svc__d8,zz_r1_full,id_val,fixed_c1,1.0,,0.008900642395019531,0.9,0.8998463114754098,0.8999215384861732,0.897119341563786,0.9707991803278688,0.9674187174489292,port_protocol_service_ablation,39,36,3,ct_src_dport_ltm|ct_dst_sport_ltm|is_sm_ips_ports,ksf-v4-idsplit::
quantum,svc,8,zz_r1_full__svc__d8,zz_r1_full,id_test,fixed_c1,1.0,,0.008900642395019531,0.84,0.8406762295081966,0.8399897593445981,0.8412698412698413,0.947233606557377,0.9482114412787273,port_protocol_service_ablation,39,36,3,ct_src_dport_ltm|ct_dst_sport_ltm|is_sm_ips_ports,ksf-v4-idsplit::
quantum,svc,8,zz_r1_full__svc__d8,zz_r1_full,ood_test,fixed_c1,1.0,,0.008900642395019531,0.77,0.76890756302521,0.7688674505074866,0.7850467289719626,0.8506442577030813,0.8005022281992036,port_protocol_service_ablation,39,36,3,ct_src_dport_ltm|ct_dst_sport_ltm|is_sm_ips_ports,ksf-v4-idsplit::
quantum,svc,8,zz_r1_full__svc__d8,zz_r1_full,id_val,train_cv,1.0,0.8542199248120301,0.00663447380065918,0.9,0.8998463114754098,0.8999215384861732,0.897119341563786,0.9707991803278688,0.9674187174489292,port_protocol_service_ablation,39,36,3,ct_src_dport_ltm|ct_dst_sport_ltm|is_sm_ips_ports,ksf-v4-idsplit::
quantum,svc,8,zz_r1_full__svc__d8,zz_r1_full,id_test,train_cv,1.0,0.8542199248120301,0.00663447380065918,0.84,0.8406762295081966,0.8399897593445981,0.8412698412698413,0.947233606557377,0.9482114412787273,port_protocol_service_ablation,39,36,3,ct_src_dport_ltm|ct_dst_sport_ltm|is_sm_ips_ports,ksf-v4-idsplit::
quantum,svc,8,zz_r1_full__svc__d8,zz_r1_full,ood_test,train_cv,1.0,0.8542199248120301,0.00663447380065918,0.77,0.76890756302521,0.7688674505074866,0.7850467289719626,0.8506442577030813,0.8005022281992036,port_protocol_service_ablation,39,36,3,ct_src_dport_ltm|ct_dst_sport_ltm|is_sm_ips_ports,ksf-v4-idsplit::
quantum,svc,8,zz_r2_full__svc__d8,zz_r2_full,id_val,fixed_c1,1.0,,0.00942850112915039,0.852,0.8493212090163935,0.8493755190438195,0.8294930875576036,0.9594006147540983,0.9597030501097503,port_protocol_service_ablation,39,36,3,ct_src_dport_ltm|ct_dst_sport_ltm|is_sm_ips_ports,ksf-v4-idsplit::
quantum,svc,8,zz_r2_full__svc__d8,zz_r2_full,id_test,fixed_c1,1.0,,0.00942850112915039,0.836,0.8344646516393442,0.8348345928874137,0.8209606986899564,0.9369236680327868,0.9421644221883606,port_protocol_service_ablation,39,36,3,ct_src_dport_ltm|ct_dst_sport_ltm|is_sm_ips_ports,ksf-v4-idsplit::
quantum,svc,8,zz_r2_full__svc__d8,zz_r2_full,ood_test,fixed_c1,1.0,,0.00942850112915039,0.72,0.7228491396558624,0.7153360661070987,0.6788990825688074,0.8212404961984794,0.8090804610698248,port_protocol_service_ablation,39,36,3,ct_src_dport_ltm|ct_dst_sport_ltm|is_sm_ips_ports,ksf-v4-idsplit::
quantum,svc,8,zz_r2_full__svc__d8,zz_r2_full,id_val,train_cv,100.0,0.8195267013688067,0.008832693099975586,0.836,0.8338883196721312,0.8340645286623173,0.8161434977578476,0.9448642418032787,0.948505051413943,port_protocol_service_ablation,39,36,3,ct_src_dport_ltm|ct_dst_sport_ltm|is_sm_ips_ports,ksf-v4-idsplit::
quantum,svc,8,zz_r2_full__svc__d8,zz_r2_full,id_test,train_cv,100.0,0.8195267013688067,0.008832693099975586,0.844,0.842469262295082,0.8428914420148568,0.8296943231441049,0.9152151639344261,0.8858642854035979,port_protocol_service_ablation,39,36,3,ct_src_dport_ltm|ct_dst_sport_ltm|is_sm_ips_ports,ksf-v4-idsplit::
quantum,svc,8,zz_r2_full__svc__d8,zz_r2_full,ood_test,train_cv,100.0,0.8195267013688067,0.008832693099975586,0.746,0.7476190476190476,0.7448887353311022,0.728051391862955,0.8345898359343737,0.8301213798422787,port_protocol_service_ablation,39,36,3,ct_src_dport_ltm|ct_dst_sport_ltm|is_sm_ips_ports,ksf-v4-idsplit::
quantum,svc,8,pauli_xz_r1_full__svc__d8,pauli_xz_r1_full,id_val,fixed_c1,1.0,,0.006684303283691406,0.916,0.9168160860655737,0.9159879022579251,0.9169960474308301,0.9533171106557377,0.9290985844965367,port_protocol_service_ablation,39,36,3,ct_src_dport_ltm|ct_dst_sport_ltm|is_sm_ips_ports,ksf-v4-idsplit::
quantum,svc,8,pauli_xz_r1_full__svc__d8,pauli_xz_r1_full,id_test,fixed_c1,1.0,,0.006684303283691406,0.872,0.8744236680327868,0.8711755233494365,0.8814814814814815,0.9457607581967213,0.9243503238732044,port_protocol_service_ablation,39,36,3,ct_src_dport_ltm|ct_dst_sport_ltm|is_sm_ips_ports,ksf-v4-idsplit::
quantum,svc,8,pauli_xz_r1_full__svc__d8,pauli_xz_r1_full,ood_test,fixed_c1,1.0,,0.006684303283691406,0.77,0.7671468587434974,0.7641112738401454,0.8013816925734024,0.8364145658263304,0.7835317092354248,port_protocol_service_ablation,39,36,3,ct_src_dport_ltm|ct_dst_sport_ltm|is_sm_ips_ports,ksf-v4-idsplit::
quantum,svc,8,pauli_xz_r1_full__svc__d8,pauli_xz_r1_full,id_val,train_cv,1.0,0.8762031280123385,0.008572101593017578,0.916,0.9168160860655737,0.9159879022579251,0.9169960474308301,0.9533171106557377,0.9290985844965367,port_protocol_service_ablation,39,36,3,ct_src_dport_ltm|ct_dst_sport_ltm|is_sm_ips_ports,ksf-v4-idsplit::
quantum,svc,8,pauli_xz_r1_full__svc__d8,pauli_xz_r1_full,id_test,train_cv,1.0,0.8762031280123385,0.008572101593017578,0.872,0.8744236680327868,0.8711755233494365,0.8814814814814815,0.9457607581967213,0.9243503238732044,port_protocol_service_ablation,39,36,3,ct_src_dport_ltm|ct_dst_sport_ltm|is_sm_ips_ports,ksf-v4-idsplit::
quantum,svc,8,pauli_xz_r1_full__svc__d8,pauli_xz_r1_full,ood_test,train_cv,1.0,0.8762031280123385,0.008572101593017578,0.77,0.7671468587434974,0.7641112738401454,0.8013816925734024,0.8364145658263304,0.7835317092354248,port_protocol_service_ablation,39,36,3,ct_src_dport_ltm|ct_dst_sport_ltm|is_sm_ips_ports,ksf-v4-idsplit::
quantum,svc,8,zmap_r2__svc__d8,zmap_r2,id_val,fixed_c1,1.0,,0.006161212921142578,0.908,0.9086193647540983,0.9079985279764475,0.9083665338645418,0.952484631147541,0.915664726915097,port_protocol_service_ablation,39,36,3,ct_src_dport_ltm|ct_dst_sport_ltm|is_sm_ips_ports,ksf-v4-idsplit::
quantum,svc,8,zmap_r2__svc__d8,zmap_r2,id_test,fixed_c1,1.0,,0.006161212921142578,0.864,0.8668032786885246,0.862734965441509,0.8759124087591241,0.9540215163934427,0.9447855371184253,port_protocol_service_ablation,39,36,3,ct_src_dport_ltm|ct_dst_sport_ltm|is_sm_ips_ports,ksf-v4-idsplit::
quantum,svc,8,zmap_r2__svc__d8,zmap_r2,ood_test,fixed_c1,1.0,,0.006161212921142578,0.772,0.7689475790316126,0.7653780295047419,0.8047945205479452,0.8589355742296919,0.8186294829654415,port_protocol_service_ablation,39,36,3,ct_src_dport_ltm|ct_dst_sport_ltm|is_sm_ips_ports,ksf-v4-idsplit::
quantum,svc,8,zmap_r2__svc__d8,zmap_r2,id_val,train_cv,1.0,0.8737938596491228,0.005999088287353516,0.908,0.9086193647540983,0.9079985279764475,0.9083665338645418,0.952484631147541,0.915664726915097,port_protocol_service_ablation,39,36,3,ct_src_dport_ltm|ct_dst_sport_ltm|is_sm_ips_ports,ksf-v4-idsplit::
quantum,svc,8,zmap_r2__svc__d8,zmap_r2,id_test,train_cv,1.0,0.8737938596491228,0.005999088287353516,0.864,0.8668032786885246,0.862734965441509,0.8759124087591241,0.9540215163934427,0.9447855371184253,port_protocol_service_ablation,39,36,3,ct_src_dport_ltm|ct_dst_sport_ltm|is_sm_ips_ports,ksf-v4-idsplit::
quantum,svc,8,zmap_r2__svc__d8,zmap_r2,ood_test,train_cv,1.0,0.8737938596491228,0.005999088287353516,0.772,0.7689475790316126,0.7653780295047419,0.8047945205479452,0.8589355742296919,0.8186294829654415,port_protocol_service_ablation,39,36,3,ct_src_dport_ltm|ct_dst_sport_ltm|is_sm_ips_ports,ksf-v4-idsplit::
quantum,svc,8,zz_r1_full__as2__svc__d8,zz_r1_full__as2,id_val,fixed_c1,1.0,,0.007094621658325195,0.84,0.8377945696721312,0.8379674638667445,0.8198198198198198,0.966764856557377,0.964510915241967,port_protocol_service_ablation,39,36,3,ct_src_dport_ltm|ct_dst_sport_ltm|is_sm_ips_ports,ksf-v4-idsplit::
quantum,svc,8,zz_r1_full__as2__svc__d8,zz_r1_full__as2,id_test,fixed_c1,1.0,,0.007094621658325195,0.84,0.8389472336065573,0.8393419446051025,0.8290598290598291,0.9504354508196722,0.9509149092421085,port_protocol_service_ablation,39,36,3,ct_src_dport_ltm|ct_dst_sport_ltm|is_sm_ips_ports,ksf-v4-idsplit::
quantum,svc,8,zz_r1_full__as2__svc__d8,zz_r1_full__as2,ood_test,fixed_c1,1.0,,0.007094621658325195,0.746,0.7470588235294118,0.7456326936095723,0.735966735966736,0.8485314125650261,0.8091627855879155,port_protocol_service_ablation,39,36,3,ct_src_dport_ltm|ct_dst_sport_ltm|is_sm_ips_ports,ksf-v4-idsplit::
quantum,svc,8,zz_r1_full__as2__svc__d8,zz_r1_full__as2,id_val,train_cv,1.0,0.8335766097937152,0.0068128108978271484,0.84,0.8377945696721312,0.8379674638667445,0.8198198198198198,0.966764856557377,0.964510915241967,port_protocol_service_ablation,39,36,3,ct_src_dport_ltm|ct_dst_sport_ltm|is_sm_ips_ports,ksf-v4-idsplit::
quantum,svc,8,zz_r1_full__as2__svc__d8,zz_r1_full__as2,id_test,train_cv,1.0,0.8335766097937152,0.0068128108978271484,0.84,0.8389472336065573,0.8393419446051025,0.8290598290598291,0.9504354508196722,0.9509149092421085,port_protocol_service_ablation,39,36,3,ct_src_dport_ltm|ct_dst_sport_ltm|is_sm_ips_ports,ksf-v4-idsplit::
quantum,svc,8,zz_r1_full__as2__svc__d8,zz_r1_full__as2,ood_test,train_cv,1.0,0.8335766097937152,0.0068128108978271484,0.746,0.7470588235294118,0.7456326936095723,0.735966735966736,0.8485314125650261,0.8091627855879155,port_protocol_service_ablation,39,36,3,ct_src_dport_ltm|ct_dst_sport_ltm|is_sm_ips_ports,ksf-v4-idsplit::
quantum,svc,8,zz_r2_full__as2__svc__d8,zz_r2_full__as2,id_val,fixed_c1,1.0,,0.008005857467651367,0.828,0.8241547131147541,0.8222405952873089,0.7902439024390244,0.9338498975409836,0.9397124145946761,port_protocol_service_ablation,39,36,3,ct_src_dport_ltm|ct_dst_sport_ltm|is_sm_ips_ports,ksf-v4-idsplit::
quantum,svc,8,zz_r2_full__as2__svc__d8,zz_r2_full__as2,id_test,fixed_c1,1.0,,0.008005857467651367,0.828,0.8251152663934427,0.8245614035087719,0.8,0.9155993852459016,0.9272777493719181,port_protocol_service_ablation,39,36,3,ct_src_dport_ltm|ct_dst_sport_ltm|is_sm_ips_ports,ksf-v4-idsplit::
quantum,svc,8,zz_r2_full__as2__svc__d8,zz_r2_full__as2,ood_test,fixed_c1,1.0,,0.008005857467651367,0.68,0.684593837535014,0.6643394199785178,0.5918367346938775,0.807923169267707,0.8039340215642826,port_protocol_service_ablation,39,36,3,ct_src_dport_ltm|ct_dst_sport_ltm|is_sm_ips_ports,ksf-v4-idsplit::
quantum,svc,8,zz_r2_full__as2__svc__d8,zz_r2_full__as2,id_val,train_cv,100.0,0.8158964719491035,0.010631561279296875,0.812,0.8087218237704918,0.807310713524328,0.7772511848341233,0.9196337090163933,0.9299692113516776,port_protocol_service_ablation,39,36,3,ct_src_dport_ltm|ct_dst_sport_ltm|is_sm_ips_ports,ksf-v4-idsplit::
quantum,svc,8,zz_r2_full__as2__svc__d8,zz_r2_full__as2,id_test,train_cv,100.0,0.8158964719491035,0.010631561279296875,0.832,0.8295978483606558,0.8295454545454546,0.8090909090909091,0.8901767418032787,0.8927775494843665,port_protocol_service_ablation,39,36,3,ct_src_dport_ltm|ct_dst_sport_ltm|is_sm_ips_ports,ksf-v4-idsplit::
quantum,svc,8,zz_r2_full__as2__svc__d8,zz_r2_full__as2,ood_test,train_cv,100.0,0.8158964719491035,0.010631561279296875,0.692,0.6956382553021208,0.683054531085353,0.6298076923076923,0.7850500200080032,0.8050002641213245,port_protocol_service_ablation,39,36,3,ct_src_dport_ltm|ct_dst_sport_ltm|is_sm_ips_ports,ksf-v4-idsplit::
quantum,svc,8,pauli_xz_r1_full__as2__svc__d8,pauli_xz_r1_full__as2,id_val,fixed_c1,1.0,,0.006998777389526367,0.904,0.9039446721311475,0.9039446721311475,0.9016393442622951,0.9493468237704917,0.9438544267344601,port_protocol_service_ablation,39,36,3,ct_src_dport_ltm|ct_dst_sport_ltm|is_sm_ips_ports,ksf-v4-idsplit::
quantum,svc,8,pauli_xz_r1_full__as2__svc__d8,pauli_xz_r1_full__as2,id_test,fixed_c1,1.0,,0.006998777389526367,0.868,0.8701331967213115,0.8673867965472344,0.8764044943820225,0.9457607581967213,0.9369717572812457,port_protocol_service_ablation,39,36,3,ct_src_dport_ltm|ct_dst_sport_ltm|is_sm_ips_ports,ksf-v4-idsplit::
quantum,svc,8,pauli_xz_r1_full__as2__svc__d8,pauli_xz_r1_full__as2,ood_test,fixed_c1,1.0,,0.006998777389526367,0.786,0.7845138055222088,0.7842524448029036,0.8036697247706422,0.8464985994397759,0.8038726764606826,port_protocol_service_ablation,39,36,3,ct_src_dport_ltm|ct_dst_sport_ltm|is_sm_ips_ports,ksf-v4-idsplit::
quantum,svc,8,pauli_xz_r1_full__as2__svc__d8,pauli_xz_r1_full__as2,id_val,train_cv,1.0,0.87762314439946,0.007005453109741211,0.904,0.9039446721311475,0.9039446721311475,0.9016393442622951,0.9493468237704917,0.9438544267344601,port_protocol_service_ablation,39,36,3,ct_src_dport_ltm|ct_dst_sport_ltm|is_sm_ips_ports,ksf-v4-idsplit::
quantum,svc,8,pauli_xz_r1_full__as2__svc__d8,pauli_xz_r1_full__as2,id_test,train_cv,1.0,0.87762314439946,0.007005453109741211,0.868,0.8701331967213115,0.8673867965472344,0.8764044943820225,0.9457607581967213,0.9369717572812457,port_protocol_service_ablation,39,36,3,ct_src_dport_ltm|ct_dst_sport_ltm|is_sm_ips_ports,ksf-v4-idsplit::
quantum,svc,8,pauli_xz_r1_full__as2__svc__d8,pauli_xz_r1_full__as2,ood_test,train_cv,1.0,0.87762314439946,0.007005453109741211,0.786,0.7845138055222088,0.7842524448029036,0.8036697247706422,0.8464985994397759,0.8038726764606826,port_protocol_service_ablation,39,36,3,ct_src_dport_ltm|ct_dst_sport_ltm|is_sm_ips_ports,ksf-v4-idsplit::
quantum,svc,8,zmap_r2__as2__svc__d8,zmap_r2__as2,id_val,fixed_c1,1.0,,0.006000041961669922,0.892,0.8916495901639344,0.8918598503660744,0.8879668049792531,0.9516521516393442,0.9481593428468705,port_protocol_service_ablation,39,36,3,ct_src_dport_ltm|ct_dst_sport_ltm|is_sm_ips_ports,ksf-v4-idsplit::
quantum,svc,8,zmap_r2__as2__svc__d8,zmap_r2__as2,id_test,fixed_c1,1.0,,0.006000041961669922,0.864,0.865266393442623,0.8638605932474854,0.8682170542635659,0.9437756147540983,0.920157314107259,port_protocol_service_ablation,39,36,3,ct_src_dport_ltm|ct_dst_sport_ltm|is_sm_ips_ports,ksf-v4-idsplit::
quantum,svc,8,zmap_r2__as2__svc__d8,zmap_r2__as2,ood_test,fixed_c1,1.0,,0.006000041961669922,0.746,0.7448179271708684,0.7446014374715945,0.7635009310986964,0.8398399359743898,0.8083372801239634,port_protocol_service_ablation,39,36,3,ct_src_dport_ltm|ct_dst_sport_ltm|is_sm_ips_ports,ksf-v4-idsplit::
quantum,svc,8,zmap_r2__as2__svc__d8,zmap_r2__as2,id_val,train_cv,1.0,0.8642431800655486,0.004999637603759766,0.892,0.8916495901639344,0.8918598503660744,0.8879668049792531,0.9516521516393442,0.9481593428468705,port_protocol_service_ablation,39,36,3,ct_src_dport_ltm|ct_dst_sport_ltm|is_sm_ips_ports,ksf-v4-idsplit::
quantum,svc,8,zmap_r2__as2__svc__d8,zmap_r2__as2,id_test,train_cv,1.0,0.8642431800655486,0.004999637603759766,0.864,0.865266393442623,0.8638605932474854,0.8682170542635659,0.9437756147540983,0.920157314107259,port_protocol_service_ablation,39,36,3,ct_src_dport_ltm|ct_dst_sport_ltm|is_sm_ips_ports,ksf-v4-idsplit::
quantum,svc,8,zmap_r2__as2__svc__d8,zmap_r2__as2,ood_test,train_cv,1.0,0.8642431800655486,0.004999637603759766,0.746,0.7448179271708684,0.7446014374715945,0.7635009310986964,0.8398399359743898,0.8083372801239634,port_protocol_service_ablation,39,36,3,ct_src_dport_ltm|ct_dst_sport_ltm|is_sm_ips_ports,ksf-v4-idsplit::
classical_ext,svc,10,linear__svc__d10,linear,id_val,fixed_c1,1.0,,0.005362033843994141,0.864,0.8646900614754098,0.8639912954429083,0.8650793650793651,0.8657146516393441,0.7394261048761599,port_protocol_service_ablation,39,36,3,ct_src_dport_ltm|ct_dst_sport_ltm|is_sm_ips_ports,ksf-v4-idsplit::
classical_ext,svc,10,linear__svc__d10,linear,id_test,fixed_c1,1.0,,0.005362033843994141,0.832,0.8334400614754098,0.8317307692307692,0.8384615384615385,0.8746157786885247,0.7571222943861432,port_protocol_service_ablation,39,36,3,ct_src_dport_ltm|ct_dst_sport_ltm|is_sm_ips_ports,ksf-v4-idsplit::
classical_ext,svc,10,linear__svc__d10,linear,ood_test,fixed_c1,1.0,,0.005362033843994141,0.776,0.7716686674669868,0.7632575757575758,0.8181818181818182,0.7338935574229692,0.6398151796845339,port_protocol_service_ablation,39,36,3,ct_src_dport_ltm|ct_dst_sport_ltm|is_sm_ips_ports,ksf-v4-idsplit::
classical_ext,svc,10,linear__svc__d10,linear,id_val,train_cv,10.0,0.8435782967032968,0.005508899688720703,0.864,0.8646900614754098,0.8639912954429083,0.8650793650793651,0.8693647540983607,0.7403508575599254,port_protocol_service_ablation,39,36,3,ct_src_dport_ltm|ct_dst_sport_ltm|is_sm_ips_ports,ksf-v4-idsplit::
classical_ext,svc,10,linear__svc__d10,linear,id_test,train_cv,10.0,0.8435782967032968,0.005508899688720703,0.824,0.8256275614754098,0.8235935595612291,0.8320610687022901,0.8696849385245902,0.7452436268003145,port_protocol_service_ablation,39,36,3,ct_src_dport_ltm|ct_dst_sport_ltm|is_sm_ips_ports,ksf-v4-idsplit::
classical_ext,svc,10,linear__svc__d10,linear,ood_test,train_cv,10.0,0.8435782967032968,0.005508899688720703,0.77,0.7655462184873949,0.7561896039247114,0.81421647819063,0.7421048419367747,0.6448088165942696,port_protocol_service_ablation,39,36,3,ct_src_dport_ltm|ct_dst_sport_ltm|is_sm_ips_ports,ksf-v4-idsplit::
classical_ext,svc,10,rbf_gscale__svc__d10,rbf_gscale,id_val,fixed_c1,1.0,,0.004997968673706055,0.924,0.92578125,0.9237939388105437,0.9277566539923955,0.9743212090163934,0.9505994637571765,port_protocol_service_ablation,39,36,3,ct_src_dport_ltm|ct_dst_sport_ltm|is_sm_ips_ports,ksf-v4-idsplit::
classical_ext,svc,10,rbf_gscale__svc__d10,rbf_gscale,id_test,fixed_c1,1.0,,0.004997968673706055,0.868,0.87109375,0.8664421816062553,0.8808664259927798,0.9547259221311476,0.9393459040585866,port_protocol_service_ablation,39,36,3,ct_src_dport_ltm|ct_dst_sport_ltm|is_sm_ips_ports,ksf-v4-idsplit::
classical_ext,svc,10,rbf_gscale__svc__d10,rbf_gscale,ood_test,fixed_c1,1.0,,0.004997968673706055,0.77,0.7653061224489797,0.7546666666666666,0.816,0.8482913165266105,0.8007810245384961,port_protocol_service_ablation,39,36,3,ct_src_dport_ltm|ct_dst_sport_ltm|is_sm_ips_ports,ksf-v4-idsplit::
classical_ext,svc,10,rbf_gscale__svc__d10,rbf_gscale,id_val,train_cv,10.0,0.8823872180451128,0.006733417510986328,0.92,0.919953893442623,0.919953893442623,0.9180327868852459,0.9749615778688525,0.9600874851897054,port_protocol_service_ablation,39,36,3,ct_src_dport_ltm|ct_dst_sport_ltm|is_sm_ips_ports,ksf-v4-idsplit::
classical_ext,svc,10,rbf_gscale__svc__d10,rbf_gscale,id_test,train_cv,10.0,0.8823872180451128,0.006733417510986328,0.892,0.8933785860655737,0.8918598503660744,0.8957528957528957,0.9501793032786885,0.9341731621420912,port_protocol_service_ablation,39,36,3,ct_src_dport_ltm|ct_dst_sport_ltm|is_sm_ips_ports,ksf-v4-idsplit::
classical_ext,svc,10,rbf_gscale__svc__d10,rbf_gscale,ood_test,train_cv,10.0,0.8823872180451128,0.006733417510986328,0.786,0.7841936774709883,0.7835681719803715,0.8065099457504521,0.857767106842737,0.822666127598705,port_protocol_service_ablation,39,36,3,ct_src_dport_ltm|ct_dst_sport_ltm|is_sm_ips_ports,ksf-v4-idsplit::
classical_ext,svc,10,poly2__svc__d10,poly2,id_val,fixed_c1,1.0,,0.004995584487915039,0.876,0.8771772540983607,0.8759027077228547,0.8793774319066148,0.8757044057377049,0.7666279768510027,port_protocol_service_ablation,39,36,3,ct_src_dport_ltm|ct_dst_sport_ltm|is_sm_ips_ports,ksf-v4-idsplit::
classical_ext,svc,10,poly2__svc__d10,poly2,id_test,fixed_c1,1.0,,0.004995584487915039,0.832,0.8342085040983607,0.8311245496654658,0.8432835820895522,0.8770491803278688,0.8154614704297283,port_protocol_service_ablation,39,36,3,ct_src_dport_ltm|ct_dst_sport_ltm|is_sm_ips_ports,ksf-v4-idsplit::
classical_ext,svc,10,poly2__svc__d10,poly2,ood_test,fixed_c1,1.0,,0.004995584487915039,0.756,0.7511004401760704,0.7383097383097383,0.8063492063492064,0.7299399759903962,0.614727191264651,port_protocol_service_ablation,39,36,3,ct_src_dport_ltm|ct_dst_sport_ltm|is_sm_ips_ports,ksf-v4-idsplit::
classical_ext,svc,10,poly2__svc__d10,poly2,id_val,train_cv,100.0,0.880319669365722,0.009000539779663086,0.94,0.94140625,0.9399221390922636,0.9420849420849421,0.9794441598360656,0.9644477889171634,port_protocol_service_ablation,39,36,3,ct_src_dport_ltm|ct_dst_sport_ltm|is_sm_ips_ports,ksf-v4-idsplit::
classical_ext,svc,10,poly2__svc__d10,poly2,id_test,train_cv,100.0,0.880319669365722,0.009000539779663086,0.864,0.8669953893442623,0.8625129399585921,0.8768115942028986,0.9636270491803278,0.9533912638982642,port_protocol_service_ablation,39,36,3,ct_src_dport_ltm|ct_dst_sport_ltm|is_sm_ips_ports,ksf-v4-idsplit::
classical_ext,svc,10,poly2__svc__d10,poly2,ood_test,train_cv,100.0,0.880319669365722,0.009000539779663086,0.79,0.7857142857142857,0.7782705099778271,0.8292682926829268,0.8620888355342137,0.8071192529502176,port_protocol_service_ablation,39,36,3,ct_src_dport_ltm|ct_dst_sport_ltm|is_sm_ips_ports,ksf-v4-idsplit::
classical_ext,svc,10,poly3__svc__d10,poly3,id_val,fixed_c1,1.0,,0.0039997100830078125,0.908,0.91015625,0.9075726157753452,0.9138576779026217,0.9122694672131147,0.8288187004081289,port_protocol_service_ablation,39,36,3,ct_src_dport_ltm|ct_dst_sport_ltm|is_sm_ips_ports,ksf-v4-idsplit::
classical_ext,svc,10,poly3__svc__d10,poly3,id_test,fixed_c1,1.0,,0.0039997100830078125,0.86,0.86328125,0.8580904653010915,0.8745519713261649,0.9027920081967213,0.8651507441823607,port_protocol_service_ablation,39,36,3,ct_src_dport_ltm|ct_dst_sport_ltm|is_sm_ips_ports,ksf-v4-idsplit::
classical_ext,svc,10,poly3__svc__d10,poly3,ood_test,fixed_c1,1.0,,0.0039997100830078125,0.74,0.7346938775510204,0.7178819444444444,0.796875,0.7634253701480592,0.6454960214027353,port_protocol_service_ablation,39,36,3,ct_src_dport_ltm|ct_dst_sport_ltm|is_sm_ips_ports,ksf-v4-idsplit::
classical_ext,svc,10,poly3__svc__d10,poly3,id_val,train_cv,100.0,0.8892910160015424,0.010005950927734375,0.928,0.9287269467213115,0.9279953917050692,0.9285714285714286,0.9805327868852459,0.9694007725483363,port_protocol_service_ablation,39,36,3,ct_src_dport_ltm|ct_dst_sport_ltm|is_sm_ips_ports,ksf-v4-idsplit::
classical_ext,svc,10,poly3__svc__d10,poly3,id_test,train_cv,100.0,0.8892910160015424,0.010005950927734375,0.892,0.8939549180327868,0.8916097952629466,0.8981132075471698,0.953829405737705,0.9347291753436417,port_protocol_service_ablation,39,36,3,ct_src_dport_ltm|ct_dst_sport_ltm|is_sm_ips_ports,ksf-v4-idsplit::
classical_ext,svc,10,poly3__svc__d10,poly3,ood_test,train_cv,100.0,0.8892910160015424,0.010005950927734375,0.786,0.7828331332533014,0.7793186514925896,0.817717206132879,0.8520688275310123,0.8011192515574244,port_protocol_service_ablation,39,36,3,ct_src_dport_ltm|ct_dst_sport_ltm|is_sm_ips_ports,ksf-v4-idsplit::
classical_ext,svc,10,laplacian_med__svc__d10,laplacian_med,id_val,fixed_c1,1.0,,0.004643440246582031,0.924,0.9252049180327868,0.9239403692494916,0.9260700389105059,0.9780353483606558,0.963301373353579,port_protocol_service_ablation,39,36,3,ct_src_dport_ltm|ct_dst_sport_ltm|is_sm_ips_ports,ksf-v4-idsplit::
classical_ext,svc,10,laplacian_med__svc__d10,laplacian_med,id_test,fixed_c1,1.0,,0.004643440246582031,0.868,0.8709016393442623,0.8666666666666667,0.88,0.9745133196721312,0.9746969670782341,port_protocol_service_ablation,39,36,3,ct_src_dport_ltm|ct_dst_sport_ltm|is_sm_ips_ports,ksf-v4-idsplit::
classical_ext,svc,10,laplacian_med__svc__d10,laplacian_med,ood_test,fixed_c1,1.0,,0.004643440246582031,0.776,0.7716686674669868,0.7632575757575758,0.8181818181818182,0.8827851140456182,0.8713200886341866,port_protocol_service_ablation,39,36,3,ct_src_dport_ltm|ct_dst_sport_ltm|is_sm_ips_ports,ksf-v4-idsplit::
classical_ext,svc,10,laplacian_med__svc__d10,laplacian_med,id_val,train_cv,10.0,0.8879669124734914,0.0052297115325927734,0.932,0.9320568647540983,0.9319727891156462,0.9306122448979591,0.9842469262295082,0.9827926396202946,port_protocol_service_ablation,39,36,3,ct_src_dport_ltm|ct_dst_sport_ltm|is_sm_ips_ports,ksf-v4-idsplit::
classical_ext,svc,10,laplacian_med__svc__d10,laplacian_med,id_test,train_cv,10.0,0.8879669124734914,0.0052297115325927734,0.876,0.8767930327868853,0.8759821414283657,0.8774703557312253,0.9684298155737705,0.9707557324260465,port_protocol_service_ablation,39,36,3,ct_src_dport_ltm|ct_dst_sport_ltm|is_sm_ips_ports,ksf-v4-idsplit::
classical_ext,svc,10,laplacian_med__svc__d10,laplacian_med,ood_test,train_cv,10.0,0.8879669124734914,0.0052297115325927734,0.802,0.8011604641856742,0.8013316797707488,0.8128544423440454,0.8990956382553021,0.8923469094140645,port_protocol_service_ablation,39,36,3,ct_src_dport_ltm|ct_dst_sport_ltm|is_sm_ips_ports,ksf-v4-idsplit::
classical_ext,svc,10,matern15_med__svc__d10,matern15_med,id_val,fixed_c1,1.0,,0.005314826965332031,0.924,0.92578125,0.9237939388105437,0.9277566539923955,0.9741931352459017,0.9552544897173765,port_protocol_service_ablation,39,36,3,ct_src_dport_ltm|ct_dst_sport_ltm|is_sm_ips_ports,ksf-v4-idsplit::
classical_ext,svc,10,matern15_med__svc__d10,matern15_med,id_test,fixed_c1,1.0,,0.005314826965332031,0.868,0.87109375,0.8664421816062553,0.8808664259927798,0.9545338114754098,0.9422767822483279,port_protocol_service_ablation,39,36,3,ct_src_dport_ltm|ct_dst_sport_ltm|is_sm_ips_ports,ksf-v4-idsplit::
classical_ext,svc,10,matern15_med__svc__d10,matern15_med,ood_test,fixed_c1,1.0,,0.005314826965332031,0.758,0.7530612244897958,0.7401638041736994,0.8082408874801902,0.8458903561424569,0.7954758302304641,port_protocol_service_ablation,39,36,3,ct_src_dport_ltm|ct_dst_sport_ltm|is_sm_ips_ports,ksf-v4-idsplit::
classical_ext,svc,10,matern15_med__svc__d10,matern15_med,id_val,train_cv,100.0,0.8887480721033352,0.009999990463256836,0.924,0.9236680327868853,0.9239013761835339,0.921161825726141,0.94921875,0.9472979084889991,port_protocol_service_ablation,39,36,3,ct_src_dport_ltm|ct_dst_sport_ltm|is_sm_ips_ports,ksf-v4-idsplit::
classical_ext,svc,10,matern15_med__svc__d10,matern15_med,id_test,train_cv,100.0,0.8887480721033352,0.009999990463256836,0.884,0.884797643442623,0.8839832935942775,0.8853754940711462,0.9538294057377049,0.9604587496193975,port_protocol_service_ablation,39,36,3,ct_src_dport_ltm|ct_dst_sport_ltm|is_sm_ips_ports,ksf-v4-idsplit::
classical_ext,svc,10,matern15_med__svc__d10,matern15_med,ood_test,train_cv,100.0,0.8887480721033352,0.009999990463256836,0.798,0.7967587034813925,0.7967635091899115,0.8126159554730983,0.8908523409363744,0.8834758067426505,port_protocol_service_ablation,39,36,3,ct_src_dport_ltm|ct_dst_sport_ltm|is_sm_ips_ports,ksf-v4-idsplit::
classical_ext,svc,10,matern25_med__svc__d10,matern25_med,id_val,fixed_c1,1.0,,0.005511283874511719,0.924,0.92578125,0.9237939388105437,0.9277566539923955,0.972015881147541,0.9480019766976224,port_protocol_service_ablation,39,36,3,ct_src_dport_ltm|ct_dst_sport_ltm|is_sm_ips_ports,ksf-v4-idsplit::
classical_ext,svc,10,matern25_med__svc__d10,matern25_med,id_test,fixed_c1,1.0,,0.005511283874511719,0.868,0.87109375,0.8664421816062553,0.8808664259927798,0.9525486680327869,0.9435083319953176,port_protocol_service_ablation,39,36,3,ct_src_dport_ltm|ct_dst_sport_ltm|is_sm_ips_ports,ksf-v4-idsplit::
classical_ext,svc,10,matern25_med__svc__d10,matern25_med,ood_test,fixed_c1,1.0,,0.005511283874511719,0.758,0.7530612244897958,0.7401638041736994,0.8082408874801902,0.8278351340536214,0.7592329674518,port_protocol_service_ablation,39,36,3,ct_src_dport_ltm|ct_dst_sport_ltm|is_sm_ips_ports,ksf-v4-idsplit::
classical_ext,svc,10,matern25_med__svc__d10,matern25_med,id_val,train_cv,100.0,0.8890121939464045,0.011000394821166992,0.92,0.9195696721311475,0.9198717948717949,0.9166666666666666,0.955110143442623,0.9317765611604286,port_protocol_service_ablation,39,36,3,ct_src_dport_ltm|ct_dst_sport_ltm|is_sm_ips_ports,ksf-v4-idsplit::
classical_ext,svc,10,matern25_med__svc__d10,matern25_med,id_test,train_cv,100.0,0.8890121939464045,0.011000394821166992,0.88,0.880891393442623,0.8799692721336663,0.8818897637795275,0.9580558401639345,0.9503163382083879,port_protocol_service_ablation,39,36,3,ct_src_dport_ltm|ct_dst_sport_ltm|is_sm_ips_ports,ksf-v4-idsplit::
classical_ext,svc,10,matern25_med__svc__d10,matern25_med,ood_test,train_cv,100.0,0.8890121939464045,0.011000394821166992,0.796,0.7945578231292517,0.794407894736842,0.8125,0.8710044017607043,0.8413683272374487,port_protocol_service_ablation,39,36,3,ct_src_dport_ltm|ct_dst_sport_ltm|is_sm_ips_ports,ksf-v4-idsplit::
classical_ext,svc,10,rbf_gscale_x0.1__svc__d10,rbf_gscale_x0.1,id_val,fixed_c1,1.0,,0.005541324615478516,0.864,0.8648821721311475,0.8639651750848217,0.8661417322834646,0.9052894467213115,0.8201684160890604,port_protocol_service_ablation,39,36,3,ct_src_dport_ltm|ct_dst_sport_ltm|is_sm_ips_ports,ksf-v4-idsplit::
classical_ext,svc,10,rbf_gscale_x0.1__svc__d10,rbf_gscale_x0.1,id_test,fixed_c1,1.0,,0.005541324615478516,0.812,0.8137167008196722,0.8114902696892397,0.8212927756653993,0.8990138319672132,0.8620257380724567,port_protocol_service_ablation,39,36,3,ct_src_dport_ltm|ct_dst_sport_ltm|is_sm_ips_ports,ksf-v4-idsplit::
classical_ext,svc,10,rbf_gscale_x0.1__svc__d10,rbf_gscale_x0.1,ood_test,fixed_c1,1.0,,0.005541324615478516,0.76,0.7551820728291316,0.7431682761454694,0.8089171974522293,0.7555822328931573,0.6439907699729291,port_protocol_service_ablation,39,36,3,ct_src_dport_ltm|ct_dst_sport_ltm|is_sm_ips_ports,ksf-v4-idsplit::
classical_ext,svc,10,rbf_gscale_x0.1__svc__d10,rbf_gscale_x0.1,id_val,train_cv,100.0,0.8820440524387895,0.00856328010559082,0.94,0.94140625,0.9399221390922636,0.9420849420849421,0.9792520491803278,0.9634046021293946,port_protocol_service_ablation,39,36,3,ct_src_dport_ltm|ct_dst_sport_ltm|is_sm_ips_ports,ksf-v4-idsplit::
classical_ext,svc,10,rbf_gscale_x0.1__svc__d10,rbf_gscale_x0.1,id_test,train_cv,100.0,0.8820440524387895,0.00856328010559082,0.88,0.8826203893442623,0.87906346749226,0.8897058823529411,0.9607453893442622,0.947769963671049,port_protocol_service_ablation,39,36,3,ct_src_dport_ltm|ct_dst_sport_ltm|is_sm_ips_ports,ksf-v4-idsplit::
classical_ext,svc,10,rbf_gscale_x0.1__svc__d10,rbf_gscale_x0.1,ood_test,train_cv,100.0,0.8820440524387895,0.00856328010559082,0.794,0.7899559823929572,0.7837215845858583,0.8308702791461412,0.8647619047619047,0.8218232703089219,port_protocol_service_ablation,39,36,3,ct_src_dport_ltm|ct_dst_sport_ltm|is_sm_ips_ports,ksf-v4-idsplit::
classical_ext,svc,10,rbf_gscale_x0.3__svc__d10,rbf_gscale_x0.3,id_val,fixed_c1,1.0,,0.0050008296966552734,0.908,0.91015625,0.9075726157753452,0.9138576779026217,0.9490266393442623,0.8984686408531101,port_protocol_service_ablation,39,36,3,ct_src_dport_ltm|ct_dst_sport_ltm|is_sm_ips_ports,ksf-v4-idsplit::
classical_ext,svc,10,rbf_gscale_x0.3__svc__d10,rbf_gscale_x0.3,id_test,fixed_c1,1.0,,0.0050008296966552734,0.86,0.86328125,0.8580904653010915,0.8745519713261649,0.9311603483606558,0.8999545167131072,port_protocol_service_ablation,39,36,3,ct_src_dport_ltm|ct_dst_sport_ltm|is_sm_ips_ports,ksf-v4-idsplit::
classical_ext,svc,10,rbf_gscale_x0.3__svc__d10,rbf_gscale_x0.3,ood_test,fixed_c1,1.0,,0.0050008296966552734,0.74,0.7346938775510204,0.7178819444444444,0.796875,0.7713645458183274,0.6575738518644204,port_protocol_service_ablation,39,36,3,ct_src_dport_ltm|ct_dst_sport_ltm|is_sm_ips_ports,ksf-v4-idsplit::
classical_ext,svc,10,rbf_gscale_x0.3__svc__d10,rbf_gscale_x0.3,id_val,train_cv,100.0,0.8910552824368614,0.012020111083984375,0.932,0.9320568647540983,0.9319727891156462,0.9306122448979591,0.9782914959016393,0.9621836791120129,port_protocol_service_ablation,39,36,3,ct_src_dport_ltm|ct_dst_sport_ltm|is_sm_ips_ports,ksf-v4-idsplit::
classical_ext,svc,10,rbf_gscale_x0.3__svc__d10,rbf_gscale_x0.3,id_test,train_cv,100.0,0.8910552824368614,0.012020111083984375,0.888,0.8892802254098361,0.8878851944391057,0.8914728682170543,0.9463370901639344,0.9236448168633052,port_protocol_service_ablation,39,36,3,ct_src_dport_ltm|ct_dst_sport_ltm|is_sm_ips_ports,ksf-v4-idsplit::
classical_ext,svc,10,rbf_gscale_x0.3__svc__d10,rbf_gscale_x0.3,ood_test,train_cv,100.0,0.8910552824368614,0.012020111083984375,0.79,0.7881152460984393,0.7874278773155178,0.8108108108108109,0.8623609443777511,0.8262165962379625,port_protocol_service_ablation,39,36,3,ct_src_dport_ltm|ct_dst_sport_ltm|is_sm_ips_ports,ksf-v4-idsplit::
classical_ext,svc,10,rbf_gscale_x3__svc__d10,rbf_gscale_x3,id_val,fixed_c1,1.0,,0.0040035247802734375,0.916,0.9164318647540983,0.9159986559784956,0.9156626506024096,0.9622822745901639,0.9248424302487126,port_protocol_service_ablation,39,36,3,ct_src_dport_ltm|ct_dst_sport_ltm|is_sm_ips_ports,ksf-v4-idsplit::
classical_ext,svc,10,rbf_gscale_x3__svc__d10,rbf_gscale_x3,id_test,fixed_c1,1.0,,0.0040035247802734375,0.884,0.8859503073770492,0.88358089120835,0.8905660377358491,0.955046106557377,0.9336679519202855,port_protocol_service_ablation,39,36,3,ct_src_dport_ltm|ct_dst_sport_ltm|is_sm_ips_ports,ksf-v4-idsplit::
classical_ext,svc,10,rbf_gscale_x3__svc__d10,rbf_gscale_x3,ood_test,fixed_c1,1.0,,0.0040035247802734375,0.778,0.7756302521008404,0.7739408824859171,0.8042328042328042,0.8477631052420969,0.8134994313158648,port_protocol_service_ablation,39,36,3,ct_src_dport_ltm|ct_dst_sport_ltm|is_sm_ips_ports,ksf-v4-idsplit::
classical_ext,svc,10,rbf_gscale_x3__svc__d10,rbf_gscale_x3,id_val,train_cv,10.0,0.8911064921920187,0.00599980354309082,0.92,0.9195696721311475,0.9198717948717949,0.9166666666666666,0.9513319672131147,0.9243139927684862,port_protocol_service_ablation,39,36,3,ct_src_dport_ltm|ct_dst_sport_ltm|is_sm_ips_ports,ksf-v4-idsplit::
classical_ext,svc,10,rbf_gscale_x3__svc__d10,rbf_gscale_x3,id_test,train_cv,10.0,0.8911064921920187,0.00599980354309082,0.884,0.8849897540983607,0.883953581432573,0.8862745098039215,0.9560066598360655,0.9500146656564397,port_protocol_service_ablation,39,36,3,ct_src_dport_ltm|ct_dst_sport_ltm|is_sm_ips_ports,ksf-v4-idsplit::
classical_ext,svc,10,rbf_gscale_x3__svc__d10,rbf_gscale_x3,ood_test,train_cv,10.0,0.8911064921920187,0.00599980354309082,0.794,0.7926770708283313,0.7926054792424261,0.8096118299445472,0.8718047218887555,0.8462169564657986,port_protocol_service_ablation,39,36,3,ct_src_dport_ltm|ct_dst_sport_ltm|is_sm_ips_ports,ksf-v4-idsplit::
classical_ext,svc,10,rbf_gscale_x10__svc__d10,rbf_gscale_x10,id_val,fixed_c1,1.0,,0.005005598068237305,0.912,0.912141393442623,0.9119774662313552,0.9105691056910569,0.9522925204918032,0.9443549916187393,port_protocol_service_ablation,39,36,3,ct_src_dport_ltm|ct_dst_sport_ltm|is_sm_ips_ports,ksf-v4-idsplit::
classical_ext,svc,10,rbf_gscale_x10__svc__d10,rbf_gscale_x10,id_test,fixed_c1,1.0,,0.005005598068237305,0.88,0.8814677254098361,0.8798076923076923,0.8846153846153846,0.9605532786885247,0.9632302014382266,port_protocol_service_ablation,39,36,3,ct_src_dport_ltm|ct_dst_sport_ltm|is_sm_ips_ports,ksf-v4-idsplit::
classical_ext,svc,10,rbf_gscale_x10__svc__d10,rbf_gscale_x10,ood_test,fixed_c1,1.0,,0.005005598068237305,0.782,0.779951980792317,0.7789217058320048,0.8050089445438283,0.8760304121648659,0.8566594825881939,port_protocol_service_ablation,39,36,3,ct_src_dport_ltm|ct_dst_sport_ltm|is_sm_ips_ports,ksf-v4-idsplit::
classical_ext,svc,10,rbf_gscale_x10__svc__d10,rbf_gscale_x10,id_val,train_cv,100.0,0.8803214767688452,0.012203216552734375,0.924,0.9236680327868853,0.9239013761835339,0.921161825726141,0.9138063524590163,0.9311415788545738,port_protocol_service_ablation,39,36,3,ct_src_dport_ltm|ct_dst_sport_ltm|is_sm_ips_ports,ksf-v4-idsplit::
classical_ext,svc,10,rbf_gscale_x10__svc__d10,rbf_gscale_x10,id_test,train_cv,100.0,0.8803214767688452,0.012203216552734375,0.876,0.8767930327868853,0.8759821414283657,0.8774703557312253,0.8926741803278689,0.8749227121447247,port_protocol_service_ablation,39,36,3,ct_src_dport_ltm|ct_dst_sport_ltm|is_sm_ips_ports,ksf-v4-idsplit::
classical_ext,svc,10,rbf_gscale_x10__svc__d10,rbf_gscale_x10,ood_test,train_cv,100.0,0.8803214767688452,0.012203216552734375,0.798,0.7969987995198079,0.7971162383341837,0.8105065666041276,0.8388475390156062,0.7921917777116078,port_protocol_service_ablation,39,36,3,ct_src_dport_ltm|ct_dst_sport_ltm|is_sm_ips_ports,ksf-v4-idsplit::
classical_ext,svc,10,laplacian_med_x0.1__svc__d10,laplacian_med_x0.1,id_val,fixed_c1,1.0,,0.009041786193847656,0.908,0.9072745901639344,0.9077505575075002,0.9029535864978903,0.9753457991803278,0.9727053235104229,port_protocol_service_ablation,39,36,3,ct_src_dport_ltm|ct_dst_sport_ltm|is_sm_ips_ports,ksf-v4-idsplit::
classical_ext,svc,10,laplacian_med_x0.1__svc__d10,laplacian_med_x0.1,id_test,fixed_c1,1.0,,0.009041786193847656,0.836,0.8361936475409837,0.8359763805988063,0.8340080971659919,0.9572873975409836,0.9582516374103541,port_protocol_service_ablation,39,36,3,ct_src_dport_ltm|ct_dst_sport_ltm|is_sm_ips_ports,ksf-v4-idsplit::
classical_ext,svc,10,laplacian_med_x0.1__svc__d10,laplacian_med_x0.1,ood_test,fixed_c1,1.0,,0.009041786193847656,0.794,0.7932372949179671,0.7933975472477746,0.8045540796963947,0.8736134453781512,0.8633181575755214,port_protocol_service_ablation,39,36,3,ct_src_dport_ltm|ct_dst_sport_ltm|is_sm_ips_ports,ksf-v4-idsplit::
classical_ext,svc,10,laplacian_med_x0.1__svc__d10,laplacian_med_x0.1,id_val,train_cv,1.0,0.8569509109311741,0.00913381576538086,0.908,0.9072745901639344,0.9077505575075002,0.9029535864978903,0.9753457991803278,0.9727053235104229,port_protocol_service_ablation,39,36,3,ct_src_dport_ltm|ct_dst_sport_ltm|is_sm_ips_ports,ksf-v4-idsplit::
classical_ext,svc,10,laplacian_med_x0.1__svc__d10,laplacian_med_x0.1,id_test,train_cv,1.0,0.8569509109311741,0.00913381576538086,0.836,0.8361936475409837,0.8359763805988063,0.8340080971659919,0.9572873975409836,0.9582516374103541,port_protocol_service_ablation,39,36,3,ct_src_dport_ltm|ct_dst_sport_ltm|is_sm_ips_ports,ksf-v4-idsplit::
classical_ext,svc,10,laplacian_med_x0.1__svc__d10,laplacian_med_x0.1,ood_test,train_cv,1.0,0.8569509109311741,0.00913381576538086,0.794,0.7932372949179671,0.7933975472477746,0.8045540796963947,0.8736134453781512,0.8633181575755214,port_protocol_service_ablation,39,36,3,ct_src_dport_ltm|ct_dst_sport_ltm|is_sm_ips_ports,ksf-v4-idsplit::
classical_ext,svc,10,laplacian_med_x0.3__svc__d10,laplacian_med_x0.3,id_val,fixed_c1,1.0,,0.004662036895751953,0.92,0.9209144467213115,0.9199795147557774,0.9212598425196851,0.9807248975409836,0.9777703090505075,port_protocol_service_ablation,39,36,3,ct_src_dport_ltm|ct_dst_sport_ltm|is_sm_ips_ports,ksf-v4-idsplit::
classical_ext,svc,10,laplacian_med_x0.3__svc__d10,laplacian_med_x0.3,id_test,fixed_c1,1.0,,0.004662036895751953,0.868,0.8699410860655737,0.8675230830991569,0.8754716981132076,0.9690701844262295,0.9698437628685648,port_protocol_service_ablation,39,36,3,ct_src_dport_ltm|ct_dst_sport_ltm|is_sm_ips_ports,ksf-v4-idsplit::
classical_ext,svc,10,laplacian_med_x0.3__svc__d10,laplacian_med_x0.3,ood_test,fixed_c1,1.0,,0.004662036895751953,0.79,0.7874749899959984,0.7856784196539013,0.8161120840630472,0.8869627851140457,0.8749986915971159,port_protocol_service_ablation,39,36,3,ct_src_dport_ltm|ct_dst_sport_ltm|is_sm_ips_ports,ksf-v4-idsplit::
classical_ext,svc,10,laplacian_med_x0.3__svc__d10,laplacian_med_x0.3,id_val,train_cv,1.0,0.8851719442837865,0.004197597503662109,0.92,0.9209144467213115,0.9199795147557774,0.9212598425196851,0.9807248975409836,0.9777703090505075,port_protocol_service_ablation,39,36,3,ct_src_dport_ltm|ct_dst_sport_ltm|is_sm_ips_ports,ksf-v4-idsplit::
classical_ext,svc,10,laplacian_med_x0.3__svc__d10,laplacian_med_x0.3,id_test,train_cv,1.0,0.8851719442837865,0.004197597503662109,0.868,0.8699410860655737,0.8675230830991569,0.8754716981132076,0.9690701844262295,0.9698437628685648,port_protocol_service_ablation,39,36,3,ct_src_dport_ltm|ct_dst_sport_ltm|is_sm_ips_ports,ksf-v4-idsplit::
classical_ext,svc,10,laplacian_med_x0.3__svc__d10,laplacian_med_x0.3,ood_test,train_cv,1.0,0.8851719442837865,0.004197597503662109,0.79,0.7874749899959984,0.7856784196539013,0.8161120840630472,0.8869627851140457,0.8749986915971159,port_protocol_service_ablation,39,36,3,ct_src_dport_ltm|ct_dst_sport_ltm|is_sm_ips_ports,ksf-v4-idsplit::
classical_ext,svc,10,laplacian_med_x3__svc__d10,laplacian_med_x3,id_val,fixed_c1,1.0,,0.004094839096069336,0.924,0.92578125,0.9237939388105437,0.9277566539923955,0.9702868852459017,0.952150800418469,port_protocol_service_ablation,39,36,3,ct_src_dport_ltm|ct_dst_sport_ltm|is_sm_ips_ports,ksf-v4-idsplit::
classical_ext,svc,10,laplacian_med_x3__svc__d10,laplacian_med_x3,id_test,fixed_c1,1.0,,0.004094839096069336,0.868,0.87109375,0.8664421816062553,0.8808664259927798,0.9608734631147541,0.9558595496244221,port_protocol_service_ablation,39,36,3,ct_src_dport_ltm|ct_dst_sport_ltm|is_sm_ips_ports,ksf-v4-idsplit::
classical_ext,svc,10,laplacian_med_x3__svc__d10,laplacian_med_x3,ood_test,fixed_c1,1.0,,0.004094839096069336,0.758,0.7530612244897958,0.7401638041736994,0.8082408874801902,0.8788955582232894,0.8496114288231025,port_protocol_service_ablation,39,36,3,ct_src_dport_ltm|ct_dst_sport_ltm|is_sm_ips_ports,ksf-v4-idsplit::
classical_ext,svc,10,laplacian_med_x3__svc__d10,laplacian_med_x3,id_val,train_cv,100.0,0.8853226817042608,0.008973836898803711,0.924,0.9240522540983607,0.923969587835134,0.9224489795918367,0.9855276639344263,0.9843812257793673,port_protocol_service_ablation,39,36,3,ct_src_dport_ltm|ct_dst_sport_ltm|is_sm_ips_ports,ksf-v4-idsplit::
classical_ext,svc,10,laplacian_med_x3__svc__d10,laplacian_med_x3,id_test,train_cv,100.0,0.8853226817042608,0.008973836898803711,0.9,0.9009989754098361,0.8999599839935974,0.9019607843137255,0.9637551229508197,0.9606972229334918,port_protocol_service_ablation,39,36,3,ct_src_dport_ltm|ct_dst_sport_ltm|is_sm_ips_ports,ksf-v4-idsplit::
classical_ext,svc,10,laplacian_med_x3__svc__d10,laplacian_med_x3,ood_test,train_cv,100.0,0.8853226817042608,0.008973836898803711,0.792,0.7915966386554623,0.7917300821865136,0.7992277992277992,0.8902120848339335,0.8756260160535487,port_protocol_service_ablation,39,36,3,ct_src_dport_ltm|ct_dst_sport_ltm|is_sm_ips_ports,ksf-v4-idsplit::
classical_ext,svc,10,laplacian_med_x10__svc__d10,laplacian_med_x10,id_val,fixed_c1,1.0,,0.0060007572174072266,0.908,0.91015625,0.9075726157753452,0.9138576779026217,0.9587602459016393,0.9220201713257737,port_protocol_service_ablation,39,36,3,ct_src_dport_ltm|ct_dst_sport_ltm|is_sm_ips_ports,ksf-v4-idsplit::
classical_ext,svc,10,laplacian_med_x10__svc__d10,laplacian_med_x10,id_test,fixed_c1,1.0,,0.0060007572174072266,0.864,0.8671875,0.8622723442867328,0.8776978417266187,0.9366034836065573,0.9031778673149135,port_protocol_service_ablation,39,36,3,ct_src_dport_ltm|ct_dst_sport_ltm|is_sm_ips_ports,ksf-v4-idsplit::
classical_ext,svc,10,laplacian_med_x10__svc__d10,laplacian_med_x10,ood_test,fixed_c1,1.0,,0.0060007572174072266,0.74,0.7346938775510204,0.7178819444444444,0.796875,0.8589675870348139,0.7966560146121483,port_protocol_service_ablation,39,36,3,ct_src_dport_ltm|ct_dst_sport_ltm|is_sm_ips_ports,ksf-v4-idsplit::
classical_ext,svc,10,laplacian_med_x10__svc__d10,laplacian_med_x10,id_val,train_cv,100.0,0.8861093840370156,0.0069980621337890625,0.92,0.9203381147540983,0.919994879672299,0.9193548387096774,0.9764984631147541,0.963607713192875,port_protocol_service_ablation,39,36,3,ct_src_dport_ltm|ct_dst_sport_ltm|is_sm_ips_ports,ksf-v4-idsplit::
classical_ext,svc,10,laplacian_med_x10__svc__d10,laplacian_med_x10,id_test,train_cv,100.0,0.8861093840370156,0.0069980621337890625,0.896,0.8969006147540983,0.8959733691825107,0.8976377952755905,0.9689421106557377,0.9694603663615433,port_protocol_service_ablation,39,36,3,ct_src_dport_ltm|ct_dst_sport_ltm|is_sm_ips_ports,ksf-v4-idsplit::
classical_ext,svc,10,laplacian_med_x10__svc__d10,laplacian_med_x10,ood_test,train_cv,100.0,0.8861093840370156,0.0069980621337890625,0.798,0.797078831532613,0.7972205156622055,0.8097928436911488,0.8814245698279312,0.8510128603955112,port_protocol_service_ablation,39,36,3,ct_src_dport_ltm|ct_dst_sport_ltm|is_sm_ips_ports,ksf-v4-idsplit::
classical_ext,svc,10,matern15_med_x0.1__svc__d10,matern15_med_x0.1,id_val,fixed_c1,1.0,,0.008003473281860352,0.916,0.9152792008196722,0.915772248159022,0.9113924050632911,0.9722079918032787,0.9714409510060787,port_protocol_service_ablation,39,36,3,ct_src_dport_ltm|ct_dst_sport_ltm|is_sm_ips_ports,ksf-v4-idsplit::
classical_ext,svc,10,matern15_med_x0.1__svc__d10,matern15_med_x0.1,id_test,fixed_c1,1.0,,0.008003473281860352,0.844,0.8440061475409837,0.843937575030012,0.8408163265306122,0.9532530737704918,0.9550971430035935,port_protocol_service_ablation,39,36,3,ct_src_dport_ltm|ct_dst_sport_ltm|is_sm_ips_ports,ksf-v4-idsplit::
classical_ext,svc,10,matern15_med_x0.1__svc__d10,matern15_med_x0.1,ood_test,fixed_c1,1.0,,0.008003473281860352,0.786,0.7854741896758703,0.7856218369203274,0.7946257197696737,0.8586954781912765,0.8352674569381568,port_protocol_service_ablation,39,36,3,ct_src_dport_ltm|ct_dst_sport_ltm|is_sm_ips_ports,ksf-v4-idsplit::
classical_ext,svc,10,matern15_med_x0.1__svc__d10,matern15_med_x0.1,id_val,train_cv,1.0,0.852944500674764,0.007000446319580078,0.916,0.9152792008196722,0.915772248159022,0.9113924050632911,0.9722079918032787,0.9714409510060787,port_protocol_service_ablation,39,36,3,ct_src_dport_ltm|ct_dst_sport_ltm|is_sm_ips_ports,ksf-v4-idsplit::
classical_ext,svc,10,matern15_med_x0.1__svc__d10,matern15_med_x0.1,id_test,train_cv,1.0,0.852944500674764,0.007000446319580078,0.844,0.8440061475409837,0.843937575030012,0.8408163265306122,0.9532530737704918,0.9550971430035935,port_protocol_service_ablation,39,36,3,ct_src_dport_ltm|ct_dst_sport_ltm|is_sm_ips_ports,ksf-v4-idsplit::
classical_ext,svc,10,matern15_med_x0.1__svc__d10,matern15_med_x0.1,ood_test,train_cv,1.0,0.852944500674764,0.007000446319580078,0.786,0.7854741896758703,0.7856218369203274,0.7946257197696737,0.8586954781912765,0.8352674569381568,port_protocol_service_ablation,39,36,3,ct_src_dport_ltm|ct_dst_sport_ltm|is_sm_ips_ports,ksf-v4-idsplit::
classical_ext,svc,10,matern15_med_x0.3__svc__d10,matern15_med_x0.3,id_val,fixed_c1,1.0,,0.005999326705932617,0.904,0.9045210040983607,0.904,0.904,0.9663165983606556,0.9511556109816722,port_protocol_service_ablation,39,36,3,ct_src_dport_ltm|ct_dst_sport_ltm|is_sm_ips_ports,ksf-v4-idsplit::
classical_ext,svc,10,matern15_med_x0.3__svc__d10,matern15_med_x0.3,id_test,fixed_c1,1.0,,0.005999326705932617,0.876,0.8779456967213115,0.8755519871537536,0.8830188679245283,0.9676613729508197,0.9685801630779415,port_protocol_service_ablation,39,36,3,ct_src_dport_ltm|ct_dst_sport_ltm|is_sm_ips_ports,ksf-v4-idsplit::
classical_ext,svc,10,matern15_med_x0.3__svc__d10,matern15_med_x0.3,ood_test,fixed_c1,1.0,,0.005999326705932617,0.788,0.7855142056822729,0.7837617299061608,0.8140350877192982,0.8753421368547418,0.8539937367740352,port_protocol_service_ablation,39,36,3,ct_src_dport_ltm|ct_dst_sport_ltm|is_sm_ips_ports,ksf-v4-idsplit::
classical_ext,svc,10,matern15_med_x0.3__svc__d10,matern15_med_x0.3,id_val,train_cv,10.0,0.8897897387700018,0.005731344223022461,0.928,0.927766393442623,0.9279261964251393,0.9256198347107438,0.9458247950819673,0.9543757895618589,port_protocol_service_ablation,39,36,3,ct_src_dport_ltm|ct_dst_sport_ltm|is_sm_ips_ports,ksf-v4-idsplit::
classical_ext,svc,10,matern15_med_x0.3__svc__d10,matern15_med_x0.3,id_test,train_cv,10.0,0.8897897387700018,0.005731344223022461,0.88,0.8806992827868853,0.8799923195084485,0.8809523809523809,0.9351946721311476,0.9409496404969828,port_protocol_service_ablation,39,36,3,ct_src_dport_ltm|ct_dst_sport_ltm|is_sm_ips_ports,ksf-v4-idsplit::
classical_ext,svc,10,matern15_med_x0.3__svc__d10,matern15_med_x0.3,ood_test,train_cv,10.0,0.8897897387700018,0.005731344223022461,0.796,0.7951180472188876,0.7952629466077881,0.8075471698113208,0.8671148459383754,0.8639981970979371,port_protocol_service_ablation,39,36,3,ct_src_dport_ltm|ct_dst_sport_ltm|is_sm_ips_ports,ksf-v4-idsplit::
classical_ext,svc,10,matern15_med_x3__svc__d10,matern15_med_x3,id_val,fixed_c1,1.0,,0.005477428436279297,0.908,0.91015625,0.9075726157753452,0.9138576779026217,0.9328253073770492,0.8800776387133054,port_protocol_service_ablation,39,36,3,ct_src_dport_ltm|ct_dst_sport_ltm|is_sm_ips_ports,ksf-v4-idsplit::
classical_ext,svc,10,matern15_med_x3__svc__d10,matern15_med_x3,id_test,fixed_c1,1.0,,0.005477428436279297,0.86,0.86328125,0.8580904653010915,0.8745519713261649,0.9141265368852459,0.8947464135748131,port_protocol_service_ablation,39,36,3,ct_src_dport_ltm|ct_dst_sport_ltm|is_sm_ips_ports,ksf-v4-idsplit::
classical_ext,svc,10,matern15_med_x3__svc__d10,matern15_med_x3,ood_test,fixed_c1,1.0,,0.005477428436279297,0.74,0.7346938775510204,0.7178819444444444,0.796875,0.7871148459383753,0.6709155868782298,port_protocol_service_ablation,39,36,3,ct_src_dport_ltm|ct_dst_sport_ltm|is_sm_ips_ports,ksf-v4-idsplit::
classical_ext,svc,10,matern15_med_x3__svc__d10,matern15_med_x3,id_val,train_cv,100.0,0.8877685801041064,0.005999326705932617,0.924,0.9242443647540983,0.923989054423837,0.9230769230769231,0.9730404713114754,0.9542060369226155,port_protocol_service_ablation,39,36,3,ct_src_dport_ltm|ct_dst_sport_ltm|is_sm_ips_ports,ksf-v4-idsplit::
classical_ext,svc,10,matern15_med_x3__svc__d10,matern15_med_x3,id_test,train_cv,100.0,0.8877685801041064,0.005999326705932617,0.892,0.8935706967213115,0.8917905064204299,0.896551724137931,0.958247950819672,0.9483590116262219,port_protocol_service_ablation,39,36,3,ct_src_dport_ltm|ct_dst_sport_ltm|is_sm_ips_ports,ksf-v4-idsplit::
classical_ext,svc,10,matern15_med_x3__svc__d10,matern15_med_x3,ood_test,train_cv,100.0,0.8877685801041064,0.005999326705932617,0.792,0.7896758703481392,0.7883115402778005,0.8162544169611308,0.8599599839935974,0.8272172229929309,port_protocol_service_ablation,39,36,3,ct_src_dport_ltm|ct_dst_sport_ltm|is_sm_ips_ports,ksf-v4-idsplit::
classical_ext,svc,10,matern15_med_x10__svc__d10,matern15_med_x10,id_val,fixed_c1,1.0,,0.007005214691162109,0.856,0.8564933401639344,0.856,0.856,0.9288550204918034,0.9114739840402168,port_protocol_service_ablation,39,36,3,ct_src_dport_ltm|ct_dst_sport_ltm|is_sm_ips_ports,ksf-v4-idsplit::
classical_ext,svc,10,matern15_med_x10__svc__d10,matern15_med_x10,id_test,fixed_c1,1.0,,0.007005214691162109,0.82,0.8211449795081966,0.8198587692751116,0.8249027237354085,0.9059938524590163,0.9112516108945525,port_protocol_service_ablation,39,36,3,ct_src_dport_ltm|ct_dst_sport_ltm|is_sm_ips_ports,ksf-v4-idsplit::
classical_ext,svc,10,matern15_med_x10__svc__d10,matern15_med_x10,ood_test,fixed_c1,1.0,,0.007005214691162109,0.782,0.7776310524209684,0.76937171777869,0.8233387358184765,0.7915166066426571,0.7174992216457677,port_protocol_service_ablation,39,36,3,ct_src_dport_ltm|ct_dst_sport_ltm|is_sm_ips_ports,ksf-v4-idsplit::
classical_ext,svc,10,matern15_med_x10__svc__d10,matern15_med_x10,id_val,train_cv,100.0,0.8733177896664739,0.006005287170410156,0.908,0.91015625,0.9075726157753452,0.9138576779026217,0.9458247950819672,0.8903955724348414,port_protocol_service_ablation,39,36,3,ct_src_dport_ltm|ct_dst_sport_ltm|is_sm_ips_ports,ksf-v4-idsplit::
classical_ext,svc,10,matern15_med_x10__svc__d10,matern15_med_x10,id_test,train_cv,100.0,0.8733177896664739,0.006005287170410156,0.864,0.8671875,0.8622723442867328,0.8776978417266187,0.9284707991803278,0.8920200688119895,port_protocol_service_ablation,39,36,3,ct_src_dport_ltm|ct_dst_sport_ltm|is_sm_ips_ports,ksf-v4-idsplit::
classical_ext,svc,10,matern15_med_x10__svc__d10,matern15_med_x10,ood_test,train_cv,100.0,0.8733177896664739,0.006005287170410156,0.74,0.7346938775510204,0.7178819444444444,0.796875,0.7517086834733894,0.6352561981272681,port_protocol_service_ablation,39,36,3,ct_src_dport_ltm|ct_dst_sport_ltm|is_sm_ips_ports,ksf-v4-idsplit::
classical_ext,svc,10,matern25_med_x0.1__svc__d10,matern25_med_x0.1,id_val,fixed_c1,1.0,,0.008745193481445312,0.92,0.9193775614754098,0.9198152543460132,0.9159663865546218,0.9709912909836065,0.9707884828678555,port_protocol_service_ablation,39,36,3,ct_src_dport_ltm|ct_dst_sport_ltm|is_sm_ips_ports,ksf-v4-idsplit::
classical_ext,svc,10,matern25_med_x0.1__svc__d10,matern25_med_x0.1,id_test,fixed_c1,1.0,,0.008745193481445312,0.84,0.8399077868852459,0.8399077868852459,0.8360655737704918,0.9523565573770492,0.954689885618559,port_protocol_service_ablation,39,36,3,ct_src_dport_ltm|ct_dst_sport_ltm|is_sm_ips_ports,ksf-v4-idsplit::
classical_ext,svc,10,matern25_med_x0.1__svc__d10,matern25_med_x0.1,ood_test,fixed_c1,1.0,,0.008745193481445312,0.784,0.7837535014005602,0.783830523130134,0.7898832684824902,0.8546458583433372,0.822996154906649,port_protocol_service_ablation,39,36,3,ct_src_dport_ltm|ct_dst_sport_ltm|is_sm_ips_ports,ksf-v4-idsplit::
classical_ext,svc,10,matern25_med_x0.1__svc__d10,matern25_med_x0.1,id_val,train_cv,1.0,0.8535343165606324,0.009654045104980469,0.92,0.9193775614754098,0.9198152543460132,0.9159663865546218,0.9709912909836065,0.9707884828678555,port_protocol_service_ablation,39,36,3,ct_src_dport_ltm|ct_dst_sport_ltm|is_sm_ips_ports,ksf-v4-idsplit::
classical_ext,svc,10,matern25_med_x0.1__svc__d10,matern25_med_x0.1,id_test,train_cv,1.0,0.8535343165606324,0.009654045104980469,0.84,0.8399077868852459,0.8399077868852459,0.8360655737704918,0.9523565573770492,0.954689885618559,port_protocol_service_ablation,39,36,3,ct_src_dport_ltm|ct_dst_sport_ltm|is_sm_ips_ports,ksf-v4-idsplit::
classical_ext,svc,10,matern25_med_x0.1__svc__d10,matern25_med_x0.1,ood_test,train_cv,1.0,0.8535343165606324,0.009654045104980469,0.784,0.7837535014005602,0.783830523130134,0.7898832684824902,0.8546458583433372,0.822996154906649,port_protocol_service_ablation,39,36,3,ct_src_dport_ltm|ct_dst_sport_ltm|is_sm_ips_ports,ksf-v4-idsplit::
classical_ext,svc,10,matern25_med_x0.3__svc__d10,matern25_med_x0.3,id_val,fixed_c1,1.0,,0.005510807037353516,0.916,0.9166239754098361,0.9159986559784956,0.9163346613545816,0.9659964139344263,0.9497595238754346,port_protocol_service_ablation,39,36,3,ct_src_dport_ltm|ct_dst_sport_ltm|is_sm_ips_ports,ksf-v4-idsplit::
classical_ext,svc,10,matern25_med_x0.3__svc__d10,matern25_med_x0.3,id_test,fixed_c1,1.0,,0.005510807037353516,0.872,0.8740394467213115,0.871473555684082,0.8796992481203008,0.9679815573770492,0.9688024448592417,port_protocol_service_ablation,39,36,3,ct_src_dport_ltm|ct_dst_sport_ltm|is_sm_ips_ports,ksf-v4-idsplit::
classical_ext,svc,10,matern25_med_x0.3__svc__d10,matern25_med_x0.3,ood_test,fixed_c1,1.0,,0.005510807037353516,0.788,0.7854341736694678,0.7835108816417228,0.8146853146853147,0.8746378551420568,0.854428068899711,port_protocol_service_ablation,39,36,3,ct_src_dport_ltm|ct_dst_sport_ltm|is_sm_ips_ports,ksf-v4-idsplit::
classical_ext,svc,10,matern25_med_x0.3__svc__d10,matern25_med_x0.3,id_val,train_cv,1.0,0.884119312704839,0.0053102970123291016,0.916,0.9166239754098361,0.9159986559784956,0.9163346613545816,0.9659964139344263,0.9497595238754346,port_protocol_service_ablation,39,36,3,ct_src_dport_ltm|ct_dst_sport_ltm|is_sm_ips_ports,ksf-v4-idsplit::
classical_ext,svc,10,matern25_med_x0.3__svc__d10,matern25_med_x0.3,id_test,train_cv,1.0,0.884119312704839,0.0053102970123291016,0.872,0.8740394467213115,0.871473555684082,0.8796992481203008,0.9679815573770492,0.9688024448592417,port_protocol_service_ablation,39,36,3,ct_src_dport_ltm|ct_dst_sport_ltm|is_sm_ips_ports,ksf-v4-idsplit::
classical_ext,svc,10,matern25_med_x0.3__svc__d10,matern25_med_x0.3,ood_test,train_cv,1.0,0.884119312704839,0.0053102970123291016,0.788,0.7854341736694678,0.7835108816417228,0.8146853146853147,0.8746378551420568,0.854428068899711,port_protocol_service_ablation,39,36,3,ct_src_dport_ltm|ct_dst_sport_ltm|is_sm_ips_ports,ksf-v4-idsplit::
classical_ext,svc,10,matern25_med_x3__svc__d10,matern25_med_x3,id_val,fixed_c1,1.0,,0.006284236907958984,0.856,0.8566854508196722,0.8559907834101382,0.8571428571428571,0.908875512295082,0.8296241760014338,port_protocol_service_ablation,39,36,3,ct_src_dport_ltm|ct_dst_sport_ltm|is_sm_ips_ports,ksf-v4-idsplit::
classical_ext,svc,10,matern25_med_x3__svc__d10,matern25_med_x3,id_test,fixed_c1,1.0,,0.006284236907958984,0.816,0.8174308401639344,0.8157051282051282,0.823076923076923,0.9008068647540983,0.8653674876046544,port_protocol_service_ablation,39,36,3,ct_src_dport_ltm|ct_dst_sport_ltm|is_sm_ips_ports,ksf-v4-idsplit::
classical_ext,svc,10,matern25_med_x3__svc__d10,matern25_med_x3,ood_test,fixed_c1,1.0,,0.006284236907958984,0.77,0.7653861544617847,0.7551847609964619,0.8154093097913323,0.7555662264905962,0.6433008289031381,port_protocol_service_ablation,39,36,3,ct_src_dport_ltm|ct_dst_sport_ltm|is_sm_ips_ports,ksf-v4-idsplit::
classical_ext,svc,10,matern25_med_x3__svc__d10,matern25_med_x3,id_val,train_cv,100.0,0.8822427462887991,0.006512880325317383,0.94,0.94140625,0.9399221390922636,0.9420849420849421,0.9777151639344263,0.9589626570412577,port_protocol_service_ablation,39,36,3,ct_src_dport_ltm|ct_dst_sport_ltm|is_sm_ips_ports,ksf-v4-idsplit::
classical_ext,svc,10,matern25_med_x3__svc__d10,matern25_med_x3,id_test,train_cv,100.0,0.8822427462887991,0.006512880325317383,0.872,0.8748078893442623,0.8708093792390672,0.8832116788321168,0.961577868852459,0.9464516377814812,port_protocol_service_ablation,39,36,3,ct_src_dport_ltm|ct_dst_sport_ltm|is_sm_ips_ports,ksf-v4-idsplit::
classical_ext,svc,10,matern25_med_x3__svc__d10,matern25_med_x3,ood_test,train_cv,100.0,0.8822427462887991,0.006512880325317383,0.794,0.7897959183673469,0.7829120140285207,0.831973898858075,0.8626970788315327,0.8205976078155981,port_protocol_service_ablation,39,36,3,ct_src_dport_ltm|ct_dst_sport_ltm|is_sm_ips_ports,ksf-v4-idsplit::
classical_ext,svc,10,matern25_med_x10__svc__d10,matern25_med_x10,id_val,fixed_c1,1.0,,0.0066487789154052734,0.736,0.7393058401639344,0.7321428571428571,0.7642857142857142,0.915343237704918,0.9027552638578653,port_protocol_service_ablation,39,36,3,ct_src_dport_ltm|ct_dst_sport_ltm|is_sm_ips_ports,ksf-v4-idsplit::
classical_ext,svc,10,matern25_med_x10__svc__d10,matern25_med_x10,id_test,fixed_c1,1.0,,0.0066487789154052734,0.72,0.7234887295081966,0.7153360661070987,0.75177304964539,0.8999103483606556,0.9102432226855992,port_protocol_service_ablation,39,36,3,ct_src_dport_ltm|ct_dst_sport_ltm|is_sm_ips_ports,ksf-v4-idsplit::
classical_ext,svc,10,matern25_med_x10__svc__d10,matern25_med_x10,ood_test,fixed_c1,1.0,,0.0066487789154052734,0.736,0.7306922769107643,0.7135416666666666,0.79375,0.7983833533413366,0.7234236680439495,port_protocol_service_ablation,39,36,3,ct_src_dport_ltm|ct_dst_sport_ltm|is_sm_ips_ports,ksf-v4-idsplit::
classical_ext,svc,10,matern25_med_x10__svc__d10,matern25_med_x10,id_val,train_cv,100.0,0.8364341141314826,0.006000041961669922,0.856,0.8566854508196722,0.8559907834101382,0.8571428571428571,0.9057377049180328,0.8269493107921011,port_protocol_service_ablation,39,36,3,ct_src_dport_ltm|ct_dst_sport_ltm|is_sm_ips_ports,ksf-v4-idsplit::
classical_ext,svc,10,matern25_med_x10__svc__d10,matern25_med_x10,id_test,train_cv,100.0,0.8364341141314826,0.006000041961669922,0.816,0.8178150614754098,0.8154211607601438,0.8257575757575758,0.8841572745901639,0.8316877535462325,port_protocol_service_ablation,39,36,3,ct_src_dport_ltm|ct_dst_sport_ltm|is_sm_ips_ports,ksf-v4-idsplit::
classical_ext,svc,10,matern25_med_x10__svc__d10,matern25_med_x10,ood_test,train_cv,100.0,0.8364341141314826,0.006000041961669922,0.766,0.7612244897959184,0.7498621034672961,0.8133971291866029,0.7453381352541015,0.6312028281962546,port_protocol_service_ablation,39,36,3,ct_src_dport_ltm|ct_dst_sport_ltm|is_sm_ips_ports,ksf-v4-idsplit::
quantum,svc,10,zz_r1_full__as0.5__svc__d10,zz_r1_full__as0.5,id_val,fixed_c1,1.0,,0.008000373840332031,0.912,0.9119492827868853,0.9119492827868853,0.9098360655737705,0.9703509221311475,0.9722860075608826,port_protocol_service_ablation,39,36,3,ct_src_dport_ltm|ct_dst_sport_ltm|is_sm_ips_ports,ksf-v4-idsplit::
quantum,svc,10,zz_r1_full__as0.5__svc__d10,zz_r1_full__as0.5,id_test,fixed_c1,1.0,,0.008000373840332031,0.868,0.8684042008196722,0.8679978879662075,0.8674698795180723,0.9515881147540983,0.954326245849999,port_protocol_service_ablation,39,36,3,ct_src_dport_ltm|ct_dst_sport_ltm|is_sm_ips_ports,ksf-v4-idsplit::
quantum,svc,10,zz_r1_full__as0.5__svc__d10,zz_r1_full__as0.5,ood_test,fixed_c1,1.0,,0.008000373840332031,0.772,0.7707082833133254,0.7705314009661836,0.7888888888888889,0.8590796318527412,0.8366565939544837,port_protocol_service_ablation,39,36,3,ct_src_dport_ltm|ct_dst_sport_ltm|is_sm_ips_ports,ksf-v4-idsplit::
quantum,svc,10,zz_r1_full__as0.5__svc__d10,zz_r1_full__as0.5,id_val,train_cv,1.0,0.8604607673028726,0.006663084030151367,0.912,0.9119492827868853,0.9119492827868853,0.9098360655737705,0.9703509221311475,0.9722860075608826,port_protocol_service_ablation,39,36,3,ct_src_dport_ltm|ct_dst_sport_ltm|is_sm_ips_ports,ksf-v4-idsplit::
quantum,svc,10,zz_r1_full__as0.5__svc__d10,zz_r1_full__as0.5,id_test,train_cv,1.0,0.8604607673028726,0.006663084030151367,0.868,0.8684042008196722,0.8679978879662075,0.8674698795180723,0.9515881147540983,0.954326245849999,port_protocol_service_ablation,39,36,3,ct_src_dport_ltm|ct_dst_sport_ltm|is_sm_ips_ports,ksf-v4-idsplit::
quantum,svc,10,zz_r1_full__as0.5__svc__d10,zz_r1_full__as0.5,ood_test,train_cv,1.0,0.8604607673028726,0.006663084030151367,0.772,0.7707082833133254,0.7705314009661836,0.7888888888888889,0.8590796318527412,0.8366565939544837,port_protocol_service_ablation,39,36,3,ct_src_dport_ltm|ct_dst_sport_ltm|is_sm_ips_ports,ksf-v4-idsplit::
quantum,svc,10,zz_r2_full__as0.5__svc__d10,zz_r2_full__as0.5,id_val,fixed_c1,1.0,,0.007999181747436523,0.848,0.8454149590163935,0.845468150172425,0.8256880733944955,0.9686219262295082,0.9675535017482605,port_protocol_service_ablation,39,36,3,ct_src_dport_ltm|ct_dst_sport_ltm|is_sm_ips_ports,ksf-v4-idsplit::
quantum,svc,10,zz_r2_full__as0.5__svc__d10,zz_r2_full__as0.5,id_test,fixed_c1,1.0,,0.007999181747436523,0.856,0.8539959016393442,0.8544254658385093,0.8392857142857143,0.939421106557377,0.9459272839819971,port_protocol_service_ablation,39,36,3,ct_src_dport_ltm|ct_dst_sport_ltm|is_sm_ips_ports,ksf-v4-idsplit::
quantum,svc,10,zz_r2_full__as0.5__svc__d10,zz_r2_full__as0.5,ood_test,fixed_c1,1.0,,0.007999181747436523,0.75,0.7517006802721089,0.7487689679429204,0.7311827956989247,0.8356782713085233,0.7980500904405049,port_protocol_service_ablation,39,36,3,ct_src_dport_ltm|ct_dst_sport_ltm|is_sm_ips_ports,ksf-v4-idsplit::
quantum,svc,10,zz_r2_full__as0.5__svc__d10,zz_r2_full__as0.5,id_val,train_cv,100.0,0.8235602226720647,0.009999752044677734,0.86,0.8577100409836065,0.8580904653010915,0.8416289592760181,0.9564549180327868,0.9610009850013733,port_protocol_service_ablation,39,36,3,ct_src_dport_ltm|ct_dst_sport_ltm|is_sm_ips_ports,ksf-v4-idsplit::
quantum,svc,10,zz_r2_full__as0.5__svc__d10,zz_r2_full__as0.5,id_test,train_cv,100.0,0.8235602226720647,0.009999752044677734,0.84,0.8376024590163935,0.8376623376623377,0.8181818181818182,0.915343237704918,0.8868586954460108,port_protocol_service_ablation,39,36,3,ct_src_dport_ltm|ct_dst_sport_ltm|is_sm_ips_ports,ksf-v4-idsplit::
quantum,svc,10,zz_r2_full__as0.5__svc__d10,zz_r2_full__as0.5,ood_test,train_cv,100.0,0.8235602226720647,0.009999752044677734,0.766,0.7674669867947179,0.7652101670017941,0.7515923566878981,0.8386714685874349,0.829321274700768,port_protocol_service_ablation,39,36,3,ct_src_dport_ltm|ct_dst_sport_ltm|is_sm_ips_ports,ksf-v4-idsplit::
quantum,svc,10,pauli_xz_r1_full__as0.5__svc__d10,pauli_xz_r1_full__as0.5,id_val,fixed_c1,1.0,,0.003523111343383789,0.92,0.9211065573770492,0.919953893442623,0.921875,0.9748975409836066,0.9563597709733016,port_protocol_service_ablation,39,36,3,ct_src_dport_ltm|ct_dst_sport_ltm|is_sm_ips_ports,ksf-v4-idsplit::
quantum,svc,10,pauli_xz_r1_full__as0.5__svc__d10,pauli_xz_r1_full__as0.5,id_test,fixed_c1,1.0,,0.003523111343383789,0.872,0.8748078893442623,0.8708093792390672,0.8832116788321168,0.9549180327868853,0.9406194682969621,port_protocol_service_ablation,39,36,3,ct_src_dport_ltm|ct_dst_sport_ltm|is_sm_ips_ports,ksf-v4-idsplit::
quantum,svc,10,pauli_xz_r1_full__as0.5__svc__d10,pauli_xz_r1_full__as0.5,ood_test,fixed_c1,1.0,,0.003523111343383789,0.77,0.7661864745898359,0.7598071773792665,0.8092868988391376,0.8467386954781913,0.8037093868561911,port_protocol_service_ablation,39,36,3,ct_src_dport_ltm|ct_dst_sport_ltm|is_sm_ips_ports,ksf-v4-idsplit::
quantum,svc,10,pauli_xz_r1_full__as0.5__svc__d10,pauli_xz_r1_full__as0.5,id_val,train_cv,10.0,0.8883093551185656,0.0059931278228759766,0.924,0.9234759221311475,0.9238525785921544,0.9205020920502092,0.9779072745901639,0.9643715907305727,port_protocol_service_ablation,39,36,3,ct_src_dport_ltm|ct_dst_sport_ltm|is_sm_ips_ports,ksf-v4-idsplit::
quantum,svc,10,pauli_xz_r1_full__as0.5__svc__d10,pauli_xz_r1_full__as0.5,id_test,train_cv,10.0,0.8883093551185656,0.0059931278228759766,0.876,0.8773693647540983,0.8758390874573447,0.8803088803088803,0.9526127049180326,0.9445504184684181,port_protocol_service_ablation,39,36,3,ct_src_dport_ltm|ct_dst_sport_ltm|is_sm_ips_ports,ksf-v4-idsplit::
quantum,svc,10,pauli_xz_r1_full__as0.5__svc__d10,pauli_xz_r1_full__as0.5,ood_test,train_cv,10.0,0.8883093551185656,0.0059931278228759766,0.79,0.7881952781112445,0.7876136267097102,0.810126582278481,0.8572068827531012,0.8225479175524572,port_protocol_service_ablation,39,36,3,ct_src_dport_ltm|ct_dst_sport_ltm|is_sm_ips_ports,ksf-v4-idsplit::
quantum,svc,10,zmap_r2__as0.5__svc__d10,zmap_r2__as0.5,id_val,fixed_c1,1.0,,0.00400090217590332,0.92,0.9205302254098361,0.92,0.92,0.9684938524590164,0.9359553469487152,port_protocol_service_ablation,39,36,3,ct_src_dport_ltm|ct_dst_sport_ltm|is_sm_ips_ports,ksf-v4-idsplit::
quantum,svc,10,zmap_r2__as0.5__svc__d10,zmap_r2__as0.5,id_test,fixed_c1,1.0,,0.00400090217590332,0.88,0.8820440573770492,0.8795064584538268,0.8872180451127819,0.955750512295082,0.932516346867349,port_protocol_service_ablation,39,36,3,ct_src_dport_ltm|ct_dst_sport_ltm|is_sm_ips_ports,ksf-v4-idsplit::
quantum,svc,10,zmap_r2__as0.5__svc__d10,zmap_r2__as0.5,ood_test,fixed_c1,1.0,,0.00400090217590332,0.78,0.7775110044017607,0.7756017951856384,0.8070175438596491,0.8509643857543017,0.8175169917616213,port_protocol_service_ablation,39,36,3,ct_src_dport_ltm|ct_dst_sport_ltm|is_sm_ips_ports,ksf-v4-idsplit::
quantum,svc,10,zmap_r2__as0.5__svc__d10,zmap_r2__as0.5,id_val,train_cv,10.0,0.8930186042028148,0.00753331184387207,0.916,0.9152792008196722,0.915772248159022,0.9113924050632911,0.9553022540983607,0.9235988653307957,port_protocol_service_ablation,39,36,3,ct_src_dport_ltm|ct_dst_sport_ltm|is_sm_ips_ports,ksf-v4-idsplit::
quantum,svc,10,zmap_r2__as0.5__svc__d10,zmap_r2__as0.5,id_test,train_cv,10.0,0.8930186042028148,0.00753331184387207,0.884,0.8849897540983607,0.883953581432573,0.8862745098039215,0.9528688524590163,0.9382284806707224,port_protocol_service_ablation,39,36,3,ct_src_dport_ltm|ct_dst_sport_ltm|is_sm_ips_ports,ksf-v4-idsplit::
quantum,svc,10,zmap_r2__as0.5__svc__d10,zmap_r2__as0.5,ood_test,train_cv,10.0,0.8930186042028148,0.00753331184387207,0.774,0.7728291316526611,0.7727556097188203,0.7895716945996276,0.8698199279711886,0.8431496746662288,port_protocol_service_ablation,39,36,3,ct_src_dport_ltm|ct_dst_sport_ltm|is_sm_ips_ports,ksf-v4-idsplit::
quantum,svc,10,zz_r1_full__svc__d10,zz_r1_full,id_val,fixed_c1,1.0,,0.007512331008911133,0.9,0.899077868852459,0.8996386993175431,0.8936170212765957,0.9729764344262295,0.9712067601628147,port_protocol_service_ablation,39,36,3,ct_src_dport_ltm|ct_dst_sport_ltm|is_sm_ips_ports,ksf-v4-idsplit::
quantum,svc,10,zz_r1_full__svc__d10,zz_r1_full,id_test,fixed_c1,1.0,,0.007512331008911133,0.856,0.8555327868852459,0.8557692307692308,0.85,0.9517161885245902,0.9530714529930391,port_protocol_service_ablation,39,36,3,ct_src_dport_ltm|ct_dst_sport_ltm|is_sm_ips_ports,ksf-v4-idsplit::
quantum,svc,10,zz_r1_full__svc__d10,zz_r1_full,ood_test,fixed_c1,1.0,,0.007512331008911133,0.77,0.769547819127651,0.7696673997252033,0.7784200385356455,0.8517166866746698,0.8096485612995138,port_protocol_service_ablation,39,36,3,ct_src_dport_ltm|ct_dst_sport_ltm|is_sm_ips_ports,ksf-v4-idsplit::
quantum,svc,10,zz_r1_full__svc__d10,zz_r1_full,id_val,train_cv,1.0,0.8493259591285908,0.006539583206176758,0.9,0.899077868852459,0.8996386993175431,0.8936170212765957,0.9729764344262295,0.9712067601628147,port_protocol_service_ablation,39,36,3,ct_src_dport_ltm|ct_dst_sport_ltm|is_sm_ips_ports,ksf-v4-idsplit::
quantum,svc,10,zz_r1_full__svc__d10,zz_r1_full,id_test,train_cv,1.0,0.8493259591285908,0.006539583206176758,0.856,0.8555327868852459,0.8557692307692308,0.85,0.9517161885245902,0.9530714529930391,port_protocol_service_ablation,39,36,3,ct_src_dport_ltm|ct_dst_sport_ltm|is_sm_ips_ports,ksf-v4-idsplit::
quantum,svc,10,zz_r1_full__svc__d10,zz_r1_full,ood_test,train_cv,1.0,0.8493259591285908,0.006539583206176758,0.77,0.769547819127651,0.7696673997252033,0.7784200385356455,0.8517166866746698,0.8096485612995138,port_protocol_service_ablation,39,36,3,ct_src_dport_ltm|ct_dst_sport_ltm|is_sm_ips_ports,ksf-v4-idsplit::
quantum,svc,10,zz_r2_full__svc__d10,zz_r2_full,id_val,fixed_c1,1.0,,0.008000373840332031,0.824,0.8204405737704918,0.8188883034773445,0.7884615384615384,0.9642674180327868,0.964315024831857,port_protocol_service_ablation,39,36,3,ct_src_dport_ltm|ct_dst_sport_ltm|is_sm_ips_ports,ksf-v4-idsplit::
quantum,svc,10,zz_r2_full__svc__d10,zz_r2_full,id_test,fixed_c1,1.0,,0.008000373840332031,0.828,0.8251152663934427,0.8245614035087719,0.8,0.9376921106557377,0.9417573448555129,port_protocol_service_ablation,39,36,3,ct_src_dport_ltm|ct_dst_sport_ltm|is_sm_ips_ports,ksf-v4-idsplit::
quantum,svc,10,zz_r2_full__svc__d10,zz_r2_full,ood_test,fixed_c1,1.0,,0.008000373840332031,0.694,0.6977591036414565,0.6844462960594974,0.6295399515738499,0.8289235694277712,0.8271389722821945,port_protocol_service_ablation,39,36,3,ct_src_dport_ltm|ct_dst_sport_ltm|is_sm_ips_ports,ksf-v4-idsplit::
quantum,svc,10,zz_r2_full__svc__d10,zz_r2_full,id_val,train_cv,1.0,0.8168049932523616,0.0070078372955322266,0.824,0.8204405737704918,0.8188883034773445,0.7884615384615384,0.9642674180327868,0.964315024831857,port_protocol_service_ablation,39,36,3,ct_src_dport_ltm|ct_dst_sport_ltm|is_sm_ips_ports,ksf-v4-idsplit::
quantum,svc,10,zz_r2_full__svc__d10,zz_r2_full,id_test,train_cv,1.0,0.8168049932523616,0.0070078372955322266,0.828,0.8251152663934427,0.8245614035087719,0.8,0.9376921106557377,0.9417573448555129,port_protocol_service_ablation,39,36,3,ct_src_dport_ltm|ct_dst_sport_ltm|is_sm_ips_ports,ksf-v4-idsplit::
quantum,svc,10,zz_r2_full__svc__d10,zz_r2_full,ood_test,train_cv,1.0,0.8168049932523616,0.0070078372955322266,0.694,0.6977591036414565,0.6844462960594974,0.6295399515738499,0.8289235694277712,0.8271389722821945,port_protocol_service_ablation,39,36,3,ct_src_dport_ltm|ct_dst_sport_ltm|is_sm_ips_ports,ksf-v4-idsplit::
quantum,svc,10,pauli_xz_r1_full__svc__d10,pauli_xz_r1_full,id_val,fixed_c1,1.0,,0.008173465728759766,0.912,0.9125256147540983,0.912,0.912,0.958952356557377,0.9315324224014655,port_protocol_service_ablation,39,36,3,ct_src_dport_ltm|ct_dst_sport_ltm|is_sm_ips_ports,ksf-v4-idsplit::
quantum,svc,10,pauli_xz_r1_full__svc__d10,pauli_xz_r1_full,id_test,fixed_c1,1.0,,0.008173465728759766,0.872,0.8738473360655737,0.8715973292244479,0.8787878787878788,0.9639472336065573,0.9616982836079748,port_protocol_service_ablation,39,36,3,ct_src_dport_ltm|ct_dst_sport_ltm|is_sm_ips_ports,ksf-v4-idsplit::
quantum,svc,10,pauli_xz_r1_full__svc__d10,pauli_xz_r1_full,ood_test,fixed_c1,1.0,,0.008173465728759766,0.79,0.7876350540216086,0.7861602942434351,0.8148148148148148,0.8654821928771508,0.8391379582226808,port_protocol_service_ablation,39,36,3,ct_src_dport_ltm|ct_dst_sport_ltm|is_sm_ips_ports,ksf-v4-idsplit::
quantum,svc,10,pauli_xz_r1_full__svc__d10,pauli_xz_r1_full,id_val,train_cv,1.0,0.8747805812608445,0.005517482757568359,0.912,0.9125256147540983,0.912,0.912,0.958952356557377,0.9315324224014655,port_protocol_service_ablation,39,36,3,ct_src_dport_ltm|ct_dst_sport_ltm|is_sm_ips_ports,ksf-v4-idsplit::
quantum,svc,10,pauli_xz_r1_full__svc__d10,pauli_xz_r1_full,id_test,train_cv,1.0,0.8747805812608445,0.005517482757568359,0.872,0.8738473360655737,0.8715973292244479,0.8787878787878788,0.9639472336065573,0.9616982836079748,port_protocol_service_ablation,39,36,3,ct_src_dport_ltm|ct_dst_sport_ltm|is_sm_ips_ports,ksf-v4-idsplit::
quantum,svc,10,pauli_xz_r1_full__svc__d10,pauli_xz_r1_full,ood_test,train_cv,1.0,0.8747805812608445,0.005517482757568359,0.79,0.7876350540216086,0.7861602942434351,0.8148148148148148,0.8654821928771508,0.8391379582226808,port_protocol_service_ablation,39,36,3,ct_src_dport_ltm|ct_dst_sport_ltm|is_sm_ips_ports,ksf-v4-idsplit::
quantum,svc,10,zmap_r2__svc__d10,zmap_r2,id_val,fixed_c1,1.0,,0.004990577697753906,0.916,0.9164318647540983,0.9159986559784956,0.9156626506024096,0.954469774590164,0.9312788642077564,port_protocol_service_ablation,39,36,3,ct_src_dport_ltm|ct_dst_sport_ltm|is_sm_ips_ports,ksf-v4-idsplit::
quantum,svc,10,zmap_r2__svc__d10,zmap_r2,id_test,fixed_c1,1.0,,0.004990577697753906,0.876,0.8777535860655737,0.8756637949014134,0.8821292775665399,0.9592725409836065,0.9649391151154811,port_protocol_service_ablation,39,36,3,ct_src_dport_ltm|ct_dst_sport_ltm|is_sm_ips_ports,ksf-v4-idsplit::
quantum,svc,10,zmap_r2__svc__d10,zmap_r2,ood_test,fixed_c1,1.0,,0.004990577697753906,0.786,0.783873549419768,0.7827666995561944,0.8092691622103387,0.8794397759103643,0.8597102828711071,port_protocol_service_ablation,39,36,3,ct_src_dport_ltm|ct_dst_sport_ltm|is_sm_ips_ports,ksf-v4-idsplit::
quantum,svc,10,zmap_r2__svc__d10,zmap_r2,id_val,train_cv,1.0,0.8809394881434354,0.005000591278076172,0.916,0.9164318647540983,0.9159986559784956,0.9156626506024096,0.954469774590164,0.9312788642077564,port_protocol_service_ablation,39,36,3,ct_src_dport_ltm|ct_dst_sport_ltm|is_sm_ips_ports,ksf-v4-idsplit::
quantum,svc,10,zmap_r2__svc__d10,zmap_r2,id_test,train_cv,1.0,0.8809394881434354,0.005000591278076172,0.876,0.8777535860655737,0.8756637949014134,0.8821292775665399,0.9592725409836065,0.9649391151154811,port_protocol_service_ablation,39,36,3,ct_src_dport_ltm|ct_dst_sport_ltm|is_sm_ips_ports,ksf-v4-idsplit::
quantum,svc,10,zmap_r2__svc__d10,zmap_r2,ood_test,train_cv,1.0,0.8809394881434354,0.005000591278076172,0.786,0.783873549419768,0.7827666995561944,0.8092691622103387,0.8794397759103643,0.8597102828711071,port_protocol_service_ablation,39,36,3,ct_src_dport_ltm|ct_dst_sport_ltm|is_sm_ips_ports,ksf-v4-idsplit::
quantum,svc,10,zz_r1_full__as2__svc__d10,zz_r1_full__as2,id_val,fixed_c1,1.0,,0.011002779006958008,0.852,0.8493212090163935,0.8493755190438195,0.8294930875576036,0.9727843237704918,0.9701319602901788,port_protocol_service_ablation,39,36,3,ct_src_dport_ltm|ct_dst_sport_ltm|is_sm_ips_ports,ksf-v4-idsplit::
quantum,svc,10,zz_r1_full__as2__svc__d10,zz_r1_full__as2,id_test,fixed_c1,1.0,,0.011002779006958008,0.832,0.8299820696721312,0.8301630434782609,0.8125,0.9503073770491803,0.9490960357654671,port_protocol_service_ablation,39,36,3,ct_src_dport_ltm|ct_dst_sport_ltm|is_sm_ips_ports,ksf-v4-idsplit::
quantum,svc,10,zz_r1_full__as2__svc__d10,zz_r1_full__as2,ood_test,fixed_c1,1.0,,0.011002779006958008,0.732,0.7341336534613845,0.7297122847783641,0.7048458149779736,0.8561344537815126,0.8353241749375462,port_protocol_service_ablation,39,36,3,ct_src_dport_ltm|ct_dst_sport_ltm|is_sm_ips_ports,ksf-v4-idsplit::
quantum,svc,10,zz_r1_full__as2__svc__d10,zz_r1_full__as2,id_val,train_cv,1.0,0.8283057403123193,0.009859561920166016,0.852,0.8493212090163935,0.8493755190438195,0.8294930875576036,0.9727843237704918,0.9701319602901788,port_protocol_service_ablation,39,36,3,ct_src_dport_ltm|ct_dst_sport_ltm|is_sm_ips_ports,ksf-v4-idsplit::
quantum,svc,10,zz_r1_full__as2__svc__d10,zz_r1_full__as2,id_test,train_cv,1.0,0.8283057403123193,0.009859561920166016,0.832,0.8299820696721312,0.8301630434782609,0.8125,0.9503073770491803,0.9490960357654671,port_protocol_service_ablation,39,36,3,ct_src_dport_ltm|ct_dst_sport_ltm|is_sm_ips_ports,ksf-v4-idsplit::
quantum,svc,10,zz_r1_full__as2__svc__d10,zz_r1_full__as2,ood_test,train_cv,1.0,0.8283057403123193,0.009859561920166016,0.732,0.7341336534613845,0.7297122847783641,0.7048458149779736,0.8561344537815126,0.8353241749375462,port_protocol_service_ablation,39,36,3,ct_src_dport_ltm|ct_dst_sport_ltm|is_sm_ips_ports,ksf-v4-idsplit::
quantum,svc,10,zz_r2_full__as2__svc__d10,zz_r2_full__as2,id_val,fixed_c1,1.0,,0.00899958610534668,0.8,0.7956582991803278,0.7916666666666667,0.75,0.9328893442622951,0.9370911305284357,port_protocol_service_ablation,39,36,3,ct_src_dport_ltm|ct_dst_sport_ltm|is_sm_ips_ports,ksf-v4-idsplit::
quantum,svc,10,zz_r2_full__as2__svc__d10,zz_r2_full__as2,id_test,fixed_c1,1.0,,0.00899958610534668,0.816,0.8124359631147541,0.8106559536354057,0.7788461538461539,0.9357069672131147,0.9188435122768634,port_protocol_service_ablation,39,36,3,ct_src_dport_ltm|ct_dst_sport_ltm|is_sm_ips_ports,ksf-v4-idsplit::
quantum,svc,10,zz_r2_full__as2__svc__d10,zz_r2_full__as2,ood_test,fixed_c1,1.0,,0.00899958610534668,0.68,0.6849139655862344,0.6617965367965368,0.5833333333333334,0.8237374949979992,0.8450607391274438,port_protocol_service_ablation,39,36,3,ct_src_dport_ltm|ct_dst_sport_ltm|is_sm_ips_ports,ksf-v4-idsplit::
quantum,svc,10,zz_r2_full__as2__svc__d10,zz_r2_full__as2,id_val,train_cv,1.0,0.8070802005012532,0.008104324340820312,0.8,0.7956582991803278,0.7916666666666667,0.75,0.9328893442622951,0.9370911305284357,port_protocol_service_ablation,39,36,3,ct_src_dport_ltm|ct_dst_sport_ltm|is_sm_ips_ports,ksf-v4-idsplit::
quantum,svc,10,zz_r2_full__as2__svc__d10,zz_r2_full__as2,id_test,train_cv,1.0,0.8070802005012532,0.008104324340820312,0.816,0.8124359631147541,0.8106559536354057,0.7788461538461539,0.9357069672131147,0.9188435122768634,port_protocol_service_ablation,39,36,3,ct_src_dport_ltm|ct_dst_sport_ltm|is_sm_ips_ports,ksf-v4-idsplit::
quantum,svc,10,zz_r2_full__as2__svc__d10,zz_r2_full__as2,ood_test,train_cv,1.0,0.8070802005012532,0.008104324340820312,0.68,0.6849139655862344,0.6617965367965368,0.5833333333333334,0.8237374949979992,0.8450607391274438,port_protocol_service_ablation,39,36,3,ct_src_dport_ltm|ct_dst_sport_ltm|is_sm_ips_ports,ksf-v4-idsplit::
quantum,svc,10,pauli_xz_r1_full__as2__svc__d10,pauli_xz_r1_full__as2,id_val,fixed_c1,1.0,,0.006869792938232422,0.912,0.9117571721311475,0.9119097956307258,0.9090909090909091,0.9535092213114753,0.942292161947881,port_protocol_service_ablation,39,36,3,ct_src_dport_ltm|ct_dst_sport_ltm|is_sm_ips_ports,ksf-v4-idsplit::
quantum,svc,10,pauli_xz_r1_full__as2__svc__d10,pauli_xz_r1_full__as2,id_test,fixed_c1,1.0,,0.006869792938232422,0.864,0.865266393442623,0.8638605932474854,0.8682170542635659,0.957671618852459,0.9620363203414342,port_protocol_service_ablation,39,36,3,ct_src_dport_ltm|ct_dst_sport_ltm|is_sm_ips_ports,ksf-v4-idsplit::
quantum,svc,10,pauli_xz_r1_full__as2__svc__d10,pauli_xz_r1_full__as2,ood_test,fixed_c1,1.0,,0.006869792938232422,0.804,0.8029611844737895,0.8030894857822571,0.8164794007490637,0.8666506602641056,0.8666167104096703,port_protocol_service_ablation,39,36,3,ct_src_dport_ltm|ct_dst_sport_ltm|is_sm_ips_ports,ksf-v4-idsplit::
quantum,svc,10,pauli_xz_r1_full__as2__svc__d10,pauli_xz_r1_full__as2,id_val,train_cv,1.0,0.8750857914015807,0.006132364273071289,0.912,0.9117571721311475,0.9119097956307258,0.9090909090909091,0.9535092213114753,0.942292161947881,port_protocol_service_ablation,39,36,3,ct_src_dport_ltm|ct_dst_sport_ltm|is_sm_ips_ports,ksf-v4-idsplit::
quantum,svc,10,pauli_xz_r1_full__as2__svc__d10,pauli_xz_r1_full__as2,id_test,train_cv,1.0,0.8750857914015807,0.006132364273071289,0.864,0.865266393442623,0.8638605932474854,0.8682170542635659,0.957671618852459,0.9620363203414342,port_protocol_service_ablation,39,36,3,ct_src_dport_ltm|ct_dst_sport_ltm|is_sm_ips_ports,ksf-v4-idsplit::
quantum,svc,10,pauli_xz_r1_full__as2__svc__d10,pauli_xz_r1_full__as2,ood_test,train_cv,1.0,0.8750857914015807,0.006132364273071289,0.804,0.8029611844737895,0.8030894857822571,0.8164794007490637,0.8666506602641056,0.8666167104096703,port_protocol_service_ablation,39,36,3,ct_src_dport_ltm|ct_dst_sport_ltm|is_sm_ips_ports,ksf-v4-idsplit::
quantum,svc,10,zmap_r2__as2__svc__d10,zmap_r2__as2,id_val,fixed_c1,1.0,,0.006911277770996094,0.908,0.9076588114754098,0.9078806132748041,0.9045643153526971,0.9696465163934427,0.962732072999862,port_protocol_service_ablation,39,36,3,ct_src_dport_ltm|ct_dst_sport_ltm|is_sm_ips_ports,ksf-v4-idsplit::
quantum,svc,10,zmap_r2__as2__svc__d10,zmap_r2__as2,id_test,fixed_c1,1.0,,0.006911277770996094,0.864,0.8650742827868853,0.863921618852459,0.8671875,0.9517161885245902,0.9392688301262295,port_protocol_service_ablation,39,36,3,ct_src_dport_ltm|ct_dst_sport_ltm|is_sm_ips_ports,ksf-v4-idsplit::
quantum,svc,10,zmap_r2__as2__svc__d10,zmap_r2__as2,ood_test,fixed_c1,1.0,,0.006911277770996094,0.754,0.7533813525410165,0.7534783602102048,0.7648183556405354,0.844593837535014,0.8335368236727582,port_protocol_service_ablation,39,36,3,ct_src_dport_ltm|ct_dst_sport_ltm|is_sm_ips_ports,ksf-v4-idsplit::
quantum,svc,10,zmap_r2__as2__svc__d10,zmap_r2__as2,id_val,train_cv,10.0,0.8705839117023327,0.008634090423583984,0.888,0.8867827868852459,0.8874163664436439,0.8793103448275862,0.9431992827868851,0.9349798165088689,port_protocol_service_ablation,39,36,3,ct_src_dport_ltm|ct_dst_sport_ltm|is_sm_ips_ports,ksf-v4-idsplit::
quantum,svc,10,zmap_r2__as2__svc__d10,zmap_r2__as2,id_test,train_cv,10.0,0.8705839117023327,0.008634090423583984,0.86,0.8605917008196722,0.8599977599641595,0.8605577689243028,0.9250128073770492,0.8944750152721347,port_protocol_service_ablation,39,36,3,ct_src_dport_ltm|ct_dst_sport_ltm|is_sm_ips_ports,ksf-v4-idsplit::
quantum,svc,10,zmap_r2__as2__svc__d10,zmap_r2__as2,ood_test,train_cv,10.0,0.8705839117023327,0.008634090423583984,0.754,0.7539415766306523,0.7539202701675343,0.7583497053045186,0.811796718687475,0.7896880063787596,port_protocol_service_ablation,39,36,3,ct_src_dport_ltm|ct_dst_sport_ltm|is_sm_ips_ports,ksf-v4-idsplit::
classical_ext,svc,12,linear__svc__d12,linear,id_val,fixed_c1,1.0,,0.005640506744384766,0.86,0.8605917008196722,0.8599977599641595,0.8605577689243028,0.8837090163934427,0.7695205556105613,port_protocol_service_ablation,39,36,3,ct_src_dport_ltm|ct_dst_sport_ltm|is_sm_ips_ports,ksf-v4-idsplit::
classical_ext,svc,12,linear__svc__d12,linear,id_test,fixed_c1,1.0,,0.005640506744384766,0.828,0.8295338114754098,0.8276663620769811,0.8352490421455939,0.8769851434426229,0.7592347425798921,port_protocol_service_ablation,39,36,3,ct_src_dport_ltm|ct_dst_sport_ltm|is_sm_ips_ports,ksf-v4-idsplit::
classical_ext,svc,12,linear__svc__d12,linear,ood_test,fixed_c1,1.0,,0.005640506744384766,0.784,0.7797519007603042,0.7721557442068488,0.8241042345276873,0.7837374949979992,0.6875812575393978,port_protocol_service_ablation,39,36,3,ct_src_dport_ltm|ct_dst_sport_ltm|is_sm_ips_ports,ksf-v4-idsplit::
classical_ext,svc,12,linear__svc__d12,linear,id_val,train_cv,100.0,0.8496698476961635,0.009592771530151367,0.896,0.896516393442623,0.896,0.896,0.9091316598360656,0.8239836953836404,port_protocol_service_ablation,39,36,3,ct_src_dport_ltm|ct_dst_sport_ltm|is_sm_ips_ports,ksf-v4-idsplit::
classical_ext,svc,12,linear__svc__d12,linear,id_test,train_cv,100.0,0.8496698476961635,0.009592771530151367,0.848,0.8498335040983607,0.8475218284540318,0.8560606060606061,0.8791623975409836,0.7759160323572637,port_protocol_service_ablation,39,36,3,ct_src_dport_ltm|ct_dst_sport_ltm|is_sm_ips_ports,ksf-v4-idsplit::
classical_ext,svc,12,linear__svc__d12,linear,ood_test,train_cv,100.0,0.8496698476961635,0.009592771530151367,0.796,0.792156862745098,0.786775035119406,0.8311258278145696,0.7819767907162866,0.6932106293617927,port_protocol_service_ablation,39,36,3,ct_src_dport_ltm|ct_dst_sport_ltm|is_sm_ips_ports,ksf-v4-idsplit::
classical_ext,svc,12,rbf_gscale__svc__d12,rbf_gscale,id_val,fixed_c1,1.0,,0.005865335464477539,0.932,0.93359375,0.9318680966350855,0.9348659003831418,0.9770747950819673,0.9588728869723098,port_protocol_service_ablation,39,36,3,ct_src_dport_ltm|ct_dst_sport_ltm|is_sm_ips_ports,ksf-v4-idsplit::
classical_ext,svc,12,rbf_gscale__svc__d12,rbf_gscale,id_test,fixed_c1,1.0,,0.005865335464477539,0.872,0.875,0.870600414078675,0.8840579710144928,0.9650998975409836,0.9571603827358551,port_protocol_service_ablation,39,36,3,ct_src_dport_ltm|ct_dst_sport_ltm|is_sm_ips_ports,ksf-v4-idsplit::
classical_ext,svc,12,rbf_gscale__svc__d12,rbf_gscale,ood_test,fixed_c1,1.0,,0.005865335464477539,0.784,0.7798319327731092,0.7725894481503941,0.8235294117647058,0.8402400960384153,0.7925349857718645,port_protocol_service_ablation,39,36,3,ct_src_dport_ltm|ct_dst_sport_ltm|is_sm_ips_ports,ksf-v4-idsplit::
classical_ext,svc,12,rbf_gscale__svc__d12,rbf_gscale,id_val,train_cv,10.0,0.8941294341623289,0.006009340286254883,0.928,0.927766393442623,0.9279261964251393,0.9256198347107438,0.9764984631147541,0.9622788094111006,port_protocol_service_ablation,39,36,3,ct_src_dport_ltm|ct_dst_sport_ltm|is_sm_ips_ports,ksf-v4-idsplit::
classical_ext,svc,12,rbf_gscale__svc__d12,rbf_gscale,id_test,train_cv,10.0,0.8941294341623289,0.006009340286254883,0.884,0.8849897540983607,0.883953581432573,0.8862745098039215,0.9585040983606558,0.9512169282061342,port_protocol_service_ablation,39,36,3,ct_src_dport_ltm|ct_dst_sport_ltm|is_sm_ips_ports,ksf-v4-idsplit::
classical_ext,svc,12,rbf_gscale__svc__d12,rbf_gscale,ood_test,train_cv,10.0,0.8941294341623289,0.006009340286254883,0.776,0.7752701080432173,0.775392661757392,0.7870722433460076,0.8500360144057624,0.8143527347997628,port_protocol_service_ablation,39,36,3,ct_src_dport_ltm|ct_dst_sport_ltm|is_sm_ips_ports,ksf-v4-idsplit::
classical_ext,svc,12,poly2__svc__d12,poly2,id_val,fixed_c1,1.0,,0.005014657974243164,0.872,0.873078893442623,0.8719262295081966,0.875,0.9262935450819672,0.8590807145435961,port_protocol_service_ablation,39,36,3,ct_src_dport_ltm|ct_dst_sport_ltm|is_sm_ips_ports,ksf-v4-idsplit::
classical_ext,svc,12,poly2__svc__d12,poly2,id_test,fixed_c1,1.0,,0.005014657974243164,0.84,0.841828893442623,0.8394966615305599,0.8484848484848485,0.9043288934426229,0.8247319364203332,port_protocol_service_ablation,39,36,3,ct_src_dport_ltm|ct_dst_sport_ltm|is_sm_ips_ports,ksf-v4-idsplit::
classical_ext,svc,12,poly2__svc__d12,poly2,ood_test,fixed_c1,1.0,,0.005014657974243164,0.77,0.7653061224489797,0.7546666666666666,0.816,0.8019047619047619,0.7270809420241108,port_protocol_service_ablation,39,36,3,ct_src_dport_ltm|ct_dst_sport_ltm|is_sm_ips_ports,ksf-v4-idsplit::
classical_ext,svc,12,poly2__svc__d12,poly2,id_val,train_cv,100.0,0.8909341864276076,0.009878873825073242,0.92,0.9209144467213115,0.9199795147557774,0.9212598425196851,0.9811731557377049,0.971959250081567,port_protocol_service_ablation,39,36,3,ct_src_dport_ltm|ct_dst_sport_ltm|is_sm_ips_ports,ksf-v4-idsplit::
classical_ext,svc,12,poly2__svc__d12,poly2,id_test,train_cv,100.0,0.8909341864276076,0.009878873825073242,0.884,0.8859503073770492,0.88358089120835,0.8905660377358491,0.9694544057377049,0.9663276554118343,port_protocol_service_ablation,39,36,3,ct_src_dport_ltm|ct_dst_sport_ltm|is_sm_ips_ports,ksf-v4-idsplit::
classical_ext,svc,12,poly2__svc__d12,poly2,ood_test,train_cv,100.0,0.8909341864276076,0.009878873825073242,0.772,0.7691876750700279,0.7663129929975894,0.8027681660899654,0.8444337735094039,0.7972923523495641,port_protocol_service_ablation,39,36,3,ct_src_dport_ltm|ct_dst_sport_ltm|is_sm_ips_ports,ksf-v4-idsplit::
classical_ext,svc,12,poly3__svc__d12,poly3,id_val,fixed_c1,1.0,,0.006003618240356445,0.908,0.91015625,0.9075726157753452,0.9138576779026217,0.9369877049180328,0.888152573823542,port_protocol_service_ablation,39,36,3,ct_src_dport_ltm|ct_dst_sport_ltm|is_sm_ips_ports,ksf-v4-idsplit::
classical_ext,svc,12,poly3__svc__d12,poly3,id_test,fixed_c1,1.0,,0.006003618240356445,0.86,0.86328125,0.8580904653010915,0.8745519713261649,0.9113729508196721,0.8445672125796241,port_protocol_service_ablation,39,36,3,ct_src_dport_ltm|ct_dst_sport_ltm|is_sm_ips_ports,ksf-v4-idsplit::
classical_ext,svc,12,poly3__svc__d12,poly3,ood_test,fixed_c1,1.0,,0.006003618240356445,0.74,0.7346938775510204,0.7178819444444444,0.796875,0.8133973589435773,0.7450912087041897,port_protocol_service_ablation,39,36,3,ct_src_dport_ltm|ct_dst_sport_ltm|is_sm_ips_ports,ksf-v4-idsplit::
classical_ext,svc,12,poly3__svc__d12,poly3,id_val,train_cv,100.0,0.8936779448621553,0.006819486618041992,0.94,0.9404456967213115,0.9399990399846399,0.9397590361445783,0.9850794057377049,0.9764731781971562,port_protocol_service_ablation,39,36,3,ct_src_dport_ltm|ct_dst_sport_ltm|is_sm_ips_ports,ksf-v4-idsplit::
classical_ext,svc,12,poly3__svc__d12,poly3,id_test,train_cv,100.0,0.8936779448621553,0.006819486618041992,0.896,0.8974769467213115,0.8958333333333334,0.9,0.9564549180327868,0.9352909179482874,port_protocol_service_ablation,39,36,3,ct_src_dport_ltm|ct_dst_sport_ltm|is_sm_ips_ports,ksf-v4-idsplit::
classical_ext,svc,12,poly3__svc__d12,poly3,ood_test,train_cv,100.0,0.8936779448621553,0.006819486618041992,0.774,0.7725090036014406,0.7721544510535336,0.7926605504587156,0.8459063625450179,0.7958956917814545,port_protocol_service_ablation,39,36,3,ct_src_dport_ltm|ct_dst_sport_ltm|is_sm_ips_ports,ksf-v4-idsplit::
classical_ext,svc,12,laplacian_med__svc__d12,laplacian_med,id_val,fixed_c1,1.0,,0.004010200500488281,0.92,0.9211065573770492,0.919953893442623,0.921875,0.9834784836065573,0.9794865651416683,port_protocol_service_ablation,39,36,3,ct_src_dport_ltm|ct_dst_sport_ltm|is_sm_ips_ports,ksf-v4-idsplit::
classical_ext,svc,12,laplacian_med__svc__d12,laplacian_med,id_test,fixed_c1,1.0,,0.004010200500488281,0.876,0.8787141393442623,0.874941504897452,0.8864468864468864,0.9710553278688525,0.9643892510591234,port_protocol_service_ablation,39,36,3,ct_src_dport_ltm|ct_dst_sport_ltm|is_sm_ips_ports,ksf-v4-idsplit::
classical_ext,svc,12,laplacian_med__svc__d12,laplacian_med,ood_test,fixed_c1,1.0,,0.004010200500488281,0.774,0.7709083633453382,0.7672742251055504,0.8068376068376069,0.8791516606642658,0.867706791826626,port_protocol_service_ablation,39,36,3,ct_src_dport_ltm|ct_dst_sport_ltm|is_sm_ips_ports,ksf-v4-idsplit::
classical_ext,svc,12,laplacian_med__svc__d12,laplacian_med,id_val,train_cv,10.0,0.8957993541546173,0.004901885986328125,0.932,0.9320568647540983,0.9319727891156462,0.9306122448979591,0.9855917008196722,0.9838029530977198,port_protocol_service_ablation,39,36,3,ct_src_dport_ltm|ct_dst_sport_ltm|is_sm_ips_ports,ksf-v4-idsplit::
classical_ext,svc,12,laplacian_med__svc__d12,laplacian_med,id_test,train_cv,10.0,0.8957993541546173,0.004901885986328125,0.888,0.8888960040983607,0.8879713206580885,0.889763779527559,0.9670850409836065,0.9690712469599876,port_protocol_service_ablation,39,36,3,ct_src_dport_ltm|ct_dst_sport_ltm|is_sm_ips_ports,ksf-v4-idsplit::
classical_ext,svc,12,laplacian_med__svc__d12,laplacian_med,ood_test,train_cv,10.0,0.8957993541546173,0.004901885986328125,0.794,0.7936374549819928,0.7937615883961859,0.8007736943907157,0.9011604641856743,0.8961709537069928,port_protocol_service_ablation,39,36,3,ct_src_dport_ltm|ct_dst_sport_ltm|is_sm_ips_ports,ksf-v4-idsplit::
classical_ext,svc,12,matern15_med__svc__d12,matern15_med,id_val,fixed_c1,1.0,,0.005515098571777344,0.924,0.92578125,0.9237939388105437,0.9277566539923955,0.9800845286885246,0.9691272143539575,port_protocol_service_ablation,39,36,3,ct_src_dport_ltm|ct_dst_sport_ltm|is_sm_ips_ports,ksf-v4-idsplit::
classical_ext,svc,12,matern15_med__svc__d12,matern15_med,id_test,fixed_c1,1.0,,0.005515098571777344,0.868,0.87109375,0.8664421816062553,0.8808664259927798,0.9714395491803278,0.9712442841108879,port_protocol_service_ablation,39,36,3,ct_src_dport_ltm|ct_dst_sport_ltm|is_sm_ips_ports,ksf-v4-idsplit::
classical_ext,svc,12,matern15_med__svc__d12,matern15_med,ood_test,fixed_c1,1.0,,0.005515098571777344,0.766,0.7612244897959184,0.7498621034672961,0.8133971291866029,0.8339015606242497,0.7818937986562161,port_protocol_service_ablation,39,36,3,ct_src_dport_ltm|ct_dst_sport_ltm|is_sm_ips_ports,ksf-v4-idsplit::
classical_ext,svc,12,matern15_med__svc__d12,matern15_med,id_val,train_cv,100.0,0.8936757759784075,0.008008003234863281,0.936,0.9357710040983607,0.9359343968223461,0.9338842975206612,0.9653560450819672,0.9574967955207005,port_protocol_service_ablation,39,36,3,ct_src_dport_ltm|ct_dst_sport_ltm|is_sm_ips_ports,ksf-v4-idsplit::
classical_ext,svc,12,matern15_med__svc__d12,matern15_med,id_test,train_cv,100.0,0.8936757759784075,0.008008003234863281,0.888,0.8885117827868853,0.888,0.888,0.9596567622950818,0.9554930816750329,port_protocol_service_ablation,39,36,3,ct_src_dport_ltm|ct_dst_sport_ltm|is_sm_ips_ports,ksf-v4-idsplit::
classical_ext,svc,12,matern15_med__svc__d12,matern15_med,ood_test,train_cv,100.0,0.8936757759784075,0.008008003234863281,0.786,0.7850740296118448,0.7851742096619405,0.7984934086629002,0.8844337735094038,0.8657760107862204,port_protocol_service_ablation,39,36,3,ct_src_dport_ltm|ct_dst_sport_ltm|is_sm_ips_ports,ksf-v4-idsplit::
classical_ext,svc,12,matern25_med__svc__d12,matern25_med,id_val,fixed_c1,1.0,,0.0050122737884521484,0.924,0.92578125,0.9237939388105437,0.9277566539923955,0.9757940573770492,0.95807714746681,port_protocol_service_ablation,39,36,3,ct_src_dport_ltm|ct_dst_sport_ltm|is_sm_ips_ports,ksf-v4-idsplit::
classical_ext,svc,12,matern25_med__svc__d12,matern25_med,id_test,fixed_c1,1.0,,0.0050122737884521484,0.868,0.87109375,0.8664421816062553,0.8808664259927798,0.9647156762295082,0.959805966023902,port_protocol_service_ablation,39,36,3,ct_src_dport_ltm|ct_dst_sport_ltm|is_sm_ips_ports,ksf-v4-idsplit::
classical_ext,svc,12,matern25_med__svc__d12,matern25_med,ood_test,fixed_c1,1.0,,0.0050122737884521484,0.76,0.7551020408163265,0.7425997425997426,0.8095238095238095,0.8277871148459385,0.7665095459975296,port_protocol_service_ablation,39,36,3,ct_src_dport_ltm|ct_dst_sport_ltm|is_sm_ips_ports,ksf-v4-idsplit::
classical_ext,svc,12,matern25_med__svc__d12,matern25_med,id_val,train_cv,100.0,0.8968936764989396,0.00800013542175293,0.92,0.9197617827868853,0.9199179960279327,0.9173553719008265,0.9737448770491803,0.963756538277847,port_protocol_service_ablation,39,36,3,ct_src_dport_ltm|ct_dst_sport_ltm|is_sm_ips_ports,ksf-v4-idsplit::
classical_ext,svc,12,matern25_med__svc__d12,matern25_med,id_test,train_cv,100.0,0.8968936764989396,0.00800013542175293,0.9,0.9009989754098361,0.8999599839935974,0.9019607843137255,0.9686219262295082,0.9656858605738421,port_protocol_service_ablation,39,36,3,ct_src_dport_ltm|ct_dst_sport_ltm|is_sm_ips_ports,ksf-v4-idsplit::
classical_ext,svc,12,matern25_med__svc__d12,matern25_med,ood_test,train_cv,100.0,0.8968936764989396,0.00800013542175293,0.792,0.7908763505402161,0.7909161091096243,0.8059701492537313,0.8755982392957183,0.8510173765416967,port_protocol_service_ablation,39,36,3,ct_src_dport_ltm|ct_dst_sport_ltm|is_sm_ips_ports,ksf-v4-idsplit::
classical_ext,svc,12,rbf_gscale_x0.1__svc__d12,rbf_gscale_x0.1,id_val,fixed_c1,1.0,,0.0050046443939208984,0.86,0.8605917008196722,0.8599977599641595,0.8605577689243028,0.9294313524590164,0.8741445065179174,port_protocol_service_ablation,39,36,3,ct_src_dport_ltm|ct_dst_sport_ltm|is_sm_ips_ports,ksf-v4-idsplit::
classical_ext,svc,12,rbf_gscale_x0.1__svc__d12,rbf_gscale_x0.1,id_test,fixed_c1,1.0,,0.0050046443939208984,0.832,0.8334400614754098,0.8317307692307692,0.8384615384615385,0.9084272540983607,0.8429514470736558,port_protocol_service_ablation,39,36,3,ct_src_dport_ltm|ct_dst_sport_ltm|is_sm_ips_ports,ksf-v4-idsplit::
classical_ext,svc,12,rbf_gscale_x0.1__svc__d12,rbf_gscale_x0.1,ood_test,fixed_c1,1.0,,0.0050046443939208984,0.782,0.7775510204081633,0.7689101463286394,0.8239095315024233,0.8010884353741496,0.7362072600144285,port_protocol_service_ablation,39,36,3,ct_src_dport_ltm|ct_dst_sport_ltm|is_sm_ips_ports,ksf-v4-idsplit::
classical_ext,svc,12,rbf_gscale_x0.1__svc__d12,rbf_gscale_x0.1,id_val,train_cv,100.0,0.8859937102371314,0.009557723999023438,0.928,0.9291111680327868,0.9279585040983607,0.9296875,0.984375,0.9773992410351238,port_protocol_service_ablation,39,36,3,ct_src_dport_ltm|ct_dst_sport_ltm|is_sm_ips_ports,ksf-v4-idsplit::
classical_ext,svc,12,rbf_gscale_x0.1__svc__d12,rbf_gscale_x0.1,id_test,train_cv,100.0,0.8859937102371314,0.009557723999023438,0.884,0.8861424180327868,0.8834611242384787,0.8913857677902621,0.9688780737704918,0.9653654540931178,port_protocol_service_ablation,39,36,3,ct_src_dport_ltm|ct_dst_sport_ltm|is_sm_ips_ports,ksf-v4-idsplit::
classical_ext,svc,12,rbf_gscale_x0.1__svc__d12,rbf_gscale_x0.1,ood_test,train_cv,100.0,0.8859937102371314,0.009557723999023438,0.786,0.7826730692276911,0.7786686193472585,0.8189509306260575,0.8511564625850339,0.8086673295718178,port_protocol_service_ablation,39,36,3,ct_src_dport_ltm|ct_dst_sport_ltm|is_sm_ips_ports,ksf-v4-idsplit::
classical_ext,svc,12,rbf_gscale_x0.3__svc__d12,rbf_gscale_x0.3,id_val,fixed_c1,1.0,,0.006505250930786133,0.908,0.91015625,0.9075726157753452,0.9138576779026217,0.9652920081967213,0.9427692215607197,port_protocol_service_ablation,39,36,3,ct_src_dport_ltm|ct_dst_sport_ltm|is_sm_ips_ports,ksf-v4-idsplit::
classical_ext,svc,12,rbf_gscale_x0.3__svc__d12,rbf_gscale_x0.3,id_test,fixed_c1,1.0,,0.006505250930786133,0.864,0.8671875,0.8622723442867328,0.8776978417266187,0.9265496926229508,0.8734737526141024,port_protocol_service_ablation,39,36,3,ct_src_dport_ltm|ct_dst_sport_ltm|is_sm_ips_ports,ksf-v4-idsplit::
classical_ext,svc,12,rbf_gscale_x0.3__svc__d12,rbf_gscale_x0.3,ood_test,fixed_c1,1.0,,0.006505250930786133,0.742,0.736734693877551,0.7203906727530465,0.7981220657276995,0.7997599039615846,0.748340264062568,port_protocol_service_ablation,39,36,3,ct_src_dport_ltm|ct_dst_sport_ltm|is_sm_ips_ports,ksf-v4-idsplit::
classical_ext,svc,12,rbf_gscale_x0.3__svc__d12,rbf_gscale_x0.3,id_val,train_cv,100.0,0.8981284943127047,0.009000062942504883,0.932,0.9318647540983607,0.9319466461705977,0.9300411522633745,0.9805327868852459,0.968534553451918,port_protocol_service_ablation,39,36,3,ct_src_dport_ltm|ct_dst_sport_ltm|is_sm_ips_ports,ksf-v4-idsplit::
classical_ext,svc,12,rbf_gscale_x0.3__svc__d12,rbf_gscale_x0.3,id_test,train_cv,100.0,0.8981284943127047,0.009000062942504883,0.888,0.8888960040983607,0.8879713206580885,0.889763779527559,0.9560066598360655,0.942698185572759,port_protocol_service_ablation,39,36,3,ct_src_dport_ltm|ct_dst_sport_ltm|is_sm_ips_ports,ksf-v4-idsplit::
classical_ext,svc,12,rbf_gscale_x0.3__svc__d12,rbf_gscale_x0.3,ood_test,train_cv,100.0,0.8981284943127047,0.009000062942504883,0.78,0.779031612645058,0.779095173832016,0.793233082706767,0.8551900760304122,0.818085757688165,port_protocol_service_ablation,39,36,3,ct_src_dport_ltm|ct_dst_sport_ltm|is_sm_ips_ports,ksf-v4-idsplit::
classical_ext,svc,12,rbf_gscale_x3__svc__d12,rbf_gscale_x3,id_val,fixed_c1,1.0,,0.005319356918334961,0.936,0.9359631147540983,0.9359631147540983,0.9344262295081968,0.9745773565573771,0.9522275370004484,port_protocol_service_ablation,39,36,3,ct_src_dport_ltm|ct_dst_sport_ltm|is_sm_ips_ports,ksf-v4-idsplit::
classical_ext,svc,12,rbf_gscale_x3__svc__d12,rbf_gscale_x3,id_test,fixed_c1,1.0,,0.005319356918334961,0.888,0.8896644467213115,0.8877413560844185,0.8931297709923665,0.9621542008196722,0.9489932065213783,port_protocol_service_ablation,39,36,3,ct_src_dport_ltm|ct_dst_sport_ltm|is_sm_ips_ports,ksf-v4-idsplit::
classical_ext,svc,12,rbf_gscale_x3__svc__d12,rbf_gscale_x3,ood_test,fixed_c1,1.0,,0.005319356918334961,0.76,0.7585434173669467,0.7581269349845201,0.7794117647058824,0.8420168067226891,0.8079204765327623,port_protocol_service_ablation,39,36,3,ct_src_dport_ltm|ct_dst_sport_ltm|is_sm_ips_ports,ksf-v4-idsplit::
classical_ext,svc,12,rbf_gscale_x3__svc__d12,rbf_gscale_x3,id_val,train_cv,10.0,0.8910498602274919,0.006662607192993164,0.924,0.923860143442623,0.9239403692494916,0.9218106995884774,0.9650998975409836,0.9426103681156554,port_protocol_service_ablation,39,36,3,ct_src_dport_ltm|ct_dst_sport_ltm|is_sm_ips_ports,ksf-v4-idsplit::
classical_ext,svc,12,rbf_gscale_x3__svc__d12,rbf_gscale_x3,id_test,train_cv,10.0,0.8910498602274919,0.006662607192993164,0.888,0.8888960040983607,0.8879713206580885,0.889763779527559,0.9637551229508197,0.952283763785708,port_protocol_service_ablation,39,36,3,ct_src_dport_ltm|ct_dst_sport_ltm|is_sm_ips_ports,ksf-v4-idsplit::
classical_ext,svc,12,rbf_gscale_x3__svc__d12,rbf_gscale_x3,ood_test,train_cv,10.0,0.8910498602274919,0.006662607192993164,0.792,0.7910364145658264,0.7911445279866333,0.8045112781954887,0.8735974389755903,0.8527865209033425,port_protocol_service_ablation,39,36,3,ct_src_dport_ltm|ct_dst_sport_ltm|is_sm_ips_ports,ksf-v4-idsplit::
classical_ext,svc,12,rbf_gscale_x10__svc__d12,rbf_gscale_x10,id_val,fixed_c1,1.0,,0.00599980354309082,0.92,0.9197617827868853,0.9199179960279327,0.9173553719008265,0.9568391393442622,0.938573209616059,port_protocol_service_ablation,39,36,3,ct_src_dport_ltm|ct_dst_sport_ltm|is_sm_ips_ports,ksf-v4-idsplit::
classical_ext,svc,12,rbf_gscale_x10__svc__d12,rbf_gscale_x10,id_test,fixed_c1,1.0,,0.00599980354309082,0.872,0.8732710040983607,0.8718687936446922,0.875968992248062,0.9564549180327868,0.9536747982873964,port_protocol_service_ablation,39,36,3,ct_src_dport_ltm|ct_dst_sport_ltm|is_sm_ips_ports,ksf-v4-idsplit::
classical_ext,svc,12,rbf_gscale_x10__svc__d12,rbf_gscale_x10,ood_test,fixed_c1,1.0,,0.00599980354309082,0.782,0.7805122048819528,0.7802197802197802,0.8,0.8599759903961585,0.8240989246450254,port_protocol_service_ablation,39,36,3,ct_src_dport_ltm|ct_dst_sport_ltm|is_sm_ips_ports,ksf-v4-idsplit::
classical_ext,svc,12,rbf_gscale_x10__svc__d12,rbf_gscale_x10,id_val,train_cv,100.0,0.8839854443801812,0.011021137237548828,0.936,0.935578893442623,0.9358974358974359,0.9333333333333333,0.9281506147540983,0.9352440843080858,port_protocol_service_ablation,39,36,3,ct_src_dport_ltm|ct_dst_sport_ltm|is_sm_ips_ports,ksf-v4-idsplit::
classical_ext,svc,12,rbf_gscale_x10__svc__d12,rbf_gscale_x10,id_test,train_cv,100.0,0.8839854443801812,0.011021137237548828,0.868,0.8682120901639344,0.8679809892624537,0.8663967611336032,0.8825563524590163,0.8454281041440522,port_protocol_service_ablation,39,36,3,ct_src_dport_ltm|ct_dst_sport_ltm|is_sm_ips_ports,ksf-v4-idsplit::
classical_ext,svc,12,rbf_gscale_x10__svc__d12,rbf_gscale_x10,ood_test,train_cv,100.0,0.8839854443801812,0.011021137237548828,0.806,0.804921968787515,0.8050447191237062,0.8186915887850468,0.8427370948379351,0.7984470701286408,port_protocol_service_ablation,39,36,3,ct_src_dport_ltm|ct_dst_sport_ltm|is_sm_ips_ports,ksf-v4-idsplit::
classical_ext,svc,12,laplacian_med_x0.1__svc__d12,laplacian_med_x0.1,id_val,fixed_c1,1.0,,0.009005308151245117,0.908,0.9070824795081966,0.9076676033721397,0.902127659574468,0.9750256147540983,0.9722848557403511,port_protocol_service_ablation,39,36,3,ct_src_dport_ltm|ct_dst_sport_ltm|is_sm_ips_ports,ksf-v4-idsplit::
classical_ext,svc,12,laplacian_med_x0.1__svc__d12,laplacian_med_x0.1,id_test,fixed_c1,1.0,,0.009005308151245117,0.852,0.8514344262295082,0.8517129162057744,0.8451882845188284,0.9588242827868851,0.9595816902594552,port_protocol_service_ablation,39,36,3,ct_src_dport_ltm|ct_dst_sport_ltm|is_sm_ips_ports,ksf-v4-idsplit::
classical_ext,svc,12,laplacian_med_x0.1__svc__d12,laplacian_med_x0.1,ood_test,fixed_c1,1.0,,0.009005308151245117,0.802,0.8016406562625049,0.8017708470992466,0.8085106382978723,0.8750860344137654,0.8591514579883298,port_protocol_service_ablation,39,36,3,ct_src_dport_ltm|ct_dst_sport_ltm|is_sm_ips_ports,ksf-v4-idsplit::
classical_ext,svc,12,laplacian_med_x0.1__svc__d12,laplacian_med_x0.1,id_val,train_cv,1.0,0.8545269423558896,0.0070037841796875,0.908,0.9070824795081966,0.9076676033721397,0.902127659574468,0.9750256147540983,0.9722848557403511,port_protocol_service_ablation,39,36,3,ct_src_dport_ltm|ct_dst_sport_ltm|is_sm_ips_ports,ksf-v4-idsplit::
classical_ext,svc,12,laplacian_med_x0.1__svc__d12,laplacian_med_x0.1,id_test,train_cv,1.0,0.8545269423558896,0.0070037841796875,0.852,0.8514344262295082,0.8517129162057744,0.8451882845188284,0.9588242827868851,0.9595816902594552,port_protocol_service_ablation,39,36,3,ct_src_dport_ltm|ct_dst_sport_ltm|is_sm_ips_ports,ksf-v4-idsplit::
classical_ext,svc,12,laplacian_med_x0.1__svc__d12,laplacian_med_x0.1,ood_test,train_cv,1.0,0.8545269423558896,0.0070037841796875,0.802,0.8016406562625049,0.8017708470992466,0.8085106382978723,0.8750860344137654,0.8591514579883298,port_protocol_service_ablation,39,36,3,ct_src_dport_ltm|ct_dst_sport_ltm|is_sm_ips_ports,ksf-v4-idsplit::
classical_ext,svc,12,laplacian_med_x0.3__svc__d12,laplacian_med_x0.3,id_val,fixed_c1,1.0,,0.004999637603759766,0.932,0.9324410860655737,0.9319989119825918,0.9317269076305221,0.9811731557377049,0.975922421859873,port_protocol_service_ablation,39,36,3,ct_src_dport_ltm|ct_dst_sport_ltm|is_sm_ips_ports,ksf-v4-idsplit::
classical_ext,svc,12,laplacian_med_x0.3__svc__d12,laplacian_med_x0.3,id_test,fixed_c1,1.0,,0.004999637603759766,0.872,0.8736552254098361,0.8717044069536212,0.8778625954198473,0.9712474385245902,0.9716194573553121,port_protocol_service_ablation,39,36,3,ct_src_dport_ltm|ct_dst_sport_ltm|is_sm_ips_ports,ksf-v4-idsplit::
classical_ext,svc,12,laplacian_med_x0.3__svc__d12,laplacian_med_x0.3,ood_test,fixed_c1,1.0,,0.004999637603759766,0.782,0.7805122048819528,0.7802197802197802,0.8,0.8841456582633054,0.8704506411932245,port_protocol_service_ablation,39,36,3,ct_src_dport_ltm|ct_dst_sport_ltm|is_sm_ips_ports,ksf-v4-idsplit::
classical_ext,svc,12,laplacian_med_x0.3__svc__d12,laplacian_med_x0.3,id_val,train_cv,10.0,0.8831753663003663,0.012710809707641602,0.924,0.923860143442623,0.9239403692494916,0.9218106995884774,0.981749487704918,0.9761824740159956,port_protocol_service_ablation,39,36,3,ct_src_dport_ltm|ct_dst_sport_ltm|is_sm_ips_ports,ksf-v4-idsplit::
classical_ext,svc,12,laplacian_med_x0.3__svc__d12,laplacian_med_x0.3,id_test,train_cv,10.0,0.8831753663003663,0.012710809707641602,0.896,0.896516393442623,0.896,0.896,0.967405225409836,0.969600584717493,port_protocol_service_ablation,39,36,3,ct_src_dport_ltm|ct_dst_sport_ltm|is_sm_ips_ports,ksf-v4-idsplit::
classical_ext,svc,12,laplacian_med_x0.3__svc__d12,laplacian_med_x0.3,ood_test,train_cv,10.0,0.8831753663003663,0.012710809707641602,0.784,0.7839135654261704,0.7839135654261704,0.788235294117647,0.8899079631852742,0.8736289761494371,port_protocol_service_ablation,39,36,3,ct_src_dport_ltm|ct_dst_sport_ltm|is_sm_ips_ports,ksf-v4-idsplit::
classical_ext,svc,12,laplacian_med_x3__svc__d12,laplacian_med_x3,id_val,fixed_c1,1.0,,0.006395816802978516,0.924,0.92578125,0.9237939388105437,0.9277566539923955,0.9840548155737705,0.9821816528031024,port_protocol_service_ablation,39,36,3,ct_src_dport_ltm|ct_dst_sport_ltm|is_sm_ips_ports,ksf-v4-idsplit::
classical_ext,svc,12,laplacian_med_x3__svc__d12,laplacian_med_x3,id_test,fixed_c1,1.0,,0.006395816802978516,0.868,0.87109375,0.8664421816062553,0.8808664259927798,0.9665087090163934,0.9484295984603958,port_protocol_service_ablation,39,36,3,ct_src_dport_ltm|ct_dst_sport_ltm|is_sm_ips_ports,ksf-v4-idsplit::
classical_ext,svc,12,laplacian_med_x3__svc__d12,laplacian_med_x3,ood_test,fixed_c1,1.0,,0.006395816802978516,0.758,0.7530612244897958,0.7401638041736994,0.8082408874801902,0.8771828731492596,0.8583627922577617,port_protocol_service_ablation,39,36,3,ct_src_dport_ltm|ct_dst_sport_ltm|is_sm_ips_ports,ksf-v4-idsplit::
classical_ext,svc,12,laplacian_med_x3__svc__d12,laplacian_med_x3,id_val,train_cv,10.0,0.8819826007326007,0.005999088287353516,0.928,0.9279585040983607,0.9279585040983607,0.9262295081967213,0.9841188524590164,0.9810227359660513,port_protocol_service_ablation,39,36,3,ct_src_dport_ltm|ct_dst_sport_ltm|is_sm_ips_ports,ksf-v4-idsplit::
classical_ext,svc,12,laplacian_med_x3__svc__d12,laplacian_med_x3,id_test,train_cv,10.0,0.8819826007326007,0.005999088287353516,0.908,0.9088114754098361,0.9079867500920132,0.9090909090909091,0.9724001024590163,0.9706569351302782,port_protocol_service_ablation,39,36,3,ct_src_dport_ltm|ct_dst_sport_ltm|is_sm_ips_ports,ksf-v4-idsplit::
classical_ext,svc,12,laplacian_med_x3__svc__d12,laplacian_med_x3,ood_test,train_cv,10.0,0.8819826007326007,0.005999088287353516,0.808,0.8067226890756303,0.8067632850241546,0.8222222222222222,0.89703081232493,0.8891369742141483,port_protocol_service_ablation,39,36,3,ct_src_dport_ltm|ct_dst_sport_ltm|is_sm_ips_ports,ksf-v4-idsplit::
classical_ext,svc,12,laplacian_med_x10__svc__d12,laplacian_med_x10,id_val,fixed_c1,1.0,,0.0060002803802490234,0.908,0.91015625,0.9075726157753452,0.9138576779026217,0.9695184426229508,0.9556318691632009,port_protocol_service_ablation,39,36,3,ct_src_dport_ltm|ct_dst_sport_ltm|is_sm_ips_ports,ksf-v4-idsplit::
classical_ext,svc,12,laplacian_med_x10__svc__d12,laplacian_med_x10,id_test,fixed_c1,1.0,,0.0060002803802490234,0.864,0.8671875,0.8622723442867328,0.8776978417266187,0.9427510245901639,0.9111207227993882,port_protocol_service_ablation,39,36,3,ct_src_dport_ltm|ct_dst_sport_ltm|is_sm_ips_ports,ksf-v4-idsplit::
classical_ext,svc,12,laplacian_med_x10__svc__d12,laplacian_med_x10,ood_test,fixed_c1,1.0,,0.0060002803802490234,0.74,0.7346938775510204,0.7178819444444444,0.796875,0.8672108843537416,0.8563224874484957,port_protocol_service_ablation,39,36,3,ct_src_dport_ltm|ct_dst_sport_ltm|is_sm_ips_ports,ksf-v4-idsplit::
classical_ext,svc,12,laplacian_med_x10__svc__d12,laplacian_med_x10,id_val,train_cv,100.0,0.8947957634470793,0.006003379821777344,0.928,0.9279585040983607,0.9279585040983607,0.9262295081967213,0.9859759221311475,0.9840108399598888,port_protocol_service_ablation,39,36,3,ct_src_dport_ltm|ct_dst_sport_ltm|is_sm_ips_ports,ksf-v4-idsplit::
classical_ext,svc,12,laplacian_med_x10__svc__d12,laplacian_med_x10,id_test,train_cv,100.0,0.8947957634470793,0.006003379821777344,0.9,0.9008068647540983,0.8999855979261013,0.9011857707509882,0.9657402663934427,0.9629481391583422,port_protocol_service_ablation,39,36,3,ct_src_dport_ltm|ct_dst_sport_ltm|is_sm_ips_ports,ksf-v4-idsplit::
classical_ext,svc,12,laplacian_med_x10__svc__d12,laplacian_med_x10,ood_test,train_cv,100.0,0.8947957634470793,0.006003379821777344,0.8,0.7991196478591436,0.7992773986350863,0.8113207547169812,0.8939735894357744,0.8810543509715467,port_protocol_service_ablation,39,36,3,ct_src_dport_ltm|ct_dst_sport_ltm|is_sm_ips_ports,ksf-v4-idsplit::
classical_ext,svc,12,matern15_med_x0.1__svc__d12,matern15_med_x0.1,id_val,fixed_c1,1.0,,0.005997896194458008,0.912,0.9111808401639344,0.911723163841808,0.9067796610169492,0.9702868852459017,0.9689395799656009,port_protocol_service_ablation,39,36,3,ct_src_dport_ltm|ct_dst_sport_ltm|is_sm_ips_ports,ksf-v4-idsplit::
classical_ext,svc,12,matern15_med_x0.1__svc__d12,matern15_med_x0.1,id_test,fixed_c1,1.0,,0.005997896194458008,0.836,0.8356173155737705,0.8357871801855205,0.8298755186721992,0.9501152663934427,0.9526665686087431,port_protocol_service_ablation,39,36,3,ct_src_dport_ltm|ct_dst_sport_ltm|is_sm_ips_ports,ksf-v4-idsplit::
classical_ext,svc,12,matern15_med_x0.1__svc__d12,matern15_med_x0.1,ood_test,fixed_c1,1.0,,0.005997896194458008,0.794,0.7937174869947979,0.7938144329896908,0.8,0.8552220888355342,0.8318665293733449,port_protocol_service_ablation,39,36,3,ct_src_dport_ltm|ct_dst_sport_ltm|is_sm_ips_ports,ksf-v4-idsplit::
classical_ext,svc,12,matern15_med_x0.1__svc__d12,matern15_med_x0.1,id_val,train_cv,1.0,0.8463118131868133,0.007700920104980469,0.912,0.9111808401639344,0.911723163841808,0.9067796610169492,0.9702868852459017,0.9689395799656009,port_protocol_service_ablation,39,36,3,ct_src_dport_ltm|ct_dst_sport_ltm|is_sm_ips_ports,ksf-v4-idsplit::
classical_ext,svc,12,matern15_med_x0.1__svc__d12,matern15_med_x0.1,id_test,train_cv,1.0,0.8463118131868133,0.007700920104980469,0.836,0.8356173155737705,0.8357871801855205,0.8298755186721992,0.9501152663934427,0.9526665686087431,port_protocol_service_ablation,39,36,3,ct_src_dport_ltm|ct_dst_sport_ltm|is_sm_ips_ports,ksf-v4-idsplit::
classical_ext,svc,12,matern15_med_x0.1__svc__d12,matern15_med_x0.1,ood_test,train_cv,1.0,0.8463118131868133,0.007700920104980469,0.794,0.7937174869947979,0.7938144329896908,0.8,0.8552220888355342,0.8318665293733449,port_protocol_service_ablation,39,36,3,ct_src_dport_ltm|ct_dst_sport_ltm|is_sm_ips_ports,ksf-v4-idsplit::
classical_ext,svc,12,matern15_med_x0.3__svc__d12,matern15_med_x0.3,id_val,fixed_c1,1.0,,0.005446434020996094,0.924,0.9242443647540983,0.923989054423837,0.9230769230769231,0.9672131147540983,0.9461563820544113,port_protocol_service_ablation,39,36,3,ct_src_dport_ltm|ct_dst_sport_ltm|is_sm_ips_ports,ksf-v4-idsplit::
classical_ext,svc,12,matern15_med_x0.3__svc__d12,matern15_med_x0.3,id_test,fixed_c1,1.0,,0.005446434020996094,0.876,0.8775614754098361,0.8757594703345677,0.8812260536398467,0.9678534836065573,0.9679811506832581,port_protocol_service_ablation,39,36,3,ct_src_dport_ltm|ct_dst_sport_ltm|is_sm_ips_ports,ksf-v4-idsplit::
classical_ext,svc,12,matern15_med_x0.3__svc__d12,matern15_med_x0.3,ood_test,fixed_c1,1.0,,0.005446434020996094,0.77,0.768267306922769,0.7675819223198154,0.7912885662431942,0.8648259303721488,0.8388543607827323,port_protocol_service_ablation,39,36,3,ct_src_dport_ltm|ct_dst_sport_ltm|is_sm_ips_ports,ksf-v4-idsplit::
classical_ext,svc,12,matern15_med_x0.3__svc__d12,matern15_med_x0.3,id_val,train_cv,10.0,0.8887151773664932,0.006017208099365234,0.928,0.927766393442623,0.9279261964251393,0.9256198347107438,0.9434554303278688,0.9494317412677022,port_protocol_service_ablation,39,36,3,ct_src_dport_ltm|ct_dst_sport_ltm|is_sm_ips_ports,ksf-v4-idsplit::
classical_ext,svc,12,matern15_med_x0.3__svc__d12,matern15_med_x0.3,id_test,train_cv,10.0,0.8887151773664932,0.006017208099365234,0.868,0.8684042008196722,0.8679978879662075,0.8674698795180723,0.9387807377049181,0.94005823478099,port_protocol_service_ablation,39,36,3,ct_src_dport_ltm|ct_dst_sport_ltm|is_sm_ips_ports,ksf-v4-idsplit::
classical_ext,svc,12,matern15_med_x0.3__svc__d12,matern15_med_x0.3,ood_test,train_cv,10.0,0.8887151773664932,0.006017208099365234,0.786,0.7851540616246498,0.7852776740956577,0.7977315689981096,0.8651620648259304,0.8592595994335368,port_protocol_service_ablation,39,36,3,ct_src_dport_ltm|ct_dst_sport_ltm|is_sm_ips_ports,ksf-v4-idsplit::
classical_ext,svc,12,matern15_med_x3__svc__d12,matern15_med_x3,id_val,fixed_c1,1.0,,0.0057163238525390625,0.908,0.91015625,0.9075726157753452,0.9138576779026217,0.9501793032786885,0.9155681301643578,port_protocol_service_ablation,39,36,3,ct_src_dport_ltm|ct_dst_sport_ltm|is_sm_ips_ports,ksf-v4-idsplit::
classical_ext,svc,12,matern15_med_x3__svc__d12,matern15_med_x3,id_test,fixed_c1,1.0,,0.0057163238525390625,0.86,0.86328125,0.8580904653010915,0.8745519713261649,0.9201460040983607,0.8748552963817834,port_protocol_service_ablation,39,36,3,ct_src_dport_ltm|ct_dst_sport_ltm|is_sm_ips_ports,ksf-v4-idsplit::
classical_ext,svc,12,matern15_med_x3__svc__d12,matern15_med_x3,ood_test,fixed_c1,1.0,,0.0057163238525390625,0.74,0.7346938775510204,0.7178819444444444,0.796875,0.8151260504201681,0.7500651142289099,port_protocol_service_ablation,39,36,3,ct_src_dport_ltm|ct_dst_sport_ltm|is_sm_ips_ports,ksf-v4-idsplit::
classical_ext,svc,12,matern15_med_x3__svc__d12,matern15_med_x3,id_val,train_cv,100.0,0.8912649411991517,0.00599980354309082,0.932,0.9318647540983607,0.9319466461705977,0.9300411522633745,0.9814933401639344,0.9732519841878877,port_protocol_service_ablation,39,36,3,ct_src_dport_ltm|ct_dst_sport_ltm|is_sm_ips_ports,ksf-v4-idsplit::
classical_ext,svc,12,matern15_med_x3__svc__d12,matern15_med_x3,id_test,train_cv,100.0,0.8912649411991517,0.00599980354309082,0.892,0.8929943647540983,0.8919567827130852,0.8941176470588236,0.9688780737704918,0.9636346387991851,port_protocol_service_ablation,39,36,3,ct_src_dport_ltm|ct_dst_sport_ltm|is_sm_ips_ports,ksf-v4-idsplit::
classical_ext,svc,12,matern15_med_x3__svc__d12,matern15_med_x3,ood_test,train_cv,100.0,0.8912649411991517,0.00599980354309082,0.776,0.7751900760304122,0.7752953261427837,0.7878787878787878,0.8555582232893156,0.8210898394639191,port_protocol_service_ablation,39,36,3,ct_src_dport_ltm|ct_dst_sport_ltm|is_sm_ips_ports,ksf-v4-idsplit::
classical_ext,svc,12,matern15_med_x10__svc__d12,matern15_med_x10,id_val,fixed_c1,1.0,,0.007988214492797852,0.856,0.8564933401639344,0.856,0.856,0.9228995901639344,0.916758335186246,port_protocol_service_ablation,39,36,3,ct_src_dport_ltm|ct_dst_sport_ltm|is_sm_ips_ports,ksf-v4-idsplit::
classical_ext,svc,12,matern15_med_x10__svc__d12,matern15_med_x10,id_test,fixed_c1,1.0,,0.007988214492797852,0.82,0.8211449795081966,0.8198587692751116,0.8249027237354085,0.9095799180327868,0.915396136033705,port_protocol_service_ablation,39,36,3,ct_src_dport_ltm|ct_dst_sport_ltm|is_sm_ips_ports,ksf-v4-idsplit::
classical_ext,svc,12,matern15_med_x10__svc__d12,matern15_med_x10,ood_test,fixed_c1,1.0,,0.007988214492797852,0.786,0.7817126850740297,0.7740470911202619,0.8260162601626017,0.8061144457783114,0.7336934003795376,port_protocol_service_ablation,39,36,3,ct_src_dport_ltm|ct_dst_sport_ltm|is_sm_ips_ports,ksf-v4-idsplit::
classical_ext,svc,12,matern15_med_x10__svc__d12,matern15_med_x10,id_val,train_cv,100.0,0.8777774966261809,0.0069997310638427734,0.924,0.92578125,0.9237939388105437,0.9277566539923955,0.9741290983606558,0.9640968495825435,port_protocol_service_ablation,39,36,3,ct_src_dport_ltm|ct_dst_sport_ltm|is_sm_ips_ports,ksf-v4-idsplit::
classical_ext,svc,12,matern15_med_x10__svc__d12,matern15_med_x10,id_test,train_cv,100.0,0.8777774966261809,0.0069997310638427734,0.876,0.87890625,0.8747474747474748,0.8872727272727273,0.9482581967213115,0.91418794666699,port_protocol_service_ablation,39,36,3,ct_src_dport_ltm|ct_dst_sport_ltm|is_sm_ips_ports,ksf-v4-idsplit::
classical_ext,svc,12,matern15_med_x10__svc__d12,matern15_med_x10,ood_test,train_cv,100.0,0.8777774966261809,0.0069997310638427734,0.764,0.7591836734693878,0.7474488048763783,0.8121019108280255,0.8053781512605042,0.7520699116686405,port_protocol_service_ablation,39,36,3,ct_src_dport_ltm|ct_dst_sport_ltm|is_sm_ips_ports,ksf-v4-idsplit::
classical_ext,svc,12,matern25_med_x0.1__svc__d12,matern25_med_x0.1,id_val,fixed_c1,1.0,,0.006993293762207031,0.912,0.9111808401639344,0.911723163841808,0.9067796610169492,0.966124487704918,0.9601929453650407,port_protocol_service_ablation,39,36,3,ct_src_dport_ltm|ct_dst_sport_ltm|is_sm_ips_ports,ksf-v4-idsplit::
classical_ext,svc,12,matern25_med_x0.1__svc__d12,matern25_med_x0.1,id_test,fixed_c1,1.0,,0.006993293762207031,0.844,0.8434298155737705,0.8436973981628433,0.8368200836820083,0.9485783811475409,0.9510944428966666,port_protocol_service_ablation,39,36,3,ct_src_dport_ltm|ct_dst_sport_ltm|is_sm_ips_ports,ksf-v4-idsplit::
classical_ext,svc,12,matern25_med_x0.1__svc__d12,matern25_med_x0.1,ood_test,fixed_c1,1.0,,0.006993293762207031,0.792,0.7919167667066827,0.7919167667066827,0.796078431372549,0.8510764305722288,0.8255327695661634,port_protocol_service_ablation,39,36,3,ct_src_dport_ltm|ct_dst_sport_ltm|is_sm_ips_ports,ksf-v4-idsplit::
classical_ext,svc,12,matern25_med_x0.1__svc__d12,matern25_med_x0.1,id_val,train_cv,1.0,0.8430957200694043,0.0069997310638427734,0.912,0.9111808401639344,0.911723163841808,0.9067796610169492,0.966124487704918,0.9601929453650407,port_protocol_service_ablation,39,36,3,ct_src_dport_ltm|ct_dst_sport_ltm|is_sm_ips_ports,ksf-v4-idsplit::
classical_ext,svc,12,matern25_med_x0.1__svc__d12,matern25_med_x0.1,id_test,train_cv,1.0,0.8430957200694043,0.0069997310638427734,0.844,0.8434298155737705,0.8436973981628433,0.8368200836820083,0.9485783811475409,0.9510944428966666,port_protocol_service_ablation,39,36,3,ct_src_dport_ltm|ct_dst_sport_ltm|is_sm_ips_ports,ksf-v4-idsplit::
classical_ext,svc,12,matern25_med_x0.1__svc__d12,matern25_med_x0.1,ood_test,train_cv,1.0,0.8430957200694043,0.0069997310638427734,0.792,0.7919167667066827,0.7919167667066827,0.796078431372549,0.8510764305722288,0.8255327695661634,port_protocol_service_ablation,39,36,3,ct_src_dport_ltm|ct_dst_sport_ltm|is_sm_ips_ports,ksf-v4-idsplit::
classical_ext,svc,12,matern25_med_x0.3__svc__d12,matern25_med_x0.3,id_val,fixed_c1,1.0,,0.004999399185180664,0.924,0.9242443647540983,0.923989054423837,0.9230769230769231,0.9684938524590163,0.9515635981349367,port_protocol_service_ablation,39,36,3,ct_src_dport_ltm|ct_dst_sport_ltm|is_sm_ips_ports,ksf-v4-idsplit::
classical_ext,svc,12,matern25_med_x0.3__svc__d12,matern25_med_x0.3,id_test,fixed_c1,1.0,,0.004999399185180664,0.88,0.8816598360655737,0.8797228815190199,0.8854961832061069,0.963563012295082,0.9520852656189206,port_protocol_service_ablation,39,36,3,ct_src_dport_ltm|ct_dst_sport_ltm|is_sm_ips_ports,ksf-v4-idsplit::
classical_ext,svc,12,matern25_med_x0.3__svc__d12,matern25_med_x0.3,ood_test,fixed_c1,1.0,,0.004999399185180664,0.778,0.7762705082032814,0.7756660293695609,0.7985480943738656,0.8615926370548219,0.8313405993417737,port_protocol_service_ablation,39,36,3,ct_src_dport_ltm|ct_dst_sport_ltm|is_sm_ips_ports,ksf-v4-idsplit::
classical_ext,svc,12,matern25_med_x0.3__svc__d12,matern25_med_x0.3,id_val,train_cv,10.0,0.8928126807403123,0.007124662399291992,0.932,0.931672643442623,0.9319117576378988,0.9294605809128631,0.938844774590164,0.9328288859652023,port_protocol_service_ablation,39,36,3,ct_src_dport_ltm|ct_dst_sport_ltm|is_sm_ips_ports,ksf-v4-idsplit::
classical_ext,svc,12,matern25_med_x0.3__svc__d12,matern25_med_x0.3,id_test,train_cv,10.0,0.8928126807403123,0.007124662399291992,0.876,0.8766009221311475,0.8759980159682554,0.8764940239043825,0.9402535860655737,0.9362516370650626,port_protocol_service_ablation,39,36,3,ct_src_dport_ltm|ct_dst_sport_ltm|is_sm_ips_ports,ksf-v4-idsplit::
classical_ext,svc,12,matern25_med_x0.3__svc__d12,matern25_med_x0.3,ood_test,train_cv,10.0,0.8928126807403123,0.007124662399291992,0.788,0.7871148459383754,0.7872340425531915,0.8,0.8724769907963186,0.8665679193297597,port_protocol_service_ablation,39,36,3,ct_src_dport_ltm|ct_dst_sport_ltm|is_sm_ips_ports,ksf-v4-idsplit::
classical_ext,svc,12,matern25_med_x3__svc__d12,matern25_med_x3,id_val,fixed_c1,1.0,,0.006208896636962891,0.856,0.8566854508196722,0.8559907834101382,0.8571428571428571,0.9268058401639344,0.8639124115628385,port_protocol_service_ablation,39,36,3,ct_src_dport_ltm|ct_dst_sport_ltm|is_sm_ips_ports,ksf-v4-idsplit::
classical_ext,svc,12,matern25_med_x3__svc__d12,matern25_med_x3,id_test,fixed_c1,1.0,,0.006208896636962891,0.832,0.8334400614754098,0.8317307692307692,0.8384615384615385,0.9163678278688525,0.8708183586712351,port_protocol_service_ablation,39,36,3,ct_src_dport_ltm|ct_dst_sport_ltm|is_sm_ips_ports,ksf-v4-idsplit::
classical_ext,svc,12,matern25_med_x3__svc__d12,matern25_med_x3,ood_test,fixed_c1,1.0,,0.006208896636962891,0.774,0.7693877551020408,0.7594424173269583,0.8186195826645265,0.7942857142857142,0.7234457660787563,port_protocol_service_ablation,39,36,3,ct_src_dport_ltm|ct_dst_sport_ltm|is_sm_ips_ports,ksf-v4-idsplit::
classical_ext,svc,12,matern25_med_x3__svc__d12,matern25_med_x3,id_val,train_cv,100.0,0.8826664015808753,0.006999969482421875,0.924,0.9248206967213115,0.923989054423837,0.924901185770751,0.9839907786885246,0.9809836762503719,port_protocol_service_ablation,39,36,3,ct_src_dport_ltm|ct_dst_sport_ltm|is_sm_ips_ports,ksf-v4-idsplit::
classical_ext,svc,12,matern25_med_x3__svc__d12,matern25_med_x3,id_test,train_cv,100.0,0.8826664015808753,0.006999969482421875,0.884,0.8857581967213115,0.8836854855529351,0.8897338403041825,0.9680455942622951,0.9643526009144545,port_protocol_service_ablation,39,36,3,ct_src_dport_ltm|ct_dst_sport_ltm|is_sm_ips_ports,ksf-v4-idsplit::
classical_ext,svc,12,matern25_med_x3__svc__d12,matern25_med_x3,ood_test,train_cv,100.0,0.8826664015808753,0.006999969482421875,0.756,0.7539015606242496,0.752435064935065,0.7821428571428571,0.8486594637855142,0.810233422196117,port_protocol_service_ablation,39,36,3,ct_src_dport_ltm|ct_dst_sport_ltm|is_sm_ips_ports,ksf-v4-idsplit::
classical_ext,svc,12,matern25_med_x10__svc__d12,matern25_med_x10,id_val,fixed_c1,1.0,,0.0059070587158203125,0.736,0.7393058401639344,0.7321428571428571,0.7642857142857142,0.9189293032786885,0.9083755465494788,port_protocol_service_ablation,39,36,3,ct_src_dport_ltm|ct_dst_sport_ltm|is_sm_ips_ports,ksf-v4-idsplit::
classical_ext,svc,12,matern25_med_x10__svc__d12,matern25_med_x10,id_test,fixed_c1,1.0,,0.0059070587158203125,0.72,0.7234887295081966,0.7153360661070987,0.75177304964539,0.9041367827868853,0.9163869360398994,port_protocol_service_ablation,39,36,3,ct_src_dport_ltm|ct_dst_sport_ltm|is_sm_ips_ports,ksf-v4-idsplit::
classical_ext,svc,12,matern25_med_x10__svc__d12,matern25_med_x10,ood_test,fixed_c1,1.0,,0.0059070587158203125,0.736,0.7306922769107643,0.7135416666666666,0.79375,0.8096838735494197,0.7358163233373354,port_protocol_service_ablation,39,36,3,ct_src_dport_ltm|ct_dst_sport_ltm|is_sm_ips_ports,ksf-v4-idsplit::
classical_ext,svc,12,matern25_med_x10__svc__d12,matern25_med_x10,id_val,train_cv,100.0,0.8620354973973395,0.005010366439819336,0.896,0.8974769467213115,0.8958333333333334,0.9,0.9697105532786885,0.9638441116931324,port_protocol_service_ablation,39,36,3,ct_src_dport_ltm|ct_dst_sport_ltm|is_sm_ips_ports,ksf-v4-idsplit::
classical_ext,svc,12,matern25_med_x10__svc__d12,matern25_med_x10,id_test,train_cv,100.0,0.8620354973973395,0.005010366439819336,0.848,0.8502177254098361,0.8472079258878024,0.8582089552238806,0.9189293032786885,0.8556781999502526,port_protocol_service_ablation,39,36,3,ct_src_dport_ltm|ct_dst_sport_ltm|is_sm_ips_ports,ksf-v4-idsplit::
classical_ext,svc,12,matern25_med_x10__svc__d12,matern25_med_x10,ood_test,train_cv,100.0,0.8620354973973395,0.005010366439819336,0.756,0.7510204081632653,0.7377201430930105,0.8069620253164557,0.8214805922368947,0.7590266586950107,port_protocol_service_ablation,39,36,3,ct_src_dport_ltm|ct_dst_sport_ltm|is_sm_ips_ports,ksf-v4-idsplit::
quantum,svc,12,zz_r1_full__as0.5__svc__d12,zz_r1_full__as0.5,id_val,fixed_c1,1.0,,0.007999658584594727,0.916,0.9156634221311475,0.915890994729169,0.9128630705394191,0.9738729508196722,0.971511781201145,port_protocol_service_ablation,39,36,3,ct_src_dport_ltm|ct_dst_sport_ltm|is_sm_ips_ports,ksf-v4-idsplit::
quantum,svc,12,zz_r1_full__as0.5__svc__d12,zz_r1_full__as0.5,id_test,fixed_c1,1.0,,0.007999658584594727,0.86,0.860015368852459,0.8599439775910365,0.8571428571428571,0.951844262295082,0.952436337043725,port_protocol_service_ablation,39,36,3,ct_src_dport_ltm|ct_dst_sport_ltm|is_sm_ips_ports,ksf-v4-idsplit::
quantum,svc,12,zz_r1_full__as0.5__svc__d12,zz_r1_full__as0.5,ood_test,fixed_c1,1.0,,0.007999658584594727,0.77,0.7689875950380152,0.7689937367171399,0.7842401500938087,0.8540696278511405,0.8259010258492173,port_protocol_service_ablation,39,36,3,ct_src_dport_ltm|ct_dst_sport_ltm|is_sm_ips_ports,ksf-v4-idsplit::
quantum,svc,12,zz_r1_full__as0.5__svc__d12,zz_r1_full__as0.5,id_val,train_cv,1.0,0.8610304607673029,0.009282112121582031,0.916,0.9156634221311475,0.915890994729169,0.9128630705394191,0.9738729508196722,0.971511781201145,port_protocol_service_ablation,39,36,3,ct_src_dport_ltm|ct_dst_sport_ltm|is_sm_ips_ports,ksf-v4-idsplit::
quantum,svc,12,zz_r1_full__as0.5__svc__d12,zz_r1_full__as0.5,id_test,train_cv,1.0,0.8610304607673029,0.009282112121582031,0.86,0.860015368852459,0.8599439775910365,0.8571428571428571,0.951844262295082,0.952436337043725,port_protocol_service_ablation,39,36,3,ct_src_dport_ltm|ct_dst_sport_ltm|is_sm_ips_ports,ksf-v4-idsplit::
quantum,svc,12,zz_r1_full__as0.5__svc__d12,zz_r1_full__as0.5,ood_test,train_cv,1.0,0.8610304607673029,0.009282112121582031,0.77,0.7689875950380152,0.7689937367171399,0.7842401500938087,0.8540696278511405,0.8259010258492173,port_protocol_service_ablation,39,36,3,ct_src_dport_ltm|ct_dst_sport_ltm|is_sm_ips_ports,ksf-v4-idsplit::
quantum,svc,12,zz_r2_full__as0.5__svc__d12,zz_r2_full__as0.5,id_val,fixed_c1,1.0,,0.011995077133178711,0.836,0.8329277663934427,0.8323272971160295,0.8075117370892019,0.9664446721311475,0.9642146585152157,port_protocol_service_ablation,39,36,3,ct_src_dport_ltm|ct_dst_sport_ltm|is_sm_ips_ports,ksf-v4-idsplit::
quantum,svc,12,zz_r2_full__as0.5__svc__d12,zz_r2_full__as0.5,id_test,fixed_c1,1.0,,0.011995077133178711,0.828,0.8253073770491803,0.8249499275374119,0.8018433179723502,0.9384605532786885,0.9422624695347008,port_protocol_service_ablation,39,36,3,ct_src_dport_ltm|ct_dst_sport_ltm|is_sm_ips_ports,ksf-v4-idsplit::
quantum,svc,12,zz_r2_full__as0.5__svc__d12,zz_r2_full__as0.5,ood_test,fixed_c1,1.0,,0.011995077133178711,0.728,0.7306922769107643,0.724025974025974,0.6909090909090909,0.8329571828731492,0.8279353476029377,port_protocol_service_ablation,39,36,3,ct_src_dport_ltm|ct_dst_sport_ltm|is_sm_ips_ports,ksf-v4-idsplit::
quantum,svc,12,zz_r2_full__as0.5__svc__d12,zz_r2_full__as0.5,id_val,train_cv,1.0,0.8152390591864277,0.008999347686767578,0.836,0.8329277663934427,0.8323272971160295,0.8075117370892019,0.9664446721311475,0.9642146585152157,port_protocol_service_ablation,39,36,3,ct_src_dport_ltm|ct_dst_sport_ltm|is_sm_ips_ports,ksf-v4-idsplit::
quantum,svc,12,zz_r2_full__as0.5__svc__d12,zz_r2_full__as0.5,id_test,train_cv,1.0,0.8152390591864277,0.008999347686767578,0.828,0.8253073770491803,0.8249499275374119,0.8018433179723502,0.9384605532786885,0.9422624695347008,port_protocol_service_ablation,39,36,3,ct_src_dport_ltm|ct_dst_sport_ltm|is_sm_ips_ports,ksf-v4-idsplit::
quantum,svc,12,zz_r2_full__as0.5__svc__d12,zz_r2_full__as0.5,ood_test,train_cv,1.0,0.8152390591864277,0.008999347686767578,0.728,0.7306922769107643,0.724025974025974,0.6909090909090909,0.8329571828731492,0.8279353476029377,port_protocol_service_ablation,39,36,3,ct_src_dport_ltm|ct_dst_sport_ltm|is_sm_ips_ports,ksf-v4-idsplit::
quantum,svc,12,pauli_xz_r1_full__as0.5__svc__d12,pauli_xz_r1_full__as0.5,id_val,fixed_c1,1.0,,0.004999876022338867,0.928,0.9287269467213115,0.9279953917050692,0.9285714285714286,0.9770747950819672,0.9592935627879183,port_protocol_service_ablation,39,36,3,ct_src_dport_ltm|ct_dst_sport_ltm|is_sm_ips_ports,ksf-v4-idsplit::
quantum,svc,12,pauli_xz_r1_full__as0.5__svc__d12,pauli_xz_r1_full__as0.5,id_test,fixed_c1,1.0,,0.004999876022338867,0.888,0.8898565573770492,0.8876476630713919,0.8939393939393939,0.9614497950819672,0.9504797183782944,port_protocol_service_ablation,39,36,3,ct_src_dport_ltm|ct_dst_sport_ltm|is_sm_ips_ports,ksf-v4-idsplit::
quantum,svc,12,pauli_xz_r1_full__as0.5__svc__d12,pauli_xz_r1_full__as0.5,ood_test,fixed_c1,1.0,,0.004999876022338867,0.762,0.759623849539816,0.7576483334758931,0.7901234567901234,0.8410404161664666,0.7974541399664481,port_protocol_service_ablation,39,36,3,ct_src_dport_ltm|ct_dst_sport_ltm|is_sm_ips_ports,ksf-v4-idsplit::
quantum,svc,12,pauli_xz_r1_full__as0.5__svc__d12,pauli_xz_r1_full__as0.5,id_val,train_cv,10.0,0.8959540678619626,0.0070688724517822266,0.936,0.9353867827868853,0.9358522034768106,0.9327731092436975,0.9825179303278688,0.9720210701368426,port_protocol_service_ablation,39,36,3,ct_src_dport_ltm|ct_dst_sport_ltm|is_sm_ips_ports,ksf-v4-idsplit::
quantum,svc,12,pauli_xz_r1_full__as0.5__svc__d12,pauli_xz_r1_full__as0.5,id_test,train_cv,10.0,0.8959540678619626,0.0070688724517822266,0.904,0.9047131147540983,0.9039938556067588,0.9047619047619048,0.9546618852459017,0.935198929911907,port_protocol_service_ablation,39,36,3,ct_src_dport_ltm|ct_dst_sport_ltm|is_sm_ips_ports,ksf-v4-idsplit::
quantum,svc,12,pauli_xz_r1_full__as0.5__svc__d12,pauli_xz_r1_full__as0.5,ood_test,train_cv,10.0,0.8959540678619626,0.0070688724517822266,0.772,0.7713485394157663,0.7714734748861376,0.7824427480916031,0.8505482192877152,0.8181887542412845,port_protocol_service_ablation,39,36,3,ct_src_dport_ltm|ct_dst_sport_ltm|is_sm_ips_ports,ksf-v4-idsplit::
quantum,svc,12,zmap_r2__as0.5__svc__d12,zmap_r2__as0.5,id_val,fixed_c1,1.0,,0.007004976272583008,0.932,0.9322489754098361,0.931990206589749,0.9311740890688259,0.9753457991803278,0.9522239083867313,port_protocol_service_ablation,39,36,3,ct_src_dport_ltm|ct_dst_sport_ltm|is_sm_ips_ports,ksf-v4-idsplit::
quantum,svc,12,zmap_r2__as0.5__svc__d12,zmap_r2__as0.5,id_test,fixed_c1,1.0,,0.007004976272583008,0.884,0.8857581967213115,0.8836854855529351,0.8897338403041825,0.9586962090163935,0.9414593712563167,port_protocol_service_ablation,39,36,3,ct_src_dport_ltm|ct_dst_sport_ltm|is_sm_ips_ports,ksf-v4-idsplit::
quantum,svc,12,zmap_r2__as0.5__svc__d12,zmap_r2__as0.5,ood_test,fixed_c1,1.0,,0.007004976272583008,0.766,0.764265706282513,0.7635398687949426,0.7876588021778584,0.8465306122448979,0.8130614655583266,port_protocol_service_ablation,39,36,3,ct_src_dport_ltm|ct_dst_sport_ltm|is_sm_ips_ports,ksf-v4-idsplit::
quantum,svc,12,zmap_r2__as0.5__svc__d12,zmap_r2__as0.5,id_val,train_cv,100.0,0.8884670811644495,0.011488914489746094,0.932,0.9320568647540983,0.9319727891156462,0.9306122448979591,0.9721439549180328,0.967950050550276,port_protocol_service_ablation,39,36,3,ct_src_dport_ltm|ct_dst_sport_ltm|is_sm_ips_ports,ksf-v4-idsplit::
quantum,svc,12,zmap_r2__as0.5__svc__d12,zmap_r2__as0.5,id_test,train_cv,100.0,0.8884670811644495,0.011488914489746094,0.888,0.8885117827868853,0.888,0.888,0.946593237704918,0.9351198196734227,port_protocol_service_ablation,39,36,3,ct_src_dport_ltm|ct_dst_sport_ltm|is_sm_ips_ports,ksf-v4-idsplit::
quantum,svc,12,zmap_r2__as0.5__svc__d12,zmap_r2__as0.5,ood_test,train_cv,100.0,0.8884670811644495,0.011488914489746094,0.802,0.8017206882753101,0.801821639475528,0.8077669902912621,0.8772629051620648,0.8546568408366246,port_protocol_service_ablation,39,36,3,ct_src_dport_ltm|ct_dst_sport_ltm|is_sm_ips_ports,ksf-v4-idsplit::
quantum,svc,12,zz_r1_full__svc__d12,zz_r1_full,id_val,fixed_c1,1.0,,0.00900125503540039,0.912,0.910796618852459,0.9115414307771488,0.9051724137931034,0.9744492827868851,0.97162436495904,port_protocol_service_ablation,39,36,3,ct_src_dport_ltm|ct_dst_sport_ltm|is_sm_ips_ports,ksf-v4-idsplit::
quantum,svc,12,zz_r1_full__svc__d12,zz_r1_full,id_test,fixed_c1,1.0,,0.00900125503540039,0.848,0.8471439549180328,0.8475218284540318,0.8389830508474576,0.9503714139344261,0.9502390267979604,port_protocol_service_ablation,39,36,3,ct_src_dport_ltm|ct_dst_sport_ltm|is_sm_ips_ports,ksf-v4-idsplit::
quantum,svc,12,zz_r1_full__svc__d12,zz_r1_full,ood_test,fixed_c1,1.0,,0.00900125503540039,0.776,0.7761504601840736,0.7759856630824373,0.7777777777777778,0.8549819927971188,0.8463666672891416,port_protocol_service_ablation,39,36,3,ct_src_dport_ltm|ct_dst_sport_ltm|is_sm_ips_ports,ksf-v4-idsplit::
quantum,svc,12,zz_r1_full__svc__d12,zz_r1_full,id_val,train_cv,100.0,0.8420646568343937,0.009159088134765625,0.9,0.8985015368852459,0.8992893859069595,0.8908296943231441,0.9725922131147541,0.9698345680784343,port_protocol_service_ablation,39,36,3,ct_src_dport_ltm|ct_dst_sport_ltm|is_sm_ips_ports,ksf-v4-idsplit::
quantum,svc,12,zz_r1_full__svc__d12,zz_r1_full,id_test,train_cv,100.0,0.8420646568343937,0.009159088134765625,0.848,0.8465676229508197,0.8470209339774557,0.8347826086956521,0.9371798155737705,0.9470215152438889,port_protocol_service_ablation,39,36,3,ct_src_dport_ltm|ct_dst_sport_ltm|is_sm_ips_ports,ksf-v4-idsplit::
quantum,svc,12,zz_r1_full__svc__d12,zz_r1_full,ood_test,train_cv,100.0,0.8420646568343937,0.009159088134765625,0.764,0.7651060424169668,0.7636217948717949,0.7541666666666667,0.8231452581032414,0.8205618103733041,port_protocol_service_ablation,39,36,3,ct_src_dport_ltm|ct_dst_sport_ltm|is_sm_ips_ports,ksf-v4-idsplit::
quantum,svc,12,zz_r2_full__svc__d12,zz_r2_full,id_val,fixed_c1,1.0,,0.010007858276367188,0.788,0.7833632172131147,0.7780234876279506,0.7309644670050761,0.9649077868852459,0.9628433123153062,port_protocol_service_ablation,39,36,3,ct_src_dport_ltm|ct_dst_sport_ltm|is_sm_ips_ports,ksf-v4-idsplit::
quantum,svc,12,zz_r2_full__svc__d12,zz_r2_full,id_test,fixed_c1,1.0,,0.010007858276367188,0.828,0.8245389344262295,0.8232460250908433,0.7942583732057417,0.9367955942622951,0.9409976064843176,port_protocol_service_ablation,39,36,3,ct_src_dport_ltm|ct_dst_sport_ltm|is_sm_ips_ports,ksf-v4-idsplit::
quantum,svc,12,zz_r2_full__svc__d12,zz_r2_full,ood_test,fixed_c1,1.0,,0.010007858276367188,0.688,0.6923569427771108,0.6744519941902202,0.6080402010050251,0.8366066426570627,0.8479336843399337,port_protocol_service_ablation,39,36,3,ct_src_dport_ltm|ct_dst_sport_ltm|is_sm_ips_ports,ksf-v4-idsplit::
quantum,svc,12,zz_r2_full__svc__d12,zz_r2_full,id_val,train_cv,10.0,0.8040006265664161,0.010890007019042969,0.792,0.7874615778688525,0.7825941534550807,0.7373737373737373,0.9618980532786885,0.9607844102111611,port_protocol_service_ablation,39,36,3,ct_src_dport_ltm|ct_dst_sport_ltm|is_sm_ips_ports,ksf-v4-idsplit::
quantum,svc,12,zz_r2_full__svc__d12,zz_r2_full,id_test,train_cv,10.0,0.8040006265664161,0.010890007019042969,0.82,0.8161501024590163,0.8139727159983464,0.7804878048780488,0.9195056352459017,0.9362064251573358,port_protocol_service_ablation,39,36,3,ct_src_dport_ltm|ct_dst_sport_ltm|is_sm_ips_ports,ksf-v4-idsplit::
quantum,svc,12,zz_r2_full__svc__d12,zz_r2_full,ood_test,train_cv,10.0,0.8040006265664161,0.010890007019042969,0.684,0.688515406162465,0.6691293494831716,0.5989847715736041,0.8305562224889956,0.8325734470375982,port_protocol_service_ablation,39,36,3,ct_src_dport_ltm|ct_dst_sport_ltm|is_sm_ips_ports,ksf-v4-idsplit::
quantum,svc,12,pauli_xz_r1_full__svc__d12,pauli_xz_r1_full,id_val,fixed_c1,1.0,,0.007176637649536133,0.924,0.923860143442623,0.9239403692494916,0.9218106995884774,0.9643314549180328,0.9321589743665895,port_protocol_service_ablation,39,36,3,ct_src_dport_ltm|ct_dst_sport_ltm|is_sm_ips_ports,ksf-v4-idsplit::
quantum,svc,12,pauli_xz_r1_full__svc__d12,pauli_xz_r1_full,id_test,fixed_c1,1.0,,0.007176637649536133,0.88,0.8812756147540983,0.8798769940418989,0.8837209302325582,0.9633709016393442,0.9539232525437269,port_protocol_service_ablation,39,36,3,ct_src_dport_ltm|ct_dst_sport_ltm|is_sm_ips_ports,ksf-v4-idsplit::
quantum,svc,12,pauli_xz_r1_full__svc__d12,pauli_xz_r1_full,ood_test,fixed_c1,1.0,,0.007176637649536133,0.762,0.7608243297318927,0.7606895358985806,0.7783985102420856,0.853781512605042,0.8193565068877205,port_protocol_service_ablation,39,36,3,ct_src_dport_ltm|ct_dst_sport_ltm|is_sm_ips_ports,ksf-v4-idsplit::
quantum,svc,12,pauli_xz_r1_full__svc__d12,pauli_xz_r1_full,id_val,train_cv,100.0,0.8856882591093118,0.013000249862670898,0.916,0.9156634221311475,0.915890994729169,0.9128630705394191,0.9423027663934427,0.9478770829672554,port_protocol_service_ablation,39,36,3,ct_src_dport_ltm|ct_dst_sport_ltm|is_sm_ips_ports,ksf-v4-idsplit::
quantum,svc,12,pauli_xz_r1_full__svc__d12,pauli_xz_r1_full,id_test,train_cv,100.0,0.8856882591093118,0.013000249862670898,0.86,0.8605917008196722,0.8599977599641595,0.8605577689243028,0.9105404713114754,0.9097485058079915,port_protocol_service_ablation,39,36,3,ct_src_dport_ltm|ct_dst_sport_ltm|is_sm_ips_ports,ksf-v4-idsplit::
quantum,svc,12,pauli_xz_r1_full__svc__d12,pauli_xz_r1_full,ood_test,train_cv,100.0,0.8856882591093118,0.013000249862670898,0.794,0.7929971988795519,0.7930987381031774,0.8067542213883677,0.8617847138855541,0.8239900698115266,port_protocol_service_ablation,39,36,3,ct_src_dport_ltm|ct_dst_sport_ltm|is_sm_ips_ports,ksf-v4-idsplit::
quantum,svc,12,zmap_r2__svc__d12,zmap_r2,id_val,fixed_c1,1.0,,0.0073964595794677734,0.916,0.9162397540983607,0.9159879022579251,0.9149797570850202,0.9572873975409836,0.9328402090701008,port_protocol_service_ablation,39,36,3,ct_src_dport_ltm|ct_dst_sport_ltm|is_sm_ips_ports,ksf-v4-idsplit::
quantum,svc,12,zmap_r2__svc__d12,zmap_r2,id_test,fixed_c1,1.0,,0.0073964595794677734,0.88,0.8814677254098361,0.8798076923076923,0.8846153846153846,0.960297131147541,0.952285698531843,port_protocol_service_ablation,39,36,3,ct_src_dport_ltm|ct_dst_sport_ltm|is_sm_ips_ports,ksf-v4-idsplit::
quantum,svc,12,zmap_r2__svc__d12,zmap_r2,ood_test,fixed_c1,1.0,,0.0073964595794677734,0.778,0.7763505402160864,0.7758472368628306,0.7978142076502732,0.8739655862344938,0.8513022001693196,port_protocol_service_ablation,39,36,3,ct_src_dport_ltm|ct_dst_sport_ltm|is_sm_ips_ports,ksf-v4-idsplit::
quantum,svc,12,zmap_r2__svc__d12,zmap_r2,id_val,train_cv,10.0,0.8769418739155581,0.0070002079010009766,0.936,0.9359631147540983,0.9359631147540983,0.9344262295081968,0.9449282786885245,0.940131870099641,port_protocol_service_ablation,39,36,3,ct_src_dport_ltm|ct_dst_sport_ltm|is_sm_ips_ports,ksf-v4-idsplit::
quantum,svc,12,zmap_r2__svc__d12,zmap_r2,id_test,train_cv,10.0,0.8769418739155581,0.0070002079010009766,0.872,0.8726946721311475,0.8719918074756785,0.873015873015873,0.9301357581967213,0.9168305899080946,port_protocol_service_ablation,39,36,3,ct_src_dport_ltm|ct_dst_sport_ltm|is_sm_ips_ports,ksf-v4-idsplit::
quantum,svc,12,zmap_r2__svc__d12,zmap_r2,ood_test,train_cv,10.0,0.8769418739155581,0.0070002079010009766,0.806,0.8052420968387355,0.8054326415828557,0.8159392789373814,0.8684753901560625,0.8459404876435086,port_protocol_service_ablation,39,36,3,ct_src_dport_ltm|ct_dst_sport_ltm|is_sm_ips_ports,ksf-v4-idsplit::
quantum,svc,12,zz_r1_full__as2__svc__d12,zz_r1_full__as2,id_val,fixed_c1,1.0,,0.008775711059570312,0.844,0.8409323770491803,0.840506453354272,0.8169014084507042,0.972015881147541,0.9687284937199916,port_protocol_service_ablation,39,36,3,ct_src_dport_ltm|ct_dst_sport_ltm|is_sm_ips_ports,ksf-v4-idsplit::
quantum,svc,12,zz_r1_full__as2__svc__d12,zz_r1_full__as2,id_test,fixed_c1,1.0,,0.008775711059570312,0.828,0.8253073770491803,0.8249499275374119,0.8018433179723502,0.9482581967213114,0.9473843474321708,port_protocol_service_ablation,39,36,3,ct_src_dport_ltm|ct_dst_sport_ltm|is_sm_ips_ports,ksf-v4-idsplit::
quantum,svc,12,zz_r1_full__as2__svc__d12,zz_r1_full__as2,ood_test,fixed_c1,1.0,,0.008775711059570312,0.706,0.7091236494597839,0.6999497875154617,0.6573426573426573,0.8499079631852741,0.8455564738310613,port_protocol_service_ablation,39,36,3,ct_src_dport_ltm|ct_dst_sport_ltm|is_sm_ips_ports,ksf-v4-idsplit::
quantum,svc,12,zz_r1_full__as2__svc__d12,zz_r1_full__as2,id_val,train_cv,100.0,0.8175865143628303,0.008001089096069336,0.836,0.8329277663934427,0.8323272971160295,0.8075117370892019,0.9634989754098361,0.9640631768762762,port_protocol_service_ablation,39,36,3,ct_src_dport_ltm|ct_dst_sport_ltm|is_sm_ips_ports,ksf-v4-idsplit::
quantum,svc,12,zz_r1_full__as2__svc__d12,zz_r1_full__as2,id_test,train_cv,100.0,0.8175865143628303,0.008001089096069336,0.828,0.8253073770491803,0.8249499275374119,0.8018433179723502,0.9280865778688525,0.939088551049716,port_protocol_service_ablation,39,36,3,ct_src_dport_ltm|ct_dst_sport_ltm|is_sm_ips_ports,ksf-v4-idsplit::
quantum,svc,12,zz_r1_full__as2__svc__d12,zz_r1_full__as2,ood_test,train_cv,100.0,0.8175865143628303,0.008001089096069336,0.68,0.6836334533813526,0.6707060063224447,0.6153846153846154,0.8193997599039615,0.8142081532016425,port_protocol_service_ablation,39,36,3,ct_src_dport_ltm|ct_dst_sport_ltm|is_sm_ips_ports,ksf-v4-idsplit::
quantum,svc,12,zz_r2_full__as2__svc__d12,zz_r2_full__as2,id_val,fixed_c1,1.0,,0.009582042694091797,0.784,0.7788806352459017,0.7717126623376623,0.71875,0.9276383196721312,0.9334661257330484,port_protocol_service_ablation,39,36,3,ct_src_dport_ltm|ct_dst_sport_ltm|is_sm_ips_ports,ksf-v4-idsplit::
quantum,svc,12,zz_r2_full__as2__svc__d12,zz_r2_full__as2,id_test,fixed_c1,1.0,,0.009582042694091797,0.804,0.7997566598360656,0.7961696534052147,0.7562189054726368,0.9310963114754098,0.9377972544860169,port_protocol_service_ablation,39,36,3,ct_src_dport_ltm|ct_dst_sport_ltm|is_sm_ips_ports,ksf-v4-idsplit::
quantum,svc,12,zz_r2_full__as2__svc__d12,zz_r2_full__as2,ood_test,fixed_c1,1.0,,0.009582042694091797,0.68,0.685234093637455,0.6590289143480633,0.574468085106383,0.8253701480592237,0.8396562476919313,port_protocol_service_ablation,39,36,3,ct_src_dport_ltm|ct_dst_sport_ltm|is_sm_ips_ports,ksf-v4-idsplit::
quantum,svc,12,zz_r2_full__as2__svc__d12,zz_r2_full__as2,id_val,train_cv,10.0,0.7879472720262195,0.01100611686706543,0.78,0.7749743852459017,0.7679364061366053,0.7150259067357513,0.9262295081967213,0.9326706369253648,port_protocol_service_ablation,39,36,3,ct_src_dport_ltm|ct_dst_sport_ltm|is_sm_ips_ports,ksf-v4-idsplit::
quantum,svc,12,zz_r2_full__as2__svc__d12,zz_r2_full__as2,id_test,train_cv,10.0,0.7879472720262195,0.01100611686706543,0.812,0.8077612704918034,0.8044892593886753,0.7661691542288557,0.9162397540983607,0.9333165772214512,port_protocol_service_ablation,39,36,3,ct_src_dport_ltm|ct_dst_sport_ltm|is_sm_ips_ports,ksf-v4-idsplit::
quantum,svc,12,zz_r2_full__as2__svc__d12,zz_r2_full__as2,ood_test,train_cv,10.0,0.7879472720262195,0.01100611686706543,0.662,0.6675070028011204,0.6370882884740099,0.5420054200542005,0.790124049619848,0.7950117108267056,port_protocol_service_ablation,39,36,3,ct_src_dport_ltm|ct_dst_sport_ltm|is_sm_ips_ports,ksf-v4-idsplit::
quantum,svc,12,pauli_xz_r1_full__as2__svc__d12,pauli_xz_r1_full__as2,id_val,fixed_c1,1.0,,0.006995439529418945,0.912,0.9113729508196722,0.9117967797806146,0.907563025210084,0.9540855532786886,0.9600521778986897,port_protocol_service_ablation,39,36,3,ct_src_dport_ltm|ct_dst_sport_ltm|is_sm_ips_ports,ksf-v4-idsplit::
quantum,svc,12,pauli_xz_r1_full__as2__svc__d12,pauli_xz_r1_full__as2,id_test,fixed_c1,1.0,,0.006995439529418945,0.868,0.8684042008196722,0.8679978879662075,0.8674698795180723,0.9540855532786885,0.9586157727477413,port_protocol_service_ablation,39,36,3,ct_src_dport_ltm|ct_dst_sport_ltm|is_sm_ips_ports,ksf-v4-idsplit::
quantum,svc,12,pauli_xz_r1_full__as2__svc__d12,pauli_xz_r1_full__as2,ood_test,fixed_c1,1.0,,0.006995439529418945,0.8,0.799359743897559,0.7995381358650331,0.8091603053435115,0.8619447779111644,0.8529790132959217,port_protocol_service_ablation,39,36,3,ct_src_dport_ltm|ct_dst_sport_ltm|is_sm_ips_ports,ksf-v4-idsplit::
quantum,svc,12,pauli_xz_r1_full__as2__svc__d12,pauli_xz_r1_full__as2,id_val,train_cv,1.0,0.866480986119144,0.0068166255950927734,0.912,0.9113729508196722,0.9117967797806146,0.907563025210084,0.9540855532786886,0.9600521778986897,port_protocol_service_ablation,39,36,3,ct_src_dport_ltm|ct_dst_sport_ltm|is_sm_ips_ports,ksf-v4-idsplit::
quantum,svc,12,pauli_xz_r1_full__as2__svc__d12,pauli_xz_r1_full__as2,id_test,train_cv,1.0,0.866480986119144,0.0068166255950927734,0.868,0.8684042008196722,0.8679978879662075,0.8674698795180723,0.9540855532786885,0.9586157727477413,port_protocol_service_ablation,39,36,3,ct_src_dport_ltm|ct_dst_sport_ltm|is_sm_ips_ports,ksf-v4-idsplit::
quantum,svc,12,pauli_xz_r1_full__as2__svc__d12,pauli_xz_r1_full__as2,ood_test,train_cv,1.0,0.866480986119144,0.0068166255950927734,0.8,0.799359743897559,0.7995381358650331,0.8091603053435115,0.8619447779111644,0.8529790132959217,port_protocol_service_ablation,39,36,3,ct_src_dport_ltm|ct_dst_sport_ltm|is_sm_ips_ports,ksf-v4-idsplit::
quantum,svc,12,zmap_r2__as2__svc__d12,zmap_r2__as2,id_val,fixed_c1,1.0,,0.006998777389526367,0.916,0.9154713114754098,0.9158370605492233,0.9121338912133892,0.9617699795081966,0.9575098871999679,port_protocol_service_ablation,39,36,3,ct_src_dport_ltm|ct_dst_sport_ltm|is_sm_ips_ports,ksf-v4-idsplit::
quantum,svc,12,zmap_r2__as2__svc__d12,zmap_r2__as2,id_test,fixed_c1,1.0,,0.006998777389526367,0.872,0.8723104508196722,0.8719918074756785,0.8709677419354839,0.9555584016393442,0.9576289567205476,port_protocol_service_ablation,39,36,3,ct_src_dport_ltm|ct_dst_sport_ltm|is_sm_ips_ports,ksf-v4-idsplit::
quantum,svc,12,zmap_r2__as2__svc__d12,zmap_r2__as2,ood_test,fixed_c1,1.0,,0.006998777389526367,0.78,0.7795918367346939,0.7797145100049665,0.7876447876447876,0.855046018407363,0.8480189799318401,port_protocol_service_ablation,39,36,3,ct_src_dport_ltm|ct_dst_sport_ltm|is_sm_ips_ports,ksf-v4-idsplit::
quantum,svc,12,zmap_r2__as2__svc__d12,zmap_r2__as2,id_val,train_cv,10.0,0.8700028918449971,0.008538007736206055,0.92,0.9193775614754098,0.9198152543460132,0.9159663865546218,0.9496029713114753,0.9402116949306649,port_protocol_service_ablation,39,36,3,ct_src_dport_ltm|ct_dst_sport_ltm|is_sm_ips_ports,ksf-v4-idsplit::
quantum,svc,12,zmap_r2__as2__svc__d12,zmap_r2__as2,id_test,train_cv,10.0,0.8700028918449971,0.008538007736206055,0.868,0.8684042008196722,0.8679978879662075,0.8674698795180723,0.9284707991803278,0.9180304670675312,port_protocol_service_ablation,39,36,3,ct_src_dport_ltm|ct_dst_sport_ltm|is_sm_ips_ports,ksf-v4-idsplit::
quantum,svc,12,zmap_r2__as2__svc__d12,zmap_r2__as2,ood_test,train_cv,10.0,0.8700028918449971,0.008538007736206055,0.768,0.7675870348139255,0.7676989378234191,0.7760617760617761,0.830172068827531,0.7998602062114939,port_protocol_service_ablation,39,36,3,ct_src_dport_ltm|ct_dst_sport_ltm|is_sm_ips_ports,ksf-v4-idsplit::
