family,model,dim,cfg,kernel,split,regularization,c_selected,c_cv_score,fit_seconds,accuracy,balanced_accuracy,f1_macro,f1_pos,roc_auc,pr_auc,feature_policy,n_input_features,n_retained_features,n_removed_features,removed_features,id_split_hash_salt
classical_ext,svc,4,linear__svc__d4,linear,id_val,fixed_c1,1.0,,0.009680986404418945,0.84,0.8357142857142857,0.8369848721961397,0.8591549295774648,0.8844155844155844,0.9315875002405706,port_protocol_service_ablation,39,36,3,ct_src_dport_ltm|ct_dst_sport_ltm|is_sm_ips_ports,ksf-v4-idsplit::
classical_ext,svc,4,linear__svc__d4,linear,id_test,fixed_c1,1.0,,0.009680986404418945,0.868,0.8646103896103896,0.8656592467147579,0.8833922261484098,0.9103246753246753,0.9440124633353872,port_protocol_service_ablation,39,36,3,ct_src_dport_ltm|ct_dst_sport_ltm|is_sm_ips_ports,ksf-v4-idsplit::
classical_ext,svc,4,linear__svc__d4,linear,ood_test,fixed_c1,1.0,,0.009680986404418945,0.678,0.6607366758398332,0.6619337390128466,0.5882352941176471,0.5474100731139372,0.4694187632583359,port_protocol_service_ablation,39,36,3,ct_src_dport_ltm|ct_dst_sport_ltm|is_sm_ips_ports,ksf-v4-idsplit::
classical_ext,svc,4,linear__svc__d4,linear,id_val,train_cv,1.0,0.8051339133913393,0.006922483444213867,0.84,0.8357142857142857,0.8369848721961397,0.8591549295774648,0.8844155844155844,0.9315875002405706,port_protocol_service_ablation,39,36,3,ct_src_dport_ltm|ct_dst_sport_ltm|is_sm_ips_ports,ksf-v4-idsplit::
classical_ext,svc,4,linear__svc__d4,linear,id_test,train_cv,1.0,0.8051339133913393,0.006922483444213867,0.868,0.8646103896103896,0.8656592467147579,0.8833922261484098,0.9103246753246753,0.9440124633353872,port_protocol_service_ablation,39,36,3,ct_src_dport_ltm|ct_dst_sport_ltm|is_sm_ips_ports,ksf-v4-idsplit::
classical_ext,svc,4,linear__svc__d4,linear,ood_test,train_cv,1.0,0.8051339133913393,0.006922483444213867,0.678,0.6607366758398332,0.6619337390128466,0.5882352941176471,0.5474100731139372,0.4694187632583359,port_protocol_service_ablation,39,36,3,ct_src_dport_ltm|ct_dst_sport_ltm|is_sm_ips_ports,ksf-v4-idsplit::
classical_ext,svc,4,rbf_gscale__svc__d4,rbf_gscale,id_val,fixed_c1,1.0,,0.006066560745239258,0.884,0.872077922077922,0.8789629209168768,0.9036544850498339,0.9442857142857144,0.9467387346707494,port_protocol_service_ablation,39,36,3,ct_src_dport_ltm|ct_dst_sport_ltm|is_sm_ips_ports,ksf-v4-idsplit::
classical_ext,svc,4,rbf_gscale__svc__d4,rbf_gscale,id_test,fixed_c1,1.0,,0.006066560745239258,0.9,0.8922077922077922,0.8969514105290927,0.9146757679180887,0.9451948051948053,0.9062855396997495,port_protocol_service_ablation,39,36,3,ct_src_dport_ltm|ct_dst_sport_ltm|is_sm_ips_ports,ksf-v4-idsplit::
classical_ext,svc,4,rbf_gscale__svc__d4,rbf_gscale,ood_test,fixed_c1,1.0,,0.006066560745239258,0.914,0.9229535425249549,0.9137484905985855,0.9090909090909091,0.9394082493364382,0.8835146093838298,port_protocol_service_ablation,39,36,3,ct_src_dport_ltm|ct_dst_sport_ltm|is_sm_ips_ports,ksf-v4-idsplit::
classical_ext,svc,4,rbf_gscale__svc__d4,rbf_gscale,id_val,train_cv,10.0,0.8914813481348135,0.009009122848510742,0.876,0.8688311688311688,0.8725727157631662,0.8934707903780069,0.930974025974026,0.8980528819641604,port_protocol_service_ablation,39,36,3,ct_src_dport_ltm|ct_dst_sport_ltm|is_sm_ips_ports,ksf-v4-idsplit::
classical_ext,svc,4,rbf_gscale__svc__d4,rbf_gscale,id_test,train_cv,10.0,0.8914813481348135,0.009009122848510742,0.888,0.8844155844155843,0.8858894105372979,0.9014084507042254,0.9458441558441559,0.92046102194013,port_protocol_service_ablation,39,36,3,ct_src_dport_ltm|ct_dst_sport_ltm|is_sm_ips_ports,ksf-v4-idsplit::
classical_ext,svc,4,rbf_gscale__svc__d4,rbf_gscale,ood_test,train_cv,10.0,0.8914813481348135,0.009009122848510742,0.91,0.9188826106072201,0.9097367924868918,0.904862579281184,0.946589373239322,0.8643499851141231,port_protocol_service_ablation,39,36,3,ct_src_dport_ltm|ct_dst_sport_ltm|is_sm_ips_ports,ksf-v4-idsplit::
classical_ext,svc,4,poly2__svc__d4,poly2,id_val,fixed_c1,1.0,,0.0069980621337890625,0.884,0.8691558441558442,0.8776391959629373,0.9055374592833876,0.9261038961038961,0.9042416559933966,port_protocol_service_ablation,39,36,3,ct_src_dport_ltm|ct_dst_sport_ltm|is_sm_ips_ports,ksf-v4-idsplit::
classical_ext,svc,4,poly2__svc__d4,poly2,id_test,fixed_c1,1.0,,0.0069980621337890625,0.904,0.8909090909090909,0.8993018259935552,0.9210526315789473,0.9532467532467532,0.950241039175036,port_protocol_service_ablation,39,36,3,ct_src_dport_ltm|ct_dst_sport_ltm|is_sm_ips_ports,ksf-v4-idsplit::
classical_ext,svc,4,poly2__svc__d4,poly2,ood_test,fixed_c1,1.0,,0.0069980621337890625,0.86,0.8736382732735177,0.8599798370965419,0.8582995951417004,0.8364299555454234,0.6483931931875011,port_protocol_service_ablation,39,36,3,ct_src_dport_ltm|ct_dst_sport_ltm|is_sm_ips_ports,ksf-v4-idsplit::
classical_ext,svc,4,poly2__svc__d4,poly2,id_val,train_cv,100.0,0.8817401740174017,0.010025501251220703,0.876,0.863961038961039,0.8706155361525234,0.8970099667774086,0.9383116883116882,0.9298285316176464,port_protocol_service_ablation,39,36,3,ct_src_dport_ltm|ct_dst_sport_ltm|is_sm_ips_ports,ksf-v4-idsplit::
classical_ext,svc,4,poly2__svc__d4,poly2,id_test,train_cv,100.0,0.8817401740174017,0.010025501251220703,0.904,0.8977272727272727,0.9014778325123152,0.9172413793103448,0.936038961038961,0.8904816009527892,port_protocol_service_ablation,39,36,3,ct_src_dport_ltm|ct_dst_sport_ltm|is_sm_ips_ports,ksf-v4-idsplit::
classical_ext,svc,4,poly2__svc__d4,poly2,ood_test,train_cv,100.0,0.8817401740174017,0.010025501251220703,0.912,0.921186758072658,0.9117614028332611,0.9071729957805907,0.9595023692823761,0.9256269993263896,port_protocol_service_ablation,39,36,3,ct_src_dport_ltm|ct_dst_sport_ltm|is_sm_ips_ports,ksf-v4-idsplit::
classical_ext,svc,4,poly3__svc__d4,poly3,id_val,fixed_c1,1.0,,0.006101846694946289,0.884,0.8691558441558442,0.8776391959629373,0.9055374592833876,0.9422727272727273,0.9396052998519482,port_protocol_service_ablation,39,36,3,ct_src_dport_ltm|ct_dst_sport_ltm|is_sm_ips_ports,ksf-v4-idsplit::
classical_ext,svc,4,poly3__svc__d4,poly3,id_test,fixed_c1,1.0,,0.006101846694946289,0.904,0.8909090909090909,0.8993018259935552,0.9210526315789473,0.9576623376623377,0.9434618832313009,port_protocol_service_ablation,39,36,3,ct_src_dport_ltm|ct_dst_sport_ltm|is_sm_ips_ports,ksf-v4-idsplit::
classical_ext,svc,4,poly3__svc__d4,poly3,ood_test,fixed_c1,1.0,,0.006101846694946289,0.868,0.882317500122128,0.8679915514592934,0.8669354838709677,0.8819755418410382,0.7115692002123796,port_protocol_service_ablation,39,36,3,ct_src_dport_ltm|ct_dst_sport_ltm|is_sm_ips_ports,ksf-v4-idsplit::
classical_ext,svc,4,poly3__svc__d4,poly3,id_val,train_cv,100.0,0.8827003700370037,0.010488033294677734,0.88,0.8704545454545454,0.8757949125596185,0.8986486486486487,0.9405194805194805,0.9243715970248796,port_protocol_service_ablation,39,36,3,ct_src_dport_ltm|ct_dst_sport_ltm|is_sm_ips_ports,ksf-v4-idsplit::
classical_ext,svc,4,poly3__svc__d4,poly3,id_test,train_cv,100.0,0.8827003700370037,0.010488033294677734,0.908,0.9022727272727272,0.905705242788501,0.9204152249134948,0.9377922077922077,0.8909695184160957,port_protocol_service_ablation,39,36,3,ct_src_dport_ltm|ct_dst_sport_ltm|is_sm_ips_ports,ksf-v4-idsplit::
classical_ext,svc,4,poly3__svc__d4,poly3,ood_test,train_cv,100.0,0.8827003700370037,0.010488033294677734,0.912,0.921186758072658,0.9117614028332611,0.9071729957805907,0.9610656071387862,0.9278008251345994,port_protocol_service_ablation,39,36,3,ct_src_dport_ltm|ct_dst_sport_ltm|is_sm_ips_ports,ksf-v4-idsplit::
classical_ext,svc,4,laplacian_med__svc__d4,laplacian_med,id_val,fixed_c1,1.0,,0.008373022079467773,0.868,0.8626623376623377,0.8650439220689994,0.8850174216027874,0.9428571428571428,0.9417016833938279,port_protocol_service_ablation,39,36,3,ct_src_dport_ltm|ct_dst_sport_ltm|is_sm_ips_ports,ksf-v4-idsplit::
classical_ext,svc,4,laplacian_med__svc__d4,laplacian_med,id_test,fixed_c1,1.0,,0.008373022079467773,0.9,0.8961038961038961,0.898000815993472,0.9122807017543859,0.9694155844155845,0.9761521930689946,port_protocol_service_ablation,39,36,3,ct_src_dport_ltm|ct_dst_sport_ltm|is_sm_ips_ports,ksf-v4-idsplit::
classical_ext,svc,4,laplacian_med__svc__d4,laplacian_med,ood_test,fixed_c1,1.0,,0.008373022079467773,0.91,0.9188826106072201,0.9097367924868918,0.904862579281184,0.9443422188207324,0.8790367843985687,port_protocol_service_ablation,39,36,3,ct_src_dport_ltm|ct_dst_sport_ltm|is_sm_ips_ports,ksf-v4-idsplit::
classical_ext,svc,4,laplacian_med__svc__d4,laplacian_med,id_val,train_cv,1.0,0.8895609560956096,0.005262851715087891,0.868,0.8626623376623377,0.8650439220689994,0.8850174216027874,0.9428571428571428,0.9417016833938279,port_protocol_service_ablation,39,36,3,ct_src_dport_ltm|ct_dst_sport_ltm|is_sm_ips_ports,ksf-v4-idsplit::
classical_ext,svc,4,laplacian_med__svc__d4,laplacian_med,id_test,train_cv,1.0,0.8895609560956096,0.005262851715087891,0.9,0.8961038961038961,0.898000815993472,0.9122807017543859,0.9694155844155845,0.9761521930689946,port_protocol_service_ablation,39,36,3,ct_src_dport_ltm|ct_dst_sport_ltm|is_sm_ips_ports,ksf-v4-idsplit::
classical_ext,svc,4,laplacian_med__svc__d4,laplacian_med,ood_test,train_cv,1.0,0.8895609560956096,0.005262851715087891,0.91,0.9188826106072201,0.9097367924868918,0.904862579281184,0.9443422188207324,0.8790367843985687,port_protocol_service_ablation,39,36,3,ct_src_dport_ltm|ct_dst_sport_ltm|is_sm_ips_ports,ksf-v4-idsplit::
classical_ext,svc,4,matern15_med__svc__d4,matern15_med,id_val,fixed_c1,1.0,,0.005677938461303711,0.884,0.8691558441558442,0.8776391959629373,0.9055374592833876,0.9498051948051948,0.9507296561941566,port_protocol_service_ablation,39,36,3,ct_src_dport_ltm|ct_dst_sport_ltm|is_sm_ips_ports,ksf-v4-idsplit::
classical_ext,svc,4,matern15_med__svc__d4,matern15_med,id_test,fixed_c1,1.0,,0.005677938461303711,0.9,0.8873376623376623,0.8952940979377125,0.9174917491749175,0.9610389610389611,0.9593454288956076,port_protocol_service_ablation,39,36,3,ct_src_dport_ltm|ct_dst_sport_ltm|is_sm_ips_ports,ksf-v4-idsplit::
classical_ext,svc,4,matern15_med__svc__d4,matern15_med,ood_test,fixed_c1,1.0,,0.005677938461303711,0.912,0.921186758072658,0.9117614028332611,0.9071729957805907,0.9230593867548159,0.8281893785562232,port_protocol_service_ablation,39,36,3,ct_src_dport_ltm|ct_dst_sport_ltm|is_sm_ips_ports,ksf-v4-idsplit::
classical_ext,svc,4,matern15_med__svc__d4,matern15_med,id_val,train_cv,100.0,0.8914112411241124,0.011300086975097656,0.884,0.8798701298701299,0.8816809465524276,0.8982456140350877,0.935064935064935,0.9311949963597468,port_protocol_service_ablation,39,36,3,ct_src_dport_ltm|ct_dst_sport_ltm|is_sm_ips_ports,ksf-v4-idsplit::
classical_ext,svc,4,matern15_med__svc__d4,matern15_med,id_test,train_cv,100.0,0.8914112411241124,0.011300086975097656,0.896,0.8944805194805194,0.8944805194805194,0.9071428571428571,0.9555844155844156,0.9593073169553581,port_protocol_service_ablation,39,36,3,ct_src_dport_ltm|ct_dst_sport_ltm|is_sm_ips_ports,ksf-v4-idsplit::
classical_ext,svc,4,matern15_med__svc__d4,matern15_med,ood_test,train_cv,100.0,0.8914112411241124,0.011300086975097656,0.912,0.9206493950595169,0.911723163841808,0.9067796610169492,0.961896077250004,0.9131451460202902,port_protocol_service_ablation,39,36,3,ct_src_dport_ltm|ct_dst_sport_ltm|is_sm_ips_ports,ksf-v4-idsplit::
classical_ext,svc,4,matern25_med__svc__d4,matern25_med,id_val,fixed_c1,1.0,,0.007263660430908203,0.884,0.8691558441558442,0.8776391959629373,0.9055374592833876,0.9559740259740259,0.9539120147168458,port_protocol_service_ablation,39,36,3,ct_src_dport_ltm|ct_dst_sport_ltm|is_sm_ips_ports,ksf-v4-idsplit::
classical_ext,svc,4,matern25_med__svc__d4,matern25_med,id_test,fixed_c1,1.0,,0.007263660430908203,0.904,0.8909090909090909,0.8993018259935552,0.9210526315789473,0.9559090909090908,0.9503231423667788,port_protocol_service_ablation,39,36,3,ct_src_dport_ltm|ct_dst_sport_ltm|is_sm_ips_ports,ksf-v4-idsplit::
classical_ext,svc,4,matern25_med__svc__d4,matern25_med,ood_test,fixed_c1,1.0,,0.007263660430908203,0.894,0.9052856980019867,0.8938773221844453,0.8902691511387164,0.8970705573919981,0.7449368285796099,port_protocol_service_ablation,39,36,3,ct_src_dport_ltm|ct_dst_sport_ltm|is_sm_ips_ports,ksf-v4-idsplit::
classical_ext,svc,4,matern25_med__svc__d4,matern25_med,id_val,train_cv,10.0,0.8885811581158116,0.006997823715209961,0.88,0.8714285714285714,0.8761640578561521,0.8979591836734694,0.9325324675324675,0.9100080039887136,port_protocol_service_ablation,39,36,3,ct_src_dport_ltm|ct_dst_sport_ltm|is_sm_ips_ports,ksf-v4-idsplit::
classical_ext,svc,4,matern25_med__svc__d4,matern25_med,id_test,train_cv,10.0,0.8885811581158116,0.006997823715209961,0.892,0.8879870129870129,0.8898408812729499,0.9052631578947369,0.9442207792207792,0.9088803875890592,port_protocol_service_ablation,39,36,3,ct_src_dport_ltm|ct_dst_sport_ltm|is_sm_ips_ports,ksf-v4-idsplit::
classical_ext,svc,4,matern25_med__svc__d4,matern25_med,ood_test,train_cv,10.0,0.8885811581158116,0.006997823715209961,0.914,0.9229535425249549,0.9137484905985855,0.9090909090909091,0.9494390255817362,0.9031431351425973,port_protocol_service_ablation,39,36,3,ct_src_dport_ltm|ct_dst_sport_ltm|is_sm_ips_ports,ksf-v4-idsplit::
classical_ext,svc,4,rbf_gscale_x0.1__svc__d4,rbf_gscale_x0.1,id_val,fixed_c1,1.0,,0.007419586181640625,0.884,0.8691558441558442,0.8776391959629373,0.9055374592833876,0.9216233766233767,0.9043250139948465,port_protocol_service_ablation,39,36,3,ct_src_dport_ltm|ct_dst_sport_ltm|is_sm_ips_ports,ksf-v4-idsplit::
classical_ext,svc,4,rbf_gscale_x0.1__svc__d4,rbf_gscale_x0.1,id_test,fixed_c1,1.0,,0.007419586181640625,0.9,0.8863636363636364,0.8949138293400589,0.9180327868852459,0.943051948051948,0.9182390890070757,port_protocol_service_ablation,39,36,3,ct_src_dport_ltm|ct_dst_sport_ltm|is_sm_ips_ports,ksf-v4-idsplit::
classical_ext,svc,4,rbf_gscale_x0.1__svc__d4,rbf_gscale_x0.1,ood_test,fixed_c1,1.0,,0.007419586181640625,0.844,0.8552050935500155,0.84387760003843,0.8395061728395061,0.8082591066747,0.6136598856207112,port_protocol_service_ablation,39,36,3,ct_src_dport_ltm|ct_dst_sport_ltm|is_sm_ips_ports,ksf-v4-idsplit::
classical_ext,svc,4,rbf_gscale_x0.1__svc__d4,rbf_gscale_x0.1,id_val,train_cv,100.0,0.874909490949095,0.009948015213012695,0.884,0.874025974025974,0.8797498797498797,0.9023569023569024,0.938051948051948,0.9286467603099474,port_protocol_service_ablation,39,36,3,ct_src_dport_ltm|ct_dst_sport_ltm|is_sm_ips_ports,ksf-v4-idsplit::
classical_ext,svc,4,rbf_gscale_x0.1__svc__d4,rbf_gscale_x0.1,id_test,train_cv,100.0,0.874909490949095,0.009948015213012695,0.908,0.9022727272727272,0.905705242788501,0.9204152249134948,0.9422727272727273,0.8973960105156626,port_protocol_service_ablation,39,36,3,ct_src_dport_ltm|ct_dst_sport_ltm|is_sm_ips_ports,ksf-v4-idsplit::
classical_ext,svc,4,rbf_gscale_x0.1__svc__d4,rbf_gscale_x0.1,ood_test,train_cv,100.0,0.874909490949095,0.009948015213012695,0.916,0.9247203269772517,0.9157357473035439,0.9110169491525424,0.9522072592857957,0.9121224982436592,port_protocol_service_ablation,39,36,3,ct_src_dport_ltm|ct_dst_sport_ltm|is_sm_ips_ports,ksf-v4-idsplit::
classical_ext,svc,4,rbf_gscale_x0.3__svc__d4,rbf_gscale_x0.3,id_val,fixed_c1,1.0,,0.007004499435424805,0.884,0.8691558441558442,0.8776391959629373,0.9055374592833876,0.9573376623376623,0.9554149460764985,port_protocol_service_ablation,39,36,3,ct_src_dport_ltm|ct_dst_sport_ltm|is_sm_ips_ports,ksf-v4-idsplit::
classical_ext,svc,4,rbf_gscale_x0.3__svc__d4,rbf_gscale_x0.3,id_test,fixed_c1,1.0,,0.007004499435424805,0.904,0.8909090909090909,0.8993018259935552,0.9210526315789473,0.9568181818181819,0.9433641868119131,port_protocol_service_ablation,39,36,3,ct_src_dport_ltm|ct_dst_sport_ltm|is_sm_ips_ports,ksf-v4-idsplit::
classical_ext,svc,4,rbf_gscale_x0.3__svc__d4,rbf_gscale_x0.3,ood_test,fixed_c1,1.0,,0.007004499435424805,0.87,0.8840842845744248,0.8699869986998701,0.8686868686868687,0.8847600592727687,0.7078196789125253,port_protocol_service_ablation,39,36,3,ct_src_dport_ltm|ct_dst_sport_ltm|is_sm_ips_ports,ksf-v4-idsplit::
classical_ext,svc,4,rbf_gscale_x0.3__svc__d4,rbf_gscale_x0.3,id_val,train_cv,100.0,0.8935615561556156,0.013002634048461914,0.876,0.8688311688311688,0.8725727157631662,0.8934707903780069,0.935974025974026,0.9187057266122743,port_protocol_service_ablation,39,36,3,ct_src_dport_ltm|ct_dst_sport_ltm|is_sm_ips_ports,ksf-v4-idsplit::
classical_ext,svc,4,rbf_gscale_x0.3__svc__d4,rbf_gscale_x0.3,id_test,train_cv,100.0,0.8935615561556156,0.013002634048461914,0.896,0.8925324675324675,0.8940401669274909,0.9084507042253521,0.9441558441558442,0.9080033640053727,port_protocol_service_ablation,39,36,3,ct_src_dport_ltm|ct_dst_sport_ltm|is_sm_ips_ports,ksf-v4-idsplit::
classical_ext,svc,4,rbf_gscale_x0.3__svc__d4,rbf_gscale_x0.3,ood_test,train_cv,100.0,0.8935615561556156,0.013002634048461914,0.914,0.9229535425249549,0.9137484905985855,0.9090909090909091,0.9478106528146424,0.8912021638368783,port_protocol_service_ablation,39,36,3,ct_src_dport_ltm|ct_dst_sport_ltm|is_sm_ips_ports,ksf-v4-idsplit::
classical_ext,svc,4,rbf_gscale_x3__svc__d4,rbf_gscale_x3,id_val,fixed_c1,1.0,,0.005999565124511719,0.872,0.8642857142857143,0.8682824025289779,0.8904109589041096,0.9346103896103896,0.9069376473166253,port_protocol_service_ablation,39,36,3,ct_src_dport_ltm|ct_dst_sport_ltm|is_sm_ips_ports,ksf-v4-idsplit::
classical_ext,svc,4,rbf_gscale_x3__svc__d4,rbf_gscale_x3,id_test,fixed_c1,1.0,,0.005999565124511719,0.888,0.8834415584415585,0.8856283903012875,0.9020979020979021,0.953961038961039,0.9539304867453328,port_protocol_service_ablation,39,36,3,ct_src_dport_ltm|ct_dst_sport_ltm|is_sm_ips_ports,ksf-v4-idsplit::
classical_ext,svc,4,rbf_gscale_x3__svc__d4,rbf_gscale_x3,ood_test,fixed_c1,1.0,,0.005999565124511719,0.912,0.921186758072658,0.9117614028332611,0.9071729957805907,0.9447981631955187,0.8693667033702162,port_protocol_service_ablation,39,36,3,ct_src_dport_ltm|ct_dst_sport_ltm|is_sm_ips_ports,ksf-v4-idsplit::
classical_ext,svc,4,rbf_gscale_x3__svc__d4,rbf_gscale_x3,id_val,train_cv,100.0,0.8954716471647165,0.01800060272216797,0.892,0.886038961038961,0.8893061545778055,0.9065743944636678,0.9433766233766233,0.9484639123504488,port_protocol_service_ablation,39,36,3,ct_src_dport_ltm|ct_dst_sport_ltm|is_sm_ips_ports,ksf-v4-idsplit::
classical_ext,svc,4,rbf_gscale_x3__svc__d4,rbf_gscale_x3,id_test,train_cv,100.0,0.8954716471647165,0.01800060272216797,0.896,0.8944805194805194,0.8944805194805194,0.9071428571428571,0.948116883116883,0.9463338449916352,port_protocol_service_ablation,39,36,3,ct_src_dport_ltm|ct_dst_sport_ltm|is_sm_ips_ports,ksf-v4-idsplit::
classical_ext,svc,4,rbf_gscale_x3__svc__d4,rbf_gscale_x3,ood_test,train_cv,100.0,0.8954716471647165,0.01800060272216797,0.922,0.9278712282815782,0.92152254315254,0.9154013015184381,0.9601700021168845,0.8956635105452928,port_protocol_service_ablation,39,36,3,ct_src_dport_ltm|ct_dst_sport_ltm|is_sm_ips_ports,ksf-v4-idsplit::
classical_ext,svc,4,rbf_gscale_x10__svc__d4,rbf_gscale_x10,id_val,fixed_c1,1.0,,0.00800013542175293,0.876,0.8707792207792208,0.8732230783072419,0.89198606271777,0.9201948051948052,0.8961732067487864,port_protocol_service_ablation,39,36,3,ct_src_dport_ltm|ct_dst_sport_ltm|is_sm_ips_ports,ksf-v4-idsplit::
classical_ext,svc,4,rbf_gscale_x10__svc__d4,rbf_gscale_x10,id_test,fixed_c1,1.0,,0.00800013542175293,0.892,0.888961038961039,0.8900848382211656,0.9045936395759717,0.9522077922077923,0.9610485824479611,port_protocol_service_ablation,39,36,3,ct_src_dport_ltm|ct_dst_sport_ltm|is_sm_ips_ports,ksf-v4-idsplit::
classical_ext,svc,4,rbf_gscale_x10__svc__d4,rbf_gscale_x10,ood_test,fixed_c1,1.0,,0.00800013542175293,0.916,0.9247203269772517,0.9157357473035439,0.9110169491525424,0.9575646056895344,0.9122860857156281,port_protocol_service_ablation,39,36,3,ct_src_dport_ltm|ct_dst_sport_ltm|is_sm_ips_ports,ksf-v4-idsplit::
classical_ext,svc,4,rbf_gscale_x10__svc__d4,rbf_gscale_x10,id_val,train_cv,100.0,0.8911007100710071,0.03397965431213379,0.868,0.8685064935064934,0.8666666666666667,0.88,0.9391558441558442,0.9407082575826498,port_protocol_service_ablation,39,36,3,ct_src_dport_ltm|ct_dst_sport_ltm|is_sm_ips_ports,ksf-v4-idsplit::
classical_ext,svc,4,rbf_gscale_x10__svc__d4,rbf_gscale_x10,id_test,train_cv,100.0,0.8911007100710071,0.03397965431213379,0.896,0.8983766233766234,0.895188338493292,0.9044117647058824,0.956038961038961,0.9399817057729233,port_protocol_service_ablation,39,36,3,ct_src_dport_ltm|ct_dst_sport_ltm|is_sm_ips_ports,ksf-v4-idsplit::
classical_ext,svc,4,rbf_gscale_x10__svc__d4,rbf_gscale_x10,ood_test,train_cv,100.0,0.8911007100710071,0.03397965431213379,0.934,0.9352477569165134,0.9331309700872539,0.9255079006772009,0.9688655126931657,0.9538278566475542,port_protocol_service_ablation,39,36,3,ct_src_dport_ltm|ct_dst_sport_ltm|is_sm_ips_ports,ksf-v4-idsplit::
classical_ext,svc,4,laplacian_med_x0.1__svc__d4,laplacian_med_x0.1,id_val,fixed_c1,1.0,,0.008273601531982422,0.88,0.8782467532467533,0.8782467532467533,0.8928571428571429,0.9377272727272727,0.9192027874853836,port_protocol_service_ablation,39,36,3,ct_src_dport_ltm|ct_dst_sport_ltm|is_sm_ips_ports,ksf-v4-idsplit::
classical_ext,svc,4,laplacian_med_x0.1__svc__d4,laplacian_med_x0.1,id_test,fixed_c1,1.0,,0.008273601531982422,0.888,0.8883116883116883,0.8867753623188406,0.8985507246376812,0.9666233766233766,0.9760448173962598,port_protocol_service_ablation,39,36,3,ct_src_dport_ltm|ct_dst_sport_ltm|is_sm_ips_ports,ksf-v4-idsplit::
classical_ext,svc,4,laplacian_med_x0.1__svc__d4,laplacian_med_x0.1,ood_test,fixed_c1,1.0,,0.008273601531982422,0.922,0.9284085912947192,0.9215705201684423,0.9157667386609071,0.9693051733402811,0.9526872905227711,port_protocol_service_ablation,39,36,3,ct_src_dport_ltm|ct_dst_sport_ltm|is_sm_ips_ports,ksf-v4-idsplit::
classical_ext,svc,4,laplacian_med_x0.1__svc__d4,laplacian_med_x0.1,id_val,train_cv,100.0,0.8931409140914092,0.013254404067993164,0.884,0.8798701298701299,0.8816809465524276,0.8982456140350877,0.9342207792207792,0.9317195200795085,port_protocol_service_ablation,39,36,3,ct_src_dport_ltm|ct_dst_sport_ltm|is_sm_ips_ports,ksf-v4-idsplit::
classical_ext,svc,4,laplacian_med_x0.1__svc__d4,laplacian_med_x0.1,id_test,train_cv,100.0,0.8931409140914092,0.013254404067993164,0.888,0.8883116883116883,0.8867753623188406,0.8985507246376812,0.952922077922078,0.9611917779595504,port_protocol_service_ablation,39,36,3,ct_src_dport_ltm|ct_dst_sport_ltm|is_sm_ips_ports,ksf-v4-idsplit::
classical_ext,svc,4,laplacian_med_x0.1__svc__d4,laplacian_med_x0.1,ood_test,train_cv,100.0,0.8931409140914092,0.013254404067993164,0.91,0.9092100763706827,0.9085481097910426,0.897025171624714,0.9659995766230806,0.942986758467551,port_protocol_service_ablation,39,36,3,ct_src_dport_ltm|ct_dst_sport_ltm|is_sm_ips_ports,ksf-v4-idsplit::
classical_ext,svc,4,laplacian_med_x0.3__svc__d4,laplacian_med_x0.3,id_val,fixed_c1,1.0,,0.00699925422668457,0.868,0.8655844155844156,0.865938673036611,0.8825622775800712,0.9321428571428572,0.9116548773838343,port_protocol_service_ablation,39,36,3,ct_src_dport_ltm|ct_dst_sport_ltm|is_sm_ips_ports,ksf-v4-idsplit::
classical_ext,svc,4,laplacian_med_x0.3__svc__d4,laplacian_med_x0.3,id_test,fixed_c1,1.0,,0.00699925422668457,0.896,0.8935064935064935,0.8942676816969224,0.9078014184397163,0.9663636363636363,0.9760891419352853,port_protocol_service_ablation,39,36,3,ct_src_dport_ltm|ct_dst_sport_ltm|is_sm_ips_ports,ksf-v4-idsplit::
classical_ext,svc,4,laplacian_med_x0.3__svc__d4,laplacian_med_x0.3,ood_test,fixed_c1,1.0,,0.00699925422668457,0.912,0.921186758072658,0.9117614028332611,0.9071729957805907,0.9698262526257511,0.9549451467638619,port_protocol_service_ablation,39,36,3,ct_src_dport_ltm|ct_dst_sport_ltm|is_sm_ips_ports,ksf-v4-idsplit::
classical_ext,svc,4,laplacian_med_x0.3__svc__d4,laplacian_med_x0.3,id_val,train_cv,10.0,0.8922609260926093,0.00700068473815918,0.864,0.8600649350649351,0.8614371413667188,0.8802816901408451,0.9246753246753248,0.8892545318602925,port_protocol_service_ablation,39,36,3,ct_src_dport_ltm|ct_dst_sport_ltm|is_sm_ips_ports,ksf-v4-idsplit::
classical_ext,svc,4,laplacian_med_x0.3__svc__d4,laplacian_med_x0.3,id_test,train_cv,10.0,0.8922609260926093,0.00700068473815918,0.888,0.8883116883116883,0.8867753623188406,0.8985507246376812,0.9683766233766233,0.9756690226853162,port_protocol_service_ablation,39,36,3,ct_src_dport_ltm|ct_dst_sport_ltm|is_sm_ips_ports,ksf-v4-idsplit::
classical_ext,svc,4,laplacian_med_x0.3__svc__d4,laplacian_med_x0.3,ood_test,train_cv,10.0,0.8922609260926093,0.00700068473815918,0.9,0.9025256061617626,0.898989898989899,0.8888888888888888,0.9685561218674179,0.950816429626996,port_protocol_service_ablation,39,36,3,ct_src_dport_ltm|ct_dst_sport_ltm|is_sm_ips_ports,ksf-v4-idsplit::
classical_ext,svc,4,laplacian_med_x3__svc__d4,laplacian_med_x3,id_val,fixed_c1,1.0,,0.005000591278076172,0.884,0.8691558441558442,0.8776391959629373,0.9055374592833876,0.9447402597402598,0.9390054194839828,port_protocol_service_ablation,39,36,3,ct_src_dport_ltm|ct_dst_sport_ltm|is_sm_ips_ports,ksf-v4-idsplit::
classical_ext,svc,4,laplacian_med_x3__svc__d4,laplacian_med_x3,id_test,fixed_c1,1.0,,0.005000591278076172,0.904,0.8909090909090909,0.8993018259935552,0.9210526315789473,0.9529870129870129,0.9454229761848008,port_protocol_service_ablation,39,36,3,ct_src_dport_ltm|ct_dst_sport_ltm|is_sm_ips_ports,ksf-v4-idsplit::
classical_ext,svc,4,laplacian_med_x3__svc__d4,laplacian_med_x3,ood_test,fixed_c1,1.0,,0.005000591278076172,0.9,0.9100486883457362,0.899806024463361,0.895397489539749,0.9217404048134699,0.7890262897455248,port_protocol_service_ablation,39,36,3,ct_src_dport_ltm|ct_dst_sport_ltm|is_sm_ips_ports,ksf-v4-idsplit::
classical_ext,svc,4,laplacian_med_x3__svc__d4,laplacian_med_x3,id_val,train_cv,100.0,0.8952613261326133,0.008052349090576172,0.88,0.8762987012987014,0.8777386541471048,0.8943661971830986,0.9255194805194804,0.891150178640242,port_protocol_service_ablation,39,36,3,ct_src_dport_ltm|ct_dst_sport_ltm|is_sm_ips_ports,ksf-v4-idsplit::
classical_ext,svc,4,laplacian_med_x3__svc__d4,laplacian_med_x3,id_test,train_cv,100.0,0.8952613261326133,0.008052349090576172,0.888,0.8883116883116883,0.8867753623188406,0.8985507246376812,0.9662987012987012,0.9700356576937649,port_protocol_service_ablation,39,36,3,ct_src_dport_ltm|ct_dst_sport_ltm|is_sm_ips_ports,ksf-v4-idsplit::
classical_ext,svc,4,laplacian_med_x3__svc__d4,laplacian_med_x3,ood_test,train_cv,100.0,0.8952613261326133,0.008052349090576172,0.906,0.9089006855449349,0.90508846966264,0.8957871396895787,0.9512139518978685,0.8916158098569031,port_protocol_service_ablation,39,36,3,ct_src_dport_ltm|ct_dst_sport_ltm|is_sm_ips_ports,ksf-v4-idsplit::
classical_ext,svc,4,laplacian_med_x10__svc__d4,laplacian_med_x10,id_val,fixed_c1,1.0,,0.005766153335571289,0.884,0.8691558441558442,0.8776391959629373,0.9055374592833876,0.9425974025974025,0.92978888101373,port_protocol_service_ablation,39,36,3,ct_src_dport_ltm|ct_dst_sport_ltm|is_sm_ips_ports,ksf-v4-idsplit::
classical_ext,svc,4,laplacian_med_x10__svc__d4,laplacian_med_x10,id_test,fixed_c1,1.0,,0.005766153335571289,0.904,0.8909090909090909,0.8993018259935552,0.9210526315789473,0.9505194805194805,0.9361361736227551,port_protocol_service_ablation,39,36,3,ct_src_dport_ltm|ct_dst_sport_ltm|is_sm_ips_ports,ksf-v4-idsplit::
classical_ext,svc,4,laplacian_med_x10__svc__d4,laplacian_med_x10,ood_test,fixed_c1,1.0,,0.005766153335571289,0.852,0.8649590464249076,0.8519621022981884,0.8495934959349594,0.8726938170686034,0.7143246630236442,port_protocol_service_ablation,39,36,3,ct_src_dport_ltm|ct_dst_sport_ltm|is_sm_ips_ports,ksf-v4-idsplit::
classical_ext,svc,4,laplacian_med_x10__svc__d4,laplacian_med_x10,id_val,train_cv,100.0,0.8892308230823083,0.006515979766845703,0.868,0.8665584415584415,0.8661995815696005,0.8817204301075269,0.9231818181818182,0.8961389162796194,port_protocol_service_ablation,39,36,3,ct_src_dport_ltm|ct_dst_sport_ltm|is_sm_ips_ports,ksf-v4-idsplit::
classical_ext,svc,4,laplacian_med_x10__svc__d4,laplacian_med_x10,id_test,train_cv,100.0,0.8892308230823083,0.006515979766845703,0.888,0.8883116883116883,0.8867753623188406,0.8985507246376812,0.9643506493506494,0.9714713840743215,port_protocol_service_ablation,39,36,3,ct_src_dport_ltm|ct_dst_sport_ltm|is_sm_ips_ports,ksf-v4-idsplit::
classical_ext,svc,4,laplacian_med_x10__svc__d4,laplacian_med_x10,ood_test,train_cv,100.0,0.8892308230823083,0.006515979766845703,0.922,0.9284085912947192,0.9215705201684423,0.9157667386609071,0.9418833759424208,0.8812237088285895,port_protocol_service_ablation,39,36,3,ct_src_dport_ltm|ct_dst_sport_ltm|is_sm_ips_ports,ksf-v4-idsplit::
classical_ext,svc,4,matern15_med_x0.1__svc__d4,matern15_med_x0.1,id_val,fixed_c1,1.0,,0.007004737854003906,0.876,0.8746753246753247,0.8743086978381096,0.8888888888888888,0.9348701298701299,0.9139664078358565,port_protocol_service_ablation,39,36,3,ct_src_dport_ltm|ct_dst_sport_ltm|is_sm_ips_ports,ksf-v4-idsplit::
classical_ext,svc,4,matern15_med_x0.1__svc__d4,matern15_med_x0.1,id_test,fixed_c1,1.0,,0.007004737854003906,0.888,0.8883116883116883,0.8867753623188406,0.8985507246376812,0.9647402597402598,0.9751364081522763,port_protocol_service_ablation,39,36,3,ct_src_dport_ltm|ct_dst_sport_ltm|is_sm_ips_ports,ksf-v4-idsplit::
classical_ext,svc,4,matern15_med_x0.1__svc__d4,matern15_med_x0.1,ood_test,fixed_c1,1.0,,0.007004737854003906,0.912,0.920112032046376,0.911682055399438,0.9063829787234042,0.9740600218201951,0.965664276786228,port_protocol_service_ablation,39,36,3,ct_src_dport_ltm|ct_dst_sport_ltm|is_sm_ips_ports,ksf-v4-idsplit::
classical_ext,svc,4,matern15_med_x0.1__svc__d4,matern15_med_x0.1,id_val,train_cv,1.0,0.8963114311431143,0.006295919418334961,0.876,0.8746753246753247,0.8743086978381096,0.8888888888888888,0.9348701298701299,0.9139664078358565,port_protocol_service_ablation,39,36,3,ct_src_dport_ltm|ct_dst_sport_ltm|is_sm_ips_ports,ksf-v4-idsplit::
classical_ext,svc,4,matern15_med_x0.1__svc__d4,matern15_med_x0.1,id_test,train_cv,1.0,0.8963114311431143,0.006295919418334961,0.888,0.8883116883116883,0.8867753623188406,0.8985507246376812,0.9647402597402598,0.9751364081522763,port_protocol_service_ablation,39,36,3,ct_src_dport_ltm|ct_dst_sport_ltm|is_sm_ips_ports,ksf-v4-idsplit::
classical_ext,svc,4,matern15_med_x0.1__svc__d4,matern15_med_x0.1,ood_test,train_cv,1.0,0.8963114311431143,0.006295919418334961,0.912,0.920112032046376,0.911682055399438,0.9063829787234042,0.9740600218201951,0.965664276786228,port_protocol_service_ablation,39,36,3,ct_src_dport_ltm|ct_dst_sport_ltm|is_sm_ips_ports,ksf-v4-idsplit::
classical_ext,svc,4,matern15_med_x0.3__svc__d4,matern15_med_x0.3,id_val,fixed_c1,1.0,,0.005999326705932617,0.872,0.8662337662337662,0.8689727463312369,0.8888888888888888,0.9227922077922078,0.8990572688331789,port_protocol_service_ablation,39,36,3,ct_src_dport_ltm|ct_dst_sport_ltm|is_sm_ips_ports,ksf-v4-idsplit::
classical_ext,svc,4,matern15_med_x0.3__svc__d4,matern15_med_x0.3,id_test,fixed_c1,1.0,,0.005999326705932617,0.892,0.8879870129870129,0.8898408812729499,0.9052631578947369,0.9575324675324676,0.9678484181038347,port_protocol_service_ablation,39,36,3,ct_src_dport_ltm|ct_dst_sport_ltm|is_sm_ips_ports,ksf-v4-idsplit::
classical_ext,svc,4,matern15_med_x0.3__svc__d4,matern15_med_x0.3,ood_test,fixed_c1,1.0,,0.005999326705932617,0.912,0.921186758072658,0.9117614028332611,0.9071729957805907,0.9655924834313071,0.9378844569926403,port_protocol_service_ablation,39,36,3,ct_src_dport_ltm|ct_dst_sport_ltm|is_sm_ips_ports,ksf-v4-idsplit::
classical_ext,svc,4,matern15_med_x0.3__svc__d4,matern15_med_x0.3,id_val,train_cv,100.0,0.8962512251225123,0.010999679565429688,0.884,0.8827922077922078,0.8824178141066187,0.8960573476702509,0.95,0.9489258071696337,port_protocol_service_ablation,39,36,3,ct_src_dport_ltm|ct_dst_sport_ltm|is_sm_ips_ports,ksf-v4-idsplit::
classical_ext,svc,4,matern15_med_x0.3__svc__d4,matern15_med_x0.3,id_test,train_cv,100.0,0.8962512251225123,0.010999679565429688,0.896,0.8974025974025974,0.8950326206317422,0.9051094890510949,0.9608441558441558,0.9444997664951892,port_protocol_service_ablation,39,36,3,ct_src_dport_ltm|ct_dst_sport_ltm|is_sm_ips_ports,ksf-v4-idsplit::
classical_ext,svc,4,matern15_med_x0.3__svc__d4,matern15_med_x0.3,ood_test,train_cv,100.0,0.8962512251225123,0.010999679565429688,0.916,0.917734607806419,0.9150086610221625,0.905829596412556,0.9705427366432724,0.9559739915909898,port_protocol_service_ablation,39,36,3,ct_src_dport_ltm|ct_dst_sport_ltm|is_sm_ips_ports,ksf-v4-idsplit::
classical_ext,svc,4,matern15_med_x3__svc__d4,matern15_med_x3,id_val,fixed_c1,1.0,,0.005998373031616211,0.884,0.8691558441558442,0.8776391959629373,0.9055374592833876,0.9341558441558442,0.9298151731169392,port_protocol_service_ablation,39,36,3,ct_src_dport_ltm|ct_dst_sport_ltm|is_sm_ips_ports,ksf-v4-idsplit::
classical_ext,svc,4,matern15_med_x3__svc__d4,matern15_med_x3,id_test,fixed_c1,1.0,,0.005998373031616211,0.9,0.8863636363636364,0.8949138293400589,0.9180327868852459,0.9522727272727272,0.9344097422610078,port_protocol_service_ablation,39,36,3,ct_src_dport_ltm|ct_dst_sport_ltm|is_sm_ips_ports,ksf-v4-idsplit::
classical_ext,svc,4,matern15_med_x3__svc__d4,matern15_med_x3,ood_test,fixed_c1,1.0,,0.005998373031616211,0.854,0.8667258308772045,0.8539526806685366,0.8513238289205702,0.8364950904561073,0.6522489531507664,port_protocol_service_ablation,39,36,3,ct_src_dport_ltm|ct_dst_sport_ltm|is_sm_ips_ports,ksf-v4-idsplit::
classical_ext,svc,4,matern15_med_x3__svc__d4,matern15_med_x3,id_val,train_cv,100.0,0.8905712571257126,0.008552312850952148,0.876,0.8678571428571429,0.8722197490560749,0.89419795221843,0.9323376623376622,0.9057784276894705,port_protocol_service_ablation,39,36,3,ct_src_dport_ltm|ct_dst_sport_ltm|is_sm_ips_ports,ksf-v4-idsplit::
classical_ext,svc,4,matern15_med_x3__svc__d4,matern15_med_x3,id_test,train_cv,100.0,0.8905712571257126,0.008552312850952148,0.896,0.8925324675324675,0.8940401669274909,0.9084507042253521,0.9467532467532467,0.9235661535767296,port_protocol_service_ablation,39,36,3,ct_src_dport_ltm|ct_dst_sport_ltm|is_sm_ips_ports,ksf-v4-idsplit::
classical_ext,svc,4,matern15_med_x3__svc__d4,matern15_med_x3,ood_test,train_cv,100.0,0.8905712571257126,0.008552312850952148,0.914,0.9229535425249549,0.9137484905985855,0.9090909090909091,0.9500903746885738,0.9014607808818094,port_protocol_service_ablation,39,36,3,ct_src_dport_ltm|ct_dst_sport_ltm|is_sm_ips_ports,ksf-v4-idsplit::
classical_ext,svc,4,matern15_med_x10__svc__d4,matern15_med_x10,id_val,fixed_c1,1.0,,0.00799560546875,0.872,0.8623376623376624,0.8675145733969263,0.8918918918918919,0.9517532467532468,0.9566031204755272,port_protocol_service_ablation,39,36,3,ct_src_dport_ltm|ct_dst_sport_ltm|is_sm_ips_ports,ksf-v4-idsplit::
classical_ext,svc,4,matern15_med_x10__svc__d4,matern15_med_x10,id_test,fixed_c1,1.0,,0.00799560546875,0.888,0.8795454545454545,0.8844197873324087,0.9047619047619048,0.9556493506493506,0.9559204813905473,port_protocol_service_ablation,39,36,3,ct_src_dport_ltm|ct_dst_sport_ltm|is_sm_ips_ports,ksf-v4-idsplit::
classical_ext,svc,4,matern15_med_x10__svc__d4,matern15_med_x10,ood_test,fixed_c1,1.0,,0.00799560546875,0.688,0.675481591245868,0.6770667726550079,0.6176470588235294,0.8135838856230969,0.6224661250522754,port_protocol_service_ablation,39,36,3,ct_src_dport_ltm|ct_dst_sport_ltm|is_sm_ips_ports,ksf-v4-idsplit::
classical_ext,svc,4,matern15_med_x10__svc__d4,matern15_med_x10,id_val,train_cv,100.0,0.8641384138413841,0.006914615631103516,0.884,0.8691558441558442,0.8776391959629373,0.9055374592833876,0.9545454545454546,0.9540252880867449,port_protocol_service_ablation,39,36,3,ct_src_dport_ltm|ct_dst_sport_ltm|is_sm_ips_ports,ksf-v4-idsplit::
classical_ext,svc,4,matern15_med_x10__svc__d4,matern15_med_x10,id_test,train_cv,100.0,0.8641384138413841,0.006914615631103516,0.904,0.8909090909090909,0.8993018259935552,0.9210526315789473,0.9596103896103896,0.9390432716606345,port_protocol_service_ablation,39,36,3,ct_src_dport_ltm|ct_dst_sport_ltm|is_sm_ips_ports,ksf-v4-idsplit::
classical_ext,svc,4,matern15_med_x10__svc__d4,matern15_med_x10,ood_test,train_cv,100.0,0.8641384138413841,0.006914615631103516,0.87,0.8840842845744248,0.8699869986998701,0.8686868686868687,0.8770904235397567,0.7077826368013778,port_protocol_service_ablation,39,36,3,ct_src_dport_ltm|ct_dst_sport_ltm|is_sm_ips_ports,ksf-v4-idsplit::
classical_ext,svc,4,matern25_med_x0.1__svc__d4,matern25_med_x0.1,id_val,fixed_c1,1.0,,0.007436037063598633,0.868,0.8665584415584415,0.8661995815696005,0.8817204301075269,0.9290909090909091,0.911458066732783,port_protocol_service_ablation,39,36,3,ct_src_dport_ltm|ct_dst_sport_ltm|is_sm_ips_ports,ksf-v4-idsplit::
classical_ext,svc,4,matern25_med_x0.1__svc__d4,matern25_med_x0.1,id_test,fixed_c1,1.0,,0.007436037063598633,0.892,0.8918831168831169,0.8907254213142088,0.9025270758122743,0.9642857142857143,0.9747437012385946,port_protocol_service_ablation,39,36,3,ct_src_dport_ltm|ct_dst_sport_ltm|is_sm_ips_ports,ksf-v4-idsplit::
classical_ext,svc,4,matern25_med_x0.1__svc__d4,matern25_med_x0.1,ood_test,fixed_c1,1.0,,0.007436037063598633,0.914,0.9224161795118138,0.9137097194963859,0.9087048832271762,0.9720734070443406,0.9596936068295298,port_protocol_service_ablation,39,36,3,ct_src_dport_ltm|ct_dst_sport_ltm|is_sm_ips_ports,ksf-v4-idsplit::
classical_ext,svc,4,matern25_med_x0.1__svc__d4,matern25_med_x0.1,id_val,train_cv,10.0,0.8972312231223121,0.010000228881835938,0.872,0.8711038961038962,0.8703739710933955,0.8848920863309353,0.9393506493506494,0.9350553835762664,port_protocol_service_ablation,39,36,3,ct_src_dport_ltm|ct_dst_sport_ltm|is_sm_ips_ports,ksf-v4-idsplit::
classical_ext,svc,4,matern25_med_x0.1__svc__d4,matern25_med_x0.1,id_test,train_cv,10.0,0.8972312231223121,0.010000228881835938,0.892,0.8938311688311689,0.8910780849106841,0.9010989010989011,0.9412987012987013,0.9397125370305024,port_protocol_service_ablation,39,36,3,ct_src_dport_ltm|ct_dst_sport_ltm|is_sm_ips_ports,ksf-v4-idsplit::
classical_ext,svc,4,matern25_med_x0.1__svc__d4,matern25_med_x0.1,ood_test,train_cv,10.0,0.8972312231223121,0.010000228881835938,0.924,0.9258764716418884,0.923103074258147,0.9147982062780269,0.9611795932324827,0.9483243898989746,port_protocol_service_ablation,39,36,3,ct_src_dport_ltm|ct_dst_sport_ltm|is_sm_ips_ports,ksf-v4-idsplit::
classical_ext,svc,4,matern25_med_x0.3__svc__d4,matern25_med_x0.3,id_val,fixed_c1,1.0,,0.006998300552368164,0.872,0.8662337662337662,0.8689727463312369,0.8888888888888888,0.9263636363636364,0.8964392580156542,port_protocol_service_ablation,39,36,3,ct_src_dport_ltm|ct_dst_sport_ltm|is_sm_ips_ports,ksf-v4-idsplit::
classical_ext,svc,4,matern25_med_x0.3__svc__d4,matern25_med_x0.3,id_test,fixed_c1,1.0,,0.006998300552368164,0.896,0.8925324675324675,0.8940401669274909,0.9084507042253521,0.9527922077922079,0.960025630046204,port_protocol_service_ablation,39,36,3,ct_src_dport_ltm|ct_dst_sport_ltm|is_sm_ips_ports,ksf-v4-idsplit::
classical_ext,svc,4,matern25_med_x0.3__svc__d4,matern25_med_x0.3,ood_test,fixed_c1,1.0,,0.006998300552368164,0.912,0.921186758072658,0.9117614028332611,0.9071729957805907,0.9529888782140008,0.892908853927961,port_protocol_service_ablation,39,36,3,ct_src_dport_ltm|ct_dst_sport_ltm|is_sm_ips_ports,ksf-v4-idsplit::
classical_ext,svc,4,matern25_med_x0.3__svc__d4,matern25_med_x0.3,id_val,train_cv,100.0,0.9001615161516151,0.01589059829711914,0.872,0.8711038961038962,0.8703739710933955,0.8848920863309353,0.945909090909091,0.9507917215114816,port_protocol_service_ablation,39,36,3,ct_src_dport_ltm|ct_dst_sport_ltm|is_sm_ips_ports,ksf-v4-idsplit::
classical_ext,svc,4,matern25_med_x0.3__svc__d4,matern25_med_x0.3,id_test,train_cv,100.0,0.9001615161516151,0.01589059829711914,0.892,0.8948051948051948,0.8912325367795162,0.9003690036900369,0.959935064935065,0.9396198751225544,port_protocol_service_ablation,39,36,3,ct_src_dport_ltm|ct_dst_sport_ltm|is_sm_ips_ports,ksf-v4-idsplit::
classical_ext,svc,4,matern25_med_x0.3__svc__d4,matern25_med_x0.3,ood_test,train_cv,100.0,0.9001615161516151,0.01589059829711914,0.926,0.928717982120467,0.9252220097898536,0.9175946547884187,0.964859715686115,0.9381768472049541,port_protocol_service_ablation,39,36,3,ct_src_dport_ltm|ct_dst_sport_ltm|is_sm_ips_ports,ksf-v4-idsplit::
classical_ext,svc,4,matern25_med_x3__svc__d4,matern25_med_x3,id_val,fixed_c1,1.0,,0.007021188735961914,0.864,0.8512987012987013,0.8578500234129374,0.8874172185430463,0.9124675324675324,0.8913431692231581,port_protocol_service_ablation,39,36,3,ct_src_dport_ltm|ct_dst_sport_ltm|is_sm_ips_ports,ksf-v4-idsplit::
classical_ext,svc,4,matern25_med_x3__svc__d4,matern25_med_x3,id_test,fixed_c1,1.0,,0.007021188735961914,0.896,0.8837662337662338,0.8912970767275403,0.9139072847682119,0.9281818181818182,0.9070959314766591,port_protocol_service_ablation,39,36,3,ct_src_dport_ltm|ct_dst_sport_ltm|is_sm_ips_ports,ksf-v4-idsplit::
classical_ext,svc,4,matern25_med_x3__svc__d4,matern25_med_x3,ood_test,fixed_c1,1.0,,0.007021188735961914,0.758,0.7561267525361905,0.7548135569865978,0.7268623024830699,0.7883603914608133,0.5796743631326338,port_protocol_service_ablation,39,36,3,ct_src_dport_ltm|ct_dst_sport_ltm|is_sm_ips_ports,ksf-v4-idsplit::
classical_ext,svc,4,matern25_med_x3__svc__d4,matern25_med_x3,id_val,train_cv,100.0,0.872959195919592,0.009089231491088867,0.876,0.862987012987013,0.8701646814427635,0.8976897689768977,0.94512987012987,0.9414941364869323,port_protocol_service_ablation,39,36,3,ct_src_dport_ltm|ct_dst_sport_ltm|is_sm_ips_ports,ksf-v4-idsplit::
classical_ext,svc,4,matern25_med_x3__svc__d4,matern25_med_x3,id_test,train_cv,100.0,0.872959195919592,0.009089231491088867,0.9,0.8922077922077922,0.8969514105290927,0.9146757679180887,0.9462987012987014,0.906894874620453,port_protocol_service_ablation,39,36,3,ct_src_dport_ltm|ct_dst_sport_ltm|is_sm_ips_ports,ksf-v4-idsplit::
classical_ext,svc,4,matern25_med_x3__svc__d4,matern25_med_x3,ood_test,train_cv,100.0,0.872959195919592,0.009089231491088867,0.916,0.9247203269772517,0.9157357473035439,0.9110169491525424,0.9401247333539593,0.8870771475372109,port_protocol_service_ablation,39,36,3,ct_src_dport_ltm|ct_dst_sport_ltm|is_sm_ips_ports,ksf-v4-idsplit::
classical_ext,svc,4,matern25_med_x10__svc__d4,matern25_med_x10,id_val,fixed_c1,1.0,,0.007996797561645508,0.772,0.7496753246753247,0.7531997436741198,0.8213166144200627,0.9392207792207792,0.9517619778472539,port_protocol_service_ablation,39,36,3,ct_src_dport_ltm|ct_dst_sport_ltm|is_sm_ips_ports,ksf-v4-idsplit::
classical_ext,svc,4,matern25_med_x10__svc__d4,matern25_med_x10,id_test,fixed_c1,1.0,,0.007996797561645508,0.792,0.7753246753246753,0.780167748917749,0.8311688311688312,0.9432467532467532,0.9559548568240395,port_protocol_service_ablation,39,36,3,ct_src_dport_ltm|ct_dst_sport_ltm|is_sm_ips_ports,ksf-v4-idsplit::
classical_ext,svc,4,matern25_med_x10__svc__d4,matern25_med_x10,ood_test,fixed_c1,1.0,,0.007996797561645508,0.684,0.6719480223412744,0.673418768085986,0.6146341463414634,0.724707299995115,0.5786113910222037,port_protocol_service_ablation,39,36,3,ct_src_dport_ltm|ct_dst_sport_ltm|is_sm_ips_ports,ksf-v4-idsplit::
classical_ext,svc,4,matern25_med_x10__svc__d4,matern25_med_x10,id_val,train_cv,100.0,0.8467070707070707,0.006645679473876953,0.88,0.8694805194805195,0.8754070037876271,0.8993288590604027,0.9216883116883117,0.8993254376529406,port_protocol_service_ablation,39,36,3,ct_src_dport_ltm|ct_dst_sport_ltm|is_sm_ips_ports,ksf-v4-idsplit::
classical_ext,svc,4,matern25_med_x10__svc__d4,matern25_med_x10,id_test,train_cv,100.0,0.8467070707070707,0.006645679473876953,0.904,0.8957792207792208,0.9009312462849217,0.9183673469387755,0.9433116883116883,0.9175858550794974,port_protocol_service_ablation,39,36,3,ct_src_dport_ltm|ct_dst_sport_ltm|is_sm_ips_ports,ksf-v4-idsplit::
classical_ext,svc,4,matern25_med_x10__svc__d4,matern25_med_x10,ood_test,train_cv,100.0,0.8467070707070707,0.006645679473876953,0.772,0.772255784794255,0.7696969696969698,0.7466666666666667,0.8370975883799319,0.6646049683085016,port_protocol_service_ablation,39,36,3,ct_src_dport_ltm|ct_dst_sport_ltm|is_sm_ips_ports,ksf-v4-idsplit::
quantum,svc,4,zz_r1_full__as0.5__svc__d4,zz_r1_full__as0.5,id_val,fixed_c1,1.0,,0.00859832763671875,0.88,0.8743506493506493,0.8771619496855346,0.8958333333333334,0.9307142857142857,0.9404578000533358,port_protocol_service_ablation,39,36,3,ct_src_dport_ltm|ct_dst_sport_ltm|is_sm_ips_ports,ksf-v4-idsplit::
quantum,svc,4,zz_r1_full__as0.5__svc__d4,zz_r1_full__as0.5,id_test,fixed_c1,1.0,,0.00859832763671875,0.892,0.8899350649350649,0.8903134597572271,0.9039145907473309,0.9567532467532468,0.9649084572233292,port_protocol_service_ablation,39,36,3,ct_src_dport_ltm|ct_dst_sport_ltm|is_sm_ips_ports,ksf-v4-idsplit::
quantum,svc,4,zz_r1_full__as0.5__svc__d4,zz_r1_full__as0.5,ood_test,fixed_c1,1.0,,0.00859832763671875,0.914,0.9229535425249549,0.9137484905985855,0.9090909090909091,0.9481363273680611,0.9047892591324288,port_protocol_service_ablation,39,36,3,ct_src_dport_ltm|ct_dst_sport_ltm|is_sm_ips_ports,ksf-v4-idsplit::
quantum,svc,4,zz_r1_full__as0.5__svc__d4,zz_r1_full__as0.5,id_val,train_cv,1.0,0.9014817481748174,0.006002664566040039,0.88,0.8743506493506493,0.8771619496855346,0.8958333333333334,0.9307142857142857,0.9404578000533358,port_protocol_service_ablation,39,36,3,ct_src_dport_ltm|ct_dst_sport_ltm|is_sm_ips_ports,ksf-v4-idsplit::
quantum,svc,4,zz_r1_full__as0.5__svc__d4,zz_r1_full__as0.5,id_test,train_cv,1.0,0.9014817481748174,0.006002664566040039,0.892,0.8899350649350649,0.8903134597572271,0.9039145907473309,0.9567532467532468,0.9649084572233292,port_protocol_service_ablation,39,36,3,ct_src_dport_ltm|ct_dst_sport_ltm|is_sm_ips_ports,ksf-v4-idsplit::
quantum,svc,4,zz_r1_full__as0.5__svc__d4,zz_r1_full__as0.5,ood_test,train_cv,1.0,0.9014817481748174,0.006002664566040039,0.914,0.9229535425249549,0.9137484905985855,0.9090909090909091,0.9481363273680611,0.9047892591324288,port_protocol_service_ablation,39,36,3,ct_src_dport_ltm|ct_dst_sport_ltm|is_sm_ips_ports,ksf-v4-idsplit::
quantum,svc,4,zz_r2_full__as0.5__svc__d4,zz_r2_full__as0.5,id_val,fixed_c1,1.0,,0.008000373840332031,0.868,0.8655844155844156,0.865938673036611,0.8825622775800712,0.9062337662337662,0.8751481412488467,port_protocol_service_ablation,39,36,3,ct_src_dport_ltm|ct_dst_sport_ltm|is_sm_ips_ports,ksf-v4-idsplit::
quantum,svc,4,zz_r2_full__as0.5__svc__d4,zz_r2_full__as0.5,id_test,fixed_c1,1.0,,0.008000373840332031,0.896,0.8954545454545455,0.8946788515133839,0.9064748201438849,0.9485064935064934,0.9483238273820924,port_protocol_service_ablation,39,36,3,ct_src_dport_ltm|ct_dst_sport_ltm|is_sm_ips_ports,ksf-v4-idsplit::
quantum,svc,4,zz_r2_full__as0.5__svc__d4,zz_r2_full__as0.5,ood_test,fixed_c1,1.0,,0.008000373840332031,0.916,0.9247203269772517,0.9157357473035439,0.9110169491525424,0.9736040774454088,0.9493995982577118,port_protocol_service_ablation,39,36,3,ct_src_dport_ltm|ct_dst_sport_ltm|is_sm_ips_ports,ksf-v4-idsplit::
quantum,svc,4,zz_r2_full__as0.5__svc__d4,zz_r2_full__as0.5,id_val,train_cv,10.0,0.8971914191419141,0.011250734329223633,0.876,0.8756493506493506,0.8745365948422399,0.8880866425992779,0.9403896103896103,0.9454794680633496,port_protocol_service_ablation,39,36,3,ct_src_dport_ltm|ct_dst_sport_ltm|is_sm_ips_ports,ksf-v4-idsplit::
quantum,svc,4,zz_r2_full__as0.5__svc__d4,zz_r2_full__as0.5,id_test,train_cv,10.0,0.8971914191419141,0.011250734329223633,0.888,0.8902597402597403,0.887125902992776,0.8970588235294118,0.9522077922077923,0.9559949236275012,port_protocol_service_ablation,39,36,3,ct_src_dport_ltm|ct_dst_sport_ltm|is_sm_ips_ports,ksf-v4-idsplit::
quantum,svc,4,zz_r2_full__as0.5__svc__d4,zz_r2_full__as0.5,ood_test,train_cv,10.0,0.8971914191419141,0.011250734329223633,0.922,0.9273338652684373,0.9214719775772293,0.9150326797385621,0.9578577127876113,0.880330285422183,port_protocol_service_ablation,39,36,3,ct_src_dport_ltm|ct_dst_sport_ltm|is_sm_ips_ports,ksf-v4-idsplit::
quantum,svc,4,pauli_xz_r1_full__as0.5__svc__d4,pauli_xz_r1_full__as0.5,id_val,fixed_c1,1.0,,0.009199380874633789,0.884,0.8691558441558442,0.8776391959629373,0.9055374592833876,0.9428571428571428,0.9368895650255542,port_protocol_service_ablation,39,36,3,ct_src_dport_ltm|ct_dst_sport_ltm|is_sm_ips_ports,ksf-v4-idsplit::
quantum,svc,4,pauli_xz_r1_full__as0.5__svc__d4,pauli_xz_r1_full__as0.5,id_test,fixed_c1,1.0,,0.009199380874633789,0.9,0.8883116883116884,0.8956576904455834,0.9169435215946844,0.94,0.8970445483376226,port_protocol_service_ablation,39,36,3,ct_src_dport_ltm|ct_dst_sport_ltm|is_sm_ips_ports,ksf-v4-idsplit::
quantum,svc,4,pauli_xz_r1_full__as0.5__svc__d4,pauli_xz_r1_full__as0.5,ood_test,fixed_c1,1.0,,0.009199380874633789,0.912,0.921186758072658,0.9117614028332611,0.9071729957805907,0.9265929556594096,0.8570429541543018,port_protocol_service_ablation,39,36,3,ct_src_dport_ltm|ct_dst_sport_ltm|is_sm_ips_ports,ksf-v4-idsplit::
quantum,svc,4,pauli_xz_r1_full__as0.5__svc__d4,pauli_xz_r1_full__as0.5,id_val,train_cv,100.0,0.8874809480948095,0.01300048828125,0.868,0.8616883116883116,0.8647075222617623,0.8858131487889274,0.9248051948051947,0.8908992587277202,port_protocol_service_ablation,39,36,3,ct_src_dport_ltm|ct_dst_sport_ltm|is_sm_ips_ports,ksf-v4-idsplit::
quantum,svc,4,pauli_xz_r1_full__as0.5__svc__d4,pauli_xz_r1_full__as0.5,id_test,train_cv,100.0,0.8874809480948095,0.01300048828125,0.896,0.8944805194805194,0.8944805194805194,0.9071428571428571,0.933961038961039,0.8936101696590203,port_protocol_service_ablation,39,36,3,ct_src_dport_ltm|ct_dst_sport_ltm|is_sm_ips_ports,ksf-v4-idsplit::
quantum,svc,4,pauli_xz_r1_full__as0.5__svc__d4,pauli_xz_r1_full__as0.5,ood_test,train_cv,100.0,0.8874809480948095,0.01300048828125,0.908,0.9165784631417824,0.9077105803800719,0.902542372881356,0.952158408102783,0.8789224660323635,port_protocol_service_ablation,39,36,3,ct_src_dport_ltm|ct_dst_sport_ltm|is_sm_ips_ports,ksf-v4-idsplit::
quantum,svc,4,zmap_r2__as0.5__svc__d4,zmap_r2__as0.5,id_val,fixed_c1,1.0,,0.007829666137695312,0.88,0.8704545454545454,0.8757949125596185,0.8986486486486487,0.935974025974026,0.9269880405446697,port_protocol_service_ablation,39,36,3,ct_src_dport_ltm|ct_dst_sport_ltm|is_sm_ips_ports,ksf-v4-idsplit::
quantum,svc,4,zmap_r2__as0.5__svc__d4,zmap_r2__as0.5,id_test,fixed_c1,1.0,,0.007829666137695312,0.884,0.8769480519480519,0.8807938308752199,0.9003436426116839,0.9436363636363636,0.9056238469995415,port_protocol_service_ablation,39,36,3,ct_src_dport_ltm|ct_dst_sport_ltm|is_sm_ips_ports,ksf-v4-idsplit::
quantum,svc,4,zmap_r2__as0.5__svc__d4,zmap_r2__as0.5,ood_test,fixed_c1,1.0,,0.007829666137695312,0.914,0.9229535425249549,0.9137484905985855,0.9090909090909091,0.9461497125922067,0.9005330428856892,port_protocol_service_ablation,39,36,3,ct_src_dport_ltm|ct_dst_sport_ltm|is_sm_ips_ports,ksf-v4-idsplit::
quantum,svc,4,zmap_r2__as0.5__svc__d4,zmap_r2__as0.5,id_val,train_cv,10.0,0.8894411441144114,0.009006738662719727,0.868,0.8616883116883116,0.8647075222617623,0.8858131487889274,0.9266883116883117,0.8999583950069082,port_protocol_service_ablation,39,36,3,ct_src_dport_ltm|ct_dst_sport_ltm|is_sm_ips_ports,ksf-v4-idsplit::
quantum,svc,4,zmap_r2__as0.5__svc__d4,zmap_r2__as0.5,id_test,train_cv,10.0,0.8894411441144114,0.009006738662719727,0.892,0.8879870129870129,0.8898408812729499,0.9052631578947369,0.9382467532467533,0.9150605513709189,port_protocol_service_ablation,39,36,3,ct_src_dport_ltm|ct_dst_sport_ltm|is_sm_ips_ports,ksf-v4-idsplit::
quantum,svc,4,zmap_r2__as0.5__svc__d4,zmap_r2__as0.5,ood_test,train_cv,10.0,0.8894411441144114,0.009006738662719727,0.912,0.921186758072658,0.9117614028332611,0.9071729957805907,0.9452052563872921,0.8624622716086563,port_protocol_service_ablation,39,36,3,ct_src_dport_ltm|ct_dst_sport_ltm|is_sm_ips_ports,ksf-v4-idsplit::
quantum,svc,4,zz_r1_full__svc__d4,zz_r1_full,id_val,fixed_c1,1.0,,0.007779359817504883,0.876,0.8717532467532467,0.8735210118319053,0.8912280701754386,0.9370779220779221,0.943405877893624,port_protocol_service_ablation,39,36,3,ct_src_dport_ltm|ct_dst_sport_ltm|is_sm_ips_ports,ksf-v4-idsplit::
quantum,svc,4,zz_r1_full__svc__d4,zz_r1_full,id_test,fixed_c1,1.0,,0.007779359817504883,0.892,0.8879870129870129,0.8898408812729499,0.9052631578947369,0.9568831168831168,0.9607451769148405,port_protocol_service_ablation,39,36,3,ct_src_dport_ltm|ct_dst_sport_ltm|is_sm_ips_ports,ksf-v4-idsplit::
quantum,svc,4,zz_r1_full__svc__d4,zz_r1_full,ood_test,fixed_c1,1.0,,0.007779359817504883,0.906,0.9148116786894855,0.905725094375198,0.9006342494714588,0.9508394261614369,0.8752442975788204,port_protocol_service_ablation,39,36,3,ct_src_dport_ltm|ct_dst_sport_ltm|is_sm_ips_ports,ksf-v4-idsplit::
quantum,svc,4,zz_r1_full__svc__d4,zz_r1_full,id_val,train_cv,10.0,0.8931211121112111,0.012743711471557617,0.88,0.8782467532467533,0.8782467532467533,0.8928571428571429,0.9518181818181818,0.9588979980280223,port_protocol_service_ablation,39,36,3,ct_src_dport_ltm|ct_dst_sport_ltm|is_sm_ips_ports,ksf-v4-idsplit::
quantum,svc,4,zz_r1_full__svc__d4,zz_r1_full,id_test,train_cv,10.0,0.8931211121112111,0.012743711471557617,0.888,0.8892857142857142,0.8869582068341839,0.8978102189781022,0.9536363636363636,0.9540412745406339,port_protocol_service_ablation,39,36,3,ct_src_dport_ltm|ct_dst_sport_ltm|is_sm_ips_ports,ksf-v4-idsplit::
quantum,svc,4,zz_r1_full__svc__d4,zz_r1_full,ood_test,train_cv,10.0,0.8931211121112111,0.012743711471557617,0.914,0.9186546384198271,0.913359204677797,0.9059080962800875,0.9530214456693427,0.8895779935607019,port_protocol_service_ablation,39,36,3,ct_src_dport_ltm|ct_dst_sport_ltm|is_sm_ips_ports,ksf-v4-idsplit::
quantum,svc,4,zz_r2_full__svc__d4,zz_r2_full,id_val,fixed_c1,1.0,,0.007753133773803711,0.856,0.8529220779220779,0.853601405426508,0.8723404255319149,0.9369480519480521,0.9559005896101767,port_protocol_service_ablation,39,36,3,ct_src_dport_ltm|ct_dst_sport_ltm|is_sm_ips_ports,ksf-v4-idsplit::
quantum,svc,4,zz_r2_full__svc__d4,zz_r2_full,id_test,fixed_c1,1.0,,0.007753133773803711,0.888,0.8892857142857142,0.8869582068341839,0.8978102189781022,0.9534415584415584,0.9601707919704631,port_protocol_service_ablation,39,36,3,ct_src_dport_ltm|ct_dst_sport_ltm|is_sm_ips_ports,ksf-v4-idsplit::
quantum,svc,4,zz_r2_full__svc__d4,zz_r2_full,ood_test,fixed_c1,1.0,,0.007753133773803711,0.902,0.9053671166403413,0.9011263524502504,0.891832229580574,0.9400758821709466,0.8555462833881227,port_protocol_service_ablation,39,36,3,ct_src_dport_ltm|ct_dst_sport_ltm|is_sm_ips_ports,ksf-v4-idsplit::
quantum,svc,4,zz_r2_full__svc__d4,zz_r2_full,id_val,train_cv,100.0,0.8802399239923993,0.03191781044006348,0.852,0.8493506493506493,0.8496888152228668,0.8683274021352313,0.8983116883116883,0.8670531137315856,port_protocol_service_ablation,39,36,3,ct_src_dport_ltm|ct_dst_sport_ltm|is_sm_ips_ports,ksf-v4-idsplit::
quantum,svc,4,zz_r2_full__svc__d4,zz_r2_full,id_test,train_cv,100.0,0.8802399239923993,0.03191781044006348,0.876,0.8737012987012986,0.874063601943483,0.8896797153024911,0.936948051948052,0.9138837010941302,port_protocol_service_ablation,39,36,3,ct_src_dport_ltm|ct_dst_sport_ltm|is_sm_ips_ports,ksf-v4-idsplit::
quantum,svc,4,zz_r2_full__svc__d4,zz_r2_full,ood_test,train_cv,100.0,0.8802399239923993,0.03191781044006348,0.884,0.8819429743856964,0.8819429743856964,0.8663594470046083,0.9088436924980867,0.8547513003434105,port_protocol_service_ablation,39,36,3,ct_src_dport_ltm|ct_dst_sport_ltm|is_sm_ips_ports,ksf-v4-idsplit::
quantum,svc,4,pauli_xz_r1_full__svc__d4,pauli_xz_r1_full,id_val,fixed_c1,1.0,,0.005503654479980469,0.876,0.8668831168831168,0.8718478710210831,0.8949152542372881,0.9414935064935065,0.9305789015987304,port_protocol_service_ablation,39,36,3,ct_src_dport_ltm|ct_dst_sport_ltm|is_sm_ips_ports,ksf-v4-idsplit::
quantum,svc,4,pauli_xz_r1_full__svc__d4,pauli_xz_r1_full,id_test,fixed_c1,1.0,,0.005503654479980469,0.892,0.887012987012987,0.8895813907837267,0.9059233449477352,0.9529870129870129,0.9386979090480246,port_protocol_service_ablation,39,36,3,ct_src_dport_ltm|ct_dst_sport_ltm|is_sm_ips_ports,ksf-v4-idsplit::
quantum,svc,4,pauli_xz_r1_full__svc__d4,pauli_xz_r1_full,ood_test,fixed_c1,1.0,,0.005503654479980469,0.914,0.9234909055380958,0.9137844611528823,0.9094736842105263,0.9529563107586588,0.8937960374129007,port_protocol_service_ablation,39,36,3,ct_src_dport_ltm|ct_dst_sport_ltm|is_sm_ips_ports,ksf-v4-idsplit::
quantum,svc,4,pauli_xz_r1_full__svc__d4,pauli_xz_r1_full,id_val,train_cv,100.0,0.8984417441744175,0.01967167854309082,0.884,0.8769480519480519,0.8807938308752199,0.9003436426116839,0.9462337662337662,0.9360722548600993,port_protocol_service_ablation,39,36,3,ct_src_dport_ltm|ct_dst_sport_ltm|is_sm_ips_ports,ksf-v4-idsplit::
quantum,svc,4,pauli_xz_r1_full__svc__d4,pauli_xz_r1_full,id_test,train_cv,100.0,0.8984417441744175,0.01967167854309082,0.892,0.8879870129870129,0.8898408812729499,0.9052631578947369,0.9471428571428571,0.9411575073279932,port_protocol_service_ablation,39,36,3,ct_src_dport_ltm|ct_dst_sport_ltm|is_sm_ips_ports,ksf-v4-idsplit::
quantum,svc,4,pauli_xz_r1_full__svc__d4,pauli_xz_r1_full,ood_test,train_cv,100.0,0.8984417441744175,0.01967167854309082,0.936,0.9434628975265018,0.9357026892350226,0.9313304721030042,0.9601862858445556,0.8889714494155707,port_protocol_service_ablation,39,36,3,ct_src_dport_ltm|ct_dst_sport_ltm|is_sm_ips_ports,ksf-v4-idsplit::
quantum,svc,4,zmap_r2__svc__d4,zmap_r2,id_val,fixed_c1,1.0,,0.006005525588989258,0.86,0.8535714285714286,0.8565079781564144,0.8788927335640139,0.9361688311688312,0.9433111863617771,port_protocol_service_ablation,39,36,3,ct_src_dport_ltm|ct_dst_sport_ltm|is_sm_ips_ports,ksf-v4-idsplit::
quantum,svc,4,zmap_r2__svc__d4,zmap_r2,id_test,fixed_c1,1.0,,0.006005525588989258,0.872,0.8681818181818182,0.8695878977569118,0.8873239436619719,0.939935064935065,0.9328911917486608,port_protocol_service_ablation,39,36,3,ct_src_dport_ltm|ct_dst_sport_ltm|is_sm_ips_ports,ksf-v4-idsplit::
quantum,svc,4,zmap_r2__svc__d4,zmap_r2,ood_test,fixed_c1,1.0,,0.006005525588989258,0.916,0.9257950530035335,0.9158060170633139,0.9117647058823529,0.912491247496377,0.7695461545624243,port_protocol_service_ablation,39,36,3,ct_src_dport_ltm|ct_dst_sport_ltm|is_sm_ips_ports,ksf-v4-idsplit::
quantum,svc,4,zmap_r2__svc__d4,zmap_r2,id_val,train_cv,10.0,0.8885411541154115,0.010509967803955078,0.868,0.8597402597402597,0.8639758618984024,0.8873720136518771,0.9283116883116883,0.9357906706901533,port_protocol_service_ablation,39,36,3,ct_src_dport_ltm|ct_dst_sport_ltm|is_sm_ips_ports,ksf-v4-idsplit::
quantum,svc,4,zmap_r2__svc__d4,zmap_r2,id_test,train_cv,10.0,0.8885411541154115,0.010509967803955078,0.892,0.888961038961039,0.8900848382211656,0.9045936395759717,0.9535064935064935,0.9607721098389581,port_protocol_service_ablation,39,36,3,ct_src_dport_ltm|ct_dst_sport_ltm|is_sm_ips_ports,ksf-v4-idsplit::
quantum,svc,4,zmap_r2__svc__d4,zmap_r2,ood_test,train_cv,10.0,0.8885411541154115,0.010509967803955078,0.922,0.931095406360424,0.9217718868219729,0.9175475687103594,0.9308104411261826,0.8349220887229651,port_protocol_service_ablation,39,36,3,ct_src_dport_ltm|ct_dst_sport_ltm|is_sm_ips_ports,ksf-v4-idsplit::
quantum,svc,4,zz_r1_full__as2__svc__d4,zz_r1_full__as2,id_val,fixed_c1,1.0,,0.00802922248840332,0.856,0.8529220779220779,0.853601405426508,0.8723404255319149,0.9259090909090909,0.9155565275090157,port_protocol_service_ablation,39,36,3,ct_src_dport_ltm|ct_dst_sport_ltm|is_sm_ips_ports,ksf-v4-idsplit::
quantum,svc,4,zz_r1_full__as2__svc__d4,zz_r1_full__as2,id_test,fixed_c1,1.0,,0.00802922248840332,0.88,0.8801948051948052,0.8786878881987578,0.8913043478260869,0.9465584415584416,0.9625570216610638,port_protocol_service_ablation,39,36,3,ct_src_dport_ltm|ct_dst_sport_ltm|is_sm_ips_ports,ksf-v4-idsplit::
quantum,svc,4,zz_r1_full__as2__svc__d4,zz_r1_full__as2,ood_test,fixed_c1,1.0,,0.00802922248840332,0.864,0.8648124928758691,0.8623949749882631,0.8475336322869955,0.9215775675367606,0.8310566676613182,port_protocol_service_ablation,39,36,3,ct_src_dport_ltm|ct_dst_sport_ltm|is_sm_ips_ports,ksf-v4-idsplit::
quantum,svc,4,zz_r1_full__as2__svc__d4,zz_r1_full__as2,id_val,train_cv,10.0,0.8752494249424944,0.015069007873535156,0.848,0.8448051948051949,0.845468150172425,0.8652482269503546,0.9,0.8626216874692643,port_protocol_service_ablation,39,36,3,ct_src_dport_ltm|ct_dst_sport_ltm|is_sm_ips_ports,ksf-v4-idsplit::
quantum,svc,4,zz_r1_full__as2__svc__d4,zz_r1_full__as2,id_test,train_cv,10.0,0.8752494249424944,0.015069007873535156,0.876,0.8766233766233766,0.8747474747474748,0.8872727272727273,0.9293506493506494,0.9485513786292153,port_protocol_service_ablation,39,36,3,ct_src_dport_ltm|ct_dst_sport_ltm|is_sm_ips_ports,ksf-v4-idsplit::
quantum,svc,4,zz_r1_full__as2__svc__d4,zz_r1_full__as2,ood_test,train_cv,10.0,0.8752494249424944,0.015069007873535156,0.866,0.8628177362361792,0.8633985622188967,0.8445475638051044,0.9144615785445606,0.8690903650934887,port_protocol_service_ablation,39,36,3,ct_src_dport_ltm|ct_dst_sport_ltm|is_sm_ips_ports,ksf-v4-idsplit::
quantum,svc,4,zz_r2_full__as2__svc__d4,zz_r2_full__as2,id_val,fixed_c1,1.0,,0.00899958610534668,0.832,0.8275974025974027,0.8288341158059468,0.852112676056338,0.9108441558441558,0.8955327949365353,port_protocol_service_ablation,39,36,3,ct_src_dport_ltm|ct_dst_sport_ltm|is_sm_ips_ports,ksf-v4-idsplit::
quantum,svc,4,zz_r2_full__as2__svc__d4,zz_r2_full__as2,id_test,fixed_c1,1.0,,0.00899958610534668,0.876,0.8775974025974026,0.874941504897452,0.8864468864468864,0.9171428571428573,0.9306901527929117,port_protocol_service_ablation,39,36,3,ct_src_dport_ltm|ct_dst_sport_ltm|is_sm_ips_ports,ksf-v4-idsplit::
quantum,svc,4,zz_r2_full__as2__svc__d4,zz_r2_full__as2,ood_test,fixed_c1,1.0,,0.00899958610534668,0.836,0.8352412434254449,0.8337631164955643,0.8144796380090498,0.9031118203579164,0.827320954097875,port_protocol_service_ablation,39,36,3,ct_src_dport_ltm|ct_dst_sport_ltm|is_sm_ips_ports,ksf-v4-idsplit::
quantum,svc,4,zz_r2_full__as2__svc__d4,zz_r2_full__as2,id_val,train_cv,1.0,0.8532074207420741,0.008986234664916992,0.832,0.8275974025974027,0.8288341158059468,0.852112676056338,0.9108441558441558,0.8955327949365353,port_protocol_service_ablation,39,36,3,ct_src_dport_ltm|ct_dst_sport_ltm|is_sm_ips_ports,ksf-v4-idsplit::
quantum,svc,4,zz_r2_full__as2__svc__d4,zz_r2_full__as2,id_test,train_cv,1.0,0.8532074207420741,0.008986234664916992,0.876,0.8775974025974026,0.874941504897452,0.8864468864468864,0.9171428571428573,0.9306901527929117,port_protocol_service_ablation,39,36,3,ct_src_dport_ltm|ct_dst_sport_ltm|is_sm_ips_ports,ksf-v4-idsplit::
quantum,svc,4,zz_r2_full__as2__svc__d4,zz_r2_full__as2,ood_test,train_cv,1.0,0.8532074207420741,0.008986234664916992,0.836,0.8352412434254449,0.8337631164955643,0.8144796380090498,0.9031118203579164,0.827320954097875,port_protocol_service_ablation,39,36,3,ct_src_dport_ltm|ct_dst_sport_ltm|is_sm_ips_ports,ksf-v4-idsplit::
quantum,svc,4,pauli_xz_r1_full__as2__svc__d4,pauli_xz_r1_full__as2,id_val,fixed_c1,1.0,,0.006526947021484375,0.848,0.837012987012987,0.842182204797661,0.87248322147651,0.912077922077922,0.9259115005924923,port_protocol_service_ablation,39,36,3,ct_src_dport_ltm|ct_dst_sport_ltm|is_sm_ips_ports,ksf-v4-idsplit::
quantum,svc,4,pauli_xz_r1_full__as2__svc__d4,pauli_xz_r1_full__as2,id_test,fixed_c1,1.0,,0.006526947021484375,0.856,0.8480519480519481,0.8518177028451,0.8767123287671232,0.9311688311688312,0.9408469687545091,port_protocol_service_ablation,39,36,3,ct_src_dport_ltm|ct_dst_sport_ltm|is_sm_ips_ports,ksf-v4-idsplit::
quantum,svc,4,pauli_xz_r1_full__as2__svc__d4,pauli_xz_r1_full__as2,ood_test,fixed_c1,1.0,,0.006526947021484375,0.91,0.9188826106072201,0.9097367924868918,0.904862579281184,0.9186953477390043,0.7725577387837483,port_protocol_service_ablation,39,36,3,ct_src_dport_ltm|ct_dst_sport_ltm|is_sm_ips_ports,ksf-v4-idsplit::
quantum,svc,4,pauli_xz_r1_full__as2__svc__d4,pauli_xz_r1_full__as2,id_val,train_cv,10.0,0.8715993599359935,0.009633064270019531,0.864,0.8542207792207792,0.8592342342342343,0.8851351351351351,0.93,0.9435979659617246,port_protocol_service_ablation,39,36,3,ct_src_dport_ltm|ct_dst_sport_ltm|is_sm_ips_ports,ksf-v4-idsplit::
quantum,svc,4,pauli_xz_r1_full__as2__svc__d4,pauli_xz_r1_full__as2,id_test,train_cv,10.0,0.8715993599359935,0.009633064270019531,0.884,0.8798701298701299,0.8816809465524276,0.8982456140350877,0.934935064935065,0.9377794623751787,port_protocol_service_ablation,39,36,3,ct_src_dport_ltm|ct_dst_sport_ltm|is_sm_ips_ports,ksf-v4-idsplit::
quantum,svc,4,pauli_xz_r1_full__as2__svc__d4,pauli_xz_r1_full__as2,ood_test,train_cv,10.0,0.8715993599359935,0.009633064270019531,0.898,0.9055950888277344,0.8976063989977474,0.8912579957356077,0.931771181058768,0.8087366413379905,port_protocol_service_ablation,39,36,3,ct_src_dport_ltm|ct_dst_sport_ltm|is_sm_ips_ports,ksf-v4-idsplit::
quantum,svc,4,zmap_r2__as2__svc__d4,zmap_r2__as2,id_val,fixed_c1,1.0,,0.007333278656005859,0.84,0.8357142857142857,0.8369848721961397,0.8591549295774648,0.9097402597402597,0.8830008154947915,port_protocol_service_ablation,39,36,3,ct_src_dport_ltm|ct_dst_sport_ltm|is_sm_ips_ports,ksf-v4-idsplit::
quantum,svc,4,zmap_r2__as2__svc__d4,zmap_r2__as2,id_test,fixed_c1,1.0,,0.007333278656005859,0.856,0.8509740259740259,0.8529507875302268,0.8741258741258742,0.9570129870129871,0.9674643721253023,port_protocol_service_ablation,39,36,3,ct_src_dport_ltm|ct_dst_sport_ltm|is_sm_ips_ports,ksf-v4-idsplit::
quantum,svc,4,zmap_r2__as2__svc__d4,zmap_r2__as2,ood_test,fixed_c1,1.0,,0.007333278656005859,0.882,0.8860871830779502,0.8811207692090703,0.8708971553610503,0.939391965608767,0.8548789248564045,port_protocol_service_ablation,39,36,3,ct_src_dport_ltm|ct_dst_sport_ltm|is_sm_ips_ports,ksf-v4-idsplit::
quantum,svc,4,zmap_r2__as2__svc__d4,zmap_r2__as2,id_val,train_cv,100.0,0.8840904090409042,0.024997472763061523,0.86,0.8574675324675325,0.8578137441297389,0.8754448398576512,0.9370779220779221,0.9439730955377282,port_protocol_service_ablation,39,36,3,ct_src_dport_ltm|ct_dst_sport_ltm|is_sm_ips_ports,ksf-v4-idsplit::
quantum,svc,4,zmap_r2__as2__svc__d4,zmap_r2__as2,id_test,train_cv,100.0,0.8840904090409042,0.024997472763061523,0.888,0.8873376623376623,0.8865772247067211,0.8992805755395683,0.9435064935064935,0.9108494566659973,port_protocol_service_ablation,39,36,3,ct_src_dport_ltm|ct_dst_sport_ltm|is_sm_ips_ports,ksf-v4-idsplit::
quantum,svc,4,zmap_r2__as2__svc__d4,zmap_r2__as2,ood_test,train_cv,100.0,0.8840904090409042,0.024997472763061523,0.906,0.9051391444529482,0.9044835813373111,0.8924485125858124,0.9493250394880396,0.9084858737484084,port_protocol_service_ablation,39,36,3,ct_src_dport_ltm|ct_dst_sport_ltm|is_sm_ips_ports,ksf-v4-idsplit::
classical_ext,svc,6,linear__svc__d6,linear,id_val,fixed_c1,1.0,,0.006851911544799805,0.816,0.8318181818181818,0.815811390864245,0.8099173553719008,0.9066883116883118,0.9301131194670959,port_protocol_service_ablation,39,36,3,ct_src_dport_ltm|ct_dst_sport_ltm|is_sm_ips_ports,ksf-v4-idsplit::
classical_ext,svc,6,linear__svc__d6,linear,id_test,fixed_c1,1.0,,0.006851911544799805,0.82,0.8353896103896103,0.8198587692751116,0.8148148148148148,0.9037662337662337,0.925684128047082,port_protocol_service_ablation,39,36,3,ct_src_dport_ltm|ct_dst_sport_ltm|is_sm_ips_ports,ksf-v4-idsplit::
classical_ext,svc,6,linear__svc__d6,linear,ood_test,fixed_c1,1.0,,0.006851911544799805,0.684,0.6638875771441599,0.6646859083191851,0.5842105263157895,0.5669342625913925,0.4840156073965038,port_protocol_service_ablation,39,36,3,ct_src_dport_ltm|ct_dst_sport_ltm|is_sm_ips_ports,ksf-v4-idsplit::
classical_ext,svc,6,linear__svc__d6,linear,id_val,train_cv,10.0,0.8213855385538554,0.008521556854248047,0.832,0.846103896103896,0.8319569809871327,0.8292682926829268,0.9264935064935065,0.9468729164372012,port_protocol_service_ablation,39,36,3,ct_src_dport_ltm|ct_dst_sport_ltm|is_sm_ips_ports,ksf-v4-idsplit::
classical_ext,svc,6,linear__svc__d6,linear,id_test,train_cv,10.0,0.8213855385538554,0.008521556854248047,0.82,0.8344155844155845,0.8199279711884754,0.8163265306122449,0.9238311688311689,0.9394335320337717,port_protocol_service_ablation,39,36,3,ct_src_dport_ltm|ct_dst_sport_ltm|is_sm_ips_ports,ksf-v4-idsplit::
classical_ext,svc,6,linear__svc__d6,linear,ood_test,train_cv,10.0,0.8213855385538554,0.008521556854248047,0.682,0.6621207926918631,0.6629056262959052,0.5826771653543307,0.6172021299115795,0.5118770000807371,port_protocol_service_ablation,39,36,3,ct_src_dport_ltm|ct_dst_sport_ltm|is_sm_ips_ports,ksf-v4-idsplit::
classical_ext,svc,6,rbf_gscale__svc__d6,rbf_gscale,id_val,fixed_c1,1.0,,0.006730079650878906,0.86,0.8555194805194806,0.8572011423908609,0.8771929824561403,0.9394805194805195,0.9168519863946019,port_protocol_service_ablation,39,36,3,ct_src_dport_ltm|ct_dst_sport_ltm|is_sm_ips_ports,ksf-v4-idsplit::
classical_ext,svc,6,rbf_gscale__svc__d6,rbf_gscale,id_test,fixed_c1,1.0,,0.006730079650878906,0.888,0.8824675324675324,0.8853511530398324,0.9027777777777778,0.9612337662337662,0.9610245439492322,port_protocol_service_ablation,39,36,3,ct_src_dport_ltm|ct_dst_sport_ltm|is_sm_ips_ports,ksf-v4-idsplit::
classical_ext,svc,6,rbf_gscale__svc__d6,rbf_gscale,ood_test,fixed_c1,1.0,,0.006730079650878906,0.914,0.9229535425249549,0.9137484905985855,0.9090909090909091,0.9353861686017164,0.85406699024592,port_protocol_service_ablation,39,36,3,ct_src_dport_ltm|ct_dst_sport_ltm|is_sm_ips_ports,ksf-v4-idsplit::
classical_ext,svc,6,rbf_gscale__svc__d6,rbf_gscale,id_val,train_cv,100.0,0.8933811381138114,0.015857219696044922,0.88,0.8762987012987014,0.8777386541471048,0.8943661971830986,0.946948051948052,0.9301806812247809,port_protocol_service_ablation,39,36,3,ct_src_dport_ltm|ct_dst_sport_ltm|is_sm_ips_ports,ksf-v4-idsplit::
classical_ext,svc,6,rbf_gscale__svc__d6,rbf_gscale,id_test,train_cv,100.0,0.8933811381138114,0.015857219696044922,0.9,0.898051948051948,0.8984383886640992,0.9110320284697508,0.9431168831168831,0.9367246354298281,port_protocol_service_ablation,39,36,3,ct_src_dport_ltm|ct_dst_sport_ltm|is_sm_ips_ports,ksf-v4-idsplit::
classical_ext,svc,6,rbf_gscale__svc__d6,rbf_gscale,ood_test,train_cv,100.0,0.8933811381138114,0.015857219696044922,0.932,0.9324062464379346,0.9310064935064934,0.9227272727272727,0.9516861800003257,0.9001626425440328,port_protocol_service_ablation,39,36,3,ct_src_dport_ltm|ct_dst_sport_ltm|is_sm_ips_ports,ksf-v4-idsplit::
classical_ext,svc,6,poly2__svc__d6,poly2,id_val,fixed_c1,1.0,,0.00701904296875,0.884,0.8691558441558442,0.8776391959629373,0.9055374592833876,0.9427272727272727,0.9342523212671346,port_protocol_service_ablation,39,36,3,ct_src_dport_ltm|ct_dst_sport_ltm|is_sm_ips_ports,ksf-v4-idsplit::
classical_ext,svc,6,poly2__svc__d6,poly2,id_test,fixed_c1,1.0,,0.00701904296875,0.9,0.8863636363636364,0.8949138293400589,0.9180327868852459,0.9494155844155845,0.9399319386045968,port_protocol_service_ablation,39,36,3,ct_src_dport_ltm|ct_dst_sport_ltm|is_sm_ips_ports,ksf-v4-idsplit::
classical_ext,svc,6,poly2__svc__d6,poly2,ood_test,fixed_c1,1.0,,0.00701904296875,0.824,0.8321636188956376,0.8235935595612291,0.8151260504201681,0.7950855709889108,0.5881912609497764,port_protocol_service_ablation,39,36,3,ct_src_dport_ltm|ct_dst_sport_ltm|is_sm_ips_ports,ksf-v4-idsplit::
classical_ext,svc,6,poly2__svc__d6,poly2,id_val,train_cv,100.0,0.8816904690469046,0.016002178192138672,0.884,0.875974025974026,0.8804636362137475,0.9010238907849829,0.955,0.9508366389316574,port_protocol_service_ablation,39,36,3,ct_src_dport_ltm|ct_dst_sport_ltm|is_sm_ips_ports,ksf-v4-idsplit::
classical_ext,svc,6,poly2__svc__d6,poly2,id_test,train_cv,100.0,0.8816904690469046,0.016002178192138672,0.896,0.8915584415584416,0.8937977909940527,0.9090909090909091,0.9424025974025974,0.9204241458781541,port_protocol_service_ablation,39,36,3,ct_src_dport_ltm|ct_dst_sport_ltm|is_sm_ips_ports,ksf-v4-idsplit::
classical_ext,svc,6,poly2__svc__d6,poly2,ood_test,train_cv,100.0,0.8816904690469046,0.016002178192138672,0.918,0.9264871114295485,0.9177232209151587,0.9129511677282378,0.9663252511764994,0.9265084527645455,port_protocol_service_ablation,39,36,3,ct_src_dport_ltm|ct_dst_sport_ltm|is_sm_ips_ports,ksf-v4-idsplit::
classical_ext,svc,6,poly3__svc__d6,poly3,id_val,fixed_c1,1.0,,0.006999969482421875,0.884,0.8691558441558442,0.8776391959629373,0.9055374592833876,0.9472727272727273,0.9463951773820652,port_protocol_service_ablation,39,36,3,ct_src_dport_ltm|ct_dst_sport_ltm|is_sm_ips_ports,ksf-v4-idsplit::
classical_ext,svc,6,poly3__svc__d6,poly3,id_test,fixed_c1,1.0,,0.006999969482421875,0.904,0.8909090909090909,0.8993018259935552,0.9210526315789473,0.9527922077922077,0.9385322433704114,port_protocol_service_ablation,39,36,3,ct_src_dport_ltm|ct_dst_sport_ltm|is_sm_ips_ports,ksf-v4-idsplit::
classical_ext,svc,6,poly3__svc__d6,poly3,ood_test,fixed_c1,1.0,,0.006999969482421875,0.87,0.8851590106007068,0.86999947999792,0.8697394789579158,0.8409893992932861,0.6545080726531967,port_protocol_service_ablation,39,36,3,ct_src_dport_ltm|ct_dst_sport_ltm|is_sm_ips_ports,ksf-v4-idsplit::
classical_ext,svc,6,poly3__svc__d6,poly3,id_val,train_cv,100.0,0.8944415441544156,0.016221046447753906,0.88,0.8733766233766234,0.8768472906403941,0.896551724137931,0.9366883116883116,0.9277427504947824,port_protocol_service_ablation,39,36,3,ct_src_dport_ltm|ct_dst_sport_ltm|is_sm_ips_ports,ksf-v4-idsplit::
classical_ext,svc,6,poly3__svc__d6,poly3,id_test,train_cv,100.0,0.8944415441544156,0.016221046447753906,0.904,0.9006493506493507,0.9021909233176839,0.9154929577464789,0.9337012987012987,0.9033977561154438,port_protocol_service_ablation,39,36,3,ct_src_dport_ltm|ct_dst_sport_ltm|is_sm_ips_ports,ksf-v4-idsplit::
classical_ext,svc,6,poly3__svc__d6,poly3,ood_test,train_cv,100.0,0.8944415441544156,0.016221046447753906,0.912,0.9195746690332351,0.9116380695328063,0.905982905982906,0.9634104639234014,0.9218378641006715,port_protocol_service_ablation,39,36,3,ct_src_dport_ltm|ct_dst_sport_ltm|is_sm_ips_ports,ksf-v4-idsplit::
classical_ext,svc,6,laplacian_med__svc__d6,laplacian_med,id_val,fixed_c1,1.0,,0.006600856781005859,0.872,0.8672077922077922,0.8692895889157571,0.8881118881118881,0.946948051948052,0.9424341194338037,port_protocol_service_ablation,39,36,3,ct_src_dport_ltm|ct_dst_sport_ltm|is_sm_ips_ports,ksf-v4-idsplit::
classical_ext,svc,6,laplacian_med__svc__d6,laplacian_med,id_test,fixed_c1,1.0,,0.006600856781005859,0.892,0.888961038961039,0.8900848382211656,0.9045936395759717,0.9729870129870131,0.9791761364794355,port_protocol_service_ablation,39,36,3,ct_src_dport_ltm|ct_dst_sport_ltm|is_sm_ips_ports,ksf-v4-idsplit::
classical_ext,svc,6,laplacian_med__svc__d6,laplacian_med,ood_test,fixed_c1,1.0,,0.006600856781005859,0.912,0.921186758072658,0.9117614028332611,0.9071729957805907,0.9717314487632509,0.9540231746047647,port_protocol_service_ablation,39,36,3,ct_src_dport_ltm|ct_dst_sport_ltm|is_sm_ips_ports,ksf-v4-idsplit::
classical_ext,svc,6,laplacian_med__svc__d6,laplacian_med,id_val,train_cv,10.0,0.9022518251825182,0.006001472473144531,0.892,0.8879870129870129,0.8898408812729499,0.9052631578947369,0.9444155844155844,0.9437640141502373,port_protocol_service_ablation,39,36,3,ct_src_dport_ltm|ct_dst_sport_ltm|is_sm_ips_ports,ksf-v4-idsplit::
classical_ext,svc,6,laplacian_med__svc__d6,laplacian_med,id_test,train_cv,10.0,0.9022518251825182,0.006001472473144531,0.896,0.8964285714285715,0.8948628364389234,0.9057971014492754,0.9612987012987013,0.9595524782234576,port_protocol_service_ablation,39,36,3,ct_src_dport_ltm|ct_dst_sport_ltm|is_sm_ips_ports,ksf-v4-idsplit::
classical_ext,svc,6,laplacian_med__svc__d6,laplacian_med,ood_test,train_cv,10.0,0.9022518251825182,0.006001472473144531,0.914,0.9175799123935451,0.9132333297012402,0.9050772626931567,0.9772841998990409,0.9676110543894875,port_protocol_service_ablation,39,36,3,ct_src_dport_ltm|ct_dst_sport_ltm|is_sm_ips_ports,ksf-v4-idsplit::
classical_ext,svc,6,matern15_med__svc__d6,matern15_med,id_val,fixed_c1,1.0,,0.006703853607177734,0.872,0.8633116883116883,0.8679083283798956,0.891156462585034,0.937987012987013,0.9229368254690298,port_protocol_service_ablation,39,36,3,ct_src_dport_ltm|ct_dst_sport_ltm|is_sm_ips_ports,ksf-v4-idsplit::
classical_ext,svc,6,matern15_med__svc__d6,matern15_med,id_test,fixed_c1,1.0,,0.006703853607177734,0.888,0.8795454545454545,0.8844197873324087,0.9047619047619048,0.9577922077922079,0.9582731971698126,port_protocol_service_ablation,39,36,3,ct_src_dport_ltm|ct_dst_sport_ltm|is_sm_ips_ports,ksf-v4-idsplit::
classical_ext,svc,6,matern15_med__svc__d6,matern15_med,ood_test,fixed_c1,1.0,,0.006703853607177734,0.918,0.9275618374558303,0.9177944862155388,0.9136842105263158,0.9246551920665679,0.8386673103471242,port_protocol_service_ablation,39,36,3,ct_src_dport_ltm|ct_dst_sport_ltm|is_sm_ips_ports,ksf-v4-idsplit::
classical_ext,svc,6,matern15_med__svc__d6,matern15_med,id_val,train_cv,100.0,0.8943011301130113,0.009951353073120117,0.884,0.8769480519480519,0.8807938308752199,0.9003436426116839,0.943961038961039,0.9291564869659327,port_protocol_service_ablation,39,36,3,ct_src_dport_ltm|ct_dst_sport_ltm|is_sm_ips_ports,ksf-v4-idsplit::
classical_ext,svc,6,matern15_med__svc__d6,matern15_med,id_test,train_cv,100.0,0.8943011301130113,0.009951353073120117,0.904,0.9016233766233765,0.9024009369510053,0.9148936170212766,0.941948051948052,0.9439383038244127,port_protocol_service_ablation,39,36,3,ct_src_dport_ltm|ct_dst_sport_ltm|is_sm_ips_ports,ksf-v4-idsplit::
classical_ext,svc,6,matern15_med__svc__d6,matern15_med,ood_test,train_cv,100.0,0.8943011301130113,0.009951353073120117,0.92,0.9223429027372947,0.9191252587991718,0.9107142857142857,0.9532168504013939,0.9157135813916099,port_protocol_service_ablation,39,36,3,ct_src_dport_ltm|ct_dst_sport_ltm|is_sm_ips_ports,ksf-v4-idsplit::
classical_ext,svc,6,matern25_med__svc__d6,matern25_med,id_val,fixed_c1,1.0,,0.006000518798828125,0.884,0.8691558441558442,0.8776391959629373,0.9055374592833876,0.9440909090909092,0.9407073753733377,port_protocol_service_ablation,39,36,3,ct_src_dport_ltm|ct_dst_sport_ltm|is_sm_ips_ports,ksf-v4-idsplit::
classical_ext,svc,6,matern25_med__svc__d6,matern25_med,id_test,fixed_c1,1.0,,0.006000518798828125,0.904,0.8909090909090909,0.8993018259935552,0.9210526315789473,0.9564935064935065,0.9503234779868708,port_protocol_service_ablation,39,36,3,ct_src_dport_ltm|ct_dst_sport_ltm|is_sm_ips_ports,ksf-v4-idsplit::
classical_ext,svc,6,matern25_med__svc__d6,matern25_med,ood_test,fixed_c1,1.0,,0.006000518798828125,0.898,0.9098939929328622,0.897908117305575,0.8948453608247423,0.8974613668561007,0.7651000938974174,port_protocol_service_ablation,39,36,3,ct_src_dport_ltm|ct_dst_sport_ltm|is_sm_ips_ports,ksf-v4-idsplit::
classical_ext,svc,6,matern25_med__svc__d6,matern25_med,id_val,train_cv,100.0,0.8963914391439143,0.012005329132080078,0.868,0.8626623376623377,0.8650439220689994,0.8850174216027874,0.9429220779220779,0.9319439295681023,port_protocol_service_ablation,39,36,3,ct_src_dport_ltm|ct_dst_sport_ltm|is_sm_ips_ports,ksf-v4-idsplit::
classical_ext,svc,6,matern25_med__svc__d6,matern25_med,id_test,train_cv,100.0,0.8963914391439143,0.012005329132080078,0.892,0.8899350649350649,0.8903134597572271,0.9039145907473309,0.9544155844155844,0.9535556873229957,port_protocol_service_ablation,39,36,3,ct_src_dport_ltm|ct_dst_sport_ltm|is_sm_ips_ports,ksf-v4-idsplit::
classical_ext,svc,6,matern25_med__svc__d6,matern25_med,ood_test,train_cv,100.0,0.8963914391439143,0.012005329132080078,0.934,0.9368598459559362,0.9333061168395992,0.9265033407572383,0.9658041718910293,0.924408582570598,port_protocol_service_ablation,39,36,3,ct_src_dport_ltm|ct_dst_sport_ltm|is_sm_ips_ports,ksf-v4-idsplit::
classical_ext,svc,6,rbf_gscale_x0.1__svc__d6,rbf_gscale_x0.1,id_val,fixed_c1,1.0,,0.008754491806030273,0.868,0.8558441558441559,0.86226815138817,0.8903654485049833,0.9325324675324675,0.9276031389672382,port_protocol_service_ablation,39,36,3,ct_src_dport_ltm|ct_dst_sport_ltm|is_sm_ips_ports,ksf-v4-idsplit::
classical_ext,svc,6,rbf_gscale_x0.1__svc__d6,rbf_gscale_x0.1,id_test,fixed_c1,1.0,,0.008754491806030273,0.896,0.8837662337662338,0.8912970767275403,0.9139072847682119,0.9415584415584415,0.9277448833605535,port_protocol_service_ablation,39,36,3,ct_src_dport_ltm|ct_dst_sport_ltm|is_sm_ips_ports,ksf-v4-idsplit::
classical_ext,svc,6,rbf_gscale_x0.1__svc__d6,rbf_gscale_x0.1,ood_test,fixed_c1,1.0,,0.008754491806030273,0.784,0.7860806695868818,0.7823142414860682,0.7631578947368421,0.7903470062366676,0.5814298932358358,port_protocol_service_ablation,39,36,3,ct_src_dport_ltm|ct_dst_sport_ltm|is_sm_ips_ports,ksf-v4-idsplit::
classical_ext,svc,6,rbf_gscale_x0.1__svc__d6,rbf_gscale_x0.1,id_val,train_cv,100.0,0.8825904590459046,0.01000070571899414,0.88,0.8733766233766234,0.8768472906403941,0.896551724137931,0.9503896103896103,0.9412082773760633,port_protocol_service_ablation,39,36,3,ct_src_dport_ltm|ct_dst_sport_ltm|is_sm_ips_ports,ksf-v4-idsplit::
classical_ext,svc,6,rbf_gscale_x0.1__svc__d6,rbf_gscale_x0.1,id_test,train_cv,100.0,0.8825904590459046,0.01000070571899414,0.904,0.9006493506493507,0.9021909233176839,0.9154929577464789,0.9442857142857144,0.9168145433825969,port_protocol_service_ablation,39,36,3,ct_src_dport_ltm|ct_dst_sport_ltm|is_sm_ips_ports,ksf-v4-idsplit::
classical_ext,svc,6,rbf_gscale_x0.1__svc__d6,rbf_gscale_x0.1,ood_test,train_cv,100.0,0.8825904590459046,0.01000070571899414,0.916,0.9241829639641106,0.9156965074267363,0.9106382978723404,0.958737034081842,0.9100182697510037,port_protocol_service_ablation,39,36,3,ct_src_dport_ltm|ct_dst_sport_ltm|is_sm_ips_ports,ksf-v4-idsplit::
classical_ext,svc,6,rbf_gscale_x0.3__svc__d6,rbf_gscale_x0.3,id_val,fixed_c1,1.0,,0.005614757537841797,0.884,0.8691558441558442,0.8776391959629373,0.9055374592833876,0.9485064935064935,0.9465241817973813,port_protocol_service_ablation,39,36,3,ct_src_dport_ltm|ct_dst_sport_ltm|is_sm_ips_ports,ksf-v4-idsplit::
classical_ext,svc,6,rbf_gscale_x0.3__svc__d6,rbf_gscale_x0.3,id_test,fixed_c1,1.0,,0.005614757537841797,0.904,0.8909090909090909,0.8993018259935552,0.9210526315789473,0.9564285714285714,0.9438146082362828,port_protocol_service_ablation,39,36,3,ct_src_dport_ltm|ct_dst_sport_ltm|is_sm_ips_ports,ksf-v4-idsplit::
classical_ext,svc,6,rbf_gscale_x0.3__svc__d6,rbf_gscale_x0.3,ood_test,fixed_c1,1.0,,0.005614757537841797,0.868,0.88339222614841,0.868,0.868,0.8788327824005471,0.6949472026639752,port_protocol_service_ablation,39,36,3,ct_src_dport_ltm|ct_dst_sport_ltm|is_sm_ips_ports,ksf-v4-idsplit::
classical_ext,svc,6,rbf_gscale_x0.3__svc__d6,rbf_gscale_x0.3,id_val,train_cv,100.0,0.8873908390839084,0.015588045120239258,0.868,0.8646103896103896,0.8656592467147579,0.8833922261484098,0.9344805194805195,0.9145557865418212,port_protocol_service_ablation,39,36,3,ct_src_dport_ltm|ct_dst_sport_ltm|is_sm_ips_ports,ksf-v4-idsplit::
classical_ext,svc,6,rbf_gscale_x0.3__svc__d6,rbf_gscale_x0.3,id_test,train_cv,100.0,0.8873908390839084,0.015588045120239258,0.896,0.8954545454545455,0.8946788515133839,0.9064748201438849,0.9388311688311688,0.932312331731747,port_protocol_service_ablation,39,36,3,ct_src_dport_ltm|ct_dst_sport_ltm|is_sm_ips_ports,ksf-v4-idsplit::
classical_ext,svc,6,rbf_gscale_x0.3__svc__d6,rbf_gscale_x0.3,ood_test,train_cv,100.0,0.8873908390839084,0.015588045120239258,0.912,0.9184999430069531,0.9115414307771488,0.9051724137931034,0.9649248505967986,0.9194537121308832,port_protocol_service_ablation,39,36,3,ct_src_dport_ltm|ct_dst_sport_ltm|is_sm_ips_ports,ksf-v4-idsplit::
classical_ext,svc,6,rbf_gscale_x3__svc__d6,rbf_gscale_x3,id_val,fixed_c1,1.0,,0.0070002079010009766,0.864,0.8590909090909091,0.861120188222992,0.8811188811188811,0.9387012987012986,0.9410853078426951,port_protocol_service_ablation,39,36,3,ct_src_dport_ltm|ct_dst_sport_ltm|is_sm_ips_ports,ksf-v4-idsplit::
classical_ext,svc,6,rbf_gscale_x3__svc__d6,rbf_gscale_x3,id_test,fixed_c1,1.0,,0.0070002079010009766,0.888,0.8834415584415585,0.8856283903012875,0.9020979020979021,0.9616883116883117,0.9702603231177875,port_protocol_service_ablation,39,36,3,ct_src_dport_ltm|ct_dst_sport_ltm|is_sm_ips_ports,ksf-v4-idsplit::
classical_ext,svc,6,rbf_gscale_x3__svc__d6,rbf_gscale_x3,ood_test,fixed_c1,1.0,,0.0070002079010009766,0.91,0.9188826106072201,0.9097367924868918,0.904862579281184,0.9599583136571623,0.9191747881659232,port_protocol_service_ablation,39,36,3,ct_src_dport_ltm|ct_dst_sport_ltm|is_sm_ips_ports,ksf-v4-idsplit::
classical_ext,svc,6,rbf_gscale_x3__svc__d6,rbf_gscale_x3,id_val,train_cv,10.0,0.8933912391239124,0.009007453918457031,0.868,0.8616883116883116,0.8647075222617623,0.8858131487889274,0.9412337662337662,0.9321312369193353,port_protocol_service_ablation,39,36,3,ct_src_dport_ltm|ct_dst_sport_ltm|is_sm_ips_ports,ksf-v4-idsplit::
classical_ext,svc,6,rbf_gscale_x3__svc__d6,rbf_gscale_x3,id_test,train_cv,10.0,0.8933912391239124,0.009007453918457031,0.9,0.898051948051948,0.8984383886640992,0.9110320284697508,0.9340909090909091,0.9314958191105334,port_protocol_service_ablation,39,36,3,ct_src_dport_ltm|ct_dst_sport_ltm|is_sm_ips_ports,ksf-v4-idsplit::
classical_ext,svc,6,rbf_gscale_x3__svc__d6,rbf_gscale_x3,ood_test,train_cv,10.0,0.8933912391239124,0.009007453918457031,0.918,0.9221882073244208,0.9173303760459723,0.9098901098901099,0.9582973734347268,0.9196738523555807,port_protocol_service_ablation,39,36,3,ct_src_dport_ltm|ct_dst_sport_ltm|is_sm_ips_ports,ksf-v4-idsplit::
classical_ext,svc,6,rbf_gscale_x10__svc__d6,rbf_gscale_x10,id_val,fixed_c1,1.0,,0.007338285446166992,0.872,0.8662337662337662,0.8689727463312369,0.8888888888888888,0.9429220779220779,0.9568004514477528,port_protocol_service_ablation,39,36,3,ct_src_dport_ltm|ct_dst_sport_ltm|is_sm_ips_ports,ksf-v4-idsplit::
classical_ext,svc,6,rbf_gscale_x10__svc__d6,rbf_gscale_x10,id_test,fixed_c1,1.0,,0.007338285446166992,0.904,0.8996753246753246,0.9019671916868178,0.916083916083916,0.9477922077922077,0.9525382794004427,port_protocol_service_ablation,39,36,3,ct_src_dport_ltm|ct_dst_sport_ltm|is_sm_ips_ports,ksf-v4-idsplit::
classical_ext,svc,6,rbf_gscale_x10__svc__d6,rbf_gscale_x10,ood_test,fixed_c1,1.0,,0.007338285446166992,0.908,0.9138916480760775,0.9074655208484205,0.9004329004329005,0.9691097686082297,0.954535452101894,port_protocol_service_ablation,39,36,3,ct_src_dport_ltm|ct_dst_sport_ltm|is_sm_ips_ports,ksf-v4-idsplit::
classical_ext,svc,6,rbf_gscale_x10__svc__d6,rbf_gscale_x10,id_val,train_cv,100.0,0.8902809280928092,0.028557777404785156,0.884,0.8798701298701299,0.8816809465524276,0.8982456140350877,0.8991558441558442,0.8772290948522972,port_protocol_service_ablation,39,36,3,ct_src_dport_ltm|ct_dst_sport_ltm|is_sm_ips_ports,ksf-v4-idsplit::
classical_ext,svc,6,rbf_gscale_x10__svc__d6,rbf_gscale_x10,id_test,train_cv,100.0,0.8902809280928092,0.028557777404785156,0.9,0.898051948051948,0.8984383886640992,0.9110320284697508,0.9115584415584416,0.8902422105107647,port_protocol_service_ablation,39,36,3,ct_src_dport_ltm|ct_dst_sport_ltm|is_sm_ips_ports,ksf-v4-idsplit::
classical_ext,svc,6,rbf_gscale_x10__svc__d6,rbf_gscale_x10,ood_test,train_cv,100.0,0.8902809280928092,0.028557777404785156,0.906,0.9035270554135253,0.9041751108102708,0.8909512761020881,0.9134519874289625,0.883072746769858,port_protocol_service_ablation,39,36,3,ct_src_dport_ltm|ct_dst_sport_ltm|is_sm_ips_ports,ksf-v4-idsplit::
classical_ext,svc,6,laplacian_med_x0.1__svc__d6,laplacian_med_x0.1,id_val,fixed_c1,1.0,,0.011632680892944336,0.884,0.8808441558441558,0.8819429743856964,0.8975265017667845,0.945064935064935,0.9217480776431545,port_protocol_service_ablation,39,36,3,ct_src_dport_ltm|ct_dst_sport_ltm|is_sm_ips_ports,ksf-v4-idsplit::
classical_ext,svc,6,laplacian_med_x0.1__svc__d6,laplacian_med_x0.1,id_test,fixed_c1,1.0,,0.011632680892944336,0.9,0.8990259740259741,0.8986360466436367,0.910394265232975,0.9681818181818181,0.9767962235326512,port_protocol_service_ablation,39,36,3,ct_src_dport_ltm|ct_dst_sport_ltm|is_sm_ips_ports,ksf-v4-idsplit::
classical_ext,svc,6,laplacian_med_x0.1__svc__d6,laplacian_med_x0.1,ood_test,fixed_c1,1.0,,0.011632680892944336,0.918,0.9211134812981387,0.9172048352376221,0.9090909090909091,0.9672859911090846,0.9425901806943643,port_protocol_service_ablation,39,36,3,ct_src_dport_ltm|ct_dst_sport_ltm|is_sm_ips_ports,ksf-v4-idsplit::
classical_ext,svc,6,laplacian_med_x0.1__svc__d6,laplacian_med_x0.1,id_val,train_cv,1.0,0.8932710271027103,0.008035898208618164,0.884,0.8808441558441558,0.8819429743856964,0.8975265017667845,0.945064935064935,0.9217480776431545,port_protocol_service_ablation,39,36,3,ct_src_dport_ltm|ct_dst_sport_ltm|is_sm_ips_ports,ksf-v4-idsplit::
classical_ext,svc,6,laplacian_med_x0.1__svc__d6,laplacian_med_x0.1,id_test,train_cv,1.0,0.8932710271027103,0.008035898208618164,0.9,0.8990259740259741,0.8986360466436367,0.910394265232975,0.9681818181818181,0.9767962235326512,port_protocol_service_ablation,39,36,3,ct_src_dport_ltm|ct_dst_sport_ltm|is_sm_ips_ports,ksf-v4-idsplit::
classical_ext,svc,6,laplacian_med_x0.1__svc__d6,laplacian_med_x0.1,ood_test,train_cv,1.0,0.8932710271027103,0.008035898208618164,0.918,0.9211134812981387,0.9172048352376221,0.9090909090909091,0.9672859911090846,0.9425901806943643,port_protocol_service_ablation,39,36,3,ct_src_dport_ltm|ct_dst_sport_ltm|is_sm_ips_ports,ksf-v4-idsplit::
classical_ext,svc,6,laplacian_med_x0.3__svc__d6,laplacian_med_x0.3,id_val,fixed_c1,1.0,,0.005997180938720703,0.876,0.8727272727272728,0.8738011105502271,0.8904593639575972,0.9424675324675326,0.9348675117575838,port_protocol_service_ablation,39,36,3,ct_src_dport_ltm|ct_dst_sport_ltm|is_sm_ips_ports,ksf-v4-idsplit::
classical_ext,svc,6,laplacian_med_x0.3__svc__d6,laplacian_med_x0.3,id_test,fixed_c1,1.0,,0.005997180938720703,0.9,0.897077922077922,0.8982267020566348,0.911660777385159,0.963051948051948,0.9661474745803436,port_protocol_service_ablation,39,36,3,ct_src_dport_ltm|ct_dst_sport_ltm|is_sm_ips_ports,ksf-v4-idsplit::
classical_ext,svc,6,laplacian_med_x0.3__svc__d6,laplacian_med_x0.3,ood_test,fixed_c1,1.0,,0.005997180938720703,0.914,0.9224161795118138,0.9137097194963859,0.9087048832271762,0.9757860969533145,0.9647844048108737,port_protocol_service_ablation,39,36,3,ct_src_dport_ltm|ct_dst_sport_ltm|is_sm_ips_ports,ksf-v4-idsplit::
classical_ext,svc,6,laplacian_med_x0.3__svc__d6,laplacian_med_x0.3,id_val,train_cv,10.0,0.8962714271427143,0.00982666015625,0.9,0.8951298701298701,0.8977605470219692,0.9128919860627178,0.9398701298701299,0.9058101237299057,port_protocol_service_ablation,39,36,3,ct_src_dport_ltm|ct_dst_sport_ltm|is_sm_ips_ports,ksf-v4-idsplit::
classical_ext,svc,6,laplacian_med_x0.3__svc__d6,laplacian_med_x0.3,id_test,train_cv,10.0,0.8962714271427143,0.00982666015625,0.9,0.8990259740259741,0.8986360466436367,0.910394265232975,0.9599350649350649,0.9650152741709698,port_protocol_service_ablation,39,36,3,ct_src_dport_ltm|ct_dst_sport_ltm|is_sm_ips_ports,ksf-v4-idsplit::
classical_ext,svc,6,laplacian_med_x0.3__svc__d6,laplacian_med_x0.3,ood_test,train_cv,10.0,0.8962714271427143,0.00982666015625,0.912,0.9136636758886845,0.9109614544041702,0.9013452914798207,0.9724805002361141,0.9569707369170626,port_protocol_service_ablation,39,36,3,ct_src_dport_ltm|ct_dst_sport_ltm|is_sm_ips_ports,ksf-v4-idsplit::
classical_ext,svc,6,laplacian_med_x3__svc__d6,laplacian_med_x3,id_val,fixed_c1,1.0,,0.009588479995727539,0.884,0.8691558441558442,0.8776391959629373,0.9055374592833876,0.9403896103896104,0.9358018648777053,port_protocol_service_ablation,39,36,3,ct_src_dport_ltm|ct_dst_sport_ltm|is_sm_ips_ports,ksf-v4-idsplit::
classical_ext,svc,6,laplacian_med_x3__svc__d6,laplacian_med_x3,id_test,fixed_c1,1.0,,0.009588479995727539,0.904,0.8909090909090909,0.8993018259935552,0.9210526315789473,0.9722727272727272,0.9781254033774334,port_protocol_service_ablation,39,36,3,ct_src_dport_ltm|ct_dst_sport_ltm|is_sm_ips_ports,ksf-v4-idsplit::
classical_ext,svc,6,laplacian_med_x3__svc__d6,laplacian_med_x3,ood_test,fixed_c1,1.0,,0.009588479995727539,0.9,0.9100486883457362,0.899806024463361,0.895397489539749,0.9466870756053476,0.8858079826746506,port_protocol_service_ablation,39,36,3,ct_src_dport_ltm|ct_dst_sport_ltm|is_sm_ips_ports,ksf-v4-idsplit::
classical_ext,svc,6,laplacian_med_x3__svc__d6,laplacian_med_x3,id_val,train_cv,10.0,0.8943314331433143,0.00781702995300293,0.88,0.8762987012987014,0.8777386541471048,0.8943661971830986,0.9462337662337662,0.9495384633798447,port_protocol_service_ablation,39,36,3,ct_src_dport_ltm|ct_dst_sport_ltm|is_sm_ips_ports,ksf-v4-idsplit::
classical_ext,svc,6,laplacian_med_x3__svc__d6,laplacian_med_x3,id_test,train_cv,10.0,0.8943314331433143,0.00781702995300293,0.9,0.9,0.8988198345501934,0.9097472924187726,0.9685714285714285,0.9737939490636628,port_protocol_service_ablation,39,36,3,ct_src_dport_ltm|ct_dst_sport_ltm|is_sm_ips_ports,ksf-v4-idsplit::
classical_ext,svc,6,laplacian_med_x3__svc__d6,laplacian_med_x3,ood_test,train_cv,10.0,0.8943314331433143,0.00781702995300293,0.912,0.9206493950595169,0.911723163841808,0.9067796610169492,0.971177802022439,0.9445094918706478,port_protocol_service_ablation,39,36,3,ct_src_dport_ltm|ct_dst_sport_ltm|is_sm_ips_ports,ksf-v4-idsplit::
classical_ext,svc,6,laplacian_med_x10__svc__d6,laplacian_med_x10,id_val,fixed_c1,1.0,,0.0050084590911865234,0.884,0.8691558441558442,0.8776391959629373,0.9055374592833876,0.9375974025974027,0.9293097986284633,port_protocol_service_ablation,39,36,3,ct_src_dport_ltm|ct_dst_sport_ltm|is_sm_ips_ports,ksf-v4-idsplit::
classical_ext,svc,6,laplacian_med_x10__svc__d6,laplacian_med_x10,id_test,fixed_c1,1.0,,0.0050084590911865234,0.904,0.8909090909090909,0.8993018259935552,0.9210526315789473,0.959935064935065,0.9610812405614593,port_protocol_service_ablation,39,36,3,ct_src_dport_ltm|ct_dst_sport_ltm|is_sm_ips_ports,ksf-v4-idsplit::
classical_ext,svc,6,laplacian_med_x10__svc__d6,laplacian_med_x10,ood_test,fixed_c1,1.0,,0.0050084590911865234,0.856,0.8695673413557832,0.8559792610135859,0.854251012145749,0.9076061291950954,0.7876077104573953,port_protocol_service_ablation,39,36,3,ct_src_dport_ltm|ct_dst_sport_ltm|is_sm_ips_ports,ksf-v4-idsplit::
classical_ext,svc,6,laplacian_med_x10__svc__d6,laplacian_med_x10,id_val,train_cv,100.0,0.9002518251825181,0.008222818374633789,0.884,0.8808441558441558,0.8819429743856964,0.8975265017667845,0.9424025974025974,0.9437575706605097,port_protocol_service_ablation,39,36,3,ct_src_dport_ltm|ct_dst_sport_ltm|is_sm_ips_ports,ksf-v4-idsplit::
classical_ext,svc,6,laplacian_med_x10__svc__d6,laplacian_med_x10,id_test,train_cv,100.0,0.9002518251825181,0.008222818374633789,0.9,0.9019480519480519,0.8991463749173001,0.9084249084249084,0.965064935064935,0.9689615204430045,port_protocol_service_ablation,39,36,3,ct_src_dport_ltm|ct_dst_sport_ltm|is_sm_ips_ports,ksf-v4-idsplit::
classical_ext,svc,6,laplacian_med_x10__svc__d6,laplacian_med_x10,ood_test,train_cv,100.0,0.9002518251825181,0.008222818374633789,0.92,0.9255670808161405,0.9194847020933977,0.9130434782608695,0.9568481216720133,0.9069827033486078,port_protocol_service_ablation,39,36,3,ct_src_dport_ltm|ct_dst_sport_ltm|is_sm_ips_ports,ksf-v4-idsplit::
classical_ext,svc,6,matern15_med_x0.1__svc__d6,matern15_med_x0.1,id_val,fixed_c1,1.0,,0.017992734909057617,0.876,0.8707792207792208,0.8732230783072419,0.89198606271777,0.9395454545454545,0.9293326510185054,port_protocol_service_ablation,39,36,3,ct_src_dport_ltm|ct_dst_sport_ltm|is_sm_ips_ports,ksf-v4-idsplit::
classical_ext,svc,6,matern15_med_x0.1__svc__d6,matern15_med_x0.1,id_test,fixed_c1,1.0,,0.017992734909057617,0.896,0.8935064935064935,0.8942676816969224,0.9078014184397163,0.9424675324675326,0.9337231717778318,port_protocol_service_ablation,39,36,3,ct_src_dport_ltm|ct_dst_sport_ltm|is_sm_ips_ports,ksf-v4-idsplit::
classical_ext,svc,6,matern15_med_x0.1__svc__d6,matern15_med_x0.1,ood_test,fixed_c1,1.0,,0.017992734909057617,0.906,0.908363322531794,0.9050117421654897,0.8953229398663697,0.9620914819820553,0.9239067385269767,port_protocol_service_ablation,39,36,3,ct_src_dport_ltm|ct_dst_sport_ltm|is_sm_ips_ports,ksf-v4-idsplit::
classical_ext,svc,6,matern15_med_x0.1__svc__d6,matern15_med_x0.1,id_val,train_cv,1.0,0.8853005300530054,0.008539438247680664,0.876,0.8707792207792208,0.8732230783072419,0.89198606271777,0.9395454545454545,0.9293326510185054,port_protocol_service_ablation,39,36,3,ct_src_dport_ltm|ct_dst_sport_ltm|is_sm_ips_ports,ksf-v4-idsplit::
classical_ext,svc,6,matern15_med_x0.1__svc__d6,matern15_med_x0.1,id_test,train_cv,1.0,0.8853005300530054,0.008539438247680664,0.896,0.8935064935064935,0.8942676816969224,0.9078014184397163,0.9424675324675326,0.9337231717778318,port_protocol_service_ablation,39,36,3,ct_src_dport_ltm|ct_dst_sport_ltm|is_sm_ips_ports,ksf-v4-idsplit::
classical_ext,svc,6,matern15_med_x0.1__svc__d6,matern15_med_x0.1,ood_test,train_cv,1.0,0.8853005300530054,0.008539438247680664,0.906,0.908363322531794,0.9050117421654897,0.8953229398663697,0.9620914819820553,0.9239067385269767,port_protocol_service_ablation,39,36,3,ct_src_dport_ltm|ct_dst_sport_ltm|is_sm_ips_ports,ksf-v4-idsplit::
classical_ext,svc,6,matern15_med_x0.3__svc__d6,matern15_med_x0.3,id_val,fixed_c1,1.0,,0.006585836410522461,0.876,0.8707792207792208,0.8732230783072419,0.89198606271777,0.9390909090909092,0.9328813854611397,port_protocol_service_ablation,39,36,3,ct_src_dport_ltm|ct_dst_sport_ltm|is_sm_ips_ports,ksf-v4-idsplit::
classical_ext,svc,6,matern15_med_x0.3__svc__d6,matern15_med_x0.3,id_test,fixed_c1,1.0,,0.006585836410522461,0.892,0.887012987012987,0.8895813907837267,0.9059233449477352,0.9496103896103896,0.9536525729490997,port_protocol_service_ablation,39,36,3,ct_src_dport_ltm|ct_dst_sport_ltm|is_sm_ips_ports,ksf-v4-idsplit::
classical_ext,svc,6,matern15_med_x0.3__svc__d6,matern15_med_x0.3,ood_test,fixed_c1,1.0,,0.006585836410522461,0.91,0.9188826106072201,0.9097367924868918,0.904862579281184,0.9639803943918841,0.9385027510420823,port_protocol_service_ablation,39,36,3,ct_src_dport_ltm|ct_dst_sport_ltm|is_sm_ips_ports,ksf-v4-idsplit::
classical_ext,svc,6,matern15_med_x0.3__svc__d6,matern15_med_x0.3,id_val,train_cv,10.0,0.8902710271027102,0.009166240692138672,0.888,0.8824675324675324,0.8853511530398324,0.9027777777777778,0.9287662337662338,0.9118723802487909,port_protocol_service_ablation,39,36,3,ct_src_dport_ltm|ct_dst_sport_ltm|is_sm_ips_ports,ksf-v4-idsplit::
classical_ext,svc,6,matern15_med_x0.3__svc__d6,matern15_med_x0.3,id_test,train_cv,10.0,0.8902710271027102,0.009166240692138672,0.892,0.8899350649350649,0.8903134597572271,0.9039145907473309,0.9379220779220779,0.9395079354727687,port_protocol_service_ablation,39,36,3,ct_src_dport_ltm|ct_dst_sport_ltm|is_sm_ips_ports,ksf-v4-idsplit::
classical_ext,svc,6,matern15_med_x0.3__svc__d6,matern15_med_x0.3,ood_test,train_cv,10.0,0.8902710271027102,0.009166240692138672,0.91,0.9124342544495285,0.9090537956903626,0.8997772828507795,0.9557082607350476,0.9204248804558798,port_protocol_service_ablation,39,36,3,ct_src_dport_ltm|ct_dst_sport_ltm|is_sm_ips_ports,ksf-v4-idsplit::
classical_ext,svc,6,matern15_med_x3__svc__d6,matern15_med_x3,id_val,fixed_c1,1.0,,0.0054514408111572266,0.884,0.8691558441558442,0.8776391959629373,0.9055374592833876,0.9358441558441558,0.9329070714103688,port_protocol_service_ablation,39,36,3,ct_src_dport_ltm|ct_dst_sport_ltm|is_sm_ips_ports,ksf-v4-idsplit::
classical_ext,svc,6,matern15_med_x3__svc__d6,matern15_med_x3,id_test,fixed_c1,1.0,,0.0054514408111572266,0.9,0.8863636363636364,0.8949138293400589,0.9180327868852459,0.9465584415584416,0.9326730664436882,port_protocol_service_ablation,39,36,3,ct_src_dport_ltm|ct_dst_sport_ltm|is_sm_ips_ports,ksf-v4-idsplit::
classical_ext,svc,6,matern15_med_x3__svc__d6,matern15_med_x3,ood_test,fixed_c1,1.0,,0.0054514408111572266,0.842,0.8529009460845777,0.8418576719047143,0.8371134020618557,0.8138444252658319,0.612879157227834,port_protocol_service_ablation,39,36,3,ct_src_dport_ltm|ct_dst_sport_ltm|is_sm_ips_ports,ksf-v4-idsplit::
classical_ext,svc,6,matern15_med_x3__svc__d6,matern15_med_x3,id_val,train_cv,100.0,0.8884409440944093,0.008913993835449219,0.872,0.8672077922077922,0.8692895889157571,0.8881118881118881,0.927922077922078,0.9084028679459414,port_protocol_service_ablation,39,36,3,ct_src_dport_ltm|ct_dst_sport_ltm|is_sm_ips_ports,ksf-v4-idsplit::
classical_ext,svc,6,matern15_med_x3__svc__d6,matern15_med_x3,id_test,train_cv,100.0,0.8884409440944093,0.008913993835449219,0.892,0.8909090909090909,0.8905269303751278,0.9032258064516129,0.9587662337662338,0.960731840341166,port_protocol_service_ablation,39,36,3,ct_src_dport_ltm|ct_dst_sport_ltm|is_sm_ips_ports,ksf-v4-idsplit::
classical_ext,svc,6,matern15_med_x3__svc__d6,matern15_med_x3,ood_test,train_cv,100.0,0.8884409440944093,0.008913993835449219,0.916,0.9241829639641106,0.9156965074267363,0.9106382978723404,0.9625962775398543,0.9089547204876092,port_protocol_service_ablation,39,36,3,ct_src_dport_ltm|ct_dst_sport_ltm|is_sm_ips_ports,ksf-v4-idsplit::
classical_ext,svc,6,matern15_med_x10__svc__d6,matern15_med_x10,id_val,fixed_c1,1.0,,0.009000301361083984,0.872,0.8633116883116883,0.8679083283798956,0.891156462585034,0.9451298701298702,0.9511533766850508,port_protocol_service_ablation,39,36,3,ct_src_dport_ltm|ct_dst_sport_ltm|is_sm_ips_ports,ksf-v4-idsplit::
classical_ext,svc,6,matern15_med_x10__svc__d6,matern15_med_x10,id_test,fixed_c1,1.0,,0.009000301361083984,0.88,0.8743506493506493,0.8771619496855346,0.8958333333333334,0.9537662337662337,0.9594181709771421,port_protocol_service_ablation,39,36,3,ct_src_dport_ltm|ct_dst_sport_ltm|is_sm_ips_ports,ksf-v4-idsplit::
classical_ext,svc,6,matern15_med_x10__svc__d6,matern15_med_x10,ood_test,fixed_c1,1.0,,0.009000301361083984,0.686,0.6737148067935712,0.6752427405375663,0.6161369193154034,0.7795183273354936,0.6119552261609993,port_protocol_service_ablation,39,36,3,ct_src_dport_ltm|ct_dst_sport_ltm|is_sm_ips_ports,ksf-v4-idsplit::
classical_ext,svc,6,matern15_med_x10__svc__d6,matern15_med_x10,id_val,train_cv,100.0,0.8631384138413841,0.011013269424438477,0.884,0.8691558441558442,0.8776391959629373,0.9055374592833876,0.9364935064935065,0.9374549591116386,port_protocol_service_ablation,39,36,3,ct_src_dport_ltm|ct_dst_sport_ltm|is_sm_ips_ports,ksf-v4-idsplit::
classical_ext,svc,6,matern15_med_x10__svc__d6,matern15_med_x10,id_test,train_cv,100.0,0.8631384138413841,0.011013269424438477,0.904,0.8909090909090909,0.8993018259935552,0.9210526315789473,0.9573376623376624,0.938569010848654,port_protocol_service_ablation,39,36,3,ct_src_dport_ltm|ct_dst_sport_ltm|is_sm_ips_ports,ksf-v4-idsplit::
classical_ext,svc,6,matern15_med_x10__svc__d6,matern15_med_x10,ood_test,train_cv,100.0,0.8631384138413841,0.011013269424438477,0.868,0.882854863135269,0.8679978879662075,0.8674698795180723,0.86881828988292,0.7012345615860056,port_protocol_service_ablation,39,36,3,ct_src_dport_ltm|ct_dst_sport_ltm|is_sm_ips_ports,ksf-v4-idsplit::
classical_ext,svc,6,matern25_med_x0.1__svc__d6,matern25_med_x0.1,id_val,fixed_c1,1.0,,0.009001016616821289,0.876,0.8707792207792208,0.8732230783072419,0.89198606271777,0.9393506493506493,0.927507737251995,port_protocol_service_ablation,39,36,3,ct_src_dport_ltm|ct_dst_sport_ltm|is_sm_ips_ports,ksf-v4-idsplit::
classical_ext,svc,6,matern25_med_x0.1__svc__d6,matern25_med_x0.1,id_test,fixed_c1,1.0,,0.009001016616821289,0.896,0.8935064935064935,0.8942676816969224,0.9078014184397163,0.943051948051948,0.9326497853006415,port_protocol_service_ablation,39,36,3,ct_src_dport_ltm|ct_dst_sport_ltm|is_sm_ips_ports,ksf-v4-idsplit::
classical_ext,svc,6,matern25_med_x0.1__svc__d6,matern25_med_x0.1,ood_test,fixed_c1,1.0,,0.009001016616821289,0.904,0.9065965380794971,0.9030303030303031,0.8933333333333333,0.9623031704417775,0.9310976342853143,port_protocol_service_ablation,39,36,3,ct_src_dport_ltm|ct_dst_sport_ltm|is_sm_ips_ports,ksf-v4-idsplit::
classical_ext,svc,6,matern25_med_x0.1__svc__d6,matern25_med_x0.1,id_val,train_cv,1.0,0.8872908290829085,0.008479595184326172,0.876,0.8707792207792208,0.8732230783072419,0.89198606271777,0.9393506493506493,0.927507737251995,port_protocol_service_ablation,39,36,3,ct_src_dport_ltm|ct_dst_sport_ltm|is_sm_ips_ports,ksf-v4-idsplit::
classical_ext,svc,6,matern25_med_x0.1__svc__d6,matern25_med_x0.1,id_test,train_cv,1.0,0.8872908290829085,0.008479595184326172,0.896,0.8935064935064935,0.8942676816969224,0.9078014184397163,0.943051948051948,0.9326497853006415,port_protocol_service_ablation,39,36,3,ct_src_dport_ltm|ct_dst_sport_ltm|is_sm_ips_ports,ksf-v4-idsplit::
classical_ext,svc,6,matern25_med_x0.1__svc__d6,matern25_med_x0.1,ood_test,train_cv,1.0,0.8872908290829085,0.008479595184326172,0.904,0.9065965380794971,0.9030303030303031,0.8933333333333333,0.9623031704417775,0.9310976342853143,port_protocol_service_ablation,39,36,3,ct_src_dport_ltm|ct_dst_sport_ltm|is_sm_ips_ports,ksf-v4-idsplit::
classical_ext,svc,6,matern25_med_x0.3__svc__d6,matern25_med_x0.3,id_val,fixed_c1,1.0,,0.009720087051391602,0.872,0.8672077922077922,0.8692895889157571,0.8881118881118881,0.9347402597402599,0.9308280867957587,port_protocol_service_ablation,39,36,3,ct_src_dport_ltm|ct_dst_sport_ltm|is_sm_ips_ports,ksf-v4-idsplit::
classical_ext,svc,6,matern25_med_x0.3__svc__d6,matern25_med_x0.3,id_test,fixed_c1,1.0,,0.009720087051391602,0.888,0.8834415584415585,0.8856283903012875,0.9020979020979021,0.9514285714285714,0.9574582210372276,port_protocol_service_ablation,39,36,3,ct_src_dport_ltm|ct_dst_sport_ltm|is_sm_ips_ports,ksf-v4-idsplit::
classical_ext,svc,6,matern25_med_x0.3__svc__d6,matern25_med_x0.3,ood_test,fixed_c1,1.0,,0.009720087051391602,0.91,0.9188826106072201,0.9097367924868918,0.904862579281184,0.9619449284330168,0.9274130898085641,port_protocol_service_ablation,39,36,3,ct_src_dport_ltm|ct_dst_sport_ltm|is_sm_ips_ports,ksf-v4-idsplit::
classical_ext,svc,6,matern25_med_x0.3__svc__d6,matern25_med_x0.3,id_val,train_cv,10.0,0.8972813281328132,0.01052093505859375,0.876,0.8698051948051948,0.87290706636711,0.8927335640138409,0.9334415584415583,0.9239719742879454,port_protocol_service_ablation,39,36,3,ct_src_dport_ltm|ct_dst_sport_ltm|is_sm_ips_ports,ksf-v4-idsplit::
classical_ext,svc,6,matern25_med_x0.3__svc__d6,matern25_med_x0.3,id_test,train_cv,10.0,0.8972813281328132,0.01052093505859375,0.892,0.888961038961039,0.8900848382211656,0.9045936395759717,0.9245454545454544,0.9339498630668133,port_protocol_service_ablation,39,36,3,ct_src_dport_ltm|ct_dst_sport_ltm|is_sm_ips_ports,ksf-v4-idsplit::
classical_ext,svc,6,matern25_med_x0.3__svc__d6,matern25_med_x0.3,ood_test,train_cv,10.0,0.8972813281328132,0.01052093505859375,0.91,0.9129716174626695,0.9091272581876341,0.9002217294900222,0.9494878767647489,0.9117738111479491,port_protocol_service_ablation,39,36,3,ct_src_dport_ltm|ct_dst_sport_ltm|is_sm_ips_ports,ksf-v4-idsplit::
classical_ext,svc,6,matern25_med_x3__svc__d6,matern25_med_x3,id_val,fixed_c1,1.0,,0.0056667327880859375,0.868,0.8607142857142858,0.8643516006511123,0.8865979381443299,0.9327272727272727,0.9225870805192453,port_protocol_service_ablation,39,36,3,ct_src_dport_ltm|ct_dst_sport_ltm|is_sm_ips_ports,ksf-v4-idsplit::
classical_ext,svc,6,matern25_med_x3__svc__d6,matern25_med_x3,id_test,fixed_c1,1.0,,0.0056667327880859375,0.876,0.8707792207792208,0.8732230783072419,0.89198606271777,0.9412337662337662,0.9289664032373827,port_protocol_service_ablation,39,36,3,ct_src_dport_ltm|ct_dst_sport_ltm|is_sm_ips_ports,ksf-v4-idsplit::
classical_ext,svc,6,matern25_med_x3__svc__d6,matern25_med_x3,ood_test,fixed_c1,1.0,,0.0056667327880859375,0.688,0.675481591245868,0.6770667726550079,0.6176470588235294,0.7824982494992754,0.5735951237088559,port_protocol_service_ablation,39,36,3,ct_src_dport_ltm|ct_dst_sport_ltm|is_sm_ips_ports,ksf-v4-idsplit::
classical_ext,svc,6,matern25_med_x3__svc__d6,matern25_med_x3,id_val,train_cv,100.0,0.8816203620362038,0.008682489395141602,0.872,0.8652597402597402,0.8686371100164203,0.8896551724137931,0.9417532467532468,0.9251869278164278,port_protocol_service_ablation,39,36,3,ct_src_dport_ltm|ct_dst_sport_ltm|is_sm_ips_ports,ksf-v4-idsplit::
classical_ext,svc,6,matern25_med_x3__svc__d6,matern25_med_x3,id_test,train_cv,100.0,0.8816203620362038,0.008682489395141602,0.892,0.887012987012987,0.8895813907837267,0.9059233449477352,0.9557142857142857,0.9383165775327543,port_protocol_service_ablation,39,36,3,ct_src_dport_ltm|ct_dst_sport_ltm|is_sm_ips_ports,ksf-v4-idsplit::
classical_ext,svc,6,matern25_med_x3__svc__d6,matern25_med_x3,ood_test,train_cv,100.0,0.8816203620362038,0.008682489395141602,0.918,0.9264871114295485,0.9177232209151587,0.9129511677282378,0.9399130448942372,0.8663686457666516,port_protocol_service_ablation,39,36,3,ct_src_dport_ltm|ct_dst_sport_ltm|is_sm_ips_ports,ksf-v4-idsplit::
classical_ext,svc,6,matern25_med_x10__svc__d6,matern25_med_x10,id_val,fixed_c1,1.0,,0.00800633430480957,0.772,0.7506493506493507,0.754356932305942,0.8201892744479495,0.9366883116883117,0.9492689264533818,port_protocol_service_ablation,39,36,3,ct_src_dport_ltm|ct_dst_sport_ltm|is_sm_ips_ports,ksf-v4-idsplit::
classical_ext,svc,6,matern25_med_x10__svc__d6,matern25_med_x10,id_test,fixed_c1,1.0,,0.00800633430480957,0.792,0.7753246753246753,0.780167748917749,0.8311688311688312,0.9420779220779221,0.954624818656038,port_protocol_service_ablation,39,36,3,ct_src_dport_ltm|ct_dst_sport_ltm|is_sm_ips_ports,ksf-v4-idsplit::
classical_ext,svc,6,matern25_med_x10__svc__d6,matern25_med_x10,ood_test,fixed_c1,1.0,,0.00800633430480957,0.542,0.5465063262282002,0.541337691626709,0.5239085239085239,0.7193988047743889,0.5762500203636244,port_protocol_service_ablation,39,36,3,ct_src_dport_ltm|ct_dst_sport_ltm|is_sm_ips_ports,ksf-v4-idsplit::
classical_ext,svc,6,matern25_med_x10__svc__d6,matern25_med_x10,id_val,train_cv,100.0,0.8436969696969697,0.00725245475769043,0.88,0.8694805194805195,0.8754070037876271,0.8993288590604027,0.9092207792207793,0.8812005493205851,port_protocol_service_ablation,39,36,3,ct_src_dport_ltm|ct_dst_sport_ltm|is_sm_ips_ports,ksf-v4-idsplit::
classical_ext,svc,6,matern25_med_x10__svc__d6,matern25_med_x10,id_test,train_cv,100.0,0.8436969696969697,0.00725245475769043,0.904,0.8957792207792208,0.9009312462849217,0.9183673469387755,0.9266883116883117,0.8919560001316182,port_protocol_service_ablation,39,36,3,ct_src_dport_ltm|ct_dst_sport_ltm|is_sm_ips_ports,ksf-v4-idsplit::
classical_ext,svc,6,matern25_med_x10__svc__d6,matern25_med_x10,ood_test,train_cv,100.0,0.8436969696969697,0.00725245475769043,0.772,0.772255784794255,0.7696969696969698,0.7466666666666667,0.8367067789158295,0.6678316088663546,port_protocol_service_ablation,39,36,3,ct_src_dport_ltm|ct_dst_sport_ltm|is_sm_ips_ports,ksf-v4-idsplit::
quantum,svc,6,zz_r1_full__as0.5__svc__d6,zz_r1_full__as0.5,id_val,fixed_c1,1.0,,0.009818315505981445,0.872,0.8652597402597402,0.8686371100164203,0.8896551724137931,0.941883116883117,0.9377753284198926,port_protocol_service_ablation,39,36,3,ct_src_dport_ltm|ct_dst_sport_ltm|is_sm_ips_ports,ksf-v4-idsplit::
quantum,svc,6,zz_r1_full__as0.5__svc__d6,zz_r1_full__as0.5,id_test,fixed_c1,1.0,,0.009818315505981445,0.888,0.8834415584415585,0.8856283903012875,0.9020979020979021,0.9455194805194806,0.9381844036696032,port_protocol_service_ablation,39,36,3,ct_src_dport_ltm|ct_dst_sport_ltm|is_sm_ips_ports,ksf-v4-idsplit::
quantum,svc,6,zz_r1_full__as0.5__svc__d6,zz_r1_full__as0.5,ood_test,fixed_c1,1.0,,0.009818315505981445,0.902,0.9059044796534823,0.9011997177134792,0.8923076923076924,0.9519304359153898,0.9049864800746624,port_protocol_service_ablation,39,36,3,ct_src_dport_ltm|ct_dst_sport_ltm|is_sm_ips_ports,ksf-v4-idsplit::
quantum,svc,6,zz_r1_full__as0.5__svc__d6,zz_r1_full__as0.5,id_val,train_cv,10.0,0.8803003300330033,0.016000032424926758,0.888,0.8824675324675324,0.8853511530398324,0.9027777777777778,0.9248051948051947,0.8794213907214938,port_protocol_service_ablation,39,36,3,ct_src_dport_ltm|ct_dst_sport_ltm|is_sm_ips_ports,ksf-v4-idsplit::
quantum,svc,6,zz_r1_full__as0.5__svc__d6,zz_r1_full__as0.5,id_test,train_cv,10.0,0.8803003300330033,0.016000032424926758,0.892,0.8918831168831169,0.8907254213142088,0.9025270758122743,0.91987012987013,0.9043432282856301,port_protocol_service_ablation,39,36,3,ct_src_dport_ltm|ct_dst_sport_ltm|is_sm_ips_ports,ksf-v4-idsplit::
quantum,svc,6,zz_r1_full__as0.5__svc__d6,zz_r1_full__as0.5,ood_test,train_cv,10.0,0.8803003300330033,0.016000032424926758,0.884,0.8803308853462735,0.881543689954905,0.8644859813084113,0.9484782856491507,0.8588808663170444,port_protocol_service_ablation,39,36,3,ct_src_dport_ltm|ct_dst_sport_ltm|is_sm_ips_ports,ksf-v4-idsplit::
quantum,svc,6,zz_r2_full__as0.5__svc__d6,zz_r2_full__as0.5,id_val,fixed_c1,1.0,,0.013007640838623047,0.88,0.8743506493506493,0.8771619496855346,0.8958333333333334,0.9354545454545455,0.916580538881001,port_protocol_service_ablation,39,36,3,ct_src_dport_ltm|ct_dst_sport_ltm|is_sm_ips_ports,ksf-v4-idsplit::
quantum,svc,6,zz_r2_full__as0.5__svc__d6,zz_r2_full__as0.5,id_test,fixed_c1,1.0,,0.013007640838623047,0.888,0.8853896103896104,0.8861344264428395,0.900709219858156,0.9396753246753247,0.9428109474399745,port_protocol_service_ablation,39,36,3,ct_src_dport_ltm|ct_dst_sport_ltm|is_sm_ips_ports,ksf-v4-idsplit::
quantum,svc,6,zz_r2_full__as0.5__svc__d6,zz_r2_full__as0.5,ood_test,fixed_c1,1.0,,0.013007640838623047,0.878,0.875030531989383,0.8756315267963088,0.8584686774941995,0.9599583136571623,0.9363796095287149,port_protocol_service_ablation,39,36,3,ct_src_dport_ltm|ct_dst_sport_ltm|is_sm_ips_ports,ksf-v4-idsplit::
quantum,svc,6,zz_r2_full__as0.5__svc__d6,zz_r2_full__as0.5,id_val,train_cv,1.0,0.8701498149814981,0.007999181747436523,0.88,0.8743506493506493,0.8771619496855346,0.8958333333333334,0.9354545454545455,0.916580538881001,port_protocol_service_ablation,39,36,3,ct_src_dport_ltm|ct_dst_sport_ltm|is_sm_ips_ports,ksf-v4-idsplit::
quantum,svc,6,zz_r2_full__as0.5__svc__d6,zz_r2_full__as0.5,id_test,train_cv,1.0,0.8701498149814981,0.007999181747436523,0.888,0.8853896103896104,0.8861344264428395,0.900709219858156,0.9396753246753247,0.9428109474399745,port_protocol_service_ablation,39,36,3,ct_src_dport_ltm|ct_dst_sport_ltm|is_sm_ips_ports,ksf-v4-idsplit::
quantum,svc,6,zz_r2_full__as0.5__svc__d6,zz_r2_full__as0.5,ood_test,train_cv,1.0,0.8701498149814981,0.007999181747436523,0.878,0.875030531989383,0.8756315267963088,0.8584686774941995,0.9599583136571623,0.9363796095287149,port_protocol_service_ablation,39,36,3,ct_src_dport_ltm|ct_dst_sport_ltm|is_sm_ips_ports,ksf-v4-idsplit::
quantum,svc,6,pauli_xz_r1_full__as0.5__svc__d6,pauli_xz_r1_full__as0.5,id_val,fixed_c1,1.0,,0.006999015808105469,0.864,0.8590909090909091,0.861120188222992,0.8811188811188811,0.9354545454545455,0.9093179145294523,port_protocol_service_ablation,39,36,3,ct_src_dport_ltm|ct_dst_sport_ltm|is_sm_ips_ports,ksf-v4-idsplit::
quantum,svc,6,pauli_xz_r1_full__as0.5__svc__d6,pauli_xz_r1_full__as0.5,id_test,fixed_c1,1.0,,0.006999015808105469,0.888,0.8824675324675324,0.8853511530398324,0.9027777777777778,0.9538961038961039,0.9461872703500429,port_protocol_service_ablation,39,36,3,ct_src_dport_ltm|ct_dst_sport_ltm|is_sm_ips_ports,ksf-v4-idsplit::
quantum,svc,6,pauli_xz_r1_full__as0.5__svc__d6,pauli_xz_r1_full__as0.5,ood_test,fixed_c1,1.0,,0.006999015808105469,0.914,0.9229535425249549,0.9137484905985855,0.9090909090909091,0.9259741740079139,0.8377922497482374,port_protocol_service_ablation,39,36,3,ct_src_dport_ltm|ct_dst_sport_ltm|is_sm_ips_ports,ksf-v4-idsplit::
quantum,svc,6,pauli_xz_r1_full__as0.5__svc__d6,pauli_xz_r1_full__as0.5,id_val,train_cv,100.0,0.8934013401340135,0.019819021224975586,0.884,0.8808441558441558,0.8819429743856964,0.8975265017667845,0.9397402597402598,0.9195580275134121,port_protocol_service_ablation,39,36,3,ct_src_dport_ltm|ct_dst_sport_ltm|is_sm_ips_ports,ksf-v4-idsplit::
quantum,svc,6,pauli_xz_r1_full__as0.5__svc__d6,pauli_xz_r1_full__as0.5,id_test,train_cv,100.0,0.8934013401340135,0.019819021224975586,0.888,0.8863636363636364,0.8863636363636364,0.9,0.9506493506493506,0.9473623592375885,port_protocol_service_ablation,39,36,3,ct_src_dport_ltm|ct_dst_sport_ltm|is_sm_ips_ports,ksf-v4-idsplit::
quantum,svc,6,pauli_xz_r1_full__as0.5__svc__d6,pauli_xz_r1_full__as0.5,ood_test,train_cv,100.0,0.8934013401340135,0.019819021224975586,0.944,0.9456937682174202,0.9432886123533606,0.9369369369369369,0.9606747976746837,0.900324367277686,port_protocol_service_ablation,39,36,3,ct_src_dport_ltm|ct_dst_sport_ltm|is_sm_ips_ports,ksf-v4-idsplit::
quantum,svc,6,zmap_r2__as0.5__svc__d6,zmap_r2__as0.5,id_val,fixed_c1,1.0,,0.00700068473815918,0.864,0.8590909090909091,0.861120188222992,0.8811188811188811,0.9347402597402596,0.9054869587130076,port_protocol_service_ablation,39,36,3,ct_src_dport_ltm|ct_dst_sport_ltm|is_sm_ips_ports,ksf-v4-idsplit::
quantum,svc,6,zmap_r2__as0.5__svc__d6,zmap_r2__as0.5,id_test,fixed_c1,1.0,,0.00700068473815918,0.888,0.8834415584415585,0.8856283903012875,0.9020979020979021,0.9616233766233766,0.9630728749070007,port_protocol_service_ablation,39,36,3,ct_src_dport_ltm|ct_dst_sport_ltm|is_sm_ips_ports,ksf-v4-idsplit::
quantum,svc,6,zmap_r2__as0.5__svc__d6,zmap_r2__as0.5,ood_test,fixed_c1,1.0,,0.00700068473815918,0.912,0.921186758072658,0.9117614028332611,0.9071729957805907,0.9345231310351566,0.8363052605248325,port_protocol_service_ablation,39,36,3,ct_src_dport_ltm|ct_dst_sport_ltm|is_sm_ips_ports,ksf-v4-idsplit::
quantum,svc,6,zmap_r2__as0.5__svc__d6,zmap_r2__as0.5,id_val,train_cv,100.0,0.8933310331033104,0.01885056495666504,0.884,0.8808441558441558,0.8819429743856964,0.8975265017667845,0.9530519480519479,0.9366719352738242,port_protocol_service_ablation,39,36,3,ct_src_dport_ltm|ct_dst_sport_ltm|is_sm_ips_ports,ksf-v4-idsplit::
quantum,svc,6,zmap_r2__as0.5__svc__d6,zmap_r2__as0.5,id_test,train_cv,100.0,0.8933310331033104,0.01885056495666504,0.896,0.8944805194805194,0.8944805194805194,0.9071428571428571,0.9477922077922077,0.9371802033106238,port_protocol_service_ablation,39,36,3,ct_src_dport_ltm|ct_dst_sport_ltm|is_sm_ips_ports,ksf-v4-idsplit::
quantum,svc,6,zmap_r2__as0.5__svc__d6,zmap_r2__as0.5,ood_test,train_cv,100.0,0.8933310331033104,0.01885056495666504,0.934,0.9347103939033724,0.9330680393803317,0.9251700680272109,0.9466707918776766,0.8993561335104225,port_protocol_service_ablation,39,36,3,ct_src_dport_ltm|ct_dst_sport_ltm|is_sm_ips_ports,ksf-v4-idsplit::
quantum,svc,6,zz_r1_full__svc__d6,zz_r1_full,id_val,fixed_c1,1.0,,0.009000062942504883,0.884,0.877922077922078,0.8811066104724578,0.8996539792387543,0.9241558441558442,0.902406781161468,port_protocol_service_ablation,39,36,3,ct_src_dport_ltm|ct_dst_sport_ltm|is_sm_ips_ports,ksf-v4-idsplit::
quantum,svc,6,zz_r1_full__svc__d6,zz_r1_full,id_test,fixed_c1,1.0,,0.009000062942504883,0.892,0.8879870129870129,0.8898408812729499,0.9052631578947369,0.9431818181818181,0.9167744614001851,port_protocol_service_ablation,39,36,3,ct_src_dport_ltm|ct_dst_sport_ltm|is_sm_ips_ports,ksf-v4-idsplit::
quantum,svc,6,zz_r1_full__svc__d6,zz_r1_full,ood_test,fixed_c1,1.0,,0.009000062942504883,0.894,0.8923889856866034,0.8921778049028584,0.8781609195402299,0.9571086613147481,0.9150170278449512,port_protocol_service_ablation,39,36,3,ct_src_dport_ltm|ct_dst_sport_ltm|is_sm_ips_ports,ksf-v4-idsplit::
quantum,svc,6,zz_r1_full__svc__d6,zz_r1_full,id_val,train_cv,1.0,0.8812102210221022,0.008000373840332031,0.884,0.877922077922078,0.8811066104724578,0.8996539792387543,0.9241558441558442,0.902406781161468,port_protocol_service_ablation,39,36,3,ct_src_dport_ltm|ct_dst_sport_ltm|is_sm_ips_ports,ksf-v4-idsplit::
quantum,svc,6,zz_r1_full__svc__d6,zz_r1_full,id_test,train_cv,1.0,0.8812102210221022,0.008000373840332031,0.892,0.8879870129870129,0.8898408812729499,0.9052631578947369,0.9431818181818181,0.9167744614001851,port_protocol_service_ablation,39,36,3,ct_src_dport_ltm|ct_dst_sport_ltm|is_sm_ips_ports,ksf-v4-idsplit::
quantum,svc,6,zz_r1_full__svc__d6,zz_r1_full,ood_test,train_cv,1.0,0.8812102210221022,0.008000373840332031,0.894,0.8923889856866034,0.8921778049028584,0.8781609195402299,0.9571086613147481,0.9150170278449512,port_protocol_service_ablation,39,36,3,ct_src_dport_ltm|ct_dst_sport_ltm|is_sm_ips_ports,ksf-v4-idsplit::
quantum,svc,6,zz_r2_full__svc__d6,zz_r2_full,id_val,fixed_c1,1.0,,0.011045217514038086,0.856,0.8500000000000001,0.8525943396226415,0.875,0.9114935064935065,0.8815659369597981,port_protocol_service_ablation,39,36,3,ct_src_dport_ltm|ct_dst_sport_ltm|is_sm_ips_ports,ksf-v4-idsplit::
quantum,svc,6,zz_r2_full__svc__d6,zz_r2_full,id_test,fixed_c1,1.0,,0.011045217514038086,0.892,0.8899350649350649,0.8903134597572271,0.9039145907473309,0.9290909090909091,0.929783900839047,port_protocol_service_ablation,39,36,3,ct_src_dport_ltm|ct_dst_sport_ltm|is_sm_ips_ports,ksf-v4-idsplit::
quantum,svc,6,zz_r2_full__svc__d6,zz_r2_full,ood_test,fixed_c1,1.0,,0.011045217514038086,0.84,0.8280275520672192,0.8333333333333334,0.8,0.939685072706844,0.8960154049889256,port_protocol_service_ablation,39,36,3,ct_src_dport_ltm|ct_dst_sport_ltm|is_sm_ips_ports,ksf-v4-idsplit::
quantum,svc,6,zz_r2_full__svc__d6,zz_r2_full,id_val,train_cv,1.0,0.8639192919291929,0.011000633239746094,0.856,0.8500000000000001,0.8525943396226415,0.875,0.9114935064935065,0.8815659369597981,port_protocol_service_ablation,39,36,3,ct_src_dport_ltm|ct_dst_sport_ltm|is_sm_ips_ports,ksf-v4-idsplit::
quantum,svc,6,zz_r2_full__svc__d6,zz_r2_full,id_test,train_cv,1.0,0.8639192919291929,0.011000633239746094,0.892,0.8899350649350649,0.8903134597572271,0.9039145907473309,0.9290909090909091,0.929783900839047,port_protocol_service_ablation,39,36,3,ct_src_dport_ltm|ct_dst_sport_ltm|is_sm_ips_ports,ksf-v4-idsplit::
quantum,svc,6,zz_r2_full__svc__d6,zz_r2_full,ood_test,train_cv,1.0,0.8639192919291929,0.011000633239746094,0.84,0.8280275520672192,0.8333333333333334,0.8,0.939685072706844,0.8960154049889256,port_protocol_service_ablation,39,36,3,ct_src_dport_ltm|ct_dst_sport_ltm|is_sm_ips_ports,ksf-v4-idsplit::
quantum,svc,6,pauli_xz_r1_full__svc__d6,pauli_xz_r1_full,id_val,fixed_c1,1.0,,0.006005764007568359,0.868,0.8636363636363636,0.8653610771113831,0.8842105263157894,0.9371428571428572,0.9301902243359226,port_protocol_service_ablation,39,36,3,ct_src_dport_ltm|ct_dst_sport_ltm|is_sm_ips_ports,ksf-v4-idsplit::
quantum,svc,6,pauli_xz_r1_full__svc__d6,pauli_xz_r1_full,id_test,fixed_c1,1.0,,0.006005764007568359,0.892,0.888961038961039,0.8900848382211656,0.9045936395759717,0.9577272727272728,0.9484900904011978,port_protocol_service_ablation,39,36,3,ct_src_dport_ltm|ct_dst_sport_ltm|is_sm_ips_ports,ksf-v4-idsplit::
quantum,svc,6,pauli_xz_r1_full__svc__d6,pauli_xz_r1_full,ood_test,fixed_c1,1.0,,0.006005764007568359,0.912,0.9206493950595169,0.911723163841808,0.9067796610169492,0.9577437266939148,0.9118176183252422,port_protocol_service_ablation,39,36,3,ct_src_dport_ltm|ct_dst_sport_ltm|is_sm_ips_ports,ksf-v4-idsplit::
quantum,svc,6,pauli_xz_r1_full__svc__d6,pauli_xz_r1_full,id_val,train_cv,10.0,0.8903908390839084,0.010532140731811523,0.888,0.8834415584415585,0.8856283903012875,0.9020979020979021,0.9433116883116883,0.926235813096403,port_protocol_service_ablation,39,36,3,ct_src_dport_ltm|ct_dst_sport_ltm|is_sm_ips_ports,ksf-v4-idsplit::
quantum,svc,6,pauli_xz_r1_full__svc__d6,pauli_xz_r1_full,id_test,train_cv,10.0,0.8903908390839084,0.010532140731811523,0.904,0.9016233766233765,0.9024009369510053,0.9148936170212766,0.9431818181818181,0.9469866201325962,port_protocol_service_ablation,39,36,3,ct_src_dport_ltm|ct_dst_sport_ltm|is_sm_ips_ports,ksf-v4-idsplit::
quantum,svc,6,pauli_xz_r1_full__svc__d6,pauli_xz_r1_full,ood_test,train_cv,10.0,0.8903908390839084,0.010532140731811523,0.93,0.9333262770513426,0.9293212008126042,0.9223946784922394,0.9663903860871831,0.9060686271004063,port_protocol_service_ablation,39,36,3,ct_src_dport_ltm|ct_dst_sport_ltm|is_sm_ips_ports,ksf-v4-idsplit::
quantum,svc,6,zmap_r2__svc__d6,zmap_r2,id_val,fixed_c1,1.0,,0.0060007572174072266,0.86,0.8555194805194806,0.8572011423908609,0.8771929824561403,0.950974025974026,0.9641007693489614,port_protocol_service_ablation,39,36,3,ct_src_dport_ltm|ct_dst_sport_ltm|is_sm_ips_ports,ksf-v4-idsplit::
quantum,svc,6,zmap_r2__svc__d6,zmap_r2,id_test,fixed_c1,1.0,,0.0060007572174072266,0.896,0.8915584415584416,0.8937977909940527,0.9090909090909091,0.952922077922078,0.9441336521413458,port_protocol_service_ablation,39,36,3,ct_src_dport_ltm|ct_dst_sport_ltm|is_sm_ips_ports,ksf-v4-idsplit::
quantum,svc,6,zmap_r2__svc__d6,zmap_r2,ood_test,fixed_c1,1.0,,0.0060007572174072266,0.886,0.8901581149956848,0.8851505736426611,0.87527352297593,0.9485759880151764,0.905162656272658,port_protocol_service_ablation,39,36,3,ct_src_dport_ltm|ct_dst_sport_ltm|is_sm_ips_ports,ksf-v4-idsplit::
quantum,svc,6,zmap_r2__svc__d6,zmap_r2,id_val,train_cv,10.0,0.8853104310431045,0.011704206466674805,0.888,0.8814935064935066,0.8850574712643678,0.903448275862069,0.945974025974026,0.949417916349784,port_protocol_service_ablation,39,36,3,ct_src_dport_ltm|ct_dst_sport_ltm|is_sm_ips_ports,ksf-v4-idsplit::
quantum,svc,6,zmap_r2__svc__d6,zmap_r2,id_test,train_cv,10.0,0.8853104310431045,0.011704206466674805,0.9,0.897077922077922,0.8982267020566348,0.911660777385159,0.9417532467532467,0.9350889108057526,port_protocol_service_ablation,39,36,3,ct_src_dport_ltm|ct_dst_sport_ltm|is_sm_ips_ports,ksf-v4-idsplit::
quantum,svc,6,zmap_r2__svc__d6,zmap_r2,ood_test,train_cv,10.0,0.8853104310431045,0.011704206466674805,0.9,0.9019882431486216,0.8989065734989647,0.8883928571428571,0.9481363273680612,0.8914373647838224,port_protocol_service_ablation,39,36,3,ct_src_dport_ltm|ct_dst_sport_ltm|is_sm_ips_ports,ksf-v4-idsplit::
quantum,svc,6,zz_r1_full__as2__svc__d6,zz_r1_full__as2,id_val,fixed_c1,1.0,,0.009012937545776367,0.86,0.8574675324675325,0.8578137441297389,0.8754448398576512,0.9326623376623375,0.9269215774464092,port_protocol_service_ablation,39,36,3,ct_src_dport_ltm|ct_dst_sport_ltm|is_sm_ips_ports,ksf-v4-idsplit::
quantum,svc,6,zz_r1_full__as2__svc__d6,zz_r1_full__as2,id_test,fixed_c1,1.0,,0.009012937545776367,0.868,0.8675324675324676,0.8664421816062553,0.8808664259927798,0.9449350649350651,0.9602820907774372,port_protocol_service_ablation,39,36,3,ct_src_dport_ltm|ct_dst_sport_ltm|is_sm_ips_ports,ksf-v4-idsplit::
quantum,svc,6,zz_r1_full__as2__svc__d6,zz_r1_full__as2,ood_test,fixed_c1,1.0,,0.009012937545776367,0.866,0.8595935581573334,0.8623885244352795,0.8400954653937948,0.9490807835729754,0.9242961299457905,port_protocol_service_ablation,39,36,3,ct_src_dport_ltm|ct_dst_sport_ltm|is_sm_ips_ports,ksf-v4-idsplit::
quantum,svc,6,zz_r1_full__as2__svc__d6,zz_r1_full__as2,id_val,train_cv,1.0,0.842017901790179,0.01150965690612793,0.86,0.8574675324675325,0.8578137441297389,0.8754448398576512,0.9326623376623375,0.9269215774464092,port_protocol_service_ablation,39,36,3,ct_src_dport_ltm|ct_dst_sport_ltm|is_sm_ips_ports,ksf-v4-idsplit::
quantum,svc,6,zz_r1_full__as2__svc__d6,zz_r1_full__as2,id_test,train_cv,1.0,0.842017901790179,0.01150965690612793,0.868,0.8675324675324676,0.8664421816062553,0.8808664259927798,0.9449350649350651,0.9602820907774372,port_protocol_service_ablation,39,36,3,ct_src_dport_ltm|ct_dst_sport_ltm|is_sm_ips_ports,ksf-v4-idsplit::
quantum,svc,6,zz_r1_full__as2__svc__d6,zz_r1_full__as2,ood_test,train_cv,1.0,0.842017901790179,0.01150965690612793,0.866,0.8595935581573334,0.8623885244352795,0.8400954653937948,0.9490807835729754,0.9242961299457905,port_protocol_service_ablation,39,36,3,ct_src_dport_ltm|ct_dst_sport_ltm|is_sm_ips_ports,ksf-v4-idsplit::
quantum,svc,6,zz_r2_full__as2__svc__d6,zz_r2_full__as2,id_val,fixed_c1,1.0,,0.010999917984008789,0.808,0.810064935064935,0.8067632850241546,0.8222222222222222,0.9043506493506493,0.9189101281697358,port_protocol_service_ablation,39,36,3,ct_src_dport_ltm|ct_dst_sport_ltm|is_sm_ips_ports,ksf-v4-idsplit::
quantum,svc,6,zz_r2_full__as2__svc__d6,zz_r2_full__as2,id_test,fixed_c1,1.0,,0.010999917984008789,0.828,0.8327922077922078,0.8273785628261743,0.8377358490566038,0.9025974025974026,0.9314127438285724,port_protocol_service_ablation,39,36,3,ct_src_dport_ltm|ct_dst_sport_ltm|is_sm_ips_ports,ksf-v4-idsplit::
quantum,svc,6,zz_r2_full__as2__svc__d6,zz_r2_full__as2,ood_test,fixed_c1,1.0,,0.010999917984008789,0.806,0.7867075931022129,0.7930666666666666,0.7413333333333333,0.9281561935158196,0.9126443851844638,port_protocol_service_ablation,39,36,3,ct_src_dport_ltm|ct_dst_sport_ltm|is_sm_ips_ports,ksf-v4-idsplit::
quantum,svc,6,zz_r2_full__as2__svc__d6,zz_r2_full__as2,id_val,train_cv,1.0,0.8125449544954495,0.009018898010253906,0.808,0.810064935064935,0.8067632850241546,0.8222222222222222,0.9043506493506493,0.9189101281697358,port_protocol_service_ablation,39,36,3,ct_src_dport_ltm|ct_dst_sport_ltm|is_sm_ips_ports,ksf-v4-idsplit::
quantum,svc,6,zz_r2_full__as2__svc__d6,zz_r2_full__as2,id_test,train_cv,1.0,0.8125449544954495,0.009018898010253906,0.828,0.8327922077922078,0.8273785628261743,0.8377358490566038,0.9025974025974026,0.9314127438285724,port_protocol_service_ablation,39,36,3,ct_src_dport_ltm|ct_dst_sport_ltm|is_sm_ips_ports,ksf-v4-idsplit::
quantum,svc,6,zz_r2_full__as2__svc__d6,zz_r2_full__as2,ood_test,train_cv,1.0,0.8125449544954495,0.009018898010253906,0.806,0.7867075931022129,0.7930666666666666,0.7413333333333333,0.9281561935158196,0.9126443851844638,port_protocol_service_ablation,39,36,3,ct_src_dport_ltm|ct_dst_sport_ltm|is_sm_ips_ports,ksf-v4-idsplit::
quantum,svc,6,pauli_xz_r1_full__as2__svc__d6,pauli_xz_r1_full__as2,id_val,fixed_c1,1.0,,0.009315013885498047,0.872,0.8652597402597402,0.8686371100164203,0.8896551724137931,0.9304545454545454,0.9208187079074301,port_protocol_service_ablation,39,36,3,ct_src_dport_ltm|ct_dst_sport_ltm|is_sm_ips_ports,ksf-v4-idsplit::
quantum,svc,6,pauli_xz_r1_full__as2__svc__d6,pauli_xz_r1_full__as2,id_test,fixed_c1,1.0,,0.009315013885498047,0.88,0.8772727272727272,0.8780011711887565,0.8936170212765957,0.9442207792207793,0.9353132365494349,port_protocol_service_ablation,39,36,3,ct_src_dport_ltm|ct_dst_sport_ltm|is_sm_ips_ports,ksf-v4-idsplit::
quantum,svc,6,pauli_xz_r1_full__as2__svc__d6,pauli_xz_r1_full__as2,ood_test,fixed_c1,1.0,,0.009315013885498047,0.906,0.9131995896500626,0.9055887445713529,0.8993576017130621,0.9536402273208383,0.886792399701867,port_protocol_service_ablation,39,36,3,ct_src_dport_ltm|ct_dst_sport_ltm|is_sm_ips_ports,ksf-v4-idsplit::
quantum,svc,6,pauli_xz_r1_full__as2__svc__d6,pauli_xz_r1_full__as2,id_val,train_cv,10.0,0.8843205320532054,0.011718034744262695,0.88,0.8772727272727272,0.8780011711887565,0.8936170212765957,0.9357792207792208,0.918612607035904,port_protocol_service_ablation,39,36,3,ct_src_dport_ltm|ct_dst_sport_ltm|is_sm_ips_ports,ksf-v4-idsplit::
quantum,svc,6,pauli_xz_r1_full__as2__svc__d6,pauli_xz_r1_full__as2,id_test,train_cv,10.0,0.8843205320532054,0.011718034744262695,0.884,0.8818181818181818,0.882188530850355,0.896797153024911,0.9274025974025975,0.9254443341841937,port_protocol_service_ablation,39,36,3,ct_src_dport_ltm|ct_dst_sport_ltm|is_sm_ips_ports,ksf-v4-idsplit::
quantum,svc,6,pauli_xz_r1_full__as2__svc__d6,pauli_xz_r1_full__as2,ood_test,train_cv,10.0,0.8843205320532054,0.011718034744262695,0.92,0.9239549917767176,0.91931709993384,0.9118942731277533,0.9663578186318412,0.9164902769422353,port_protocol_service_ablation,39,36,3,ct_src_dport_ltm|ct_dst_sport_ltm|is_sm_ips_ports,ksf-v4-idsplit::
quantum,svc,6,zmap_r2__as2__svc__d6,zmap_r2__as2,id_val,fixed_c1,1.0,,0.007508754730224609,0.872,0.8672077922077922,0.8692895889157571,0.8881118881118881,0.922987012987013,0.8849414549445493,port_protocol_service_ablation,39,36,3,ct_src_dport_ltm|ct_dst_sport_ltm|is_sm_ips_ports,ksf-v4-idsplit::
quantum,svc,6,zmap_r2__as2__svc__d6,zmap_r2__as2,id_test,fixed_c1,1.0,,0.007508754730224609,0.888,0.8863636363636364,0.8863636363636364,0.9,0.9408441558441559,0.9444226607244999,port_protocol_service_ablation,39,36,3,ct_src_dport_ltm|ct_dst_sport_ltm|is_sm_ips_ports,ksf-v4-idsplit::
quantum,svc,6,zmap_r2__as2__svc__d6,zmap_r2__as2,ood_test,fixed_c1,1.0,,0.007508754730224609,0.886,0.8885460259562619,0.8848945270376698,0.8736141906873615,0.9434791812541726,0.8946258035690572,port_protocol_service_ablation,39,36,3,ct_src_dport_ltm|ct_dst_sport_ltm|is_sm_ips_ports,ksf-v4-idsplit::
quantum,svc,6,zmap_r2__as2__svc__d6,zmap_r2__as2,id_val,train_cv,10.0,0.8891310131013102,0.014774084091186523,0.884,0.8808441558441558,0.8819429743856964,0.8975265017667845,0.9304545454545454,0.9076306706064304,port_protocol_service_ablation,39,36,3,ct_src_dport_ltm|ct_dst_sport_ltm|is_sm_ips_ports,ksf-v4-idsplit::
quantum,svc,6,zmap_r2__as2__svc__d6,zmap_r2__as2,id_test,train_cv,10.0,0.8891310131013102,0.014774084091186523,0.876,0.8746753246753247,0.8743086978381096,0.8888888888888888,0.9279870129870129,0.9315897141137667,port_protocol_service_ablation,39,36,3,ct_src_dport_ltm|ct_dst_sport_ltm|is_sm_ips_ports,ksf-v4-idsplit::
quantum,svc,6,zmap_r2__as2__svc__d6,zmap_r2__as2,ood_test,train_cv,10.0,0.8891310131013102,0.014774084091186523,0.896,0.8946931331520411,0.8942676816969224,0.8807339449541285,0.9441630978163522,0.9153255889492531,port_protocol_service_ablation,39,36,3,ct_src_dport_ltm|ct_dst_sport_ltm|is_sm_ips_ports,ksf-v4-idsplit::
classical_ext,svc,8,linear__svc__d8,linear,id_val,fixed_c1,1.0,,0.006665945053100586,0.852,0.8542207792207792,0.8509482911423001,0.8634686346863468,0.9345454545454545,0.940441274364866,port_protocol_service_ablation,39,36,3,ct_src_dport_ltm|ct_dst_sport_ltm|is_sm_ips_ports,ksf-v4-idsplit::
classical_ext,svc,8,linear__svc__d8,linear,id_test,fixed_c1,1.0,,0.006665945053100586,0.852,0.8551948051948053,0.8511401857126764,0.862453531598513,0.9414935064935066,0.9437790405750981,port_protocol_service_ablation,39,36,3,ct_src_dport_ltm|ct_dst_sport_ltm|is_sm_ips_ports,ksf-v4-idsplit::
classical_ext,svc,8,linear__svc__d8,linear,ood_test,fixed_c1,1.0,,0.006665945053100586,0.686,0.6694159026884434,0.6709299059739846,0.6005089058524173,0.691911872465845,0.5323251872675916,port_protocol_service_ablation,39,36,3,ct_src_dport_ltm|ct_dst_sport_ltm|is_sm_ips_ports,ksf-v4-idsplit::
classical_ext,svc,8,linear__svc__d8,linear,id_val,train_cv,100.0,0.8163048304830482,0.017999887466430664,0.868,0.8626623376623377,0.8650439220689994,0.8850174216027874,0.9255194805194805,0.9269672523352405,port_protocol_service_ablation,39,36,3,ct_src_dport_ltm|ct_dst_sport_ltm|is_sm_ips_ports,ksf-v4-idsplit::
classical_ext,svc,8,linear__svc__d8,linear,id_test,train_cv,100.0,0.8163048304830482,0.017999887466430664,0.852,0.8503246753246754,0.8499813490325825,0.8673835125448028,0.9314935064935065,0.941783689217442,port_protocol_service_ablation,39,36,3,ct_src_dport_ltm|ct_dst_sport_ltm|is_sm_ips_ports,ksf-v4-idsplit::
classical_ext,svc,8,linear__svc__d8,linear,ood_test,train_cv,100.0,0.8163048304830482,0.017999887466430664,0.706,0.6897705622771164,0.6918897845743678,0.6259541984732825,0.7475045187344286,0.6756084396551696,port_protocol_service_ablation,39,36,3,ct_src_dport_ltm|ct_dst_sport_ltm|is_sm_ips_ports,ksf-v4-idsplit::
classical_ext,svc,8,rbf_gscale__svc__d8,rbf_gscale,id_val,fixed_c1,1.0,,0.00800013542175293,0.884,0.875,0.8801157503100454,0.9016949152542373,0.9488311688311688,0.9472632117211075,port_protocol_service_ablation,39,36,3,ct_src_dport_ltm|ct_dst_sport_ltm|is_sm_ips_ports,ksf-v4-idsplit::
classical_ext,svc,8,rbf_gscale__svc__d8,rbf_gscale,id_test,fixed_c1,1.0,,0.00800013542175293,0.896,0.8876623376623377,0.8926755168086652,0.9115646258503401,0.9577922077922078,0.9568522123631212,port_protocol_service_ablation,39,36,3,ct_src_dport_ltm|ct_dst_sport_ltm|is_sm_ips_ports,ksf-v4-idsplit::
classical_ext,svc,8,rbf_gscale__svc__d8,rbf_gscale,ood_test,fixed_c1,1.0,,0.00800013542175293,0.916,0.9252576899903926,0.915772248159022,0.9113924050632911,0.9460520102261809,0.8879038544119068,port_protocol_service_ablation,39,36,3,ct_src_dport_ltm|ct_dst_sport_ltm|is_sm_ips_ports,ksf-v4-idsplit::
classical_ext,svc,8,rbf_gscale__svc__d8,rbf_gscale,id_val,train_cv,100.0,0.8934011401140115,0.018007516860961914,0.884,0.8798701298701299,0.8816809465524276,0.8982456140350877,0.9392207792207792,0.9237887020991992,port_protocol_service_ablation,39,36,3,ct_src_dport_ltm|ct_dst_sport_ltm|is_sm_ips_ports,ksf-v4-idsplit::
classical_ext,svc,8,rbf_gscale__svc__d8,rbf_gscale,id_test,train_cv,100.0,0.8934011401140115,0.018007516860961914,0.892,0.8899350649350649,0.8903134597572271,0.9039145907473309,0.9472077922077922,0.9435536452142452,port_protocol_service_ablation,39,36,3,ct_src_dport_ltm|ct_dst_sport_ltm|is_sm_ips_ports,ksf-v4-idsplit::
classical_ext,svc,8,rbf_gscale__svc__d8,rbf_gscale,ood_test,train_cv,100.0,0.8934011401140115,0.018007516860961914,0.93,0.9301020989724968,0.9289423783595028,0.9202733485193622,0.9700705085408152,0.9513560366167458,port_protocol_service_ablation,39,36,3,ct_src_dport_ltm|ct_dst_sport_ltm|is_sm_ips_ports,ksf-v4-idsplit::
classical_ext,svc,8,poly2__svc__d8,poly2,id_val,fixed_c1,1.0,,0.007999420166015625,0.88,0.8694805194805195,0.8754070037876271,0.8993288590604027,0.9466233766233767,0.9414751485832058,port_protocol_service_ablation,39,36,3,ct_src_dport_ltm|ct_dst_sport_ltm|is_sm_ips_ports,ksf-v4-idsplit::
classical_ext,svc,8,poly2__svc__d8,poly2,id_test,fixed_c1,1.0,,0.007999420166015625,0.912,0.9029220779220779,0.9089162692103869,0.9256756756756757,0.9439610389610389,0.9389653561368239,port_protocol_service_ablation,39,36,3,ct_src_dport_ltm|ct_dst_sport_ltm|is_sm_ips_ports,ksf-v4-idsplit::
classical_ext,svc,8,poly2__svc__d8,poly2,ood_test,fixed_c1,1.0,,0.007999420166015625,0.712,0.7031313608311215,0.7044334975369457,0.6571428571428571,0.8103434238165801,0.606600489287972,port_protocol_service_ablation,39,36,3,ct_src_dport_ltm|ct_dst_sport_ltm|is_sm_ips_ports,ksf-v4-idsplit::
classical_ext,svc,8,poly2__svc__d8,poly2,id_val,train_cv,100.0,0.8817003700370037,0.01957082748413086,0.888,0.8795454545454545,0.8844197873324087,0.9047619047619048,0.9442857142857143,0.9462349250851724,port_protocol_service_ablation,39,36,3,ct_src_dport_ltm|ct_dst_sport_ltm|is_sm_ips_ports,ksf-v4-idsplit::
classical_ext,svc,8,poly2__svc__d8,poly2,id_test,train_cv,100.0,0.8817003700370037,0.01957082748413086,0.896,0.8905844155844156,0.89354035639413,0.9097222222222222,0.9631168831168831,0.9630188736820056,port_protocol_service_ablation,39,36,3,ct_src_dport_ltm|ct_dst_sport_ltm|is_sm_ips_ports,ksf-v4-idsplit::
classical_ext,svc,8,poly2__svc__d8,poly2,ood_test,train_cv,100.0,0.8817003700370037,0.01957082748413086,0.916,0.9247203269772517,0.9157357473035439,0.9110169491525424,0.9664392372701959,0.9185810099412128,port_protocol_service_ablation,39,36,3,ct_src_dport_ltm|ct_dst_sport_ltm|is_sm_ips_ports,ksf-v4-idsplit::
classical_ext,svc,8,poly3__svc__d8,poly3,id_val,fixed_c1,1.0,,0.009359598159790039,0.884,0.8691558441558442,0.8776391959629373,0.9055374592833876,0.9473376623376624,0.9462748246338462,port_protocol_service_ablation,39,36,3,ct_src_dport_ltm|ct_dst_sport_ltm|is_sm_ips_ports,ksf-v4-idsplit::
classical_ext,svc,8,poly3__svc__d8,poly3,id_test,fixed_c1,1.0,,0.009359598159790039,0.9,0.8863636363636364,0.8949138293400589,0.9180327868852459,0.9484415584415584,0.9419577118891345,port_protocol_service_ablation,39,36,3,ct_src_dport_ltm|ct_dst_sport_ltm|is_sm_ips_ports,ksf-v4-idsplit::
classical_ext,svc,8,poly3__svc__d8,poly3,ood_test,fixed_c1,1.0,,0.009359598159790039,0.862,0.8759424207389556,0.861986198619862,0.8606060606060606,0.8390516357004445,0.6513824726633831,port_protocol_service_ablation,39,36,3,ct_src_dport_ltm|ct_dst_sport_ltm|is_sm_ips_ports,ksf-v4-idsplit::
classical_ext,svc,8,poly3__svc__d8,poly3,id_val,train_cv,100.0,0.8895310531053106,0.02187180519104004,0.884,0.8769480519480519,0.8807938308752199,0.9003436426116839,0.9504545454545454,0.9527201784990128,port_protocol_service_ablation,39,36,3,ct_src_dport_ltm|ct_dst_sport_ltm|is_sm_ips_ports,ksf-v4-idsplit::
classical_ext,svc,8,poly3__svc__d8,poly3,id_test,train_cv,100.0,0.8895310531053106,0.02187180519104004,0.9,0.897077922077922,0.8982267020566348,0.911660777385159,0.9625974025974027,0.9632201640070235,port_protocol_service_ablation,39,36,3,ct_src_dport_ltm|ct_dst_sport_ltm|is_sm_ips_ports,ksf-v4-idsplit::
classical_ext,svc,8,poly3__svc__d8,poly3,ood_test,train_cv,100.0,0.8895310531053106,0.02187180519104004,0.914,0.9218788164986729,0.9136681403314341,0.908315565031983,0.9686863916887855,0.9329323107986791,port_protocol_service_ablation,39,36,3,ct_src_dport_ltm|ct_dst_sport_ltm|is_sm_ips_ports,ksf-v4-idsplit::
classical_ext,svc,8,laplacian_med__svc__d8,laplacian_med,id_val,fixed_c1,1.0,,0.005515098571777344,0.868,0.8597402597402597,0.8639758618984024,0.8873720136518771,0.9464935064935065,0.9455151697443969,port_protocol_service_ablation,39,36,3,ct_src_dport_ltm|ct_dst_sport_ltm|is_sm_ips_ports,ksf-v4-idsplit::
classical_ext,svc,8,laplacian_med__svc__d8,laplacian_med,id_test,fixed_c1,1.0,,0.005515098571777344,0.9,0.8941558441558441,0.8975056986831532,0.9134948096885813,0.9723376623376623,0.9785319493104053,port_protocol_service_ablation,39,36,3,ct_src_dport_ltm|ct_dst_sport_ltm|is_sm_ips_ports,ksf-v4-idsplit::
classical_ext,svc,8,laplacian_med__svc__d8,laplacian_med,ood_test,fixed_c1,1.0,,0.005515098571777344,0.916,0.9252576899903926,0.915772248159022,0.9113924050632911,0.965071404145837,0.9368750300417528,port_protocol_service_ablation,39,36,3,ct_src_dport_ltm|ct_dst_sport_ltm|is_sm_ips_ports,ksf-v4-idsplit::
classical_ext,svc,8,laplacian_med__svc__d8,laplacian_med,id_val,train_cv,10.0,0.8952714271427142,0.008543014526367188,0.9,0.897077922077922,0.8982267020566348,0.911660777385159,0.9356493506493506,0.9175536535611417,port_protocol_service_ablation,39,36,3,ct_src_dport_ltm|ct_dst_sport_ltm|is_sm_ips_ports,ksf-v4-idsplit::
classical_ext,svc,8,laplacian_med__svc__d8,laplacian_med,id_test,train_cv,10.0,0.8952714271427142,0.008543014526367188,0.892,0.8899350649350649,0.8903134597572271,0.9039145907473309,0.971103896103896,0.9737332622850577,port_protocol_service_ablation,39,36,3,ct_src_dport_ltm|ct_dst_sport_ltm|is_sm_ips_ports,ksf-v4-idsplit::
classical_ext,svc,8,laplacian_med__svc__d8,laplacian_med,ood_test,train_cv,10.0,0.8952714271427142,0.008543014526367188,0.912,0.9158131279412483,0.911248809927224,0.9030837004405287,0.9821041832896388,0.9781981831788414,port_protocol_service_ablation,39,36,3,ct_src_dport_ltm|ct_dst_sport_ltm|is_sm_ips_ports,ksf-v4-idsplit::
classical_ext,svc,8,matern15_med__svc__d8,matern15_med,id_val,fixed_c1,1.0,,0.006000995635986328,0.876,0.865909090909091,0.8714567680084921,0.8956228956228957,0.9436363636363637,0.942978446591679,port_protocol_service_ablation,39,36,3,ct_src_dport_ltm|ct_dst_sport_ltm|is_sm_ips_ports,ksf-v4-idsplit::
classical_ext,svc,8,matern15_med__svc__d8,matern15_med,id_test,fixed_c1,1.0,,0.006000995635986328,0.896,0.8866883116883117,0.8923555908850027,0.9121621621621622,0.9588961038961039,0.9577716273538539,port_protocol_service_ablation,39,36,3,ct_src_dport_ltm|ct_dst_sport_ltm|is_sm_ips_ports,ksf-v4-idsplit::
classical_ext,svc,8,matern15_med__svc__d8,matern15_med,ood_test,fixed_c1,1.0,,0.006000995635986328,0.916,0.9257950530035335,0.9158060170633139,0.9117647058823529,0.9438048558075915,0.8797531589913175,port_protocol_service_ablation,39,36,3,ct_src_dport_ltm|ct_dst_sport_ltm|is_sm_ips_ports,ksf-v4-idsplit::
classical_ext,svc,8,matern15_med__svc__d8,matern15_med,id_val,train_cv,100.0,0.8933712371237125,0.016528844833374023,0.888,0.8824675324675324,0.8853511530398324,0.9027777777777778,0.9352597402597402,0.932939219987617,port_protocol_service_ablation,39,36,3,ct_src_dport_ltm|ct_dst_sport_ltm|is_sm_ips_ports,ksf-v4-idsplit::
classical_ext,svc,8,matern15_med__svc__d8,matern15_med,id_test,train_cv,100.0,0.8933712371237125,0.016528844833374023,0.892,0.888961038961039,0.8900848382211656,0.9045936395759717,0.9494155844155844,0.9565248536435972,port_protocol_service_ablation,39,36,3,ct_src_dport_ltm|ct_dst_sport_ltm|is_sm_ips_ports,ksf-v4-idsplit::
classical_ext,svc,8,matern15_med__svc__d8,matern15_med,ood_test,train_cv,100.0,0.8933712371237125,0.016528844833374023,0.926,0.9265685300679032,0.9249550744567356,0.9160997732426304,0.967448828385794,0.9356460935330161,port_protocol_service_ablation,39,36,3,ct_src_dport_ltm|ct_dst_sport_ltm|is_sm_ips_ports,ksf-v4-idsplit::
classical_ext,svc,8,matern25_med__svc__d8,matern25_med,id_val,fixed_c1,1.0,,0.00764155387878418,0.888,0.8746753246753247,0.8825187969924813,0.9078947368421053,0.942857142857143,0.9445003709222091,port_protocol_service_ablation,39,36,3,ct_src_dport_ltm|ct_dst_sport_ltm|is_sm_ips_ports,ksf-v4-idsplit::
classical_ext,svc,8,matern25_med__svc__d8,matern25_med,id_test,fixed_c1,1.0,,0.00764155387878418,0.892,0.8801948051948052,0.88731030568123,0.9102990033222591,0.9563636363636364,0.9558321455863169,port_protocol_service_ablation,39,36,3,ct_src_dport_ltm|ct_dst_sport_ltm|is_sm_ips_ports,ksf-v4-idsplit::
classical_ext,svc,8,matern25_med__svc__d8,matern25_med,ood_test,fixed_c1,1.0,,0.00764155387878418,0.914,0.9234909055380958,0.9137844611528823,0.9094736842105263,0.9179300125384703,0.8024156942382448,port_protocol_service_ablation,39,36,3,ct_src_dport_ltm|ct_dst_sport_ltm|is_sm_ips_ports,ksf-v4-idsplit::
classical_ext,svc,8,matern25_med__svc__d8,matern25_med,id_val,train_cv,100.0,0.8944611461146115,0.018999814987182617,0.884,0.8798701298701299,0.8816809465524276,0.8982456140350877,0.9363636363636364,0.930226234940107,port_protocol_service_ablation,39,36,3,ct_src_dport_ltm|ct_dst_sport_ltm|is_sm_ips_ports,ksf-v4-idsplit::
classical_ext,svc,8,matern25_med__svc__d8,matern25_med,id_test,train_cv,100.0,0.8944611461146115,0.018999814987182617,0.892,0.8899350649350649,0.8903134597572271,0.9039145907473309,0.9589610389610389,0.9674708776651431,port_protocol_service_ablation,39,36,3,ct_src_dport_ltm|ct_dst_sport_ltm|is_sm_ips_ports,ksf-v4-idsplit::
classical_ext,svc,8,matern25_med__svc__d8,matern25_med,ood_test,train_cv,100.0,0.8944611461146115,0.018999814987182617,0.926,0.9271058930810441,0.9250256331281332,0.9164785553047404,0.9723176629594047,0.9511303585491931,port_protocol_service_ablation,39,36,3,ct_src_dport_ltm|ct_dst_sport_ltm|is_sm_ips_ports,ksf-v4-idsplit::
classical_ext,svc,8,rbf_gscale_x0.1__svc__d8,rbf_gscale_x0.1,id_val,fixed_c1,1.0,,0.0060007572174072266,0.868,0.8607142857142858,0.8643516006511123,0.8865979381443299,0.9411688311688312,0.9339975708241013,port_protocol_service_ablation,39,36,3,ct_src_dport_ltm|ct_dst_sport_ltm|is_sm_ips_ports,ksf-v4-idsplit::
classical_ext,svc,8,rbf_gscale_x0.1__svc__d8,rbf_gscale_x0.1,id_test,fixed_c1,1.0,,0.0060007572174072266,0.876,0.8707792207792208,0.8732230783072419,0.89198606271777,0.9366233766233766,0.9266666295071035,port_protocol_service_ablation,39,36,3,ct_src_dport_ltm|ct_dst_sport_ltm|is_sm_ips_ports,ksf-v4-idsplit::
classical_ext,svc,8,rbf_gscale_x0.1__svc__d8,rbf_gscale_x0.1,ood_test,fixed_c1,1.0,,0.0060007572174072266,0.688,0.675481591245868,0.6770667726550079,0.6176470588235294,0.7859503997655144,0.5756897109730579,port_protocol_service_ablation,39,36,3,ct_src_dport_ltm|ct_dst_sport_ltm|is_sm_ips_ports,ksf-v4-idsplit::
classical_ext,svc,8,rbf_gscale_x0.1__svc__d8,rbf_gscale_x0.1,id_val,train_cv,100.0,0.8866807680768076,0.015999794006347656,0.888,0.8795454545454545,0.8844197873324087,0.9047619047619048,0.949025974025974,0.9534282042467799,port_protocol_service_ablation,39,36,3,ct_src_dport_ltm|ct_dst_sport_ltm|is_sm_ips_ports,ksf-v4-idsplit::
classical_ext,svc,8,rbf_gscale_x0.1__svc__d8,rbf_gscale_x0.1,id_test,train_cv,100.0,0.8866807680768076,0.015999794006347656,0.9,0.8951298701298701,0.8977605470219692,0.9128919860627178,0.9666883116883116,0.9690980738330524,port_protocol_service_ablation,39,36,3,ct_src_dport_ltm|ct_dst_sport_ltm|is_sm_ips_ports,ksf-v4-idsplit::
classical_ext,svc,8,rbf_gscale_x0.1__svc__d8,rbf_gscale_x0.1,ood_test,train_cv,100.0,0.8866807680768076,0.015999794006347656,0.918,0.9264871114295485,0.9177232209151587,0.9129511677282378,0.9585579130774616,0.90452547430585,port_protocol_service_ablation,39,36,3,ct_src_dport_ltm|ct_dst_sport_ltm|is_sm_ips_ports,ksf-v4-idsplit::
classical_ext,svc,8,rbf_gscale_x0.3__svc__d8,rbf_gscale_x0.3,id_val,fixed_c1,1.0,,0.007504463195800781,0.884,0.8691558441558442,0.8776391959629373,0.9055374592833876,0.9424025974025974,0.9461130592538568,port_protocol_service_ablation,39,36,3,ct_src_dport_ltm|ct_dst_sport_ltm|is_sm_ips_ports,ksf-v4-idsplit::
classical_ext,svc,8,rbf_gscale_x0.3__svc__d8,rbf_gscale_x0.3,id_test,fixed_c1,1.0,,0.007504463195800781,0.9,0.8863636363636364,0.8949138293400589,0.9180327868852459,0.9475974025974027,0.9372329775623671,port_protocol_service_ablation,39,36,3,ct_src_dport_ltm|ct_dst_sport_ltm|is_sm_ips_ports,ksf-v4-idsplit::
classical_ext,svc,8,rbf_gscale_x0.3__svc__d8,rbf_gscale_x0.3,ood_test,fixed_c1,1.0,,0.007504463195800781,0.866,0.8805507156698311,0.8659951758263298,0.8651911468812877,0.871993616778753,0.6958795079166323,port_protocol_service_ablation,39,36,3,ct_src_dport_ltm|ct_dst_sport_ltm|is_sm_ips_ports,ksf-v4-idsplit::
classical_ext,svc,8,rbf_gscale_x0.3__svc__d8,rbf_gscale_x0.3,id_val,train_cv,100.0,0.8945013501350136,0.017966270446777344,0.892,0.886038961038961,0.8893061545778055,0.9065743944636678,0.9414285714285714,0.9346576649925791,port_protocol_service_ablation,39,36,3,ct_src_dport_ltm|ct_dst_sport_ltm|is_sm_ips_ports,ksf-v4-idsplit::
classical_ext,svc,8,rbf_gscale_x0.3__svc__d8,rbf_gscale_x0.3,id_test,train_cv,100.0,0.8945013501350136,0.017966270446777344,0.896,0.8954545454545455,0.8946788515133839,0.9064748201438849,0.9548051948051948,0.9567021434193286,port_protocol_service_ablation,39,36,3,ct_src_dport_ltm|ct_dst_sport_ltm|is_sm_ips_ports,ksf-v4-idsplit::
classical_ext,svc,8,rbf_gscale_x0.3__svc__d8,rbf_gscale_x0.3,ood_test,train_cv,100.0,0.8945013501350136,0.017966270446777344,0.914,0.9208040904723909,0.9135765249723646,0.9075268817204301,0.9697285502597257,0.9426999262950763,port_protocol_service_ablation,39,36,3,ct_src_dport_ltm|ct_dst_sport_ltm|is_sm_ips_ports,ksf-v4-idsplit::
classical_ext,svc,8,rbf_gscale_x3__svc__d8,rbf_gscale_x3,id_val,fixed_c1,1.0,,0.007252693176269531,0.876,0.8678571428571429,0.8722197490560749,0.89419795221843,0.9116233766233767,0.8583752952397691,port_protocol_service_ablation,39,36,3,ct_src_dport_ltm|ct_dst_sport_ltm|is_sm_ips_ports,ksf-v4-idsplit::
classical_ext,svc,8,rbf_gscale_x3__svc__d8,rbf_gscale_x3,id_test,fixed_c1,1.0,,0.007252693176269531,0.908,0.9022727272727272,0.905705242788501,0.9204152249134948,0.94487012987013,0.936028553834781,port_protocol_service_ablation,39,36,3,ct_src_dport_ltm|ct_dst_sport_ltm|is_sm_ips_ports,ksf-v4-idsplit::
classical_ext,svc,8,rbf_gscale_x3__svc__d8,rbf_gscale_x3,ood_test,fixed_c1,1.0,,0.007252693176269531,0.912,0.921186758072658,0.9117614028332611,0.9071729957805907,0.9480060575466936,0.8808086095127493,port_protocol_service_ablation,39,36,3,ct_src_dport_ltm|ct_dst_sport_ltm|is_sm_ips_ports,ksf-v4-idsplit::
classical_ext,svc,8,rbf_gscale_x3__svc__d8,rbf_gscale_x3,id_val,train_cv,1.0,0.8866306630663067,0.010007619857788086,0.876,0.8678571428571429,0.8722197490560749,0.89419795221843,0.9116233766233767,0.8583752952397691,port_protocol_service_ablation,39,36,3,ct_src_dport_ltm|ct_dst_sport_ltm|is_sm_ips_ports,ksf-v4-idsplit::
classical_ext,svc,8,rbf_gscale_x3__svc__d8,rbf_gscale_x3,id_test,train_cv,1.0,0.8866306630663067,0.010007619857788086,0.908,0.9022727272727272,0.905705242788501,0.9204152249134948,0.94487012987013,0.936028553834781,port_protocol_service_ablation,39,36,3,ct_src_dport_ltm|ct_dst_sport_ltm|is_sm_ips_ports,ksf-v4-idsplit::
classical_ext,svc,8,rbf_gscale_x3__svc__d8,rbf_gscale_x3,ood_test,train_cv,1.0,0.8866306630663067,0.010007619857788086,0.912,0.921186758072658,0.9117614028332611,0.9071729957805907,0.9480060575466936,0.8808086095127493,port_protocol_service_ablation,39,36,3,ct_src_dport_ltm|ct_dst_sport_ltm|is_sm_ips_ports,ksf-v4-idsplit::
classical_ext,svc,8,rbf_gscale_x10__svc__d8,rbf_gscale_x10,id_val,fixed_c1,1.0,,0.011067867279052734,0.88,0.8733766233766234,0.8768472906403941,0.896551724137931,0.9398051948051948,0.9521548131373436,port_protocol_service_ablation,39,36,3,ct_src_dport_ltm|ct_dst_sport_ltm|is_sm_ips_ports,ksf-v4-idsplit::
classical_ext,svc,8,rbf_gscale_x10__svc__d8,rbf_gscale_x10,id_test,fixed_c1,1.0,,0.011067867279052734,0.912,0.9058441558441559,0.909688013136289,0.9241379310344827,0.9490909090909091,0.9540233479535676,port_protocol_service_ablation,39,36,3,ct_src_dport_ltm|ct_dst_sport_ltm|is_sm_ips_ports,ksf-v4-idsplit::
classical_ext,svc,8,rbf_gscale_x10__svc__d8,rbf_gscale_x10,ood_test,fixed_c1,1.0,,0.011067867279052734,0.9,0.9062871472537493,0.8994788986103963,0.8922413793103449,0.960332839393594,0.9307883340175781,port_protocol_service_ablation,39,36,3,ct_src_dport_ltm|ct_dst_sport_ltm|is_sm_ips_ports,ksf-v4-idsplit::
classical_ext,svc,8,rbf_gscale_x10__svc__d8,rbf_gscale_x10,id_val,train_cv,1.0,0.8785700570057007,0.009013652801513672,0.88,0.8733766233766234,0.8768472906403941,0.896551724137931,0.9398051948051948,0.9521548131373436,port_protocol_service_ablation,39,36,3,ct_src_dport_ltm|ct_dst_sport_ltm|is_sm_ips_ports,ksf-v4-idsplit::
classical_ext,svc,8,rbf_gscale_x10__svc__d8,rbf_gscale_x10,id_test,train_cv,1.0,0.8785700570057007,0.009013652801513672,0.912,0.9058441558441559,0.909688013136289,0.9241379310344827,0.9490909090909091,0.9540233479535676,port_protocol_service_ablation,39,36,3,ct_src_dport_ltm|ct_dst_sport_ltm|is_sm_ips_ports,ksf-v4-idsplit::
classical_ext,svc,8,rbf_gscale_x10__svc__d8,rbf_gscale_x10,ood_test,train_cv,1.0,0.8785700570057007,0.009013652801513672,0.9,0.9062871472537493,0.8994788986103963,0.8922413793103449,0.960332839393594,0.9307883340175781,port_protocol_service_ablation,39,36,3,ct_src_dport_ltm|ct_dst_sport_ltm|is_sm_ips_ports,ksf-v4-idsplit::
classical_ext,svc,8,laplacian_med_x0.1__svc__d8,laplacian_med_x0.1,id_val,fixed_c1,1.0,,0.011589527130126953,0.884,0.8808441558441558,0.8819429743856964,0.8975265017667845,0.9533766233766234,0.9418600323689411,port_protocol_service_ablation,39,36,3,ct_src_dport_ltm|ct_dst_sport_ltm|is_sm_ips_ports,ksf-v4-idsplit::
classical_ext,svc,8,laplacian_med_x0.1__svc__d8,laplacian_med_x0.1,id_test,fixed_c1,1.0,,0.011589527130126953,0.896,0.8935064935064935,0.8942676816969224,0.9078014184397163,0.9653246753246754,0.9743436531153036,port_protocol_service_ablation,39,36,3,ct_src_dport_ltm|ct_dst_sport_ltm|is_sm_ips_ports,ksf-v4-idsplit::
classical_ext,svc,8,laplacian_med_x0.1__svc__d8,laplacian_med_x0.1,ood_test,fixed_c1,1.0,,0.011589527130126953,0.9,0.9003761541091987,0.8986360466436367,0.8868778280542986,0.9666183582745762,0.9512809493763479,port_protocol_service_ablation,39,36,3,ct_src_dport_ltm|ct_dst_sport_ltm|is_sm_ips_ports,ksf-v4-idsplit::
classical_ext,svc,8,laplacian_med_x0.1__svc__d8,laplacian_med_x0.1,id_val,train_cv,1.0,0.8762999299929994,0.009795904159545898,0.884,0.8808441558441558,0.8819429743856964,0.8975265017667845,0.9533766233766234,0.9418600323689411,port_protocol_service_ablation,39,36,3,ct_src_dport_ltm|ct_dst_sport_ltm|is_sm_ips_ports,ksf-v4-idsplit::
classical_ext,svc,8,laplacian_med_x0.1__svc__d8,laplacian_med_x0.1,id_test,train_cv,1.0,0.8762999299929994,0.009795904159545898,0.896,0.8935064935064935,0.8942676816969224,0.9078014184397163,0.9653246753246754,0.9743436531153036,port_protocol_service_ablation,39,36,3,ct_src_dport_ltm|ct_dst_sport_ltm|is_sm_ips_ports,ksf-v4-idsplit::
classical_ext,svc,8,laplacian_med_x0.1__svc__d8,laplacian_med_x0.1,ood_test,train_cv,1.0,0.8762999299929994,0.009795904159545898,0.9,0.9003761541091987,0.8986360466436367,0.8868778280542986,0.9666183582745762,0.9512809493763479,port_protocol_service_ablation,39,36,3,ct_src_dport_ltm|ct_dst_sport_ltm|is_sm_ips_ports,ksf-v4-idsplit::
classical_ext,svc,8,laplacian_med_x0.3__svc__d8,laplacian_med_x0.3,id_val,fixed_c1,1.0,,0.00979757308959961,0.884,0.877922077922078,0.8811066104724578,0.8996539792387543,0.9420779220779221,0.9345022833997092,port_protocol_service_ablation,39,36,3,ct_src_dport_ltm|ct_dst_sport_ltm|is_sm_ips_ports,ksf-v4-idsplit::
classical_ext,svc,8,laplacian_med_x0.3__svc__d8,laplacian_med_x0.3,id_test,fixed_c1,1.0,,0.00979757308959961,0.904,0.8987012987012987,0.9017295597484276,0.9166666666666666,0.971038961038961,0.9775098823273303,port_protocol_service_ablation,39,36,3,ct_src_dport_ltm|ct_dst_sport_ltm|is_sm_ips_ports,ksf-v4-idsplit::
classical_ext,svc,8,laplacian_med_x0.3__svc__d8,laplacian_med_x0.3,ood_test,fixed_c1,1.0,,0.00979757308959961,0.922,0.9294833173210011,0.921658745495378,0.9164882226980728,0.9775773069971176,0.9672981198600548,port_protocol_service_ablation,39,36,3,ct_src_dport_ltm|ct_dst_sport_ltm|is_sm_ips_ports,ksf-v4-idsplit::
classical_ext,svc,8,laplacian_med_x0.3__svc__d8,laplacian_med_x0.3,id_val,train_cv,10.0,0.8882708270827084,0.009246110916137695,0.9,0.897077922077922,0.8982267020566348,0.911660777385159,0.9472077922077922,0.9259249130575228,port_protocol_service_ablation,39,36,3,ct_src_dport_ltm|ct_dst_sport_ltm|is_sm_ips_ports,ksf-v4-idsplit::
classical_ext,svc,8,laplacian_med_x0.3__svc__d8,laplacian_med_x0.3,id_test,train_cv,10.0,0.8882708270827084,0.009246110916137695,0.896,0.8935064935064935,0.8942676816969224,0.9078014184397163,0.9622727272727273,0.9667260355815454,port_protocol_service_ablation,39,36,3,ct_src_dport_ltm|ct_dst_sport_ltm|is_sm_ips_ports,ksf-v4-idsplit::
classical_ext,svc,8,laplacian_med_x0.3__svc__d8,laplacian_med_x0.3,ood_test,train_cv,10.0,0.8882708270827084,0.009246110916137695,0.92,0.9207308136978717,0.9189088373149095,0.9095022624434389,0.9826741137581215,0.975697010559409,port_protocol_service_ablation,39,36,3,ct_src_dport_ltm|ct_dst_sport_ltm|is_sm_ips_ports,ksf-v4-idsplit::
classical_ext,svc,8,laplacian_med_x3__svc__d8,laplacian_med_x3,id_val,fixed_c1,1.0,,0.007000923156738281,0.884,0.8691558441558442,0.8776391959629373,0.9055374592833876,0.9401948051948052,0.9275195897663409,port_protocol_service_ablation,39,36,3,ct_src_dport_ltm|ct_dst_sport_ltm|is_sm_ips_ports,ksf-v4-idsplit::
classical_ext,svc,8,laplacian_med_x3__svc__d8,laplacian_med_x3,id_test,fixed_c1,1.0,,0.007000923156738281,0.908,0.8954545454545455,0.9036705701026955,0.9240924092409241,0.9695454545454546,0.9750748913349849,port_protocol_service_ablation,39,36,3,ct_src_dport_ltm|ct_dst_sport_ltm|is_sm_ips_ports,ksf-v4-idsplit::
classical_ext,svc,8,laplacian_med_x3__svc__d8,laplacian_med_x3,ood_test,fixed_c1,1.0,,0.007000923156738281,0.906,0.9153490417026265,0.9057644110275689,0.9010526315789473,0.9422253342235104,0.8631725036742666,port_protocol_service_ablation,39,36,3,ct_src_dport_ltm|ct_dst_sport_ltm|is_sm_ips_ports,ksf-v4-idsplit::
classical_ext,svc,8,laplacian_med_x3__svc__d8,laplacian_med_x3,id_val,train_cv,10.0,0.8854104410441044,0.008006095886230469,0.888,0.8844155844155843,0.8858894105372979,0.9014084507042254,0.9320779220779221,0.9230603445159133,port_protocol_service_ablation,39,36,3,ct_src_dport_ltm|ct_dst_sport_ltm|is_sm_ips_ports,ksf-v4-idsplit::
classical_ext,svc,8,laplacian_med_x3__svc__d8,laplacian_med_x3,id_test,train_cv,10.0,0.8854104410441044,0.008006095886230469,0.904,0.9025974025974026,0.9025974025974026,0.9142857142857143,0.9741558441558441,0.9800584235201674,port_protocol_service_ablation,39,36,3,ct_src_dport_ltm|ct_dst_sport_ltm|is_sm_ips_ports,ksf-v4-idsplit::
classical_ext,svc,8,laplacian_med_x3__svc__d8,laplacian_med_x3,ood_test,train_cv,10.0,0.8854104410441044,0.008006095886230469,0.922,0.9305580433472831,0.9217367223339313,0.9171974522292994,0.9746625197440197,0.9574557777377082,port_protocol_service_ablation,39,36,3,ct_src_dport_ltm|ct_dst_sport_ltm|is_sm_ips_ports,ksf-v4-idsplit::
classical_ext,svc,8,laplacian_med_x10__svc__d8,laplacian_med_x10,id_val,fixed_c1,1.0,,0.00700068473815918,0.884,0.8691558441558442,0.8776391959629373,0.9055374592833876,0.948116883116883,0.955438920210784,port_protocol_service_ablation,39,36,3,ct_src_dport_ltm|ct_dst_sport_ltm|is_sm_ips_ports,ksf-v4-idsplit::
classical_ext,svc,8,laplacian_med_x10__svc__d8,laplacian_med_x10,id_test,fixed_c1,1.0,,0.00700068473815918,0.908,0.8954545454545455,0.9036705701026955,0.9240924092409241,0.9597402597402597,0.9612513679319952,port_protocol_service_ablation,39,36,3,ct_src_dport_ltm|ct_dst_sport_ltm|is_sm_ips_ports,ksf-v4-idsplit::
classical_ext,svc,8,laplacian_med_x10__svc__d8,laplacian_med_x10,ood_test,fixed_c1,1.0,,0.00700068473815918,0.852,0.8649590464249076,0.8519621022981884,0.8495934959349594,0.9102278093501164,0.8007207227061988,port_protocol_service_ablation,39,36,3,ct_src_dport_ltm|ct_dst_sport_ltm|is_sm_ips_ports,ksf-v4-idsplit::
classical_ext,svc,8,laplacian_med_x10__svc__d8,laplacian_med_x10,id_val,train_cv,100.0,0.8882708270827082,0.009439468383789062,0.892,0.8899350649350649,0.8903134597572271,0.9039145907473309,0.9303896103896104,0.9127466074973127,port_protocol_service_ablation,39,36,3,ct_src_dport_ltm|ct_dst_sport_ltm|is_sm_ips_ports,ksf-v4-idsplit::
classical_ext,svc,8,laplacian_med_x10__svc__d8,laplacian_med_x10,id_test,train_cv,100.0,0.8882708270827082,0.009439468383789062,0.892,0.8909090909090909,0.8905269303751278,0.9032258064516129,0.9719480519480519,0.9759416392628066,port_protocol_service_ablation,39,36,3,ct_src_dport_ltm|ct_dst_sport_ltm|is_sm_ips_ports,ksf-v4-idsplit::
classical_ext,svc,8,laplacian_med_x10__svc__d8,laplacian_med_x10,ood_test,train_cv,100.0,0.8882708270827082,0.009439468383789062,0.926,0.9324795232124538,0.9255925447751889,0.9200863930885529,0.9703473319112211,0.9508260234278582,port_protocol_service_ablation,39,36,3,ct_src_dport_ltm|ct_dst_sport_ltm|is_sm_ips_ports,ksf-v4-idsplit::
classical_ext,svc,8,matern15_med_x0.1__svc__d8,matern15_med_x0.1,id_val,fixed_c1,1.0,,0.010994911193847656,0.868,0.8636363636363636,0.8653610771113831,0.8842105263157894,0.9483766233766233,0.9554790947126246,port_protocol_service_ablation,39,36,3,ct_src_dport_ltm|ct_dst_sport_ltm|is_sm_ips_ports,ksf-v4-idsplit::
classical_ext,svc,8,matern15_med_x0.1__svc__d8,matern15_med_x0.1,id_test,fixed_c1,1.0,,0.010994911193847656,0.904,0.9006493506493507,0.9021909233176839,0.9154929577464789,0.9564285714285715,0.9675865571313895,port_protocol_service_ablation,39,36,3,ct_src_dport_ltm|ct_dst_sport_ltm|is_sm_ips_ports,ksf-v4-idsplit::
classical_ext,svc,8,matern15_med_x0.1__svc__d8,matern15_med_x0.1,ood_test,fixed_c1,1.0,,0.010994911193847656,0.884,0.8814056113725555,0.8818140323422013,0.8657407407407407,0.9559688003777824,0.9261618623960929,port_protocol_service_ablation,39,36,3,ct_src_dport_ltm|ct_dst_sport_ltm|is_sm_ips_ports,ksf-v4-idsplit::
classical_ext,svc,8,matern15_med_x0.1__svc__d8,matern15_med_x0.1,id_val,train_cv,100.0,0.856978497849785,0.015397071838378906,0.868,0.8675324675324676,0.8664421816062553,0.8808664259927798,0.916883116883117,0.9145998663920951,port_protocol_service_ablation,39,36,3,ct_src_dport_ltm|ct_dst_sport_ltm|is_sm_ips_ports,ksf-v4-idsplit::
classical_ext,svc,8,matern15_med_x0.1__svc__d8,matern15_med_x0.1,id_test,train_cv,100.0,0.856978497849785,0.015397071838378906,0.884,0.8847402597402597,0.8828282828282827,0.8945454545454545,0.9429870129870129,0.9477553943486742,port_protocol_service_ablation,39,36,3,ct_src_dport_ltm|ct_dst_sport_ltm|is_sm_ips_ports,ksf-v4-idsplit::
classical_ext,svc,8,matern15_med_x0.1__svc__d8,matern15_med_x0.1,ood_test,train_cv,100.0,0.856978497849785,0.015397071838378906,0.886,0.8799482177460065,0.8829275506389691,0.863961813842482,0.9594860855547052,0.9301597493222079,port_protocol_service_ablation,39,36,3,ct_src_dport_ltm|ct_dst_sport_ltm|is_sm_ips_ports,ksf-v4-idsplit::
classical_ext,svc,8,matern15_med_x0.3__svc__d8,matern15_med_x0.3,id_val,fixed_c1,1.0,,0.007097005844116211,0.876,0.8688311688311688,0.8725727157631662,0.8934707903780069,0.9372077922077923,0.9467486569870918,port_protocol_service_ablation,39,36,3,ct_src_dport_ltm|ct_dst_sport_ltm|is_sm_ips_ports,ksf-v4-idsplit::
classical_ext,svc,8,matern15_med_x0.3__svc__d8,matern15_med_x0.3,id_test,fixed_c1,1.0,,0.007097005844116211,0.908,0.9012987012987013,0.9054571762113812,0.9209621993127147,0.9635064935064935,0.9747854272549723,port_protocol_service_ablation,39,36,3,ct_src_dport_ltm|ct_dst_sport_ltm|is_sm_ips_ports,ksf-v4-idsplit::
classical_ext,svc,8,matern15_med_x0.3__svc__d8,matern15_med_x0.3,ood_test,fixed_c1,1.0,,0.007097005844116211,0.912,0.921186758072658,0.9117614028332611,0.9071729957805907,0.9590627086352608,0.9260329332089411,port_protocol_service_ablation,39,36,3,ct_src_dport_ltm|ct_dst_sport_ltm|is_sm_ips_ports,ksf-v4-idsplit::
classical_ext,svc,8,matern15_med_x0.3__svc__d8,matern15_med_x0.3,id_val,train_cv,1.0,0.8846304630463045,0.0069997310638427734,0.876,0.8688311688311688,0.8725727157631662,0.8934707903780069,0.9372077922077923,0.9467486569870918,port_protocol_service_ablation,39,36,3,ct_src_dport_ltm|ct_dst_sport_ltm|is_sm_ips_ports,ksf-v4-idsplit::
classical_ext,svc,8,matern15_med_x0.3__svc__d8,matern15_med_x0.3,id_test,train_cv,1.0,0.8846304630463045,0.0069997310638427734,0.908,0.9012987012987013,0.9054571762113812,0.9209621993127147,0.9635064935064935,0.9747854272549723,port_protocol_service_ablation,39,36,3,ct_src_dport_ltm|ct_dst_sport_ltm|is_sm_ips_ports,ksf-v4-idsplit::
classical_ext,svc,8,matern15_med_x0.3__svc__d8,matern15_med_x0.3,ood_test,train_cv,1.0,0.8846304630463045,0.0069997310638427734,0.912,0.921186758072658,0.9117614028332611,0.9071729957805907,0.9590627086352608,0.9260329332089411,port_protocol_service_ablation,39,36,3,ct_src_dport_ltm|ct_dst_sport_ltm|is_sm_ips_ports,ksf-v4-idsplit::
classical_ext,svc,8,matern15_med_x3__svc__d8,matern15_med_x3,id_val,fixed_c1,1.0,,0.006995677947998047,0.872,0.8584415584415584,0.8657357679914071,0.8947368421052632,0.941948051948052,0.9404705090383426,port_protocol_service_ablation,39,36,3,ct_src_dport_ltm|ct_dst_sport_ltm|is_sm_ips_ports,ksf-v4-idsplit::
classical_ext,svc,8,matern15_med_x3__svc__d8,matern15_med_x3,id_test,fixed_c1,1.0,,0.006995677947998047,0.896,0.8827922077922078,0.8909103114930182,0.9144736842105263,0.9433766233766233,0.9397638679727625,port_protocol_service_ablation,39,36,3,ct_src_dport_ltm|ct_dst_sport_ltm|is_sm_ips_ports,ksf-v4-idsplit::
classical_ext,svc,8,matern15_med_x3__svc__d8,matern15_med_x3,ood_test,fixed_c1,1.0,,0.006995677947998047,0.794,0.7976014069140708,0.7927390242233749,0.7765726681127982,0.83602286235365,0.6472401860788483,port_protocol_service_ablation,39,36,3,ct_src_dport_ltm|ct_dst_sport_ltm|is_sm_ips_ports,ksf-v4-idsplit::
classical_ext,svc,8,matern15_med_x3__svc__d8,matern15_med_x3,id_val,train_cv,100.0,0.8835203520352035,0.010689258575439453,0.888,0.8805194805194805,0.8847471022128557,0.9041095890410958,0.931948051948052,0.9206340369283874,port_protocol_service_ablation,39,36,3,ct_src_dport_ltm|ct_dst_sport_ltm|is_sm_ips_ports,ksf-v4-idsplit::
classical_ext,svc,8,matern15_med_x3__svc__d8,matern15_med_x3,id_test,train_cv,100.0,0.8835203520352035,0.010689258575439453,0.912,0.9087662337662338,0.9103416797078769,0.9225352112676056,0.9621428571428572,0.9659372312221074,port_protocol_service_ablation,39,36,3,ct_src_dport_ltm|ct_dst_sport_ltm|is_sm_ips_ports,ksf-v4-idsplit::
classical_ext,svc,8,matern15_med_x3__svc__d8,matern15_med_x3,ood_test,train_cv,100.0,0.8835203520352035,0.010689258575439453,0.916,0.9247203269772517,0.9157357473035439,0.9110169491525424,0.9733435378026737,0.9462868640428586,port_protocol_service_ablation,39,36,3,ct_src_dport_ltm|ct_dst_sport_ltm|is_sm_ips_ports,ksf-v4-idsplit::
classical_ext,svc,8,matern15_med_x10__svc__d8,matern15_med_x10,id_val,fixed_c1,1.0,,0.008519172668457031,0.868,0.8607142857142858,0.8643516006511123,0.8865979381443299,0.938961038961039,0.9526687549373909,port_protocol_service_ablation,39,36,3,ct_src_dport_ltm|ct_dst_sport_ltm|is_sm_ips_ports,ksf-v4-idsplit::
classical_ext,svc,8,matern15_med_x10__svc__d8,matern15_med_x10,id_test,fixed_c1,1.0,,0.008519172668457031,0.876,0.8707792207792208,0.8732230783072419,0.89198606271777,0.9391558441558441,0.9492288290758569,port_protocol_service_ablation,39,36,3,ct_src_dport_ltm|ct_dst_sport_ltm|is_sm_ips_ports,ksf-v4-idsplit::
classical_ext,svc,8,matern15_med_x10__svc__d8,matern15_med_x10,ood_test,fixed_c1,1.0,,0.008519172668457031,0.684,0.6719480223412744,0.673418768085986,0.6146341463414634,0.8321961863509795,0.6514324118560534,port_protocol_service_ablation,39,36,3,ct_src_dport_ltm|ct_dst_sport_ltm|is_sm_ips_ports,ksf-v4-idsplit::
classical_ext,svc,8,matern15_med_x10__svc__d8,matern15_med_x10,id_val,train_cv,100.0,0.8570980098009799,0.007709980010986328,0.884,0.8691558441558442,0.8776391959629373,0.9055374592833876,0.9316233766233767,0.9365632827307004,port_protocol_service_ablation,39,36,3,ct_src_dport_ltm|ct_dst_sport_ltm|is_sm_ips_ports,ksf-v4-idsplit::
classical_ext,svc,8,matern15_med_x10__svc__d8,matern15_med_x10,id_test,train_cv,100.0,0.8570980098009799,0.007709980010986328,0.9,0.8863636363636364,0.8949138293400589,0.9180327868852459,0.951038961038961,0.931142139989755,port_protocol_service_ablation,39,36,3,ct_src_dport_ltm|ct_dst_sport_ltm|is_sm_ips_ports,ksf-v4-idsplit::
classical_ext,svc,8,matern15_med_x10__svc__d8,matern15_med_x10,ood_test,train_cv,100.0,0.8570980098009799,0.007709980010986328,0.864,0.8782465682043934,0.8639912954429083,0.8629032258064516,0.8739639478269365,0.7068425971709759,port_protocol_service_ablation,39,36,3,ct_src_dport_ltm|ct_dst_sport_ltm|is_sm_ips_ports,ksf-v4-idsplit::
classical_ext,svc,8,matern25_med_x0.1__svc__d8,matern25_med_x0.1,id_val,fixed_c1,1.0,,0.010810375213623047,0.868,0.8646103896103896,0.8656592467147579,0.8833922261484098,0.9421428571428571,0.942119551338582,port_protocol_service_ablation,39,36,3,ct_src_dport_ltm|ct_dst_sport_ltm|is_sm_ips_ports,ksf-v4-idsplit::
classical_ext,svc,8,matern25_med_x0.1__svc__d8,matern25_med_x0.1,id_test,fixed_c1,1.0,,0.010810375213623047,0.904,0.9006493506493507,0.9021909233176839,0.9154929577464789,0.955064935064935,0.9665602200599366,port_protocol_service_ablation,39,36,3,ct_src_dport_ltm|ct_dst_sport_ltm|is_sm_ips_ports,ksf-v4-idsplit::
classical_ext,svc,8,matern25_med_x0.1__svc__d8,matern25_med_x0.1,ood_test,fixed_c1,1.0,,0.010810375213623047,0.876,0.8721890215108042,0.8733742892621397,0.8551401869158879,0.9557733956457312,0.927276502364426,port_protocol_service_ablation,39,36,3,ct_src_dport_ltm|ct_dst_sport_ltm|is_sm_ips_ports,ksf-v4-idsplit::
classical_ext,svc,8,matern25_med_x0.1__svc__d8,matern25_med_x0.1,id_val,train_cv,10.0,0.8560787078707872,0.012000799179077148,0.876,0.8746753246753247,0.8743086978381096,0.8888888888888888,0.923051948051948,0.9116248401883493,port_protocol_service_ablation,39,36,3,ct_src_dport_ltm|ct_dst_sport_ltm|is_sm_ips_ports,ksf-v4-idsplit::
classical_ext,svc,8,matern25_med_x0.1__svc__d8,matern25_med_x0.1,id_test,train_cv,10.0,0.8560787078707872,0.012000799179077148,0.888,0.8863636363636364,0.8863636363636364,0.9,0.9297402597402598,0.9164613592716093,port_protocol_service_ablation,39,36,3,ct_src_dport_ltm|ct_dst_sport_ltm|is_sm_ips_ports,ksf-v4-idsplit::
classical_ext,svc,8,matern25_med_x0.1__svc__d8,matern25_med_x0.1,ood_test,train_cv,10.0,0.8560787078707872,0.012000799179077148,0.882,0.8769520118545537,0.8791335308168524,0.8605200945626478,0.9627591148165637,0.9214048144304611,port_protocol_service_ablation,39,36,3,ct_src_dport_ltm|ct_dst_sport_ltm|is_sm_ips_ports,ksf-v4-idsplit::
classical_ext,svc,8,matern25_med_x0.3__svc__d8,matern25_med_x0.3,id_val,fixed_c1,1.0,,0.006999492645263672,0.872,0.8642857142857143,0.8682824025289779,0.8904109589041096,0.9257792207792208,0.9286881607571777,port_protocol_service_ablation,39,36,3,ct_src_dport_ltm|ct_dst_sport_ltm|is_sm_ips_ports,ksf-v4-idsplit::
classical_ext,svc,8,matern25_med_x0.3__svc__d8,matern25_med_x0.3,id_test,fixed_c1,1.0,,0.006999492645263672,0.908,0.9012987012987013,0.9054571762113812,0.9209621993127147,0.9524675324675325,0.9616874308054031,port_protocol_service_ablation,39,36,3,ct_src_dport_ltm|ct_dst_sport_ltm|is_sm_ips_ports,ksf-v4-idsplit::
classical_ext,svc,8,matern25_med_x0.3__svc__d8,matern25_med_x0.3,ood_test,fixed_c1,1.0,,0.006999492645263672,0.912,0.921186758072658,0.9117614028332611,0.9071729957805907,0.9584602107114362,0.9234934831644042,port_protocol_service_ablation,39,36,3,ct_src_dport_ltm|ct_dst_sport_ltm|is_sm_ips_ports,ksf-v4-idsplit::
classical_ext,svc,8,matern25_med_x0.3__svc__d8,matern25_med_x0.3,id_val,train_cv,1.0,0.8866306630663067,0.007017612457275391,0.872,0.8642857142857143,0.8682824025289779,0.8904109589041096,0.9257792207792208,0.9286881607571777,port_protocol_service_ablation,39,36,3,ct_src_dport_ltm|ct_dst_sport_ltm|is_sm_ips_ports,ksf-v4-idsplit::
classical_ext,svc,8,matern25_med_x0.3__svc__d8,matern25_med_x0.3,id_test,train_cv,1.0,0.8866306630663067,0.007017612457275391,0.908,0.9012987012987013,0.9054571762113812,0.9209621993127147,0.9524675324675325,0.9616874308054031,port_protocol_service_ablation,39,36,3,ct_src_dport_ltm|ct_dst_sport_ltm|is_sm_ips_ports,ksf-v4-idsplit::
classical_ext,svc,8,matern25_med_x0.3__svc__d8,matern25_med_x0.3,ood_test,train_cv,1.0,0.8866306630663067,0.007017612457275391,0.912,0.921186758072658,0.9117614028332611,0.9071729957805907,0.9584602107114362,0.9234934831644042,port_protocol_service_ablation,39,36,3,ct_src_dport_ltm|ct_dst_sport_ltm|is_sm_ips_ports,ksf-v4-idsplit::
classical_ext,svc,8,matern25_med_x3__svc__d8,matern25_med_x3,id_val,fixed_c1,1.0,,0.007008552551269531,0.868,0.8607142857142858,0.8643516006511123,0.8865979381443299,0.9424025974025975,0.9354476667551008,port_protocol_service_ablation,39,36,3,ct_src_dport_ltm|ct_dst_sport_ltm|is_sm_ips_ports,ksf-v4-idsplit::
classical_ext,svc,8,matern25_med_x3__svc__d8,matern25_med_x3,id_test,fixed_c1,1.0,,0.007008552551269531,0.876,0.8707792207792208,0.8732230783072419,0.89198606271777,0.9372727272727273,0.9318024284822911,port_protocol_service_ablation,39,36,3,ct_src_dport_ltm|ct_dst_sport_ltm|is_sm_ips_ports,ksf-v4-idsplit::
classical_ext,svc,8,matern25_med_x3__svc__d8,matern25_med_x3,ood_test,fixed_c1,1.0,,0.007008552551269531,0.688,0.675481591245868,0.6770667726550079,0.6176470588235294,0.7830030450570744,0.573596467153371,port_protocol_service_ablation,39,36,3,ct_src_dport_ltm|ct_dst_sport_ltm|is_sm_ips_ports,ksf-v4-idsplit::
classical_ext,svc,8,matern25_med_x3__svc__d8,matern25_med_x3,id_val,train_cv,100.0,0.8867407740774077,0.01152944564819336,0.888,0.8795454545454545,0.8844197873324087,0.9047619047619048,0.9443506493506494,0.9445185861352977,port_protocol_service_ablation,39,36,3,ct_src_dport_ltm|ct_dst_sport_ltm|is_sm_ips_ports,ksf-v4-idsplit::
classical_ext,svc,8,matern25_med_x3__svc__d8,matern25_med_x3,id_test,train_cv,100.0,0.8867407740774077,0.01152944564819336,0.896,0.8905844155844156,0.89354035639413,0.9097222222222222,0.9658441558441558,0.9673778920184055,port_protocol_service_ablation,39,36,3,ct_src_dport_ltm|ct_dst_sport_ltm|is_sm_ips_ports,ksf-v4-idsplit::
classical_ext,svc,8,matern25_med_x3__svc__d8,matern25_med_x3,ood_test,train_cv,100.0,0.8867407740774077,0.01152944564819336,0.918,0.9270244744426894,0.9177601887102792,0.9133192389006343,0.9624985751738288,0.9117302778729461,port_protocol_service_ablation,39,36,3,ct_src_dport_ltm|ct_dst_sport_ltm|is_sm_ips_ports,ksf-v4-idsplit::
classical_ext,svc,8,matern25_med_x10__svc__d8,matern25_med_x10,id_val,fixed_c1,1.0,,0.009005546569824219,0.772,0.7506493506493507,0.754356932305942,0.8201892744479495,0.9237662337662338,0.9456105428884398,port_protocol_service_ablation,39,36,3,ct_src_dport_ltm|ct_dst_sport_ltm|is_sm_ips_ports,ksf-v4-idsplit::
classical_ext,svc,8,matern25_med_x10__svc__d8,matern25_med_x10,id_test,fixed_c1,1.0,,0.009005546569824219,0.792,0.7753246753246753,0.780167748917749,0.8311688311688312,0.9221428571428572,0.9416967414768128,port_protocol_service_ablation,39,36,3,ct_src_dport_ltm|ct_dst_sport_ltm|is_sm_ips_ports,ksf-v4-idsplit::
classical_ext,svc,8,matern25_med_x10__svc__d8,matern25_med_x10,ood_test,fixed_c1,1.0,,0.009005546569824219,0.678,0.6666476689843839,0.667946755984177,0.6101694915254238,0.7669635733012002,0.6121190488914563,port_protocol_service_ablation,39,36,3,ct_src_dport_ltm|ct_dst_sport_ltm|is_sm_ips_ports,ksf-v4-idsplit::
classical_ext,svc,8,matern25_med_x10__svc__d8,matern25_med_x10,id_val,train_cv,100.0,0.8426969696969697,0.008542060852050781,0.88,0.8694805194805195,0.8754070037876271,0.8993288590604027,0.9234415584415585,0.921476782222188,port_protocol_service_ablation,39,36,3,ct_src_dport_ltm|ct_dst_sport_ltm|is_sm_ips_ports,ksf-v4-idsplit::
classical_ext,svc,8,matern25_med_x10__svc__d8,matern25_med_x10,id_test,train_cv,100.0,0.8426969696969697,0.008542060852050781,0.904,0.8957792207792208,0.9009312462849217,0.9183673469387755,0.9290259740259741,0.8991453368133753,port_protocol_service_ablation,39,36,3,ct_src_dport_ltm|ct_dst_sport_ltm|is_sm_ips_ports,ksf-v4-idsplit::
classical_ext,svc,8,matern25_med_x10__svc__d8,matern25_med_x10,ood_test,train_cv,100.0,0.8426969696969697,0.008542060852050781,0.772,0.772255784794255,0.7696969696969698,0.7466666666666667,0.842112976502581,0.669660679994343,port_protocol_service_ablation,39,36,3,ct_src_dport_ltm|ct_dst_sport_ltm|is_sm_ips_ports,ksf-v4-idsplit::
quantum,svc,8,zz_r1_full__as0.5__svc__d8,zz_r1_full__as0.5,id_val,fixed_c1,1.0,,0.01324462890625,0.868,0.8636363636363636,0.8653610771113831,0.8842105263157894,0.9459740259740259,0.957657067080619,port_protocol_service_ablation,39,36,3,ct_src_dport_ltm|ct_dst_sport_ltm|is_sm_ips_ports,ksf-v4-idsplit::
quantum,svc,8,zz_r1_full__as0.5__svc__d8,zz_r1_full__as0.5,id_test,fixed_c1,1.0,,0.01324462890625,0.908,0.9051948051948052,0.906368565892104,0.9187279151943463,0.9565584415584416,0.9449386068655466,port_protocol_service_ablation,39,36,3,ct_src_dport_ltm|ct_dst_sport_ltm|is_sm_ips_ports,ksf-v4-idsplit::
quantum,svc,8,zz_r1_full__as0.5__svc__d8,zz_r1_full__as0.5,ood_test,fixed_c1,1.0,,0.01324462890625,0.868,0.8656592467147579,0.8656592467147579,0.847926267281106,0.9493250394880396,0.9066541307782133,port_protocol_service_ablation,39,36,3,ct_src_dport_ltm|ct_dst_sport_ltm|is_sm_ips_ports,ksf-v4-idsplit::
quantum,svc,8,zz_r1_full__as0.5__svc__d8,zz_r1_full__as0.5,id_val,train_cv,10.0,0.8621987198719872,0.012508869171142578,0.876,0.8717532467532467,0.8735210118319053,0.8912280701754386,0.9186363636363638,0.9053016046887454,port_protocol_service_ablation,39,36,3,ct_src_dport_ltm|ct_dst_sport_ltm|is_sm_ips_ports,ksf-v4-idsplit::
quantum,svc,8,zz_r1_full__as0.5__svc__d8,zz_r1_full__as0.5,id_test,train_cv,10.0,0.8621987198719872,0.012508869171142578,0.888,0.8873376623376623,0.8865772247067211,0.8992805755395683,0.9388961038961038,0.9152274029229195,port_protocol_service_ablation,39,36,3,ct_src_dport_ltm|ct_dst_sport_ltm|is_sm_ips_ports,ksf-v4-idsplit::
quantum,svc,8,zz_r1_full__as0.5__svc__d8,zz_r1_full__as0.5,ood_test,train_cv,10.0,0.8621987198719872,0.012508869171142578,0.876,0.8727263845239452,0.8735210118319053,0.8558139534883721,0.9480223412743646,0.8935696385127672,port_protocol_service_ablation,39,36,3,ct_src_dport_ltm|ct_dst_sport_ltm|is_sm_ips_ports,ksf-v4-idsplit::
quantum,svc,8,zz_r2_full__as0.5__svc__d8,zz_r2_full__as0.5,id_val,fixed_c1,1.0,,0.012603998184204102,0.848,0.8496753246753247,0.8468137254901962,0.8602941176470589,0.9412337662337663,0.9480990953095807,port_protocol_service_ablation,39,36,3,ct_src_dport_ltm|ct_dst_sport_ltm|is_sm_ips_ports,ksf-v4-idsplit::
quantum,svc,8,zz_r2_full__as0.5__svc__d8,zz_r2_full__as0.5,id_test,fixed_c1,1.0,,0.012603998184204102,0.868,0.8704545454545454,0.8670619893971865,0.8782287822878229,0.9462337662337662,0.9373486072763343,port_protocol_service_ablation,39,36,3,ct_src_dport_ltm|ct_dst_sport_ltm|is_sm_ips_ports,ksf-v4-idsplit::
quantum,svc,8,zz_r2_full__as0.5__svc__d8,zz_r2_full__as0.5,ood_test,fixed_c1,1.0,,0.012603998184204102,0.802,0.7831740241976193,0.7892460116404324,0.7374005305039788,0.9450261353829119,0.9032585979838716,port_protocol_service_ablation,39,36,3,ct_src_dport_ltm|ct_dst_sport_ltm|is_sm_ips_ports,ksf-v4-idsplit::
quantum,svc,8,zz_r2_full__as0.5__svc__d8,zz_r2_full__as0.5,id_val,train_cv,100.0,0.8367166716671667,0.022004365921020508,0.852,0.8512987012987012,0.8502533551342863,0.8664259927797834,0.916038961038961,0.9249500589328874,port_protocol_service_ablation,39,36,3,ct_src_dport_ltm|ct_dst_sport_ltm|is_sm_ips_ports,ksf-v4-idsplit::
quantum,svc,8,zz_r2_full__as0.5__svc__d8,zz_r2_full__as0.5,id_test,train_cv,100.0,0.8367166716671667,0.022004365921020508,0.856,0.8577922077922078,0.8548761609907121,0.8676470588235294,0.9341558441558441,0.9346165179541301,port_protocol_service_ablation,39,36,3,ct_src_dport_ltm|ct_dst_sport_ltm|is_sm_ips_ports,ksf-v4-idsplit::
quantum,svc,8,zz_r2_full__as0.5__svc__d8,zz_r2_full__as0.5,ood_test,train_cv,100.0,0.8367166716671667,0.022004365921020508,0.824,0.8112064613831398,0.8163575351842268,0.7788944723618091,0.9248505967986191,0.8821505482271038,port_protocol_service_ablation,39,36,3,ct_src_dport_ltm|ct_dst_sport_ltm|is_sm_ips_ports,ksf-v4-idsplit::
quantum,svc,8,pauli_xz_r1_full__as0.5__svc__d8,pauli_xz_r1_full__as0.5,id_val,fixed_c1,1.0,,0.007010459899902344,0.88,0.8704545454545454,0.8757949125596185,0.8986486486486487,0.9387662337662338,0.932594771819042,port_protocol_service_ablation,39,36,3,ct_src_dport_ltm|ct_dst_sport_ltm|is_sm_ips_ports,ksf-v4-idsplit::
quantum,svc,8,pauli_xz_r1_full__as0.5__svc__d8,pauli_xz_r1_full__as0.5,id_test,fixed_c1,1.0,,0.007010459899902344,0.896,0.8886363636363637,0.8929794520547945,0.910958904109589,0.963116883116883,0.9639476552997184,port_protocol_service_ablation,39,36,3,ct_src_dport_ltm|ct_dst_sport_ltm|is_sm_ips_ports,ksf-v4-idsplit::
quantum,svc,8,pauli_xz_r1_full__as0.5__svc__d8,pauli_xz_r1_full__as0.5,ood_test,fixed_c1,1.0,,0.007010459899902344,0.916,0.9252576899903926,0.915772248159022,0.9113924050632911,0.9468987640650697,0.897269511006649,port_protocol_service_ablation,39,36,3,ct_src_dport_ltm|ct_dst_sport_ltm|is_sm_ips_ports,ksf-v4-idsplit::
quantum,svc,8,pauli_xz_r1_full__as0.5__svc__d8,pauli_xz_r1_full__as0.5,id_val,train_cv,100.0,0.8914009400940094,0.02303481101989746,0.88,0.8772727272727272,0.8780011711887565,0.8936170212765957,0.9437662337662337,0.9248750120927122,port_protocol_service_ablation,39,36,3,ct_src_dport_ltm|ct_dst_sport_ltm|is_sm_ips_ports,ksf-v4-idsplit::
quantum,svc,8,pauli_xz_r1_full__as0.5__svc__d8,pauli_xz_r1_full__as0.5,id_test,train_cv,100.0,0.8914009400940094,0.02303481101989746,0.884,0.8818181818181818,0.882188530850355,0.896797153024911,0.9403896103896104,0.9219610757787496,port_protocol_service_ablation,39,36,3,ct_src_dport_ltm|ct_dst_sport_ltm|is_sm_ips_ports,ksf-v4-idsplit::
quantum,svc,8,pauli_xz_r1_full__as0.5__svc__d8,pauli_xz_r1_full__as0.5,ood_test,train_cv,100.0,0.8914009400940094,0.02303481101989746,0.924,0.9231896565761835,0.9227340750862125,0.9128440366972477,0.9638664082981877,0.9393168797168269,port_protocol_service_ablation,39,36,3,ct_src_dport_ltm|ct_dst_sport_ltm|is_sm_ips_ports,ksf-v4-idsplit::
quantum,svc,8,zmap_r2__as0.5__svc__d8,zmap_r2__as0.5,id_val,fixed_c1,1.0,,0.007375001907348633,0.876,0.8678571428571429,0.8722197490560749,0.89419795221843,0.9057142857142857,0.8467745461672465,port_protocol_service_ablation,39,36,3,ct_src_dport_ltm|ct_dst_sport_ltm|is_sm_ips_ports,ksf-v4-idsplit::
quantum,svc,8,zmap_r2__as0.5__svc__d8,zmap_r2__as0.5,id_test,fixed_c1,1.0,,0.007375001907348633,0.912,0.9058441558441559,0.909688013136289,0.9241379310344827,0.9512987012987013,0.9516825265415184,port_protocol_service_ablation,39,36,3,ct_src_dport_ltm|ct_dst_sport_ltm|is_sm_ips_ports,ksf-v4-idsplit::
quantum,svc,8,zmap_r2__as0.5__svc__d8,zmap_r2__as0.5,ood_test,fixed_c1,1.0,,0.007375001907348633,0.91,0.9188826106072201,0.9097367924868918,0.904862579281184,0.9430720880623993,0.8642686114778504,port_protocol_service_ablation,39,36,3,ct_src_dport_ltm|ct_dst_sport_ltm|is_sm_ips_ports,ksf-v4-idsplit::
quantum,svc,8,zmap_r2__as0.5__svc__d8,zmap_r2__as0.5,id_val,train_cv,1.0,0.8866704670467047,0.006740570068359375,0.876,0.8678571428571429,0.8722197490560749,0.89419795221843,0.9057142857142857,0.8467745461672465,port_protocol_service_ablation,39,36,3,ct_src_dport_ltm|ct_dst_sport_ltm|is_sm_ips_ports,ksf-v4-idsplit::
quantum,svc,8,zmap_r2__as0.5__svc__d8,zmap_r2__as0.5,id_test,train_cv,1.0,0.8866704670467047,0.006740570068359375,0.912,0.9058441558441559,0.909688013136289,0.9241379310344827,0.9512987012987013,0.9516825265415184,port_protocol_service_ablation,39,36,3,ct_src_dport_ltm|ct_dst_sport_ltm|is_sm_ips_ports,ksf-v4-idsplit::
quantum,svc,8,zmap_r2__as0.5__svc__d8,zmap_r2__as0.5,ood_test,train_cv,1.0,0.8866704670467047,0.006740570068359375,0.91,0.9188826106072201,0.9097367924868918,0.904862579281184,0.9430720880623993,0.8642686114778504,port_protocol_service_ablation,39,36,3,ct_src_dport_ltm|ct_dst_sport_ltm|is_sm_ips_ports,ksf-v4-idsplit::
quantum,svc,8,zz_r1_full__svc__d8,zz_r1_full,id_val,fixed_c1,1.0,,0.0120391845703125,0.864,0.862012987012987,0.862012987012987,0.8785714285714286,0.938961038961039,0.9434818300161777,port_protocol_service_ablation,39,36,3,ct_src_dport_ltm|ct_dst_sport_ltm|is_sm_ips_ports,ksf-v4-idsplit::
quantum,svc,8,zz_r1_full__svc__d8,zz_r1_full,id_test,fixed_c1,1.0,,0.0120391845703125,0.904,0.9035714285714286,0.9027804783200466,0.9136690647482014,0.9583116883116883,0.9603145629058082,port_protocol_service_ablation,39,36,3,ct_src_dport_ltm|ct_dst_sport_ltm|is_sm_ips_ports,ksf-v4-idsplit::
quantum,svc,8,zz_r1_full__svc__d8,zz_r1_full,ood_test,fixed_c1,1.0,,0.0120391845703125,0.844,0.8363973880900816,0.8394691780821918,0.8125,0.946849912882057,0.8951059372478108,port_protocol_service_ablation,39,36,3,ct_src_dport_ltm|ct_dst_sport_ltm|is_sm_ips_ports,ksf-v4-idsplit::
quantum,svc,8,zz_r1_full__svc__d8,zz_r1_full,id_val,train_cv,10.0,0.850997899789979,0.01451253890991211,0.864,0.862987012987013,0.8622723442867328,0.8776978417266187,0.9179220779220778,0.914479316004109,port_protocol_service_ablation,39,36,3,ct_src_dport_ltm|ct_dst_sport_ltm|is_sm_ips_ports,ksf-v4-idsplit::
quantum,svc,8,zz_r1_full__svc__d8,zz_r1_full,id_test,train_cv,10.0,0.850997899789979,0.01451253890991211,0.896,0.8954545454545455,0.8946788515133839,0.9064748201438849,0.950974025974026,0.9381347620713827,port_protocol_service_ablation,39,36,3,ct_src_dport_ltm|ct_dst_sport_ltm|is_sm_ips_ports,ksf-v4-idsplit::
quantum,svc,8,zz_r1_full__svc__d8,zz_r1_full,ood_test,train_cv,10.0,0.850997899789979,0.01451253890991211,0.858,0.8519890573350051,0.8543643516752202,0.831353919239905,0.9465730895116511,0.8898830303602275,port_protocol_service_ablation,39,36,3,ct_src_dport_ltm|ct_dst_sport_ltm|is_sm_ips_ports,ksf-v4-idsplit::
quantum,svc,8,zz_r2_full__svc__d8,zz_r2_full,id_val,fixed_c1,1.0,,0.010285139083862305,0.828,0.8376623376623377,0.8279311724689876,0.8313725490196079,0.9358441558441558,0.945891641178177,port_protocol_service_ablation,39,36,3,ct_src_dport_ltm|ct_dst_sport_ltm|is_sm_ips_ports,ksf-v4-idsplit::
quantum,svc,8,zz_r2_full__svc__d8,zz_r2_full,id_test,fixed_c1,1.0,,0.010285139083862305,0.852,0.862987012987013,0.85197868493063,0.8537549407114624,0.9346103896103896,0.9461289538560447,port_protocol_service_ablation,39,36,3,ct_src_dport_ltm|ct_dst_sport_ltm|is_sm_ips_ports,ksf-v4-idsplit::
quantum,svc,8,zz_r2_full__svc__d8,zz_r2_full,ood_test,fixed_c1,1.0,,0.010285139083862305,0.776,0.7489212030418003,0.7531908892179677,0.6781609195402298,0.9348650893162463,0.9108550369375746,port_protocol_service_ablation,39,36,3,ct_src_dport_ltm|ct_dst_sport_ltm|is_sm_ips_ports,ksf-v4-idsplit::
quantum,svc,8,zz_r2_full__svc__d8,zz_r2_full,id_val,train_cv,10.0,0.8233558355835584,0.015395879745483398,0.836,0.8418831168831169,0.8355553416438048,0.844106463878327,0.9246103896103897,0.9359755178323648,port_protocol_service_ablation,39,36,3,ct_src_dport_ltm|ct_dst_sport_ltm|is_sm_ips_ports,ksf-v4-idsplit::
quantum,svc,8,zz_r2_full__svc__d8,zz_r2_full,id_test,train_cv,10.0,0.8233558355835584,0.015395879745483398,0.856,0.8636363636363636,0.8557692307692308,0.8615384615384616,0.9442207792207793,0.9634536479163738,port_protocol_service_ablation,39,36,3,ct_src_dport_ltm|ct_dst_sport_ltm|is_sm_ips_ports,ksf-v4-idsplit::
quantum,svc,8,zz_r2_full__svc__d8,zz_r2_full,ood_test,train_cv,10.0,0.8233558355835584,0.015395879745483398,0.78,0.7551415870120988,0.7601018912694535,0.6910112359550562,0.9331552979107977,0.8970311119004666,port_protocol_service_ablation,39,36,3,ct_src_dport_ltm|ct_dst_sport_ltm|is_sm_ips_ports,ksf-v4-idsplit::
quantum,svc,8,pauli_xz_r1_full__svc__d8,pauli_xz_r1_full,id_val,fixed_c1,1.0,,0.007720947265625,0.868,0.8607142857142858,0.8643516006511123,0.8865979381443299,0.9244155844155844,0.9096326091651126,port_protocol_service_ablation,39,36,3,ct_src_dport_ltm|ct_dst_sport_ltm|is_sm_ips_ports,ksf-v4-idsplit::
quantum,svc,8,pauli_xz_r1_full__svc__d8,pauli_xz_r1_full,id_test,fixed_c1,1.0,,0.007720947265625,0.908,0.9022727272727272,0.905705242788501,0.9204152249134948,0.9461688311688312,0.9381402280571199,port_protocol_service_ablation,39,36,3,ct_src_dport_ltm|ct_dst_sport_ltm|is_sm_ips_ports,ksf-v4-idsplit::
quantum,svc,8,pauli_xz_r1_full__svc__d8,pauli_xz_r1_full,ood_test,fixed_c1,1.0,,0.007720947265625,0.916,0.9252576899903926,0.915772248159022,0.9113924050632911,0.959518653010047,0.9198179673649857,port_protocol_service_ablation,39,36,3,ct_src_dport_ltm|ct_dst_sport_ltm|is_sm_ips_ports,ksf-v4-idsplit::
quantum,svc,8,pauli_xz_r1_full__svc__d8,pauli_xz_r1_full,id_val,train_cv,1.0,0.8876506650665068,0.00700688362121582,0.868,0.8607142857142858,0.8643516006511123,0.8865979381443299,0.9244155844155844,0.9096326091651126,port_protocol_service_ablation,39,36,3,ct_src_dport_ltm|ct_dst_sport_ltm|is_sm_ips_ports,ksf-v4-idsplit::
quantum,svc,8,pauli_xz_r1_full__svc__d8,pauli_xz_r1_full,id_test,train_cv,1.0,0.8876506650665068,0.00700688362121582,0.908,0.9022727272727272,0.905705242788501,0.9204152249134948,0.9461688311688312,0.9381402280571199,port_protocol_service_ablation,39,36,3,ct_src_dport_ltm|ct_dst_sport_ltm|is_sm_ips_ports,ksf-v4-idsplit::
quantum,svc,8,pauli_xz_r1_full__svc__d8,pauli_xz_r1_full,ood_test,train_cv,1.0,0.8876506650665068,0.00700688362121582,0.916,0.9252576899903926,0.915772248159022,0.9113924050632911,0.959518653010047,0.9198179673649857,port_protocol_service_ablation,39,36,3,ct_src_dport_ltm|ct_dst_sport_ltm|is_sm_ips_ports,ksf-v4-idsplit::
quantum,svc,8,zmap_r2__svc__d8,zmap_r2,id_val,fixed_c1,1.0,,0.006004810333251953,0.876,0.8727272727272728,0.8738011105502271,0.8904593639575972,0.9307792207792208,0.9166278406342986,port_protocol_service_ablation,39,36,3,ct_src_dport_ltm|ct_dst_sport_ltm|is_sm_ips_ports,ksf-v4-idsplit::
quantum,svc,8,zmap_r2__svc__d8,zmap_r2,id_test,fixed_c1,1.0,,0.006004810333251953,0.904,0.8987012987012987,0.9017295597484276,0.9166666666666666,0.9366883116883118,0.8999454341108424,port_protocol_service_ablation,39,36,3,ct_src_dport_ltm|ct_dst_sport_ltm|is_sm_ips_ports,ksf-v4-idsplit::
quantum,svc,8,zmap_r2__svc__d8,zmap_r2,ood_test,fixed_c1,1.0,,0.006004810333251953,0.902,0.9091286577323281,0.9015712443403465,0.8950749464668094,0.9613098630538504,0.9293822768045865,port_protocol_service_ablation,39,36,3,ct_src_dport_ltm|ct_dst_sport_ltm|is_sm_ips_ports,ksf-v4-idsplit::
quantum,svc,8,zmap_r2__svc__d8,zmap_r2,id_val,train_cv,10.0,0.8843203320332034,0.013001441955566406,0.888,0.8834415584415585,0.8856283903012875,0.9020979020979021,0.9094805194805197,0.9050760906688236,port_protocol_service_ablation,39,36,3,ct_src_dport_ltm|ct_dst_sport_ltm|is_sm_ips_ports,ksf-v4-idsplit::
quantum,svc,8,zmap_r2__svc__d8,zmap_r2,id_test,train_cv,10.0,0.8843203320332034,0.013001441955566406,0.888,0.8844155844155843,0.8858894105372979,0.9014084507042254,0.9274025974025973,0.9001515611707623,port_protocol_service_ablation,39,36,3,ct_src_dport_ltm|ct_dst_sport_ltm|is_sm_ips_ports,ksf-v4-idsplit::
quantum,svc,8,zmap_r2__svc__d8,zmap_r2,ood_test,train_cv,10.0,0.8843203320332034,0.013001441955566406,0.91,0.9118968914363876,0.9089772685898758,0.8993288590604027,0.9588510201755386,0.9221126505566678,port_protocol_service_ablation,39,36,3,ct_src_dport_ltm|ct_dst_sport_ltm|is_sm_ips_ports,ksf-v4-idsplit::
quantum,svc,8,zz_r1_full__as2__svc__d8,zz_r1_full__as2,id_val,fixed_c1,1.0,,0.010000228881835938,0.824,0.8292207792207792,0.8234463276836159,0.8333333333333334,0.9333116883116883,0.9390230424156232,port_protocol_service_ablation,39,36,3,ct_src_dport_ltm|ct_dst_sport_ltm|is_sm_ips_ports,ksf-v4-idsplit::
quantum,svc,8,zz_r1_full__as2__svc__d8,zz_r1_full__as2,id_test,fixed_c1,1.0,,0.010000228881835938,0.868,0.8753246753246753,0.8677439522916366,0.8735632183908046,0.9616233766233766,0.9679776491672154,port_protocol_service_ablation,39,36,3,ct_src_dport_ltm|ct_dst_sport_ltm|is_sm_ips_ports,ksf-v4-idsplit::
quantum,svc,8,zz_r1_full__as2__svc__d8,zz_r1_full__as2,ood_test,fixed_c1,1.0,,0.010000228881835938,0.774,0.7509159596814903,0.7556555998114439,0.6887052341597796,0.9414762827506473,0.9047898736868208,port_protocol_service_ablation,39,36,3,ct_src_dport_ltm|ct_dst_sport_ltm|is_sm_ips_ports,ksf-v4-idsplit::
quantum,svc,8,zz_r1_full__as2__svc__d8,zz_r1_full__as2,id_val,train_cv,10.0,0.8405073507350735,0.01609039306640625,0.832,0.8344155844155844,0.8309178743961353,0.8444444444444444,0.9234415584415585,0.9120469588797785,port_protocol_service_ablation,39,36,3,ct_src_dport_ltm|ct_dst_sport_ltm|is_sm_ips_ports,ksf-v4-idsplit::
quantum,svc,8,zz_r1_full__as2__svc__d8,zz_r1_full__as2,id_test,train_cv,10.0,0.8405073507350735,0.01609039306640625,0.868,0.8743506493506493,0.8676421042498917,0.8745247148288974,0.9685714285714286,0.9767053702817314,port_protocol_service_ablation,39,36,3,ct_src_dport_ltm|ct_dst_sport_ltm|is_sm_ips_ports,ksf-v4-idsplit::
quantum,svc,8,zz_r1_full__as2__svc__d8,zz_r1_full__as2,ood_test,train_cv,10.0,0.8405073507350735,0.01609039306640625,0.798,0.7769536402273208,0.7831119357152367,0.7262872628726287,0.9478920714529969,0.9059457691826107,port_protocol_service_ablation,39,36,3,ct_src_dport_ltm|ct_dst_sport_ltm|is_sm_ips_ports,ksf-v4-idsplit::
quantum,svc,8,zz_r2_full__as2__svc__d8,zz_r2_full__as2,id_val,fixed_c1,1.0,,0.010998964309692383,0.8,0.8155844155844156,0.7997949900698316,0.7933884297520661,0.9079220779220779,0.9206846081185335,port_protocol_service_ablation,39,36,3,ct_src_dport_ltm|ct_dst_sport_ltm|is_sm_ips_ports,ksf-v4-idsplit::
quantum,svc,8,zz_r2_full__as2__svc__d8,zz_r2_full__as2,id_test,fixed_c1,1.0,,0.010998964309692383,0.832,0.8470779220779221,0.8319031762295082,0.8278688524590164,0.9340259740259741,0.9543298651620653,port_protocol_service_ablation,39,36,3,ct_src_dport_ltm|ct_dst_sport_ltm|is_sm_ips_ports,ksf-v4-idsplit::
quantum,svc,8,zz_r2_full__as2__svc__d8,zz_r2_full__as2,ood_test,fixed_c1,1.0,,0.010998964309692383,0.766,0.7363257396883294,0.738931359029628,0.6548672566371682,0.9043005324778949,0.8885508435739996,port_protocol_service_ablation,39,36,3,ct_src_dport_ltm|ct_dst_sport_ltm|is_sm_ips_ports,ksf-v4-idsplit::
quantum,svc,8,zz_r2_full__as2__svc__d8,zz_r2_full__as2,id_val,train_cv,100.0,0.8040544054405441,0.015486478805541992,0.808,0.8188311688311688,0.8079877112135176,0.8095238095238095,0.8953896103896104,0.9000438399548463,port_protocol_service_ablation,39,36,3,ct_src_dport_ltm|ct_dst_sport_ltm|is_sm_ips_ports,ksf-v4-idsplit::
quantum,svc,8,zz_r2_full__as2__svc__d8,zz_r2_full__as2,id_test,train_cv,100.0,0.8040544054405441,0.015486478805541992,0.848,0.8613636363636363,0.8479902713773682,0.8467741935483871,0.9240909090909091,0.9519578626672031,port_protocol_service_ablation,39,36,3,ct_src_dport_ltm|ct_dst_sport_ltm|is_sm_ips_ports,ksf-v4-idsplit::
quantum,svc,8,zz_r2_full__as2__svc__d8,zz_r2_full__as2,ood_test,train_cv,100.0,0.8040544054405441,0.015486478805541992,0.776,0.7505332920812233,0.7551206031029718,0.6836158192090396,0.8840272915275764,0.8715735626788023,port_protocol_service_ablation,39,36,3,ct_src_dport_ltm|ct_dst_sport_ltm|is_sm_ips_ports,ksf-v4-idsplit::
quantum,svc,8,pauli_xz_r1_full__as2__svc__d8,pauli_xz_r1_full__as2,id_val,fixed_c1,1.0,,0.012000560760498047,0.872,0.8701298701298701,0.8701298701298701,0.8857142857142857,0.9437012987012986,0.9606305746108259,port_protocol_service_ablation,39,36,3,ct_src_dport_ltm|ct_dst_sport_ltm|is_sm_ips_ports,ksf-v4-idsplit::
quantum,svc,8,pauli_xz_r1_full__as2__svc__d8,pauli_xz_r1_full__as2,id_test,fixed_c1,1.0,,0.012000560760498047,0.888,0.8863636363636364,0.8863636363636364,0.9,0.9476623376623377,0.9276695918786528,port_protocol_service_ablation,39,36,3,ct_src_dport_ltm|ct_dst_sport_ltm|is_sm_ips_ports,ksf-v4-idsplit::
quantum,svc,8,pauli_xz_r1_full__as2__svc__d8,pauli_xz_r1_full__as2,ood_test,fixed_c1,1.0,,0.012000560760498047,0.9,0.9052124212274675,0.8993558776167472,0.8913043478260869,0.9583136571623976,0.9180565447653463,port_protocol_service_ablation,39,36,3,ct_src_dport_ltm|ct_dst_sport_ltm|is_sm_ips_ports,ksf-v4-idsplit::
quantum,svc,8,pauli_xz_r1_full__as2__svc__d8,pauli_xz_r1_full__as2,id_val,train_cv,10.0,0.8793199319931994,0.011030912399291992,0.884,0.8808441558441558,0.8819429743856964,0.8975265017667845,0.9281168831168831,0.9168497240131686,port_protocol_service_ablation,39,36,3,ct_src_dport_ltm|ct_dst_sport_ltm|is_sm_ips_ports,ksf-v4-idsplit::
quantum,svc,8,pauli_xz_r1_full__as2__svc__d8,pauli_xz_r1_full__as2,id_test,train_cv,10.0,0.8793199319931994,0.011030912399291992,0.872,0.8691558441558442,0.8698679159346736,0.8865248226950354,0.9353896103896104,0.9321096062248351,port_protocol_service_ablation,39,36,3,ct_src_dport_ltm|ct_dst_sport_ltm|is_sm_ips_ports,ksf-v4-idsplit::
quantum,svc,8,pauli_xz_r1_full__as2__svc__d8,pauli_xz_r1_full__as2,ood_test,train_cv,10.0,0.8793199319931994,0.011030912399291992,0.898,0.8980720066437609,0.896559697224149,0.8843537414965986,0.95714122877009,0.8927239154770956,port_protocol_service_ablation,39,36,3,ct_src_dport_ltm|ct_dst_sport_ltm|is_sm_ips_ports,ksf-v4-idsplit::
quantum,svc,8,zmap_r2__as2__svc__d8,zmap_r2__as2,id_val,fixed_c1,1.0,,0.00800013542175293,0.872,0.8681818181818182,0.8695878977569118,0.8873239436619719,0.9437662337662338,0.9317937951811428,port_protocol_service_ablation,39,36,3,ct_src_dport_ltm|ct_dst_sport_ltm|is_sm_ips_ports,ksf-v4-idsplit::
quantum,svc,8,zmap_r2__as2__svc__d8,zmap_r2__as2,id_test,fixed_c1,1.0,,0.00800013542175293,0.904,0.9035714285714286,0.9027804783200466,0.9136690647482014,0.9501298701298702,0.9532617608902777,port_protocol_service_ablation,39,36,3,ct_src_dport_ltm|ct_dst_sport_ltm|is_sm_ips_ports,ksf-v4-idsplit::
quantum,svc,8,zmap_r2__as2__svc__d8,zmap_r2__as2,ood_test,fixed_c1,1.0,,0.00800013542175293,0.886,0.8858592108905571,0.8843902498387548,0.8707482993197279,0.960056016023188,0.9359072844093762,port_protocol_service_ablation,39,36,3,ct_src_dport_ltm|ct_dst_sport_ltm|is_sm_ips_ports,ksf-v4-idsplit::
quantum,svc,8,zmap_r2__as2__svc__d8,zmap_r2__as2,id_val,train_cv,1.0,0.8602187218721872,0.006985902786254883,0.872,0.8681818181818182,0.8695878977569118,0.8873239436619719,0.9437662337662338,0.9317937951811428,port_protocol_service_ablation,39,36,3,ct_src_dport_ltm|ct_dst_sport_ltm|is_sm_ips_ports,ksf-v4-idsplit::
quantum,svc,8,zmap_r2__as2__svc__d8,zmap_r2__as2,id_test,train_cv,1.0,0.8602187218721872,0.006985902786254883,0.904,0.9035714285714286,0.9027804783200466,0.9136690647482014,0.9501298701298702,0.9532617608902777,port_protocol_service_ablation,39,36,3,ct_src_dport_ltm|ct_dst_sport_ltm|is_sm_ips_ports,ksf-v4-idsplit::
quantum,svc,8,zmap_r2__as2__svc__d8,zmap_r2__as2,ood_test,train_cv,1.0,0.8602187218721872,0.006985902786254883,0.886,0.8858592108905571,0.8843902498387548,0.8707482993197279,0.960056016023188,0.9359072844093762,port_protocol_service_ablation,39,36,3,ct_src_dport_ltm|ct_dst_sport_ltm|is_sm_ips_ports,ksf-v4-idsplit::
classical_ext,svc,10,linear__svc__d10,linear,id_val,fixed_c1,1.0,,0.0065991878509521484,0.876,0.8688311688311688,0.8725727157631662,0.8934707903780069,0.9298701298701298,0.9194405434816044,port_protocol_service_ablation,39,36,3,ct_src_dport_ltm|ct_dst_sport_ltm|is_sm_ips_ports,ksf-v4-idsplit::
classical_ext,svc,10,linear__svc__d10,linear,id_test,fixed_c1,1.0,,0.0065991878509521484,0.88,0.8743506493506493,0.8771619496855346,0.8958333333333334,0.9233116883116883,0.9139149505967896,port_protocol_service_ablation,39,36,3,ct_src_dport_ltm|ct_dst_sport_ltm|is_sm_ips_ports,ksf-v4-idsplit::
classical_ext,svc,10,linear__svc__d10,linear,ood_test,fixed_c1,1.0,,0.0065991878509521484,0.732,0.7207992053540897,0.7230260438197602,0.6731707317073171,0.8232889873149761,0.6651590347545343,port_protocol_service_ablation,39,36,3,ct_src_dport_ltm|ct_dst_sport_ltm|is_sm_ips_ports,ksf-v4-idsplit::
classical_ext,svc,10,linear__svc__d10,linear,id_val,train_cv,100.0,0.8415266526652665,0.01962876319885254,0.872,0.8633116883116883,0.8679083283798956,0.891156462585034,0.9203246753246753,0.9004659361621392,port_protocol_service_ablation,39,36,3,ct_src_dport_ltm|ct_dst_sport_ltm|is_sm_ips_ports,ksf-v4-idsplit::
classical_ext,svc,10,linear__svc__d10,linear,id_test,train_cv,100.0,0.8415266526652665,0.01962876319885254,0.888,0.8814935064935066,0.8850574712643678,0.903448275862069,0.9132467532467532,0.8801132095563475,port_protocol_service_ablation,39,36,3,ct_src_dport_ltm|ct_dst_sport_ltm|is_sm_ips_ports,ksf-v4-idsplit::
classical_ext,svc,10,linear__svc__d10,linear,ood_test,train_cv,100.0,0.8415266526652665,0.01962876319885254,0.804,0.8010616990441451,0.8007352462749691,0.7752293577981652,0.884971747732491,0.8392147299272933,port_protocol_service_ablation,39,36,3,ct_src_dport_ltm|ct_dst_sport_ltm|is_sm_ips_ports,ksf-v4-idsplit::
classical_ext,svc,10,rbf_gscale__svc__d10,rbf_gscale,id_val,fixed_c1,1.0,,0.006043910980224609,0.88,0.8704545454545454,0.8757949125596185,0.8986486486486487,0.9381168831168831,0.9386433944252393,port_protocol_service_ablation,39,36,3,ct_src_dport_ltm|ct_dst_sport_ltm|is_sm_ips_ports,ksf-v4-idsplit::
classical_ext,svc,10,rbf_gscale__svc__d10,rbf_gscale,id_test,fixed_c1,1.0,,0.006043910980224609,0.896,0.8876623376623377,0.8926755168086652,0.9115646258503401,0.9594155844155844,0.9580297046080012,port_protocol_service_ablation,39,36,3,ct_src_dport_ltm|ct_dst_sport_ltm|is_sm_ips_ports,ksf-v4-idsplit::
classical_ext,svc,10,rbf_gscale__svc__d10,rbf_gscale,ood_test,fixed_c1,1.0,,0.006043910980224609,0.92,0.9293286219081272,0.9197830934847828,0.9156118143459916,0.9720082721336569,0.9433042814365142,port_protocol_service_ablation,39,36,3,ct_src_dport_ltm|ct_dst_sport_ltm|is_sm_ips_ports,ksf-v4-idsplit::
classical_ext,svc,10,rbf_gscale__svc__d10,rbf_gscale,id_val,train_cv,100.0,0.8954213421342135,0.02476024627685547,0.884,0.8808441558441558,0.8819429743856964,0.8975265017667845,0.9510389610389611,0.9458294072529567,port_protocol_service_ablation,39,36,3,ct_src_dport_ltm|ct_dst_sport_ltm|is_sm_ips_ports,ksf-v4-idsplit::
classical_ext,svc,10,rbf_gscale__svc__d10,rbf_gscale,id_test,train_cv,100.0,0.8954213421342135,0.02476024627685547,0.896,0.8954545454545455,0.8946788515133839,0.9064748201438849,0.9564285714285713,0.9609238782036756,port_protocol_service_ablation,39,36,3,ct_src_dport_ltm|ct_dst_sport_ltm|is_sm_ips_ports,ksf-v4-idsplit::
classical_ext,svc,10,rbf_gscale__svc__d10,rbf_gscale,ood_test,train_cv,100.0,0.8954213421342135,0.02476024627685547,0.93,0.9290273729462148,0.928796663615095,0.9195402298850575,0.9759489342300239,0.9608886981510223,port_protocol_service_ablation,39,36,3,ct_src_dport_ltm|ct_dst_sport_ltm|is_sm_ips_ports,ksf-v4-idsplit::
classical_ext,svc,10,poly2__svc__d10,poly2,id_val,fixed_c1,1.0,,0.012024641036987305,0.872,0.8603896103896105,0.8666666666666667,0.8933333333333333,0.9374675324675326,0.9473892448712556,port_protocol_service_ablation,39,36,3,ct_src_dport_ltm|ct_dst_sport_ltm|is_sm_ips_ports,ksf-v4-idsplit::
classical_ext,svc,10,poly2__svc__d10,poly2,id_test,fixed_c1,1.0,,0.012024641036987305,0.896,0.8876623376623377,0.8926755168086652,0.9115646258503401,0.9357792207792208,0.9287812275590246,port_protocol_service_ablation,39,36,3,ct_src_dport_ltm|ct_dst_sport_ltm|is_sm_ips_ports,ksf-v4-idsplit::
classical_ext,svc,10,poly2__svc__d10,poly2,ood_test,fixed_c1,1.0,,0.012024641036987305,0.754,0.7515184576053151,0.7505263285994184,0.7210884353741497,0.8339222614840989,0.6458777163277593,port_protocol_service_ablation,39,36,3,ct_src_dport_ltm|ct_dst_sport_ltm|is_sm_ips_ports,ksf-v4-idsplit::
classical_ext,svc,10,poly2__svc__d10,poly2,id_val,train_cv,100.0,0.8886908690869086,0.012557029724121094,0.888,0.8795454545454545,0.8844197873324087,0.9047619047619048,0.9459740259740259,0.9491143911551168,port_protocol_service_ablation,39,36,3,ct_src_dport_ltm|ct_dst_sport_ltm|is_sm_ips_ports,ksf-v4-idsplit::
classical_ext,svc,10,poly2__svc__d10,poly2,id_test,train_cv,100.0,0.8886908690869086,0.012557029724121094,0.908,0.9022727272727272,0.905705242788501,0.9204152249134948,0.9635714285714286,0.9606620832404766,port_protocol_service_ablation,39,36,3,ct_src_dport_ltm|ct_dst_sport_ltm|is_sm_ips_ports,ksf-v4-idsplit::
classical_ext,svc,10,poly2__svc__d10,poly2,ood_test,train_cv,100.0,0.8886908690869086,0.012557029724121094,0.926,0.9335542492387358,0.9256762457263841,0.9207708779443254,0.9646317434987217,0.9133704538502222,port_protocol_service_ablation,39,36,3,ct_src_dport_ltm|ct_dst_sport_ltm|is_sm_ips_ports,ksf-v4-idsplit::
classical_ext,svc,10,poly3__svc__d10,poly3,id_val,fixed_c1,1.0,,0.007022857666015625,0.88,0.8655844155844157,0.8736608045279968,0.9019607843137255,0.9411038961038962,0.9507866224488825,port_protocol_service_ablation,39,36,3,ct_src_dport_ltm|ct_dst_sport_ltm|is_sm_ips_ports,ksf-v4-idsplit::
classical_ext,svc,10,poly3__svc__d10,poly3,id_test,fixed_c1,1.0,,0.007022857666015625,0.896,0.8827922077922078,0.8909103114930182,0.9144736842105263,0.9418181818181818,0.9369110508281299,port_protocol_service_ablation,39,36,3,ct_src_dport_ltm|ct_dst_sport_ltm|is_sm_ips_ports,ksf-v4-idsplit::
classical_ext,svc,10,poly3__svc__d10,poly3,ood_test,fixed_c1,1.0,,0.007022857666015625,0.85,0.8621175359463289,0.8499273648445848,0.8466257668711656,0.8856719480223413,0.8053003965355052,port_protocol_service_ablation,39,36,3,ct_src_dport_ltm|ct_dst_sport_ltm|is_sm_ips_ports,ksf-v4-idsplit::
classical_ext,svc,10,poly3__svc__d10,poly3,id_val,train_cv,100.0,0.8955316531653164,0.01945805549621582,0.892,0.884090909090909,0.8887075233714201,0.9078498293515358,0.9450000000000001,0.9327857231175893,port_protocol_service_ablation,39,36,3,ct_src_dport_ltm|ct_dst_sport_ltm|is_sm_ips_ports,ksf-v4-idsplit::
classical_ext,svc,10,poly3__svc__d10,poly3,id_test,train_cv,100.0,0.8955316531653164,0.01945805549621582,0.9,0.897077922077922,0.8982267020566348,0.911660777385159,0.9625324675324676,0.9617393873246837,port_protocol_service_ablation,39,36,3,ct_src_dport_ltm|ct_dst_sport_ltm|is_sm_ips_ports,ksf-v4-idsplit::
classical_ext,svc,10,poly3__svc__d10,poly3,ood_test,train_cv,100.0,0.8955316531653164,0.01945805549621582,0.95,0.9547556626662976,0.9495916927109588,0.945054945054945,0.9649248505967987,0.9110930015571101,port_protocol_service_ablation,39,36,3,ct_src_dport_ltm|ct_dst_sport_ltm|is_sm_ips_ports,ksf-v4-idsplit::
classical_ext,svc,10,laplacian_med__svc__d10,laplacian_med,id_val,fixed_c1,1.0,,0.007143735885620117,0.88,0.8724025974025974,0.8765147523709167,0.8972602739726028,0.9553246753246754,0.958464457910599,port_protocol_service_ablation,39,36,3,ct_src_dport_ltm|ct_dst_sport_ltm|is_sm_ips_ports,ksf-v4-idsplit::
classical_ext,svc,10,laplacian_med__svc__d10,laplacian_med,id_test,fixed_c1,1.0,,0.007143735885620117,0.904,0.8996753246753246,0.9019671916868178,0.916083916083916,0.9731168831168832,0.9798856412907534,port_protocol_service_ablation,39,36,3,ct_src_dport_ltm|ct_dst_sport_ltm|is_sm_ips_ports,ksf-v4-idsplit::
classical_ext,svc,10,laplacian_med__svc__d10,laplacian_med,ood_test,fixed_c1,1.0,,0.007143735885620117,0.934,0.941696113074205,0.9337112461883967,0.9293361884368309,0.9778378466398528,0.9554017396261673,port_protocol_service_ablation,39,36,3,ct_src_dport_ltm|ct_dst_sport_ltm|is_sm_ips_ports,ksf-v4-idsplit::
classical_ext,svc,10,laplacian_med__svc__d10,laplacian_med,id_val,train_cv,10.0,0.8922211221122114,0.008527040481567383,0.9,0.8951298701298701,0.8977605470219692,0.9128919860627178,0.9417532467532468,0.9276041843515591,port_protocol_service_ablation,39,36,3,ct_src_dport_ltm|ct_dst_sport_ltm|is_sm_ips_ports,ksf-v4-idsplit::
classical_ext,svc,10,laplacian_med__svc__d10,laplacian_med,id_test,train_cv,10.0,0.8922211221122114,0.008527040481567383,0.908,0.9061688311688312,0.9065633175709713,0.9181494661921709,0.9702597402597402,0.9690533190767645,port_protocol_service_ablation,39,36,3,ct_src_dport_ltm|ct_dst_sport_ltm|is_sm_ips_ports,ksf-v4-idsplit::
classical_ext,svc,10,laplacian_med__svc__d10,laplacian_med,ood_test,train_cv,10.0,0.8922211221122114,0.008527040481567383,0.94,0.9405481102734038,0.9391233766233766,0.9318181818181818,0.9869893015909202,0.9814441239498864,port_protocol_service_ablation,39,36,3,ct_src_dport_ltm|ct_dst_sport_ltm|is_sm_ips_ports,ksf-v4-idsplit::
classical_ext,svc,10,matern15_med__svc__d10,matern15_med,id_val,fixed_c1,1.0,,0.0058553218841552734,0.876,0.865909090909091,0.8714567680084921,0.8956228956228957,0.9450649350649352,0.9520458669261547,port_protocol_service_ablation,39,36,3,ct_src_dport_ltm|ct_dst_sport_ltm|is_sm_ips_ports,ksf-v4-idsplit::
classical_ext,svc,10,matern15_med__svc__d10,matern15_med,id_test,fixed_c1,1.0,,0.0058553218841552734,0.892,0.8831168831168832,0.8883836295990079,0.9084745762711864,0.9598701298701299,0.9596283821261875,port_protocol_service_ablation,39,36,3,ct_src_dport_ltm|ct_dst_sport_ltm|is_sm_ips_ports,ksf-v4-idsplit::
classical_ext,svc,10,matern15_med__svc__d10,matern15_med,ood_test,fixed_c1,1.0,,0.0058553218841552734,0.916,0.9252576899903926,0.915772248159022,0.9113924050632911,0.967969907671264,0.9375500521754258,port_protocol_service_ablation,39,36,3,ct_src_dport_ltm|ct_dst_sport_ltm|is_sm_ips_ports,ksf-v4-idsplit::
classical_ext,svc,10,matern15_med__svc__d10,matern15_med,id_val,train_cv,100.0,0.8903009300930093,0.010026216506958008,0.884,0.8788961038961038,0.8814022345454844,0.8989547038327527,0.9448051948051949,0.9589596038555772,port_protocol_service_ablation,39,36,3,ct_src_dport_ltm|ct_dst_sport_ltm|is_sm_ips_ports,ksf-v4-idsplit::
classical_ext,svc,10,matern15_med__svc__d10,matern15_med,id_test,train_cv,100.0,0.8903009300930093,0.010026216506958008,0.892,0.8899350649350649,0.8903134597572271,0.9039145907473309,0.9555194805194804,0.9494727703438188,port_protocol_service_ablation,39,36,3,ct_src_dport_ltm|ct_dst_sport_ltm|is_sm_ips_ports,ksf-v4-idsplit::
classical_ext,svc,10,matern15_med__svc__d10,matern15_med,ood_test,train_cv,100.0,0.8903009300930093,0.010026216506958008,0.934,0.9304114897982446,0.9324808184143223,0.9223529411764706,0.9710638159287424,0.9617354240875812,port_protocol_service_ablation,39,36,3,ct_src_dport_ltm|ct_dst_sport_ltm|is_sm_ips_ports,ksf-v4-idsplit::
classical_ext,svc,10,matern25_med__svc__d10,matern25_med,id_val,fixed_c1,1.0,,0.005996227264404297,0.884,0.8711038961038962,0.8785411536077465,0.9042904290429042,0.9429220779220779,0.9520268517671944,port_protocol_service_ablation,39,36,3,ct_src_dport_ltm|ct_dst_sport_ltm|is_sm_ips_ports,ksf-v4-idsplit::
classical_ext,svc,10,matern25_med__svc__d10,matern25_med,id_test,fixed_c1,1.0,,0.005996227264404297,0.892,0.8801948051948052,0.88731030568123,0.9102990033222591,0.9590259740259741,0.9569881588374093,port_protocol_service_ablation,39,36,3,ct_src_dport_ltm|ct_dst_sport_ltm|is_sm_ips_ports,ksf-v4-idsplit::
classical_ext,svc,10,matern25_med__svc__d10,matern25_med,ood_test,fixed_c1,1.0,,0.005996227264404297,0.912,0.9217241210857989,0.9117967797806146,0.907563025210084,0.9601048672062009,0.9079253022398891,port_protocol_service_ablation,39,36,3,ct_src_dport_ltm|ct_dst_sport_ltm|is_sm_ips_ports,ksf-v4-idsplit::
classical_ext,svc,10,matern25_med__svc__d10,matern25_med,id_val,train_cv,100.0,0.8924411441144114,0.012459278106689453,0.884,0.8788961038961038,0.8814022345454844,0.8989547038327527,0.9533766233766234,0.961666076862138,port_protocol_service_ablation,39,36,3,ct_src_dport_ltm|ct_dst_sport_ltm|is_sm_ips_ports,ksf-v4-idsplit::
classical_ext,svc,10,matern25_med__svc__d10,matern25_med,id_test,train_cv,100.0,0.8924411441144114,0.012459278106689453,0.9,0.8990259740259741,0.8986360466436367,0.910394265232975,0.9608441558441558,0.9610057947005278,port_protocol_service_ablation,39,36,3,ct_src_dport_ltm|ct_dst_sport_ltm|is_sm_ips_ports,ksf-v4-idsplit::
classical_ext,svc,10,matern25_med__svc__d10,matern25_med,ood_test,train_cv,100.0,0.8924411441144114,0.012459278106689453,0.938,0.9366318737685431,0.936866372586157,0.9284064665127021,0.9815668202764977,0.9592082030757759,port_protocol_service_ablation,39,36,3,ct_src_dport_ltm|ct_dst_sport_ltm|is_sm_ips_ports,ksf-v4-idsplit::
classical_ext,svc,10,rbf_gscale_x0.1__svc__d10,rbf_gscale_x0.1,id_val,fixed_c1,1.0,,0.007269144058227539,0.868,0.8607142857142858,0.8643516006511123,0.8865979381443299,0.9315584415584416,0.9398822254794478,port_protocol_service_ablation,39,36,3,ct_src_dport_ltm|ct_dst_sport_ltm|is_sm_ips_ports,ksf-v4-idsplit::
classical_ext,svc,10,rbf_gscale_x0.1__svc__d10,rbf_gscale_x0.1,id_test,fixed_c1,1.0,,0.007269144058227539,0.876,0.8707792207792208,0.8732230783072419,0.89198606271777,0.9346753246753247,0.9311991739224875,port_protocol_service_ablation,39,36,3,ct_src_dport_ltm|ct_dst_sport_ltm|is_sm_ips_ports,ksf-v4-idsplit::
classical_ext,svc,10,rbf_gscale_x0.1__svc__d10,rbf_gscale_x0.1,ood_test,fixed_c1,1.0,,0.007269144058227539,0.688,0.675481591245868,0.6770667726550079,0.6176470588235294,0.7949390174398723,0.5861780660931399,port_protocol_service_ablation,39,36,3,ct_src_dport_ltm|ct_dst_sport_ltm|is_sm_ips_ports,ksf-v4-idsplit::
classical_ext,svc,10,rbf_gscale_x0.1__svc__d10,rbf_gscale_x0.1,id_val,train_cv,100.0,0.8856906690669067,0.012537240982055664,0.892,0.884090909090909,0.8887075233714201,0.9078498293515358,0.9397402597402598,0.9342829714928185,port_protocol_service_ablation,39,36,3,ct_src_dport_ltm|ct_dst_sport_ltm|is_sm_ips_ports,ksf-v4-idsplit::
classical_ext,svc,10,rbf_gscale_x0.1__svc__d10,rbf_gscale_x0.1,id_test,train_cv,100.0,0.8856906690669067,0.012537240982055664,0.904,0.8996753246753246,0.9019671916868178,0.916083916083916,0.9636363636363636,0.9594771122110692,port_protocol_service_ablation,39,36,3,ct_src_dport_ltm|ct_dst_sport_ltm|is_sm_ips_ports,ksf-v4-idsplit::
classical_ext,svc,10,rbf_gscale_x0.1__svc__d10,rbf_gscale_x0.1,ood_test,train_cv,100.0,0.8856906690669067,0.012537240982055664,0.932,0.9388546025956261,0.9316456510550695,0.9267241379310345,0.959811760108124,0.9032929429866745,port_protocol_service_ablation,39,36,3,ct_src_dport_ltm|ct_dst_sport_ltm|is_sm_ips_ports,ksf-v4-idsplit::
classical_ext,svc,10,rbf_gscale_x0.3__svc__d10,rbf_gscale_x0.3,id_val,fixed_c1,1.0,,0.005999326705932617,0.88,0.8655844155844157,0.8736608045279968,0.9019607843137255,0.9433766233766234,0.9544556291984985,port_protocol_service_ablation,39,36,3,ct_src_dport_ltm|ct_dst_sport_ltm|is_sm_ips_ports,ksf-v4-idsplit::
classical_ext,svc,10,rbf_gscale_x0.3__svc__d10,rbf_gscale_x0.3,id_test,fixed_c1,1.0,,0.005999326705932617,0.896,0.8827922077922078,0.8909103114930182,0.9144736842105263,0.9479220779220778,0.9376245445221186,port_protocol_service_ablation,39,36,3,ct_src_dport_ltm|ct_dst_sport_ltm|is_sm_ips_ports,ksf-v4-idsplit::
classical_ext,svc,10,rbf_gscale_x0.3__svc__d10,rbf_gscale_x0.3,ood_test,fixed_c1,1.0,,0.005999326705932617,0.862,0.8759424207389556,0.861986198619862,0.8606060606060606,0.9241666802364398,0.8301377618286454,port_protocol_service_ablation,39,36,3,ct_src_dport_ltm|ct_dst_sport_ltm|is_sm_ips_ports,ksf-v4-idsplit::
classical_ext,svc,10,rbf_gscale_x0.3__svc__d10,rbf_gscale_x0.3,id_val,train_cv,100.0,0.8964516451645164,0.014509916305541992,0.888,0.8814935064935066,0.8850574712643678,0.903448275862069,0.9518181818181818,0.9499258608488039,port_protocol_service_ablation,39,36,3,ct_src_dport_ltm|ct_dst_sport_ltm|is_sm_ips_ports,ksf-v4-idsplit::
classical_ext,svc,10,rbf_gscale_x0.3__svc__d10,rbf_gscale_x0.3,id_test,train_cv,100.0,0.8964516451645164,0.014509916305541992,0.896,0.8944805194805194,0.8944805194805194,0.9071428571428571,0.9637012987012987,0.9696297355292465,port_protocol_service_ablation,39,36,3,ct_src_dport_ltm|ct_dst_sport_ltm|is_sm_ips_ports,ksf-v4-idsplit::
classical_ext,svc,10,rbf_gscale_x0.3__svc__d10,rbf_gscale_x0.3,ood_test,train_cv,100.0,0.8964516451645164,0.014509916305541992,0.948,0.9503020631482959,0.9473863139661006,0.9417040358744395,0.98229958802169,0.9594423810474025,port_protocol_service_ablation,39,36,3,ct_src_dport_ltm|ct_dst_sport_ltm|is_sm_ips_ports,ksf-v4-idsplit::
classical_ext,svc,10,rbf_gscale_x3__svc__d10,rbf_gscale_x3,id_val,fixed_c1,1.0,,0.006006002426147461,0.868,0.8607142857142858,0.8643516006511123,0.8865979381443299,0.9394155844155845,0.9436830260540516,port_protocol_service_ablation,39,36,3,ct_src_dport_ltm|ct_dst_sport_ltm|is_sm_ips_ports,ksf-v4-idsplit::
classical_ext,svc,10,rbf_gscale_x3__svc__d10,rbf_gscale_x3,id_test,fixed_c1,1.0,,0.006006002426147461,0.908,0.9022727272727272,0.905705242788501,0.9204152249134948,0.950974025974026,0.9445650353039436,port_protocol_service_ablation,39,36,3,ct_src_dport_ltm|ct_dst_sport_ltm|is_sm_ips_ports,ksf-v4-idsplit::
classical_ext,svc,10,rbf_gscale_x3__svc__d10,rbf_gscale_x3,ood_test,fixed_c1,1.0,,0.006006002426147461,0.942,0.9471511618439693,0.9415678357129329,0.936542669584245,0.9775935907247888,0.9550906435647515,port_protocol_service_ablation,39,36,3,ct_src_dport_ltm|ct_dst_sport_ltm|is_sm_ips_ports,ksf-v4-idsplit::
classical_ext,svc,10,rbf_gscale_x3__svc__d10,rbf_gscale_x3,id_val,train_cv,10.0,0.8894308430843084,0.008539438247680664,0.876,0.8707792207792208,0.8732230783072419,0.89198606271777,0.9281818181818182,0.9364517912987955,port_protocol_service_ablation,39,36,3,ct_src_dport_ltm|ct_dst_sport_ltm|is_sm_ips_ports,ksf-v4-idsplit::
classical_ext,svc,10,rbf_gscale_x3__svc__d10,rbf_gscale_x3,id_test,train_cv,10.0,0.8894308430843084,0.008539438247680664,0.904,0.9006493506493507,0.9021909233176839,0.9154929577464789,0.9402597402597402,0.9317624865648464,port_protocol_service_ablation,39,36,3,ct_src_dport_ltm|ct_dst_sport_ltm|is_sm_ips_ports,ksf-v4-idsplit::
classical_ext,svc,10,rbf_gscale_x3__svc__d10,rbf_gscale_x3,ood_test,train_cv,10.0,0.8894308430843084,0.008539438247680664,0.932,0.9318688834247936,0.9309381042915874,0.9223744292237442,0.9787171679340835,0.9668888647677035,port_protocol_service_ablation,39,36,3,ct_src_dport_ltm|ct_dst_sport_ltm|is_sm_ips_ports,ksf-v4-idsplit::
classical_ext,svc,10,rbf_gscale_x10__svc__d10,rbf_gscale_x10,id_val,fixed_c1,1.0,,0.008151054382324219,0.872,0.8672077922077922,0.8692895889157571,0.8881118881118881,0.9373376623376624,0.9420732772319002,port_protocol_service_ablation,39,36,3,ct_src_dport_ltm|ct_dst_sport_ltm|is_sm_ips_ports,ksf-v4-idsplit::
classical_ext,svc,10,rbf_gscale_x10__svc__d10,rbf_gscale_x10,id_test,fixed_c1,1.0,,0.008151054382324219,0.916,0.9113636363636364,0.9141188594984542,0.926829268292683,0.9450000000000001,0.929557838535966,port_protocol_service_ablation,39,36,3,ct_src_dport_ltm|ct_dst_sport_ltm|is_sm_ips_ports,ksf-v4-idsplit::
classical_ext,svc,10,rbf_gscale_x10__svc__d10,rbf_gscale_x10,ood_test,fixed_c1,1.0,,0.008151054382324219,0.914,0.9127436452752764,0.9125216152985454,0.9011494252873563,0.9788311540277801,0.9692481066078471,port_protocol_service_ablation,39,36,3,ct_src_dport_ltm|ct_dst_sport_ltm|is_sm_ips_ports,ksf-v4-idsplit::
classical_ext,svc,10,rbf_gscale_x10__svc__d10,rbf_gscale_x10,id_val,train_cv,1.0,0.8794199419941995,0.008520841598510742,0.872,0.8672077922077922,0.8692895889157571,0.8881118881118881,0.9373376623376624,0.9420732772319002,port_protocol_service_ablation,39,36,3,ct_src_dport_ltm|ct_dst_sport_ltm|is_sm_ips_ports,ksf-v4-idsplit::
classical_ext,svc,10,rbf_gscale_x10__svc__d10,rbf_gscale_x10,id_test,train_cv,1.0,0.8794199419941995,0.008520841598510742,0.916,0.9113636363636364,0.9141188594984542,0.926829268292683,0.9450000000000001,0.929557838535966,port_protocol_service_ablation,39,36,3,ct_src_dport_ltm|ct_dst_sport_ltm|is_sm_ips_ports,ksf-v4-idsplit::
classical_ext,svc,10,rbf_gscale_x10__svc__d10,rbf_gscale_x10,ood_test,train_cv,1.0,0.8794199419941995,0.008520841598510742,0.914,0.9127436452752764,0.9125216152985454,0.9011494252873563,0.9788311540277801,0.9692481066078471,port_protocol_service_ablation,39,36,3,ct_src_dport_ltm|ct_dst_sport_ltm|is_sm_ips_ports,ksf-v4-idsplit::
classical_ext,svc,10,laplacian_med_x0.1__svc__d10,laplacian_med_x0.1,id_val,fixed_c1,1.0,,0.012059450149536133,0.888,0.8863636363636364,0.8863636363636364,0.9,0.9505844155844156,0.9364466738953665,port_protocol_service_ablation,39,36,3,ct_src_dport_ltm|ct_dst_sport_ltm|is_sm_ips_ports,ksf-v4-idsplit::
classical_ext,svc,10,laplacian_med_x0.1__svc__d10,laplacian_med_x0.1,id_test,fixed_c1,1.0,,0.012059450149536133,0.896,0.8954545454545455,0.8946788515133839,0.9064748201438849,0.964935064935065,0.9746335168144966,port_protocol_service_ablation,39,36,3,ct_src_dport_ltm|ct_dst_sport_ltm|is_sm_ips_ports,ksf-v4-idsplit::
classical_ext,svc,10,laplacian_med_x0.1__svc__d10,laplacian_med_x0.1,ood_test,fixed_c1,1.0,,0.012059450149536133,0.878,0.8658953607659865,0.8725933723490022,0.8463476070528967,0.9760466365960497,0.965313727850159,port_protocol_service_ablation,39,36,3,ct_src_dport_ltm|ct_dst_sport_ltm|is_sm_ips_ports,ksf-v4-idsplit::
classical_ext,svc,10,laplacian_med_x0.1__svc__d10,laplacian_med_x0.1,id_val,train_cv,1.0,0.851997899789979,0.012275934219360352,0.888,0.8863636363636364,0.8863636363636364,0.9,0.9505844155844156,0.9364466738953665,port_protocol_service_ablation,39,36,3,ct_src_dport_ltm|ct_dst_sport_ltm|is_sm_ips_ports,ksf-v4-idsplit::
classical_ext,svc,10,laplacian_med_x0.1__svc__d10,laplacian_med_x0.1,id_test,train_cv,1.0,0.851997899789979,0.012275934219360352,0.896,0.8954545454545455,0.8946788515133839,0.9064748201438849,0.964935064935065,0.9746335168144966,port_protocol_service_ablation,39,36,3,ct_src_dport_ltm|ct_dst_sport_ltm|is_sm_ips_ports,ksf-v4-idsplit::
classical_ext,svc,10,laplacian_med_x0.1__svc__d10,laplacian_med_x0.1,ood_test,train_cv,1.0,0.851997899789979,0.012275934219360352,0.878,0.8658953607659865,0.8725933723490022,0.8463476070528967,0.9760466365960497,0.965313727850159,port_protocol_service_ablation,39,36,3,ct_src_dport_ltm|ct_dst_sport_ltm|is_sm_ips_ports,ksf-v4-idsplit::
classical_ext,svc,10,laplacian_med_x0.3__svc__d10,laplacian_med_x0.3,id_val,fixed_c1,1.0,,0.007012844085693359,0.88,0.8743506493506493,0.8771619496855346,0.8958333333333334,0.9383766233766232,0.935399654903365,port_protocol_service_ablation,39,36,3,ct_src_dport_ltm|ct_dst_sport_ltm|is_sm_ips_ports,ksf-v4-idsplit::
classical_ext,svc,10,laplacian_med_x0.3__svc__d10,laplacian_med_x0.3,id_test,fixed_c1,1.0,,0.007012844085693359,0.908,0.9032467532467532,0.9059397032602117,0.9198606271777003,0.9661688311688312,0.9688219256280488,port_protocol_service_ablation,39,36,3,ct_src_dport_ltm|ct_dst_sport_ltm|is_sm_ips_ports,ksf-v4-idsplit::
classical_ext,svc,10,laplacian_med_x0.3__svc__d10,laplacian_med_x0.3,ood_test,fixed_c1,1.0,,0.007012844085693359,0.944,0.9489179462962661,0.943562951496388,0.9385964912280702,0.9848724169936981,0.9780652851570675,port_protocol_service_ablation,39,36,3,ct_src_dport_ltm|ct_dst_sport_ltm|is_sm_ips_ports,ksf-v4-idsplit::
classical_ext,svc,10,laplacian_med_x0.3__svc__d10,laplacian_med_x0.3,id_val,train_cv,1.0,0.8864504450445045,0.008021116256713867,0.88,0.8743506493506493,0.8771619496855346,0.8958333333333334,0.9383766233766232,0.935399654903365,port_protocol_service_ablation,39,36,3,ct_src_dport_ltm|ct_dst_sport_ltm|is_sm_ips_ports,ksf-v4-idsplit::
classical_ext,svc,10,laplacian_med_x0.3__svc__d10,laplacian_med_x0.3,id_test,train_cv,1.0,0.8864504450445045,0.008021116256713867,0.908,0.9032467532467532,0.9059397032602117,0.9198606271777003,0.9661688311688312,0.9688219256280488,port_protocol_service_ablation,39,36,3,ct_src_dport_ltm|ct_dst_sport_ltm|is_sm_ips_ports,ksf-v4-idsplit::
classical_ext,svc,10,laplacian_med_x0.3__svc__d10,laplacian_med_x0.3,ood_test,train_cv,1.0,0.8864504450445045,0.008021116256713867,0.944,0.9489179462962661,0.943562951496388,0.9385964912280702,0.9848724169936981,0.9780652851570675,port_protocol_service_ablation,39,36,3,ct_src_dport_ltm|ct_dst_sport_ltm|is_sm_ips_ports,ksf-v4-idsplit::
classical_ext,svc,10,laplacian_med_x3__svc__d10,laplacian_med_x3,id_val,fixed_c1,1.0,,0.007999658584594727,0.884,0.8691558441558442,0.8776391959629373,0.9055374592833876,0.9396753246753247,0.9412796723554773,port_protocol_service_ablation,39,36,3,ct_src_dport_ltm|ct_dst_sport_ltm|is_sm_ips_ports,ksf-v4-idsplit::
classical_ext,svc,10,laplacian_med_x3__svc__d10,laplacian_med_x3,id_test,fixed_c1,1.0,,0.007999658584594727,0.908,0.8954545454545455,0.9036705701026955,0.9240924092409241,0.9694805194805195,0.973861182231291,port_protocol_service_ablation,39,36,3,ct_src_dport_ltm|ct_dst_sport_ltm|is_sm_ips_ports,ksf-v4-idsplit::
classical_ext,svc,10,laplacian_med_x3__svc__d10,laplacian_med_x3,ood_test,fixed_c1,1.0,,0.007999658584594727,0.912,0.9222614840989399,0.9118293015277577,0.9079497907949791,0.9546498184364365,0.8863959957689692,port_protocol_service_ablation,39,36,3,ct_src_dport_ltm|ct_dst_sport_ltm|is_sm_ips_ports,ksf-v4-idsplit::
classical_ext,svc,10,laplacian_med_x3__svc__d10,laplacian_med_x3,id_val,train_cv,10.0,0.8883906390639066,0.007017612457275391,0.884,0.8808441558441558,0.8819429743856964,0.8975265017667845,0.9468181818181819,0.9502063170422335,port_protocol_service_ablation,39,36,3,ct_src_dport_ltm|ct_dst_sport_ltm|is_sm_ips_ports,ksf-v4-idsplit::
classical_ext,svc,10,laplacian_med_x3__svc__d10,laplacian_med_x3,id_test,train_cv,10.0,0.8883906390639066,0.007017612457275391,0.904,0.9025974025974026,0.9025974025974026,0.9142857142857143,0.9775974025974026,0.98300819384766,port_protocol_service_ablation,39,36,3,ct_src_dport_ltm|ct_dst_sport_ltm|is_sm_ips_ports,ksf-v4-idsplit::
classical_ext,svc,10,laplacian_med_x3__svc__d10,laplacian_med_x3,ood_test,train_cv,10.0,0.8883906390639066,0.007017612457275391,0.942,0.9482258878702512,0.9416449679852221,0.9370932754880694,0.9831300581329078,0.9637991048978944,port_protocol_service_ablation,39,36,3,ct_src_dport_ltm|ct_dst_sport_ltm|is_sm_ips_ports,ksf-v4-idsplit::
classical_ext,svc,10,laplacian_med_x10__svc__d10,laplacian_med_x10,id_val,fixed_c1,1.0,,0.006560802459716797,0.884,0.8691558441558442,0.8776391959629373,0.9055374592833876,0.9421428571428572,0.9495253972260107,port_protocol_service_ablation,39,36,3,ct_src_dport_ltm|ct_dst_sport_ltm|is_sm_ips_ports,ksf-v4-idsplit::
classical_ext,svc,10,laplacian_med_x10__svc__d10,laplacian_med_x10,id_test,fixed_c1,1.0,,0.006560802459716797,0.908,0.8954545454545455,0.9036705701026955,0.9240924092409241,0.9591558441558442,0.9601613473840371,port_protocol_service_ablation,39,36,3,ct_src_dport_ltm|ct_dst_sport_ltm|is_sm_ips_ports,ksf-v4-idsplit::
classical_ext,svc,10,laplacian_med_x10__svc__d10,laplacian_med_x10,ood_test,fixed_c1,1.0,,0.006560802459716797,0.854,0.8672631938903455,0.8539713783901646,0.8519269776876268,0.9194769666672095,0.8330592868138266,port_protocol_service_ablation,39,36,3,ct_src_dport_ltm|ct_dst_sport_ltm|is_sm_ips_ports,ksf-v4-idsplit::
classical_ext,svc,10,laplacian_med_x10__svc__d10,laplacian_med_x10,id_val,train_cv,100.0,0.8862706270627063,0.008986473083496094,0.888,0.8844155844155843,0.8858894105372979,0.9014084507042254,0.9416883116883117,0.9361525889425423,port_protocol_service_ablation,39,36,3,ct_src_dport_ltm|ct_dst_sport_ltm|is_sm_ips_ports,ksf-v4-idsplit::
classical_ext,svc,10,laplacian_med_x10__svc__d10,laplacian_med_x10,id_test,train_cv,100.0,0.8862706270627063,0.008986473083496094,0.916,0.9152597402597402,0.9148542791806549,0.9247311827956989,0.9777922077922078,0.9825290899732522,port_protocol_service_ablation,39,36,3,ct_src_dport_ltm|ct_dst_sport_ltm|is_sm_ips_ports,ksf-v4-idsplit::
classical_ext,svc,10,laplacian_med_x10__svc__d10,laplacian_med_x10,ood_test,train_cv,100.0,0.8862706270627063,0.008986473083496094,0.938,0.9430802299262346,0.937538031279342,0.9321663019693655,0.9799710149647457,0.9622201099595357,port_protocol_service_ablation,39,36,3,ct_src_dport_ltm|ct_dst_sport_ltm|is_sm_ips_ports,ksf-v4-idsplit::
classical_ext,svc,10,matern15_med_x0.1__svc__d10,matern15_med_x0.1,id_val,fixed_c1,1.0,,0.009812355041503906,0.86,0.8584415584415584,0.8580904653010915,0.8745519713261649,0.9470129870129871,0.9567301558775325,port_protocol_service_ablation,39,36,3,ct_src_dport_ltm|ct_dst_sport_ltm|is_sm_ips_ports,ksf-v4-idsplit::
classical_ext,svc,10,matern15_med_x0.1__svc__d10,matern15_med_x0.1,id_test,fixed_c1,1.0,,0.009812355041503906,0.888,0.8873376623376623,0.8865772247067211,0.8992805755395683,0.9562987012987013,0.9691360712765102,port_protocol_service_ablation,39,36,3,ct_src_dport_ltm|ct_dst_sport_ltm|is_sm_ips_ports,ksf-v4-idsplit::
classical_ext,svc,10,matern15_med_x0.1__svc__d10,matern15_med_x0.1,ood_test,fixed_c1,1.0,,0.009812355041503906,0.848,0.8302584227581378,0.838377651882475,0.798941798941799,0.9699565224471186,0.9570155705443388,port_protocol_service_ablation,39,36,3,ct_src_dport_ltm|ct_dst_sport_ltm|is_sm_ips_ports,ksf-v4-idsplit::
classical_ext,svc,10,matern15_med_x0.1__svc__d10,matern15_med_x0.1,id_val,train_cv,10.0,0.8378170817081708,0.01150202751159668,0.856,0.8568181818181818,0.8546605516439507,0.8686131386861314,0.9388311688311689,0.9374295420609693,port_protocol_service_ablation,39,36,3,ct_src_dport_ltm|ct_dst_sport_ltm|is_sm_ips_ports,ksf-v4-idsplit::
classical_ext,svc,10,matern15_med_x0.1__svc__d10,matern15_med_x0.1,id_test,train_cv,10.0,0.8378170817081708,0.01150202751159668,0.9,0.9029220779220779,0.8992893859069595,0.9077490774907749,0.9457792207792207,0.9524297027886228,port_protocol_service_ablation,39,36,3,ct_src_dport_ltm|ct_dst_sport_ltm|is_sm_ips_ports,ksf-v4-idsplit::
classical_ext,svc,10,matern15_med_x0.1__svc__d10,matern15_med_x0.1,ood_test,train_cv,10.0,0.8378170817081708,0.01150202751159668,0.856,0.8394750126198889,0.8475067351191989,0.8115183246073299,0.9677745029392129,0.9510396444766661,port_protocol_service_ablation,39,36,3,ct_src_dport_ltm|ct_dst_sport_ltm|is_sm_ips_ports,ksf-v4-idsplit::
classical_ext,svc,10,matern15_med_x0.3__svc__d10,matern15_med_x0.3,id_val,fixed_c1,1.0,,0.006231546401977539,0.88,0.8743506493506493,0.8771619496855346,0.8958333333333334,0.9394805194805195,0.9465004037747391,port_protocol_service_ablation,39,36,3,ct_src_dport_ltm|ct_dst_sport_ltm|is_sm_ips_ports,ksf-v4-idsplit::
classical_ext,svc,10,matern15_med_x0.3__svc__d10,matern15_med_x0.3,id_test,fixed_c1,1.0,,0.006231546401977539,0.912,0.9058441558441559,0.909688013136289,0.9241379310344827,0.959090909090909,0.9465904934527697,port_protocol_service_ablation,39,36,3,ct_src_dport_ltm|ct_dst_sport_ltm|is_sm_ips_ports,ksf-v4-idsplit::
classical_ext,svc,10,matern15_med_x0.3__svc__d10,matern15_med_x0.3,ood_test,fixed_c1,1.0,,0.006231546401977539,0.94,0.9448470143785315,0.93953173374613,0.9342105263157895,0.9803781081565192,0.9715683466782623,port_protocol_service_ablation,39,36,3,ct_src_dport_ltm|ct_dst_sport_ltm|is_sm_ips_ports,ksf-v4-idsplit::
classical_ext,svc,10,matern15_med_x0.3__svc__d10,matern15_med_x0.3,id_val,train_cv,1.0,0.8855403540354037,0.00600743293762207,0.88,0.8743506493506493,0.8771619496855346,0.8958333333333334,0.9394805194805195,0.9465004037747391,port_protocol_service_ablation,39,36,3,ct_src_dport_ltm|ct_dst_sport_ltm|is_sm_ips_ports,ksf-v4-idsplit::
classical_ext,svc,10,matern15_med_x0.3__svc__d10,matern15_med_x0.3,id_test,train_cv,1.0,0.8855403540354037,0.00600743293762207,0.912,0.9058441558441559,0.909688013136289,0.9241379310344827,0.959090909090909,0.9465904934527697,port_protocol_service_ablation,39,36,3,ct_src_dport_ltm|ct_dst_sport_ltm|is_sm_ips_ports,ksf-v4-idsplit::
classical_ext,svc,10,matern15_med_x0.3__svc__d10,matern15_med_x0.3,ood_test,train_cv,1.0,0.8855403540354037,0.00600743293762207,0.94,0.9448470143785315,0.93953173374613,0.9342105263157895,0.9803781081565192,0.9715683466782623,port_protocol_service_ablation,39,36,3,ct_src_dport_ltm|ct_dst_sport_ltm|is_sm_ips_ports,ksf-v4-idsplit::
classical_ext,svc,10,matern15_med_x3__svc__d10,matern15_med_x3,id_val,fixed_c1,1.0,,0.00639796257019043,0.876,0.862987012987013,0.8701646814427635,0.8976897689768977,0.936038961038961,0.9467470223103716,port_protocol_service_ablation,39,36,3,ct_src_dport_ltm|ct_dst_sport_ltm|is_sm_ips_ports,ksf-v4-idsplit::
classical_ext,svc,10,matern15_med_x3__svc__d10,matern15_med_x3,id_test,fixed_c1,1.0,,0.00639796257019043,0.892,0.8792207792207792,0.8869176257727296,0.9108910891089109,0.9433766233766233,0.9405265825635887,port_protocol_service_ablation,39,36,3,ct_src_dport_ltm|ct_dst_sport_ltm|is_sm_ips_ports,ksf-v4-idsplit::
classical_ext,svc,10,matern15_med_x3__svc__d10,matern15_med_x3,ood_test,fixed_c1,1.0,,0.00639796257019043,0.832,0.8413802087573887,0.8317307692307692,0.825,0.8684600478741593,0.7373191308289272,port_protocol_service_ablation,39,36,3,ct_src_dport_ltm|ct_dst_sport_ltm|is_sm_ips_ports,ksf-v4-idsplit::
classical_ext,svc,10,matern15_med_x3__svc__d10,matern15_med_x3,id_val,train_cv,100.0,0.8915211521152114,0.012232303619384766,0.884,0.8769480519480519,0.8807938308752199,0.9003436426116839,0.9438311688311689,0.9452149393265903,port_protocol_service_ablation,39,36,3,ct_src_dport_ltm|ct_dst_sport_ltm|is_sm_ips_ports,ksf-v4-idsplit::
classical_ext,svc,10,matern15_med_x3__svc__d10,matern15_med_x3,id_test,train_cv,100.0,0.8915211521152114,0.012232303619384766,0.912,0.9087662337662338,0.9103416797078769,0.9225352112676056,0.9631818181818183,0.9686811241027238,port_protocol_service_ablation,39,36,3,ct_src_dport_ltm|ct_dst_sport_ltm|is_sm_ips_ports,ksf-v4-idsplit::
classical_ext,svc,10,matern15_med_x3__svc__d10,matern15_med_x3,ood_test,train_cv,100.0,0.8915211521152114,0.012232303619384766,0.952,0.9565224471185945,0.9515902599603041,0.947136563876652,0.9836348536907069,0.9574222095527307,port_protocol_service_ablation,39,36,3,ct_src_dport_ltm|ct_dst_sport_ltm|is_sm_ips_ports,ksf-v4-idsplit::
classical_ext,svc,10,matern15_med_x10__svc__d10,matern15_med_x10,id_val,fixed_c1,1.0,,0.011546134948730469,0.868,0.8607142857142858,0.8643516006511123,0.8865979381443299,0.9344805194805195,0.952426161509881,port_protocol_service_ablation,39,36,3,ct_src_dport_ltm|ct_dst_sport_ltm|is_sm_ips_ports,ksf-v4-idsplit::
classical_ext,svc,10,matern15_med_x10__svc__d10,matern15_med_x10,id_test,fixed_c1,1.0,,0.011546134948730469,0.876,0.8707792207792208,0.8732230783072419,0.89198606271777,0.9335714285714286,0.9431036737069891,port_protocol_service_ablation,39,36,3,ct_src_dport_ltm|ct_dst_sport_ltm|is_sm_ips_ports,ksf-v4-idsplit::
classical_ext,svc,10,matern15_med_x10__svc__d10,matern15_med_x10,ood_test,fixed_c1,1.0,,0.011546134948730469,0.684,0.6719480223412744,0.673418768085986,0.6146341463414634,0.8476657276383711,0.7038138909773644,port_protocol_service_ablation,39,36,3,ct_src_dport_ltm|ct_dst_sport_ltm|is_sm_ips_ports,ksf-v4-idsplit::
classical_ext,svc,10,matern15_med_x10__svc__d10,matern15_med_x10,id_val,train_cv,100.0,0.859028102810281,0.009541988372802734,0.88,0.8655844155844157,0.8736608045279968,0.9019607843137255,0.925974025974026,0.9237542428235285,port_protocol_service_ablation,39,36,3,ct_src_dport_ltm|ct_dst_sport_ltm|is_sm_ips_ports,ksf-v4-idsplit::
classical_ext,svc,10,matern15_med_x10__svc__d10,matern15_med_x10,id_test,train_cv,100.0,0.859028102810281,0.009541988372802734,0.896,0.8827922077922078,0.8909103114930182,0.9144736842105263,0.9465584415584415,0.925232159776774,port_protocol_service_ablation,39,36,3,ct_src_dport_ltm|ct_dst_sport_ltm|is_sm_ips_ports,ksf-v4-idsplit::
classical_ext,svc,10,matern15_med_x10__svc__d10,matern15_med_x10,ood_test,train_cv,100.0,0.859028102810281,0.009541988372802734,0.854,0.8667258308772045,0.8539526806685366,0.8513238289205702,0.9272280210385762,0.8357952095125634,port_protocol_service_ablation,39,36,3,ct_src_dport_ltm|ct_dst_sport_ltm|is_sm_ips_ports,ksf-v4-idsplit::
classical_ext,svc,10,matern25_med_x0.1__svc__d10,matern25_med_x0.1,id_val,fixed_c1,1.0,,0.009677410125732422,0.86,0.8594155844155844,0.8583477683702708,0.8736462093862816,0.9478571428571428,0.9598908960676509,port_protocol_service_ablation,39,36,3,ct_src_dport_ltm|ct_dst_sport_ltm|is_sm_ips_ports,ksf-v4-idsplit::
classical_ext,svc,10,matern25_med_x0.1__svc__d10,matern25_med_x0.1,id_test,fixed_c1,1.0,,0.009677410125732422,0.884,0.8837662337662338,0.8826310080782244,0.8953068592057761,0.9538961038961038,0.9667150768083841,port_protocol_service_ablation,39,36,3,ct_src_dport_ltm|ct_dst_sport_ltm|is_sm_ips_ports,ksf-v4-idsplit::
classical_ext,svc,10,matern25_med_x0.1__svc__d10,matern25_med_x0.1,ood_test,fixed_c1,1.0,,0.009677410125732422,0.85,0.8320252072104346,0.8403378876063882,0.8010610079575596,0.9696796990767126,0.9567843542866598,port_protocol_service_ablation,39,36,3,ct_src_dport_ltm|ct_dst_sport_ltm|is_sm_ips_ports,ksf-v4-idsplit::
classical_ext,svc,10,matern25_med_x0.1__svc__d10,matern25_med_x0.1,id_val,train_cv,10.0,0.8387970797079707,0.012525320053100586,0.856,0.8577922077922078,0.8548761609907121,0.8676470588235294,0.9337012987012988,0.939256356696064,port_protocol_service_ablation,39,36,3,ct_src_dport_ltm|ct_dst_sport_ltm|is_sm_ips_ports,ksf-v4-idsplit::
classical_ext,svc,10,matern25_med_x0.1__svc__d10,matern25_med_x0.1,id_test,train_cv,10.0,0.8387970797079707,0.012525320053100586,0.896,0.8983766233766234,0.895188338493292,0.9044117647058824,0.9370129870129871,0.9362091768690123,port_protocol_service_ablation,39,36,3,ct_src_dport_ltm|ct_dst_sport_ltm|is_sm_ips_ports,ksf-v4-idsplit::
classical_ext,svc,10,matern25_med_x0.1__svc__d10,matern25_med_x0.1,ood_test,train_cv,10.0,0.8387970797079707,0.012525320053100586,0.852,0.8348667176890133,0.8429541595925296,0.8052631578947368,0.9672371399260719,0.9475509393728041,port_protocol_service_ablation,39,36,3,ct_src_dport_ltm|ct_dst_sport_ltm|is_sm_ips_ports,ksf-v4-idsplit::
classical_ext,svc,10,matern25_med_x0.3__svc__d10,matern25_med_x0.3,id_val,fixed_c1,1.0,,0.006816864013671875,0.876,0.8707792207792208,0.8732230783072419,0.89198606271777,0.9394155844155845,0.9446539631158778,port_protocol_service_ablation,39,36,3,ct_src_dport_ltm|ct_dst_sport_ltm|is_sm_ips_ports,ksf-v4-idsplit::
classical_ext,svc,10,matern25_med_x0.3__svc__d10,matern25_med_x0.3,id_test,fixed_c1,1.0,,0.006816864013671875,0.912,0.9058441558441559,0.909688013136289,0.9241379310344827,0.9544155844155844,0.9432907981243748,port_protocol_service_ablation,39,36,3,ct_src_dport_ltm|ct_dst_sport_ltm|is_sm_ips_ports,ksf-v4-idsplit::
classical_ext,svc,10,matern25_med_x0.3__svc__d10,matern25_med_x0.3,ood_test,fixed_c1,1.0,,0.006816864013671875,0.942,0.9466137988308283,0.9415263635447122,0.9362637362637363,0.9810294572633567,0.9727471067772056,port_protocol_service_ablation,39,36,3,ct_src_dport_ltm|ct_dst_sport_ltm|is_sm_ips_ports,ksf-v4-idsplit::
classical_ext,svc,10,matern25_med_x0.3__svc__d10,matern25_med_x0.3,id_val,train_cv,1.0,0.8865504550455047,0.01086735725402832,0.876,0.8707792207792208,0.8732230783072419,0.89198606271777,0.9394155844155845,0.9446539631158778,port_protocol_service_ablation,39,36,3,ct_src_dport_ltm|ct_dst_sport_ltm|is_sm_ips_ports,ksf-v4-idsplit::
classical_ext,svc,10,matern25_med_x0.3__svc__d10,matern25_med_x0.3,id_test,train_cv,1.0,0.8865504550455047,0.01086735725402832,0.912,0.9058441558441559,0.909688013136289,0.9241379310344827,0.9544155844155844,0.9432907981243748,port_protocol_service_ablation,39,36,3,ct_src_dport_ltm|ct_dst_sport_ltm|is_sm_ips_ports,ksf-v4-idsplit::
classical_ext,svc,10,matern25_med_x0.3__svc__d10,matern25_med_x0.3,ood_test,train_cv,1.0,0.8865504550455047,0.01086735725402832,0.942,0.9466137988308283,0.9415263635447122,0.9362637362637363,0.9810294572633567,0.9727471067772056,port_protocol_service_ablation,39,36,3,ct_src_dport_ltm|ct_dst_sport_ltm|is_sm_ips_ports,ksf-v4-idsplit::
classical_ext,svc,10,matern25_med_x3__svc__d10,matern25_med_x3,id_val,fixed_c1,1.0,,0.00751185417175293,0.868,0.8607142857142858,0.8643516006511123,0.8865979381443299,0.934025974025974,0.9413325969367845,port_protocol_service_ablation,39,36,3,ct_src_dport_ltm|ct_dst_sport_ltm|is_sm_ips_ports,ksf-v4-idsplit::
classical_ext,svc,10,matern25_med_x3__svc__d10,matern25_med_x3,id_test,fixed_c1,1.0,,0.00751185417175293,0.876,0.8707792207792208,0.8732230783072419,0.89198606271777,0.9366233766233766,0.9364908502664786,port_protocol_service_ablation,39,36,3,ct_src_dport_ltm|ct_dst_sport_ltm|is_sm_ips_ports,ksf-v4-idsplit::
classical_ext,svc,10,matern25_med_x3__svc__d10,matern25_med_x3,ood_test,fixed_c1,1.0,,0.00751185417175293,0.688,0.675481591245868,0.6770667726550079,0.6176470588235294,0.795036719805898,0.5869919830179369,port_protocol_service_ablation,39,36,3,ct_src_dport_ltm|ct_dst_sport_ltm|is_sm_ips_ports,ksf-v4-idsplit::
classical_ext,svc,10,matern25_med_x3__svc__d10,matern25_med_x3,id_val,train_cv,100.0,0.8767098709870987,0.013520479202270508,0.888,0.8795454545454545,0.8844197873324087,0.9047619047619048,0.935974025974026,0.9305623597526886,port_protocol_service_ablation,39,36,3,ct_src_dport_ltm|ct_dst_sport_ltm|is_sm_ips_ports,ksf-v4-idsplit::
classical_ext,svc,10,matern25_med_x3__svc__d10,matern25_med_x3,id_test,train_cv,100.0,0.8767098709870987,0.013520479202270508,0.9,0.8931818181818181,0.8972360610993275,0.9140893470790378,0.9620779220779221,0.9579131640332708,port_protocol_service_ablation,39,36,3,ct_src_dport_ltm|ct_dst_sport_ltm|is_sm_ips_ports,ksf-v4-idsplit::
classical_ext,svc,10,matern25_med_x3__svc__d10,matern25_med_x3,ood_test,train_cv,100.0,0.8767098709870987,0.013520479202270508,0.926,0.9335542492387358,0.9256762457263841,0.9207708779443254,0.9619612121606879,0.9107046769183719,port_protocol_service_ablation,39,36,3,ct_src_dport_ltm|ct_dst_sport_ltm|is_sm_ips_ports,ksf-v4-idsplit::
classical_ext,svc,10,matern25_med_x10__svc__d10,matern25_med_x10,id_val,fixed_c1,1.0,,0.008013486862182617,0.772,0.7506493506493507,0.754356932305942,0.8201892744479495,0.9221428571428572,0.9453711832091118,port_protocol_service_ablation,39,36,3,ct_src_dport_ltm|ct_dst_sport_ltm|is_sm_ips_ports,ksf-v4-idsplit::
classical_ext,svc,10,matern25_med_x10__svc__d10,matern25_med_x10,id_test,fixed_c1,1.0,,0.008013486862182617,0.792,0.7753246753246753,0.780167748917749,0.8311688311688312,0.9175974025974025,0.9374412031905305,port_protocol_service_ablation,39,36,3,ct_src_dport_ltm|ct_dst_sport_ltm|is_sm_ips_ports,ksf-v4-idsplit::
classical_ext,svc,10,matern25_med_x10__svc__d10,matern25_med_x10,ood_test,fixed_c1,1.0,,0.008013486862182617,0.68,0.6673397274103987,0.6687864334923158,0.6078431372549019,0.7740632785657293,0.6462929620291281,port_protocol_service_ablation,39,36,3,ct_src_dport_ltm|ct_dst_sport_ltm|is_sm_ips_ports,ksf-v4-idsplit::
classical_ext,svc,10,matern25_med_x10__svc__d10,matern25_med_x10,id_val,train_cv,100.0,0.8476971697169716,0.008998870849609375,0.88,0.8694805194805195,0.8754070037876271,0.8993288590604027,0.9203246753246753,0.92897048499853,port_protocol_service_ablation,39,36,3,ct_src_dport_ltm|ct_dst_sport_ltm|is_sm_ips_ports,ksf-v4-idsplit::
classical_ext,svc,10,matern25_med_x10__svc__d10,matern25_med_x10,id_test,train_cv,100.0,0.8476971697169716,0.008998870849609375,0.904,0.8957792207792208,0.9009312462849217,0.9183673469387755,0.928051948051948,0.8994879206474697,port_protocol_service_ablation,39,36,3,ct_src_dport_ltm|ct_dst_sport_ltm|is_sm_ips_ports,ksf-v4-idsplit::
classical_ext,svc,10,matern25_med_x10__svc__d10,matern25_med_x10,ood_test,train_cv,100.0,0.8476971697169716,0.008998870849609375,0.772,0.772255784794255,0.7696969696969698,0.7466666666666667,0.8575010991516179,0.7232900244107163,port_protocol_service_ablation,39,36,3,ct_src_dport_ltm|ct_dst_sport_ltm|is_sm_ips_ports,ksf-v4-idsplit::
quantum,svc,10,zz_r1_full__as0.5__svc__d10,zz_r1_full__as0.5,id_val,fixed_c1,1.0,,0.015161275863647461,0.872,0.8691558441558442,0.8698679159346736,0.8865248226950354,0.9453246753246753,0.9577934759866926,port_protocol_service_ablation,39,36,3,ct_src_dport_ltm|ct_dst_sport_ltm|is_sm_ips_ports,ksf-v4-idsplit::
quantum,svc,10,zz_r1_full__as0.5__svc__d10,zz_r1_full__as0.5,id_test,fixed_c1,1.0,,0.015161275863647461,0.888,0.8863636363636364,0.8863636363636364,0.9,0.9619480519480519,0.972553225680628,port_protocol_service_ablation,39,36,3,ct_src_dport_ltm|ct_dst_sport_ltm|is_sm_ips_ports,ksf-v4-idsplit::
quantum,svc,10,zz_r1_full__as0.5__svc__d10,zz_r1_full__as0.5,ood_test,fixed_c1,1.0,,0.015161275863647461,0.858,0.8476901532298774,0.8526818134661271,0.8246913580246914,0.9617169562456237,0.9450955774191278,port_protocol_service_ablation,39,36,3,ct_src_dport_ltm|ct_dst_sport_ltm|is_sm_ips_ports,ksf-v4-idsplit::
quantum,svc,10,zz_r1_full__as0.5__svc__d10,zz_r1_full__as0.5,id_val,train_cv,10.0,0.8520579057905792,0.010999202728271484,0.86,0.8594155844155844,0.8583477683702708,0.8736462093862816,0.928896103896104,0.9207347388184141,port_protocol_service_ablation,39,36,3,ct_src_dport_ltm|ct_dst_sport_ltm|is_sm_ips_ports,ksf-v4-idsplit::
quantum,svc,10,zz_r1_full__as0.5__svc__d10,zz_r1_full__as0.5,id_test,train_cv,10.0,0.8520579057905792,0.010999202728271484,0.916,0.9162337662337663,0.9150086610221625,0.924187725631769,0.9483766233766233,0.9567573483305745,port_protocol_service_ablation,39,36,3,ct_src_dport_ltm|ct_dst_sport_ltm|is_sm_ips_ports,ksf-v4-idsplit::
quantum,svc,10,zz_r1_full__as0.5__svc__d10,zz_r1_full__as0.5,ood_test,train_cv,10.0,0.8520579057905792,0.010999202728271484,0.85,0.8390109263812672,0.8441338204670998,0.8138957816377171,0.9606585139470127,0.9392320077853149,port_protocol_service_ablation,39,36,3,ct_src_dport_ltm|ct_dst_sport_ltm|is_sm_ips_ports,ksf-v4-idsplit::
quantum,svc,10,zz_r2_full__as0.5__svc__d10,zz_r2_full__as0.5,id_val,fixed_c1,1.0,,0.011999368667602539,0.82,0.8275974025974026,0.8197664172767907,0.8262548262548263,0.9325324675324677,0.9498071603203927,port_protocol_service_ablation,39,36,3,ct_src_dport_ltm|ct_dst_sport_ltm|is_sm_ips_ports,ksf-v4-idsplit::
quantum,svc,10,zz_r2_full__as0.5__svc__d10,zz_r2_full__as0.5,id_test,fixed_c1,1.0,,0.011999368667602539,0.844,0.8529220779220779,0.84387760003843,0.8482490272373541,0.9497402597402598,0.9656263234387601,port_protocol_service_ablation,39,36,3,ct_src_dport_ltm|ct_dst_sport_ltm|is_sm_ips_ports,ksf-v4-idsplit::
quantum,svc,10,zz_r2_full__as0.5__svc__d10,zz_r2_full__as0.5,ood_test,fixed_c1,1.0,,0.011999368667602539,0.794,0.7653596261256126,0.7708248968712036,0.6979472140762464,0.958215954796372,0.9412798285351663,port_protocol_service_ablation,39,36,3,ct_src_dport_ltm|ct_dst_sport_ltm|is_sm_ips_ports,ksf-v4-idsplit::
quantum,svc,10,zz_r2_full__as0.5__svc__d10,zz_r2_full__as0.5,id_val,train_cv,10.0,0.8253257325732573,0.015188932418823242,0.836,0.8409090909090909,0.8354074668807707,0.8452830188679246,0.9159090909090908,0.9267263354416106,port_protocol_service_ablation,39,36,3,ct_src_dport_ltm|ct_dst_sport_ltm|is_sm_ips_ports,ksf-v4-idsplit::
quantum,svc,10,zz_r2_full__as0.5__svc__d10,zz_r2_full__as0.5,id_test,train_cv,10.0,0.8253257325732573,0.015188932418823242,0.844,0.8529220779220779,0.84387760003843,0.8482490272373541,0.9510389610389611,0.9666339496319607,port_protocol_service_ablation,39,36,3,ct_src_dport_ltm|ct_dst_sport_ltm|is_sm_ips_ports,ksf-v4-idsplit::
quantum,svc,10,zz_r2_full__as0.5__svc__d10,zz_r2_full__as0.5,ood_test,train_cv,10.0,0.8253257325732573,0.015188932418823242,0.794,0.7648222631124717,0.7701703417098434,0.696165191740413,0.9565550145739362,0.9394685668138376,port_protocol_service_ablation,39,36,3,ct_src_dport_ltm|ct_dst_sport_ltm|is_sm_ips_ports,ksf-v4-idsplit::
quantum,svc,10,pauli_xz_r1_full__as0.5__svc__d10,pauli_xz_r1_full__as0.5,id_val,fixed_c1,1.0,,0.006192922592163086,0.88,0.8714285714285714,0.8761640578561521,0.8979591836734694,0.9363636363636364,0.9333177433638944,port_protocol_service_ablation,39,36,3,ct_src_dport_ltm|ct_dst_sport_ltm|is_sm_ips_ports,ksf-v4-idsplit::
quantum,svc,10,pauli_xz_r1_full__as0.5__svc__d10,pauli_xz_r1_full__as0.5,id_test,fixed_c1,1.0,,0.006192922592163086,0.908,0.9012987012987013,0.9054571762113812,0.9209621993127147,0.9625324675324675,0.961264549923007,port_protocol_service_ablation,39,36,3,ct_src_dport_ltm|ct_dst_sport_ltm|is_sm_ips_ports,ksf-v4-idsplit::
quantum,svc,10,pauli_xz_r1_full__as0.5__svc__d10,pauli_xz_r1_full__as0.5,ood_test,fixed_c1,1.0,,0.006192922592163086,0.92,0.9277165328687043,0.9196709723025512,0.9145299145299145,0.9770236602563059,0.953268962038513,port_protocol_service_ablation,39,36,3,ct_src_dport_ltm|ct_dst_sport_ltm|is_sm_ips_ports,ksf-v4-idsplit::
quantum,svc,10,pauli_xz_r1_full__as0.5__svc__d10,pauli_xz_r1_full__as0.5,id_val,train_cv,10.0,0.8944914491449145,0.008514881134033203,0.884,0.877922077922078,0.8811066104724578,0.8996539792387543,0.942987012987013,0.9434702149620269,port_protocol_service_ablation,39,36,3,ct_src_dport_ltm|ct_dst_sport_ltm|is_sm_ips_ports,ksf-v4-idsplit::
quantum,svc,10,pauli_xz_r1_full__as0.5__svc__d10,pauli_xz_r1_full__as0.5,id_test,train_cv,10.0,0.8944914491449145,0.008514881134033203,0.908,0.9061688311688312,0.9065633175709713,0.9181494661921709,0.9551948051948052,0.9629497439061914,port_protocol_service_ablation,39,36,3,ct_src_dport_ltm|ct_dst_sport_ltm|is_sm_ips_ports,ksf-v4-idsplit::
quantum,svc,10,pauli_xz_r1_full__as0.5__svc__d10,pauli_xz_r1_full__as0.5,ood_test,train_cv,10.0,0.8944914491449145,0.008514881134033203,0.942,0.9444643467782645,0.9413409064245867,0.9351230425055929,0.9807526338929509,0.9491491659611428,port_protocol_service_ablation,39,36,3,ct_src_dport_ltm|ct_dst_sport_ltm|is_sm_ips_ports,ksf-v4-idsplit::
quantum,svc,10,zmap_r2__as0.5__svc__d10,zmap_r2__as0.5,id_val,fixed_c1,1.0,,0.005689382553100586,0.872,0.8633116883116883,0.8679083283798956,0.891156462585034,0.9264935064935066,0.8958001140312501,port_protocol_service_ablation,39,36,3,ct_src_dport_ltm|ct_dst_sport_ltm|is_sm_ips_ports,ksf-v4-idsplit::
quantum,svc,10,zmap_r2__as0.5__svc__d10,zmap_r2__as0.5,id_test,fixed_c1,1.0,,0.005689382553100586,0.908,0.9022727272727272,0.905705242788501,0.9204152249134948,0.9525974025974026,0.9414002166287115,port_protocol_service_ablation,39,36,3,ct_src_dport_ltm|ct_dst_sport_ltm|is_sm_ips_ports,ksf-v4-idsplit::
quantum,svc,10,zmap_r2__as0.5__svc__d10,zmap_r2__as0.5,ood_test,fixed_c1,1.0,,0.005689382553100586,0.946,0.951222093761704,0.9455976401465237,0.9409190371991247,0.9754767061275667,0.9514107003631168,port_protocol_service_ablation,39,36,3,ct_src_dport_ltm|ct_dst_sport_ltm|is_sm_ips_ports,ksf-v4-idsplit::
quantum,svc,10,zmap_r2__as0.5__svc__d10,zmap_r2__as0.5,id_val,train_cv,1.0,0.8855702570257027,0.005039691925048828,0.872,0.8633116883116883,0.8679083283798956,0.891156462585034,0.9264935064935066,0.8958001140312501,port_protocol_service_ablation,39,36,3,ct_src_dport_ltm|ct_dst_sport_ltm|is_sm_ips_ports,ksf-v4-idsplit::
quantum,svc,10,zmap_r2__as0.5__svc__d10,zmap_r2__as0.5,id_test,train_cv,1.0,0.8855702570257027,0.005039691925048828,0.908,0.9022727272727272,0.905705242788501,0.9204152249134948,0.9525974025974026,0.9414002166287115,port_protocol_service_ablation,39,36,3,ct_src_dport_ltm|ct_dst_sport_ltm|is_sm_ips_ports,ksf-v4-idsplit::
quantum,svc,10,zmap_r2__as0.5__svc__d10,zmap_r2__as0.5,ood_test,train_cv,1.0,0.8855702570257027,0.005039691925048828,0.946,0.951222093761704,0.9455976401465237,0.9409190371991247,0.9754767061275667,0.9514107003631168,port_protocol_service_ablation,39,36,3,ct_src_dport_ltm|ct_dst_sport_ltm|is_sm_ips_ports,ksf-v4-idsplit::
quantum,svc,10,zz_r1_full__svc__d10,zz_r1_full,id_val,fixed_c1,1.0,,0.01589798927307129,0.844,0.8451298701298702,0.842668344870988,0.8571428571428571,0.9416883116883117,0.9521763360772544,port_protocol_service_ablation,39,36,3,ct_src_dport_ltm|ct_dst_sport_ltm|is_sm_ips_ports,ksf-v4-idsplit::
quantum,svc,10,zz_r1_full__svc__d10,zz_r1_full,id_test,fixed_c1,1.0,,0.01589798927307129,0.884,0.8876623376623376,0.8833260915045302,0.8921933085501859,0.9621428571428572,0.9722754221770573,port_protocol_service_ablation,39,36,3,ct_src_dport_ltm|ct_dst_sport_ltm|is_sm_ips_ports,ksf-v4-idsplit::
quantum,svc,10,zz_r1_full__svc__d10,zz_r1_full,ood_test,fixed_c1,1.0,,0.01589798927307129,0.812,0.7936200354985263,0.8000986746967453,0.7513227513227513,0.9562293400205175,0.9357422060899027,port_protocol_service_ablation,39,36,3,ct_src_dport_ltm|ct_dst_sport_ltm|is_sm_ips_ports,ksf-v4-idsplit::
quantum,svc,10,zz_r1_full__svc__d10,zz_r1_full,id_val,train_cv,10.0,0.8396471647164716,0.014050960540771484,0.848,0.8487012987012987,0.8465861378463924,0.8613138686131386,0.9275324675324674,0.9316136822642677,port_protocol_service_ablation,39,36,3,ct_src_dport_ltm|ct_dst_sport_ltm|is_sm_ips_ports,ksf-v4-idsplit::
quantum,svc,10,zz_r1_full__svc__d10,zz_r1_full,id_test,train_cv,10.0,0.8396471647164716,0.014050960540771484,0.9,0.9029220779220779,0.8992893859069595,0.9077490774907749,0.9655844155844157,0.9753068256823856,port_protocol_service_ablation,39,36,3,ct_src_dport_ltm|ct_dst_sport_ltm|is_sm_ips_ports,ksf-v4-idsplit::
quantum,svc,10,zz_r1_full__svc__d10,zz_r1_full,ood_test,train_cv,10.0,0.8396471647164716,0.014050960540771484,0.804,0.7860155346761981,0.7920203735144312,0.7421052631578947,0.9548126557131458,0.934962291765606,port_protocol_service_ablation,39,36,3,ct_src_dport_ltm|ct_dst_sport_ltm|is_sm_ips_ports,ksf-v4-idsplit::
quantum,svc,10,zz_r2_full__svc__d10,zz_r2_full,id_val,fixed_c1,1.0,,0.012999773025512695,0.796,0.811038961038961,0.7958399385117932,0.7901234567901234,0.9287662337662338,0.9294140930109298,port_protocol_service_ablation,39,36,3,ct_src_dport_ltm|ct_dst_sport_ltm|is_sm_ips_ports,ksf-v4-idsplit::
quantum,svc,10,zz_r2_full__svc__d10,zz_r2_full,id_test,fixed_c1,1.0,,0.012999773025512695,0.836,0.8525974025974026,0.8357871801855205,0.8298755186721992,0.9492857142857143,0.964969218064979,port_protocol_service_ablation,39,36,3,ct_src_dport_ltm|ct_dst_sport_ltm|is_sm_ips_ports,ksf-v4-idsplit::
quantum,svc,10,zz_r2_full__svc__d10,zz_r2_full,ood_test,fixed_c1,1.0,,0.012999773025512695,0.778,0.7463890833889695,0.74936664273231,0.6646525679758308,0.9444887723697709,0.9232977154855699,port_protocol_service_ablation,39,36,3,ct_src_dport_ltm|ct_dst_sport_ltm|is_sm_ips_ports,ksf-v4-idsplit::
quantum,svc,10,zz_r2_full__svc__d10,zz_r2_full,id_val,train_cv,100.0,0.809954795479548,0.013000011444091797,0.808,0.8198051948051948,0.808,0.808,0.9105194805194805,0.9132313493000372,port_protocol_service_ablation,39,36,3,ct_src_dport_ltm|ct_dst_sport_ltm|is_sm_ips_ports,ksf-v4-idsplit::
quantum,svc,10,zz_r2_full__svc__d10,zz_r2_full,id_test,train_cv,100.0,0.809954795479548,0.013000011444091797,0.832,0.8480519480519481,0.8318277916586585,0.8264462809917356,0.9391558441558442,0.960439863929809,port_protocol_service_ablation,39,36,3,ct_src_dport_ltm|ct_dst_sport_ltm|is_sm_ips_ports,ksf-v4-idsplit::
quantum,svc,10,zz_r2_full__svc__d10,zz_r2_full,ood_test,train_cv,100.0,0.809954795479548,0.013000011444091797,0.784,0.7538388887984238,0.757960413080895,0.6785714285714286,0.92486688052629,0.9117958344849671,port_protocol_service_ablation,39,36,3,ct_src_dport_ltm|ct_dst_sport_ltm|is_sm_ips_ports,ksf-v4-idsplit::
quantum,svc,10,pauli_xz_r1_full__svc__d10,pauli_xz_r1_full,id_val,fixed_c1,1.0,,0.0063593387603759766,0.88,0.8743506493506493,0.8771619496855346,0.8958333333333334,0.9413636363636364,0.9547111134569622,port_protocol_service_ablation,39,36,3,ct_src_dport_ltm|ct_dst_sport_ltm|is_sm_ips_ports,ksf-v4-idsplit::
quantum,svc,10,pauli_xz_r1_full__svc__d10,pauli_xz_r1_full,id_test,fixed_c1,1.0,,0.0063593387603759766,0.916,0.9103896103896104,0.9139047868938487,0.9273356401384083,0.9560389610389611,0.9538543662488663,port_protocol_service_ablation,39,36,3,ct_src_dport_ltm|ct_dst_sport_ltm|is_sm_ips_ports,ksf-v4-idsplit::
quantum,svc,10,pauli_xz_r1_full__svc__d10,pauli_xz_r1_full,ood_test,fixed_c1,1.0,,0.0063593387603759766,0.948,0.9535262412271417,0.9476304806716189,0.9432314410480349,0.980150135969126,0.9658946724906587,port_protocol_service_ablation,39,36,3,ct_src_dport_ltm|ct_dst_sport_ltm|is_sm_ips_ports,ksf-v4-idsplit::
quantum,svc,10,pauli_xz_r1_full__svc__d10,pauli_xz_r1_full,id_val,train_cv,1.0,0.8895007500750076,0.00671839714050293,0.88,0.8743506493506493,0.8771619496855346,0.8958333333333334,0.9413636363636364,0.9547111134569622,port_protocol_service_ablation,39,36,3,ct_src_dport_ltm|ct_dst_sport_ltm|is_sm_ips_ports,ksf-v4-idsplit::
quantum,svc,10,pauli_xz_r1_full__svc__d10,pauli_xz_r1_full,id_test,train_cv,1.0,0.8895007500750076,0.00671839714050293,0.916,0.9103896103896104,0.9139047868938487,0.9273356401384083,0.9560389610389611,0.9538543662488663,port_protocol_service_ablation,39,36,3,ct_src_dport_ltm|ct_dst_sport_ltm|is_sm_ips_ports,ksf-v4-idsplit::
quantum,svc,10,pauli_xz_r1_full__svc__d10,pauli_xz_r1_full,ood_test,train_cv,1.0,0.8895007500750076,0.00671839714050293,0.948,0.9535262412271417,0.9476304806716189,0.9432314410480349,0.980150135969126,0.9658946724906587,port_protocol_service_ablation,39,36,3,ct_src_dport_ltm|ct_dst_sport_ltm|is_sm_ips_ports,ksf-v4-idsplit::
quantum,svc,10,zmap_r2__svc__d10,zmap_r2,id_val,fixed_c1,1.0,,0.007001399993896484,0.876,0.8717532467532467,0.8735210118319053,0.8912280701754386,0.9362337662337663,0.9247383865772876,port_protocol_service_ablation,39,36,3,ct_src_dport_ltm|ct_dst_sport_ltm|is_sm_ips_ports,ksf-v4-idsplit::
quantum,svc,10,zmap_r2__svc__d10,zmap_r2,id_test,fixed_c1,1.0,,0.007001399993896484,0.916,0.9113636363636364,0.9141188594984542,0.926829268292683,0.9525324675324676,0.9333596384787,port_protocol_service_ablation,39,36,3,ct_src_dport_ltm|ct_dst_sport_ltm|is_sm_ips_ports,ksf-v4-idsplit::
quantum,svc,10,zmap_r2__svc__d10,zmap_r2,ood_test,fixed_c1,1.0,,0.007001399993896484,0.926,0.929255345133608,0.9252824122876102,0.917960088691796,0.9790916936705151,0.9661826050800999,port_protocol_service_ablation,39,36,3,ct_src_dport_ltm|ct_dst_sport_ltm|is_sm_ips_ports,ksf-v4-idsplit::
quantum,svc,10,zmap_r2__svc__d10,zmap_r2,id_val,train_cv,1.0,0.8804001400140014,0.0065119266510009766,0.876,0.8717532467532467,0.8735210118319053,0.8912280701754386,0.9362337662337663,0.9247383865772876,port_protocol_service_ablation,39,36,3,ct_src_dport_ltm|ct_dst_sport_ltm|is_sm_ips_ports,ksf-v4-idsplit::
quantum,svc,10,zmap_r2__svc__d10,zmap_r2,id_test,train_cv,1.0,0.8804001400140014,0.0065119266510009766,0.916,0.9113636363636364,0.9141188594984542,0.926829268292683,0.9525324675324676,0.9333596384787,port_protocol_service_ablation,39,36,3,ct_src_dport_ltm|ct_dst_sport_ltm|is_sm_ips_ports,ksf-v4-idsplit::
quantum,svc,10,zmap_r2__svc__d10,zmap_r2,ood_test,train_cv,1.0,0.8804001400140014,0.0065119266510009766,0.926,0.929255345133608,0.9252824122876102,0.917960088691796,0.9790916936705151,0.9661826050800999,port_protocol_service_ablation,39,36,3,ct_src_dport_ltm|ct_dst_sport_ltm|is_sm_ips_ports,ksf-v4-idsplit::
quantum,svc,10,zz_r1_full__as2__svc__d10,zz_r1_full__as2,id_val,fixed_c1,1.0,,0.012178182601928711,0.816,0.825974025974026,0.8159528839382881,0.8188976377952756,0.9425324675324676,0.9383029496526478,port_protocol_service_ablation,39,36,3,ct_src_dport_ltm|ct_dst_sport_ltm|is_sm_ips_ports,ksf-v4-idsplit::
quantum,svc,10,zz_r1_full__as2__svc__d10,zz_r1_full__as2,id_test,fixed_c1,1.0,,0.012178182601928711,0.848,0.8584415584415584,0.8479610780359772,0.8503937007874016,0.9625974025974026,0.9714855372588821,port_protocol_service_ablation,39,36,3,ct_src_dport_ltm|ct_dst_sport_ltm|is_sm_ips_ports,ksf-v4-idsplit::
quantum,svc,10,zz_r1_full__as2__svc__d10,zz_r1_full__as2,ood_test,fixed_c1,1.0,,0.012178182601928711,0.778,0.7480011724283924,0.7516011654604777,0.6706231454005934,0.9514419240852616,0.9295007083266612,port_protocol_service_ablation,39,36,3,ct_src_dport_ltm|ct_dst_sport_ltm|is_sm_ips_ports,ksf-v4-idsplit::
quantum,svc,10,zz_r1_full__as2__svc__d10,zz_r1_full__as2,id_val,train_cv,10.0,0.8100845084508451,0.0160367488861084,0.828,0.8347402597402598,0.8276663620769811,0.8352490421455939,0.9262337662337663,0.9151471609992462,port_protocol_service_ablation,39,36,3,ct_src_dport_ltm|ct_dst_sport_ltm|is_sm_ips_ports,ksf-v4-idsplit::
quantum,svc,10,zz_r1_full__as2__svc__d10,zz_r1_full__as2,id_test,train_cv,10.0,0.8100845084508451,0.0160367488861084,0.872,0.8818181818181818,0.8719262295081966,0.875,0.9711688311688312,0.9780667445438762,port_protocol_service_ablation,39,36,3,ct_src_dport_ltm|ct_dst_sport_ltm|is_sm_ips_ports,ksf-v4-idsplit::
quantum,svc,10,zz_r1_full__as2__svc__d10,zz_r1_full__as2,ood_test,train_cv,10.0,0.8100845084508451,0.0160367488861084,0.78,0.7497679568806891,0.753478198508319,0.6726190476190477,0.9434628975265019,0.9269370906300745,port_protocol_service_ablation,39,36,3,ct_src_dport_ltm|ct_dst_sport_ltm|is_sm_ips_ports,ksf-v4-idsplit::
quantum,svc,10,zz_r2_full__as2__svc__d10,zz_r2_full__as2,id_val,fixed_c1,1.0,,0.012933015823364258,0.792,0.8103896103896104,0.7913456599897277,0.7796610169491526,0.9124675324675324,0.9320031814561955,port_protocol_service_ablation,39,36,3,ct_src_dport_ltm|ct_dst_sport_ltm|is_sm_ips_ports,ksf-v4-idsplit::
quantum,svc,10,zz_r2_full__as2__svc__d10,zz_r2_full__as2,id_test,fixed_c1,1.0,,0.012933015823364258,0.816,0.8347402597402598,0.8154211607601438,0.8050847457627118,0.9372077922077923,0.9580926491399299,port_protocol_service_ablation,39,36,3,ct_src_dport_ltm|ct_dst_sport_ltm|is_sm_ips_ports,ksf-v4-idsplit::
quantum,svc,10,zz_r2_full__as2__svc__d10,zz_r2_full__as2,ood_test,fixed_c1,1.0,,0.012933015823364258,0.768,0.7348683460617804,0.7360324771076441,0.6441717791411042,0.9069547800882578,0.8924603092106508,port_protocol_service_ablation,39,36,3,ct_src_dport_ltm|ct_dst_sport_ltm|is_sm_ips_ports,ksf-v4-idsplit::
quantum,svc,10,zz_r2_full__as2__svc__d10,zz_r2_full__as2,id_val,train_cv,100.0,0.8057444744474447,0.011000633239746094,0.792,0.8103896103896104,0.7913456599897277,0.7796610169491526,0.9003246753246753,0.9096704107537431,port_protocol_service_ablation,39,36,3,ct_src_dport_ltm|ct_dst_sport_ltm|is_sm_ips_ports,ksf-v4-idsplit::
quantum,svc,10,zz_r2_full__as2__svc__d10,zz_r2_full__as2,id_test,train_cv,100.0,0.8057444744474447,0.011000633239746094,0.824,0.8428571428571429,0.8234463276836159,0.8135593220338984,0.93012987012987,0.9551087327777403,port_protocol_service_ablation,39,36,3,ct_src_dport_ltm|ct_dst_sport_ltm|is_sm_ips_ports,ksf-v4-idsplit::
quantum,svc,10,zz_r2_full__as2__svc__d10,zz_r2_full__as2,ood_test,train_cv,100.0,0.8057444744474447,0.011000633239746094,0.772,0.7394766409926561,0.7413980836236934,0.6524390243902439,0.9009623683053525,0.8900108183302924,port_protocol_service_ablation,39,36,3,ct_src_dport_ltm|ct_dst_sport_ltm|is_sm_ips_ports,ksf-v4-idsplit::
quantum,svc,10,pauli_xz_r1_full__as2__svc__d10,pauli_xz_r1_full__as2,id_val,fixed_c1,1.0,,0.009625434875488281,0.876,0.8737012987012986,0.874063601943483,0.8896797153024911,0.9502597402597402,0.9645606285525965,port_protocol_service_ablation,39,36,3,ct_src_dport_ltm|ct_dst_sport_ltm|is_sm_ips_ports,ksf-v4-idsplit::
quantum,svc,10,pauli_xz_r1_full__as2__svc__d10,pauli_xz_r1_full__as2,id_test,fixed_c1,1.0,,0.009625434875488281,0.892,0.8899350649350649,0.8903134597572271,0.9039145907473309,0.9588961038961039,0.9689784375909026,port_protocol_service_ablation,39,36,3,ct_src_dport_ltm|ct_dst_sport_ltm|is_sm_ips_ports,ksf-v4-idsplit::
quantum,svc,10,pauli_xz_r1_full__as2__svc__d10,pauli_xz_r1_full__as2,ood_test,fixed_c1,1.0,,0.009625434875488281,0.914,0.9105941932227126,0.912126896935068,0.8992974238875878,0.9751184641188061,0.9576876126308135,port_protocol_service_ablation,39,36,3,ct_src_dport_ltm|ct_dst_sport_ltm|is_sm_ips_ports,ksf-v4-idsplit::
quantum,svc,10,pauli_xz_r1_full__as2__svc__d10,pauli_xz_r1_full__as2,id_val,train_cv,100.0,0.8681292129212922,0.018125057220458984,0.872,0.8711038961038962,0.8703739710933955,0.8848920863309353,0.9185714285714285,0.9318758154412985,port_protocol_service_ablation,39,36,3,ct_src_dport_ltm|ct_dst_sport_ltm|is_sm_ips_ports,ksf-v4-idsplit::
quantum,svc,10,pauli_xz_r1_full__as2__svc__d10,pauli_xz_r1_full__as2,id_test,train_cv,100.0,0.8681292129212922,0.018125057220458984,0.888,0.8873376623376623,0.8865772247067211,0.8992805755395683,0.9115584415584417,0.8957219814887522,port_protocol_service_ablation,39,36,3,ct_src_dport_ltm|ct_dst_sport_ltm|is_sm_ips_ports,ksf-v4-idsplit::
quantum,svc,10,pauli_xz_r1_full__as2__svc__d10,pauli_xz_r1_full__as2,ood_test,train_cv,100.0,0.8681292129212922,0.018125057220458984,0.9,0.8976893390434938,0.8981155451225874,0.8842592592592593,0.9536890785038511,0.9094733202875175,port_protocol_service_ablation,39,36,3,ct_src_dport_ltm|ct_dst_sport_ltm|is_sm_ips_ports,ksf-v4-idsplit::
quantum,svc,10,zmap_r2__as2__svc__d10,zmap_r2__as2,id_val,fixed_c1,1.0,,0.008060455322265625,0.872,0.8681818181818182,0.8695878977569118,0.8873239436619719,0.9414285714285715,0.9379228673495386,port_protocol_service_ablation,39,36,3,ct_src_dport_ltm|ct_dst_sport_ltm|is_sm_ips_ports,ksf-v4-idsplit::
quantum,svc,10,zmap_r2__as2__svc__d10,zmap_r2__as2,id_test,fixed_c1,1.0,,0.008060455322265625,0.9,0.9,0.8988198345501934,0.9097472924187726,0.9538961038961039,0.9538780822174228,port_protocol_service_ablation,39,36,3,ct_src_dport_ltm|ct_dst_sport_ltm|is_sm_ips_ports,ksf-v4-idsplit::
quantum,svc,10,zmap_r2__as2__svc__d10,zmap_r2__as2,ood_test,fixed_c1,1.0,,0.008060455322265625,0.91,0.9049111722655551,0.9076957158504917,0.8931116389548693,0.9745485336503232,0.9581034285726778,port_protocol_service_ablation,39,36,3,ct_src_dport_ltm|ct_dst_sport_ltm|is_sm_ips_ports,ksf-v4-idsplit::
quantum,svc,10,zmap_r2__as2__svc__d10,zmap_r2__as2,id_val,train_cv,1.0,0.859048604860486,0.00772547721862793,0.872,0.8681818181818182,0.8695878977569118,0.8873239436619719,0.9414285714285715,0.9379228673495386,port_protocol_service_ablation,39,36,3,ct_src_dport_ltm|ct_dst_sport_ltm|is_sm_ips_ports,ksf-v4-idsplit::
quantum,svc,10,zmap_r2__as2__svc__d10,zmap_r2__as2,id_test,train_cv,1.0,0.859048604860486,0.00772547721862793,0.9,0.9,0.8988198345501934,0.9097472924187726,0.9538961038961039,0.9538780822174228,port_protocol_service_ablation,39,36,3,ct_src_dport_ltm|ct_dst_sport_ltm|is_sm_ips_ports,ksf-v4-idsplit::
quantum,svc,10,zmap_r2__as2__svc__d10,zmap_r2__as2,ood_test,train_cv,1.0,0.859048604860486,0.00772547721862793,0.91,0.9049111722655551,0.9076957158504917,0.8931116389548693,0.9745485336503232,0.9581034285726778,port_protocol_service_ablation,39,36,3,ct_src_dport_ltm|ct_dst_sport_ltm|is_sm_ips_ports,ksf-v4-idsplit::
classical_ext,svc,12,linear__svc__d12,linear,id_val,fixed_c1,1.0,,0.006537437438964844,0.872,0.8652597402597402,0.8686371100164203,0.8896551724137931,0.9231818181818182,0.8916878302278425,port_protocol_service_ablation,39,36,3,ct_src_dport_ltm|ct_dst_sport_ltm|is_sm_ips_ports,ksf-v4-idsplit::
classical_ext,svc,12,linear__svc__d12,linear,id_test,fixed_c1,1.0,,0.006537437438964844,0.876,0.8717532467532467,0.8735210118319053,0.8912280701754386,0.9229870129870128,0.9055663103776226,port_protocol_service_ablation,39,36,3,ct_src_dport_ltm|ct_dst_sport_ltm|is_sm_ips_ports,ksf-v4-idsplit::
classical_ext,svc,12,linear__svc__d12,linear,ood_test,fixed_c1,1.0,,0.006537437438964844,0.7,0.684470208920226,0.686433875175597,0.6212121212121212,0.8196739997720278,0.6601532747364597,port_protocol_service_ablation,39,36,3,ct_src_dport_ltm|ct_dst_sport_ltm|is_sm_ips_ports,ksf-v4-idsplit::
classical_ext,svc,12,linear__svc__d12,linear,id_val,train_cv,100.0,0.8536575657565756,0.015558719635009766,0.876,0.8668831168831168,0.8718478710210831,0.8949152542372881,0.9443506493506494,0.9545070115702736,port_protocol_service_ablation,39,36,3,ct_src_dport_ltm|ct_dst_sport_ltm|is_sm_ips_ports,ksf-v4-idsplit::
classical_ext,svc,12,linear__svc__d12,linear,id_test,train_cv,100.0,0.8536575657565756,0.015558719635009766,0.892,0.8850649350649351,0.8890149459872737,0.9072164948453608,0.9217532467532467,0.9274799394753515,port_protocol_service_ablation,39,36,3,ct_src_dport_ltm|ct_dst_sport_ltm|is_sm_ips_ports,ksf-v4-idsplit::
classical_ext,svc,12,linear__svc__d12,linear,ood_test,train_cv,100.0,0.8536575657565756,0.015558719635009766,0.868,0.865121883701617,0.8655125195618154,0.8472222222222222,0.9467359267883604,0.9360853266110354,port_protocol_service_ablation,39,36,3,ct_src_dport_ltm|ct_dst_sport_ltm|is_sm_ips_ports,ksf-v4-idsplit::
classical_ext,svc,12,rbf_gscale__svc__d12,rbf_gscale,id_val,fixed_c1,1.0,,0.007259368896484375,0.884,0.875,0.8801157503100454,0.9016949152542373,0.9407792207792208,0.9228228561692039,port_protocol_service_ablation,39,36,3,ct_src_dport_ltm|ct_dst_sport_ltm|is_sm_ips_ports,ksf-v4-idsplit::
classical_ext,svc,12,rbf_gscale__svc__d12,rbf_gscale,id_test,fixed_c1,1.0,,0.007259368896484375,0.904,0.8967532467532467,0.9012118018967334,0.9178082191780822,0.9600649350649351,0.9507205931030327,port_protocol_service_ablation,39,36,3,ct_src_dport_ltm|ct_dst_sport_ltm|is_sm_ips_ports,ksf-v4-idsplit::
classical_ext,svc,12,rbf_gscale__svc__d12,rbf_gscale,ood_test,fixed_c1,1.0,,0.007259368896484375,0.916,0.9247203269772517,0.9157357473035439,0.9110169491525424,0.9615704026965853,0.9174633610457358,port_protocol_service_ablation,39,36,3,ct_src_dport_ltm|ct_dst_sport_ltm|is_sm_ips_ports,ksf-v4-idsplit::
classical_ext,svc,12,rbf_gscale__svc__d12,rbf_gscale,id_val,train_cv,100.0,0.8913910391039105,0.019588470458984375,0.884,0.8798701298701299,0.8816809465524276,0.8982456140350877,0.9538961038961038,0.9581102365579661,port_protocol_service_ablation,39,36,3,ct_src_dport_ltm|ct_dst_sport_ltm|is_sm_ips_ports,ksf-v4-idsplit::
classical_ext,svc,12,rbf_gscale__svc__d12,rbf_gscale,id_test,train_cv,100.0,0.8913910391039105,0.019588470458984375,0.904,0.9035714285714286,0.9027804783200466,0.9136690647482014,0.9521428571428572,0.954975934697182,port_protocol_service_ablation,39,36,3,ct_src_dport_ltm|ct_dst_sport_ltm|is_sm_ips_ports,ksf-v4-idsplit::
classical_ext,svc,12,rbf_gscale__svc__d12,rbf_gscale,ood_test,train_cv,100.0,0.8913910391039105,0.019588470458984375,0.922,0.9208855091107457,0.9206591394568202,0.9103448275862069,0.9816645226425232,0.9692958920706936,port_protocol_service_ablation,39,36,3,ct_src_dport_ltm|ct_dst_sport_ltm|is_sm_ips_ports,ksf-v4-idsplit::
classical_ext,svc,12,poly2__svc__d12,poly2,id_val,fixed_c1,1.0,,0.0075304508209228516,0.884,0.8730519480519481,0.8793657132398209,0.903010033444816,0.9525324675324676,0.9582754357614629,port_protocol_service_ablation,39,36,3,ct_src_dport_ltm|ct_dst_sport_ltm|is_sm_ips_ports,ksf-v4-idsplit::
classical_ext,svc,12,poly2__svc__d12,poly2,id_test,fixed_c1,1.0,,0.0075304508209228516,0.9,0.8912337662337663,0.8966515088879703,0.9152542372881356,0.9379220779220778,0.9223733298639987,port_protocol_service_ablation,39,36,3,ct_src_dport_ltm|ct_dst_sport_ltm|is_sm_ips_ports,ksf-v4-idsplit::
classical_ext,svc,12,poly2__svc__d12,poly2,ood_test,fixed_c1,1.0,,0.0075304508209228516,0.81,0.8160345866375731,0.8092668216624705,0.7974413646055437,0.8844995196300337,0.796032322838331,port_protocol_service_ablation,39,36,3,ct_src_dport_ltm|ct_dst_sport_ltm|is_sm_ips_ports,ksf-v4-idsplit::
classical_ext,svc,12,poly2__svc__d12,poly2,id_val,train_cv,100.0,0.8895508550855087,0.015089035034179688,0.9,0.8931818181818181,0.8972360610993275,0.9140893470790378,0.9453896103896106,0.9328688705041359,port_protocol_service_ablation,39,36,3,ct_src_dport_ltm|ct_dst_sport_ltm|is_sm_ips_ports,ksf-v4-idsplit::
classical_ext,svc,12,poly2__svc__d12,poly2,id_test,train_cv,100.0,0.8895508550855087,0.015089035034179688,0.904,0.8987012987012987,0.9017295597484276,0.9166666666666666,0.9628571428571429,0.9563435444738694,port_protocol_service_ablation,39,36,3,ct_src_dport_ltm|ct_dst_sport_ltm|is_sm_ips_ports,ksf-v4-idsplit::
classical_ext,svc,12,poly2__svc__d12,poly2,ood_test,train_cv,100.0,0.8895508550855087,0.015089035034179688,0.922,0.9294833173210011,0.921658745495378,0.9164882226980728,0.9611307420494699,0.9112055763414704,port_protocol_service_ablation,39,36,3,ct_src_dport_ltm|ct_dst_sport_ltm|is_sm_ips_ports,ksf-v4-idsplit::
classical_ext,svc,12,poly3__svc__d12,poly3,id_val,fixed_c1,1.0,,0.006995677947998047,0.884,0.8691558441558442,0.8776391959629373,0.9055374592833876,0.9475324675324674,0.9509158918899954,port_protocol_service_ablation,39,36,3,ct_src_dport_ltm|ct_dst_sport_ltm|is_sm_ips_ports,ksf-v4-idsplit::
classical_ext,svc,12,poly3__svc__d12,poly3,id_test,fixed_c1,1.0,,0.006995677947998047,0.9,0.8863636363636364,0.8949138293400589,0.9180327868852459,0.9366883116883117,0.916090517959686,port_protocol_service_ablation,39,36,3,ct_src_dport_ltm|ct_dst_sport_ltm|is_sm_ips_ports,ksf-v4-idsplit::
classical_ext,svc,12,poly3__svc__d12,poly3,ood_test,fixed_c1,1.0,,0.006995677947998047,0.87,0.8851590106007068,0.86999947999792,0.8697394789579158,0.9053752585041768,0.8238825620896596,port_protocol_service_ablation,39,36,3,ct_src_dport_ltm|ct_dst_sport_ltm|is_sm_ips_ports,ksf-v4-idsplit::
classical_ext,svc,12,poly3__svc__d12,poly3,id_val,train_cv,100.0,0.8925112511251125,0.018006086349487305,0.9,0.8941558441558441,0.8975056986831532,0.9134948096885813,0.9505194805194804,0.9390363069922933,port_protocol_service_ablation,39,36,3,ct_src_dport_ltm|ct_dst_sport_ltm|is_sm_ips_ports,ksf-v4-idsplit::
classical_ext,svc,12,poly3__svc__d12,poly3,id_test,train_cv,100.0,0.8925112511251125,0.018006086349487305,0.904,0.8996753246753246,0.9019671916868178,0.916083916083916,0.963116883116883,0.9582004614296085,port_protocol_service_ablation,39,36,3,ct_src_dport_ltm|ct_dst_sport_ltm|is_sm_ips_ports,ksf-v4-idsplit::
classical_ext,svc,12,poly3__svc__d12,poly3,ood_test,train_cv,100.0,0.8925112511251125,0.018006086349487305,0.954,0.9582892315708913,0.9535899205378726,0.9492273730684326,0.9647945807754312,0.921479284143921,port_protocol_service_ablation,39,36,3,ct_src_dport_ltm|ct_dst_sport_ltm|is_sm_ips_ports,ksf-v4-idsplit::
classical_ext,svc,12,laplacian_med__svc__d12,laplacian_med,id_val,fixed_c1,1.0,,0.007999181747436523,0.888,0.8805194805194805,0.8847471022128557,0.9041095890410958,0.9548051948051948,0.9601594091391538,port_protocol_service_ablation,39,36,3,ct_src_dport_ltm|ct_dst_sport_ltm|is_sm_ips_ports,ksf-v4-idsplit::
classical_ext,svc,12,laplacian_med__svc__d12,laplacian_med,id_test,fixed_c1,1.0,,0.007999181747436523,0.9,0.8951298701298701,0.8977605470219692,0.9128919860627178,0.9743506493506493,0.9805173079218046,port_protocol_service_ablation,39,36,3,ct_src_dport_ltm|ct_dst_sport_ltm|is_sm_ips_ports,ksf-v4-idsplit::
classical_ext,svc,12,laplacian_med__svc__d12,laplacian_med,ood_test,fixed_c1,1.0,,0.007999181747436523,0.936,0.9429255345133608,0.9356664951106537,0.9310344827586207,0.9781309537379297,0.9525292886303015,port_protocol_service_ablation,39,36,3,ct_src_dport_ltm|ct_dst_sport_ltm|is_sm_ips_ports,ksf-v4-idsplit::
classical_ext,svc,12,laplacian_med__svc__d12,laplacian_med,id_val,train_cv,10.0,0.8971815181518152,0.006999969482421875,0.896,0.8915584415584416,0.8937977909940527,0.9090909090909091,0.9458441558441557,0.931829414271756,port_protocol_service_ablation,39,36,3,ct_src_dport_ltm|ct_dst_sport_ltm|is_sm_ips_ports,ksf-v4-idsplit::
classical_ext,svc,12,laplacian_med__svc__d12,laplacian_med,id_test,train_cv,10.0,0.8971815181518152,0.006999969482421875,0.912,0.9107142857142857,0.9107142857142857,0.9214285714285714,0.9697402597402597,0.9680849416951298,port_protocol_service_ablation,39,36,3,ct_src_dport_ltm|ct_dst_sport_ltm|is_sm_ips_ports,ksf-v4-idsplit::
classical_ext,svc,12,laplacian_med__svc__d12,laplacian_med,ood_test,train_cv,10.0,0.8971815181518152,0.006999969482421875,0.934,0.9347103939033724,0.9330680393803317,0.9251700680272109,0.9849864030873947,0.9749979758875738,port_protocol_service_ablation,39,36,3,ct_src_dport_ltm|ct_dst_sport_ltm|is_sm_ips_ports,ksf-v4-idsplit::
classical_ext,svc,12,matern15_med__svc__d12,matern15_med,id_val,fixed_c1,1.0,,0.0068781375885009766,0.88,0.8694805194805195,0.8754070037876271,0.8993288590604027,0.9444155844155844,0.9302819492022618,port_protocol_service_ablation,39,36,3,ct_src_dport_ltm|ct_dst_sport_ltm|is_sm_ips_ports,ksf-v4-idsplit::
classical_ext,svc,12,matern15_med__svc__d12,matern15_med,id_test,fixed_c1,1.0,,0.0068781375885009766,0.9,0.8922077922077922,0.8969514105290927,0.9146757679180887,0.9644155844155844,0.9566705018403756,port_protocol_service_ablation,39,36,3,ct_src_dport_ltm|ct_dst_sport_ltm|is_sm_ips_ports,ksf-v4-idsplit::
classical_ext,svc,12,matern15_med__svc__d12,matern15_med,ood_test,fixed_c1,1.0,,0.0068781375885009766,0.918,0.9275618374558303,0.9177944862155388,0.9136842105263158,0.9643060689453029,0.9200097529443971,port_protocol_service_ablation,39,36,3,ct_src_dport_ltm|ct_dst_sport_ltm|is_sm_ips_ports,ksf-v4-idsplit::
classical_ext,svc,12,matern15_med__svc__d12,matern15_med,id_val,train_cv,10.0,0.8914310431043105,0.008600473403930664,0.884,0.877922077922078,0.8811066104724578,0.8996539792387543,0.9471428571428572,0.9485957753768859,port_protocol_service_ablation,39,36,3,ct_src_dport_ltm|ct_dst_sport_ltm|is_sm_ips_ports,ksf-v4-idsplit::
classical_ext,svc,12,matern15_med__svc__d12,matern15_med,id_test,train_cv,10.0,0.8914310431043105,0.008600473403930664,0.912,0.9077922077922078,0.910136592379583,0.9230769230769231,0.9622077922077922,0.9601028212534228,port_protocol_service_ablation,39,36,3,ct_src_dport_ltm|ct_dst_sport_ltm|is_sm_ips_ports,ksf-v4-idsplit::
classical_ext,svc,12,matern15_med__svc__d12,matern15_med,ood_test,train_cv,10.0,0.8914310431043105,0.008600473403930664,0.948,0.9524515152008597,0.947556114956996,0.9427312775330396,0.9852795101854716,0.9657885178892536,port_protocol_service_ablation,39,36,3,ct_src_dport_ltm|ct_dst_sport_ltm|is_sm_ips_ports,ksf-v4-idsplit::
classical_ext,svc,12,matern25_med__svc__d12,matern25_med,id_val,fixed_c1,1.0,,0.00631403923034668,0.88,0.8694805194805195,0.8754070037876271,0.8993288590604027,0.9431818181818182,0.9290930230078835,port_protocol_service_ablation,39,36,3,ct_src_dport_ltm|ct_dst_sport_ltm|is_sm_ips_ports,ksf-v4-idsplit::
classical_ext,svc,12,matern25_med__svc__d12,matern25_med,id_test,fixed_c1,1.0,,0.00631403923034668,0.904,0.8948051948051948,0.9006359300476947,0.918918918918919,0.9578571428571429,0.9500912990244882,port_protocol_service_ablation,39,36,3,ct_src_dport_ltm|ct_dst_sport_ltm|is_sm_ips_ports,ksf-v4-idsplit::
classical_ext,svc,12,matern25_med__svc__d12,matern25_med,ood_test,fixed_c1,1.0,,0.00631403923034668,0.918,0.9275618374558303,0.9177944862155388,0.9136842105263158,0.9531354317630392,0.8833571432288325,port_protocol_service_ablation,39,36,3,ct_src_dport_ltm|ct_dst_sport_ltm|is_sm_ips_ports,ksf-v4-idsplit::
classical_ext,svc,12,matern25_med__svc__d12,matern25_med,id_val,train_cv,100.0,0.8944013401340134,0.015231609344482422,0.892,0.886038961038961,0.8893061545778055,0.9065743944636678,0.9546753246753247,0.9646059865071286,port_protocol_service_ablation,39,36,3,ct_src_dport_ltm|ct_dst_sport_ltm|is_sm_ips_ports,ksf-v4-idsplit::
classical_ext,svc,12,matern25_med__svc__d12,matern25_med,id_test,train_cv,100.0,0.8944013401340134,0.015231609344482422,0.904,0.9025974025974026,0.9025974025974026,0.9142857142857143,0.9611688311688312,0.9562571997998505,port_protocol_service_ablation,39,36,3,ct_src_dport_ltm|ct_dst_sport_ltm|is_sm_ips_ports,ksf-v4-idsplit::
classical_ext,svc,12,matern25_med__svc__d12,matern25_med,ood_test,train_cv,100.0,0.8944013401340134,0.015231609344482422,0.93,0.928490009933074,0.928720098081145,0.9191685912240185,0.9871521388676295,0.9733476783268171,port_protocol_service_ablation,39,36,3,ct_src_dport_ltm|ct_dst_sport_ltm|is_sm_ips_ports,ksf-v4-idsplit::
classical_ext,svc,12,rbf_gscale_x0.1__svc__d12,rbf_gscale_x0.1,id_val,fixed_c1,1.0,,0.00799703598022461,0.868,0.8607142857142858,0.8643516006511123,0.8865979381443299,0.9402597402597402,0.9386264042190242,port_protocol_service_ablation,39,36,3,ct_src_dport_ltm|ct_dst_sport_ltm|is_sm_ips_ports,ksf-v4-idsplit::
classical_ext,svc,12,rbf_gscale_x0.1__svc__d12,rbf_gscale_x0.1,id_test,fixed_c1,1.0,,0.00799703598022461,0.88,0.8743506493506493,0.8771619496855346,0.8958333333333334,0.9408441558441558,0.926473192170497,port_protocol_service_ablation,39,36,3,ct_src_dport_ltm|ct_dst_sport_ltm|is_sm_ips_ports,ksf-v4-idsplit::
classical_ext,svc,12,rbf_gscale_x0.1__svc__d12,rbf_gscale_x0.1,ood_test,fixed_c1,1.0,,0.00799703598022461,0.728,0.7215645405546238,0.7222403764459839,0.6822429906542056,0.7957694875510901,0.6145686019415777,port_protocol_service_ablation,39,36,3,ct_src_dport_ltm|ct_dst_sport_ltm|is_sm_ips_ports,ksf-v4-idsplit::
classical_ext,svc,12,rbf_gscale_x0.1__svc__d12,rbf_gscale_x0.1,id_val,train_cv,100.0,0.8885407540754077,0.01351165771484375,0.896,0.8896103896103895,0.8932676518883416,0.9103448275862069,0.9442207792207792,0.9330437877950641,port_protocol_service_ablation,39,36,3,ct_src_dport_ltm|ct_dst_sport_ltm|is_sm_ips_ports,ksf-v4-idsplit::
classical_ext,svc,12,rbf_gscale_x0.1__svc__d12,rbf_gscale_x0.1,id_test,train_cv,100.0,0.8885407540754077,0.01351165771484375,0.904,0.8987012987012987,0.9017295597484276,0.9166666666666666,0.9596753246753247,0.9511233325096149,port_protocol_service_ablation,39,36,3,ct_src_dport_ltm|ct_dst_sport_ltm|is_sm_ips_ports,ksf-v4-idsplit::
classical_ext,svc,12,rbf_gscale_x0.1__svc__d12,rbf_gscale_x0.1,ood_test,train_cv,100.0,0.8885407540754077,0.01351165771484375,0.926,0.9335542492387358,0.9256762457263841,0.9207708779443254,0.9636710035661363,0.9230814807850657,port_protocol_service_ablation,39,36,3,ct_src_dport_ltm|ct_dst_sport_ltm|is_sm_ips_ports,ksf-v4-idsplit::
classical_ext,svc,12,rbf_gscale_x0.3__svc__d12,rbf_gscale_x0.3,id_val,fixed_c1,1.0,,0.007013559341430664,0.884,0.8691558441558442,0.8776391959629373,0.9055374592833876,0.9476623376623377,0.9440139728447384,port_protocol_service_ablation,39,36,3,ct_src_dport_ltm|ct_dst_sport_ltm|is_sm_ips_ports,ksf-v4-idsplit::
classical_ext,svc,12,rbf_gscale_x0.3__svc__d12,rbf_gscale_x0.3,id_test,fixed_c1,1.0,,0.007013559341430664,0.904,0.8909090909090909,0.8993018259935552,0.9210526315789473,0.9446753246753247,0.9199968371513976,port_protocol_service_ablation,39,36,3,ct_src_dport_ltm|ct_dst_sport_ltm|is_sm_ips_ports,ksf-v4-idsplit::
classical_ext,svc,12,rbf_gscale_x0.3__svc__d12,rbf_gscale_x0.3,ood_test,fixed_c1,1.0,,0.007013559341430664,0.874,0.8886925795053003,0.873995463836698,0.8732394366197183,0.9294588917294947,0.8336147525826425,port_protocol_service_ablation,39,36,3,ct_src_dport_ltm|ct_dst_sport_ltm|is_sm_ips_ports,ksf-v4-idsplit::
classical_ext,svc,12,rbf_gscale_x0.3__svc__d12,rbf_gscale_x0.3,id_val,train_cv,100.0,0.8984316431643163,0.014007568359375,0.892,0.886038961038961,0.8893061545778055,0.9065743944636678,0.956948051948052,0.9630349056992444,port_protocol_service_ablation,39,36,3,ct_src_dport_ltm|ct_dst_sport_ltm|is_sm_ips_ports,ksf-v4-idsplit::
classical_ext,svc,12,rbf_gscale_x0.3__svc__d12,rbf_gscale_x0.3,id_test,train_cv,100.0,0.8984316431643163,0.014007568359375,0.9,0.8990259740259741,0.8986360466436367,0.910394265232975,0.9607142857142856,0.9649222851480493,port_protocol_service_ablation,39,36,3,ct_src_dport_ltm|ct_dst_sport_ltm|is_sm_ips_ports,ksf-v4-idsplit::
classical_ext,svc,12,rbf_gscale_x0.3__svc__d12,rbf_gscale_x0.3,ood_test,train_cv,100.0,0.8984316431643163,0.014007568359375,0.944,0.9467684942437022,0.9433876811594203,0.9375,0.9808991874419891,0.9600797502096701,port_protocol_service_ablation,39,36,3,ct_src_dport_ltm|ct_dst_sport_ltm|is_sm_ips_ports,ksf-v4-idsplit::
classical_ext,svc,12,rbf_gscale_x3__svc__d12,rbf_gscale_x3,id_val,fixed_c1,1.0,,0.007524728775024414,0.88,0.8743506493506493,0.8771619496855346,0.8958333333333334,0.9412987012987013,0.9398693825265236,port_protocol_service_ablation,39,36,3,ct_src_dport_ltm|ct_dst_sport_ltm|is_sm_ips_ports,ksf-v4-idsplit::
classical_ext,svc,12,rbf_gscale_x3__svc__d12,rbf_gscale_x3,id_test,fixed_c1,1.0,,0.007524728775024414,0.908,0.9022727272727272,0.905705242788501,0.9204152249134948,0.9509090909090908,0.9371894461861313,port_protocol_service_ablation,39,36,3,ct_src_dport_ltm|ct_dst_sport_ltm|is_sm_ips_ports,ksf-v4-idsplit::
classical_ext,svc,12,rbf_gscale_x3__svc__d12,rbf_gscale_x3,ood_test,fixed_c1,1.0,,0.007524728775024414,0.948,0.9529888782140008,0.9475941692466461,0.9429824561403509,0.9801175685137842,0.9675436801632463,port_protocol_service_ablation,39,36,3,ct_src_dport_ltm|ct_dst_sport_ltm|is_sm_ips_ports,ksf-v4-idsplit::
classical_ext,svc,12,rbf_gscale_x3__svc__d12,rbf_gscale_x3,id_val,train_cv,10.0,0.8884007400740075,0.01253652572631836,0.88,0.8743506493506493,0.8771619496855346,0.8958333333333334,0.945909090909091,0.9573276196682732,port_protocol_service_ablation,39,36,3,ct_src_dport_ltm|ct_dst_sport_ltm|is_sm_ips_ports,ksf-v4-idsplit::
classical_ext,svc,12,rbf_gscale_x3__svc__d12,rbf_gscale_x3,id_test,train_cv,10.0,0.8884007400740075,0.01253652572631836,0.904,0.9016233766233765,0.9024009369510053,0.9148936170212766,0.951103896103896,0.9480390300508973,port_protocol_service_ablation,39,36,3,ct_src_dport_ltm|ct_dst_sport_ltm|is_sm_ips_ports,ksf-v4-idsplit::
classical_ext,svc,12,rbf_gscale_x3__svc__d12,rbf_gscale_x3,ood_test,train_cv,10.0,0.8884007400740075,0.01253652572631836,0.93,0.9290273729462148,0.928796663615095,0.9195402298850575,0.9818273599192326,0.9727657856086492,port_protocol_service_ablation,39,36,3,ct_src_dport_ltm|ct_dst_sport_ltm|is_sm_ips_ports,ksf-v4-idsplit::
classical_ext,svc,12,rbf_gscale_x10__svc__d12,rbf_gscale_x10,id_val,fixed_c1,1.0,,0.009199857711791992,0.88,0.8743506493506493,0.8771619496855346,0.8958333333333334,0.9401948051948052,0.9533721085178857,port_protocol_service_ablation,39,36,3,ct_src_dport_ltm|ct_dst_sport_ltm|is_sm_ips_ports,ksf-v4-idsplit::
classical_ext,svc,12,rbf_gscale_x10__svc__d12,rbf_gscale_x10,id_test,fixed_c1,1.0,,0.009199857711791992,0.916,0.9113636363636364,0.9141188594984542,0.926829268292683,0.9450000000000001,0.9328637569628724,port_protocol_service_ablation,39,36,3,ct_src_dport_ltm|ct_dst_sport_ltm|is_sm_ips_ports,ksf-v4-idsplit::
classical_ext,svc,12,rbf_gscale_x10__svc__d12,rbf_gscale_x10,ood_test,fixed_c1,1.0,,0.009199857711791992,0.918,0.9184266662324339,0.9168421095331394,0.9070294784580499,0.9750858966634641,0.9540464177226196,port_protocol_service_ablation,39,36,3,ct_src_dport_ltm|ct_dst_sport_ltm|is_sm_ips_ports,ksf-v4-idsplit::
classical_ext,svc,12,rbf_gscale_x10__svc__d12,rbf_gscale_x10,id_val,train_cv,1.0,0.8824201420142014,0.008008003234863281,0.88,0.8743506493506493,0.8771619496855346,0.8958333333333334,0.9401948051948052,0.9533721085178857,port_protocol_service_ablation,39,36,3,ct_src_dport_ltm|ct_dst_sport_ltm|is_sm_ips_ports,ksf-v4-idsplit::
classical_ext,svc,12,rbf_gscale_x10__svc__d12,rbf_gscale_x10,id_test,train_cv,1.0,0.8824201420142014,0.008008003234863281,0.916,0.9113636363636364,0.9141188594984542,0.926829268292683,0.9450000000000001,0.9328637569628724,port_protocol_service_ablation,39,36,3,ct_src_dport_ltm|ct_dst_sport_ltm|is_sm_ips_ports,ksf-v4-idsplit::
classical_ext,svc,12,rbf_gscale_x10__svc__d12,rbf_gscale_x10,ood_test,train_cv,1.0,0.8824201420142014,0.008008003234863281,0.918,0.9184266662324339,0.9168421095331394,0.9070294784580499,0.9750858966634641,0.9540464177226196,port_protocol_service_ablation,39,36,3,ct_src_dport_ltm|ct_dst_sport_ltm|is_sm_ips_ports,ksf-v4-idsplit::
classical_ext,svc,12,laplacian_med_x0.1__svc__d12,laplacian_med_x0.1,id_val,fixed_c1,1.0,,0.01150965690612793,0.876,0.8746753246753247,0.8743086978381096,0.8888888888888888,0.9461688311688312,0.9462733967078357,port_protocol_service_ablation,39,36,3,ct_src_dport_ltm|ct_dst_sport_ltm|is_sm_ips_ports,ksf-v4-idsplit::
classical_ext,svc,12,laplacian_med_x0.1__svc__d12,laplacian_med_x0.1,id_test,fixed_c1,1.0,,0.01150965690612793,0.9,0.898051948051948,0.8984383886640992,0.9110320284697508,0.9643506493506494,0.9746029167880346,port_protocol_service_ablation,39,36,3,ct_src_dport_ltm|ct_dst_sport_ltm|is_sm_ips_ports,ksf-v4-idsplit::
classical_ext,svc,12,laplacian_med_x0.1__svc__d12,laplacian_med_x0.1,ood_test,fixed_c1,1.0,,0.01150965690612793,0.884,0.871195714122877,0.8785411536077465,0.8527918781725888,0.9773330510820537,0.9665503010720196,port_protocol_service_ablation,39,36,3,ct_src_dport_ltm|ct_dst_sport_ltm|is_sm_ips_ports,ksf-v4-idsplit::
classical_ext,svc,12,laplacian_med_x0.1__svc__d12,laplacian_med_x0.1,id_val,train_cv,10.0,0.861798479847985,0.012503623962402344,0.888,0.8873376623376623,0.8865772247067211,0.8992805755395683,0.9498051948051949,0.9452820704867033,port_protocol_service_ablation,39,36,3,ct_src_dport_ltm|ct_dst_sport_ltm|is_sm_ips_ports,ksf-v4-idsplit::
classical_ext,svc,12,laplacian_med_x0.1__svc__d12,laplacian_med_x0.1,id_test,train_cv,10.0,0.861798479847985,0.012503623962402344,0.908,0.9090909090909092,0.9070707070707071,0.9163636363636364,0.9663636363636363,0.9760621002863759,port_protocol_service_ablation,39,36,3,ct_src_dport_ltm|ct_dst_sport_ltm|is_sm_ips_ports,ksf-v4-idsplit::
classical_ext,svc,12,laplacian_med_x0.1__svc__d12,laplacian_med_x0.1,ood_test,train_cv,10.0,0.861798479847985,0.012503623962402344,0.88,0.8660500561788604,0.8738965952080706,0.8461538461538461,0.9751673153018189,0.9637563640739647,port_protocol_service_ablation,39,36,3,ct_src_dport_ltm|ct_dst_sport_ltm|is_sm_ips_ports,ksf-v4-idsplit::
classical_ext,svc,12,laplacian_med_x0.3__svc__d12,laplacian_med_x0.3,id_val,fixed_c1,1.0,,0.008307933807373047,0.884,0.877922077922078,0.8811066104724578,0.8996539792387543,0.9386363636363636,0.9240981197949087,port_protocol_service_ablation,39,36,3,ct_src_dport_ltm|ct_dst_sport_ltm|is_sm_ips_ports,ksf-v4-idsplit::
classical_ext,svc,12,laplacian_med_x0.3__svc__d12,laplacian_med_x0.3,id_test,fixed_c1,1.0,,0.008307933807373047,0.904,0.8987012987012987,0.9017295597484276,0.9166666666666666,0.9646753246753247,0.9573951428029774,port_protocol_service_ablation,39,36,3,ct_src_dport_ltm|ct_dst_sport_ltm|is_sm_ips_ports,ksf-v4-idsplit::
classical_ext,svc,12,laplacian_med_x0.3__svc__d12,laplacian_med_x0.3,ood_test,fixed_c1,1.0,,0.008307933807373047,0.948,0.9524515152008597,0.947556114956996,0.9427312775330396,0.9847747146276726,0.9740423816185617,port_protocol_service_ablation,39,36,3,ct_src_dport_ltm|ct_dst_sport_ltm|is_sm_ips_ports,ksf-v4-idsplit::
classical_ext,svc,12,laplacian_med_x0.3__svc__d12,laplacian_med_x0.3,id_val,train_cv,100.0,0.894111211121112,0.008150339126586914,0.908,0.9051948051948052,0.906368565892104,0.9187279151943463,0.9483116883116884,0.9322040953206776,port_protocol_service_ablation,39,36,3,ct_src_dport_ltm|ct_dst_sport_ltm|is_sm_ips_ports,ksf-v4-idsplit::
classical_ext,svc,12,laplacian_med_x0.3__svc__d12,laplacian_med_x0.3,id_test,train_cv,100.0,0.894111211121112,0.008150339126586914,0.912,0.9126623376623377,0.911037784679089,0.9202898550724637,0.9651948051948052,0.9748816865681691,port_protocol_service_ablation,39,36,3,ct_src_dport_ltm|ct_dst_sport_ltm|is_sm_ips_ports,ksf-v4-idsplit::
classical_ext,svc,12,laplacian_med_x0.3__svc__d12,laplacian_med_x0.3,ood_test,train_cv,100.0,0.894111211121112,0.008150339126586914,0.926,0.9260311670547622,0.9248819428371887,0.9157175398633257,0.9828532347625019,0.9752994396706358,port_protocol_service_ablation,39,36,3,ct_src_dport_ltm|ct_dst_sport_ltm|is_sm_ips_ports,ksf-v4-idsplit::
classical_ext,svc,12,laplacian_med_x3__svc__d12,laplacian_med_x3,id_val,fixed_c1,1.0,,0.0059969425201416016,0.888,0.8737012987012986,0.8820834175594636,0.9084967320261438,0.9507142857142856,0.9549299643530513,port_protocol_service_ablation,39,36,3,ct_src_dport_ltm|ct_dst_sport_ltm|is_sm_ips_ports,ksf-v4-idsplit::
classical_ext,svc,12,laplacian_med_x3__svc__d12,laplacian_med_x3,id_test,fixed_c1,1.0,,0.0059969425201416016,0.9,0.8873376623376623,0.8952940979377125,0.9174917491749175,0.9694805194805195,0.9743020819243998,port_protocol_service_ablation,39,36,3,ct_src_dport_ltm|ct_dst_sport_ltm|is_sm_ips_ports,ksf-v4-idsplit::
classical_ext,svc,12,laplacian_med_x3__svc__d12,laplacian_med_x3,ood_test,fixed_c1,1.0,,0.0059969425201416016,0.914,0.9240282685512368,0.9138176381222667,0.909853249475891,0.9610330396834443,0.9056640341827812,port_protocol_service_ablation,39,36,3,ct_src_dport_ltm|ct_dst_sport_ltm|is_sm_ips_ports,ksf-v4-idsplit::
classical_ext,svc,12,laplacian_med_x3__svc__d12,laplacian_med_x3,id_val,train_cv,10.0,0.8893308330833083,0.00746917724609375,0.892,0.8879870129870129,0.8898408812729499,0.9052631578947369,0.948051948051948,0.9502073531294825,port_protocol_service_ablation,39,36,3,ct_src_dport_ltm|ct_dst_sport_ltm|is_sm_ips_ports,ksf-v4-idsplit::
classical_ext,svc,12,laplacian_med_x3__svc__d12,laplacian_med_x3,id_test,train_cv,10.0,0.8893308330833083,0.00746917724609375,0.916,0.9133116883116883,0.9145104297275732,0.9257950530035336,0.9759740259740259,0.9783908248706487,port_protocol_service_ablation,39,36,3,ct_src_dport_ltm|ct_dst_sport_ltm|is_sm_ips_ports,ksf-v4-idsplit::
classical_ext,svc,12,laplacian_med_x3__svc__d12,laplacian_med_x3,ood_test,train_cv,10.0,0.8893308330833083,0.00746917724609375,0.954,0.9588265945840322,0.9536243572940821,0.9494505494505494,0.9828369510348309,0.9636871279397077,port_protocol_service_ablation,39,36,3,ct_src_dport_ltm|ct_dst_sport_ltm|is_sm_ips_ports,ksf-v4-idsplit::
classical_ext,svc,12,laplacian_med_x10__svc__d12,laplacian_med_x10,id_val,fixed_c1,1.0,,0.006222248077392578,0.884,0.8691558441558442,0.8776391959629373,0.9055374592833876,0.9496753246753247,0.9559590629407151,port_protocol_service_ablation,39,36,3,ct_src_dport_ltm|ct_dst_sport_ltm|is_sm_ips_ports,ksf-v4-idsplit::
classical_ext,svc,12,laplacian_med_x10__svc__d12,laplacian_med_x10,id_test,fixed_c1,1.0,,0.006222248077392578,0.904,0.8909090909090909,0.8993018259935552,0.9210526315789473,0.9578571428571429,0.9563471199883854,port_protocol_service_ablation,39,36,3,ct_src_dport_ltm|ct_dst_sport_ltm|is_sm_ips_ports,ksf-v4-idsplit::
classical_ext,svc,12,laplacian_med_x10__svc__d12,laplacian_med_x10,ood_test,fixed_c1,1.0,,0.006222248077392578,0.904,0.9135822572503297,0.9037783052152158,0.8991596638655462,0.9348813730439172,0.846091909175522,port_protocol_service_ablation,39,36,3,ct_src_dport_ltm|ct_dst_sport_ltm|is_sm_ips_ports,ksf-v4-idsplit::
classical_ext,svc,12,laplacian_med_x10__svc__d12,laplacian_med_x10,id_val,train_cv,100.0,0.8862005200520052,0.008001327514648438,0.896,0.8925324675324675,0.8940401669274909,0.9084507042253521,0.9426623376623376,0.9381474479534979,port_protocol_service_ablation,39,36,3,ct_src_dport_ltm|ct_dst_sport_ltm|is_sm_ips_ports,ksf-v4-idsplit::
classical_ext,svc,12,laplacian_med_x10__svc__d12,laplacian_med_x10,id_test,train_cv,100.0,0.8862005200520052,0.008001327514648438,0.908,0.9081168831168831,0.906914247786178,0.9169675090252708,0.9738311688311688,0.9728682765339762,port_protocol_service_ablation,39,36,3,ct_src_dport_ltm|ct_dst_sport_ltm|is_sm_ips_ports,ksf-v4-idsplit::
classical_ext,svc,12,laplacian_med_x10__svc__d12,laplacian_med_x10,ood_test,train_cv,100.0,0.8862005200520052,0.008001327514648438,0.934,0.9384719349953592,0.9334610343784656,0.9274725274725275,0.9811597270847241,0.9661127636228325,port_protocol_service_ablation,39,36,3,ct_src_dport_ltm|ct_dst_sport_ltm|is_sm_ips_ports,ksf-v4-idsplit::
classical_ext,svc,12,matern15_med_x0.1__svc__d12,matern15_med_x0.1,id_val,fixed_c1,1.0,,0.011004209518432617,0.852,0.8512987012987012,0.8502533551342863,0.8664259927797834,0.9458441558441559,0.9591517099882534,port_protocol_service_ablation,39,36,3,ct_src_dport_ltm|ct_dst_sport_ltm|is_sm_ips_ports,ksf-v4-idsplit::
classical_ext,svc,12,matern15_med_x0.1__svc__d12,matern15_med_x0.1,id_test,fixed_c1,1.0,,0.011004209518432617,0.892,0.8909090909090909,0.8905269303751278,0.9032258064516129,0.9555844155844156,0.9688273837141526,port_protocol_service_ablation,39,36,3,ct_src_dport_ltm|ct_dst_sport_ltm|is_sm_ips_ports,ksf-v4-idsplit::
classical_ext,svc,12,matern15_med_x0.1__svc__d12,matern15_med_x0.1,ood_test,fixed_c1,1.0,,0.011004209518432617,0.856,0.8394750126198889,0.8475067351191989,0.8115183246073299,0.9678559215775675,0.9531415947621321,port_protocol_service_ablation,39,36,3,ct_src_dport_ltm|ct_dst_sport_ltm|is_sm_ips_ports,ksf-v4-idsplit::
classical_ext,svc,12,matern15_med_x0.1__svc__d12,matern15_med_x0.1,id_val,train_cv,10.0,0.8377370737073708,0.013427019119262695,0.852,0.8532467532467533,0.850736634877604,0.8644688644688645,0.9392857142857144,0.9514059164091082,port_protocol_service_ablation,39,36,3,ct_src_dport_ltm|ct_dst_sport_ltm|is_sm_ips_ports,ksf-v4-idsplit::
classical_ext,svc,12,matern15_med_x0.1__svc__d12,matern15_med_x0.1,id_test,train_cv,10.0,0.8377370737073708,0.013427019119262695,0.9,0.9029220779220779,0.8992893859069595,0.9077490774907749,0.9437662337662338,0.9517403314531121,port_protocol_service_ablation,39,36,3,ct_src_dport_ltm|ct_dst_sport_ltm|is_sm_ips_ports,ksf-v4-idsplit::
classical_ext,svc,12,matern15_med_x0.1__svc__d12,matern15_med_x0.1,ood_test,train_cv,10.0,0.8377370737073708,0.013427019119262695,0.846,0.8290290013189819,0.8367530391495893,0.7979002624671916,0.9646643109540637,0.9496592842564083,port_protocol_service_ablation,39,36,3,ct_src_dport_ltm|ct_dst_sport_ltm|is_sm_ips_ports,ksf-v4-idsplit::
classical_ext,svc,12,matern15_med_x0.3__svc__d12,matern15_med_x0.3,id_val,fixed_c1,1.0,,0.0072591304779052734,0.88,0.8743506493506493,0.8771619496855346,0.8958333333333334,0.9446103896103896,0.9495594459013419,port_protocol_service_ablation,39,36,3,ct_src_dport_ltm|ct_dst_sport_ltm|is_sm_ips_ports,ksf-v4-idsplit::
classical_ext,svc,12,matern15_med_x0.3__svc__d12,matern15_med_x0.3,id_test,fixed_c1,1.0,,0.0072591304779052734,0.912,0.9058441558441559,0.909688013136289,0.9241379310344827,0.9597402597402597,0.9473798429593556,port_protocol_service_ablation,39,36,3,ct_src_dport_ltm|ct_dst_sport_ltm|is_sm_ips_ports,ksf-v4-idsplit::
classical_ext,svc,12,matern15_med_x0.3__svc__d12,matern15_med_x0.3,ood_test,fixed_c1,1.0,,0.0072591304779052734,0.94,0.9448470143785315,0.93953173374613,0.9342105263157895,0.9791568285811988,0.9639098913099357,port_protocol_service_ablation,39,36,3,ct_src_dport_ltm|ct_dst_sport_ltm|is_sm_ips_ports,ksf-v4-idsplit::
classical_ext,svc,12,matern15_med_x0.3__svc__d12,matern15_med_x0.3,id_val,train_cv,1.0,0.8865203520352036,0.00697016716003418,0.88,0.8743506493506493,0.8771619496855346,0.8958333333333334,0.9446103896103896,0.9495594459013419,port_protocol_service_ablation,39,36,3,ct_src_dport_ltm|ct_dst_sport_ltm|is_sm_ips_ports,ksf-v4-idsplit::
classical_ext,svc,12,matern15_med_x0.3__svc__d12,matern15_med_x0.3,id_test,train_cv,1.0,0.8865203520352036,0.00697016716003418,0.912,0.9058441558441559,0.909688013136289,0.9241379310344827,0.9597402597402597,0.9473798429593556,port_protocol_service_ablation,39,36,3,ct_src_dport_ltm|ct_dst_sport_ltm|is_sm_ips_ports,ksf-v4-idsplit::
classical_ext,svc,12,matern15_med_x0.3__svc__d12,matern15_med_x0.3,ood_test,train_cv,1.0,0.8865203520352036,0.00697016716003418,0.94,0.9448470143785315,0.93953173374613,0.9342105263157895,0.9791568285811988,0.9639098913099357,port_protocol_service_ablation,39,36,3,ct_src_dport_ltm|ct_dst_sport_ltm|is_sm_ips_ports,ksf-v4-idsplit::
classical_ext,svc,12,matern15_med_x3__svc__d12,matern15_med_x3,id_val,fixed_c1,1.0,,0.006592512130737305,0.876,0.862987012987013,0.8701646814427635,0.8976897689768977,0.9400649350649352,0.940148231409385,port_protocol_service_ablation,39,36,3,ct_src_dport_ltm|ct_dst_sport_ltm|is_sm_ips_ports,ksf-v4-idsplit::
classical_ext,svc,12,matern15_med_x3__svc__d12,matern15_med_x3,id_test,fixed_c1,1.0,,0.006592512130737305,0.896,0.8827922077922078,0.8909103114930182,0.9144736842105263,0.9416233766233766,0.9296375488787619,port_protocol_service_ablation,39,36,3,ct_src_dport_ltm|ct_dst_sport_ltm|is_sm_ips_ports,ksf-v4-idsplit::
classical_ext,svc,12,matern15_med_x3__svc__d12,matern15_med_x3,ood_test,fixed_c1,1.0,,0.006592512130737305,0.868,0.882854863135269,0.8679978879662075,0.8674698795180723,0.8732474638094152,0.7626416198158453,port_protocol_service_ablation,39,36,3,ct_src_dport_ltm|ct_dst_sport_ltm|is_sm_ips_ports,ksf-v4-idsplit::
classical_ext,svc,12,matern15_med_x3__svc__d12,matern15_med_x3,id_val,train_cv,100.0,0.8884807480748075,0.010851144790649414,0.892,0.886038961038961,0.8893061545778055,0.9065743944636678,0.9467532467532468,0.9490464508393714,port_protocol_service_ablation,39,36,3,ct_src_dport_ltm|ct_dst_sport_ltm|is_sm_ips_ports,ksf-v4-idsplit::
classical_ext,svc,12,matern15_med_x3__svc__d12,matern15_med_x3,id_test,train_cv,100.0,0.8884807480748075,0.010851144790649414,0.912,0.9087662337662338,0.9103416797078769,0.9225352112676056,0.9567532467532468,0.955097692370951,port_protocol_service_ablation,39,36,3,ct_src_dport_ltm|ct_dst_sport_ltm|is_sm_ips_ports,ksf-v4-idsplit::
classical_ext,svc,12,matern15_med_x3__svc__d12,matern15_med_x3,ood_test,train_cv,100.0,0.8884807480748075,0.010851144790649414,0.946,0.950147367735422,0.9455186023705462,0.9403973509933775,0.9866473433098305,0.9684400016913217,port_protocol_service_ablation,39,36,3,ct_src_dport_ltm|ct_dst_sport_ltm|is_sm_ips_ports,ksf-v4-idsplit::
classical_ext,svc,12,matern15_med_x10__svc__d12,matern15_med_x10,id_val,fixed_c1,1.0,,0.007999897003173828,0.868,0.8607142857142858,0.8643516006511123,0.8865979381443299,0.9349999999999999,0.95202274163189,port_protocol_service_ablation,39,36,3,ct_src_dport_ltm|ct_dst_sport_ltm|is_sm_ips_ports,ksf-v4-idsplit::
classical_ext,svc,12,matern15_med_x10__svc__d12,matern15_med_x10,id_test,fixed_c1,1.0,,0.007999897003173828,0.876,0.8707792207792208,0.8732230783072419,0.89198606271777,0.9313636363636364,0.9438764901981687,port_protocol_service_ablation,39,36,3,ct_src_dport_ltm|ct_dst_sport_ltm|is_sm_ips_ports,ksf-v4-idsplit::
classical_ext,svc,12,matern15_med_x10__svc__d12,matern15_med_x10,ood_test,fixed_c1,1.0,,0.007999897003173828,0.684,0.6719480223412744,0.673418768085986,0.6146341463414634,0.8496523424142255,0.6902877624681362,port_protocol_service_ablation,39,36,3,ct_src_dport_ltm|ct_dst_sport_ltm|is_sm_ips_ports,ksf-v4-idsplit::
classical_ext,svc,12,matern15_med_x10__svc__d12,matern15_med_x10,id_val,train_cv,100.0,0.8658686868686869,0.008805990219116211,0.888,0.8775974025974026,0.8837132035351186,0.9060402684563759,0.9425324675324676,0.9305880628920984,port_protocol_service_ablation,39,36,3,ct_src_dport_ltm|ct_dst_sport_ltm|is_sm_ips_ports,ksf-v4-idsplit::
classical_ext,svc,12,matern15_med_x10__svc__d12,matern15_med_x10,id_test,train_cv,100.0,0.8658686868686869,0.008805990219116211,0.908,0.8974025974025974,0.9043245311902028,0.9230769230769231,0.9394155844155844,0.901994086787731,port_protocol_service_ablation,39,36,3,ct_src_dport_ltm|ct_dst_sport_ltm|is_sm_ips_ports,ksf-v4-idsplit::
classical_ext,svc,12,matern15_med_x10__svc__d12,matern15_med_x10,ood_test,train_cv,100.0,0.8658686868686869,0.008805990219116211,0.914,0.9234909055380958,0.9137844611528823,0.9094736842105263,0.9356141407891094,0.8508431422898856,port_protocol_service_ablation,39,36,3,ct_src_dport_ltm|ct_dst_sport_ltm|is_sm_ips_ports,ksf-v4-idsplit::
classical_ext,svc,12,matern25_med_x0.1__svc__d12,matern25_med_x0.1,id_val,fixed_c1,1.0,,0.010103225708007812,0.852,0.8512987012987012,0.8502533551342863,0.8664259927797834,0.9448051948051948,0.9589438972481393,port_protocol_service_ablation,39,36,3,ct_src_dport_ltm|ct_dst_sport_ltm|is_sm_ips_ports,ksf-v4-idsplit::
classical_ext,svc,12,matern25_med_x0.1__svc__d12,matern25_med_x0.1,id_test,fixed_c1,1.0,,0.010103225708007812,0.888,0.8873376623376623,0.8865772247067211,0.8992805755395683,0.9538961038961039,0.9680818601880957,port_protocol_service_ablation,39,36,3,ct_src_dport_ltm|ct_dst_sport_ltm|is_sm_ips_ports,ksf-v4-idsplit::
classical_ext,svc,12,matern25_med_x0.1__svc__d12,matern25_med_x0.1,ood_test,fixed_c1,1.0,,0.010103225708007812,0.852,0.8343293546758723,0.8426308715697783,0.8042328042328042,0.9669114653726532,0.950253389654703,port_protocol_service_ablation,39,36,3,ct_src_dport_ltm|ct_dst_sport_ltm|is_sm_ips_ports,ksf-v4-idsplit::
classical_ext,svc,12,matern25_med_x0.1__svc__d12,matern25_med_x0.1,id_val,train_cv,10.0,0.8417471747174717,0.011997699737548828,0.852,0.8542207792207792,0.8509482911423001,0.8634686346863468,0.9364935064935065,0.945070002180749,port_protocol_service_ablation,39,36,3,ct_src_dport_ltm|ct_dst_sport_ltm|is_sm_ips_ports,ksf-v4-idsplit::
classical_ext,svc,12,matern25_med_x0.1__svc__d12,matern25_med_x0.1,id_test,train_cv,10.0,0.8417471747174717,0.011997699737548828,0.904,0.9064935064935065,0.903250773993808,0.9117647058823529,0.9361688311688311,0.9389317605632312,port_protocol_service_ablation,39,36,3,ct_src_dport_ltm|ct_dst_sport_ltm|is_sm_ips_ports,ksf-v4-idsplit::
classical_ext,svc,12,matern25_med_x0.1__svc__d12,matern25_med_x0.1,ood_test,train_cv,10.0,0.8417471747174717,0.011997699737548828,0.844,0.8267248538535441,0.8344651952461799,0.7947368421052632,0.9641106642132518,0.9490428959930094,port_protocol_service_ablation,39,36,3,ct_src_dport_ltm|ct_dst_sport_ltm|is_sm_ips_ports,ksf-v4-idsplit::
classical_ext,svc,12,matern25_med_x0.3__svc__d12,matern25_med_x0.3,id_val,fixed_c1,1.0,,0.007009744644165039,0.88,0.8743506493506493,0.8771619496855346,0.8958333333333334,0.9435064935064935,0.941670114071633,port_protocol_service_ablation,39,36,3,ct_src_dport_ltm|ct_dst_sport_ltm|is_sm_ips_ports,ksf-v4-idsplit::
classical_ext,svc,12,matern25_med_x0.3__svc__d12,matern25_med_x0.3,id_test,fixed_c1,1.0,,0.007009744644165039,0.912,0.9058441558441559,0.909688013136289,0.9241379310344827,0.9544155844155845,0.9412282849011687,port_protocol_service_ablation,39,36,3,ct_src_dport_ltm|ct_dst_sport_ltm|is_sm_ips_ports,ksf-v4-idsplit::
classical_ext,svc,12,matern25_med_x0.3__svc__d12,matern25_med_x0.3,ood_test,fixed_c1,1.0,,0.007009744644165039,0.942,0.9471511618439693,0.9415678357129329,0.936542669584245,0.9801338522414551,0.9659684343893199,port_protocol_service_ablation,39,36,3,ct_src_dport_ltm|ct_dst_sport_ltm|is_sm_ips_ports,ksf-v4-idsplit::
classical_ext,svc,12,matern25_med_x0.3__svc__d12,matern25_med_x0.3,id_val,train_cv,1.0,0.8855302530253025,0.00802469253540039,0.88,0.8743506493506493,0.8771619496855346,0.8958333333333334,0.9435064935064935,0.941670114071633,port_protocol_service_ablation,39,36,3,ct_src_dport_ltm|ct_dst_sport_ltm|is_sm_ips_ports,ksf-v4-idsplit::
classical_ext,svc,12,matern25_med_x0.3__svc__d12,matern25_med_x0.3,id_test,train_cv,1.0,0.8855302530253025,0.00802469253540039,0.912,0.9058441558441559,0.909688013136289,0.9241379310344827,0.9544155844155845,0.9412282849011687,port_protocol_service_ablation,39,36,3,ct_src_dport_ltm|ct_dst_sport_ltm|is_sm_ips_ports,ksf-v4-idsplit::
classical_ext,svc,12,matern25_med_x0.3__svc__d12,matern25_med_x0.3,ood_test,train_cv,1.0,0.8855302530253025,0.00802469253540039,0.942,0.9471511618439693,0.9415678357129329,0.936542669584245,0.9801338522414551,0.9659684343893199,port_protocol_service_ablation,39,36,3,ct_src_dport_ltm|ct_dst_sport_ltm|is_sm_ips_ports,ksf-v4-idsplit::
classical_ext,svc,12,matern25_med_x3__svc__d12,matern25_med_x3,id_val,fixed_c1,1.0,,0.007426023483276367,0.868,0.8607142857142858,0.8643516006511123,0.8865979381443299,0.9388311688311688,0.9460992451017595,port_protocol_service_ablation,39,36,3,ct_src_dport_ltm|ct_dst_sport_ltm|is_sm_ips_ports,ksf-v4-idsplit::
classical_ext,svc,12,matern25_med_x3__svc__d12,matern25_med_x3,id_test,fixed_c1,1.0,,0.007426023483276367,0.876,0.8707792207792208,0.8732230783072419,0.89198606271777,0.9368831168831169,0.9287546385664599,port_protocol_service_ablation,39,36,3,ct_src_dport_ltm|ct_dst_sport_ltm|is_sm_ips_ports,ksf-v4-idsplit::
classical_ext,svc,12,matern25_med_x3__svc__d12,matern25_med_x3,ood_test,fixed_c1,1.0,,0.007426023483276367,0.692,0.6800898861767436,0.6816866473749483,0.624390243902439,0.7928709840256631,0.5835719838591974,port_protocol_service_ablation,39,36,3,ct_src_dport_ltm|ct_dst_sport_ltm|is_sm_ips_ports,ksf-v4-idsplit::
classical_ext,svc,12,matern25_med_x3__svc__d12,matern25_med_x3,id_val,train_cv,100.0,0.8865605560556056,0.01200103759765625,0.892,0.8850649350649351,0.8890149459872737,0.9072164948453608,0.942857142857143,0.9295448428129138,port_protocol_service_ablation,39,36,3,ct_src_dport_ltm|ct_dst_sport_ltm|is_sm_ips_ports,ksf-v4-idsplit::
classical_ext,svc,12,matern25_med_x3__svc__d12,matern25_med_x3,id_test,train_cv,100.0,0.8865605560556056,0.01200103759765625,0.904,0.8987012987012987,0.9017295597484276,0.9166666666666666,0.9587662337662338,0.9495548414249462,port_protocol_service_ablation,39,36,3,ct_src_dport_ltm|ct_dst_sport_ltm|is_sm_ips_ports,ksf-v4-idsplit::
classical_ext,svc,12,matern25_med_x3__svc__d12,matern25_med_x3,ood_test,train_cv,100.0,0.8865605560556056,0.01200103759765625,0.928,0.9358583967041736,0.9277038750722961,0.9230769230769231,0.9678722053052384,0.9306434831611854,port_protocol_service_ablation,39,36,3,ct_src_dport_ltm|ct_dst_sport_ltm|is_sm_ips_ports,ksf-v4-idsplit::
classical_ext,svc,12,matern25_med_x10__svc__d12,matern25_med_x10,id_val,fixed_c1,1.0,,0.008735895156860352,0.772,0.7506493506493507,0.754356932305942,0.8201892744479495,0.8953896103896104,0.9268944999785929,port_protocol_service_ablation,39,36,3,ct_src_dport_ltm|ct_dst_sport_ltm|is_sm_ips_ports,ksf-v4-idsplit::
classical_ext,svc,12,matern25_med_x10__svc__d12,matern25_med_x10,id_test,fixed_c1,1.0,,0.008735895156860352,0.792,0.7753246753246753,0.780167748917749,0.8311688311688312,0.8982467532467533,0.9242611525854415,port_protocol_service_ablation,39,36,3,ct_src_dport_ltm|ct_dst_sport_ltm|is_sm_ips_ports,ksf-v4-idsplit::
classical_ext,svc,12,matern25_med_x10__svc__d12,matern25_med_x10,ood_test,fixed_c1,1.0,,0.008735895156860352,0.678,0.6666476689843839,0.667946755984177,0.6101694915254238,0.7809350116428654,0.6290969867089065,port_protocol_service_ablation,39,36,3,ct_src_dport_ltm|ct_dst_sport_ltm|is_sm_ips_ports,ksf-v4-idsplit::
classical_ext,svc,12,matern25_med_x10__svc__d12,matern25_med_x10,id_val,train_cv,100.0,0.8497573757375736,0.008799314498901367,0.884,0.8730519480519481,0.8793657132398209,0.903010033444816,0.9390909090909091,0.9237824788956357,port_protocol_service_ablation,39,36,3,ct_src_dport_ltm|ct_dst_sport_ltm|is_sm_ips_ports,ksf-v4-idsplit::
classical_ext,svc,12,matern25_med_x10__svc__d12,matern25_med_x10,id_test,train_cv,100.0,0.8497573757375736,0.008799314498901367,0.908,0.8993506493506493,0.9049193881769326,0.9220338983050848,0.9314935064935065,0.8897459762122639,port_protocol_service_ablation,39,36,3,ct_src_dport_ltm|ct_dst_sport_ltm|is_sm_ips_ports,ksf-v4-idsplit::
classical_ext,svc,12,matern25_med_x10__svc__d12,matern25_med_x10,ood_test,train_cv,100.0,0.8497573757375736,0.008799314498901367,0.836,0.8357786064385859,0.833916650463413,0.8153153153153153,0.8738011105502272,0.7506889599643859,port_protocol_service_ablation,39,36,3,ct_src_dport_ltm|ct_dst_sport_ltm|is_sm_ips_ports,ksf-v4-idsplit::
quantum,svc,12,zz_r1_full__as0.5__svc__d12,zz_r1_full__as0.5,id_val,fixed_c1,1.0,,0.014962911605834961,0.86,0.8584415584415584,0.8580904653010915,0.8745519713261649,0.9444805194805195,0.9591645975433203,port_protocol_service_ablation,39,36,3,ct_src_dport_ltm|ct_dst_sport_ltm|is_sm_ips_ports,ksf-v4-idsplit::
quantum,svc,12,zz_r1_full__as0.5__svc__d12,zz_r1_full__as0.5,id_test,fixed_c1,1.0,,0.014962911605834961,0.888,0.8873376623376623,0.8865772247067211,0.8992805755395683,0.9607142857142856,0.9721040963847183,port_protocol_service_ablation,39,36,3,ct_src_dport_ltm|ct_dst_sport_ltm|is_sm_ips_ports,ksf-v4-idsplit::
quantum,svc,12,zz_r1_full__as0.5__svc__d12,zz_r1_full__as0.5,ood_test,fixed_c1,1.0,,0.014962911605834961,0.834,0.8221898356971878,0.8272265912847264,0.7930174563591023,0.9569783914933807,0.936431260439615,port_protocol_service_ablation,39,36,3,ct_src_dport_ltm|ct_dst_sport_ltm|is_sm_ips_ports,ksf-v4-idsplit::
quantum,svc,12,zz_r1_full__as0.5__svc__d12,zz_r1_full__as0.5,id_val,train_cv,10.0,0.8458873887388739,0.017232179641723633,0.856,0.8558441558441559,0.8544254658385093,0.8695652173913043,0.9266883116883118,0.9300210377967755,port_protocol_service_ablation,39,36,3,ct_src_dport_ltm|ct_dst_sport_ltm|is_sm_ips_ports,ksf-v4-idsplit::
quantum,svc,12,zz_r1_full__as0.5__svc__d12,zz_r1_full__as0.5,id_test,train_cv,10.0,0.8458873887388739,0.017232179641723633,0.912,0.9126623376623377,0.911037784679089,0.9202898550724637,0.9566233766233766,0.9691767014147553,port_protocol_service_ablation,39,36,3,ct_src_dport_ltm|ct_dst_sport_ltm|is_sm_ips_ports,ksf-v4-idsplit::
quantum,svc,12,zz_r1_full__as0.5__svc__d12,zz_r1_full__as0.5,ood_test,train_cv,10.0,0.8458873887388739,0.017232179641723633,0.824,0.8112064613831398,0.8163575351842268,0.7788944723618091,0.950285779420625,0.9225141759793761,port_protocol_service_ablation,39,36,3,ct_src_dport_ltm|ct_dst_sport_ltm|is_sm_ips_ports,ksf-v4-idsplit::
quantum,svc,12,zz_r2_full__as0.5__svc__d12,zz_r2_full__as0.5,id_val,fixed_c1,1.0,,0.012616395950317383,0.808,0.8178571428571428,0.807950835413866,0.8110236220472441,0.9257792207792208,0.9421558918979653,port_protocol_service_ablation,39,36,3,ct_src_dport_ltm|ct_dst_sport_ltm|is_sm_ips_ports,ksf-v4-idsplit::
quantum,svc,12,zz_r2_full__as0.5__svc__d12,zz_r2_full__as0.5,id_test,fixed_c1,1.0,,0.012616395950317383,0.852,0.862012987012987,0.8519407763105242,0.8549019607843137,0.9487662337662338,0.9655580629804615,port_protocol_service_ablation,39,36,3,ct_src_dport_ltm|ct_dst_sport_ltm|is_sm_ips_ports,ksf-v4-idsplit::
quantum,svc,12,zz_r2_full__as0.5__svc__d12,zz_r2_full__as0.5,ood_test,fixed_c1,1.0,,0.012616395950317383,0.792,0.761980752633893,0.7669248422260471,0.6904761904761905,0.952663203660582,0.9341697686928137,port_protocol_service_ablation,39,36,3,ct_src_dport_ltm|ct_dst_sport_ltm|is_sm_ips_ports,ksf-v4-idsplit::
quantum,svc,12,zz_r2_full__as0.5__svc__d12,zz_r2_full__as0.5,id_val,train_cv,100.0,0.8111748174817481,0.013509035110473633,0.82,0.8275974025974026,0.8197664172767907,0.8262548262548263,0.9151948051948053,0.9217124041833791,port_protocol_service_ablation,39,36,3,ct_src_dport_ltm|ct_dst_sport_ltm|is_sm_ips_ports,ksf-v4-idsplit::
quantum,svc,12,zz_r2_full__as0.5__svc__d12,zz_r2_full__as0.5,id_test,train_cv,100.0,0.8111748174817481,0.013509035110473633,0.872,0.8818181818181818,0.8719262295081966,0.875,0.9500000000000001,0.9675083063665462,port_protocol_service_ablation,39,36,3,ct_src_dport_ltm|ct_dst_sport_ltm|is_sm_ips_ports,ksf-v4-idsplit::
quantum,svc,12,zz_r2_full__as0.5__svc__d12,zz_r2_full__as0.5,ood_test,train_cv,100.0,0.8111748174817481,0.013509035110473633,0.786,0.7556056732507206,0.7598473796431378,0.6805970149253732,0.9404504079073782,0.9240719677445217,port_protocol_service_ablation,39,36,3,ct_src_dport_ltm|ct_dst_sport_ltm|is_sm_ips_ports,ksf-v4-idsplit::
quantum,svc,12,pauli_xz_r1_full__as0.5__svc__d12,pauli_xz_r1_full__as0.5,id_val,fixed_c1,1.0,,0.007999420166015625,0.88,0.8733766233766234,0.8768472906403941,0.896551724137931,0.9352597402597402,0.9104710541269003,port_protocol_service_ablation,39,36,3,ct_src_dport_ltm|ct_dst_sport_ltm|is_sm_ips_ports,ksf-v4-idsplit::
quantum,svc,12,pauli_xz_r1_full__as0.5__svc__d12,pauli_xz_r1_full__as0.5,id_test,fixed_c1,1.0,,0.007999420166015625,0.912,0.9058441558441559,0.909688013136289,0.9241379310344827,0.9572077922077922,0.9490528433929912,port_protocol_service_ablation,39,36,3,ct_src_dport_ltm|ct_dst_sport_ltm|is_sm_ips_ports,ksf-v4-idsplit::
quantum,svc,12,pauli_xz_r1_full__as0.5__svc__d12,pauli_xz_r1_full__as0.5,ood_test,fixed_c1,1.0,,0.007999420166015625,0.924,0.9312501017732979,0.9236469434665895,0.9184549356223176,0.9740274543648533,0.950939877570299,port_protocol_service_ablation,39,36,3,ct_src_dport_ltm|ct_dst_sport_ltm|is_sm_ips_ports,ksf-v4-idsplit::
quantum,svc,12,pauli_xz_r1_full__as0.5__svc__d12,pauli_xz_r1_full__as0.5,id_val,train_cv,1.0,0.8925409540954096,0.0059964656829833984,0.88,0.8733766233766234,0.8768472906403941,0.896551724137931,0.9352597402597402,0.9104710541269003,port_protocol_service_ablation,39,36,3,ct_src_dport_ltm|ct_dst_sport_ltm|is_sm_ips_ports,ksf-v4-idsplit::
quantum,svc,12,pauli_xz_r1_full__as0.5__svc__d12,pauli_xz_r1_full__as0.5,id_test,train_cv,1.0,0.8925409540954096,0.0059964656829833984,0.912,0.9058441558441559,0.909688013136289,0.9241379310344827,0.9572077922077922,0.9490528433929912,port_protocol_service_ablation,39,36,3,ct_src_dport_ltm|ct_dst_sport_ltm|is_sm_ips_ports,ksf-v4-idsplit::
quantum,svc,12,pauli_xz_r1_full__as0.5__svc__d12,pauli_xz_r1_full__as0.5,ood_test,train_cv,1.0,0.8925409540954096,0.0059964656829833984,0.924,0.9312501017732979,0.9236469434665895,0.9184549356223176,0.9740274543648533,0.950939877570299,port_protocol_service_ablation,39,36,3,ct_src_dport_ltm|ct_dst_sport_ltm|is_sm_ips_ports,ksf-v4-idsplit::
quantum,svc,12,zmap_r2__as0.5__svc__d12,zmap_r2__as0.5,id_val,fixed_c1,1.0,,0.006998300552368164,0.884,0.877922077922078,0.8811066104724578,0.8996539792387543,0.932922077922078,0.9158131777344218,port_protocol_service_ablation,39,36,3,ct_src_dport_ltm|ct_dst_sport_ltm|is_sm_ips_ports,ksf-v4-idsplit::
quantum,svc,12,zmap_r2__as0.5__svc__d12,zmap_r2__as0.5,id_test,fixed_c1,1.0,,0.006998300552368164,0.908,0.9022727272727272,0.905705242788501,0.9204152249134948,0.9553246753246754,0.9491389311772672,port_protocol_service_ablation,39,36,3,ct_src_dport_ltm|ct_dst_sport_ltm|is_sm_ips_ports,ksf-v4-idsplit::
quantum,svc,12,zmap_r2__as0.5__svc__d12,zmap_r2__as0.5,ood_test,fixed_c1,1.0,,0.006998300552368164,0.94,0.9448470143785315,0.93953173374613,0.9342105263157895,0.9777564280014981,0.9595716136946684,port_protocol_service_ablation,39,36,3,ct_src_dport_ltm|ct_dst_sport_ltm|is_sm_ips_ports,ksf-v4-idsplit::
quantum,svc,12,zmap_r2__as0.5__svc__d12,zmap_r2__as0.5,id_val,train_cv,1.0,0.8875003500350035,0.0065364837646484375,0.884,0.877922077922078,0.8811066104724578,0.8996539792387543,0.932922077922078,0.9158131777344218,port_protocol_service_ablation,39,36,3,ct_src_dport_ltm|ct_dst_sport_ltm|is_sm_ips_ports,ksf-v4-idsplit::
quantum,svc,12,zmap_r2__as0.5__svc__d12,zmap_r2__as0.5,id_test,train_cv,1.0,0.8875003500350035,0.0065364837646484375,0.908,0.9022727272727272,0.905705242788501,0.9204152249134948,0.9553246753246754,0.9491389311772672,port_protocol_service_ablation,39,36,3,ct_src_dport_ltm|ct_dst_sport_ltm|is_sm_ips_ports,ksf-v4-idsplit::
quantum,svc,12,zmap_r2__as0.5__svc__d12,zmap_r2__as0.5,ood_test,train_cv,1.0,0.8875003500350035,0.0065364837646484375,0.94,0.9448470143785315,0.93953173374613,0.9342105263157895,0.9777564280014981,0.9595716136946684,port_protocol_service_ablation,39,36,3,ct_src_dport_ltm|ct_dst_sport_ltm|is_sm_ips_ports,ksf-v4-idsplit::
quantum,svc,12,zz_r1_full__svc__d12,zz_r1_full,id_val,fixed_c1,1.0,,0.013241767883300781,0.848,0.8496753246753247,0.8468137254901962,0.8602941176470589,0.9403896103896103,0.9517423188378513,port_protocol_service_ablation,39,36,3,ct_src_dport_ltm|ct_dst_sport_ltm|is_sm_ips_ports,ksf-v4-idsplit::
quantum,svc,12,zz_r1_full__svc__d12,zz_r1_full,id_test,fixed_c1,1.0,,0.013241767883300781,0.876,0.8795454545454545,0.8752796150565667,0.8847583643122676,0.962922077922078,0.9729599723609408,port_protocol_service_ablation,39,36,3,ct_src_dport_ltm|ct_dst_sport_ltm|is_sm_ips_ports,ksf-v4-idsplit::
quantum,svc,12,zz_r1_full__svc__d12,zz_r1_full,ood_test,fixed_c1,1.0,,0.013241767883300781,0.788,0.764895539886991,0.7705190599075149,0.7071823204419889,0.9499275374118643,0.9294595206998569,port_protocol_service_ablation,39,36,3,ct_src_dport_ltm|ct_dst_sport_ltm|is_sm_ips_ports,ksf-v4-idsplit::
quantum,svc,12,zz_r1_full__svc__d12,zz_r1_full,id_val,train_cv,100.0,0.8305766576657664,0.012000322341918945,0.86,0.8613636363636363,0.85880492488422,0.8717948717948718,0.9298051948051947,0.9303181828583031,port_protocol_service_ablation,39,36,3,ct_src_dport_ltm|ct_dst_sport_ltm|is_sm_ips_ports,ksf-v4-idsplit::
quantum,svc,12,zz_r1_full__svc__d12,zz_r1_full,id_test,train_cv,100.0,0.8305766576657664,0.012000322341918945,0.896,0.9003246753246754,0.8954580545548122,0.9029850746268657,0.9672727272727273,0.9769214849341966,port_protocol_service_ablation,39,36,3,ct_src_dport_ltm|ct_dst_sport_ltm|is_sm_ips_ports,ksf-v4-idsplit::
quantum,svc,12,zz_r1_full__svc__d12,zz_r1_full,ood_test,train_cv,100.0,0.8305766576657664,0.012000322341918945,0.788,0.7654329029001319,0.7710622710622711,0.7087912087912088,0.9456937682174203,0.9235406444816825,port_protocol_service_ablation,39,36,3,ct_src_dport_ltm|ct_dst_sport_ltm|is_sm_ips_ports,ksf-v4-idsplit::
quantum,svc,12,zz_r2_full__svc__d12,zz_r2_full,id_val,fixed_c1,1.0,,0.012598752975463867,0.8,0.8165584415584416,0.7996794871794872,0.7916666666666666,0.9211688311688312,0.9439268312421308,port_protocol_service_ablation,39,36,3,ct_src_dport_ltm|ct_dst_sport_ltm|is_sm_ips_ports,ksf-v4-idsplit::
quantum,svc,12,zz_r2_full__svc__d12,zz_r2_full,id_test,fixed_c1,1.0,,0.012598752975463867,0.832,0.85,0.8316120341266278,0.8235294117647058,0.9516233766233766,0.9670590884261387,port_protocol_service_ablation,39,36,3,ct_src_dport_ltm|ct_dst_sport_ltm|is_sm_ips_ports,ksf-v4-idsplit::
quantum,svc,12,zz_r2_full__svc__d12,zz_r2_full,ood_test,fixed_c1,1.0,,0.012598752975463867,0.782,0.749922652293563,0.7531244479273778,0.668693009118541,0.945270391297976,0.9284381830541781,port_protocol_service_ablation,39,36,3,ct_src_dport_ltm|ct_dst_sport_ltm|is_sm_ips_ports,ksf-v4-idsplit::
quantum,svc,12,zz_r2_full__svc__d12,zz_r2_full,id_val,train_cv,1.0,0.7987642764276428,0.012084007263183594,0.8,0.8165584415584416,0.7996794871794872,0.7916666666666666,0.9211688311688312,0.9439268312421308,port_protocol_service_ablation,39,36,3,ct_src_dport_ltm|ct_dst_sport_ltm|is_sm_ips_ports,ksf-v4-idsplit::
quantum,svc,12,zz_r2_full__svc__d12,zz_r2_full,id_test,train_cv,1.0,0.7987642764276428,0.012084007263183594,0.832,0.85,0.8316120341266278,0.8235294117647058,0.9516233766233766,0.9670590884261387,port_protocol_service_ablation,39,36,3,ct_src_dport_ltm|ct_dst_sport_ltm|is_sm_ips_ports,ksf-v4-idsplit::
quantum,svc,12,zz_r2_full__svc__d12,zz_r2_full,ood_test,train_cv,1.0,0.7987642764276428,0.012084007263183594,0.782,0.749922652293563,0.7531244479273778,0.668693009118541,0.945270391297976,0.9284381830541781,port_protocol_service_ablation,39,36,3,ct_src_dport_ltm|ct_dst_sport_ltm|is_sm_ips_ports,ksf-v4-idsplit::
quantum,svc,12,pauli_xz_r1_full__svc__d12,pauli_xz_r1_full,id_val,fixed_c1,1.0,,0.008005142211914062,0.88,0.8743506493506493,0.8771619496855346,0.8958333333333334,0.9445454545454546,0.955910225162782,port_protocol_service_ablation,39,36,3,ct_src_dport_ltm|ct_dst_sport_ltm|is_sm_ips_ports,ksf-v4-idsplit::
quantum,svc,12,pauli_xz_r1_full__svc__d12,pauli_xz_r1_full,id_test,fixed_c1,1.0,,0.008005142211914062,0.92,0.9149350649350649,0.9181079664570231,0.9305555555555556,0.9537012987012987,0.9425751809336849,port_protocol_service_ablation,39,36,3,ct_src_dport_ltm|ct_dst_sport_ltm|is_sm_ips_ports,ksf-v4-idsplit::
quantum,svc,12,pauli_xz_r1_full__svc__d12,pauli_xz_r1_full,ood_test,fixed_c1,1.0,,0.008005142211914062,0.938,0.9414681408868117,0.9373987778625923,0.9312638580931264,0.9802478383351517,0.9647948931512071,port_protocol_service_ablation,39,36,3,ct_src_dport_ltm|ct_dst_sport_ltm|is_sm_ips_ports,ksf-v4-idsplit::
quantum,svc,12,pauli_xz_r1_full__svc__d12,pauli_xz_r1_full,id_val,train_cv,1.0,0.8844803480348036,0.008784055709838867,0.88,0.8743506493506493,0.8771619496855346,0.8958333333333334,0.9445454545454546,0.955910225162782,port_protocol_service_ablation,39,36,3,ct_src_dport_ltm|ct_dst_sport_ltm|is_sm_ips_ports,ksf-v4-idsplit::
quantum,svc,12,pauli_xz_r1_full__svc__d12,pauli_xz_r1_full,id_test,train_cv,1.0,0.8844803480348036,0.008784055709838867,0.92,0.9149350649350649,0.9181079664570231,0.9305555555555556,0.9537012987012987,0.9425751809336849,port_protocol_service_ablation,39,36,3,ct_src_dport_ltm|ct_dst_sport_ltm|is_sm_ips_ports,ksf-v4-idsplit::
quantum,svc,12,pauli_xz_r1_full__svc__d12,pauli_xz_r1_full,ood_test,train_cv,1.0,0.8844803480348036,0.008784055709838867,0.938,0.9414681408868117,0.9373987778625923,0.9312638580931264,0.9802478383351517,0.9647948931512071,port_protocol_service_ablation,39,36,3,ct_src_dport_ltm|ct_dst_sport_ltm|is_sm_ips_ports,ksf-v4-idsplit::
quantum,svc,12,zmap_r2__svc__d12,zmap_r2,id_val,fixed_c1,1.0,,0.010049581527709961,0.884,0.8788961038961038,0.8814022345454844,0.8989547038327527,0.9427922077922077,0.9421515112803508,port_protocol_service_ablation,39,36,3,ct_src_dport_ltm|ct_dst_sport_ltm|is_sm_ips_ports,ksf-v4-idsplit::
quantum,svc,12,zmap_r2__svc__d12,zmap_r2,id_test,fixed_c1,1.0,,0.010049581527709961,0.916,0.9113636363636364,0.9141188594984542,0.926829268292683,0.9542207792207792,0.9353235589047331,port_protocol_service_ablation,39,36,3,ct_src_dport_ltm|ct_dst_sport_ltm|is_sm_ips_ports,ksf-v4-idsplit::
quantum,svc,12,zmap_r2__svc__d12,zmap_r2,ood_test,fixed_c1,1.0,,0.010049581527709961,0.93,0.9333262770513426,0.9293212008126042,0.9223946784922394,0.9810457409910276,0.9649251039986309,port_protocol_service_ablation,39,36,3,ct_src_dport_ltm|ct_dst_sport_ltm|is_sm_ips_ports,ksf-v4-idsplit::
quantum,svc,12,zmap_r2__svc__d12,zmap_r2,id_val,train_cv,1.0,0.8883908390839084,0.0073206424713134766,0.884,0.8788961038961038,0.8814022345454844,0.8989547038327527,0.9427922077922077,0.9421515112803508,port_protocol_service_ablation,39,36,3,ct_src_dport_ltm|ct_dst_sport_ltm|is_sm_ips_ports,ksf-v4-idsplit::
quantum,svc,12,zmap_r2__svc__d12,zmap_r2,id_test,train_cv,1.0,0.8883908390839084,0.0073206424713134766,0.916,0.9113636363636364,0.9141188594984542,0.926829268292683,0.9542207792207792,0.9353235589047331,port_protocol_service_ablation,39,36,3,ct_src_dport_ltm|ct_dst_sport_ltm|is_sm_ips_ports,ksf-v4-idsplit::
quantum,svc,12,zmap_r2__svc__d12,zmap_r2,ood_test,train_cv,1.0,0.8883908390839084,0.0073206424713134766,0.93,0.9333262770513426,0.9293212008126042,0.9223946784922394,0.9810457409910276,0.9649251039986309,port_protocol_service_ablation,39,36,3,ct_src_dport_ltm|ct_dst_sport_ltm|is_sm_ips_ports,ksf-v4-idsplit::
quantum,svc,12,zz_r1_full__as2__svc__d12,zz_r1_full__as2,id_val,fixed_c1,1.0,,0.011617422103881836,0.812,0.8224025974025975,0.8119729241010705,0.8142292490118577,0.9384415584415584,0.9492542822042773,port_protocol_service_ablation,39,36,3,ct_src_dport_ltm|ct_dst_sport_ltm|is_sm_ips_ports,ksf-v4-idsplit::
quantum,svc,12,zz_r1_full__as2__svc__d12,zz_r1_full__as2,id_test,fixed_c1,1.0,,0.011617422103881836,0.848,0.8603896103896104,0.848,0.848,0.9629870129870131,0.9723814628376581,port_protocol_service_ablation,39,36,3,ct_src_dport_ltm|ct_dst_sport_ltm|is_sm_ips_ports,ksf-v4-idsplit::
quantum,svc,12,zz_r1_full__as2__svc__d12,zz_r1_full__as2,ood_test,fixed_c1,1.0,,0.011617422103881836,0.77,0.740934034619205,0.7441248848561981,0.6627565982404692,0.9435117487095145,0.9197716673810958,port_protocol_service_ablation,39,36,3,ct_src_dport_ltm|ct_dst_sport_ltm|is_sm_ips_ports,ksf-v4-idsplit::
quantum,svc,12,zz_r1_full__as2__svc__d12,zz_r1_full__as2,id_val,train_cv,100.0,0.815084908490849,0.011957645416259766,0.816,0.825,0.8158939549180328,0.8203125,0.9318181818181819,0.9307823321943514,port_protocol_service_ablation,39,36,3,ct_src_dport_ltm|ct_dst_sport_ltm|is_sm_ips_ports,ksf-v4-idsplit::
quantum,svc,12,zz_r1_full__as2__svc__d12,zz_r1_full__as2,id_test,train_cv,100.0,0.815084908490849,0.011957645416259766,0.868,0.8782467532467533,0.8679471788715487,0.8705882352941177,0.967922077922078,0.9759330484625177,port_protocol_service_ablation,39,36,3,ct_src_dport_ltm|ct_dst_sport_ltm|is_sm_ips_ports,ksf-v4-idsplit::
quantum,svc,12,zz_r1_full__as2__svc__d12,zz_r1_full__as2,ood_test,train_cv,100.0,0.815084908490849,0.011957645416259766,0.768,0.7386298871537672,0.7415329768270944,0.6588235294117647,0.9411994593802414,0.9173559881550308,port_protocol_service_ablation,39,36,3,ct_src_dport_ltm|ct_dst_sport_ltm|is_sm_ips_ports,ksf-v4-idsplit::
quantum,svc,12,zz_r2_full__as2__svc__d12,zz_r2_full__as2,id_val,fixed_c1,1.0,,0.014955282211303711,0.784,0.8032467532467533,0.7831116252168884,0.7692307692307693,0.9090259740259741,0.9377633061451938,port_protocol_service_ablation,39,36,3,ct_src_dport_ltm|ct_dst_sport_ltm|is_sm_ips_ports,ksf-v4-idsplit::
quantum,svc,12,zz_r2_full__as2__svc__d12,zz_r2_full__as2,id_test,fixed_c1,1.0,,0.014955282211303711,0.804,0.825,0.8028613270248958,0.7878787878787878,0.9342207792207793,0.9560140537746774,port_protocol_service_ablation,39,36,3,ct_src_dport_ltm|ct_dst_sport_ltm|is_sm_ips_ports,ksf-v4-idsplit::
quantum,svc,12,zz_r2_full__as2__svc__d12,zz_r2_full__as2,ood_test,fixed_c1,1.0,,0.014955282211303711,0.774,0.7401686994186709,0.7416209739746011,0.6501547987616099,0.8950188077054599,0.8799668103737688,port_protocol_service_ablation,39,36,3,ct_src_dport_ltm|ct_dst_sport_ltm|is_sm_ips_ports,ksf-v4-idsplit::
quantum,svc,12,zz_r2_full__as2__svc__d12,zz_r2_full__as2,id_val,train_cv,10.0,0.7916438643864386,0.011225700378417969,0.788,0.8068181818181819,0.7872340425531915,0.774468085106383,0.910064935064935,0.9340964422062759,port_protocol_service_ablation,39,36,3,ct_src_dport_ltm|ct_dst_sport_ltm|is_sm_ips_ports,ksf-v4-idsplit::
quantum,svc,12,zz_r2_full__as2__svc__d12,zz_r2_full__as2,id_test,train_cv,10.0,0.7916438643864386,0.011225700378417969,0.82,0.8392857142857143,0.8193496587715776,0.8085106382978723,0.938051948051948,0.9583719619902691,port_protocol_service_ablation,39,36,3,ct_src_dport_ltm|ct_dst_sport_ltm|is_sm_ips_ports,ksf-v4-idsplit::
quantum,svc,12,zz_r2_full__as2__svc__d12,zz_r2_full__as2,ood_test,train_cv,10.0,0.7916438643864386,0.011225700378417969,0.778,0.7447769943495465,0.747008547008547,0.6584615384615384,0.8977544739541775,0.8847149916236283,port_protocol_service_ablation,39,36,3,ct_src_dport_ltm|ct_dst_sport_ltm|is_sm_ips_ports,ksf-v4-idsplit::
quantum,svc,12,pauli_xz_r1_full__as2__svc__d12,pauli_xz_r1_full__as2,id_val,fixed_c1,1.0,,0.010012388229370117,0.884,0.8818181818181818,0.882188530850355,0.896797153024911,0.9495454545454547,0.9644199960531243,port_protocol_service_ablation,39,36,3,ct_src_dport_ltm|ct_dst_sport_ltm|is_sm_ips_ports,ksf-v4-idsplit::
quantum,svc,12,pauli_xz_r1_full__as2__svc__d12,pauli_xz_r1_full__as2,id_test,fixed_c1,1.0,,0.010012388229370117,0.912,0.9097402597402597,0.9105341922050882,0.9219858156028369,0.9565584415584416,0.9646443631228832,port_protocol_service_ablation,39,36,3,ct_src_dport_ltm|ct_dst_sport_ltm|is_sm_ips_ports,ksf-v4-idsplit::
quantum,svc,12,pauli_xz_r1_full__as2__svc__d12,pauli_xz_r1_full__as2,ood_test,fixed_c1,1.0,,0.010012388229370117,0.908,0.9052938398658221,0.9061607507139943,0.8930232558139535,0.9750696129357934,0.9464111887522291,port_protocol_service_ablation,39,36,3,ct_src_dport_ltm|ct_dst_sport_ltm|is_sm_ips_ports,ksf-v4-idsplit::
quantum,svc,12,pauli_xz_r1_full__as2__svc__d12,pauli_xz_r1_full__as2,id_val,train_cv,10.0,0.8671090109010902,0.013026237487792969,0.876,0.8766233766233766,0.8747474747474748,0.8872727272727273,0.9224675324675324,0.9415131998026279,port_protocol_service_ablation,39,36,3,ct_src_dport_ltm|ct_dst_sport_ltm|is_sm_ips_ports,ksf-v4-idsplit::
quantum,svc,12,pauli_xz_r1_full__as2__svc__d12,pauli_xz_r1_full__as2,id_test,train_cv,10.0,0.8671090109010902,0.013026237487792969,0.896,0.8964285714285715,0.8948628364389234,0.9057971014492754,0.917077922077922,0.9036662302352483,port_protocol_service_ablation,39,36,3,ct_src_dport_ltm|ct_dst_sport_ltm|is_sm_ips_ports,ksf-v4-idsplit::
quantum,svc,12,pauli_xz_r1_full__as2__svc__d12,pauli_xz_r1_full__as2,ood_test,train_cv,10.0,0.8671090109010902,0.013026237487792969,0.918,0.9157398511667291,0.9164080753876831,0.9048723897911833,0.9741577241862207,0.9598720626327313,port_protocol_service_ablation,39,36,3,ct_src_dport_ltm|ct_dst_sport_ltm|is_sm_ips_ports,ksf-v4-idsplit::
quantum,svc,12,zmap_r2__as2__svc__d12,zmap_r2__as2,id_val,fixed_c1,1.0,,0.00899815559387207,0.86,0.8564935064935064,0.8575173828792888,0.8763250883392226,0.9423376623376624,0.9437866681870992,port_protocol_service_ablation,39,36,3,ct_src_dport_ltm|ct_dst_sport_ltm|is_sm_ips_ports,ksf-v4-idsplit::
quantum,svc,12,zmap_r2__as2__svc__d12,zmap_r2__as2,id_test,fixed_c1,1.0,,0.00899815559387207,0.892,0.8928571428571428,0.8909090909090909,0.9018181818181819,0.9541558441558442,0.948435918812794,port_protocol_service_ablation,39,36,3,ct_src_dport_ltm|ct_dst_sport_ltm|is_sm_ips_ports,ksf-v4-idsplit::
quantum,svc,12,zmap_r2__as2__svc__d12,zmap_r2__as2,ood_test,fixed_c1,1.0,,0.00899815559387207,0.902,0.8956945824038038,0.8992229886759546,0.882494004796163,0.9744345475566267,0.9530266049520681,port_protocol_service_ablation,39,36,3,ct_src_dport_ltm|ct_dst_sport_ltm|is_sm_ips_ports,ksf-v4-idsplit::
quantum,svc,12,zmap_r2__as2__svc__d12,zmap_r2__as2,id_val,train_cv,1.0,0.871079307930793,0.009068489074707031,0.86,0.8564935064935064,0.8575173828792888,0.8763250883392226,0.9423376623376624,0.9437866681870992,port_protocol_service_ablation,39,36,3,ct_src_dport_ltm|ct_dst_sport_ltm|is_sm_ips_ports,ksf-v4-idsplit::
quantum,svc,12,zmap_r2__as2__svc__d12,zmap_r2__as2,id_test,train_cv,1.0,0.871079307930793,0.009068489074707031,0.892,0.8928571428571428,0.8909090909090909,0.9018181818181819,0.9541558441558442,0.948435918812794,port_protocol_service_ablation,39,36,3,ct_src_dport_ltm|ct_dst_sport_ltm|is_sm_ips_ports,ksf-v4-idsplit::
quantum,svc,12,zmap_r2__as2__svc__d12,zmap_r2__as2,ood_test,train_cv,1.0,0.871079307930793,0.009068489074707031,0.902,0.8956945824038038,0.8992229886759546,0.882494004796163,0.9744345475566267,0.9530266049520681,port_protocol_service_ablation,39,36,3,ct_src_dport_ltm|ct_dst_sport_ltm|is_sm_ips_ports,ksf-v4-idsplit::
