n_id,n_val,n_test,pos_rate_val,pos_rate_test,overlap,class_balance_gap
1800,901,899,0.49056603773584906,0.4905450500556173,0,2.0987680231732142e-05
