n_id,n_val,n_test,pos_rate_val,pos_rate_test,overlap,class_balance_gap
1800,901,899,0.5205327413984462,0.5205784204671857,0,4.5679068739534756e-05
