n_id,n_val,n_test,pos_rate_val,pos_rate_test,overlap,class_balance_gap
500,251,249,0.47808764940239046,0.4779116465863454,0,0.00017600281604507328
