n_id,n_val,n_test,pos_rate_val,pos_rate_test,overlap,class_balance_gap
1000,501,499,0.5129740518962076,0.5130260521042084,0,5.200020800077976e-05
