n_id,n_val,n_test,pos_rate_val,pos_rate_test,overlap,class_balance_gap
500,251,249,0.4820717131474104,0.4819277108433735,0,0.0001440023040368832
