n_id,n_val,n_test,pos_rate_val,pos_rate_test,overlap,class_balance_gap
1000,501,499,0.49101796407185627,0.4909819639278557,0,3.600014400056972e-05
