n_id,n_val,n_test,pos_rate_val,pos_rate_test,overlap,class_balance_gap
1800,901,899,0.5083240843507214,0.5083426028921023,0,1.8518541380907472e-05
