n_id,n_val,n_test,pos_rate_val,pos_rate_test,overlap,class_balance_gap
1000,501,499,0.5429141716566867,0.5430861723446894,0,0.00017200068800271584
