n_id,n_val,n_test,pos_rate_val,pos_rate_test,overlap,class_balance_gap
1000,501,499,0.5109780439121756,0.5110220440881763,0,4.4000176000702496e-05
