n_id,n_val,n_test,pos_rate_val,pos_rate_test,overlap,class_balance_gap
500,251,249,0.4900398406374502,0.4899598393574297,0,8.0001280020503e-05
