held_out_dataset,n_cells,spearman_pred_vs_actual
ember,47250,0.28208918428839247
toniot_scanning,47250,0.3957724312735019
unsw_dos,47250,0.22938550317238238
unsw_recon,47250,0.24636948607543455
