n_id,n_val,n_test,pos_rate_val,pos_rate_test,overlap,class_balance_gap
1800,901,899,0.48501664816870144,0.4849833147942158,0,3.333337448563345e-05
