n_id,n_val,n_test,pos_rate_val,pos_rate_test,overlap,class_balance_gap
1800,901,899,0.5061043285238623,0.5061179087875417,0,1.3580263679369153e-05
