model,view,reference,n_settings,wins,mean_delta,median_delta,wilcoxon_p,effect_gt1,effect_gt1_quantum,wilcoxon_p_holm
gpc,ood,classical_orig,18,17,0.039023998968664354,0.039736474605106764,1.52587890625e-05,1,1,4.57763671875e-05
gpc,ood,classical_ext,18,16,0.012527746378067917,0.0110235873965851,7.62939453125e-05,0,0,7.62939453125e-05
gpc,id,classical_orig,18,18,0.06770280854359291,0.0696737297559285,7.62939453125e-06,1,1,3.0517578125e-05
gpc,id,classical_ext,18,17,0.025415590280597176,0.022834763807242475,1.52587890625e-05,0,0,4.57763671875e-05
svc,ood,classical_orig,18,16,0.04389328495706748,0.04859944483291456,0.0001068115234375,1,1,0.000213623046875
svc,ood,classical_ext,18,11,0.0047682961109954645,0.007586118571858147,0.15404510498046875,0,0,0.15404510498046875
svc,id,classical_orig,18,18,0.08503847993448904,0.08646628521151517,7.62939453125e-06,1,1,3.0517578125e-05
svc,id,classical_ext,18,17,0.01874105625633149,0.016650411248443686,5.340576171875e-05,0,0,0.00016021728515625
