model,view,reference,n_settings,wins,mean_delta,median_delta,wilcoxon_p,effect_gt1,effect_gt1_quantum,wilcoxon_p_holm
gpc,ood,classical_orig,18,17,0.039260403315820064,0.0398864431674551,1.52587890625e-05,0,0,4.57763671875e-05
gpc,ood,classical_ext,18,16,0.012411652493032634,0.0110235873965851,0.0001068115234375,0,0,0.0001068115234375
gpc,id,classical_orig,18,18,0.06808864947227418,0.0696737297559285,7.62939453125e-06,0,0,3.0517578125e-05
gpc,id,classical_ext,18,17,0.02553198957693515,0.023882357474284244,1.52587890625e-05,0,0,4.57763671875e-05
svc,ood,classical_orig,18,16,0.042928681051355395,0.04524908037822717,0.0001068115234375,0,0,0.000213623046875
svc,ood,classical_ext,18,12,0.004887845844646484,0.007586118571858147,0.14151763916015625,0,0,0.14151763916015625
svc,id,classical_orig,18,18,0.08529426132074554,0.08716524834371941,7.62939453125e-06,0,0,3.0517578125e-05
svc,id,classical_ext,18,17,0.018533778366706874,0.016650411248443686,5.340576171875e-05,0,0,0.00016021728515625
