n_id,n_val,n_test,pos_rate_val,pos_rate_test,overlap,class_balance_gap
500,251,249,0.47410358565737054,0.4738955823293173,0,0.00020800332805326338
