n_id,n_val,n_test,pos_rate_val,pos_rate_test,overlap,class_balance_gap
500,251,249,0.5258964143426295,0.5261044176706827,0,0.00020800332805326338
