n_id,n_val,n_test,pos_rate_val,pos_rate_test,overlap,class_balance_gap
500,251,249,0.5059760956175299,0.5060240963855421,0,4.800076801225739e-05
