n_id,n_val,n_test,pos_rate_val,pos_rate_test,overlap,class_balance_gap
500,251,249,0.5298804780876494,0.5301204819277109,0,0.000240003840061509
