n_id,n_val,n_test,pos_rate_val,pos_rate_test,overlap,class_balance_gap
1000,501,499,0.4930139720558882,0.49298597194388777,0,2.800011200043695e-05
